dataset_kind,dataset_id,dataset_slug,dataset_name,record_kind,country_code,country_name,disease_id,disease_name_en,disease_name_zh,category,date,year_month,value,cases,weekly_equiv_cases,deaths,incidence_rate_per_100k,incidence_rate_source,mortality_rate,series_code,source_series_code,source_system,source_label,metric_type,reporting_basis,temporal_granularity,unit,geography_key,dimension_key,mapping_relation,comparability,aggregation_policy,availability_status,missing_value_policy,definition_version,case_definition,case_definition_uri,quality_status,is_selected_series,data_layer,projection_policy,coverage_status,loss_risk,selected_series_codes,available_series_count,provenance_note,primary_source_scope,primary_source_label,primary_source_url,primary_source_type,source_scopes,source_labels,source_urls,source_types
country,br-pb,br-pb,"Paraíba, Brazil",public_projection,BR-PB,"Paraíba, Brazil",D021,Dengue,登革热,Viral,2000-01-01,2000-01,0,0,,,0.0,ibge_computed,,,,,,,,,,,,,,,,,,,,,,legacy_fallback,legacy_fallback,,legacy_identity_may_be_lossy,,0,No eligible registered case-count series facts are available for this disease and country; the public curve uses the legacy flat table.,all,All Sources,,web,all,All Sources,,web
country,br-pb,br-pb,"Paraíba, Brazil",public_projection,BR-PB,"Paraíba, Brazil",D035,Leptospirosis,钩端螺旋体病,Bacterial,2000-01-01,2000-01,1,1,,,0.02903748012747454,ibge_computed,,,,,,,,,,,,,,,,,,,,,,legacy_fallback,legacy_fallback,,legacy_identity_may_be_lossy,,0,No eligible registered case-count series facts are available for this disease and country; the public curve uses the legacy flat table.,all,All Sources,,web,all,All Sources,,web
country,br-pb,br-pb,"Paraíba, Brazil",public_projection,BR-PB,"Paraíba, Brazil",D044,Kala-azar,黑热病,Parasitic,2000-01-01,2000-01,3,3,,,0.08711244038242362,ibge_computed,,,,,,,,,,,,,,,,,,,,,,legacy_fallback,legacy_fallback,,legacy_identity_may_be_lossy,,0,No eligible registered case-count series facts are available for this disease and country; the public curve uses the legacy flat table.,all,All Sources,,web,all,All Sources,,web
country,br-pb,br-pb,"Paraíba, Brazil",public_projection,BR-PB,"Paraíba, Brazil",D082,Leishmaniasis,利什曼病,Parasitic,2000-01-01,2000-01,1,1,,,0.02903748012747454,ibge_computed,,,,,,,,,,,,,,,,,,,,,,legacy_fallback,legacy_fallback,,legacy_identity_may_be_lossy,,0,No eligible registered case-count series facts are available for this disease and country; the public curve uses the legacy flat table.,all,All Sources,,web,all,All Sources,,web
country,br-pb,br-pb,"Paraíba, Brazil",public_projection,BR-PB,"Paraíba, Brazil",D084,Chagas disease,恰加斯病,Parasitic,2000-01-01,2000-01,0,0,,,0.0,ibge_computed,,,,,,,,,,,,,,,,,,,,,,legacy_fallback,legacy_fallback,,legacy_identity_may_be_lossy,,0,No eligible registered case-count series facts are available for this disease and country; the public curve uses the legacy flat table.,all,All Sources,,web,all,All Sources,,web
country,br-pb,br-pb,"Paraíba, Brazil",public_projection,BR-PB,"Paraíba, Brazil",D005,AIDS,艾滋病,Viral,2000-02-01,2000-02,0,0,,,0.0,ibge_computed,,SER_BR_AIDS_ADULT_AIDA,,,,,,monthly,,,,,,,,,,,,,,series_registry,representative_series,parity,non_additive_series_not_rolled_up,SER_BR_AIDS_ADULT_AIDA,2,Multiple registered series are not declared safely additive. The compatibility curve uses one representative series; inspect source_series for every retained definition.,all,All Sources,,web,all,All Sources,,web
country,br-pb,br-pb,"Paraíba, Brazil",source_series_observation,BR-PB,"Paraíba, Brazil",D005,AIDS,艾滋病,Viral,2000-02-01,2000-02,0,0,,,,,,SER_BR_AIDS_ADULT_AIDA,SER_BR_AIDS_ADULT_AIDA,SRC_BR_SINAN,AIDS in adults,case_notifications,notification,monthly,count,country:BR-PB:national,all,exact,unknown,non_additive,active,missing_is_unknown,globalid-disease-ontology:2026.09.26.1,SINAN AIDA file family.,,provisional,True,series_registry,representative_series,parity,non_additive_series_not_rolled_up,SER_BR_AIDS_ADULT_AIDA,2,Multiple registered series are not declared safely additive. The compatibility curve uses one representative series; inspect source_series for every retained definition.,all,All Sources,,web,all,All Sources,,web
country,br-pb,br-pb,"Paraíba, Brazil",public_projection,BR-PB,"Paraíba, Brazil",D021,Dengue,登革热,Viral,2000-02-01,2000-02,17,17,,,0.49363716216706716,ibge_computed,,,,,,,,,,,,,,,,,,,,,,legacy_fallback,legacy_fallback,,legacy_identity_may_be_lossy,,0,No eligible registered case-count series facts are available for this disease and country; the public curve uses the legacy flat table.,all,All Sources,,web,all,All Sources,,web
country,br-pb,br-pb,"Paraíba, Brazil",public_projection,BR-PB,"Paraíba, Brazil",D035,Leptospirosis,钩端螺旋体病,Bacterial,2000-02-01,2000-02,0,0,,,0.0,ibge_computed,,,,,,,,,,,,,,,,,,,,,,legacy_fallback,legacy_fallback,,legacy_identity_may_be_lossy,,0,No eligible registered case-count series facts are available for this disease and country; the public curve uses the legacy flat table.,all,All Sources,,web,all,All Sources,,web
country,br-pb,br-pb,"Paraíba, Brazil",public_projection,BR-PB,"Paraíba, Brazil",D044,Kala-azar,黑热病,Parasitic,2000-02-01,2000-02,5,5,,,0.1451874006373727,ibge_computed,,,,,,,,,,,,,,,,,,,,,,legacy_fallback,legacy_fallback,,legacy_identity_may_be_lossy,,0,No eligible registered case-count series facts are available for this disease and country; the public curve uses the legacy flat table.,all,All Sources,,web,all,All Sources,,web
country,br-pb,br-pb,"Paraíba, Brazil",public_projection,BR-PB,"Paraíba, Brazil",D082,Leishmaniasis,利什曼病,Parasitic,2000-02-01,2000-02,1,1,,,0.02903748012747454,ibge_computed,,,,,,,,,,,,,,,,,,,,,,legacy_fallback,legacy_fallback,,legacy_identity_may_be_lossy,,0,No eligible registered case-count series facts are available for this disease and country; the public curve uses the legacy flat table.,all,All Sources,,web,all,All Sources,,web
country,br-pb,br-pb,"Paraíba, Brazil",public_projection,BR-PB,"Paraíba, Brazil",D084,Chagas disease,恰加斯病,Parasitic,2000-02-01,2000-02,3,3,,,0.08711244038242362,ibge_computed,,,,,,,,,,,,,,,,,,,,,,legacy_fallback,legacy_fallback,,legacy_identity_may_be_lossy,,0,No eligible registered case-count series facts are available for this disease and country; the public curve uses the legacy flat table.,all,All Sources,,web,all,All Sources,,web
country,br-pb,br-pb,"Paraíba, Brazil",public_projection,BR-PB,"Paraíba, Brazil",D005,AIDS,艾滋病,Viral,2000-03-01,2000-03,0,0,,,0.0,ibge_computed,,SER_BR_AIDS_ADULT_AIDA,,,,,,monthly,,,,,,,,,,,,,,series_registry,representative_series,parity,non_additive_series_not_rolled_up,SER_BR_AIDS_ADULT_AIDA,2,Multiple registered series are not declared safely additive. The compatibility curve uses one representative series; inspect source_series for every retained definition.,all,All Sources,,web,all,All Sources,,web
country,br-pb,br-pb,"Paraíba, Brazil",source_series_observation,BR-PB,"Paraíba, Brazil",D005,AIDS,艾滋病,Viral,2000-03-01,2000-03,0,0,,,,,,SER_BR_AIDS_ADULT_AIDA,SER_BR_AIDS_ADULT_AIDA,SRC_BR_SINAN,AIDS in adults,case_notifications,notification,monthly,count,country:BR-PB:national,all,exact,unknown,non_additive,active,missing_is_unknown,globalid-disease-ontology:2026.09.26.1,SINAN AIDA file family.,,provisional,True,series_registry,representative_series,parity,non_additive_series_not_rolled_up,SER_BR_AIDS_ADULT_AIDA,2,Multiple registered series are not declared safely additive. The compatibility curve uses one representative series; inspect source_series for every retained definition.,all,All Sources,,web,all,All Sources,,web
country,br-pb,br-pb,"Paraíba, Brazil",public_projection,BR-PB,"Paraíba, Brazil",D021,Dengue,登革热,Viral,2000-03-01,2000-03,8,8,,,0.2322998410197963,ibge_computed,,,,,,,,,,,,,,,,,,,,,,legacy_fallback,legacy_fallback,,legacy_identity_may_be_lossy,,0,No eligible registered case-count series facts are available for this disease and country; the public curve uses the legacy flat table.,all,All Sources,,web,all,All Sources,,web
country,br-pb,br-pb,"Paraíba, Brazil",public_projection,BR-PB,"Paraíba, Brazil",D035,Leptospirosis,钩端螺旋体病,Bacterial,2000-03-01,2000-03,0,0,,,0.0,ibge_computed,,,,,,,,,,,,,,,,,,,,,,legacy_fallback,legacy_fallback,,legacy_identity_may_be_lossy,,0,No eligible registered case-count series facts are available for this disease and country; the public curve uses the legacy flat table.,all,All Sources,,web,all,All Sources,,web
country,br-pb,br-pb,"Paraíba, Brazil",public_projection,BR-PB,"Paraíba, Brazil",D044,Kala-azar,黑热病,Parasitic,2000-03-01,2000-03,7,7,,,0.20326236089232175,ibge_computed,,,,,,,,,,,,,,,,,,,,,,legacy_fallback,legacy_fallback,,legacy_identity_may_be_lossy,,0,No eligible registered case-count series facts are available for this disease and country; the public curve uses the legacy flat table.,all,All Sources,,web,all,All Sources,,web
country,br-pb,br-pb,"Paraíba, Brazil",public_projection,BR-PB,"Paraíba, Brazil",D082,Leishmaniasis,利什曼病,Parasitic,2000-03-01,2000-03,1,1,,,0.02903748012747454,ibge_computed,,,,,,,,,,,,,,,,,,,,,,legacy_fallback,legacy_fallback,,legacy_identity_may_be_lossy,,0,No eligible registered case-count series facts are available for this disease and country; the public curve uses the legacy flat table.,all,All Sources,,web,all,All Sources,,web
country,br-pb,br-pb,"Paraíba, Brazil",public_projection,BR-PB,"Paraíba, Brazil",D084,Chagas disease,恰加斯病,Parasitic,2000-03-01,2000-03,1,1,,,0.02903748012747454,ibge_computed,,,,,,,,,,,,,,,,,,,,,,legacy_fallback,legacy_fallback,,legacy_identity_may_be_lossy,,0,No eligible registered case-count series facts are available for this disease and country; the public curve uses the legacy flat table.,all,All Sources,,web,all,All Sources,,web
country,br-pb,br-pb,"Paraíba, Brazil",public_projection,BR-PB,"Paraíba, Brazil",D021,Dengue,登革热,Viral,2000-04-01,2000-04,2,2,,,0.05807496025494908,ibge_computed,,,,,,,,,,,,,,,,,,,,,,legacy_fallback,legacy_fallback,,legacy_identity_may_be_lossy,,0,No eligible registered case-count series facts are available for this disease and country; the public curve uses the legacy flat table.,all,All Sources,,web,all,All Sources,,web
country,br-pb,br-pb,"Paraíba, Brazil",public_projection,BR-PB,"Paraíba, Brazil",D035,Leptospirosis,钩端螺旋体病,Bacterial,2000-04-01,2000-04,3,3,,,0.08711244038242362,ibge_computed,,,,,,,,,,,,,,,,,,,,,,legacy_fallback,legacy_fallback,,legacy_identity_may_be_lossy,,0,No eligible registered case-count series facts are available for this disease and country; the public curve uses the legacy flat table.,all,All Sources,,web,all,All Sources,,web
country,br-pb,br-pb,"Paraíba, Brazil",public_projection,BR-PB,"Paraíba, Brazil",D044,Kala-azar,黑热病,Parasitic,2000-04-01,2000-04,10,10,,,0.2903748012747454,ibge_computed,,,,,,,,,,,,,,,,,,,,,,legacy_fallback,legacy_fallback,,legacy_identity_may_be_lossy,,0,No eligible registered case-count series facts are available for this disease and country; the public curve uses the legacy flat table.,all,All Sources,,web,all,All Sources,,web
country,br-pb,br-pb,"Paraíba, Brazil",public_projection,BR-PB,"Paraíba, Brazil",D082,Leishmaniasis,利什曼病,Parasitic,2000-04-01,2000-04,0,0,,,0.0,ibge_computed,,,,,,,,,,,,,,,,,,,,,,legacy_fallback,legacy_fallback,,legacy_identity_may_be_lossy,,0,No eligible registered case-count series facts are available for this disease and country; the public curve uses the legacy flat table.,all,All Sources,,web,all,All Sources,,web
country,br-pb,br-pb,"Paraíba, Brazil",public_projection,BR-PB,"Paraíba, Brazil",D084,Chagas disease,恰加斯病,Parasitic,2000-04-01,2000-04,4,4,,,0.11614992050989816,ibge_computed,,,,,,,,,,,,,,,,,,,,,,legacy_fallback,legacy_fallback,,legacy_identity_may_be_lossy,,0,No eligible registered case-count series facts are available for this disease and country; the public curve uses the legacy flat table.,all,All Sources,,web,all,All Sources,,web
country,br-pb,br-pb,"Paraíba, Brazil",public_projection,BR-PB,"Paraíba, Brazil",D021,Dengue,登革热,Viral,2000-05-01,2000-05,0,0,,,0.0,ibge_computed,,,,,,,,,,,,,,,,,,,,,,legacy_fallback,legacy_fallback,,legacy_identity_may_be_lossy,,0,No eligible registered case-count series facts are available for this disease and country; the public curve uses the legacy flat table.,all,All Sources,,web,all,All Sources,,web
country,br-pb,br-pb,"Paraíba, Brazil",public_projection,BR-PB,"Paraíba, Brazil",D035,Leptospirosis,钩端螺旋体病,Bacterial,2000-05-01,2000-05,1,1,,,0.02903748012747454,ibge_computed,,,,,,,,,,,,,,,,,,,,,,legacy_fallback,legacy_fallback,,legacy_identity_may_be_lossy,,0,No eligible registered case-count series facts are available for this disease and country; the public curve uses the legacy flat table.,all,All Sources,,web,all,All Sources,,web
country,br-pb,br-pb,"Paraíba, Brazil",public_projection,BR-PB,"Paraíba, Brazil",D044,Kala-azar,黑热病,Parasitic,2000-05-01,2000-05,9,9,,,0.2613373211472709,ibge_computed,,,,,,,,,,,,,,,,,,,,,,legacy_fallback,legacy_fallback,,legacy_identity_may_be_lossy,,0,No eligible registered case-count series facts are available for this disease and country; the public curve uses the legacy flat table.,all,All Sources,,web,all,All Sources,,web
country,br-pb,br-pb,"Paraíba, Brazil",public_projection,BR-PB,"Paraíba, Brazil",D082,Leishmaniasis,利什曼病,Parasitic,2000-05-01,2000-05,0,0,,,0.0,ibge_computed,,,,,,,,,,,,,,,,,,,,,,legacy_fallback,legacy_fallback,,legacy_identity_may_be_lossy,,0,No eligible registered case-count series facts are available for this disease and country; the public curve uses the legacy flat table.,all,All Sources,,web,all,All Sources,,web
country,br-pb,br-pb,"Paraíba, Brazil",public_projection,BR-PB,"Paraíba, Brazil",D084,Chagas disease,恰加斯病,Parasitic,2000-05-01,2000-05,2,2,,,0.05807496025494908,ibge_computed,,,,,,,,,,,,,,,,,,,,,,legacy_fallback,legacy_fallback,,legacy_identity_may_be_lossy,,0,No eligible registered case-count series facts are available for this disease and country; the public curve uses the legacy flat table.,all,All Sources,,web,all,All Sources,,web
country,br-pb,br-pb,"Paraíba, Brazil",public_projection,BR-PB,"Paraíba, Brazil",D005,AIDS,艾滋病,Viral,2000-06-01,2000-06,0,0,,,0.0,ibge_computed,,SER_BR_AIDS_ADULT_AIDA,,,,,,monthly,,,,,,,,,,,,,,series_registry,representative_series,parity,non_additive_series_not_rolled_up,SER_BR_AIDS_ADULT_AIDA,2,Multiple registered series are not declared safely additive. The compatibility curve uses one representative series; inspect source_series for every retained definition.,all,All Sources,,web,all,All Sources,,web
country,br-pb,br-pb,"Paraíba, Brazil",source_series_observation,BR-PB,"Paraíba, Brazil",D005,AIDS,艾滋病,Viral,2000-06-01,2000-06,0,0,,,,,,SER_BR_AIDS_ADULT_AIDA,SER_BR_AIDS_ADULT_AIDA,SRC_BR_SINAN,AIDS in adults,case_notifications,notification,monthly,count,country:BR-PB:national,all,exact,unknown,non_additive,active,missing_is_unknown,globalid-disease-ontology:2026.09.26.1,SINAN AIDA file family.,,provisional,True,series_registry,representative_series,parity,non_additive_series_not_rolled_up,SER_BR_AIDS_ADULT_AIDA,2,Multiple registered series are not declared safely additive. The compatibility curve uses one representative series; inspect source_series for every retained definition.,all,All Sources,,web,all,All Sources,,web
country,br-pb,br-pb,"Paraíba, Brazil",public_projection,BR-PB,"Paraíba, Brazil",D021,Dengue,登革热,Viral,2000-06-01,2000-06,1,1,,,0.02903748012747454,ibge_computed,,,,,,,,,,,,,,,,,,,,,,legacy_fallback,legacy_fallback,,legacy_identity_may_be_lossy,,0,No eligible registered case-count series facts are available for this disease and country; the public curve uses the legacy flat table.,all,All Sources,,web,all,All Sources,,web
country,br-pb,br-pb,"Paraíba, Brazil",public_projection,BR-PB,"Paraíba, Brazil",D035,Leptospirosis,钩端螺旋体病,Bacterial,2000-06-01,2000-06,4,4,,,0.11614992050989816,ibge_computed,,,,,,,,,,,,,,,,,,,,,,legacy_fallback,legacy_fallback,,legacy_identity_may_be_lossy,,0,No eligible registered case-count series facts are available for this disease and country; the public curve uses the legacy flat table.,all,All Sources,,web,all,All Sources,,web
country,br-pb,br-pb,"Paraíba, Brazil",public_projection,BR-PB,"Paraíba, Brazil",D044,Kala-azar,黑热病,Parasitic,2000-06-01,2000-06,6,6,,,0.17422488076484724,ibge_computed,,,,,,,,,,,,,,,,,,,,,,legacy_fallback,legacy_fallback,,legacy_identity_may_be_lossy,,0,No eligible registered case-count series facts are available for this disease and country; the public curve uses the legacy flat table.,all,All Sources,,web,all,All Sources,,web
country,br-pb,br-pb,"Paraíba, Brazil",public_projection,BR-PB,"Paraíba, Brazil",D082,Leishmaniasis,利什曼病,Parasitic,2000-06-01,2000-06,0,0,,,0.0,ibge_computed,,,,,,,,,,,,,,,,,,,,,,legacy_fallback,legacy_fallback,,legacy_identity_may_be_lossy,,0,No eligible registered case-count series facts are available for this disease and country; the public curve uses the legacy flat table.,all,All Sources,,web,all,All Sources,,web
country,br-pb,br-pb,"Paraíba, Brazil",public_projection,BR-PB,"Paraíba, Brazil",D084,Chagas disease,恰加斯病,Parasitic,2000-06-01,2000-06,3,3,,,0.08711244038242362,ibge_computed,,,,,,,,,,,,,,,,,,,,,,legacy_fallback,legacy_fallback,,legacy_identity_may_be_lossy,,0,No eligible registered case-count series facts are available for this disease and country; the public curve uses the legacy flat table.,all,All Sources,,web,all,All Sources,,web
country,br-pb,br-pb,"Paraíba, Brazil",public_projection,BR-PB,"Paraíba, Brazil",D005,AIDS,艾滋病,Viral,2000-07-01,2000-07,0,0,,,0.0,ibge_computed,,SER_BR_AIDS_ADULT_AIDA,,,,,,monthly,,,,,,,,,,,,,,series_registry,representative_series,parity,non_additive_series_not_rolled_up,SER_BR_AIDS_ADULT_AIDA,2,Multiple registered series are not declared safely additive. The compatibility curve uses one representative series; inspect source_series for every retained definition.,all,All Sources,,web,all,All Sources,,web
country,br-pb,br-pb,"Paraíba, Brazil",source_series_observation,BR-PB,"Paraíba, Brazil",D005,AIDS,艾滋病,Viral,2000-07-01,2000-07,0,0,,,,,,SER_BR_AIDS_ADULT_AIDA,SER_BR_AIDS_ADULT_AIDA,SRC_BR_SINAN,AIDS in adults,case_notifications,notification,monthly,count,country:BR-PB:national,all,exact,unknown,non_additive,active,missing_is_unknown,globalid-disease-ontology:2026.09.26.1,SINAN AIDA file family.,,provisional,True,series_registry,representative_series,parity,non_additive_series_not_rolled_up,SER_BR_AIDS_ADULT_AIDA,2,Multiple registered series are not declared safely additive. The compatibility curve uses one representative series; inspect source_series for every retained definition.,all,All Sources,,web,all,All Sources,,web
country,br-pb,br-pb,"Paraíba, Brazil",public_projection,BR-PB,"Paraíba, Brazil",D021,Dengue,登革热,Viral,2000-07-01,2000-07,2,2,,,0.05807496025494908,ibge_computed,,,,,,,,,,,,,,,,,,,,,,legacy_fallback,legacy_fallback,,legacy_identity_may_be_lossy,,0,No eligible registered case-count series facts are available for this disease and country; the public curve uses the legacy flat table.,all,All Sources,,web,all,All Sources,,web
country,br-pb,br-pb,"Paraíba, Brazil",public_projection,BR-PB,"Paraíba, Brazil",D035,Leptospirosis,钩端螺旋体病,Bacterial,2000-07-01,2000-07,13,13,,,0.377487241657169,ibge_computed,,,,,,,,,,,,,,,,,,,,,,legacy_fallback,legacy_fallback,,legacy_identity_may_be_lossy,,0,No eligible registered case-count series facts are available for this disease and country; the public curve uses the legacy flat table.,all,All Sources,,web,all,All Sources,,web
country,br-pb,br-pb,"Paraíba, Brazil",public_projection,BR-PB,"Paraíba, Brazil",D044,Kala-azar,黑热病,Parasitic,2000-07-01,2000-07,9,9,,,0.2613373211472709,ibge_computed,,,,,,,,,,,,,,,,,,,,,,legacy_fallback,legacy_fallback,,legacy_identity_may_be_lossy,,0,No eligible registered case-count series facts are available for this disease and country; the public curve uses the legacy flat table.,all,All Sources,,web,all,All Sources,,web
country,br-pb,br-pb,"Paraíba, Brazil",public_projection,BR-PB,"Paraíba, Brazil",D082,Leishmaniasis,利什曼病,Parasitic,2000-07-01,2000-07,0,0,,,0.0,ibge_computed,,,,,,,,,,,,,,,,,,,,,,legacy_fallback,legacy_fallback,,legacy_identity_may_be_lossy,,0,No eligible registered case-count series facts are available for this disease and country; the public curve uses the legacy flat table.,all,All Sources,,web,all,All Sources,,web
country,br-pb,br-pb,"Paraíba, Brazil",public_projection,BR-PB,"Paraíba, Brazil",D084,Chagas disease,恰加斯病,Parasitic,2000-07-01,2000-07,8,8,,,0.2322998410197963,ibge_computed,,,,,,,,,,,,,,,,,,,,,,legacy_fallback,legacy_fallback,,legacy_identity_may_be_lossy,,0,No eligible registered case-count series facts are available for this disease and country; the public curve uses the legacy flat table.,all,All Sources,,web,all,All Sources,,web
country,br-pb,br-pb,"Paraíba, Brazil",public_projection,BR-PB,"Paraíba, Brazil",D005,AIDS,艾滋病,Viral,2000-08-01,2000-08,0,0,,,0.0,ibge_computed,,SER_BR_AIDS_ADULT_AIDA,,,,,,monthly,,,,,,,,,,,,,,series_registry,representative_series,parity,non_additive_series_not_rolled_up,SER_BR_AIDS_ADULT_AIDA,2,Multiple registered series are not declared safely additive. The compatibility curve uses one representative series; inspect source_series for every retained definition.,all,All Sources,,web,all,All Sources,,web
country,br-pb,br-pb,"Paraíba, Brazil",source_series_observation,BR-PB,"Paraíba, Brazil",D005,AIDS,艾滋病,Viral,2000-08-01,2000-08,0,0,,,,,,SER_BR_AIDS_ADULT_AIDA,SER_BR_AIDS_ADULT_AIDA,SRC_BR_SINAN,AIDS in adults,case_notifications,notification,monthly,count,country:BR-PB:national,all,exact,unknown,non_additive,active,missing_is_unknown,globalid-disease-ontology:2026.09.26.1,SINAN AIDA file family.,,provisional,True,series_registry,representative_series,parity,non_additive_series_not_rolled_up,SER_BR_AIDS_ADULT_AIDA,2,Multiple registered series are not declared safely additive. The compatibility curve uses one representative series; inspect source_series for every retained definition.,all,All Sources,,web,all,All Sources,,web
country,br-pb,br-pb,"Paraíba, Brazil",public_projection,BR-PB,"Paraíba, Brazil",D021,Dengue,登革热,Viral,2000-08-01,2000-08,3,3,,,0.08711244038242362,ibge_computed,,,,,,,,,,,,,,,,,,,,,,legacy_fallback,legacy_fallback,,legacy_identity_may_be_lossy,,0,No eligible registered case-count series facts are available for this disease and country; the public curve uses the legacy flat table.,all,All Sources,,web,all,All Sources,,web
country,br-pb,br-pb,"Paraíba, Brazil",public_projection,BR-PB,"Paraíba, Brazil",D035,Leptospirosis,钩端螺旋体病,Bacterial,2000-08-01,2000-08,5,5,,,0.1451874006373727,ibge_computed,,,,,,,,,,,,,,,,,,,,,,legacy_fallback,legacy_fallback,,legacy_identity_may_be_lossy,,0,No eligible registered case-count series facts are available for this disease and country; the public curve uses the legacy flat table.,all,All Sources,,web,all,All Sources,,web
country,br-pb,br-pb,"Paraíba, Brazil",public_projection,BR-PB,"Paraíba, Brazil",D044,Kala-azar,黑热病,Parasitic,2000-08-01,2000-08,9,9,,,0.2613373211472709,ibge_computed,,,,,,,,,,,,,,,,,,,,,,legacy_fallback,legacy_fallback,,legacy_identity_may_be_lossy,,0,No eligible registered case-count series facts are available for this disease and country; the public curve uses the legacy flat table.,all,All Sources,,web,all,All Sources,,web
country,br-pb,br-pb,"Paraíba, Brazil",public_projection,BR-PB,"Paraíba, Brazil",D082,Leishmaniasis,利什曼病,Parasitic,2000-08-01,2000-08,2,2,,,0.05807496025494908,ibge_computed,,,,,,,,,,,,,,,,,,,,,,legacy_fallback,legacy_fallback,,legacy_identity_may_be_lossy,,0,No eligible registered case-count series facts are available for this disease and country; the public curve uses the legacy flat table.,all,All Sources,,web,all,All Sources,,web
country,br-pb,br-pb,"Paraíba, Brazil",public_projection,BR-PB,"Paraíba, Brazil",D084,Chagas disease,恰加斯病,Parasitic,2000-08-01,2000-08,14,14,,,0.4065247217846435,ibge_computed,,,,,,,,,,,,,,,,,,,,,,legacy_fallback,legacy_fallback,,legacy_identity_may_be_lossy,,0,No eligible registered case-count series facts are available for this disease and country; the public curve uses the legacy flat table.,all,All Sources,,web,all,All Sources,,web
country,br-pb,br-pb,"Paraíba, Brazil",public_projection,BR-PB,"Paraíba, Brazil",D102,Hantavirus infection,汉坦病毒感染,Viral,2000-08-01,2000-08,0,0,,,0.0,ibge_computed,,,,,,,,,,,,,,,,,,,,,,legacy_fallback,legacy_fallback,,legacy_identity_may_be_lossy,,0,No eligible registered case-count series facts are available for this disease and country; the public curve uses the legacy flat table.,all,All Sources,,web,all,All Sources,,web
country,br-pb,br-pb,"Paraíba, Brazil",public_projection,BR-PB,"Paraíba, Brazil",D021,Dengue,登革热,Viral,2000-09-01,2000-09,1,1,,,0.02903748012747454,ibge_computed,,,,,,,,,,,,,,,,,,,,,,legacy_fallback,legacy_fallback,,legacy_identity_may_be_lossy,,0,No eligible registered case-count series facts are available for this disease and country; the public curve uses the legacy flat table.,all,All Sources,,web,all,All Sources,,web
country,br-pb,br-pb,"Paraíba, Brazil",public_projection,BR-PB,"Paraíba, Brazil",D035,Leptospirosis,钩端螺旋体病,Bacterial,2000-09-01,2000-09,1,1,,,0.02903748012747454,ibge_computed,,,,,,,,,,,,,,,,,,,,,,legacy_fallback,legacy_fallback,,legacy_identity_may_be_lossy,,0,No eligible registered case-count series facts are available for this disease and country; the public curve uses the legacy flat table.,all,All Sources,,web,all,All Sources,,web
country,br-pb,br-pb,"Paraíba, Brazil",public_projection,BR-PB,"Paraíba, Brazil",D044,Kala-azar,黑热病,Parasitic,2000-09-01,2000-09,16,16,,,0.4645996820395926,ibge_computed,,,,,,,,,,,,,,,,,,,,,,legacy_fallback,legacy_fallback,,legacy_identity_may_be_lossy,,0,No eligible registered case-count series facts are available for this disease and country; the public curve uses the legacy flat table.,all,All Sources,,web,all,All Sources,,web
country,br-pb,br-pb,"Paraíba, Brazil",public_projection,BR-PB,"Paraíba, Brazil",D082,Leishmaniasis,利什曼病,Parasitic,2000-09-01,2000-09,5,5,,,0.1451874006373727,ibge_computed,,,,,,,,,,,,,,,,,,,,,,legacy_fallback,legacy_fallback,,legacy_identity_may_be_lossy,,0,No eligible registered case-count series facts are available for this disease and country; the public curve uses the legacy flat table.,all,All Sources,,web,all,All Sources,,web
country,br-pb,br-pb,"Paraíba, Brazil",public_projection,BR-PB,"Paraíba, Brazil",D084,Chagas disease,恰加斯病,Parasitic,2000-09-01,2000-09,11,11,,,0.3194122814022199,ibge_computed,,,,,,,,,,,,,,,,,,,,,,legacy_fallback,legacy_fallback,,legacy_identity_may_be_lossy,,0,No eligible registered case-count series facts are available for this disease and country; the public curve uses the legacy flat table.,all,All Sources,,web,all,All Sources,,web
country,br-pb,br-pb,"Paraíba, Brazil",public_projection,BR-PB,"Paraíba, Brazil",D021,Dengue,登革热,Viral,2000-10-01,2000-10,1,1,,,0.02903748012747454,ibge_computed,,,,,,,,,,,,,,,,,,,,,,legacy_fallback,legacy_fallback,,legacy_identity_may_be_lossy,,0,No eligible registered case-count series facts are available for this disease and country; the public curve uses the legacy flat table.,all,All Sources,,web,all,All Sources,,web
country,br-pb,br-pb,"Paraíba, Brazil",public_projection,BR-PB,"Paraíba, Brazil",D035,Leptospirosis,钩端螺旋体病,Bacterial,2000-10-01,2000-10,4,4,,,0.11614992050989816,ibge_computed,,,,,,,,,,,,,,,,,,,,,,legacy_fallback,legacy_fallback,,legacy_identity_may_be_lossy,,0,No eligible registered case-count series facts are available for this disease and country; the public curve uses the legacy flat table.,all,All Sources,,web,all,All Sources,,web
country,br-pb,br-pb,"Paraíba, Brazil",public_projection,BR-PB,"Paraíba, Brazil",D044,Kala-azar,黑热病,Parasitic,2000-10-01,2000-10,35,35,,,1.0163118044616088,ibge_computed,,,,,,,,,,,,,,,,,,,,,,legacy_fallback,legacy_fallback,,legacy_identity_may_be_lossy,,0,No eligible registered case-count series facts are available for this disease and country; the public curve uses the legacy flat table.,all,All Sources,,web,all,All Sources,,web
country,br-pb,br-pb,"Paraíba, Brazil",public_projection,BR-PB,"Paraíba, Brazil",D082,Leishmaniasis,利什曼病,Parasitic,2000-10-01,2000-10,1,1,,,0.02903748012747454,ibge_computed,,,,,,,,,,,,,,,,,,,,,,legacy_fallback,legacy_fallback,,legacy_identity_may_be_lossy,,0,No eligible registered case-count series facts are available for this disease and country; the public curve uses the legacy flat table.,all,All Sources,,web,all,All Sources,,web
country,br-pb,br-pb,"Paraíba, Brazil",public_projection,BR-PB,"Paraíba, Brazil",D084,Chagas disease,恰加斯病,Parasitic,2000-10-01,2000-10,0,0,,,0.0,ibge_computed,,,,,,,,,,,,,,,,,,,,,,legacy_fallback,legacy_fallback,,legacy_identity_may_be_lossy,,0,No eligible registered case-count series facts are available for this disease and country; the public curve uses the legacy flat table.,all,All Sources,,web,all,All Sources,,web
country,br-pb,br-pb,"Paraíba, Brazil",public_projection,BR-PB,"Paraíba, Brazil",D102,Hantavirus infection,汉坦病毒感染,Viral,2000-10-01,2000-10,0,0,,,0.0,ibge_computed,,,,,,,,,,,,,,,,,,,,,,legacy_fallback,legacy_fallback,,legacy_identity_may_be_lossy,,0,No eligible registered case-count series facts are available for this disease and country; the public curve uses the legacy flat table.,all,All Sources,,web,all,All Sources,,web
country,br-pb,br-pb,"Paraíba, Brazil",public_projection,BR-PB,"Paraíba, Brazil",D021,Dengue,登革热,Viral,2000-11-01,2000-11,1,1,,,0.02903748012747454,ibge_computed,,,,,,,,,,,,,,,,,,,,,,legacy_fallback,legacy_fallback,,legacy_identity_may_be_lossy,,0,No eligible registered case-count series facts are available for this disease and country; the public curve uses the legacy flat table.,all,All Sources,,web,all,All Sources,,web
country,br-pb,br-pb,"Paraíba, Brazil",public_projection,BR-PB,"Paraíba, Brazil",D035,Leptospirosis,钩端螺旋体病,Bacterial,2000-11-01,2000-11,3,3,,,0.08711244038242362,ibge_computed,,,,,,,,,,,,,,,,,,,,,,legacy_fallback,legacy_fallback,,legacy_identity_may_be_lossy,,0,No eligible registered case-count series facts are available for this disease and country; the public curve uses the legacy flat table.,all,All Sources,,web,all,All Sources,,web
country,br-pb,br-pb,"Paraíba, Brazil",public_projection,BR-PB,"Paraíba, Brazil",D044,Kala-azar,黑热病,Parasitic,2000-11-01,2000-11,9,9,,,0.2613373211472709,ibge_computed,,,,,,,,,,,,,,,,,,,,,,legacy_fallback,legacy_fallback,,legacy_identity_may_be_lossy,,0,No eligible registered case-count series facts are available for this disease and country; the public curve uses the legacy flat table.,all,All Sources,,web,all,All Sources,,web
country,br-pb,br-pb,"Paraíba, Brazil",public_projection,BR-PB,"Paraíba, Brazil",D082,Leishmaniasis,利什曼病,Parasitic,2000-11-01,2000-11,1,1,,,0.02903748012747454,ibge_computed,,,,,,,,,,,,,,,,,,,,,,legacy_fallback,legacy_fallback,,legacy_identity_may_be_lossy,,0,No eligible registered case-count series facts are available for this disease and country; the public curve uses the legacy flat table.,all,All Sources,,web,all,All Sources,,web
country,br-pb,br-pb,"Paraíba, Brazil",public_projection,BR-PB,"Paraíba, Brazil",D084,Chagas disease,恰加斯病,Parasitic,2000-11-01,2000-11,2,2,,,0.05807496025494908,ibge_computed,,,,,,,,,,,,,,,,,,,,,,legacy_fallback,legacy_fallback,,legacy_identity_may_be_lossy,,0,No eligible registered case-count series facts are available for this disease and country; the public curve uses the legacy flat table.,all,All Sources,,web,all,All Sources,,web
country,br-pb,br-pb,"Paraíba, Brazil",public_projection,BR-PB,"Paraíba, Brazil",D102,Hantavirus infection,汉坦病毒感染,Viral,2000-11-01,2000-11,0,0,,,0.0,ibge_computed,,,,,,,,,,,,,,,,,,,,,,legacy_fallback,legacy_fallback,,legacy_identity_may_be_lossy,,0,No eligible registered case-count series facts are available for this disease and country; the public curve uses the legacy flat table.,all,All Sources,,web,all,All Sources,,web
country,br-pb,br-pb,"Paraíba, Brazil",public_projection,BR-PB,"Paraíba, Brazil",D005,AIDS,艾滋病,Viral,2000-12-01,2000-12,0,0,,,0.0,ibge_computed,,SER_BR_AIDS_ADULT_AIDA,,,,,,monthly,,,,,,,,,,,,,,series_registry,representative_series,parity,non_additive_series_not_rolled_up,SER_BR_AIDS_ADULT_AIDA,2,Multiple registered series are not declared safely additive. The compatibility curve uses one representative series; inspect source_series for every retained definition.,all,All Sources,,web,all,All Sources,,web
country,br-pb,br-pb,"Paraíba, Brazil",source_series_observation,BR-PB,"Paraíba, Brazil",D005,AIDS,艾滋病,Viral,2000-12-01,2000-12,0,0,,,,,,SER_BR_AIDS_ADULT_AIDA,SER_BR_AIDS_ADULT_AIDA,SRC_BR_SINAN,AIDS in adults,case_notifications,notification,monthly,count,country:BR-PB:national,all,exact,unknown,non_additive,active,missing_is_unknown,globalid-disease-ontology:2026.09.26.1,SINAN AIDA file family.,,provisional,True,series_registry,representative_series,parity,non_additive_series_not_rolled_up,SER_BR_AIDS_ADULT_AIDA,2,Multiple registered series are not declared safely additive. The compatibility curve uses one representative series; inspect source_series for every retained definition.,all,All Sources,,web,all,All Sources,,web
country,br-pb,br-pb,"Paraíba, Brazil",public_projection,BR-PB,"Paraíba, Brazil",D021,Dengue,登革热,Viral,2000-12-01,2000-12,0,0,,,0.0,ibge_computed,,,,,,,,,,,,,,,,,,,,,,legacy_fallback,legacy_fallback,,legacy_identity_may_be_lossy,,0,No eligible registered case-count series facts are available for this disease and country; the public curve uses the legacy flat table.,all,All Sources,,web,all,All Sources,,web
country,br-pb,br-pb,"Paraíba, Brazil",public_projection,BR-PB,"Paraíba, Brazil",D035,Leptospirosis,钩端螺旋体病,Bacterial,2000-12-01,2000-12,1,1,,,0.02903748012747454,ibge_computed,,,,,,,,,,,,,,,,,,,,,,legacy_fallback,legacy_fallback,,legacy_identity_may_be_lossy,,0,No eligible registered case-count series facts are available for this disease and country; the public curve uses the legacy flat table.,all,All Sources,,web,all,All Sources,,web
country,br-pb,br-pb,"Paraíba, Brazil",public_projection,BR-PB,"Paraíba, Brazil",D044,Kala-azar,黑热病,Parasitic,2000-12-01,2000-12,3,3,,,0.08711244038242362,ibge_computed,,,,,,,,,,,,,,,,,,,,,,legacy_fallback,legacy_fallback,,legacy_identity_may_be_lossy,,0,No eligible registered case-count series facts are available for this disease and country; the public curve uses the legacy flat table.,all,All Sources,,web,all,All Sources,,web
country,br-pb,br-pb,"Paraíba, Brazil",public_projection,BR-PB,"Paraíba, Brazil",D082,Leishmaniasis,利什曼病,Parasitic,2000-12-01,2000-12,2,2,,,0.05807496025494908,ibge_computed,,,,,,,,,,,,,,,,,,,,,,legacy_fallback,legacy_fallback,,legacy_identity_may_be_lossy,,0,No eligible registered case-count series facts are available for this disease and country; the public curve uses the legacy flat table.,all,All Sources,,web,all,All Sources,,web
country,br-pb,br-pb,"Paraíba, Brazil",public_projection,BR-PB,"Paraíba, Brazil",D084,Chagas disease,恰加斯病,Parasitic,2000-12-01,2000-12,0,0,,,0.0,ibge_computed,,,,,,,,,,,,,,,,,,,,,,legacy_fallback,legacy_fallback,,legacy_identity_may_be_lossy,,0,No eligible registered case-count series facts are available for this disease and country; the public curve uses the legacy flat table.,all,All Sources,,web,all,All Sources,,web
country,br-pb,br-pb,"Paraíba, Brazil",public_projection,BR-PB,"Paraíba, Brazil",D102,Hantavirus infection,汉坦病毒感染,Viral,2000-12-01,2000-12,0,0,,,0.0,ibge_computed,,,,,,,,,,,,,,,,,,,,,,legacy_fallback,legacy_fallback,,legacy_identity_may_be_lossy,,0,No eligible registered case-count series facts are available for this disease and country; the public curve uses the legacy flat table.,all,All Sources,,web,all,All Sources,,web
country,br-pb,br-pb,"Paraíba, Brazil",public_projection,BR-PB,"Paraíba, Brazil",D021,Dengue,登革热,Viral,2001-01-01,2001-01,26,26,,,0.7495832605372666,ibge_computed,,,,,,,,,,,,,,,,,,,,,,legacy_fallback,legacy_fallback,,legacy_identity_may_be_lossy,,0,No eligible registered case-count series facts are available for this disease and country; the public curve uses the legacy flat table.,all,All Sources,,web,all,All Sources,,web
country,br-pb,br-pb,"Paraíba, Brazil",public_projection,BR-PB,"Paraíba, Brazil",D025,Tuberculosis,肺结核,Bacterial,2001-01-01,2001-01,97,97,,,2.7965221643121105,ibge_computed,,,,,,,,,,,,,,,,,,,,,,legacy_fallback,legacy_fallback,,legacy_identity_may_be_lossy,,0,No eligible registered case-count series facts are available for this disease and country; the public curve uses the legacy flat table.,all,All Sources,,web,all,All Sources,,web
country,br-pb,br-pb,"Paraíba, Brazil",public_projection,BR-PB,"Paraíba, Brazil",D035,Leptospirosis,钩端螺旋体病,Bacterial,2001-01-01,2001-01,2,2,,,0.05766025081055898,ibge_computed,,,,,,,,,,,,,,,,,,,,,,legacy_fallback,legacy_fallback,,legacy_identity_may_be_lossy,,0,No eligible registered case-count series facts are available for this disease and country; the public curve uses the legacy flat table.,all,All Sources,,web,all,All Sources,,web
country,br-pb,br-pb,"Paraíba, Brazil",public_projection,BR-PB,"Paraíba, Brazil",D042,Leprosy,麻风病,Bacterial,2001-01-01,2001-01,55,55,,,1.585656897290372,ibge_computed,,,,,,,,,,,,,,,,,,,,,,legacy_fallback,legacy_fallback,,legacy_identity_may_be_lossy,,0,No eligible registered case-count series facts are available for this disease and country; the public curve uses the legacy flat table.,all,All Sources,,web,all,All Sources,,web
country,br-pb,br-pb,"Paraíba, Brazil",public_projection,BR-PB,"Paraíba, Brazil",D044,Kala-azar,黑热病,Parasitic,2001-01-01,2001-01,17,17,,,0.4901121318897513,ibge_computed,,,,,,,,,,,,,,,,,,,,,,legacy_fallback,legacy_fallback,,legacy_identity_may_be_lossy,,0,No eligible registered case-count series facts are available for this disease and country; the public curve uses the legacy flat table.,all,All Sources,,web,all,All Sources,,web
country,br-pb,br-pb,"Paraíba, Brazil",public_projection,BR-PB,"Paraíba, Brazil",D082,Leishmaniasis,利什曼病,Parasitic,2001-01-01,2001-01,6,6,,,0.17298075243167693,ibge_computed,,,,,,,,,,,,,,,,,,,,,,legacy_fallback,legacy_fallback,,legacy_identity_may_be_lossy,,0,No eligible registered case-count series facts are available for this disease and country; the public curve uses the legacy flat table.,all,All Sources,,web,all,All Sources,,web
country,br-pb,br-pb,"Paraíba, Brazil",public_projection,BR-PB,"Paraíba, Brazil",D084,Chagas disease,恰加斯病,Parasitic,2001-01-01,2001-01,27,27,,,0.7784133859425462,ibge_computed,,,,,,,,,,,,,,,,,,,,,,legacy_fallback,legacy_fallback,,legacy_identity_may_be_lossy,,0,No eligible registered case-count series facts are available for this disease and country; the public curve uses the legacy flat table.,all,All Sources,,web,all,All Sources,,web
country,br-pb,br-pb,"Paraíba, Brazil",public_projection,BR-PB,"Paraíba, Brazil",D102,Hantavirus infection,汉坦病毒感染,Viral,2001-01-01,2001-01,0,0,,,0.0,ibge_computed,,,,,,,,,,,,,,,,,,,,,,legacy_fallback,legacy_fallback,,legacy_identity_may_be_lossy,,0,No eligible registered case-count series facts are available for this disease and country; the public curve uses the legacy flat table.,all,All Sources,,web,all,All Sources,,web
country,br-pb,br-pb,"Paraíba, Brazil",public_projection,BR-PB,"Paraíba, Brazil",D005,AIDS,艾滋病,Viral,2001-02-01,2001-02,0,0,,,0.0,ibge_computed,,SER_BR_AIDS_ADULT_AIDA,,,,,,monthly,,,,,,,,,,,,,,series_registry,representative_series,parity,non_additive_series_not_rolled_up,SER_BR_AIDS_ADULT_AIDA,2,Multiple registered series are not declared safely additive. The compatibility curve uses one representative series; inspect source_series for every retained definition.,all,All Sources,,web,all,All Sources,,web
country,br-pb,br-pb,"Paraíba, Brazil",source_series_observation,BR-PB,"Paraíba, Brazil",D005,AIDS,艾滋病,Viral,2001-02-01,2001-02,0,0,,,,,,SER_BR_AIDS_ADULT_AIDA,SER_BR_AIDS_ADULT_AIDA,SRC_BR_SINAN,AIDS in adults,case_notifications,notification,monthly,count,country:BR-PB:national,all,exact,unknown,non_additive,active,missing_is_unknown,globalid-disease-ontology:2026.09.26.1,SINAN AIDA file family.,,provisional,True,series_registry,representative_series,parity,non_additive_series_not_rolled_up,SER_BR_AIDS_ADULT_AIDA,2,Multiple registered series are not declared safely additive. The compatibility curve uses one representative series; inspect source_series for every retained definition.,all,All Sources,,web,all,All Sources,,web
country,br-pb,br-pb,"Paraíba, Brazil",public_projection,BR-PB,"Paraíba, Brazil",D021,Dengue,登革热,Viral,2001-02-01,2001-02,261,261,,,7.524662730777947,ibge_computed,,,,,,,,,,,,,,,,,,,,,,legacy_fallback,legacy_fallback,,legacy_identity_may_be_lossy,,0,No eligible registered case-count series facts are available for this disease and country; the public curve uses the legacy flat table.,all,All Sources,,web,all,All Sources,,web
country,br-pb,br-pb,"Paraíba, Brazil",public_projection,BR-PB,"Paraíba, Brazil",D025,Tuberculosis,肺结核,Bacterial,2001-02-01,2001-02,82,82,,,2.3640702832329183,ibge_computed,,,,,,,,,,,,,,,,,,,,,,legacy_fallback,legacy_fallback,,legacy_identity_may_be_lossy,,0,No eligible registered case-count series facts are available for this disease and country; the public curve uses the legacy flat table.,all,All Sources,,web,all,All Sources,,web
country,br-pb,br-pb,"Paraíba, Brazil",public_projection,BR-PB,"Paraíba, Brazil",D035,Leptospirosis,钩端螺旋体病,Bacterial,2001-02-01,2001-02,4,4,,,0.11532050162111795,ibge_computed,,,,,,,,,,,,,,,,,,,,,,legacy_fallback,legacy_fallback,,legacy_identity_may_be_lossy,,0,No eligible registered case-count series facts are available for this disease and country; the public curve uses the legacy flat table.,all,All Sources,,web,all,All Sources,,web
country,br-pb,br-pb,"Paraíba, Brazil",public_projection,BR-PB,"Paraíba, Brazil",D042,Leprosy,麻风病,Bacterial,2001-02-01,2001-02,59,59,,,1.7009773989114898,ibge_computed,,,,,,,,,,,,,,,,,,,,,,legacy_fallback,legacy_fallback,,legacy_identity_may_be_lossy,,0,No eligible registered case-count series facts are available for this disease and country; the public curve uses the legacy flat table.,all,All Sources,,web,all,All Sources,,web
country,br-pb,br-pb,"Paraíba, Brazil",public_projection,BR-PB,"Paraíba, Brazil",D044,Kala-azar,黑热病,Parasitic,2001-02-01,2001-02,14,14,,,0.4036217556739128,ibge_computed,,,,,,,,,,,,,,,,,,,,,,legacy_fallback,legacy_fallback,,legacy_identity_may_be_lossy,,0,No eligible registered case-count series facts are available for this disease and country; the public curve uses the legacy flat table.,all,All Sources,,web,all,All Sources,,web
country,br-pb,br-pb,"Paraíba, Brazil",public_projection,BR-PB,"Paraíba, Brazil",D082,Leishmaniasis,利什曼病,Parasitic,2001-02-01,2001-02,8,8,,,0.2306410032422359,ibge_computed,,,,,,,,,,,,,,,,,,,,,,legacy_fallback,legacy_fallback,,legacy_identity_may_be_lossy,,0,No eligible registered case-count series facts are available for this disease and country; the public curve uses the legacy flat table.,all,All Sources,,web,all,All Sources,,web
country,br-pb,br-pb,"Paraíba, Brazil",public_projection,BR-PB,"Paraíba, Brazil",D084,Chagas disease,恰加斯病,Parasitic,2001-02-01,2001-02,10,10,,,0.2883012540527949,ibge_computed,,,,,,,,,,,,,,,,,,,,,,legacy_fallback,legacy_fallback,,legacy_identity_may_be_lossy,,0,No eligible registered case-count series facts are available for this disease and country; the public curve uses the legacy flat table.,all,All Sources,,web,all,All Sources,,web
country,br-pb,br-pb,"Paraíba, Brazil",public_projection,BR-PB,"Paraíba, Brazil",D102,Hantavirus infection,汉坦病毒感染,Viral,2001-02-01,2001-02,0,0,,,0.0,ibge_computed,,,,,,,,,,,,,,,,,,,,,,legacy_fallback,legacy_fallback,,legacy_identity_may_be_lossy,,0,No eligible registered case-count series facts are available for this disease and country; the public curve uses the legacy flat table.,all,All Sources,,web,all,All Sources,,web
country,br-pb,br-pb,"Paraíba, Brazil",public_projection,BR-PB,"Paraíba, Brazil",D021,Dengue,登革热,Viral,2001-03-01,2001-03,598,598,,,17.240414992357135,ibge_computed,,,,,,,,,,,,,,,,,,,,,,legacy_fallback,legacy_fallback,,legacy_identity_may_be_lossy,,0,No eligible registered case-count series facts are available for this disease and country; the public curve uses the legacy flat table.,all,All Sources,,web,all,All Sources,,web
country,br-pb,br-pb,"Paraíba, Brazil",public_projection,BR-PB,"Paraíba, Brazil",D025,Tuberculosis,肺结核,Bacterial,2001-03-01,2001-03,145,145,,,4.180368183765526,ibge_computed,,,,,,,,,,,,,,,,,,,,,,legacy_fallback,legacy_fallback,,legacy_identity_may_be_lossy,,0,No eligible registered case-count series facts are available for this disease and country; the public curve uses the legacy flat table.,all,All Sources,,web,all,All Sources,,web
country,br-pb,br-pb,"Paraíba, Brazil",public_projection,BR-PB,"Paraíba, Brazil",D035,Leptospirosis,钩端螺旋体病,Bacterial,2001-03-01,2001-03,1,1,,,0.02883012540527949,ibge_computed,,,,,,,,,,,,,,,,,,,,,,legacy_fallback,legacy_fallback,,legacy_identity_may_be_lossy,,0,No eligible registered case-count series facts are available for this disease and country; the public curve uses the legacy flat table.,all,All Sources,,web,all,All Sources,,web
country,br-pb,br-pb,"Paraíba, Brazil",public_projection,BR-PB,"Paraíba, Brazil",D042,Leprosy,麻风病,Bacterial,2001-03-01,2001-03,88,88,,,2.537051035664595,ibge_computed,,,,,,,,,,,,,,,,,,,,,,legacy_fallback,legacy_fallback,,legacy_identity_may_be_lossy,,0,No eligible registered case-count series facts are available for this disease and country; the public curve uses the legacy flat table.,all,All Sources,,web,all,All Sources,,web
country,br-pb,br-pb,"Paraíba, Brazil",public_projection,BR-PB,"Paraíba, Brazil",D044,Kala-azar,黑热病,Parasitic,2001-03-01,2001-03,17,17,,,0.4901121318897513,ibge_computed,,,,,,,,,,,,,,,,,,,,,,legacy_fallback,legacy_fallback,,legacy_identity_may_be_lossy,,0,No eligible registered case-count series facts are available for this disease and country; the public curve uses the legacy flat table.,all,All Sources,,web,all,All Sources,,web
country,br-pb,br-pb,"Paraíba, Brazil",public_projection,BR-PB,"Paraíba, Brazil",D082,Leishmaniasis,利什曼病,Parasitic,2001-03-01,2001-03,8,8,,,0.2306410032422359,ibge_computed,,,,,,,,,,,,,,,,,,,,,,legacy_fallback,legacy_fallback,,legacy_identity_may_be_lossy,,0,No eligible registered case-count series facts are available for this disease and country; the public curve uses the legacy flat table.,all,All Sources,,web,all,All Sources,,web
country,br-pb,br-pb,"Paraíba, Brazil",public_projection,BR-PB,"Paraíba, Brazil",D084,Chagas disease,恰加斯病,Parasitic,2001-03-01,2001-03,27,27,,,0.7784133859425462,ibge_computed,,,,,,,,,,,,,,,,,,,,,,legacy_fallback,legacy_fallback,,legacy_identity_may_be_lossy,,0,No eligible registered case-count series facts are available for this disease and country; the public curve uses the legacy flat table.,all,All Sources,,web,all,All Sources,,web
country,br-pb,br-pb,"Paraíba, Brazil",public_projection,BR-PB,"Paraíba, Brazil",D102,Hantavirus infection,汉坦病毒感染,Viral,2001-03-01,2001-03,0,0,,,0.0,ibge_computed,,,,,,,,,,,,,,,,,,,,,,legacy_fallback,legacy_fallback,,legacy_identity_may_be_lossy,,0,No eligible registered case-count series facts are available for this disease and country; the public curve uses the legacy flat table.,all,All Sources,,web,all,All Sources,,web
country,br-pb,br-pb,"Paraíba, Brazil",public_projection,BR-PB,"Paraíba, Brazil",D005,AIDS,艾滋病,Viral,2001-04-01,2001-04,0,0,,,0.0,ibge_computed,,SER_BR_AIDS_ADULT_AIDA,,,,,,monthly,,,,,,,,,,,,,,series_registry,representative_series,parity,non_additive_series_not_rolled_up,SER_BR_AIDS_ADULT_AIDA,2,Multiple registered series are not declared safely additive. The compatibility curve uses one representative series; inspect source_series for every retained definition.,all,All Sources,,web,all,All Sources,,web
country,br-pb,br-pb,"Paraíba, Brazil",source_series_observation,BR-PB,"Paraíba, Brazil",D005,AIDS,艾滋病,Viral,2001-04-01,2001-04,0,0,,,,,,SER_BR_AIDS_ADULT_AIDA,SER_BR_AIDS_ADULT_AIDA,SRC_BR_SINAN,AIDS in adults,case_notifications,notification,monthly,count,country:BR-PB:national,all,exact,unknown,non_additive,active,missing_is_unknown,globalid-disease-ontology:2026.09.26.1,SINAN AIDA file family.,,provisional,True,series_registry,representative_series,parity,non_additive_series_not_rolled_up,SER_BR_AIDS_ADULT_AIDA,2,Multiple registered series are not declared safely additive. The compatibility curve uses one representative series; inspect source_series for every retained definition.,all,All Sources,,web,all,All Sources,,web
country,br-pb,br-pb,"Paraíba, Brazil",public_projection,BR-PB,"Paraíba, Brazil",D021,Dengue,登革热,Viral,2001-04-01,2001-04,3119,3119,,,89.92116113906673,ibge_computed,,,,,,,,,,,,,,,,,,,,,,legacy_fallback,legacy_fallback,,legacy_identity_may_be_lossy,,0,No eligible registered case-count series facts are available for this disease and country; the public curve uses the legacy flat table.,all,All Sources,,web,all,All Sources,,web
country,br-pb,br-pb,"Paraíba, Brazil",public_projection,BR-PB,"Paraíba, Brazil",D025,Tuberculosis,肺结核,Bacterial,2001-04-01,2001-04,109,109,,,3.142483669175464,ibge_computed,,,,,,,,,,,,,,,,,,,,,,legacy_fallback,legacy_fallback,,legacy_identity_may_be_lossy,,0,No eligible registered case-count series facts are available for this disease and country; the public curve uses the legacy flat table.,all,All Sources,,web,all,All Sources,,web
country,br-pb,br-pb,"Paraíba, Brazil",public_projection,BR-PB,"Paraíba, Brazil",D035,Leptospirosis,钩端螺旋体病,Bacterial,2001-04-01,2001-04,6,6,,,0.17298075243167693,ibge_computed,,,,,,,,,,,,,,,,,,,,,,legacy_fallback,legacy_fallback,,legacy_identity_may_be_lossy,,0,No eligible registered case-count series facts are available for this disease and country; the public curve uses the legacy flat table.,all,All Sources,,web,all,All Sources,,web
country,br-pb,br-pb,"Paraíba, Brazil",public_projection,BR-PB,"Paraíba, Brazil",D042,Leprosy,麻风病,Bacterial,2001-04-01,2001-04,73,73,,,2.1045991545854026,ibge_computed,,,,,,,,,,,,,,,,,,,,,,legacy_fallback,legacy_fallback,,legacy_identity_may_be_lossy,,0,No eligible registered case-count series facts are available for this disease and country; the public curve uses the legacy flat table.,all,All Sources,,web,all,All Sources,,web
country,br-pb,br-pb,"Paraíba, Brazil",public_projection,BR-PB,"Paraíba, Brazil",D044,Kala-azar,黑热病,Parasitic,2001-04-01,2001-04,18,18,,,0.5189422572950307,ibge_computed,,,,,,,,,,,,,,,,,,,,,,legacy_fallback,legacy_fallback,,legacy_identity_may_be_lossy,,0,No eligible registered case-count series facts are available for this disease and country; the public curve uses the legacy flat table.,all,All Sources,,web,all,All Sources,,web
country,br-pb,br-pb,"Paraíba, Brazil",public_projection,BR-PB,"Paraíba, Brazil",D082,Leishmaniasis,利什曼病,Parasitic,2001-04-01,2001-04,11,11,,,0.31713137945807435,ibge_computed,,,,,,,,,,,,,,,,,,,,,,legacy_fallback,legacy_fallback,,legacy_identity_may_be_lossy,,0,No eligible registered case-count series facts are available for this disease and country; the public curve uses the legacy flat table.,all,All Sources,,web,all,All Sources,,web
country,br-pb,br-pb,"Paraíba, Brazil",public_projection,BR-PB,"Paraíba, Brazil",D084,Chagas disease,恰加斯病,Parasitic,2001-04-01,2001-04,2,2,,,0.05766025081055898,ibge_computed,,,,,,,,,,,,,,,,,,,,,,legacy_fallback,legacy_fallback,,legacy_identity_may_be_lossy,,0,No eligible registered case-count series facts are available for this disease and country; the public curve uses the legacy flat table.,all,All Sources,,web,all,All Sources,,web
country,br-pb,br-pb,"Paraíba, Brazil",public_projection,BR-PB,"Paraíba, Brazil",D102,Hantavirus infection,汉坦病毒感染,Viral,2001-04-01,2001-04,0,0,,,0.0,ibge_computed,,,,,,,,,,,,,,,,,,,,,,legacy_fallback,legacy_fallback,,legacy_identity_may_be_lossy,,0,No eligible registered case-count series facts are available for this disease and country; the public curve uses the legacy flat table.,all,All Sources,,web,all,All Sources,,web
country,br-pb,br-pb,"Paraíba, Brazil",public_projection,BR-PB,"Paraíba, Brazil",D021,Dengue,登革热,Viral,2001-05-01,2001-05,5085,5085,,,146.6011876858462,ibge_computed,,,,,,,,,,,,,,,,,,,,,,legacy_fallback,legacy_fallback,,legacy_identity_may_be_lossy,,0,No eligible registered case-count series facts are available for this disease and country; the public curve uses the legacy flat table.,all,All Sources,,web,all,All Sources,,web
country,br-pb,br-pb,"Paraíba, Brazil",public_projection,BR-PB,"Paraíba, Brazil",D025,Tuberculosis,肺结核,Bacterial,2001-05-01,2001-05,131,131,,,3.776746428091613,ibge_computed,,,,,,,,,,,,,,,,,,,,,,legacy_fallback,legacy_fallback,,legacy_identity_may_be_lossy,,0,No eligible registered case-count series facts are available for this disease and country; the public curve uses the legacy flat table.,all,All Sources,,web,all,All Sources,,web
country,br-pb,br-pb,"Paraíba, Brazil",public_projection,BR-PB,"Paraíba, Brazil",D035,Leptospirosis,钩端螺旋体病,Bacterial,2001-05-01,2001-05,3,3,,,0.08649037621583847,ibge_computed,,,,,,,,,,,,,,,,,,,,,,legacy_fallback,legacy_fallback,,legacy_identity_may_be_lossy,,0,No eligible registered case-count series facts are available for this disease and country; the public curve uses the legacy flat table.,all,All Sources,,web,all,All Sources,,web
country,br-pb,br-pb,"Paraíba, Brazil",public_projection,BR-PB,"Paraíba, Brazil",D042,Leprosy,麻风病,Bacterial,2001-05-01,2001-05,92,92,,,2.652371537285713,ibge_computed,,,,,,,,,,,,,,,,,,,,,,legacy_fallback,legacy_fallback,,legacy_identity_may_be_lossy,,0,No eligible registered case-count series facts are available for this disease and country; the public curve uses the legacy flat table.,all,All Sources,,web,all,All Sources,,web
country,br-pb,br-pb,"Paraíba, Brazil",public_projection,BR-PB,"Paraíba, Brazil",D044,Kala-azar,黑热病,Parasitic,2001-05-01,2001-05,14,14,,,0.4036217556739128,ibge_computed,,,,,,,,,,,,,,,,,,,,,,legacy_fallback,legacy_fallback,,legacy_identity_may_be_lossy,,0,No eligible registered case-count series facts are available for this disease and country; the public curve uses the legacy flat table.,all,All Sources,,web,all,All Sources,,web
country,br-pb,br-pb,"Paraíba, Brazil",public_projection,BR-PB,"Paraíba, Brazil",D082,Leishmaniasis,利什曼病,Parasitic,2001-05-01,2001-05,19,19,,,0.5477723827003103,ibge_computed,,,,,,,,,,,,,,,,,,,,,,legacy_fallback,legacy_fallback,,legacy_identity_may_be_lossy,,0,No eligible registered case-count series facts are available for this disease and country; the public curve uses the legacy flat table.,all,All Sources,,web,all,All Sources,,web
country,br-pb,br-pb,"Paraíba, Brazil",public_projection,BR-PB,"Paraíba, Brazil",D084,Chagas disease,恰加斯病,Parasitic,2001-05-01,2001-05,2,2,,,0.05766025081055898,ibge_computed,,,,,,,,,,,,,,,,,,,,,,legacy_fallback,legacy_fallback,,legacy_identity_may_be_lossy,,0,No eligible registered case-count series facts are available for this disease and country; the public curve uses the legacy flat table.,all,All Sources,,web,all,All Sources,,web
country,br-pb,br-pb,"Paraíba, Brazil",public_projection,BR-PB,"Paraíba, Brazil",D102,Hantavirus infection,汉坦病毒感染,Viral,2001-05-01,2001-05,0,0,,,0.0,ibge_computed,,,,,,,,,,,,,,,,,,,,,,legacy_fallback,legacy_fallback,,legacy_identity_may_be_lossy,,0,No eligible registered case-count series facts are available for this disease and country; the public curve uses the legacy flat table.,all,All Sources,,web,all,All Sources,,web
country,br-pb,br-pb,"Paraíba, Brazil",public_projection,BR-PB,"Paraíba, Brazil",D005,AIDS,艾滋病,Viral,2001-06-01,2001-06,0,0,,,0.0,ibge_computed,,SER_BR_AIDS_ADULT_AIDA,,,,,,monthly,,,,,,,,,,,,,,series_registry,representative_series,parity,non_additive_series_not_rolled_up,SER_BR_AIDS_ADULT_AIDA,2,Multiple registered series are not declared safely additive. The compatibility curve uses one representative series; inspect source_series for every retained definition.,all,All Sources,,web,all,All Sources,,web
country,br-pb,br-pb,"Paraíba, Brazil",source_series_observation,BR-PB,"Paraíba, Brazil",D005,AIDS,艾滋病,Viral,2001-06-01,2001-06,0,0,,,,,,SER_BR_AIDS_ADULT_AIDA,SER_BR_AIDS_ADULT_AIDA,SRC_BR_SINAN,AIDS in adults,case_notifications,notification,monthly,count,country:BR-PB:national,all,exact,unknown,non_additive,active,missing_is_unknown,globalid-disease-ontology:2026.09.26.1,SINAN AIDA file family.,,provisional,True,series_registry,representative_series,parity,non_additive_series_not_rolled_up,SER_BR_AIDS_ADULT_AIDA,2,Multiple registered series are not declared safely additive. The compatibility curve uses one representative series; inspect source_series for every retained definition.,all,All Sources,,web,all,All Sources,,web
country,br-pb,br-pb,"Paraíba, Brazil",public_projection,BR-PB,"Paraíba, Brazil",D021,Dengue,登革热,Viral,2001-06-01,2001-06,2536,2536,,,73.11319802778878,ibge_computed,,,,,,,,,,,,,,,,,,,,,,legacy_fallback,legacy_fallback,,legacy_identity_may_be_lossy,,0,No eligible registered case-count series facts are available for this disease and country; the public curve uses the legacy flat table.,all,All Sources,,web,all,All Sources,,web
country,br-pb,br-pb,"Paraíba, Brazil",public_projection,BR-PB,"Paraíba, Brazil",D025,Tuberculosis,肺结核,Bacterial,2001-06-01,2001-06,133,133,,,3.834406678902172,ibge_computed,,,,,,,,,,,,,,,,,,,,,,legacy_fallback,legacy_fallback,,legacy_identity_may_be_lossy,,0,No eligible registered case-count series facts are available for this disease and country; the public curve uses the legacy flat table.,all,All Sources,,web,all,All Sources,,web
country,br-pb,br-pb,"Paraíba, Brazil",public_projection,BR-PB,"Paraíba, Brazil",D035,Leptospirosis,钩端螺旋体病,Bacterial,2001-06-01,2001-06,2,2,,,0.05766025081055898,ibge_computed,,,,,,,,,,,,,,,,,,,,,,legacy_fallback,legacy_fallback,,legacy_identity_may_be_lossy,,0,No eligible registered case-count series facts are available for this disease and country; the public curve uses the legacy flat table.,all,All Sources,,web,all,All Sources,,web
country,br-pb,br-pb,"Paraíba, Brazil",public_projection,BR-PB,"Paraíba, Brazil",D042,Leprosy,麻风病,Bacterial,2001-06-01,2001-06,50,50,,,1.4415062702639743,ibge_computed,,,,,,,,,,,,,,,,,,,,,,legacy_fallback,legacy_fallback,,legacy_identity_may_be_lossy,,0,No eligible registered case-count series facts are available for this disease and country; the public curve uses the legacy flat table.,all,All Sources,,web,all,All Sources,,web
country,br-pb,br-pb,"Paraíba, Brazil",public_projection,BR-PB,"Paraíba, Brazil",D044,Kala-azar,黑热病,Parasitic,2001-06-01,2001-06,9,9,,,0.25947112864751537,ibge_computed,,,,,,,,,,,,,,,,,,,,,,legacy_fallback,legacy_fallback,,legacy_identity_may_be_lossy,,0,No eligible registered case-count series facts are available for this disease and country; the public curve uses the legacy flat table.,all,All Sources,,web,all,All Sources,,web
country,br-pb,br-pb,"Paraíba, Brazil",public_projection,BR-PB,"Paraíba, Brazil",D082,Leishmaniasis,利什曼病,Parasitic,2001-06-01,2001-06,7,7,,,0.2018108778369564,ibge_computed,,,,,,,,,,,,,,,,,,,,,,legacy_fallback,legacy_fallback,,legacy_identity_may_be_lossy,,0,No eligible registered case-count series facts are available for this disease and country; the public curve uses the legacy flat table.,all,All Sources,,web,all,All Sources,,web
country,br-pb,br-pb,"Paraíba, Brazil",public_projection,BR-PB,"Paraíba, Brazil",D084,Chagas disease,恰加斯病,Parasitic,2001-06-01,2001-06,2,2,,,0.05766025081055898,ibge_computed,,,,,,,,,,,,,,,,,,,,,,legacy_fallback,legacy_fallback,,legacy_identity_may_be_lossy,,0,No eligible registered case-count series facts are available for this disease and country; the public curve uses the legacy flat table.,all,All Sources,,web,all,All Sources,,web
country,br-pb,br-pb,"Paraíba, Brazil",public_projection,BR-PB,"Paraíba, Brazil",D102,Hantavirus infection,汉坦病毒感染,Viral,2001-06-01,2001-06,0,0,,,0.0,ibge_computed,,,,,,,,,,,,,,,,,,,,,,legacy_fallback,legacy_fallback,,legacy_identity_may_be_lossy,,0,No eligible registered case-count series facts are available for this disease and country; the public curve uses the legacy flat table.,all,All Sources,,web,all,All Sources,,web
country,br-pb,br-pb,"Paraíba, Brazil",public_projection,BR-PB,"Paraíba, Brazil",D005,AIDS,艾滋病,Viral,2001-07-01,2001-07,0,0,,,0.0,ibge_computed,,SER_BR_AIDS_ADULT_AIDA,,,,,,monthly,,,,,,,,,,,,,,series_registry,representative_series,parity,non_additive_series_not_rolled_up,SER_BR_AIDS_ADULT_AIDA,2,Multiple registered series are not declared safely additive. The compatibility curve uses one representative series; inspect source_series for every retained definition.,all,All Sources,,web,all,All Sources,,web
country,br-pb,br-pb,"Paraíba, Brazil",source_series_observation,BR-PB,"Paraíba, Brazil",D005,AIDS,艾滋病,Viral,2001-07-01,2001-07,0,0,,,,,,SER_BR_AIDS_ADULT_AIDA,SER_BR_AIDS_ADULT_AIDA,SRC_BR_SINAN,AIDS in adults,case_notifications,notification,monthly,count,country:BR-PB:national,all,exact,unknown,non_additive,active,missing_is_unknown,globalid-disease-ontology:2026.09.26.1,SINAN AIDA file family.,,provisional,True,series_registry,representative_series,parity,non_additive_series_not_rolled_up,SER_BR_AIDS_ADULT_AIDA,2,Multiple registered series are not declared safely additive. The compatibility curve uses one representative series; inspect source_series for every retained definition.,all,All Sources,,web,all,All Sources,,web
country,br-pb,br-pb,"Paraíba, Brazil",public_projection,BR-PB,"Paraíba, Brazil",D021,Dengue,登革热,Viral,2001-07-01,2001-07,1561,1561,,,45.00382575764128,ibge_computed,,,,,,,,,,,,,,,,,,,,,,legacy_fallback,legacy_fallback,,legacy_identity_may_be_lossy,,0,No eligible registered case-count series facts are available for this disease and country; the public curve uses the legacy flat table.,all,All Sources,,web,all,All Sources,,web
country,br-pb,br-pb,"Paraíba, Brazil",public_projection,BR-PB,"Paraíba, Brazil",D025,Tuberculosis,肺结核,Bacterial,2001-07-01,2001-07,103,103,,,2.9695029167437874,ibge_computed,,,,,,,,,,,,,,,,,,,,,,legacy_fallback,legacy_fallback,,legacy_identity_may_be_lossy,,0,No eligible registered case-count series facts are available for this disease and country; the public curve uses the legacy flat table.,all,All Sources,,web,all,All Sources,,web
country,br-pb,br-pb,"Paraíba, Brazil",public_projection,BR-PB,"Paraíba, Brazil",D035,Leptospirosis,钩端螺旋体病,Bacterial,2001-07-01,2001-07,2,2,,,0.05766025081055898,ibge_computed,,,,,,,,,,,,,,,,,,,,,,legacy_fallback,legacy_fallback,,legacy_identity_may_be_lossy,,0,No eligible registered case-count series facts are available for this disease and country; the public curve uses the legacy flat table.,all,All Sources,,web,all,All Sources,,web
country,br-pb,br-pb,"Paraíba, Brazil",public_projection,BR-PB,"Paraíba, Brazil",D042,Leprosy,麻风病,Bacterial,2001-07-01,2001-07,56,56,,,1.6144870226956511,ibge_computed,,,,,,,,,,,,,,,,,,,,,,legacy_fallback,legacy_fallback,,legacy_identity_may_be_lossy,,0,No eligible registered case-count series facts are available for this disease and country; the public curve uses the legacy flat table.,all,All Sources,,web,all,All Sources,,web
country,br-pb,br-pb,"Paraíba, Brazil",public_projection,BR-PB,"Paraíba, Brazil",D044,Kala-azar,黑热病,Parasitic,2001-07-01,2001-07,12,12,,,0.34596150486335386,ibge_computed,,,,,,,,,,,,,,,,,,,,,,legacy_fallback,legacy_fallback,,legacy_identity_may_be_lossy,,0,No eligible registered case-count series facts are available for this disease and country; the public curve uses the legacy flat table.,all,All Sources,,web,all,All Sources,,web
country,br-pb,br-pb,"Paraíba, Brazil",public_projection,BR-PB,"Paraíba, Brazil",D082,Leishmaniasis,利什曼病,Parasitic,2001-07-01,2001-07,4,4,,,0.11532050162111795,ibge_computed,,,,,,,,,,,,,,,,,,,,,,legacy_fallback,legacy_fallback,,legacy_identity_may_be_lossy,,0,No eligible registered case-count series facts are available for this disease and country; the public curve uses the legacy flat table.,all,All Sources,,web,all,All Sources,,web
country,br-pb,br-pb,"Paraíba, Brazil",public_projection,BR-PB,"Paraíba, Brazil",D084,Chagas disease,恰加斯病,Parasitic,2001-07-01,2001-07,4,4,,,0.11532050162111795,ibge_computed,,,,,,,,,,,,,,,,,,,,,,legacy_fallback,legacy_fallback,,legacy_identity_may_be_lossy,,0,No eligible registered case-count series facts are available for this disease and country; the public curve uses the legacy flat table.,all,All Sources,,web,all,All Sources,,web
country,br-pb,br-pb,"Paraíba, Brazil",public_projection,BR-PB,"Paraíba, Brazil",D102,Hantavirus infection,汉坦病毒感染,Viral,2001-07-01,2001-07,0,0,,,0.0,ibge_computed,,,,,,,,,,,,,,,,,,,,,,legacy_fallback,legacy_fallback,,legacy_identity_may_be_lossy,,0,No eligible registered case-count series facts are available for this disease and country; the public curve uses the legacy flat table.,all,All Sources,,web,all,All Sources,,web
country,br-pb,br-pb,"Paraíba, Brazil",public_projection,BR-PB,"Paraíba, Brazil",D021,Dengue,登革热,Viral,2001-08-01,2001-08,1206,1206,,,34.76913123876706,ibge_computed,,,,,,,,,,,,,,,,,,,,,,legacy_fallback,legacy_fallback,,legacy_identity_may_be_lossy,,0,No eligible registered case-count series facts are available for this disease and country; the public curve uses the legacy flat table.,all,All Sources,,web,all,All Sources,,web
country,br-pb,br-pb,"Paraíba, Brazil",public_projection,BR-PB,"Paraíba, Brazil",D025,Tuberculosis,肺结核,Bacterial,2001-08-01,2001-08,109,109,,,3.142483669175464,ibge_computed,,,,,,,,,,,,,,,,,,,,,,legacy_fallback,legacy_fallback,,legacy_identity_may_be_lossy,,0,No eligible registered case-count series facts are available for this disease and country; the public curve uses the legacy flat table.,all,All Sources,,web,all,All Sources,,web
country,br-pb,br-pb,"Paraíba, Brazil",public_projection,BR-PB,"Paraíba, Brazil",D035,Leptospirosis,钩端螺旋体病,Bacterial,2001-08-01,2001-08,1,1,,,0.02883012540527949,ibge_computed,,,,,,,,,,,,,,,,,,,,,,legacy_fallback,legacy_fallback,,legacy_identity_may_be_lossy,,0,No eligible registered case-count series facts are available for this disease and country; the public curve uses the legacy flat table.,all,All Sources,,web,all,All Sources,,web
country,br-pb,br-pb,"Paraíba, Brazil",public_projection,BR-PB,"Paraíba, Brazil",D042,Leprosy,麻风病,Bacterial,2001-08-01,2001-08,78,78,,,2.2487497816118,ibge_computed,,,,,,,,,,,,,,,,,,,,,,legacy_fallback,legacy_fallback,,legacy_identity_may_be_lossy,,0,No eligible registered case-count series facts are available for this disease and country; the public curve uses the legacy flat table.,all,All Sources,,web,all,All Sources,,web
country,br-pb,br-pb,"Paraíba, Brazil",public_projection,BR-PB,"Paraíba, Brazil",D044,Kala-azar,黑热病,Parasitic,2001-08-01,2001-08,16,16,,,0.4612820064844718,ibge_computed,,,,,,,,,,,,,,,,,,,,,,legacy_fallback,legacy_fallback,,legacy_identity_may_be_lossy,,0,No eligible registered case-count series facts are available for this disease and country; the public curve uses the legacy flat table.,all,All Sources,,web,all,All Sources,,web
country,br-pb,br-pb,"Paraíba, Brazil",public_projection,BR-PB,"Paraíba, Brazil",D082,Leishmaniasis,利什曼病,Parasitic,2001-08-01,2001-08,14,14,,,0.4036217556739128,ibge_computed,,,,,,,,,,,,,,,,,,,,,,legacy_fallback,legacy_fallback,,legacy_identity_may_be_lossy,,0,No eligible registered case-count series facts are available for this disease and country; the public curve uses the legacy flat table.,all,All Sources,,web,all,All Sources,,web
country,br-pb,br-pb,"Paraíba, Brazil",public_projection,BR-PB,"Paraíba, Brazil",D084,Chagas disease,恰加斯病,Parasitic,2001-08-01,2001-08,19,19,,,0.5477723827003103,ibge_computed,,,,,,,,,,,,,,,,,,,,,,legacy_fallback,legacy_fallback,,legacy_identity_may_be_lossy,,0,No eligible registered case-count series facts are available for this disease and country; the public curve uses the legacy flat table.,all,All Sources,,web,all,All Sources,,web
country,br-pb,br-pb,"Paraíba, Brazil",public_projection,BR-PB,"Paraíba, Brazil",D102,Hantavirus infection,汉坦病毒感染,Viral,2001-08-01,2001-08,0,0,,,0.0,ibge_computed,,,,,,,,,,,,,,,,,,,,,,legacy_fallback,legacy_fallback,,legacy_identity_may_be_lossy,,0,No eligible registered case-count series facts are available for this disease and country; the public curve uses the legacy flat table.,all,All Sources,,web,all,All Sources,,web
country,br-pb,br-pb,"Paraíba, Brazil",public_projection,BR-PB,"Paraíba, Brazil",D021,Dengue,登革热,Viral,2001-09-01,2001-09,746,746,,,21.507273552338496,ibge_computed,,,,,,,,,,,,,,,,,,,,,,legacy_fallback,legacy_fallback,,legacy_identity_may_be_lossy,,0,No eligible registered case-count series facts are available for this disease and country; the public curve uses the legacy flat table.,all,All Sources,,web,all,All Sources,,web
country,br-pb,br-pb,"Paraíba, Brazil",public_projection,BR-PB,"Paraíba, Brazil",D025,Tuberculosis,肺结核,Bacterial,2001-09-01,2001-09,100,100,,,2.8830125405279485,ibge_computed,,,,,,,,,,,,,,,,,,,,,,legacy_fallback,legacy_fallback,,legacy_identity_may_be_lossy,,0,No eligible registered case-count series facts are available for this disease and country; the public curve uses the legacy flat table.,all,All Sources,,web,all,All Sources,,web
country,br-pb,br-pb,"Paraíba, Brazil",public_projection,BR-PB,"Paraíba, Brazil",D035,Leptospirosis,钩端螺旋体病,Bacterial,2001-09-01,2001-09,1,1,,,0.02883012540527949,ibge_computed,,,,,,,,,,,,,,,,,,,,,,legacy_fallback,legacy_fallback,,legacy_identity_may_be_lossy,,0,No eligible registered case-count series facts are available for this disease and country; the public curve uses the legacy flat table.,all,All Sources,,web,all,All Sources,,web
country,br-pb,br-pb,"Paraíba, Brazil",public_projection,BR-PB,"Paraíba, Brazil",D042,Leprosy,麻风病,Bacterial,2001-09-01,2001-09,64,64,,,1.8451280259378873,ibge_computed,,,,,,,,,,,,,,,,,,,,,,legacy_fallback,legacy_fallback,,legacy_identity_may_be_lossy,,0,No eligible registered case-count series facts are available for this disease and country; the public curve uses the legacy flat table.,all,All Sources,,web,all,All Sources,,web
country,br-pb,br-pb,"Paraíba, Brazil",public_projection,BR-PB,"Paraíba, Brazil",D044,Kala-azar,黑热病,Parasitic,2001-09-01,2001-09,14,14,,,0.4036217556739128,ibge_computed,,,,,,,,,,,,,,,,,,,,,,legacy_fallback,legacy_fallback,,legacy_identity_may_be_lossy,,0,No eligible registered case-count series facts are available for this disease and country; the public curve uses the legacy flat table.,all,All Sources,,web,all,All Sources,,web
country,br-pb,br-pb,"Paraíba, Brazil",public_projection,BR-PB,"Paraíba, Brazil",D082,Leishmaniasis,利什曼病,Parasitic,2001-09-01,2001-09,15,15,,,0.43245188107919236,ibge_computed,,,,,,,,,,,,,,,,,,,,,,legacy_fallback,legacy_fallback,,legacy_identity_may_be_lossy,,0,No eligible registered case-count series facts are available for this disease and country; the public curve uses the legacy flat table.,all,All Sources,,web,all,All Sources,,web
country,br-pb,br-pb,"Paraíba, Brazil",public_projection,BR-PB,"Paraíba, Brazil",D084,Chagas disease,恰加斯病,Parasitic,2001-09-01,2001-09,19,19,,,0.5477723827003103,ibge_computed,,,,,,,,,,,,,,,,,,,,,,legacy_fallback,legacy_fallback,,legacy_identity_may_be_lossy,,0,No eligible registered case-count series facts are available for this disease and country; the public curve uses the legacy flat table.,all,All Sources,,web,all,All Sources,,web
country,br-pb,br-pb,"Paraíba, Brazil",public_projection,BR-PB,"Paraíba, Brazil",D102,Hantavirus infection,汉坦病毒感染,Viral,2001-09-01,2001-09,0,0,,,0.0,ibge_computed,,,,,,,,,,,,,,,,,,,,,,legacy_fallback,legacy_fallback,,legacy_identity_may_be_lossy,,0,No eligible registered case-count series facts are available for this disease and country; the public curve uses the legacy flat table.,all,All Sources,,web,all,All Sources,,web
country,br-pb,br-pb,"Paraíba, Brazil",public_projection,BR-PB,"Paraíba, Brazil",D005,AIDS,艾滋病,Viral,2001-10-01,2001-10,0,0,,,0.0,ibge_computed,,SER_BR_AIDS_ADULT_AIDA,,,,,,monthly,,,,,,,,,,,,,,series_registry,representative_series,parity,non_additive_series_not_rolled_up,SER_BR_AIDS_ADULT_AIDA,2,Multiple registered series are not declared safely additive. The compatibility curve uses one representative series; inspect source_series for every retained definition.,all,All Sources,,web,all,All Sources,,web
country,br-pb,br-pb,"Paraíba, Brazil",source_series_observation,BR-PB,"Paraíba, Brazil",D005,AIDS,艾滋病,Viral,2001-10-01,2001-10,0,0,,,,,,SER_BR_AIDS_ADULT_AIDA,SER_BR_AIDS_ADULT_AIDA,SRC_BR_SINAN,AIDS in adults,case_notifications,notification,monthly,count,country:BR-PB:national,all,exact,unknown,non_additive,active,missing_is_unknown,globalid-disease-ontology:2026.09.26.1,SINAN AIDA file family.,,provisional,True,series_registry,representative_series,parity,non_additive_series_not_rolled_up,SER_BR_AIDS_ADULT_AIDA,2,Multiple registered series are not declared safely additive. The compatibility curve uses one representative series; inspect source_series for every retained definition.,all,All Sources,,web,all,All Sources,,web
country,br-pb,br-pb,"Paraíba, Brazil",public_projection,BR-PB,"Paraíba, Brazil",D021,Dengue,登革热,Viral,2001-10-01,2001-10,492,492,,,14.184421699397507,ibge_computed,,,,,,,,,,,,,,,,,,,,,,legacy_fallback,legacy_fallback,,legacy_identity_may_be_lossy,,0,No eligible registered case-count series facts are available for this disease and country; the public curve uses the legacy flat table.,all,All Sources,,web,all,All Sources,,web
country,br-pb,br-pb,"Paraíba, Brazil",public_projection,BR-PB,"Paraíba, Brazil",D025,Tuberculosis,肺结核,Bacterial,2001-10-01,2001-10,129,129,,,3.7190861772810537,ibge_computed,,,,,,,,,,,,,,,,,,,,,,legacy_fallback,legacy_fallback,,legacy_identity_may_be_lossy,,0,No eligible registered case-count series facts are available for this disease and country; the public curve uses the legacy flat table.,all,All Sources,,web,all,All Sources,,web
country,br-pb,br-pb,"Paraíba, Brazil",public_projection,BR-PB,"Paraíba, Brazil",D035,Leptospirosis,钩端螺旋体病,Bacterial,2001-10-01,2001-10,2,2,,,0.05766025081055898,ibge_computed,,,,,,,,,,,,,,,,,,,,,,legacy_fallback,legacy_fallback,,legacy_identity_may_be_lossy,,0,No eligible registered case-count series facts are available for this disease and country; the public curve uses the legacy flat table.,all,All Sources,,web,all,All Sources,,web
country,br-pb,br-pb,"Paraíba, Brazil",public_projection,BR-PB,"Paraíba, Brazil",D042,Leprosy,麻风病,Bacterial,2001-10-01,2001-10,113,113,,,3.2578041707965824,ibge_computed,,,,,,,,,,,,,,,,,,,,,,legacy_fallback,legacy_fallback,,legacy_identity_may_be_lossy,,0,No eligible registered case-count series facts are available for this disease and country; the public curve uses the legacy flat table.,all,All Sources,,web,all,All Sources,,web
country,br-pb,br-pb,"Paraíba, Brazil",public_projection,BR-PB,"Paraíba, Brazil",D044,Kala-azar,黑热病,Parasitic,2001-10-01,2001-10,8,8,,,0.2306410032422359,ibge_computed,,,,,,,,,,,,,,,,,,,,,,legacy_fallback,legacy_fallback,,legacy_identity_may_be_lossy,,0,No eligible registered case-count series facts are available for this disease and country; the public curve uses the legacy flat table.,all,All Sources,,web,all,All Sources,,web
country,br-pb,br-pb,"Paraíba, Brazil",public_projection,BR-PB,"Paraíba, Brazil",D082,Leishmaniasis,利什曼病,Parasitic,2001-10-01,2001-10,7,7,,,0.2018108778369564,ibge_computed,,,,,,,,,,,,,,,,,,,,,,legacy_fallback,legacy_fallback,,legacy_identity_may_be_lossy,,0,No eligible registered case-count series facts are available for this disease and country; the public curve uses the legacy flat table.,all,All Sources,,web,all,All Sources,,web
country,br-pb,br-pb,"Paraíba, Brazil",public_projection,BR-PB,"Paraíba, Brazil",D084,Chagas disease,恰加斯病,Parasitic,2001-10-01,2001-10,10,10,,,0.2883012540527949,ibge_computed,,,,,,,,,,,,,,,,,,,,,,legacy_fallback,legacy_fallback,,legacy_identity_may_be_lossy,,0,No eligible registered case-count series facts are available for this disease and country; the public curve uses the legacy flat table.,all,All Sources,,web,all,All Sources,,web
country,br-pb,br-pb,"Paraíba, Brazil",public_projection,BR-PB,"Paraíba, Brazil",D102,Hantavirus infection,汉坦病毒感染,Viral,2001-10-01,2001-10,0,0,,,0.0,ibge_computed,,,,,,,,,,,,,,,,,,,,,,legacy_fallback,legacy_fallback,,legacy_identity_may_be_lossy,,0,No eligible registered case-count series facts are available for this disease and country; the public curve uses the legacy flat table.,all,All Sources,,web,all,All Sources,,web
country,br-pb,br-pb,"Paraíba, Brazil",public_projection,BR-PB,"Paraíba, Brazil",D021,Dengue,登革热,Viral,2001-11-01,2001-11,452,452,,,13.03121668318633,ibge_computed,,,,,,,,,,,,,,,,,,,,,,legacy_fallback,legacy_fallback,,legacy_identity_may_be_lossy,,0,No eligible registered case-count series facts are available for this disease and country; the public curve uses the legacy flat table.,all,All Sources,,web,all,All Sources,,web
country,br-pb,br-pb,"Paraíba, Brazil",public_projection,BR-PB,"Paraíba, Brazil",D025,Tuberculosis,肺结核,Bacterial,2001-11-01,2001-11,101,101,,,2.911842665933228,ibge_computed,,,,,,,,,,,,,,,,,,,,,,legacy_fallback,legacy_fallback,,legacy_identity_may_be_lossy,,0,No eligible registered case-count series facts are available for this disease and country; the public curve uses the legacy flat table.,all,All Sources,,web,all,All Sources,,web
country,br-pb,br-pb,"Paraíba, Brazil",public_projection,BR-PB,"Paraíba, Brazil",D035,Leptospirosis,钩端螺旋体病,Bacterial,2001-11-01,2001-11,3,3,,,0.08649037621583847,ibge_computed,,,,,,,,,,,,,,,,,,,,,,legacy_fallback,legacy_fallback,,legacy_identity_may_be_lossy,,0,No eligible registered case-count series facts are available for this disease and country; the public curve uses the legacy flat table.,all,All Sources,,web,all,All Sources,,web
country,br-pb,br-pb,"Paraíba, Brazil",public_projection,BR-PB,"Paraíba, Brazil",D042,Leprosy,麻风病,Bacterial,2001-11-01,2001-11,81,81,,,2.3352401578276387,ibge_computed,,,,,,,,,,,,,,,,,,,,,,legacy_fallback,legacy_fallback,,legacy_identity_may_be_lossy,,0,No eligible registered case-count series facts are available for this disease and country; the public curve uses the legacy flat table.,all,All Sources,,web,all,All Sources,,web
country,br-pb,br-pb,"Paraíba, Brazil",public_projection,BR-PB,"Paraíba, Brazil",D044,Kala-azar,黑热病,Parasitic,2001-11-01,2001-11,10,10,,,0.2883012540527949,ibge_computed,,,,,,,,,,,,,,,,,,,,,,legacy_fallback,legacy_fallback,,legacy_identity_may_be_lossy,,0,No eligible registered case-count series facts are available for this disease and country; the public curve uses the legacy flat table.,all,All Sources,,web,all,All Sources,,web
country,br-pb,br-pb,"Paraíba, Brazil",public_projection,BR-PB,"Paraíba, Brazil",D082,Leishmaniasis,利什曼病,Parasitic,2001-11-01,2001-11,8,8,,,0.2306410032422359,ibge_computed,,,,,,,,,,,,,,,,,,,,,,legacy_fallback,legacy_fallback,,legacy_identity_may_be_lossy,,0,No eligible registered case-count series facts are available for this disease and country; the public curve uses the legacy flat table.,all,All Sources,,web,all,All Sources,,web
country,br-pb,br-pb,"Paraíba, Brazil",public_projection,BR-PB,"Paraíba, Brazil",D084,Chagas disease,恰加斯病,Parasitic,2001-11-01,2001-11,10,10,,,0.2883012540527949,ibge_computed,,,,,,,,,,,,,,,,,,,,,,legacy_fallback,legacy_fallback,,legacy_identity_may_be_lossy,,0,No eligible registered case-count series facts are available for this disease and country; the public curve uses the legacy flat table.,all,All Sources,,web,all,All Sources,,web
country,br-pb,br-pb,"Paraíba, Brazil",public_projection,BR-PB,"Paraíba, Brazil",D102,Hantavirus infection,汉坦病毒感染,Viral,2001-11-01,2001-11,0,0,,,0.0,ibge_computed,,,,,,,,,,,,,,,,,,,,,,legacy_fallback,legacy_fallback,,legacy_identity_may_be_lossy,,0,No eligible registered case-count series facts are available for this disease and country; the public curve uses the legacy flat table.,all,All Sources,,web,all,All Sources,,web
country,br-pb,br-pb,"Paraíba, Brazil",public_projection,BR-PB,"Paraíba, Brazil",D021,Dengue,登革热,Viral,2001-12-01,2001-12,265,265,,,7.6399832323990635,ibge_computed,,,,,,,,,,,,,,,,,,,,,,legacy_fallback,legacy_fallback,,legacy_identity_may_be_lossy,,0,No eligible registered case-count series facts are available for this disease and country; the public curve uses the legacy flat table.,all,All Sources,,web,all,All Sources,,web
country,br-pb,br-pb,"Paraíba, Brazil",public_projection,BR-PB,"Paraíba, Brazil",D025,Tuberculosis,肺结核,Bacterial,2001-12-01,2001-12,93,93,,,2.6812016626909925,ibge_computed,,,,,,,,,,,,,,,,,,,,,,legacy_fallback,legacy_fallback,,legacy_identity_may_be_lossy,,0,No eligible registered case-count series facts are available for this disease and country; the public curve uses the legacy flat table.,all,All Sources,,web,all,All Sources,,web
country,br-pb,br-pb,"Paraíba, Brazil",public_projection,BR-PB,"Paraíba, Brazil",D035,Leptospirosis,钩端螺旋体病,Bacterial,2001-12-01,2001-12,0,0,,,0.0,ibge_computed,,,,,,,,,,,,,,,,,,,,,,legacy_fallback,legacy_fallback,,legacy_identity_may_be_lossy,,0,No eligible registered case-count series facts are available for this disease and country; the public curve uses the legacy flat table.,all,All Sources,,web,all,All Sources,,web
country,br-pb,br-pb,"Paraíba, Brazil",public_projection,BR-PB,"Paraíba, Brazil",D042,Leprosy,麻风病,Bacterial,2001-12-01,2001-12,76,76,,,2.191089530801241,ibge_computed,,,,,,,,,,,,,,,,,,,,,,legacy_fallback,legacy_fallback,,legacy_identity_may_be_lossy,,0,No eligible registered case-count series facts are available for this disease and country; the public curve uses the legacy flat table.,all,All Sources,,web,all,All Sources,,web
country,br-pb,br-pb,"Paraíba, Brazil",public_projection,BR-PB,"Paraíba, Brazil",D044,Kala-azar,黑热病,Parasitic,2001-12-01,2001-12,10,10,,,0.2883012540527949,ibge_computed,,,,,,,,,,,,,,,,,,,,,,legacy_fallback,legacy_fallback,,legacy_identity_may_be_lossy,,0,No eligible registered case-count series facts are available for this disease and country; the public curve uses the legacy flat table.,all,All Sources,,web,all,All Sources,,web
country,br-pb,br-pb,"Paraíba, Brazil",public_projection,BR-PB,"Paraíba, Brazil",D082,Leishmaniasis,利什曼病,Parasitic,2001-12-01,2001-12,9,9,,,0.25947112864751537,ibge_computed,,,,,,,,,,,,,,,,,,,,,,legacy_fallback,legacy_fallback,,legacy_identity_may_be_lossy,,0,No eligible registered case-count series facts are available for this disease and country; the public curve uses the legacy flat table.,all,All Sources,,web,all,All Sources,,web
country,br-pb,br-pb,"Paraíba, Brazil",public_projection,BR-PB,"Paraíba, Brazil",D084,Chagas disease,恰加斯病,Parasitic,2001-12-01,2001-12,8,8,,,0.2306410032422359,ibge_computed,,,,,,,,,,,,,,,,,,,,,,legacy_fallback,legacy_fallback,,legacy_identity_may_be_lossy,,0,No eligible registered case-count series facts are available for this disease and country; the public curve uses the legacy flat table.,all,All Sources,,web,all,All Sources,,web
country,br-pb,br-pb,"Paraíba, Brazil",public_projection,BR-PB,"Paraíba, Brazil",D102,Hantavirus infection,汉坦病毒感染,Viral,2001-12-01,2001-12,0,0,,,0.0,ibge_computed,,,,,,,,,,,,,,,,,,,,,,legacy_fallback,legacy_fallback,,legacy_identity_may_be_lossy,,0,No eligible registered case-count series facts are available for this disease and country; the public curve uses the legacy flat table.,all,All Sources,,web,all,All Sources,,web
country,br-pb,br-pb,"Paraíba, Brazil",public_projection,BR-PB,"Paraíba, Brazil",D005,AIDS,艾滋病,Viral,2002-01-01,2002-01,0,0,,,0.0,ibge_computed,,SER_BR_AIDS_ADULT_AIDA,,,,,,monthly,,,,,,,,,,,,,,series_registry,representative_series,parity,non_additive_series_not_rolled_up,SER_BR_AIDS_ADULT_AIDA,2,Multiple registered series are not declared safely additive. The compatibility curve uses one representative series; inspect source_series for every retained definition.,all,All Sources,,web,all,All Sources,,web
country,br-pb,br-pb,"Paraíba, Brazil",source_series_observation,BR-PB,"Paraíba, Brazil",D005,AIDS,艾滋病,Viral,2002-01-01,2002-01,0,0,,,,,,SER_BR_AIDS_ADULT_AIDA,SER_BR_AIDS_ADULT_AIDA,SRC_BR_SINAN,AIDS in adults,case_notifications,notification,monthly,count,country:BR-PB:national,all,exact,unknown,non_additive,active,missing_is_unknown,globalid-disease-ontology:2026.09.26.1,SINAN AIDA file family.,,provisional,True,series_registry,representative_series,parity,non_additive_series_not_rolled_up,SER_BR_AIDS_ADULT_AIDA,2,Multiple registered series are not declared safely additive. The compatibility curve uses one representative series; inspect source_series for every retained definition.,all,All Sources,,web,all,All Sources,,web
country,br-pb,br-pb,"Paraíba, Brazil",public_projection,BR-PB,"Paraíba, Brazil",D021,Dengue,登革热,Viral,2002-01-01,2002-01,892,892,,,25.522955924544757,ibge_computed,,,,,,,,,,,,,,,,,,,,,,legacy_fallback,legacy_fallback,,legacy_identity_may_be_lossy,,0,No eligible registered case-count series facts are available for this disease and country; the public curve uses the legacy flat table.,all,All Sources,,web,all,All Sources,,web
country,br-pb,br-pb,"Paraíba, Brazil",public_projection,BR-PB,"Paraíba, Brazil",D025,Tuberculosis,肺结核,Bacterial,2002-01-01,2002-01,114,114,,,3.2619024387871103,ibge_computed,,,,,,,,,,,,,,,,,,,,,,legacy_fallback,legacy_fallback,,legacy_identity_may_be_lossy,,0,No eligible registered case-count series facts are available for this disease and country; the public curve uses the legacy flat table.,all,All Sources,,web,all,All Sources,,web
country,br-pb,br-pb,"Paraíba, Brazil",public_projection,BR-PB,"Paraíba, Brazil",D035,Leptospirosis,钩端螺旋体病,Bacterial,2002-01-01,2002-01,5,5,,,0.14306589643803116,ibge_computed,,,,,,,,,,,,,,,,,,,,,,legacy_fallback,legacy_fallback,,legacy_identity_may_be_lossy,,0,No eligible registered case-count series facts are available for this disease and country; the public curve uses the legacy flat table.,all,All Sources,,web,all,All Sources,,web
country,br-pb,br-pb,"Paraíba, Brazil",public_projection,BR-PB,"Paraíba, Brazil",D042,Leprosy,麻风病,Bacterial,2002-01-01,2002-01,48,48,,,1.3734326058050992,ibge_computed,,,,,,,,,,,,,,,,,,,,,,legacy_fallback,legacy_fallback,,legacy_identity_may_be_lossy,,0,No eligible registered case-count series facts are available for this disease and country; the public curve uses the legacy flat table.,all,All Sources,,web,all,All Sources,,web
country,br-pb,br-pb,"Paraíba, Brazil",public_projection,BR-PB,"Paraíba, Brazil",D044,Kala-azar,黑热病,Parasitic,2002-01-01,2002-01,11,11,,,0.31474497216366853,ibge_computed,,,,,,,,,,,,,,,,,,,,,,legacy_fallback,legacy_fallback,,legacy_identity_may_be_lossy,,0,No eligible registered case-count series facts are available for this disease and country; the public curve uses the legacy flat table.,all,All Sources,,web,all,All Sources,,web
country,br-pb,br-pb,"Paraíba, Brazil",public_projection,BR-PB,"Paraíba, Brazil",D082,Leishmaniasis,利什曼病,Parasitic,2002-01-01,2002-01,18,18,,,0.5150372271769121,ibge_computed,,,,,,,,,,,,,,,,,,,,,,legacy_fallback,legacy_fallback,,legacy_identity_may_be_lossy,,0,No eligible registered case-count series facts are available for this disease and country; the public curve uses the legacy flat table.,all,All Sources,,web,all,All Sources,,web
country,br-pb,br-pb,"Paraíba, Brazil",public_projection,BR-PB,"Paraíba, Brazil",D084,Chagas disease,恰加斯病,Parasitic,2002-01-01,2002-01,12,12,,,0.3433581514512748,ibge_computed,,,,,,,,,,,,,,,,,,,,,,legacy_fallback,legacy_fallback,,legacy_identity_may_be_lossy,,0,No eligible registered case-count series facts are available for this disease and country; the public curve uses the legacy flat table.,all,All Sources,,web,all,All Sources,,web
country,br-pb,br-pb,"Paraíba, Brazil",public_projection,BR-PB,"Paraíba, Brazil",D102,Hantavirus infection,汉坦病毒感染,Viral,2002-01-01,2002-01,0,0,,,0.0,ibge_computed,,,,,,,,,,,,,,,,,,,,,,legacy_fallback,legacy_fallback,,legacy_identity_may_be_lossy,,0,No eligible registered case-count series facts are available for this disease and country; the public curve uses the legacy flat table.,all,All Sources,,web,all,All Sources,,web
country,br-pb,br-pb,"Paraíba, Brazil",public_projection,BR-PB,"Paraíba, Brazil",D005,AIDS,艾滋病,Viral,2002-02-01,2002-02,0,0,,,0.0,ibge_computed,,SER_BR_AIDS_ADULT_AIDA,,,,,,monthly,,,,,,,,,,,,,,series_registry,representative_series,parity,non_additive_series_not_rolled_up,SER_BR_AIDS_ADULT_AIDA,2,Multiple registered series are not declared safely additive. The compatibility curve uses one representative series; inspect source_series for every retained definition.,all,All Sources,,web,all,All Sources,,web
country,br-pb,br-pb,"Paraíba, Brazil",source_series_observation,BR-PB,"Paraíba, Brazil",D005,AIDS,艾滋病,Viral,2002-02-01,2002-02,0,0,,,,,,SER_BR_AIDS_ADULT_AIDA,SER_BR_AIDS_ADULT_AIDA,SRC_BR_SINAN,AIDS in adults,case_notifications,notification,monthly,count,country:BR-PB:national,all,exact,unknown,non_additive,active,missing_is_unknown,globalid-disease-ontology:2026.09.26.1,SINAN AIDA file family.,,provisional,True,series_registry,representative_series,parity,non_additive_series_not_rolled_up,SER_BR_AIDS_ADULT_AIDA,2,Multiple registered series are not declared safely additive. The compatibility curve uses one representative series; inspect source_series for every retained definition.,all,All Sources,,web,all,All Sources,,web
country,br-pb,br-pb,"Paraíba, Brazil",public_projection,BR-PB,"Paraíba, Brazil",D021,Dengue,登革热,Viral,2002-02-01,2002-02,2610,2610,,,74.68039794065226,ibge_computed,,,,,,,,,,,,,,,,,,,,,,legacy_fallback,legacy_fallback,,legacy_identity_may_be_lossy,,0,No eligible registered case-count series facts are available for this disease and country; the public curve uses the legacy flat table.,all,All Sources,,web,all,All Sources,,web
country,br-pb,br-pb,"Paraíba, Brazil",public_projection,BR-PB,"Paraíba, Brazil",D025,Tuberculosis,肺结核,Bacterial,2002-02-01,2002-02,110,110,,,3.147449721636685,ibge_computed,,,,,,,,,,,,,,,,,,,,,,legacy_fallback,legacy_fallback,,legacy_identity_may_be_lossy,,0,No eligible registered case-count series facts are available for this disease and country; the public curve uses the legacy flat table.,all,All Sources,,web,all,All Sources,,web
country,br-pb,br-pb,"Paraíba, Brazil",public_projection,BR-PB,"Paraíba, Brazil",D035,Leptospirosis,钩端螺旋体病,Bacterial,2002-02-01,2002-02,0,0,,,0.0,ibge_computed,,,,,,,,,,,,,,,,,,,,,,legacy_fallback,legacy_fallback,,legacy_identity_may_be_lossy,,0,No eligible registered case-count series facts are available for this disease and country; the public curve uses the legacy flat table.,all,All Sources,,web,all,All Sources,,web
country,br-pb,br-pb,"Paraíba, Brazil",public_projection,BR-PB,"Paraíba, Brazil",D042,Leprosy,麻风病,Bacterial,2002-02-01,2002-02,74,74,,,2.117375267282861,ibge_computed,,,,,,,,,,,,,,,,,,,,,,legacy_fallback,legacy_fallback,,legacy_identity_may_be_lossy,,0,No eligible registered case-count series facts are available for this disease and country; the public curve uses the legacy flat table.,all,All Sources,,web,all,All Sources,,web
country,br-pb,br-pb,"Paraíba, Brazil",public_projection,BR-PB,"Paraíba, Brazil",D044,Kala-azar,黑热病,Parasitic,2002-02-01,2002-02,5,5,,,0.14306589643803116,ibge_computed,,,,,,,,,,,,,,,,,,,,,,legacy_fallback,legacy_fallback,,legacy_identity_may_be_lossy,,0,No eligible registered case-count series facts are available for this disease and country; the public curve uses the legacy flat table.,all,All Sources,,web,all,All Sources,,web
country,br-pb,br-pb,"Paraíba, Brazil",public_projection,BR-PB,"Paraíba, Brazil",D082,Leishmaniasis,利什曼病,Parasitic,2002-02-01,2002-02,6,6,,,0.1716790757256374,ibge_computed,,,,,,,,,,,,,,,,,,,,,,legacy_fallback,legacy_fallback,,legacy_identity_may_be_lossy,,0,No eligible registered case-count series facts are available for this disease and country; the public curve uses the legacy flat table.,all,All Sources,,web,all,All Sources,,web
country,br-pb,br-pb,"Paraíba, Brazil",public_projection,BR-PB,"Paraíba, Brazil",D084,Chagas disease,恰加斯病,Parasitic,2002-02-01,2002-02,5,5,,,0.14306589643803116,ibge_computed,,,,,,,,,,,,,,,,,,,,,,legacy_fallback,legacy_fallback,,legacy_identity_may_be_lossy,,0,No eligible registered case-count series facts are available for this disease and country; the public curve uses the legacy flat table.,all,All Sources,,web,all,All Sources,,web
country,br-pb,br-pb,"Paraíba, Brazil",public_projection,BR-PB,"Paraíba, Brazil",D102,Hantavirus infection,汉坦病毒感染,Viral,2002-02-01,2002-02,0,0,,,0.0,ibge_computed,,,,,,,,,,,,,,,,,,,,,,legacy_fallback,legacy_fallback,,legacy_identity_may_be_lossy,,0,No eligible registered case-count series facts are available for this disease and country; the public curve uses the legacy flat table.,all,All Sources,,web,all,All Sources,,web
country,br-pb,br-pb,"Paraíba, Brazil",public_projection,BR-PB,"Paraíba, Brazil",D021,Dengue,登革热,Viral,2002-03-01,2002-03,5171,5171,,,147.95875009621182,ibge_computed,,,,,,,,,,,,,,,,,,,,,,legacy_fallback,legacy_fallback,,legacy_identity_may_be_lossy,,0,No eligible registered case-count series facts are available for this disease and country; the public curve uses the legacy flat table.,all,All Sources,,web,all,All Sources,,web
country,br-pb,br-pb,"Paraíba, Brazil",public_projection,BR-PB,"Paraíba, Brazil",D025,Tuberculosis,肺结核,Bacterial,2002-03-01,2002-03,119,119,,,3.404968335225141,ibge_computed,,,,,,,,,,,,,,,,,,,,,,legacy_fallback,legacy_fallback,,legacy_identity_may_be_lossy,,0,No eligible registered case-count series facts are available for this disease and country; the public curve uses the legacy flat table.,all,All Sources,,web,all,All Sources,,web
country,br-pb,br-pb,"Paraíba, Brazil",public_projection,BR-PB,"Paraíba, Brazil",D035,Leptospirosis,钩端螺旋体病,Bacterial,2002-03-01,2002-03,4,4,,,0.11445271715042493,ibge_computed,,,,,,,,,,,,,,,,,,,,,,legacy_fallback,legacy_fallback,,legacy_identity_may_be_lossy,,0,No eligible registered case-count series facts are available for this disease and country; the public curve uses the legacy flat table.,all,All Sources,,web,all,All Sources,,web
country,br-pb,br-pb,"Paraíba, Brazil",public_projection,BR-PB,"Paraíba, Brazil",D042,Leprosy,麻风病,Bacterial,2002-03-01,2002-03,62,62,,,1.7740171158315863,ibge_computed,,,,,,,,,,,,,,,,,,,,,,legacy_fallback,legacy_fallback,,legacy_identity_may_be_lossy,,0,No eligible registered case-count series facts are available for this disease and country; the public curve uses the legacy flat table.,all,All Sources,,web,all,All Sources,,web
country,br-pb,br-pb,"Paraíba, Brazil",public_projection,BR-PB,"Paraíba, Brazil",D044,Kala-azar,黑热病,Parasitic,2002-03-01,2002-03,6,6,,,0.1716790757256374,ibge_computed,,,,,,,,,,,,,,,,,,,,,,legacy_fallback,legacy_fallback,,legacy_identity_may_be_lossy,,0,No eligible registered case-count series facts are available for this disease and country; the public curve uses the legacy flat table.,all,All Sources,,web,all,All Sources,,web
country,br-pb,br-pb,"Paraíba, Brazil",public_projection,BR-PB,"Paraíba, Brazil",D082,Leishmaniasis,利什曼病,Parasitic,2002-03-01,2002-03,15,15,,,0.4291976893140934,ibge_computed,,,,,,,,,,,,,,,,,,,,,,legacy_fallback,legacy_fallback,,legacy_identity_may_be_lossy,,0,No eligible registered case-count series facts are available for this disease and country; the public curve uses the legacy flat table.,all,All Sources,,web,all,All Sources,,web
country,br-pb,br-pb,"Paraíba, Brazil",public_projection,BR-PB,"Paraíba, Brazil",D084,Chagas disease,恰加斯病,Parasitic,2002-03-01,2002-03,12,12,,,0.3433581514512748,ibge_computed,,,,,,,,,,,,,,,,,,,,,,legacy_fallback,legacy_fallback,,legacy_identity_may_be_lossy,,0,No eligible registered case-count series facts are available for this disease and country; the public curve uses the legacy flat table.,all,All Sources,,web,all,All Sources,,web
country,br-pb,br-pb,"Paraíba, Brazil",public_projection,BR-PB,"Paraíba, Brazil",D102,Hantavirus infection,汉坦病毒感染,Viral,2002-03-01,2002-03,0,0,,,0.0,ibge_computed,,,,,,,,,,,,,,,,,,,,,,legacy_fallback,legacy_fallback,,legacy_identity_may_be_lossy,,0,No eligible registered case-count series facts are available for this disease and country; the public curve uses the legacy flat table.,all,All Sources,,web,all,All Sources,,web
country,br-pb,br-pb,"Paraíba, Brazil",public_projection,BR-PB,"Paraíba, Brazil",D021,Dengue,登革热,Viral,2002-04-01,2002-04,4827,4827,,,138.11581642127527,ibge_computed,,,,,,,,,,,,,,,,,,,,,,legacy_fallback,legacy_fallback,,legacy_identity_may_be_lossy,,0,No eligible registered case-count series facts are available for this disease and country; the public curve uses the legacy flat table.,all,All Sources,,web,all,All Sources,,web
country,br-pb,br-pb,"Paraíba, Brazil",public_projection,BR-PB,"Paraíba, Brazil",D025,Tuberculosis,肺结核,Bacterial,2002-04-01,2002-04,137,137,,,3.9200055624020536,ibge_computed,,,,,,,,,,,,,,,,,,,,,,legacy_fallback,legacy_fallback,,legacy_identity_may_be_lossy,,0,No eligible registered case-count series facts are available for this disease and country; the public curve uses the legacy flat table.,all,All Sources,,web,all,All Sources,,web
country,br-pb,br-pb,"Paraíba, Brazil",public_projection,BR-PB,"Paraíba, Brazil",D035,Leptospirosis,钩端螺旋体病,Bacterial,2002-04-01,2002-04,5,5,,,0.14306589643803116,ibge_computed,,,,,,,,,,,,,,,,,,,,,,legacy_fallback,legacy_fallback,,legacy_identity_may_be_lossy,,0,No eligible registered case-count series facts are available for this disease and country; the public curve uses the legacy flat table.,all,All Sources,,web,all,All Sources,,web
country,br-pb,br-pb,"Paraíba, Brazil",public_projection,BR-PB,"Paraíba, Brazil",D042,Leprosy,麻风病,Bacterial,2002-04-01,2002-04,70,70,,,2.002922550132436,ibge_computed,,,,,,,,,,,,,,,,,,,,,,legacy_fallback,legacy_fallback,,legacy_identity_may_be_lossy,,0,No eligible registered case-count series facts are available for this disease and country; the public curve uses the legacy flat table.,all,All Sources,,web,all,All Sources,,web
country,br-pb,br-pb,"Paraíba, Brazil",public_projection,BR-PB,"Paraíba, Brazil",D044,Kala-azar,黑热病,Parasitic,2002-04-01,2002-04,5,5,,,0.14306589643803116,ibge_computed,,,,,,,,,,,,,,,,,,,,,,legacy_fallback,legacy_fallback,,legacy_identity_may_be_lossy,,0,No eligible registered case-count series facts are available for this disease and country; the public curve uses the legacy flat table.,all,All Sources,,web,all,All Sources,,web
country,br-pb,br-pb,"Paraíba, Brazil",public_projection,BR-PB,"Paraíba, Brazil",D082,Leishmaniasis,利什曼病,Parasitic,2002-04-01,2002-04,13,13,,,0.371971330738881,ibge_computed,,,,,,,,,,,,,,,,,,,,,,legacy_fallback,legacy_fallback,,legacy_identity_may_be_lossy,,0,No eligible registered case-count series facts are available for this disease and country; the public curve uses the legacy flat table.,all,All Sources,,web,all,All Sources,,web
country,br-pb,br-pb,"Paraíba, Brazil",public_projection,BR-PB,"Paraíba, Brazil",D084,Chagas disease,恰加斯病,Parasitic,2002-04-01,2002-04,16,16,,,0.4578108686016997,ibge_computed,,,,,,,,,,,,,,,,,,,,,,legacy_fallback,legacy_fallback,,legacy_identity_may_be_lossy,,0,No eligible registered case-count series facts are available for this disease and country; the public curve uses the legacy flat table.,all,All Sources,,web,all,All Sources,,web
country,br-pb,br-pb,"Paraíba, Brazil",public_projection,BR-PB,"Paraíba, Brazil",D102,Hantavirus infection,汉坦病毒感染,Viral,2002-04-01,2002-04,0,0,,,0.0,ibge_computed,,,,,,,,,,,,,,,,,,,,,,legacy_fallback,legacy_fallback,,legacy_identity_may_be_lossy,,0,No eligible registered case-count series facts are available for this disease and country; the public curve uses the legacy flat table.,all,All Sources,,web,all,All Sources,,web
country,br-pb,br-pb,"Paraíba, Brazil",public_projection,BR-PB,"Paraíba, Brazil",D021,Dengue,登革热,Viral,2002-05-01,2002-05,2977,2977,,,85.18143473920374,ibge_computed,,,,,,,,,,,,,,,,,,,,,,legacy_fallback,legacy_fallback,,legacy_identity_may_be_lossy,,0,No eligible registered case-count series facts are available for this disease and country; the public curve uses the legacy flat table.,all,All Sources,,web,all,All Sources,,web
country,br-pb,br-pb,"Paraíba, Brazil",public_projection,BR-PB,"Paraíba, Brazil",D025,Tuberculosis,肺结核,Bacterial,2002-05-01,2002-05,101,101,,,2.8899311080482293,ibge_computed,,,,,,,,,,,,,,,,,,,,,,legacy_fallback,legacy_fallback,,legacy_identity_may_be_lossy,,0,No eligible registered case-count series facts are available for this disease and country; the public curve uses the legacy flat table.,all,All Sources,,web,all,All Sources,,web
country,br-pb,br-pb,"Paraíba, Brazil",public_projection,BR-PB,"Paraíba, Brazil",D035,Leptospirosis,钩端螺旋体病,Bacterial,2002-05-01,2002-05,7,7,,,0.2002922550132436,ibge_computed,,,,,,,,,,,,,,,,,,,,,,legacy_fallback,legacy_fallback,,legacy_identity_may_be_lossy,,0,No eligible registered case-count series facts are available for this disease and country; the public curve uses the legacy flat table.,all,All Sources,,web,all,All Sources,,web
country,br-pb,br-pb,"Paraíba, Brazil",public_projection,BR-PB,"Paraíba, Brazil",D042,Leprosy,麻风病,Bacterial,2002-05-01,2002-05,63,63,,,1.8026302951191924,ibge_computed,,,,,,,,,,,,,,,,,,,,,,legacy_fallback,legacy_fallback,,legacy_identity_may_be_lossy,,0,No eligible registered case-count series facts are available for this disease and country; the public curve uses the legacy flat table.,all,All Sources,,web,all,All Sources,,web
country,br-pb,br-pb,"Paraíba, Brazil",public_projection,BR-PB,"Paraíba, Brazil",D044,Kala-azar,黑热病,Parasitic,2002-05-01,2002-05,5,5,,,0.14306589643803116,ibge_computed,,,,,,,,,,,,,,,,,,,,,,legacy_fallback,legacy_fallback,,legacy_identity_may_be_lossy,,0,No eligible registered case-count series facts are available for this disease and country; the public curve uses the legacy flat table.,all,All Sources,,web,all,All Sources,,web
country,br-pb,br-pb,"Paraíba, Brazil",public_projection,BR-PB,"Paraíba, Brazil",D082,Leishmaniasis,利什曼病,Parasitic,2002-05-01,2002-05,7,7,,,0.2002922550132436,ibge_computed,,,,,,,,,,,,,,,,,,,,,,legacy_fallback,legacy_fallback,,legacy_identity_may_be_lossy,,0,No eligible registered case-count series facts are available for this disease and country; the public curve uses the legacy flat table.,all,All Sources,,web,all,All Sources,,web
country,br-pb,br-pb,"Paraíba, Brazil",public_projection,BR-PB,"Paraíba, Brazil",D084,Chagas disease,恰加斯病,Parasitic,2002-05-01,2002-05,11,11,,,0.31474497216366853,ibge_computed,,,,,,,,,,,,,,,,,,,,,,legacy_fallback,legacy_fallback,,legacy_identity_may_be_lossy,,0,No eligible registered case-count series facts are available for this disease and country; the public curve uses the legacy flat table.,all,All Sources,,web,all,All Sources,,web
country,br-pb,br-pb,"Paraíba, Brazil",public_projection,BR-PB,"Paraíba, Brazil",D102,Hantavirus infection,汉坦病毒感染,Viral,2002-05-01,2002-05,0,0,,,0.0,ibge_computed,,,,,,,,,,,,,,,,,,,,,,legacy_fallback,legacy_fallback,,legacy_identity_may_be_lossy,,0,No eligible registered case-count series facts are available for this disease and country; the public curve uses the legacy flat table.,all,All Sources,,web,all,All Sources,,web
country,br-pb,br-pb,"Paraíba, Brazil",public_projection,BR-PB,"Paraíba, Brazil",D005,AIDS,艾滋病,Viral,2002-06-01,2002-06,0,0,,,0.0,ibge_computed,,SER_BR_AIDS_ADULT_AIDA,,,,,,monthly,,,,,,,,,,,,,,series_registry,representative_series,parity,non_additive_series_not_rolled_up,SER_BR_AIDS_ADULT_AIDA,2,Multiple registered series are not declared safely additive. The compatibility curve uses one representative series; inspect source_series for every retained definition.,all,All Sources,,web,all,All Sources,,web
country,br-pb,br-pb,"Paraíba, Brazil",source_series_observation,BR-PB,"Paraíba, Brazil",D005,AIDS,艾滋病,Viral,2002-06-01,2002-06,0,0,,,,,,SER_BR_AIDS_ADULT_AIDA,SER_BR_AIDS_ADULT_AIDA,SRC_BR_SINAN,AIDS in adults,case_notifications,notification,monthly,count,country:BR-PB:national,all,exact,unknown,non_additive,active,missing_is_unknown,globalid-disease-ontology:2026.09.26.1,SINAN AIDA file family.,,provisional,True,series_registry,representative_series,parity,non_additive_series_not_rolled_up,SER_BR_AIDS_ADULT_AIDA,2,Multiple registered series are not declared safely additive. The compatibility curve uses one representative series; inspect source_series for every retained definition.,all,All Sources,,web,all,All Sources,,web
country,br-pb,br-pb,"Paraíba, Brazil",public_projection,BR-PB,"Paraíba, Brazil",D021,Dengue,登革热,Viral,2002-06-01,2002-06,1465,1465,,,41.918307656343124,ibge_computed,,,,,,,,,,,,,,,,,,,,,,legacy_fallback,legacy_fallback,,legacy_identity_may_be_lossy,,0,No eligible registered case-count series facts are available for this disease and country; the public curve uses the legacy flat table.,all,All Sources,,web,all,All Sources,,web
country,br-pb,br-pb,"Paraíba, Brazil",public_projection,BR-PB,"Paraíba, Brazil",D025,Tuberculosis,肺结核,Bacterial,2002-06-01,2002-06,88,88,,,2.5179597773093483,ibge_computed,,,,,,,,,,,,,,,,,,,,,,legacy_fallback,legacy_fallback,,legacy_identity_may_be_lossy,,0,No eligible registered case-count series facts are available for this disease and country; the public curve uses the legacy flat table.,all,All Sources,,web,all,All Sources,,web
country,br-pb,br-pb,"Paraíba, Brazil",public_projection,BR-PB,"Paraíba, Brazil",D035,Leptospirosis,钩端螺旋体病,Bacterial,2002-06-01,2002-06,3,3,,,0.0858395378628187,ibge_computed,,,,,,,,,,,,,,,,,,,,,,legacy_fallback,legacy_fallback,,legacy_identity_may_be_lossy,,0,No eligible registered case-count series facts are available for this disease and country; the public curve uses the legacy flat table.,all,All Sources,,web,all,All Sources,,web
country,br-pb,br-pb,"Paraíba, Brazil",public_projection,BR-PB,"Paraíba, Brazil",D042,Leprosy,麻风病,Bacterial,2002-06-01,2002-06,46,46,,,1.3162062472298866,ibge_computed,,,,,,,,,,,,,,,,,,,,,,legacy_fallback,legacy_fallback,,legacy_identity_may_be_lossy,,0,No eligible registered case-count series facts are available for this disease and country; the public curve uses the legacy flat table.,all,All Sources,,web,all,All Sources,,web
country,br-pb,br-pb,"Paraíba, Brazil",public_projection,BR-PB,"Paraíba, Brazil",D044,Kala-azar,黑热病,Parasitic,2002-06-01,2002-06,4,4,,,0.11445271715042493,ibge_computed,,,,,,,,,,,,,,,,,,,,,,legacy_fallback,legacy_fallback,,legacy_identity_may_be_lossy,,0,No eligible registered case-count series facts are available for this disease and country; the public curve uses the legacy flat table.,all,All Sources,,web,all,All Sources,,web
country,br-pb,br-pb,"Paraíba, Brazil",public_projection,BR-PB,"Paraíba, Brazil",D082,Leishmaniasis,利什曼病,Parasitic,2002-06-01,2002-06,3,3,,,0.0858395378628187,ibge_computed,,,,,,,,,,,,,,,,,,,,,,legacy_fallback,legacy_fallback,,legacy_identity_may_be_lossy,,0,No eligible registered case-count series facts are available for this disease and country; the public curve uses the legacy flat table.,all,All Sources,,web,all,All Sources,,web
country,br-pb,br-pb,"Paraíba, Brazil",public_projection,BR-PB,"Paraíba, Brazil",D084,Chagas disease,恰加斯病,Parasitic,2002-06-01,2002-06,7,7,,,0.2002922550132436,ibge_computed,,,,,,,,,,,,,,,,,,,,,,legacy_fallback,legacy_fallback,,legacy_identity_may_be_lossy,,0,No eligible registered case-count series facts are available for this disease and country; the public curve uses the legacy flat table.,all,All Sources,,web,all,All Sources,,web
country,br-pb,br-pb,"Paraíba, Brazil",public_projection,BR-PB,"Paraíba, Brazil",D102,Hantavirus infection,汉坦病毒感染,Viral,2002-06-01,2002-06,0,0,,,0.0,ibge_computed,,,,,,,,,,,,,,,,,,,,,,legacy_fallback,legacy_fallback,,legacy_identity_may_be_lossy,,0,No eligible registered case-count series facts are available for this disease and country; the public curve uses the legacy flat table.,all,All Sources,,web,all,All Sources,,web
country,br-pb,br-pb,"Paraíba, Brazil",public_projection,BR-PB,"Paraíba, Brazil",D021,Dengue,登革热,Viral,2002-07-01,2002-07,1088,1088,,,31.13113906491558,ibge_computed,,,,,,,,,,,,,,,,,,,,,,legacy_fallback,legacy_fallback,,legacy_identity_may_be_lossy,,0,No eligible registered case-count series facts are available for this disease and country; the public curve uses the legacy flat table.,all,All Sources,,web,all,All Sources,,web
country,br-pb,br-pb,"Paraíba, Brazil",public_projection,BR-PB,"Paraíba, Brazil",D025,Tuberculosis,肺结核,Bacterial,2002-07-01,2002-07,129,129,,,3.691100128101204,ibge_computed,,,,,,,,,,,,,,,,,,,,,,legacy_fallback,legacy_fallback,,legacy_identity_may_be_lossy,,0,No eligible registered case-count series facts are available for this disease and country; the public curve uses the legacy flat table.,all,All Sources,,web,all,All Sources,,web
country,br-pb,br-pb,"Paraíba, Brazil",public_projection,BR-PB,"Paraíba, Brazil",D035,Leptospirosis,钩端螺旋体病,Bacterial,2002-07-01,2002-07,4,4,,,0.11445271715042493,ibge_computed,,,,,,,,,,,,,,,,,,,,,,legacy_fallback,legacy_fallback,,legacy_identity_may_be_lossy,,0,No eligible registered case-count series facts are available for this disease and country; the public curve uses the legacy flat table.,all,All Sources,,web,all,All Sources,,web
country,br-pb,br-pb,"Paraíba, Brazil",public_projection,BR-PB,"Paraíba, Brazil",D042,Leprosy,麻风病,Bacterial,2002-07-01,2002-07,86,86,,,2.4607334187341356,ibge_computed,,,,,,,,,,,,,,,,,,,,,,legacy_fallback,legacy_fallback,,legacy_identity_may_be_lossy,,0,No eligible registered case-count series facts are available for this disease and country; the public curve uses the legacy flat table.,all,All Sources,,web,all,All Sources,,web
country,br-pb,br-pb,"Paraíba, Brazil",public_projection,BR-PB,"Paraíba, Brazil",D044,Kala-azar,黑热病,Parasitic,2002-07-01,2002-07,0,0,,,0.0,ibge_computed,,,,,,,,,,,,,,,,,,,,,,legacy_fallback,legacy_fallback,,legacy_identity_may_be_lossy,,0,No eligible registered case-count series facts are available for this disease and country; the public curve uses the legacy flat table.,all,All Sources,,web,all,All Sources,,web
country,br-pb,br-pb,"Paraíba, Brazil",public_projection,BR-PB,"Paraíba, Brazil",D082,Leishmaniasis,利什曼病,Parasitic,2002-07-01,2002-07,3,3,,,0.0858395378628187,ibge_computed,,,,,,,,,,,,,,,,,,,,,,legacy_fallback,legacy_fallback,,legacy_identity_may_be_lossy,,0,No eligible registered case-count series facts are available for this disease and country; the public curve uses the legacy flat table.,all,All Sources,,web,all,All Sources,,web
country,br-pb,br-pb,"Paraíba, Brazil",public_projection,BR-PB,"Paraíba, Brazil",D084,Chagas disease,恰加斯病,Parasitic,2002-07-01,2002-07,4,4,,,0.11445271715042493,ibge_computed,,,,,,,,,,,,,,,,,,,,,,legacy_fallback,legacy_fallback,,legacy_identity_may_be_lossy,,0,No eligible registered case-count series facts are available for this disease and country; the public curve uses the legacy flat table.,all,All Sources,,web,all,All Sources,,web
country,br-pb,br-pb,"Paraíba, Brazil",public_projection,BR-PB,"Paraíba, Brazil",D102,Hantavirus infection,汉坦病毒感染,Viral,2002-07-01,2002-07,0,0,,,0.0,ibge_computed,,,,,,,,,,,,,,,,,,,,,,legacy_fallback,legacy_fallback,,legacy_identity_may_be_lossy,,0,No eligible registered case-count series facts are available for this disease and country; the public curve uses the legacy flat table.,all,All Sources,,web,all,All Sources,,web
country,br-pb,br-pb,"Paraíba, Brazil",public_projection,BR-PB,"Paraíba, Brazil",D021,Dengue,登革热,Viral,2002-08-01,2002-08,837,837,,,23.949231063726415,ibge_computed,,,,,,,,,,,,,,,,,,,,,,legacy_fallback,legacy_fallback,,legacy_identity_may_be_lossy,,0,No eligible registered case-count series facts are available for this disease and country; the public curve uses the legacy flat table.,all,All Sources,,web,all,All Sources,,web
country,br-pb,br-pb,"Paraíba, Brazil",public_projection,BR-PB,"Paraíba, Brazil",D025,Tuberculosis,肺结核,Bacterial,2002-08-01,2002-08,113,113,,,3.233289259499504,ibge_computed,,,,,,,,,,,,,,,,,,,,,,legacy_fallback,legacy_fallback,,legacy_identity_may_be_lossy,,0,No eligible registered case-count series facts are available for this disease and country; the public curve uses the legacy flat table.,all,All Sources,,web,all,All Sources,,web
country,br-pb,br-pb,"Paraíba, Brazil",public_projection,BR-PB,"Paraíba, Brazil",D035,Leptospirosis,钩端螺旋体病,Bacterial,2002-08-01,2002-08,8,8,,,0.22890543430084986,ibge_computed,,,,,,,,,,,,,,,,,,,,,,legacy_fallback,legacy_fallback,,legacy_identity_may_be_lossy,,0,No eligible registered case-count series facts are available for this disease and country; the public curve uses the legacy flat table.,all,All Sources,,web,all,All Sources,,web
country,br-pb,br-pb,"Paraíba, Brazil",public_projection,BR-PB,"Paraíba, Brazil",D042,Leprosy,麻风病,Bacterial,2002-08-01,2002-08,85,85,,,2.4321202394465296,ibge_computed,,,,,,,,,,,,,,,,,,,,,,legacy_fallback,legacy_fallback,,legacy_identity_may_be_lossy,,0,No eligible registered case-count series facts are available for this disease and country; the public curve uses the legacy flat table.,all,All Sources,,web,all,All Sources,,web
country,br-pb,br-pb,"Paraíba, Brazil",public_projection,BR-PB,"Paraíba, Brazil",D044,Kala-azar,黑热病,Parasitic,2002-08-01,2002-08,5,5,,,0.14306589643803116,ibge_computed,,,,,,,,,,,,,,,,,,,,,,legacy_fallback,legacy_fallback,,legacy_identity_may_be_lossy,,0,No eligible registered case-count series facts are available for this disease and country; the public curve uses the legacy flat table.,all,All Sources,,web,all,All Sources,,web
country,br-pb,br-pb,"Paraíba, Brazil",public_projection,BR-PB,"Paraíba, Brazil",D082,Leishmaniasis,利什曼病,Parasitic,2002-08-01,2002-08,7,7,,,0.2002922550132436,ibge_computed,,,,,,,,,,,,,,,,,,,,,,legacy_fallback,legacy_fallback,,legacy_identity_may_be_lossy,,0,No eligible registered case-count series facts are available for this disease and country; the public curve uses the legacy flat table.,all,All Sources,,web,all,All Sources,,web
country,br-pb,br-pb,"Paraíba, Brazil",public_projection,BR-PB,"Paraíba, Brazil",D084,Chagas disease,恰加斯病,Parasitic,2002-08-01,2002-08,2,2,,,0.057226358575212466,ibge_computed,,,,,,,,,,,,,,,,,,,,,,legacy_fallback,legacy_fallback,,legacy_identity_may_be_lossy,,0,No eligible registered case-count series facts are available for this disease and country; the public curve uses the legacy flat table.,all,All Sources,,web,all,All Sources,,web
country,br-pb,br-pb,"Paraíba, Brazil",public_projection,BR-PB,"Paraíba, Brazil",D102,Hantavirus infection,汉坦病毒感染,Viral,2002-08-01,2002-08,0,0,,,0.0,ibge_computed,,,,,,,,,,,,,,,,,,,,,,legacy_fallback,legacy_fallback,,legacy_identity_may_be_lossy,,0,No eligible registered case-count series facts are available for this disease and country; the public curve uses the legacy flat table.,all,All Sources,,web,all,All Sources,,web
country,br-pb,br-pb,"Paraíba, Brazil",public_projection,BR-PB,"Paraíba, Brazil",D021,Dengue,登革热,Viral,2002-09-01,2002-09,364,364,,,10.415197260688666,ibge_computed,,,,,,,,,,,,,,,,,,,,,,legacy_fallback,legacy_fallback,,legacy_identity_may_be_lossy,,0,No eligible registered case-count series facts are available for this disease and country; the public curve uses the legacy flat table.,all,All Sources,,web,all,All Sources,,web
country,br-pb,br-pb,"Paraíba, Brazil",public_projection,BR-PB,"Paraíba, Brazil",D025,Tuberculosis,肺结核,Bacterial,2002-09-01,2002-09,101,101,,,2.8899311080482293,ibge_computed,,,,,,,,,,,,,,,,,,,,,,legacy_fallback,legacy_fallback,,legacy_identity_may_be_lossy,,0,No eligible registered case-count series facts are available for this disease and country; the public curve uses the legacy flat table.,all,All Sources,,web,all,All Sources,,web
country,br-pb,br-pb,"Paraíba, Brazil",public_projection,BR-PB,"Paraíba, Brazil",D035,Leptospirosis,钩端螺旋体病,Bacterial,2002-09-01,2002-09,7,7,,,0.2002922550132436,ibge_computed,,,,,,,,,,,,,,,,,,,,,,legacy_fallback,legacy_fallback,,legacy_identity_may_be_lossy,,0,No eligible registered case-count series facts are available for this disease and country; the public curve uses the legacy flat table.,all,All Sources,,web,all,All Sources,,web
country,br-pb,br-pb,"Paraíba, Brazil",public_projection,BR-PB,"Paraíba, Brazil",D042,Leprosy,麻风病,Bacterial,2002-09-01,2002-09,88,88,,,2.5179597773093483,ibge_computed,,,,,,,,,,,,,,,,,,,,,,legacy_fallback,legacy_fallback,,legacy_identity_may_be_lossy,,0,No eligible registered case-count series facts are available for this disease and country; the public curve uses the legacy flat table.,all,All Sources,,web,all,All Sources,,web
country,br-pb,br-pb,"Paraíba, Brazil",public_projection,BR-PB,"Paraíba, Brazil",D044,Kala-azar,黑热病,Parasitic,2002-09-01,2002-09,6,6,,,0.1716790757256374,ibge_computed,,,,,,,,,,,,,,,,,,,,,,legacy_fallback,legacy_fallback,,legacy_identity_may_be_lossy,,0,No eligible registered case-count series facts are available for this disease and country; the public curve uses the legacy flat table.,all,All Sources,,web,all,All Sources,,web
country,br-pb,br-pb,"Paraíba, Brazil",public_projection,BR-PB,"Paraíba, Brazil",D082,Leishmaniasis,利什曼病,Parasitic,2002-09-01,2002-09,3,3,,,0.0858395378628187,ibge_computed,,,,,,,,,,,,,,,,,,,,,,legacy_fallback,legacy_fallback,,legacy_identity_may_be_lossy,,0,No eligible registered case-count series facts are available for this disease and country; the public curve uses the legacy flat table.,all,All Sources,,web,all,All Sources,,web
country,br-pb,br-pb,"Paraíba, Brazil",public_projection,BR-PB,"Paraíba, Brazil",D084,Chagas disease,恰加斯病,Parasitic,2002-09-01,2002-09,1,1,,,0.028613179287606233,ibge_computed,,,,,,,,,,,,,,,,,,,,,,legacy_fallback,legacy_fallback,,legacy_identity_may_be_lossy,,0,No eligible registered case-count series facts are available for this disease and country; the public curve uses the legacy flat table.,all,All Sources,,web,all,All Sources,,web
country,br-pb,br-pb,"Paraíba, Brazil",public_projection,BR-PB,"Paraíba, Brazil",D102,Hantavirus infection,汉坦病毒感染,Viral,2002-09-01,2002-09,0,0,,,0.0,ibge_computed,,,,,,,,,,,,,,,,,,,,,,legacy_fallback,legacy_fallback,,legacy_identity_may_be_lossy,,0,No eligible registered case-count series facts are available for this disease and country; the public curve uses the legacy flat table.,all,All Sources,,web,all,All Sources,,web
country,br-pb,br-pb,"Paraíba, Brazil",public_projection,BR-PB,"Paraíba, Brazil",D021,Dengue,登革热,Viral,2002-10-01,2002-10,322,322,,,9.213443730609207,ibge_computed,,,,,,,,,,,,,,,,,,,,,,legacy_fallback,legacy_fallback,,legacy_identity_may_be_lossy,,0,No eligible registered case-count series facts are available for this disease and country; the public curve uses the legacy flat table.,all,All Sources,,web,all,All Sources,,web
country,br-pb,br-pb,"Paraíba, Brazil",public_projection,BR-PB,"Paraíba, Brazil",D025,Tuberculosis,肺结核,Bacterial,2002-10-01,2002-10,142,142,,,4.063071458840084,ibge_computed,,,,,,,,,,,,,,,,,,,,,,legacy_fallback,legacy_fallback,,legacy_identity_may_be_lossy,,0,No eligible registered case-count series facts are available for this disease and country; the public curve uses the legacy flat table.,all,All Sources,,web,all,All Sources,,web
country,br-pb,br-pb,"Paraíba, Brazil",public_projection,BR-PB,"Paraíba, Brazil",D035,Leptospirosis,钩端螺旋体病,Bacterial,2002-10-01,2002-10,3,3,,,0.0858395378628187,ibge_computed,,,,,,,,,,,,,,,,,,,,,,legacy_fallback,legacy_fallback,,legacy_identity_may_be_lossy,,0,No eligible registered case-count series facts are available for this disease and country; the public curve uses the legacy flat table.,all,All Sources,,web,all,All Sources,,web
country,br-pb,br-pb,"Paraíba, Brazil",public_projection,BR-PB,"Paraíba, Brazil",D042,Leprosy,麻风病,Bacterial,2002-10-01,2002-10,99,99,,,2.832704749473017,ibge_computed,,,,,,,,,,,,,,,,,,,,,,legacy_fallback,legacy_fallback,,legacy_identity_may_be_lossy,,0,No eligible registered case-count series facts are available for this disease and country; the public curve uses the legacy flat table.,all,All Sources,,web,all,All Sources,,web
country,br-pb,br-pb,"Paraíba, Brazil",public_projection,BR-PB,"Paraíba, Brazil",D044,Kala-azar,黑热病,Parasitic,2002-10-01,2002-10,9,9,,,0.25751861358845607,ibge_computed,,,,,,,,,,,,,,,,,,,,,,legacy_fallback,legacy_fallback,,legacy_identity_may_be_lossy,,0,No eligible registered case-count series facts are available for this disease and country; the public curve uses the legacy flat table.,all,All Sources,,web,all,All Sources,,web
country,br-pb,br-pb,"Paraíba, Brazil",public_projection,BR-PB,"Paraíba, Brazil",D082,Leishmaniasis,利什曼病,Parasitic,2002-10-01,2002-10,7,7,,,0.2002922550132436,ibge_computed,,,,,,,,,,,,,,,,,,,,,,legacy_fallback,legacy_fallback,,legacy_identity_may_be_lossy,,0,No eligible registered case-count series facts are available for this disease and country; the public curve uses the legacy flat table.,all,All Sources,,web,all,All Sources,,web
country,br-pb,br-pb,"Paraíba, Brazil",public_projection,BR-PB,"Paraíba, Brazil",D084,Chagas disease,恰加斯病,Parasitic,2002-10-01,2002-10,4,4,,,0.11445271715042493,ibge_computed,,,,,,,,,,,,,,,,,,,,,,legacy_fallback,legacy_fallback,,legacy_identity_may_be_lossy,,0,No eligible registered case-count series facts are available for this disease and country; the public curve uses the legacy flat table.,all,All Sources,,web,all,All Sources,,web
country,br-pb,br-pb,"Paraíba, Brazil",public_projection,BR-PB,"Paraíba, Brazil",D102,Hantavirus infection,汉坦病毒感染,Viral,2002-10-01,2002-10,0,0,,,0.0,ibge_computed,,,,,,,,,,,,,,,,,,,,,,legacy_fallback,legacy_fallback,,legacy_identity_may_be_lossy,,0,No eligible registered case-count series facts are available for this disease and country; the public curve uses the legacy flat table.,all,All Sources,,web,all,All Sources,,web
country,br-pb,br-pb,"Paraíba, Brazil",public_projection,BR-PB,"Paraíba, Brazil",D021,Dengue,登革热,Viral,2002-11-01,2002-11,632,632,,,18.083529309767137,ibge_computed,,,,,,,,,,,,,,,,,,,,,,legacy_fallback,legacy_fallback,,legacy_identity_may_be_lossy,,0,No eligible registered case-count series facts are available for this disease and country; the public curve uses the legacy flat table.,all,All Sources,,web,all,All Sources,,web
country,br-pb,br-pb,"Paraíba, Brazil",public_projection,BR-PB,"Paraíba, Brazil",D025,Tuberculosis,肺结核,Bacterial,2002-11-01,2002-11,121,121,,,3.4621946938003543,ibge_computed,,,,,,,,,,,,,,,,,,,,,,legacy_fallback,legacy_fallback,,legacy_identity_may_be_lossy,,0,No eligible registered case-count series facts are available for this disease and country; the public curve uses the legacy flat table.,all,All Sources,,web,all,All Sources,,web
country,br-pb,br-pb,"Paraíba, Brazil",public_projection,BR-PB,"Paraíba, Brazil",D035,Leptospirosis,钩端螺旋体病,Bacterial,2002-11-01,2002-11,2,2,,,0.057226358575212466,ibge_computed,,,,,,,,,,,,,,,,,,,,,,legacy_fallback,legacy_fallback,,legacy_identity_may_be_lossy,,0,No eligible registered case-count series facts are available for this disease and country; the public curve uses the legacy flat table.,all,All Sources,,web,all,All Sources,,web
country,br-pb,br-pb,"Paraíba, Brazil",public_projection,BR-PB,"Paraíba, Brazil",D042,Leprosy,麻风病,Bacterial,2002-11-01,2002-11,147,147,,,4.206137355278115,ibge_computed,,,,,,,,,,,,,,,,,,,,,,legacy_fallback,legacy_fallback,,legacy_identity_may_be_lossy,,0,No eligible registered case-count series facts are available for this disease and country; the public curve uses the legacy flat table.,all,All Sources,,web,all,All Sources,,web
country,br-pb,br-pb,"Paraíba, Brazil",public_projection,BR-PB,"Paraíba, Brazil",D044,Kala-azar,黑热病,Parasitic,2002-11-01,2002-11,4,4,,,0.11445271715042493,ibge_computed,,,,,,,,,,,,,,,,,,,,,,legacy_fallback,legacy_fallback,,legacy_identity_may_be_lossy,,0,No eligible registered case-count series facts are available for this disease and country; the public curve uses the legacy flat table.,all,All Sources,,web,all,All Sources,,web
country,br-pb,br-pb,"Paraíba, Brazil",public_projection,BR-PB,"Paraíba, Brazil",D082,Leishmaniasis,利什曼病,Parasitic,2002-11-01,2002-11,8,8,,,0.22890543430084986,ibge_computed,,,,,,,,,,,,,,,,,,,,,,legacy_fallback,legacy_fallback,,legacy_identity_may_be_lossy,,0,No eligible registered case-count series facts are available for this disease and country; the public curve uses the legacy flat table.,all,All Sources,,web,all,All Sources,,web
country,br-pb,br-pb,"Paraíba, Brazil",public_projection,BR-PB,"Paraíba, Brazil",D084,Chagas disease,恰加斯病,Parasitic,2002-11-01,2002-11,7,7,,,0.2002922550132436,ibge_computed,,,,,,,,,,,,,,,,,,,,,,legacy_fallback,legacy_fallback,,legacy_identity_may_be_lossy,,0,No eligible registered case-count series facts are available for this disease and country; the public curve uses the legacy flat table.,all,All Sources,,web,all,All Sources,,web
country,br-pb,br-pb,"Paraíba, Brazil",public_projection,BR-PB,"Paraíba, Brazil",D102,Hantavirus infection,汉坦病毒感染,Viral,2002-11-01,2002-11,0,0,,,0.0,ibge_computed,,,,,,,,,,,,,,,,,,,,,,legacy_fallback,legacy_fallback,,legacy_identity_may_be_lossy,,0,No eligible registered case-count series facts are available for this disease and country; the public curve uses the legacy flat table.,all,All Sources,,web,all,All Sources,,web
country,br-pb,br-pb,"Paraíba, Brazil",public_projection,BR-PB,"Paraíba, Brazil",D021,Dengue,登革热,Viral,2002-12-01,2002-12,578,578,,,16.5384176282364,ibge_computed,,,,,,,,,,,,,,,,,,,,,,legacy_fallback,legacy_fallback,,legacy_identity_may_be_lossy,,0,No eligible registered case-count series facts are available for this disease and country; the public curve uses the legacy flat table.,all,All Sources,,web,all,All Sources,,web
country,br-pb,br-pb,"Paraíba, Brazil",public_projection,BR-PB,"Paraíba, Brazil",D025,Tuberculosis,肺结核,Bacterial,2002-12-01,2002-12,109,109,,,3.118836542349079,ibge_computed,,,,,,,,,,,,,,,,,,,,,,legacy_fallback,legacy_fallback,,legacy_identity_may_be_lossy,,0,No eligible registered case-count series facts are available for this disease and country; the public curve uses the legacy flat table.,all,All Sources,,web,all,All Sources,,web
country,br-pb,br-pb,"Paraíba, Brazil",public_projection,BR-PB,"Paraíba, Brazil",D035,Leptospirosis,钩端螺旋体病,Bacterial,2002-12-01,2002-12,0,0,,,0.0,ibge_computed,,,,,,,,,,,,,,,,,,,,,,legacy_fallback,legacy_fallback,,legacy_identity_may_be_lossy,,0,No eligible registered case-count series facts are available for this disease and country; the public curve uses the legacy flat table.,all,All Sources,,web,all,All Sources,,web
country,br-pb,br-pb,"Paraíba, Brazil",public_projection,BR-PB,"Paraíba, Brazil",D042,Leprosy,麻风病,Bacterial,2002-12-01,2002-12,101,101,,,2.8899311080482293,ibge_computed,,,,,,,,,,,,,,,,,,,,,,legacy_fallback,legacy_fallback,,legacy_identity_may_be_lossy,,0,No eligible registered case-count series facts are available for this disease and country; the public curve uses the legacy flat table.,all,All Sources,,web,all,All Sources,,web
country,br-pb,br-pb,"Paraíba, Brazil",public_projection,BR-PB,"Paraíba, Brazil",D044,Kala-azar,黑热病,Parasitic,2002-12-01,2002-12,2,2,,,0.057226358575212466,ibge_computed,,,,,,,,,,,,,,,,,,,,,,legacy_fallback,legacy_fallback,,legacy_identity_may_be_lossy,,0,No eligible registered case-count series facts are available for this disease and country; the public curve uses the legacy flat table.,all,All Sources,,web,all,All Sources,,web
country,br-pb,br-pb,"Paraíba, Brazil",public_projection,BR-PB,"Paraíba, Brazil",D082,Leishmaniasis,利什曼病,Parasitic,2002-12-01,2002-12,4,4,,,0.11445271715042493,ibge_computed,,,,,,,,,,,,,,,,,,,,,,legacy_fallback,legacy_fallback,,legacy_identity_may_be_lossy,,0,No eligible registered case-count series facts are available for this disease and country; the public curve uses the legacy flat table.,all,All Sources,,web,all,All Sources,,web
country,br-pb,br-pb,"Paraíba, Brazil",public_projection,BR-PB,"Paraíba, Brazil",D084,Chagas disease,恰加斯病,Parasitic,2002-12-01,2002-12,0,0,,,0.0,ibge_computed,,,,,,,,,,,,,,,,,,,,,,legacy_fallback,legacy_fallback,,legacy_identity_may_be_lossy,,0,No eligible registered case-count series facts are available for this disease and country; the public curve uses the legacy flat table.,all,All Sources,,web,all,All Sources,,web
country,br-pb,br-pb,"Paraíba, Brazil",public_projection,BR-PB,"Paraíba, Brazil",D102,Hantavirus infection,汉坦病毒感染,Viral,2002-12-01,2002-12,0,0,,,0.0,ibge_computed,,,,,,,,,,,,,,,,,,,,,,legacy_fallback,legacy_fallback,,legacy_identity_may_be_lossy,,0,No eligible registered case-count series facts are available for this disease and country; the public curve uses the legacy flat table.,all,All Sources,,web,all,All Sources,,web
country,br-pb,br-pb,"Paraíba, Brazil",public_projection,BR-PB,"Paraíba, Brazil",D005,AIDS,艾滋病,Viral,2003-01-01,2003-01,0,0,,,0.0,ibge_computed,,SER_BR_AIDS_ADULT_AIDA,,,,,,monthly,,,,,,,,,,,,,,series_registry,representative_series,parity,non_additive_series_not_rolled_up,SER_BR_AIDS_ADULT_AIDA,2,Multiple registered series are not declared safely additive. The compatibility curve uses one representative series; inspect source_series for every retained definition.,all,All Sources,,web,all,All Sources,,web
country,br-pb,br-pb,"Paraíba, Brazil",source_series_observation,BR-PB,"Paraíba, Brazil",D005,AIDS,艾滋病,Viral,2003-01-01,2003-01,0,0,,,,,,SER_BR_AIDS_ADULT_AIDA,SER_BR_AIDS_ADULT_AIDA,SRC_BR_SINAN,AIDS in adults,case_notifications,notification,monthly,count,country:BR-PB:national,all,exact,unknown,non_additive,active,missing_is_unknown,globalid-disease-ontology:2026.09.26.1,SINAN AIDA file family.,,provisional,True,series_registry,representative_series,parity,non_additive_series_not_rolled_up,SER_BR_AIDS_ADULT_AIDA,2,Multiple registered series are not declared safely additive. The compatibility curve uses one representative series; inspect source_series for every retained definition.,all,All Sources,,web,all,All Sources,,web
country,br-pb,br-pb,"Paraíba, Brazil",public_projection,BR-PB,"Paraíba, Brazil",D021,Dengue,登革热,Viral,2003-01-01,2003-01,1082,1082,,,30.750910519681863,ibge_computed,,,,,,,,,,,,,,,,,,,,,,legacy_fallback,legacy_fallback,,legacy_identity_may_be_lossy,,0,No eligible registered case-count series facts are available for this disease and country; the public curve uses the legacy flat table.,all,All Sources,,web,all,All Sources,,web
country,br-pb,br-pb,"Paraíba, Brazil",public_projection,BR-PB,"Paraíba, Brazil",D025,Tuberculosis,肺结核,Bacterial,2003-01-01,2003-01,114,114,,,3.239929574162414,ibge_computed,,,,,,,,,,,,,,,,,,,,,,legacy_fallback,legacy_fallback,,legacy_identity_may_be_lossy,,0,No eligible registered case-count series facts are available for this disease and country; the public curve uses the legacy flat table.,all,All Sources,,web,all,All Sources,,web
country,br-pb,br-pb,"Paraíba, Brazil",public_projection,BR-PB,"Paraíba, Brazil",D035,Leptospirosis,钩端螺旋体病,Bacterial,2003-01-01,2003-01,1,1,,,0.028420434861073807,ibge_computed,,,,,,,,,,,,,,,,,,,,,,legacy_fallback,legacy_fallback,,legacy_identity_may_be_lossy,,0,No eligible registered case-count series facts are available for this disease and country; the public curve uses the legacy flat table.,all,All Sources,,web,all,All Sources,,web
country,br-pb,br-pb,"Paraíba, Brazil",public_projection,BR-PB,"Paraíba, Brazil",D042,Leprosy,麻风病,Bacterial,2003-01-01,2003-01,86,86,,,2.4441573980523477,ibge_computed,,,,,,,,,,,,,,,,,,,,,,legacy_fallback,legacy_fallback,,legacy_identity_may_be_lossy,,0,No eligible registered case-count series facts are available for this disease and country; the public curve uses the legacy flat table.,all,All Sources,,web,all,All Sources,,web
country,br-pb,br-pb,"Paraíba, Brazil",public_projection,BR-PB,"Paraíba, Brazil",D044,Kala-azar,黑热病,Parasitic,2003-01-01,2003-01,7,7,,,0.19894304402751664,ibge_computed,,,,,,,,,,,,,,,,,,,,,,legacy_fallback,legacy_fallback,,legacy_identity_may_be_lossy,,0,No eligible registered case-count series facts are available for this disease and country; the public curve uses the legacy flat table.,all,All Sources,,web,all,All Sources,,web
country,br-pb,br-pb,"Paraíba, Brazil",public_projection,BR-PB,"Paraíba, Brazil",D082,Leishmaniasis,利什曼病,Parasitic,2003-01-01,2003-01,8,8,,,0.22736347888859046,ibge_computed,,,,,,,,,,,,,,,,,,,,,,legacy_fallback,legacy_fallback,,legacy_identity_may_be_lossy,,0,No eligible registered case-count series facts are available for this disease and country; the public curve uses the legacy flat table.,all,All Sources,,web,all,All Sources,,web
country,br-pb,br-pb,"Paraíba, Brazil",public_projection,BR-PB,"Paraíba, Brazil",D084,Chagas disease,恰加斯病,Parasitic,2003-01-01,2003-01,16,16,,,0.4547269577771809,ibge_computed,,,,,,,,,,,,,,,,,,,,,,legacy_fallback,legacy_fallback,,legacy_identity_may_be_lossy,,0,No eligible registered case-count series facts are available for this disease and country; the public curve uses the legacy flat table.,all,All Sources,,web,all,All Sources,,web
country,br-pb,br-pb,"Paraíba, Brazil",public_projection,BR-PB,"Paraíba, Brazil",D102,Hantavirus infection,汉坦病毒感染,Viral,2003-01-01,2003-01,0,0,,,0.0,ibge_computed,,,,,,,,,,,,,,,,,,,,,,legacy_fallback,legacy_fallback,,legacy_identity_may_be_lossy,,0,No eligible registered case-count series facts are available for this disease and country; the public curve uses the legacy flat table.,all,All Sources,,web,all,All Sources,,web
country,br-pb,br-pb,"Paraíba, Brazil",public_projection,BR-PB,"Paraíba, Brazil",D021,Dengue,登革热,Viral,2003-02-01,2003-02,1732,1732,,,49.22419317937984,ibge_computed,,,,,,,,,,,,,,,,,,,,,,legacy_fallback,legacy_fallback,,legacy_identity_may_be_lossy,,0,No eligible registered case-count series facts are available for this disease and country; the public curve uses the legacy flat table.,all,All Sources,,web,all,All Sources,,web
country,br-pb,br-pb,"Paraíba, Brazil",public_projection,BR-PB,"Paraíba, Brazil",D025,Tuberculosis,肺结核,Bacterial,2003-02-01,2003-02,133,133,,,3.779917836522817,ibge_computed,,,,,,,,,,,,,,,,,,,,,,legacy_fallback,legacy_fallback,,legacy_identity_may_be_lossy,,0,No eligible registered case-count series facts are available for this disease and country; the public curve uses the legacy flat table.,all,All Sources,,web,all,All Sources,,web
country,br-pb,br-pb,"Paraíba, Brazil",public_projection,BR-PB,"Paraíba, Brazil",D035,Leptospirosis,钩端螺旋体病,Bacterial,2003-02-01,2003-02,5,5,,,0.14210217430536906,ibge_computed,,,,,,,,,,,,,,,,,,,,,,legacy_fallback,legacy_fallback,,legacy_identity_may_be_lossy,,0,No eligible registered case-count series facts are available for this disease and country; the public curve uses the legacy flat table.,all,All Sources,,web,all,All Sources,,web
country,br-pb,br-pb,"Paraíba, Brazil",public_projection,BR-PB,"Paraíba, Brazil",D042,Leprosy,麻风病,Bacterial,2003-02-01,2003-02,110,110,,,3.126247834718119,ibge_computed,,,,,,,,,,,,,,,,,,,,,,legacy_fallback,legacy_fallback,,legacy_identity_may_be_lossy,,0,No eligible registered case-count series facts are available for this disease and country; the public curve uses the legacy flat table.,all,All Sources,,web,all,All Sources,,web
country,br-pb,br-pb,"Paraíba, Brazil",public_projection,BR-PB,"Paraíba, Brazil",D044,Kala-azar,黑热病,Parasitic,2003-02-01,2003-02,5,5,,,0.14210217430536906,ibge_computed,,,,,,,,,,,,,,,,,,,,,,legacy_fallback,legacy_fallback,,legacy_identity_may_be_lossy,,0,No eligible registered case-count series facts are available for this disease and country; the public curve uses the legacy flat table.,all,All Sources,,web,all,All Sources,,web
country,br-pb,br-pb,"Paraíba, Brazil",public_projection,BR-PB,"Paraíba, Brazil",D082,Leishmaniasis,利什曼病,Parasitic,2003-02-01,2003-02,5,5,,,0.14210217430536906,ibge_computed,,,,,,,,,,,,,,,,,,,,,,legacy_fallback,legacy_fallback,,legacy_identity_may_be_lossy,,0,No eligible registered case-count series facts are available for this disease and country; the public curve uses the legacy flat table.,all,All Sources,,web,all,All Sources,,web
country,br-pb,br-pb,"Paraíba, Brazil",public_projection,BR-PB,"Paraíba, Brazil",D084,Chagas disease,恰加斯病,Parasitic,2003-02-01,2003-02,8,8,,,0.22736347888859046,ibge_computed,,,,,,,,,,,,,,,,,,,,,,legacy_fallback,legacy_fallback,,legacy_identity_may_be_lossy,,0,No eligible registered case-count series facts are available for this disease and country; the public curve uses the legacy flat table.,all,All Sources,,web,all,All Sources,,web
country,br-pb,br-pb,"Paraíba, Brazil",public_projection,BR-PB,"Paraíba, Brazil",D102,Hantavirus infection,汉坦病毒感染,Viral,2003-02-01,2003-02,0,0,,,0.0,ibge_computed,,,,,,,,,,,,,,,,,,,,,,legacy_fallback,legacy_fallback,,legacy_identity_may_be_lossy,,0,No eligible registered case-count series facts are available for this disease and country; the public curve uses the legacy flat table.,all,All Sources,,web,all,All Sources,,web
country,br-pb,br-pb,"Paraíba, Brazil",public_projection,BR-PB,"Paraíba, Brazil",D021,Dengue,登革热,Viral,2003-03-01,2003-03,2661,2661,,,75.6267771653174,ibge_computed,,,,,,,,,,,,,,,,,,,,,,legacy_fallback,legacy_fallback,,legacy_identity_may_be_lossy,,0,No eligible registered case-count series facts are available for this disease and country; the public curve uses the legacy flat table.,all,All Sources,,web,all,All Sources,,web
country,br-pb,br-pb,"Paraíba, Brazil",public_projection,BR-PB,"Paraíba, Brazil",D025,Tuberculosis,肺结核,Bacterial,2003-03-01,2003-03,98,98,,,2.785202616385233,ibge_computed,,,,,,,,,,,,,,,,,,,,,,legacy_fallback,legacy_fallback,,legacy_identity_may_be_lossy,,0,No eligible registered case-count series facts are available for this disease and country; the public curve uses the legacy flat table.,all,All Sources,,web,all,All Sources,,web
country,br-pb,br-pb,"Paraíba, Brazil",public_projection,BR-PB,"Paraíba, Brazil",D035,Leptospirosis,钩端螺旋体病,Bacterial,2003-03-01,2003-03,5,5,,,0.14210217430536906,ibge_computed,,,,,,,,,,,,,,,,,,,,,,legacy_fallback,legacy_fallback,,legacy_identity_may_be_lossy,,0,No eligible registered case-count series facts are available for this disease and country; the public curve uses the legacy flat table.,all,All Sources,,web,all,All Sources,,web
country,br-pb,br-pb,"Paraíba, Brazil",public_projection,BR-PB,"Paraíba, Brazil",D042,Leprosy,麻风病,Bacterial,2003-03-01,2003-03,120,120,,,3.4104521833288572,ibge_computed,,,,,,,,,,,,,,,,,,,,,,legacy_fallback,legacy_fallback,,legacy_identity_may_be_lossy,,0,No eligible registered case-count series facts are available for this disease and country; the public curve uses the legacy flat table.,all,All Sources,,web,all,All Sources,,web
country,br-pb,br-pb,"Paraíba, Brazil",public_projection,BR-PB,"Paraíba, Brazil",D044,Kala-azar,黑热病,Parasitic,2003-03-01,2003-03,12,12,,,0.3410452183328857,ibge_computed,,,,,,,,,,,,,,,,,,,,,,legacy_fallback,legacy_fallback,,legacy_identity_may_be_lossy,,0,No eligible registered case-count series facts are available for this disease and country; the public curve uses the legacy flat table.,all,All Sources,,web,all,All Sources,,web
country,br-pb,br-pb,"Paraíba, Brazil",public_projection,BR-PB,"Paraíba, Brazil",D082,Leishmaniasis,利什曼病,Parasitic,2003-03-01,2003-03,9,9,,,0.2557839137496643,ibge_computed,,,,,,,,,,,,,,,,,,,,,,legacy_fallback,legacy_fallback,,legacy_identity_may_be_lossy,,0,No eligible registered case-count series facts are available for this disease and country; the public curve uses the legacy flat table.,all,All Sources,,web,all,All Sources,,web
country,br-pb,br-pb,"Paraíba, Brazil",public_projection,BR-PB,"Paraíba, Brazil",D084,Chagas disease,恰加斯病,Parasitic,2003-03-01,2003-03,9,9,,,0.2557839137496643,ibge_computed,,,,,,,,,,,,,,,,,,,,,,legacy_fallback,legacy_fallback,,legacy_identity_may_be_lossy,,0,No eligible registered case-count series facts are available for this disease and country; the public curve uses the legacy flat table.,all,All Sources,,web,all,All Sources,,web
country,br-pb,br-pb,"Paraíba, Brazil",public_projection,BR-PB,"Paraíba, Brazil",D102,Hantavirus infection,汉坦病毒感染,Viral,2003-03-01,2003-03,0,0,,,0.0,ibge_computed,,,,,,,,,,,,,,,,,,,,,,legacy_fallback,legacy_fallback,,legacy_identity_may_be_lossy,,0,No eligible registered case-count series facts are available for this disease and country; the public curve uses the legacy flat table.,all,All Sources,,web,all,All Sources,,web
country,br-pb,br-pb,"Paraíba, Brazil",public_projection,BR-PB,"Paraíba, Brazil",D021,Dengue,登革热,Viral,2003-04-01,2003-04,3689,3689,,,104.84298420250128,ibge_computed,,,,,,,,,,,,,,,,,,,,,,legacy_fallback,legacy_fallback,,legacy_identity_may_be_lossy,,0,No eligible registered case-count series facts are available for this disease and country; the public curve uses the legacy flat table.,all,All Sources,,web,all,All Sources,,web
country,br-pb,br-pb,"Paraíba, Brazil",public_projection,BR-PB,"Paraíba, Brazil",D025,Tuberculosis,肺结核,Bacterial,2003-04-01,2003-04,124,124,,,3.524133922773152,ibge_computed,,,,,,,,,,,,,,,,,,,,,,legacy_fallback,legacy_fallback,,legacy_identity_may_be_lossy,,0,No eligible registered case-count series facts are available for this disease and country; the public curve uses the legacy flat table.,all,All Sources,,web,all,All Sources,,web
country,br-pb,br-pb,"Paraíba, Brazil",public_projection,BR-PB,"Paraíba, Brazil",D035,Leptospirosis,钩端螺旋体病,Bacterial,2003-04-01,2003-04,4,4,,,0.11368173944429523,ibge_computed,,,,,,,,,,,,,,,,,,,,,,legacy_fallback,legacy_fallback,,legacy_identity_may_be_lossy,,0,No eligible registered case-count series facts are available for this disease and country; the public curve uses the legacy flat table.,all,All Sources,,web,all,All Sources,,web
country,br-pb,br-pb,"Paraíba, Brazil",public_projection,BR-PB,"Paraíba, Brazil",D042,Leprosy,麻风病,Bacterial,2003-04-01,2003-04,79,79,,,2.245214354024831,ibge_computed,,,,,,,,,,,,,,,,,,,,,,legacy_fallback,legacy_fallback,,legacy_identity_may_be_lossy,,0,No eligible registered case-count series facts are available for this disease and country; the public curve uses the legacy flat table.,all,All Sources,,web,all,All Sources,,web
country,br-pb,br-pb,"Paraíba, Brazil",public_projection,BR-PB,"Paraíba, Brazil",D044,Kala-azar,黑热病,Parasitic,2003-04-01,2003-04,7,7,,,0.19894304402751664,ibge_computed,,,,,,,,,,,,,,,,,,,,,,legacy_fallback,legacy_fallback,,legacy_identity_may_be_lossy,,0,No eligible registered case-count series facts are available for this disease and country; the public curve uses the legacy flat table.,all,All Sources,,web,all,All Sources,,web
country,br-pb,br-pb,"Paraíba, Brazil",public_projection,BR-PB,"Paraíba, Brazil",D082,Leishmaniasis,利什曼病,Parasitic,2003-04-01,2003-04,10,10,,,0.2842043486107381,ibge_computed,,,,,,,,,,,,,,,,,,,,,,legacy_fallback,legacy_fallback,,legacy_identity_may_be_lossy,,0,No eligible registered case-count series facts are available for this disease and country; the public curve uses the legacy flat table.,all,All Sources,,web,all,All Sources,,web
country,br-pb,br-pb,"Paraíba, Brazil",public_projection,BR-PB,"Paraíba, Brazil",D084,Chagas disease,恰加斯病,Parasitic,2003-04-01,2003-04,8,8,,,0.22736347888859046,ibge_computed,,,,,,,,,,,,,,,,,,,,,,legacy_fallback,legacy_fallback,,legacy_identity_may_be_lossy,,0,No eligible registered case-count series facts are available for this disease and country; the public curve uses the legacy flat table.,all,All Sources,,web,all,All Sources,,web
country,br-pb,br-pb,"Paraíba, Brazil",public_projection,BR-PB,"Paraíba, Brazil",D102,Hantavirus infection,汉坦病毒感染,Viral,2003-04-01,2003-04,0,0,,,0.0,ibge_computed,,,,,,,,,,,,,,,,,,,,,,legacy_fallback,legacy_fallback,,legacy_identity_may_be_lossy,,0,No eligible registered case-count series facts are available for this disease and country; the public curve uses the legacy flat table.,all,All Sources,,web,all,All Sources,,web
country,br-pb,br-pb,"Paraíba, Brazil",public_projection,BR-PB,"Paraíba, Brazil",D021,Dengue,登革热,Viral,2003-05-01,2003-05,3272,3272,,,92.9916628654335,ibge_computed,,,,,,,,,,,,,,,,,,,,,,legacy_fallback,legacy_fallback,,legacy_identity_may_be_lossy,,0,No eligible registered case-count series facts are available for this disease and country; the public curve uses the legacy flat table.,all,All Sources,,web,all,All Sources,,web
country,br-pb,br-pb,"Paraíba, Brazil",public_projection,BR-PB,"Paraíba, Brazil",D025,Tuberculosis,肺结核,Bacterial,2003-05-01,2003-05,138,138,,,3.9220200108281853,ibge_computed,,,,,,,,,,,,,,,,,,,,,,legacy_fallback,legacy_fallback,,legacy_identity_may_be_lossy,,0,No eligible registered case-count series facts are available for this disease and country; the public curve uses the legacy flat table.,all,All Sources,,web,all,All Sources,,web
country,br-pb,br-pb,"Paraíba, Brazil",public_projection,BR-PB,"Paraíba, Brazil",D035,Leptospirosis,钩端螺旋体病,Bacterial,2003-05-01,2003-05,3,3,,,0.08526130458322143,ibge_computed,,,,,,,,,,,,,,,,,,,,,,legacy_fallback,legacy_fallback,,legacy_identity_may_be_lossy,,0,No eligible registered case-count series facts are available for this disease and country; the public curve uses the legacy flat table.,all,All Sources,,web,all,All Sources,,web
country,br-pb,br-pb,"Paraíba, Brazil",public_projection,BR-PB,"Paraíba, Brazil",D042,Leprosy,麻风病,Bacterial,2003-05-01,2003-05,86,86,,,2.4441573980523477,ibge_computed,,,,,,,,,,,,,,,,,,,,,,legacy_fallback,legacy_fallback,,legacy_identity_may_be_lossy,,0,No eligible registered case-count series facts are available for this disease and country; the public curve uses the legacy flat table.,all,All Sources,,web,all,All Sources,,web
country,br-pb,br-pb,"Paraíba, Brazil",public_projection,BR-PB,"Paraíba, Brazil",D044,Kala-azar,黑热病,Parasitic,2003-05-01,2003-05,10,10,,,0.2842043486107381,ibge_computed,,,,,,,,,,,,,,,,,,,,,,legacy_fallback,legacy_fallback,,legacy_identity_may_be_lossy,,0,No eligible registered case-count series facts are available for this disease and country; the public curve uses the legacy flat table.,all,All Sources,,web,all,All Sources,,web
country,br-pb,br-pb,"Paraíba, Brazil",public_projection,BR-PB,"Paraíba, Brazil",D082,Leishmaniasis,利什曼病,Parasitic,2003-05-01,2003-05,9,9,,,0.2557839137496643,ibge_computed,,,,,,,,,,,,,,,,,,,,,,legacy_fallback,legacy_fallback,,legacy_identity_may_be_lossy,,0,No eligible registered case-count series facts are available for this disease and country; the public curve uses the legacy flat table.,all,All Sources,,web,all,All Sources,,web
country,br-pb,br-pb,"Paraíba, Brazil",public_projection,BR-PB,"Paraíba, Brazil",D084,Chagas disease,恰加斯病,Parasitic,2003-05-01,2003-05,4,4,,,0.11368173944429523,ibge_computed,,,,,,,,,,,,,,,,,,,,,,legacy_fallback,legacy_fallback,,legacy_identity_may_be_lossy,,0,No eligible registered case-count series facts are available for this disease and country; the public curve uses the legacy flat table.,all,All Sources,,web,all,All Sources,,web
country,br-pb,br-pb,"Paraíba, Brazil",public_projection,BR-PB,"Paraíba, Brazil",D102,Hantavirus infection,汉坦病毒感染,Viral,2003-05-01,2003-05,0,0,,,0.0,ibge_computed,,,,,,,,,,,,,,,,,,,,,,legacy_fallback,legacy_fallback,,legacy_identity_may_be_lossy,,0,No eligible registered case-count series facts are available for this disease and country; the public curve uses the legacy flat table.,all,All Sources,,web,all,All Sources,,web
country,br-pb,br-pb,"Paraíba, Brazil",public_projection,BR-PB,"Paraíba, Brazil",D021,Dengue,登革热,Viral,2003-06-01,2003-06,1423,1423,,,40.44227880730803,ibge_computed,,,,,,,,,,,,,,,,,,,,,,legacy_fallback,legacy_fallback,,legacy_identity_may_be_lossy,,0,No eligible registered case-count series facts are available for this disease and country; the public curve uses the legacy flat table.,all,All Sources,,web,all,All Sources,,web
country,br-pb,br-pb,"Paraíba, Brazil",public_projection,BR-PB,"Paraíba, Brazil",D025,Tuberculosis,肺结核,Bacterial,2003-06-01,2003-06,96,96,,,2.7283617466630856,ibge_computed,,,,,,,,,,,,,,,,,,,,,,legacy_fallback,legacy_fallback,,legacy_identity_may_be_lossy,,0,No eligible registered case-count series facts are available for this disease and country; the public curve uses the legacy flat table.,all,All Sources,,web,all,All Sources,,web
country,br-pb,br-pb,"Paraíba, Brazil",public_projection,BR-PB,"Paraíba, Brazil",D035,Leptospirosis,钩端螺旋体病,Bacterial,2003-06-01,2003-06,3,3,,,0.08526130458322143,ibge_computed,,,,,,,,,,,,,,,,,,,,,,legacy_fallback,legacy_fallback,,legacy_identity_may_be_lossy,,0,No eligible registered case-count series facts are available for this disease and country; the public curve uses the legacy flat table.,all,All Sources,,web,all,All Sources,,web
country,br-pb,br-pb,"Paraíba, Brazil",public_projection,BR-PB,"Paraíba, Brazil",D042,Leprosy,麻风病,Bacterial,2003-06-01,2003-06,63,63,,,1.79048739624765,ibge_computed,,,,,,,,,,,,,,,,,,,,,,legacy_fallback,legacy_fallback,,legacy_identity_may_be_lossy,,0,No eligible registered case-count series facts are available for this disease and country; the public curve uses the legacy flat table.,all,All Sources,,web,all,All Sources,,web
country,br-pb,br-pb,"Paraíba, Brazil",public_projection,BR-PB,"Paraíba, Brazil",D044,Kala-azar,黑热病,Parasitic,2003-06-01,2003-06,6,6,,,0.17052260916644285,ibge_computed,,,,,,,,,,,,,,,,,,,,,,legacy_fallback,legacy_fallback,,legacy_identity_may_be_lossy,,0,No eligible registered case-count series facts are available for this disease and country; the public curve uses the legacy flat table.,all,All Sources,,web,all,All Sources,,web
country,br-pb,br-pb,"Paraíba, Brazil",public_projection,BR-PB,"Paraíba, Brazil",D082,Leishmaniasis,利什曼病,Parasitic,2003-06-01,2003-06,3,3,,,0.08526130458322143,ibge_computed,,,,,,,,,,,,,,,,,,,,,,legacy_fallback,legacy_fallback,,legacy_identity_may_be_lossy,,0,No eligible registered case-count series facts are available for this disease and country; the public curve uses the legacy flat table.,all,All Sources,,web,all,All Sources,,web
country,br-pb,br-pb,"Paraíba, Brazil",public_projection,BR-PB,"Paraíba, Brazil",D084,Chagas disease,恰加斯病,Parasitic,2003-06-01,2003-06,4,4,,,0.11368173944429523,ibge_computed,,,,,,,,,,,,,,,,,,,,,,legacy_fallback,legacy_fallback,,legacy_identity_may_be_lossy,,0,No eligible registered case-count series facts are available for this disease and country; the public curve uses the legacy flat table.,all,All Sources,,web,all,All Sources,,web
country,br-pb,br-pb,"Paraíba, Brazil",public_projection,BR-PB,"Paraíba, Brazil",D102,Hantavirus infection,汉坦病毒感染,Viral,2003-06-01,2003-06,0,0,,,0.0,ibge_computed,,,,,,,,,,,,,,,,,,,,,,legacy_fallback,legacy_fallback,,legacy_identity_may_be_lossy,,0,No eligible registered case-count series facts are available for this disease and country; the public curve uses the legacy flat table.,all,All Sources,,web,all,All Sources,,web
country,br-pb,br-pb,"Paraíba, Brazil",public_projection,BR-PB,"Paraíba, Brazil",D005,AIDS,艾滋病,Viral,2003-07-01,2003-07,0,0,,,0.0,ibge_computed,,SER_BR_AIDS_ADULT_AIDA,,,,,,monthly,,,,,,,,,,,,,,series_registry,representative_series,parity,non_additive_series_not_rolled_up,SER_BR_AIDS_ADULT_AIDA,2,Multiple registered series are not declared safely additive. The compatibility curve uses one representative series; inspect source_series for every retained definition.,all,All Sources,,web,all,All Sources,,web
country,br-pb,br-pb,"Paraíba, Brazil",source_series_observation,BR-PB,"Paraíba, Brazil",D005,AIDS,艾滋病,Viral,2003-07-01,2003-07,0,0,,,,,,SER_BR_AIDS_ADULT_AIDA,SER_BR_AIDS_ADULT_AIDA,SRC_BR_SINAN,AIDS in adults,case_notifications,notification,monthly,count,country:BR-PB:national,all,exact,unknown,non_additive,active,missing_is_unknown,globalid-disease-ontology:2026.09.26.1,SINAN AIDA file family.,,provisional,True,series_registry,representative_series,parity,non_additive_series_not_rolled_up,SER_BR_AIDS_ADULT_AIDA,2,Multiple registered series are not declared safely additive. The compatibility curve uses one representative series; inspect source_series for every retained definition.,all,All Sources,,web,all,All Sources,,web
country,br-pb,br-pb,"Paraíba, Brazil",public_projection,BR-PB,"Paraíba, Brazil",D021,Dengue,登革热,Viral,2003-07-01,2003-07,889,889,,,25.265766591494618,ibge_computed,,,,,,,,,,,,,,,,,,,,,,legacy_fallback,legacy_fallback,,legacy_identity_may_be_lossy,,0,No eligible registered case-count series facts are available for this disease and country; the public curve uses the legacy flat table.,all,All Sources,,web,all,All Sources,,web
country,br-pb,br-pb,"Paraíba, Brazil",public_projection,BR-PB,"Paraíba, Brazil",D025,Tuberculosis,肺结核,Bacterial,2003-07-01,2003-07,130,130,,,3.694656531939595,ibge_computed,,,,,,,,,,,,,,,,,,,,,,legacy_fallback,legacy_fallback,,legacy_identity_may_be_lossy,,0,No eligible registered case-count series facts are available for this disease and country; the public curve uses the legacy flat table.,all,All Sources,,web,all,All Sources,,web
country,br-pb,br-pb,"Paraíba, Brazil",public_projection,BR-PB,"Paraíba, Brazil",D035,Leptospirosis,钩端螺旋体病,Bacterial,2003-07-01,2003-07,7,7,,,0.19894304402751664,ibge_computed,,,,,,,,,,,,,,,,,,,,,,legacy_fallback,legacy_fallback,,legacy_identity_may_be_lossy,,0,No eligible registered case-count series facts are available for this disease and country; the public curve uses the legacy flat table.,all,All Sources,,web,all,All Sources,,web
country,br-pb,br-pb,"Paraíba, Brazil",public_projection,BR-PB,"Paraíba, Brazil",D042,Leprosy,麻风病,Bacterial,2003-07-01,2003-07,95,95,,,2.699941311802012,ibge_computed,,,,,,,,,,,,,,,,,,,,,,legacy_fallback,legacy_fallback,,legacy_identity_may_be_lossy,,0,No eligible registered case-count series facts are available for this disease and country; the public curve uses the legacy flat table.,all,All Sources,,web,all,All Sources,,web
country,br-pb,br-pb,"Paraíba, Brazil",public_projection,BR-PB,"Paraíba, Brazil",D044,Kala-azar,黑热病,Parasitic,2003-07-01,2003-07,6,6,,,0.17052260916644285,ibge_computed,,,,,,,,,,,,,,,,,,,,,,legacy_fallback,legacy_fallback,,legacy_identity_may_be_lossy,,0,No eligible registered case-count series facts are available for this disease and country; the public curve uses the legacy flat table.,all,All Sources,,web,all,All Sources,,web
country,br-pb,br-pb,"Paraíba, Brazil",public_projection,BR-PB,"Paraíba, Brazil",D082,Leishmaniasis,利什曼病,Parasitic,2003-07-01,2003-07,4,4,,,0.11368173944429523,ibge_computed,,,,,,,,,,,,,,,,,,,,,,legacy_fallback,legacy_fallback,,legacy_identity_may_be_lossy,,0,No eligible registered case-count series facts are available for this disease and country; the public curve uses the legacy flat table.,all,All Sources,,web,all,All Sources,,web
country,br-pb,br-pb,"Paraíba, Brazil",public_projection,BR-PB,"Paraíba, Brazil",D084,Chagas disease,恰加斯病,Parasitic,2003-07-01,2003-07,18,18,,,0.5115678274993286,ibge_computed,,,,,,,,,,,,,,,,,,,,,,legacy_fallback,legacy_fallback,,legacy_identity_may_be_lossy,,0,No eligible registered case-count series facts are available for this disease and country; the public curve uses the legacy flat table.,all,All Sources,,web,all,All Sources,,web
country,br-pb,br-pb,"Paraíba, Brazil",public_projection,BR-PB,"Paraíba, Brazil",D102,Hantavirus infection,汉坦病毒感染,Viral,2003-07-01,2003-07,0,0,,,0.0,ibge_computed,,,,,,,,,,,,,,,,,,,,,,legacy_fallback,legacy_fallback,,legacy_identity_may_be_lossy,,0,No eligible registered case-count series facts are available for this disease and country; the public curve uses the legacy flat table.,all,All Sources,,web,all,All Sources,,web
country,br-pb,br-pb,"Paraíba, Brazil",public_projection,BR-PB,"Paraíba, Brazil",D021,Dengue,登革热,Viral,2003-08-01,2003-08,473,473,,,13.442865689287911,ibge_computed,,,,,,,,,,,,,,,,,,,,,,legacy_fallback,legacy_fallback,,legacy_identity_may_be_lossy,,0,No eligible registered case-count series facts are available for this disease and country; the public curve uses the legacy flat table.,all,All Sources,,web,all,All Sources,,web
country,br-pb,br-pb,"Paraíba, Brazil",public_projection,BR-PB,"Paraíba, Brazil",D025,Tuberculosis,肺结核,Bacterial,2003-08-01,2003-08,122,122,,,3.467293053051005,ibge_computed,,,,,,,,,,,,,,,,,,,,,,legacy_fallback,legacy_fallback,,legacy_identity_may_be_lossy,,0,No eligible registered case-count series facts are available for this disease and country; the public curve uses the legacy flat table.,all,All Sources,,web,all,All Sources,,web
country,br-pb,br-pb,"Paraíba, Brazil",public_projection,BR-PB,"Paraíba, Brazil",D035,Leptospirosis,钩端螺旋体病,Bacterial,2003-08-01,2003-08,2,2,,,0.056840869722147615,ibge_computed,,,,,,,,,,,,,,,,,,,,,,legacy_fallback,legacy_fallback,,legacy_identity_may_be_lossy,,0,No eligible registered case-count series facts are available for this disease and country; the public curve uses the legacy flat table.,all,All Sources,,web,all,All Sources,,web
country,br-pb,br-pb,"Paraíba, Brazil",public_projection,BR-PB,"Paraíba, Brazil",D042,Leprosy,麻风病,Bacterial,2003-08-01,2003-08,94,94,,,2.671520876940938,ibge_computed,,,,,,,,,,,,,,,,,,,,,,legacy_fallback,legacy_fallback,,legacy_identity_may_be_lossy,,0,No eligible registered case-count series facts are available for this disease and country; the public curve uses the legacy flat table.,all,All Sources,,web,all,All Sources,,web
country,br-pb,br-pb,"Paraíba, Brazil",public_projection,BR-PB,"Paraíba, Brazil",D044,Kala-azar,黑热病,Parasitic,2003-08-01,2003-08,8,8,,,0.22736347888859046,ibge_computed,,,,,,,,,,,,,,,,,,,,,,legacy_fallback,legacy_fallback,,legacy_identity_may_be_lossy,,0,No eligible registered case-count series facts are available for this disease and country; the public curve uses the legacy flat table.,all,All Sources,,web,all,All Sources,,web
country,br-pb,br-pb,"Paraíba, Brazil",public_projection,BR-PB,"Paraíba, Brazil",D082,Leishmaniasis,利什曼病,Parasitic,2003-08-01,2003-08,8,8,,,0.22736347888859046,ibge_computed,,,,,,,,,,,,,,,,,,,,,,legacy_fallback,legacy_fallback,,legacy_identity_may_be_lossy,,0,No eligible registered case-count series facts are available for this disease and country; the public curve uses the legacy flat table.,all,All Sources,,web,all,All Sources,,web
country,br-pb,br-pb,"Paraíba, Brazil",public_projection,BR-PB,"Paraíba, Brazil",D084,Chagas disease,恰加斯病,Parasitic,2003-08-01,2003-08,14,14,,,0.3978860880550333,ibge_computed,,,,,,,,,,,,,,,,,,,,,,legacy_fallback,legacy_fallback,,legacy_identity_may_be_lossy,,0,No eligible registered case-count series facts are available for this disease and country; the public curve uses the legacy flat table.,all,All Sources,,web,all,All Sources,,web
country,br-pb,br-pb,"Paraíba, Brazil",public_projection,BR-PB,"Paraíba, Brazil",D102,Hantavirus infection,汉坦病毒感染,Viral,2003-08-01,2003-08,0,0,,,0.0,ibge_computed,,,,,,,,,,,,,,,,,,,,,,legacy_fallback,legacy_fallback,,legacy_identity_may_be_lossy,,0,No eligible registered case-count series facts are available for this disease and country; the public curve uses the legacy flat table.,all,All Sources,,web,all,All Sources,,web
country,br-pb,br-pb,"Paraíba, Brazil",public_projection,BR-PB,"Paraíba, Brazil",D021,Dengue,登革热,Viral,2003-09-01,2003-09,263,263,,,7.474574368462411,ibge_computed,,,,,,,,,,,,,,,,,,,,,,legacy_fallback,legacy_fallback,,legacy_identity_may_be_lossy,,0,No eligible registered case-count series facts are available for this disease and country; the public curve uses the legacy flat table.,all,All Sources,,web,all,All Sources,,web
country,br-pb,br-pb,"Paraíba, Brazil",public_projection,BR-PB,"Paraíba, Brazil",D025,Tuberculosis,肺结核,Bacterial,2003-09-01,2003-09,107,107,,,3.0409865301348975,ibge_computed,,,,,,,,,,,,,,,,,,,,,,legacy_fallback,legacy_fallback,,legacy_identity_may_be_lossy,,0,No eligible registered case-count series facts are available for this disease and country; the public curve uses the legacy flat table.,all,All Sources,,web,all,All Sources,,web
country,br-pb,br-pb,"Paraíba, Brazil",public_projection,BR-PB,"Paraíba, Brazil",D035,Leptospirosis,钩端螺旋体病,Bacterial,2003-09-01,2003-09,3,3,,,0.08526130458322143,ibge_computed,,,,,,,,,,,,,,,,,,,,,,legacy_fallback,legacy_fallback,,legacy_identity_may_be_lossy,,0,No eligible registered case-count series facts are available for this disease and country; the public curve uses the legacy flat table.,all,All Sources,,web,all,All Sources,,web
country,br-pb,br-pb,"Paraíba, Brazil",public_projection,BR-PB,"Paraíba, Brazil",D042,Leprosy,麻风病,Bacterial,2003-09-01,2003-09,68,68,,,1.9325895705530192,ibge_computed,,,,,,,,,,,,,,,,,,,,,,legacy_fallback,legacy_fallback,,legacy_identity_may_be_lossy,,0,No eligible registered case-count series facts are available for this disease and country; the public curve uses the legacy flat table.,all,All Sources,,web,all,All Sources,,web
country,br-pb,br-pb,"Paraíba, Brazil",public_projection,BR-PB,"Paraíba, Brazil",D044,Kala-azar,黑热病,Parasitic,2003-09-01,2003-09,6,6,,,0.17052260916644285,ibge_computed,,,,,,,,,,,,,,,,,,,,,,legacy_fallback,legacy_fallback,,legacy_identity_may_be_lossy,,0,No eligible registered case-count series facts are available for this disease and country; the public curve uses the legacy flat table.,all,All Sources,,web,all,All Sources,,web
country,br-pb,br-pb,"Paraíba, Brazil",public_projection,BR-PB,"Paraíba, Brazil",D082,Leishmaniasis,利什曼病,Parasitic,2003-09-01,2003-09,5,5,,,0.14210217430536906,ibge_computed,,,,,,,,,,,,,,,,,,,,,,legacy_fallback,legacy_fallback,,legacy_identity_may_be_lossy,,0,No eligible registered case-count series facts are available for this disease and country; the public curve uses the legacy flat table.,all,All Sources,,web,all,All Sources,,web
country,br-pb,br-pb,"Paraíba, Brazil",public_projection,BR-PB,"Paraíba, Brazil",D084,Chagas disease,恰加斯病,Parasitic,2003-09-01,2003-09,11,11,,,0.3126247834718119,ibge_computed,,,,,,,,,,,,,,,,,,,,,,legacy_fallback,legacy_fallback,,legacy_identity_may_be_lossy,,0,No eligible registered case-count series facts are available for this disease and country; the public curve uses the legacy flat table.,all,All Sources,,web,all,All Sources,,web
country,br-pb,br-pb,"Paraíba, Brazil",public_projection,BR-PB,"Paraíba, Brazil",D102,Hantavirus infection,汉坦病毒感染,Viral,2003-09-01,2003-09,0,0,,,0.0,ibge_computed,,,,,,,,,,,,,,,,,,,,,,legacy_fallback,legacy_fallback,,legacy_identity_may_be_lossy,,0,No eligible registered case-count series facts are available for this disease and country; the public curve uses the legacy flat table.,all,All Sources,,web,all,All Sources,,web
country,br-pb,br-pb,"Paraíba, Brazil",public_projection,BR-PB,"Paraíba, Brazil",D021,Dengue,登革热,Viral,2003-10-01,2003-10,242,242,,,6.877745236379862,ibge_computed,,,,,,,,,,,,,,,,,,,,,,legacy_fallback,legacy_fallback,,legacy_identity_may_be_lossy,,0,No eligible registered case-count series facts are available for this disease and country; the public curve uses the legacy flat table.,all,All Sources,,web,all,All Sources,,web
country,br-pb,br-pb,"Paraíba, Brazil",public_projection,BR-PB,"Paraíba, Brazil",D025,Tuberculosis,肺结核,Bacterial,2003-10-01,2003-10,129,129,,,3.6662360970785213,ibge_computed,,,,,,,,,,,,,,,,,,,,,,legacy_fallback,legacy_fallback,,legacy_identity_may_be_lossy,,0,No eligible registered case-count series facts are available for this disease and country; the public curve uses the legacy flat table.,all,All Sources,,web,all,All Sources,,web
country,br-pb,br-pb,"Paraíba, Brazil",public_projection,BR-PB,"Paraíba, Brazil",D035,Leptospirosis,钩端螺旋体病,Bacterial,2003-10-01,2003-10,2,2,,,0.056840869722147615,ibge_computed,,,,,,,,,,,,,,,,,,,,,,legacy_fallback,legacy_fallback,,legacy_identity_may_be_lossy,,0,No eligible registered case-count series facts are available for this disease and country; the public curve uses the legacy flat table.,all,All Sources,,web,all,All Sources,,web
country,br-pb,br-pb,"Paraíba, Brazil",public_projection,BR-PB,"Paraíba, Brazil",D042,Leprosy,麻风病,Bacterial,2003-10-01,2003-10,85,85,,,2.4157369631912737,ibge_computed,,,,,,,,,,,,,,,,,,,,,,legacy_fallback,legacy_fallback,,legacy_identity_may_be_lossy,,0,No eligible registered case-count series facts are available for this disease and country; the public curve uses the legacy flat table.,all,All Sources,,web,all,All Sources,,web
country,br-pb,br-pb,"Paraíba, Brazil",public_projection,BR-PB,"Paraíba, Brazil",D044,Kala-azar,黑热病,Parasitic,2003-10-01,2003-10,6,6,,,0.17052260916644285,ibge_computed,,,,,,,,,,,,,,,,,,,,,,legacy_fallback,legacy_fallback,,legacy_identity_may_be_lossy,,0,No eligible registered case-count series facts are available for this disease and country; the public curve uses the legacy flat table.,all,All Sources,,web,all,All Sources,,web
country,br-pb,br-pb,"Paraíba, Brazil",public_projection,BR-PB,"Paraíba, Brazil",D082,Leishmaniasis,利什曼病,Parasitic,2003-10-01,2003-10,2,2,,,0.056840869722147615,ibge_computed,,,,,,,,,,,,,,,,,,,,,,legacy_fallback,legacy_fallback,,legacy_identity_may_be_lossy,,0,No eligible registered case-count series facts are available for this disease and country; the public curve uses the legacy flat table.,all,All Sources,,web,all,All Sources,,web
country,br-pb,br-pb,"Paraíba, Brazil",public_projection,BR-PB,"Paraíba, Brazil",D084,Chagas disease,恰加斯病,Parasitic,2003-10-01,2003-10,22,22,,,0.6252495669436238,ibge_computed,,,,,,,,,,,,,,,,,,,,,,legacy_fallback,legacy_fallback,,legacy_identity_may_be_lossy,,0,No eligible registered case-count series facts are available for this disease and country; the public curve uses the legacy flat table.,all,All Sources,,web,all,All Sources,,web
country,br-pb,br-pb,"Paraíba, Brazil",public_projection,BR-PB,"Paraíba, Brazil",D102,Hantavirus infection,汉坦病毒感染,Viral,2003-10-01,2003-10,0,0,,,0.0,ibge_computed,,,,,,,,,,,,,,,,,,,,,,legacy_fallback,legacy_fallback,,legacy_identity_may_be_lossy,,0,No eligible registered case-count series facts are available for this disease and country; the public curve uses the legacy flat table.,all,All Sources,,web,all,All Sources,,web
country,br-pb,br-pb,"Paraíba, Brazil",public_projection,BR-PB,"Paraíba, Brazil",D005,AIDS,艾滋病,Viral,2003-11-01,2003-11,0,0,,,0.0,ibge_computed,,SER_BR_AIDS_ADULT_AIDA,,,,,,monthly,,,,,,,,,,,,,,series_registry,representative_series,parity,non_additive_series_not_rolled_up,SER_BR_AIDS_ADULT_AIDA,2,Multiple registered series are not declared safely additive. The compatibility curve uses one representative series; inspect source_series for every retained definition.,all,All Sources,,web,all,All Sources,,web
country,br-pb,br-pb,"Paraíba, Brazil",source_series_observation,BR-PB,"Paraíba, Brazil",D005,AIDS,艾滋病,Viral,2003-11-01,2003-11,0,0,,,,,,SER_BR_AIDS_ADULT_AIDA,SER_BR_AIDS_ADULT_AIDA,SRC_BR_SINAN,AIDS in adults,case_notifications,notification,monthly,count,country:BR-PB:national,all,exact,unknown,non_additive,active,missing_is_unknown,globalid-disease-ontology:2026.09.26.1,SINAN AIDA file family.,,provisional,True,series_registry,representative_series,parity,non_additive_series_not_rolled_up,SER_BR_AIDS_ADULT_AIDA,2,Multiple registered series are not declared safely additive. The compatibility curve uses one representative series; inspect source_series for every retained definition.,all,All Sources,,web,all,All Sources,,web
country,br-pb,br-pb,"Paraíba, Brazil",public_projection,BR-PB,"Paraíba, Brazil",D021,Dengue,登革热,Viral,2003-11-01,2003-11,212,212,,,6.025132190547647,ibge_computed,,,,,,,,,,,,,,,,,,,,,,legacy_fallback,legacy_fallback,,legacy_identity_may_be_lossy,,0,No eligible registered case-count series facts are available for this disease and country; the public curve uses the legacy flat table.,all,All Sources,,web,all,All Sources,,web
country,br-pb,br-pb,"Paraíba, Brazil",public_projection,BR-PB,"Paraíba, Brazil",D025,Tuberculosis,肺结核,Bacterial,2003-11-01,2003-11,134,134,,,3.8083382713838905,ibge_computed,,,,,,,,,,,,,,,,,,,,,,legacy_fallback,legacy_fallback,,legacy_identity_may_be_lossy,,0,No eligible registered case-count series facts are available for this disease and country; the public curve uses the legacy flat table.,all,All Sources,,web,all,All Sources,,web
country,br-pb,br-pb,"Paraíba, Brazil",public_projection,BR-PB,"Paraíba, Brazil",D035,Leptospirosis,钩端螺旋体病,Bacterial,2003-11-01,2003-11,0,0,,,0.0,ibge_computed,,,,,,,,,,,,,,,,,,,,,,legacy_fallback,legacy_fallback,,legacy_identity_may_be_lossy,,0,No eligible registered case-count series facts are available for this disease and country; the public curve uses the legacy flat table.,all,All Sources,,web,all,All Sources,,web
country,br-pb,br-pb,"Paraíba, Brazil",public_projection,BR-PB,"Paraíba, Brazil",D042,Leprosy,麻风病,Bacterial,2003-11-01,2003-11,81,81,,,2.3020552237469785,ibge_computed,,,,,,,,,,,,,,,,,,,,,,legacy_fallback,legacy_fallback,,legacy_identity_may_be_lossy,,0,No eligible registered case-count series facts are available for this disease and country; the public curve uses the legacy flat table.,all,All Sources,,web,all,All Sources,,web
country,br-pb,br-pb,"Paraíba, Brazil",public_projection,BR-PB,"Paraíba, Brazil",D044,Kala-azar,黑热病,Parasitic,2003-11-01,2003-11,10,10,,,0.2842043486107381,ibge_computed,,,,,,,,,,,,,,,,,,,,,,legacy_fallback,legacy_fallback,,legacy_identity_may_be_lossy,,0,No eligible registered case-count series facts are available for this disease and country; the public curve uses the legacy flat table.,all,All Sources,,web,all,All Sources,,web
country,br-pb,br-pb,"Paraíba, Brazil",public_projection,BR-PB,"Paraíba, Brazil",D082,Leishmaniasis,利什曼病,Parasitic,2003-11-01,2003-11,2,2,,,0.056840869722147615,ibge_computed,,,,,,,,,,,,,,,,,,,,,,legacy_fallback,legacy_fallback,,legacy_identity_may_be_lossy,,0,No eligible registered case-count series facts are available for this disease and country; the public curve uses the legacy flat table.,all,All Sources,,web,all,All Sources,,web
country,br-pb,br-pb,"Paraíba, Brazil",public_projection,BR-PB,"Paraíba, Brazil",D084,Chagas disease,恰加斯病,Parasitic,2003-11-01,2003-11,19,19,,,0.5399882623604023,ibge_computed,,,,,,,,,,,,,,,,,,,,,,legacy_fallback,legacy_fallback,,legacy_identity_may_be_lossy,,0,No eligible registered case-count series facts are available for this disease and country; the public curve uses the legacy flat table.,all,All Sources,,web,all,All Sources,,web
country,br-pb,br-pb,"Paraíba, Brazil",public_projection,BR-PB,"Paraíba, Brazil",D102,Hantavirus infection,汉坦病毒感染,Viral,2003-11-01,2003-11,0,0,,,0.0,ibge_computed,,,,,,,,,,,,,,,,,,,,,,legacy_fallback,legacy_fallback,,legacy_identity_may_be_lossy,,0,No eligible registered case-count series facts are available for this disease and country; the public curve uses the legacy flat table.,all,All Sources,,web,all,All Sources,,web
country,br-pb,br-pb,"Paraíba, Brazil",public_projection,BR-PB,"Paraíba, Brazil",D021,Dengue,登革热,Viral,2003-12-01,2003-12,156,156,,,4.433587838327514,ibge_computed,,,,,,,,,,,,,,,,,,,,,,legacy_fallback,legacy_fallback,,legacy_identity_may_be_lossy,,0,No eligible registered case-count series facts are available for this disease and country; the public curve uses the legacy flat table.,all,All Sources,,web,all,All Sources,,web
country,br-pb,br-pb,"Paraíba, Brazil",public_projection,BR-PB,"Paraíba, Brazil",D025,Tuberculosis,肺结核,Bacterial,2003-12-01,2003-12,118,118,,,3.3536113136067094,ibge_computed,,,,,,,,,,,,,,,,,,,,,,legacy_fallback,legacy_fallback,,legacy_identity_may_be_lossy,,0,No eligible registered case-count series facts are available for this disease and country; the public curve uses the legacy flat table.,all,All Sources,,web,all,All Sources,,web
country,br-pb,br-pb,"Paraíba, Brazil",public_projection,BR-PB,"Paraíba, Brazil",D035,Leptospirosis,钩端螺旋体病,Bacterial,2003-12-01,2003-12,1,1,,,0.028420434861073807,ibge_computed,,,,,,,,,,,,,,,,,,,,,,legacy_fallback,legacy_fallback,,legacy_identity_may_be_lossy,,0,No eligible registered case-count series facts are available for this disease and country; the public curve uses the legacy flat table.,all,All Sources,,web,all,All Sources,,web
country,br-pb,br-pb,"Paraíba, Brazil",public_projection,BR-PB,"Paraíba, Brazil",D042,Leprosy,麻风病,Bacterial,2003-12-01,2003-12,57,57,,,1.619964787081207,ibge_computed,,,,,,,,,,,,,,,,,,,,,,legacy_fallback,legacy_fallback,,legacy_identity_may_be_lossy,,0,No eligible registered case-count series facts are available for this disease and country; the public curve uses the legacy flat table.,all,All Sources,,web,all,All Sources,,web
country,br-pb,br-pb,"Paraíba, Brazil",public_projection,BR-PB,"Paraíba, Brazil",D044,Kala-azar,黑热病,Parasitic,2003-12-01,2003-12,9,9,,,0.2557839137496643,ibge_computed,,,,,,,,,,,,,,,,,,,,,,legacy_fallback,legacy_fallback,,legacy_identity_may_be_lossy,,0,No eligible registered case-count series facts are available for this disease and country; the public curve uses the legacy flat table.,all,All Sources,,web,all,All Sources,,web
country,br-pb,br-pb,"Paraíba, Brazil",public_projection,BR-PB,"Paraíba, Brazil",D082,Leishmaniasis,利什曼病,Parasitic,2003-12-01,2003-12,1,1,,,0.028420434861073807,ibge_computed,,,,,,,,,,,,,,,,,,,,,,legacy_fallback,legacy_fallback,,legacy_identity_may_be_lossy,,0,No eligible registered case-count series facts are available for this disease and country; the public curve uses the legacy flat table.,all,All Sources,,web,all,All Sources,,web
country,br-pb,br-pb,"Paraíba, Brazil",public_projection,BR-PB,"Paraíba, Brazil",D084,Chagas disease,恰加斯病,Parasitic,2003-12-01,2003-12,11,11,,,0.3126247834718119,ibge_computed,,,,,,,,,,,,,,,,,,,,,,legacy_fallback,legacy_fallback,,legacy_identity_may_be_lossy,,0,No eligible registered case-count series facts are available for this disease and country; the public curve uses the legacy flat table.,all,All Sources,,web,all,All Sources,,web
country,br-pb,br-pb,"Paraíba, Brazil",public_projection,BR-PB,"Paraíba, Brazil",D102,Hantavirus infection,汉坦病毒感染,Viral,2003-12-01,2003-12,0,0,,,0.0,ibge_computed,,,,,,,,,,,,,,,,,,,,,,legacy_fallback,legacy_fallback,,legacy_identity_may_be_lossy,,0,No eligible registered case-count series facts are available for this disease and country; the public curve uses the legacy flat table.,all,All Sources,,web,all,All Sources,,web
country,br-pb,br-pb,"Paraíba, Brazil",public_projection,BR-PB,"Paraíba, Brazil",D021,Dengue,登革热,Viral,2004-01-01,2004-01,208,208,,,5.829024619221769,ibge_computed,,,,,,,,,,,,,,,,,,,,,,legacy_fallback,legacy_fallback,,legacy_identity_may_be_lossy,,0,No eligible registered case-count series facts are available for this disease and country; the public curve uses the legacy flat table.,all,All Sources,,web,all,All Sources,,web
country,br-pb,br-pb,"Paraíba, Brazil",public_projection,BR-PB,"Paraíba, Brazil",D025,Tuberculosis,肺结核,Bacterial,2004-01-01,2004-01,103,103,,,2.8864881527877033,ibge_computed,,,,,,,,,,,,,,,,,,,,,,legacy_fallback,legacy_fallback,,legacy_identity_may_be_lossy,,0,No eligible registered case-count series facts are available for this disease and country; the public curve uses the legacy flat table.,all,All Sources,,web,all,All Sources,,web
country,br-pb,br-pb,"Paraíba, Brazil",public_projection,BR-PB,"Paraíba, Brazil",D035,Leptospirosis,钩端螺旋体病,Bacterial,2004-01-01,2004-01,3,3,,,0.08407247046954475,ibge_computed,,,,,,,,,,,,,,,,,,,,,,legacy_fallback,legacy_fallback,,legacy_identity_may_be_lossy,,0,No eligible registered case-count series facts are available for this disease and country; the public curve uses the legacy flat table.,all,All Sources,,web,all,All Sources,,web
country,br-pb,br-pb,"Paraíba, Brazil",public_projection,BR-PB,"Paraíba, Brazil",D037,Malaria,疟疾,Parasitic,2004-01-01,2004-01,0,0,,,0.0,ibge_computed,,,,,,,,,,,,,,,,,,,,,,legacy_fallback,legacy_fallback,,legacy_identity_may_be_lossy,,0,No eligible registered case-count series facts are available for this disease and country; the public curve uses the legacy flat table.,all,All Sources,,web,all,All Sources,,web
country,br-pb,br-pb,"Paraíba, Brazil",public_projection,BR-PB,"Paraíba, Brazil",D042,Leprosy,麻风病,Bacterial,2004-01-01,2004-01,65,65,,,1.8215701935068027,ibge_computed,,,,,,,,,,,,,,,,,,,,,,legacy_fallback,legacy_fallback,,legacy_identity_may_be_lossy,,0,No eligible registered case-count series facts are available for this disease and country; the public curve uses the legacy flat table.,all,All Sources,,web,all,All Sources,,web
country,br-pb,br-pb,"Paraíba, Brazil",public_projection,BR-PB,"Paraíba, Brazil",D044,Kala-azar,黑热病,Parasitic,2004-01-01,2004-01,1,1,,,0.02802415682318158,ibge_computed,,,,,,,,,,,,,,,,,,,,,,legacy_fallback,legacy_fallback,,legacy_identity_may_be_lossy,,0,No eligible registered case-count series facts are available for this disease and country; the public curve uses the legacy flat table.,all,All Sources,,web,all,All Sources,,web
country,br-pb,br-pb,"Paraíba, Brazil",public_projection,BR-PB,"Paraíba, Brazil",D082,Leishmaniasis,利什曼病,Parasitic,2004-01-01,2004-01,6,6,,,0.1681449409390895,ibge_computed,,,,,,,,,,,,,,,,,,,,,,legacy_fallback,legacy_fallback,,legacy_identity_may_be_lossy,,0,No eligible registered case-count series facts are available for this disease and country; the public curve uses the legacy flat table.,all,All Sources,,web,all,All Sources,,web
country,br-pb,br-pb,"Paraíba, Brazil",public_projection,BR-PB,"Paraíba, Brazil",D084,Chagas disease,恰加斯病,Parasitic,2004-01-01,2004-01,7,7,,,0.19616909776227107,ibge_computed,,,,,,,,,,,,,,,,,,,,,,legacy_fallback,legacy_fallback,,legacy_identity_may_be_lossy,,0,No eligible registered case-count series facts are available for this disease and country; the public curve uses the legacy flat table.,all,All Sources,,web,all,All Sources,,web
country,br-pb,br-pb,"Paraíba, Brazil",public_projection,BR-PB,"Paraíba, Brazil",D102,Hantavirus infection,汉坦病毒感染,Viral,2004-01-01,2004-01,0,0,,,0.0,ibge_computed,,,,,,,,,,,,,,,,,,,,,,legacy_fallback,legacy_fallback,,legacy_identity_may_be_lossy,,0,No eligible registered case-count series facts are available for this disease and country; the public curve uses the legacy flat table.,all,All Sources,,web,all,All Sources,,web
country,br-pb,br-pb,"Paraíba, Brazil",public_projection,BR-PB,"Paraíba, Brazil",D021,Dengue,登革热,Viral,2004-02-01,2004-02,465,465,,,13.031232922779436,ibge_computed,,,,,,,,,,,,,,,,,,,,,,legacy_fallback,legacy_fallback,,legacy_identity_may_be_lossy,,0,No eligible registered case-count series facts are available for this disease and country; the public curve uses the legacy flat table.,all,All Sources,,web,all,All Sources,,web
country,br-pb,br-pb,"Paraíba, Brazil",public_projection,BR-PB,"Paraíba, Brazil",D025,Tuberculosis,肺结核,Bacterial,2004-02-01,2004-02,104,104,,,2.9145123096108847,ibge_computed,,,,,,,,,,,,,,,,,,,,,,legacy_fallback,legacy_fallback,,legacy_identity_may_be_lossy,,0,No eligible registered case-count series facts are available for this disease and country; the public curve uses the legacy flat table.,all,All Sources,,web,all,All Sources,,web
country,br-pb,br-pb,"Paraíba, Brazil",public_projection,BR-PB,"Paraíba, Brazil",D035,Leptospirosis,钩端螺旋体病,Bacterial,2004-02-01,2004-02,31,31,,,0.8687488615186291,ibge_computed,,,,,,,,,,,,,,,,,,,,,,legacy_fallback,legacy_fallback,,legacy_identity_may_be_lossy,,0,No eligible registered case-count series facts are available for this disease and country; the public curve uses the legacy flat table.,all,All Sources,,web,all,All Sources,,web
country,br-pb,br-pb,"Paraíba, Brazil",public_projection,BR-PB,"Paraíba, Brazil",D037,Malaria,疟疾,Parasitic,2004-02-01,2004-02,1,1,,,0.02802415682318158,ibge_computed,,,,,,,,,,,,,,,,,,,,,,legacy_fallback,legacy_fallback,,legacy_identity_may_be_lossy,,0,No eligible registered case-count series facts are available for this disease and country; the public curve uses the legacy flat table.,all,All Sources,,web,all,All Sources,,web
country,br-pb,br-pb,"Paraíba, Brazil",public_projection,BR-PB,"Paraíba, Brazil",D042,Leprosy,麻风病,Bacterial,2004-02-01,2004-02,85,85,,,2.3820533299704345,ibge_computed,,,,,,,,,,,,,,,,,,,,,,legacy_fallback,legacy_fallback,,legacy_identity_may_be_lossy,,0,No eligible registered case-count series facts are available for this disease and country; the public curve uses the legacy flat table.,all,All Sources,,web,all,All Sources,,web
country,br-pb,br-pb,"Paraíba, Brazil",public_projection,BR-PB,"Paraíba, Brazil",D044,Kala-azar,黑热病,Parasitic,2004-02-01,2004-02,7,7,,,0.19616909776227107,ibge_computed,,,,,,,,,,,,,,,,,,,,,,legacy_fallback,legacy_fallback,,legacy_identity_may_be_lossy,,0,No eligible registered case-count series facts are available for this disease and country; the public curve uses the legacy flat table.,all,All Sources,,web,all,All Sources,,web
country,br-pb,br-pb,"Paraíba, Brazil",public_projection,BR-PB,"Paraíba, Brazil",D082,Leishmaniasis,利什曼病,Parasitic,2004-02-01,2004-02,9,9,,,0.25221741140863424,ibge_computed,,,,,,,,,,,,,,,,,,,,,,legacy_fallback,legacy_fallback,,legacy_identity_may_be_lossy,,0,No eligible registered case-count series facts are available for this disease and country; the public curve uses the legacy flat table.,all,All Sources,,web,all,All Sources,,web
country,br-pb,br-pb,"Paraíba, Brazil",public_projection,BR-PB,"Paraíba, Brazil",D084,Chagas disease,恰加斯病,Parasitic,2004-02-01,2004-02,7,7,,,0.19616909776227107,ibge_computed,,,,,,,,,,,,,,,,,,,,,,legacy_fallback,legacy_fallback,,legacy_identity_may_be_lossy,,0,No eligible registered case-count series facts are available for this disease and country; the public curve uses the legacy flat table.,all,All Sources,,web,all,All Sources,,web
country,br-pb,br-pb,"Paraíba, Brazil",public_projection,BR-PB,"Paraíba, Brazil",D102,Hantavirus infection,汉坦病毒感染,Viral,2004-02-01,2004-02,0,0,,,0.0,ibge_computed,,,,,,,,,,,,,,,,,,,,,,legacy_fallback,legacy_fallback,,legacy_identity_may_be_lossy,,0,No eligible registered case-count series facts are available for this disease and country; the public curve uses the legacy flat table.,all,All Sources,,web,all,All Sources,,web
country,br-pb,br-pb,"Paraíba, Brazil",public_projection,BR-PB,"Paraíba, Brazil",D005,AIDS,艾滋病,Viral,2004-03-01,2004-03,0,0,,,0.0,ibge_computed,,SER_BR_AIDS_ADULT_AIDA,,,,,,monthly,,,,,,,,,,,,,,series_registry,representative_series,parity,non_additive_series_not_rolled_up,SER_BR_AIDS_ADULT_AIDA,2,Multiple registered series are not declared safely additive. The compatibility curve uses one representative series; inspect source_series for every retained definition.,all,All Sources,,web,all,All Sources,,web
country,br-pb,br-pb,"Paraíba, Brazil",source_series_observation,BR-PB,"Paraíba, Brazil",D005,AIDS,艾滋病,Viral,2004-03-01,2004-03,0,0,,,,,,SER_BR_AIDS_ADULT_AIDA,SER_BR_AIDS_ADULT_AIDA,SRC_BR_SINAN,AIDS in adults,case_notifications,notification,monthly,count,country:BR-PB:national,all,exact,unknown,non_additive,active,missing_is_unknown,globalid-disease-ontology:2026.09.26.1,SINAN AIDA file family.,,provisional,True,series_registry,representative_series,parity,non_additive_series_not_rolled_up,SER_BR_AIDS_ADULT_AIDA,2,Multiple registered series are not declared safely additive. The compatibility curve uses one representative series; inspect source_series for every retained definition.,all,All Sources,,web,all,All Sources,,web
country,br-pb,br-pb,"Paraíba, Brazil",public_projection,BR-PB,"Paraíba, Brazil",D021,Dengue,登革热,Viral,2004-03-01,2004-03,544,544,,,15.245141311810782,ibge_computed,,,,,,,,,,,,,,,,,,,,,,legacy_fallback,legacy_fallback,,legacy_identity_may_be_lossy,,0,No eligible registered case-count series facts are available for this disease and country; the public curve uses the legacy flat table.,all,All Sources,,web,all,All Sources,,web
country,br-pb,br-pb,"Paraíba, Brazil",public_projection,BR-PB,"Paraíba, Brazil",D025,Tuberculosis,肺结核,Bacterial,2004-03-01,2004-03,125,125,,,3.503019602897698,ibge_computed,,,,,,,,,,,,,,,,,,,,,,legacy_fallback,legacy_fallback,,legacy_identity_may_be_lossy,,0,No eligible registered case-count series facts are available for this disease and country; the public curve uses the legacy flat table.,all,All Sources,,web,all,All Sources,,web
country,br-pb,br-pb,"Paraíba, Brazil",public_projection,BR-PB,"Paraíba, Brazil",D035,Leptospirosis,钩端螺旋体病,Bacterial,2004-03-01,2004-03,7,7,,,0.19616909776227107,ibge_computed,,,,,,,,,,,,,,,,,,,,,,legacy_fallback,legacy_fallback,,legacy_identity_may_be_lossy,,0,No eligible registered case-count series facts are available for this disease and country; the public curve uses the legacy flat table.,all,All Sources,,web,all,All Sources,,web
country,br-pb,br-pb,"Paraíba, Brazil",public_projection,BR-PB,"Paraíba, Brazil",D037,Malaria,疟疾,Parasitic,2004-03-01,2004-03,0,0,,,0.0,ibge_computed,,,,,,,,,,,,,,,,,,,,,,legacy_fallback,legacy_fallback,,legacy_identity_may_be_lossy,,0,No eligible registered case-count series facts are available for this disease and country; the public curve uses the legacy flat table.,all,All Sources,,web,all,All Sources,,web
country,br-pb,br-pb,"Paraíba, Brazil",public_projection,BR-PB,"Paraíba, Brazil",D042,Leprosy,麻风病,Bacterial,2004-03-01,2004-03,120,120,,,3.36289881878179,ibge_computed,,,,,,,,,,,,,,,,,,,,,,legacy_fallback,legacy_fallback,,legacy_identity_may_be_lossy,,0,No eligible registered case-count series facts are available for this disease and country; the public curve uses the legacy flat table.,all,All Sources,,web,all,All Sources,,web
country,br-pb,br-pb,"Paraíba, Brazil",public_projection,BR-PB,"Paraíba, Brazil",D044,Kala-azar,黑热病,Parasitic,2004-03-01,2004-03,5,5,,,0.14012078411590792,ibge_computed,,,,,,,,,,,,,,,,,,,,,,legacy_fallback,legacy_fallback,,legacy_identity_may_be_lossy,,0,No eligible registered case-count series facts are available for this disease and country; the public curve uses the legacy flat table.,all,All Sources,,web,all,All Sources,,web
country,br-pb,br-pb,"Paraíba, Brazil",public_projection,BR-PB,"Paraíba, Brazil",D082,Leishmaniasis,利什曼病,Parasitic,2004-03-01,2004-03,15,15,,,0.42036235234772373,ibge_computed,,,,,,,,,,,,,,,,,,,,,,legacy_fallback,legacy_fallback,,legacy_identity_may_be_lossy,,0,No eligible registered case-count series facts are available for this disease and country; the public curve uses the legacy flat table.,all,All Sources,,web,all,All Sources,,web
country,br-pb,br-pb,"Paraíba, Brazil",public_projection,BR-PB,"Paraíba, Brazil",D084,Chagas disease,恰加斯病,Parasitic,2004-03-01,2004-03,8,8,,,0.22419325458545264,ibge_computed,,,,,,,,,,,,,,,,,,,,,,legacy_fallback,legacy_fallback,,legacy_identity_may_be_lossy,,0,No eligible registered case-count series facts are available for this disease and country; the public curve uses the legacy flat table.,all,All Sources,,web,all,All Sources,,web
country,br-pb,br-pb,"Paraíba, Brazil",public_projection,BR-PB,"Paraíba, Brazil",D102,Hantavirus infection,汉坦病毒感染,Viral,2004-03-01,2004-03,0,0,,,0.0,ibge_computed,,,,,,,,,,,,,,,,,,,,,,legacy_fallback,legacy_fallback,,legacy_identity_may_be_lossy,,0,No eligible registered case-count series facts are available for this disease and country; the public curve uses the legacy flat table.,all,All Sources,,web,all,All Sources,,web
country,br-pb,br-pb,"Paraíba, Brazil",public_projection,BR-PB,"Paraíba, Brazil",D005,AIDS,艾滋病,Viral,2004-04-01,2004-04,0,0,,,0.0,ibge_computed,,SER_BR_AIDS_ADULT_AIDA,,,,,,monthly,,,,,,,,,,,,,,series_registry,representative_series,parity,non_additive_series_not_rolled_up,SER_BR_AIDS_ADULT_AIDA,2,Multiple registered series are not declared safely additive. The compatibility curve uses one representative series; inspect source_series for every retained definition.,all,All Sources,,web,all,All Sources,,web
country,br-pb,br-pb,"Paraíba, Brazil",source_series_observation,BR-PB,"Paraíba, Brazil",D005,AIDS,艾滋病,Viral,2004-04-01,2004-04,0,0,,,,,,SER_BR_AIDS_ADULT_AIDA,SER_BR_AIDS_ADULT_AIDA,SRC_BR_SINAN,AIDS in adults,case_notifications,notification,monthly,count,country:BR-PB:national,all,exact,unknown,non_additive,active,missing_is_unknown,globalid-disease-ontology:2026.09.26.1,SINAN AIDA file family.,,provisional,True,series_registry,representative_series,parity,non_additive_series_not_rolled_up,SER_BR_AIDS_ADULT_AIDA,2,Multiple registered series are not declared safely additive. The compatibility curve uses one representative series; inspect source_series for every retained definition.,all,All Sources,,web,all,All Sources,,web
country,br-pb,br-pb,"Paraíba, Brazil",public_projection,BR-PB,"Paraíba, Brazil",D021,Dengue,登革热,Viral,2004-04-01,2004-04,243,243,,,6.809870108033125,ibge_computed,,,,,,,,,,,,,,,,,,,,,,legacy_fallback,legacy_fallback,,legacy_identity_may_be_lossy,,0,No eligible registered case-count series facts are available for this disease and country; the public curve uses the legacy flat table.,all,All Sources,,web,all,All Sources,,web
country,br-pb,br-pb,"Paraíba, Brazil",public_projection,BR-PB,"Paraíba, Brazil",D025,Tuberculosis,肺结核,Bacterial,2004-04-01,2004-04,135,135,,,3.7832611711295137,ibge_computed,,,,,,,,,,,,,,,,,,,,,,legacy_fallback,legacy_fallback,,legacy_identity_may_be_lossy,,0,No eligible registered case-count series facts are available for this disease and country; the public curve uses the legacy flat table.,all,All Sources,,web,all,All Sources,,web
country,br-pb,br-pb,"Paraíba, Brazil",public_projection,BR-PB,"Paraíba, Brazil",D035,Leptospirosis,钩端螺旋体病,Bacterial,2004-04-01,2004-04,3,3,,,0.08407247046954475,ibge_computed,,,,,,,,,,,,,,,,,,,,,,legacy_fallback,legacy_fallback,,legacy_identity_may_be_lossy,,0,No eligible registered case-count series facts are available for this disease and country; the public curve uses the legacy flat table.,all,All Sources,,web,all,All Sources,,web
country,br-pb,br-pb,"Paraíba, Brazil",public_projection,BR-PB,"Paraíba, Brazil",D037,Malaria,疟疾,Parasitic,2004-04-01,2004-04,0,0,,,0.0,ibge_computed,,,,,,,,,,,,,,,,,,,,,,legacy_fallback,legacy_fallback,,legacy_identity_may_be_lossy,,0,No eligible registered case-count series facts are available for this disease and country; the public curve uses the legacy flat table.,all,All Sources,,web,all,All Sources,,web
country,br-pb,br-pb,"Paraíba, Brazil",public_projection,BR-PB,"Paraíba, Brazil",D042,Leprosy,麻风病,Bacterial,2004-04-01,2004-04,89,89,,,2.494149957263161,ibge_computed,,,,,,,,,,,,,,,,,,,,,,legacy_fallback,legacy_fallback,,legacy_identity_may_be_lossy,,0,No eligible registered case-count series facts are available for this disease and country; the public curve uses the legacy flat table.,all,All Sources,,web,all,All Sources,,web
country,br-pb,br-pb,"Paraíba, Brazil",public_projection,BR-PB,"Paraíba, Brazil",D044,Kala-azar,黑热病,Parasitic,2004-04-01,2004-04,8,8,,,0.22419325458545264,ibge_computed,,,,,,,,,,,,,,,,,,,,,,legacy_fallback,legacy_fallback,,legacy_identity_may_be_lossy,,0,No eligible registered case-count series facts are available for this disease and country; the public curve uses the legacy flat table.,all,All Sources,,web,all,All Sources,,web
country,br-pb,br-pb,"Paraíba, Brazil",public_projection,BR-PB,"Paraíba, Brazil",D082,Leishmaniasis,利什曼病,Parasitic,2004-04-01,2004-04,11,11,,,0.3082657250549974,ibge_computed,,,,,,,,,,,,,,,,,,,,,,legacy_fallback,legacy_fallback,,legacy_identity_may_be_lossy,,0,No eligible registered case-count series facts are available for this disease and country; the public curve uses the legacy flat table.,all,All Sources,,web,all,All Sources,,web
country,br-pb,br-pb,"Paraíba, Brazil",public_projection,BR-PB,"Paraíba, Brazil",D084,Chagas disease,恰加斯病,Parasitic,2004-04-01,2004-04,13,13,,,0.3643140387013606,ibge_computed,,,,,,,,,,,,,,,,,,,,,,legacy_fallback,legacy_fallback,,legacy_identity_may_be_lossy,,0,No eligible registered case-count series facts are available for this disease and country; the public curve uses the legacy flat table.,all,All Sources,,web,all,All Sources,,web
country,br-pb,br-pb,"Paraíba, Brazil",public_projection,BR-PB,"Paraíba, Brazil",D102,Hantavirus infection,汉坦病毒感染,Viral,2004-04-01,2004-04,0,0,,,0.0,ibge_computed,,,,,,,,,,,,,,,,,,,,,,legacy_fallback,legacy_fallback,,legacy_identity_may_be_lossy,,0,No eligible registered case-count series facts are available for this disease and country; the public curve uses the legacy flat table.,all,All Sources,,web,all,All Sources,,web
country,br-pb,br-pb,"Paraíba, Brazil",public_projection,BR-PB,"Paraíba, Brazil",D005,AIDS,艾滋病,Viral,2004-05-01,2004-05,0,0,,,0.0,ibge_computed,,SER_BR_AIDS_ADULT_AIDA,,,,,,monthly,,,,,,,,,,,,,,series_registry,representative_series,parity,non_additive_series_not_rolled_up,SER_BR_AIDS_ADULT_AIDA,2,Multiple registered series are not declared safely additive. The compatibility curve uses one representative series; inspect source_series for every retained definition.,all,All Sources,,web,all,All Sources,,web
country,br-pb,br-pb,"Paraíba, Brazil",source_series_observation,BR-PB,"Paraíba, Brazil",D005,AIDS,艾滋病,Viral,2004-05-01,2004-05,0,0,,,,,,SER_BR_AIDS_ADULT_AIDA,SER_BR_AIDS_ADULT_AIDA,SRC_BR_SINAN,AIDS in adults,case_notifications,notification,monthly,count,country:BR-PB:national,all,exact,unknown,non_additive,active,missing_is_unknown,globalid-disease-ontology:2026.09.26.1,SINAN AIDA file family.,,provisional,True,series_registry,representative_series,parity,non_additive_series_not_rolled_up,SER_BR_AIDS_ADULT_AIDA,2,Multiple registered series are not declared safely additive. The compatibility curve uses one representative series; inspect source_series for every retained definition.,all,All Sources,,web,all,All Sources,,web
country,br-pb,br-pb,"Paraíba, Brazil",public_projection,BR-PB,"Paraíba, Brazil",D021,Dengue,登革热,Viral,2004-05-01,2004-05,261,261,,,7.314304930850394,ibge_computed,,,,,,,,,,,,,,,,,,,,,,legacy_fallback,legacy_fallback,,legacy_identity_may_be_lossy,,0,No eligible registered case-count series facts are available for this disease and country; the public curve uses the legacy flat table.,all,All Sources,,web,all,All Sources,,web
country,br-pb,br-pb,"Paraíba, Brazil",public_projection,BR-PB,"Paraíba, Brazil",D025,Tuberculosis,肺结核,Bacterial,2004-05-01,2004-05,151,151,,,4.231647680300419,ibge_computed,,,,,,,,,,,,,,,,,,,,,,legacy_fallback,legacy_fallback,,legacy_identity_may_be_lossy,,0,No eligible registered case-count series facts are available for this disease and country; the public curve uses the legacy flat table.,all,All Sources,,web,all,All Sources,,web
country,br-pb,br-pb,"Paraíba, Brazil",public_projection,BR-PB,"Paraíba, Brazil",D035,Leptospirosis,钩端螺旋体病,Bacterial,2004-05-01,2004-05,10,10,,,0.28024156823181584,ibge_computed,,,,,,,,,,,,,,,,,,,,,,legacy_fallback,legacy_fallback,,legacy_identity_may_be_lossy,,0,No eligible registered case-count series facts are available for this disease and country; the public curve uses the legacy flat table.,all,All Sources,,web,all,All Sources,,web
country,br-pb,br-pb,"Paraíba, Brazil",public_projection,BR-PB,"Paraíba, Brazil",D037,Malaria,疟疾,Parasitic,2004-05-01,2004-05,0,0,,,0.0,ibge_computed,,,,,,,,,,,,,,,,,,,,,,legacy_fallback,legacy_fallback,,legacy_identity_may_be_lossy,,0,No eligible registered case-count series facts are available for this disease and country; the public curve uses the legacy flat table.,all,All Sources,,web,all,All Sources,,web
country,br-pb,br-pb,"Paraíba, Brazil",public_projection,BR-PB,"Paraíba, Brazil",D042,Leprosy,麻风病,Bacterial,2004-05-01,2004-05,102,102,,,2.858463995964521,ibge_computed,,,,,,,,,,,,,,,,,,,,,,legacy_fallback,legacy_fallback,,legacy_identity_may_be_lossy,,0,No eligible registered case-count series facts are available for this disease and country; the public curve uses the legacy flat table.,all,All Sources,,web,all,All Sources,,web
country,br-pb,br-pb,"Paraíba, Brazil",public_projection,BR-PB,"Paraíba, Brazil",D044,Kala-azar,黑热病,Parasitic,2004-05-01,2004-05,3,3,,,0.08407247046954475,ibge_computed,,,,,,,,,,,,,,,,,,,,,,legacy_fallback,legacy_fallback,,legacy_identity_may_be_lossy,,0,No eligible registered case-count series facts are available for this disease and country; the public curve uses the legacy flat table.,all,All Sources,,web,all,All Sources,,web
country,br-pb,br-pb,"Paraíba, Brazil",public_projection,BR-PB,"Paraíba, Brazil",D082,Leishmaniasis,利什曼病,Parasitic,2004-05-01,2004-05,9,9,,,0.25221741140863424,ibge_computed,,,,,,,,,,,,,,,,,,,,,,legacy_fallback,legacy_fallback,,legacy_identity_may_be_lossy,,0,No eligible registered case-count series facts are available for this disease and country; the public curve uses the legacy flat table.,all,All Sources,,web,all,All Sources,,web
country,br-pb,br-pb,"Paraíba, Brazil",public_projection,BR-PB,"Paraíba, Brazil",D084,Chagas disease,恰加斯病,Parasitic,2004-05-01,2004-05,29,29,,,0.812700547872266,ibge_computed,,,,,,,,,,,,,,,,,,,,,,legacy_fallback,legacy_fallback,,legacy_identity_may_be_lossy,,0,No eligible registered case-count series facts are available for this disease and country; the public curve uses the legacy flat table.,all,All Sources,,web,all,All Sources,,web
country,br-pb,br-pb,"Paraíba, Brazil",public_projection,BR-PB,"Paraíba, Brazil",D102,Hantavirus infection,汉坦病毒感染,Viral,2004-05-01,2004-05,0,0,,,0.0,ibge_computed,,,,,,,,,,,,,,,,,,,,,,legacy_fallback,legacy_fallback,,legacy_identity_may_be_lossy,,0,No eligible registered case-count series facts are available for this disease and country; the public curve uses the legacy flat table.,all,All Sources,,web,all,All Sources,,web
country,br-pb,br-pb,"Paraíba, Brazil",public_projection,BR-PB,"Paraíba, Brazil",D005,AIDS,艾滋病,Viral,2004-06-01,2004-06,0,0,,,0.0,ibge_computed,,SER_BR_AIDS_ADULT_AIDA,,,,,,monthly,,,,,,,,,,,,,,series_registry,representative_series,parity,non_additive_series_not_rolled_up,SER_BR_AIDS_ADULT_AIDA,2,Multiple registered series are not declared safely additive. The compatibility curve uses one representative series; inspect source_series for every retained definition.,all,All Sources,,web,all,All Sources,,web
country,br-pb,br-pb,"Paraíba, Brazil",source_series_observation,BR-PB,"Paraíba, Brazil",D005,AIDS,艾滋病,Viral,2004-06-01,2004-06,0,0,,,,,,SER_BR_AIDS_ADULT_AIDA,SER_BR_AIDS_ADULT_AIDA,SRC_BR_SINAN,AIDS in adults,case_notifications,notification,monthly,count,country:BR-PB:national,all,exact,unknown,non_additive,active,missing_is_unknown,globalid-disease-ontology:2026.09.26.1,SINAN AIDA file family.,,provisional,True,series_registry,representative_series,parity,non_additive_series_not_rolled_up,SER_BR_AIDS_ADULT_AIDA,2,Multiple registered series are not declared safely additive. The compatibility curve uses one representative series; inspect source_series for every retained definition.,all,All Sources,,web,all,All Sources,,web
country,br-pb,br-pb,"Paraíba, Brazil",public_projection,BR-PB,"Paraíba, Brazil",D021,Dengue,登革热,Viral,2004-06-01,2004-06,197,197,,,5.5207588941667725,ibge_computed,,,,,,,,,,,,,,,,,,,,,,legacy_fallback,legacy_fallback,,legacy_identity_may_be_lossy,,0,No eligible registered case-count series facts are available for this disease and country; the public curve uses the legacy flat table.,all,All Sources,,web,all,All Sources,,web
country,br-pb,br-pb,"Paraíba, Brazil",public_projection,BR-PB,"Paraíba, Brazil",D025,Tuberculosis,肺结核,Bacterial,2004-06-01,2004-06,110,110,,,3.082657250549974,ibge_computed,,,,,,,,,,,,,,,,,,,,,,legacy_fallback,legacy_fallback,,legacy_identity_may_be_lossy,,0,No eligible registered case-count series facts are available for this disease and country; the public curve uses the legacy flat table.,all,All Sources,,web,all,All Sources,,web
country,br-pb,br-pb,"Paraíba, Brazil",public_projection,BR-PB,"Paraíba, Brazil",D035,Leptospirosis,钩端螺旋体病,Bacterial,2004-06-01,2004-06,4,4,,,0.11209662729272632,ibge_computed,,,,,,,,,,,,,,,,,,,,,,legacy_fallback,legacy_fallback,,legacy_identity_may_be_lossy,,0,No eligible registered case-count series facts are available for this disease and country; the public curve uses the legacy flat table.,all,All Sources,,web,all,All Sources,,web
country,br-pb,br-pb,"Paraíba, Brazil",public_projection,BR-PB,"Paraíba, Brazil",D037,Malaria,疟疾,Parasitic,2004-06-01,2004-06,0,0,,,0.0,ibge_computed,,,,,,,,,,,,,,,,,,,,,,legacy_fallback,legacy_fallback,,legacy_identity_may_be_lossy,,0,No eligible registered case-count series facts are available for this disease and country; the public curve uses the legacy flat table.,all,All Sources,,web,all,All Sources,,web
country,br-pb,br-pb,"Paraíba, Brazil",public_projection,BR-PB,"Paraíba, Brazil",D042,Leprosy,麻风病,Bacterial,2004-06-01,2004-06,76,76,,,2.1298359185618003,ibge_computed,,,,,,,,,,,,,,,,,,,,,,legacy_fallback,legacy_fallback,,legacy_identity_may_be_lossy,,0,No eligible registered case-count series facts are available for this disease and country; the public curve uses the legacy flat table.,all,All Sources,,web,all,All Sources,,web
country,br-pb,br-pb,"Paraíba, Brazil",public_projection,BR-PB,"Paraíba, Brazil",D044,Kala-azar,黑热病,Parasitic,2004-06-01,2004-06,2,2,,,0.05604831364636316,ibge_computed,,,,,,,,,,,,,,,,,,,,,,legacy_fallback,legacy_fallback,,legacy_identity_may_be_lossy,,0,No eligible registered case-count series facts are available for this disease and country; the public curve uses the legacy flat table.,all,All Sources,,web,all,All Sources,,web
country,br-pb,br-pb,"Paraíba, Brazil",public_projection,BR-PB,"Paraíba, Brazil",D082,Leishmaniasis,利什曼病,Parasitic,2004-06-01,2004-06,4,4,,,0.11209662729272632,ibge_computed,,,,,,,,,,,,,,,,,,,,,,legacy_fallback,legacy_fallback,,legacy_identity_may_be_lossy,,0,No eligible registered case-count series facts are available for this disease and country; the public curve uses the legacy flat table.,all,All Sources,,web,all,All Sources,,web
country,br-pb,br-pb,"Paraíba, Brazil",public_projection,BR-PB,"Paraíba, Brazil",D084,Chagas disease,恰加斯病,Parasitic,2004-06-01,2004-06,25,25,,,0.7006039205795396,ibge_computed,,,,,,,,,,,,,,,,,,,,,,legacy_fallback,legacy_fallback,,legacy_identity_may_be_lossy,,0,No eligible registered case-count series facts are available for this disease and country; the public curve uses the legacy flat table.,all,All Sources,,web,all,All Sources,,web
country,br-pb,br-pb,"Paraíba, Brazil",public_projection,BR-PB,"Paraíba, Brazil",D102,Hantavirus infection,汉坦病毒感染,Viral,2004-06-01,2004-06,0,0,,,0.0,ibge_computed,,,,,,,,,,,,,,,,,,,,,,legacy_fallback,legacy_fallback,,legacy_identity_may_be_lossy,,0,No eligible registered case-count series facts are available for this disease and country; the public curve uses the legacy flat table.,all,All Sources,,web,all,All Sources,,web
country,br-pb,br-pb,"Paraíba, Brazil",public_projection,BR-PB,"Paraíba, Brazil",D021,Dengue,登革热,Viral,2004-07-01,2004-07,201,201,,,5.632855521459498,ibge_computed,,,,,,,,,,,,,,,,,,,,,,legacy_fallback,legacy_fallback,,legacy_identity_may_be_lossy,,0,No eligible registered case-count series facts are available for this disease and country; the public curve uses the legacy flat table.,all,All Sources,,web,all,All Sources,,web
country,br-pb,br-pb,"Paraíba, Brazil",public_projection,BR-PB,"Paraíba, Brazil",D025,Tuberculosis,肺结核,Bacterial,2004-07-01,2004-07,126,126,,,3.5310437597208795,ibge_computed,,,,,,,,,,,,,,,,,,,,,,legacy_fallback,legacy_fallback,,legacy_identity_may_be_lossy,,0,No eligible registered case-count series facts are available for this disease and country; the public curve uses the legacy flat table.,all,All Sources,,web,all,All Sources,,web
country,br-pb,br-pb,"Paraíba, Brazil",public_projection,BR-PB,"Paraíba, Brazil",D035,Leptospirosis,钩端螺旋体病,Bacterial,2004-07-01,2004-07,51,51,,,1.4292319979822605,ibge_computed,,,,,,,,,,,,,,,,,,,,,,legacy_fallback,legacy_fallback,,legacy_identity_may_be_lossy,,0,No eligible registered case-count series facts are available for this disease and country; the public curve uses the legacy flat table.,all,All Sources,,web,all,All Sources,,web
country,br-pb,br-pb,"Paraíba, Brazil",public_projection,BR-PB,"Paraíba, Brazil",D037,Malaria,疟疾,Parasitic,2004-07-01,2004-07,0,0,,,0.0,ibge_computed,,,,,,,,,,,,,,,,,,,,,,legacy_fallback,legacy_fallback,,legacy_identity_may_be_lossy,,0,No eligible registered case-count series facts are available for this disease and country; the public curve uses the legacy flat table.,all,All Sources,,web,all,All Sources,,web
country,br-pb,br-pb,"Paraíba, Brazil",public_projection,BR-PB,"Paraíba, Brazil",D042,Leprosy,麻风病,Bacterial,2004-07-01,2004-07,70,70,,,1.9616909776227107,ibge_computed,,,,,,,,,,,,,,,,,,,,,,legacy_fallback,legacy_fallback,,legacy_identity_may_be_lossy,,0,No eligible registered case-count series facts are available for this disease and country; the public curve uses the legacy flat table.,all,All Sources,,web,all,All Sources,,web
country,br-pb,br-pb,"Paraíba, Brazil",public_projection,BR-PB,"Paraíba, Brazil",D044,Kala-azar,黑热病,Parasitic,2004-07-01,2004-07,5,5,,,0.14012078411590792,ibge_computed,,,,,,,,,,,,,,,,,,,,,,legacy_fallback,legacy_fallback,,legacy_identity_may_be_lossy,,0,No eligible registered case-count series facts are available for this disease and country; the public curve uses the legacy flat table.,all,All Sources,,web,all,All Sources,,web
country,br-pb,br-pb,"Paraíba, Brazil",public_projection,BR-PB,"Paraíba, Brazil",D082,Leishmaniasis,利什曼病,Parasitic,2004-07-01,2004-07,7,7,,,0.19616909776227107,ibge_computed,,,,,,,,,,,,,,,,,,,,,,legacy_fallback,legacy_fallback,,legacy_identity_may_be_lossy,,0,No eligible registered case-count series facts are available for this disease and country; the public curve uses the legacy flat table.,all,All Sources,,web,all,All Sources,,web
country,br-pb,br-pb,"Paraíba, Brazil",public_projection,BR-PB,"Paraíba, Brazil",D084,Chagas disease,恰加斯病,Parasitic,2004-07-01,2004-07,19,19,,,0.5324589796404501,ibge_computed,,,,,,,,,,,,,,,,,,,,,,legacy_fallback,legacy_fallback,,legacy_identity_may_be_lossy,,0,No eligible registered case-count series facts are available for this disease and country; the public curve uses the legacy flat table.,all,All Sources,,web,all,All Sources,,web
country,br-pb,br-pb,"Paraíba, Brazil",public_projection,BR-PB,"Paraíba, Brazil",D102,Hantavirus infection,汉坦病毒感染,Viral,2004-07-01,2004-07,0,0,,,0.0,ibge_computed,,,,,,,,,,,,,,,,,,,,,,legacy_fallback,legacy_fallback,,legacy_identity_may_be_lossy,,0,No eligible registered case-count series facts are available for this disease and country; the public curve uses the legacy flat table.,all,All Sources,,web,all,All Sources,,web
country,br-pb,br-pb,"Paraíba, Brazil",public_projection,BR-PB,"Paraíba, Brazil",D005,AIDS,艾滋病,Viral,2004-08-01,2004-08,0,0,,,0.0,ibge_computed,,SER_BR_AIDS_ADULT_AIDA,,,,,,monthly,,,,,,,,,,,,,,series_registry,representative_series,parity,non_additive_series_not_rolled_up,SER_BR_AIDS_ADULT_AIDA,2,Multiple registered series are not declared safely additive. The compatibility curve uses one representative series; inspect source_series for every retained definition.,all,All Sources,,web,all,All Sources,,web
country,br-pb,br-pb,"Paraíba, Brazil",source_series_observation,BR-PB,"Paraíba, Brazil",D005,AIDS,艾滋病,Viral,2004-08-01,2004-08,0,0,,,,,,SER_BR_AIDS_ADULT_AIDA,SER_BR_AIDS_ADULT_AIDA,SRC_BR_SINAN,AIDS in adults,case_notifications,notification,monthly,count,country:BR-PB:national,all,exact,unknown,non_additive,active,missing_is_unknown,globalid-disease-ontology:2026.09.26.1,SINAN AIDA file family.,,provisional,True,series_registry,representative_series,parity,non_additive_series_not_rolled_up,SER_BR_AIDS_ADULT_AIDA,2,Multiple registered series are not declared safely additive. The compatibility curve uses one representative series; inspect source_series for every retained definition.,all,All Sources,,web,all,All Sources,,web
country,br-pb,br-pb,"Paraíba, Brazil",public_projection,BR-PB,"Paraíba, Brazil",D021,Dengue,登革热,Viral,2004-08-01,2004-08,151,151,,,4.231647680300419,ibge_computed,,,,,,,,,,,,,,,,,,,,,,legacy_fallback,legacy_fallback,,legacy_identity_may_be_lossy,,0,No eligible registered case-count series facts are available for this disease and country; the public curve uses the legacy flat table.,all,All Sources,,web,all,All Sources,,web
country,br-pb,br-pb,"Paraíba, Brazil",public_projection,BR-PB,"Paraíba, Brazil",D025,Tuberculosis,肺结核,Bacterial,2004-08-01,2004-08,142,142,,,3.9794302688917846,ibge_computed,,,,,,,,,,,,,,,,,,,,,,legacy_fallback,legacy_fallback,,legacy_identity_may_be_lossy,,0,No eligible registered case-count series facts are available for this disease and country; the public curve uses the legacy flat table.,all,All Sources,,web,all,All Sources,,web
country,br-pb,br-pb,"Paraíba, Brazil",public_projection,BR-PB,"Paraíba, Brazil",D035,Leptospirosis,钩端螺旋体病,Bacterial,2004-08-01,2004-08,15,15,,,0.42036235234772373,ibge_computed,,,,,,,,,,,,,,,,,,,,,,legacy_fallback,legacy_fallback,,legacy_identity_may_be_lossy,,0,No eligible registered case-count series facts are available for this disease and country; the public curve uses the legacy flat table.,all,All Sources,,web,all,All Sources,,web
country,br-pb,br-pb,"Paraíba, Brazil",public_projection,BR-PB,"Paraíba, Brazil",D037,Malaria,疟疾,Parasitic,2004-08-01,2004-08,0,0,,,0.0,ibge_computed,,,,,,,,,,,,,,,,,,,,,,legacy_fallback,legacy_fallback,,legacy_identity_may_be_lossy,,0,No eligible registered case-count series facts are available for this disease and country; the public curve uses the legacy flat table.,all,All Sources,,web,all,All Sources,,web
country,br-pb,br-pb,"Paraíba, Brazil",public_projection,BR-PB,"Paraíba, Brazil",D042,Leprosy,麻风病,Bacterial,2004-08-01,2004-08,106,106,,,2.970560623257248,ibge_computed,,,,,,,,,,,,,,,,,,,,,,legacy_fallback,legacy_fallback,,legacy_identity_may_be_lossy,,0,No eligible registered case-count series facts are available for this disease and country; the public curve uses the legacy flat table.,all,All Sources,,web,all,All Sources,,web
country,br-pb,br-pb,"Paraíba, Brazil",public_projection,BR-PB,"Paraíba, Brazil",D044,Kala-azar,黑热病,Parasitic,2004-08-01,2004-08,7,7,,,0.19616909776227107,ibge_computed,,,,,,,,,,,,,,,,,,,,,,legacy_fallback,legacy_fallback,,legacy_identity_may_be_lossy,,0,No eligible registered case-count series facts are available for this disease and country; the public curve uses the legacy flat table.,all,All Sources,,web,all,All Sources,,web
country,br-pb,br-pb,"Paraíba, Brazil",public_projection,BR-PB,"Paraíba, Brazil",D082,Leishmaniasis,利什曼病,Parasitic,2004-08-01,2004-08,6,6,,,0.1681449409390895,ibge_computed,,,,,,,,,,,,,,,,,,,,,,legacy_fallback,legacy_fallback,,legacy_identity_may_be_lossy,,0,No eligible registered case-count series facts are available for this disease and country; the public curve uses the legacy flat table.,all,All Sources,,web,all,All Sources,,web
country,br-pb,br-pb,"Paraíba, Brazil",public_projection,BR-PB,"Paraíba, Brazil",D084,Chagas disease,恰加斯病,Parasitic,2004-08-01,2004-08,13,13,,,0.3643140387013606,ibge_computed,,,,,,,,,,,,,,,,,,,,,,legacy_fallback,legacy_fallback,,legacy_identity_may_be_lossy,,0,No eligible registered case-count series facts are available for this disease and country; the public curve uses the legacy flat table.,all,All Sources,,web,all,All Sources,,web
country,br-pb,br-pb,"Paraíba, Brazil",public_projection,BR-PB,"Paraíba, Brazil",D102,Hantavirus infection,汉坦病毒感染,Viral,2004-08-01,2004-08,0,0,,,0.0,ibge_computed,,,,,,,,,,,,,,,,,,,,,,legacy_fallback,legacy_fallback,,legacy_identity_may_be_lossy,,0,No eligible registered case-count series facts are available for this disease and country; the public curve uses the legacy flat table.,all,All Sources,,web,all,All Sources,,web
country,br-pb,br-pb,"Paraíba, Brazil",public_projection,BR-PB,"Paraíba, Brazil",D021,Dengue,登革热,Viral,2004-09-01,2004-09,62,62,,,1.7374977230372581,ibge_computed,,,,,,,,,,,,,,,,,,,,,,legacy_fallback,legacy_fallback,,legacy_identity_may_be_lossy,,0,No eligible registered case-count series facts are available for this disease and country; the public curve uses the legacy flat table.,all,All Sources,,web,all,All Sources,,web
country,br-pb,br-pb,"Paraíba, Brazil",public_projection,BR-PB,"Paraíba, Brazil",D025,Tuberculosis,肺结核,Bacterial,2004-09-01,2004-09,125,125,,,3.503019602897698,ibge_computed,,,,,,,,,,,,,,,,,,,,,,legacy_fallback,legacy_fallback,,legacy_identity_may_be_lossy,,0,No eligible registered case-count series facts are available for this disease and country; the public curve uses the legacy flat table.,all,All Sources,,web,all,All Sources,,web
country,br-pb,br-pb,"Paraíba, Brazil",public_projection,BR-PB,"Paraíba, Brazil",D035,Leptospirosis,钩端螺旋体病,Bacterial,2004-09-01,2004-09,3,3,,,0.08407247046954475,ibge_computed,,,,,,,,,,,,,,,,,,,,,,legacy_fallback,legacy_fallback,,legacy_identity_may_be_lossy,,0,No eligible registered case-count series facts are available for this disease and country; the public curve uses the legacy flat table.,all,All Sources,,web,all,All Sources,,web
country,br-pb,br-pb,"Paraíba, Brazil",public_projection,BR-PB,"Paraíba, Brazil",D037,Malaria,疟疾,Parasitic,2004-09-01,2004-09,3,3,,,0.08407247046954475,ibge_computed,,,,,,,,,,,,,,,,,,,,,,legacy_fallback,legacy_fallback,,legacy_identity_may_be_lossy,,0,No eligible registered case-count series facts are available for this disease and country; the public curve uses the legacy flat table.,all,All Sources,,web,all,All Sources,,web
country,br-pb,br-pb,"Paraíba, Brazil",public_projection,BR-PB,"Paraíba, Brazil",D042,Leprosy,麻风病,Bacterial,2004-09-01,2004-09,73,73,,,2.0457634480922553,ibge_computed,,,,,,,,,,,,,,,,,,,,,,legacy_fallback,legacy_fallback,,legacy_identity_may_be_lossy,,0,No eligible registered case-count series facts are available for this disease and country; the public curve uses the legacy flat table.,all,All Sources,,web,all,All Sources,,web
country,br-pb,br-pb,"Paraíba, Brazil",public_projection,BR-PB,"Paraíba, Brazil",D044,Kala-azar,黑热病,Parasitic,2004-09-01,2004-09,3,3,,,0.08407247046954475,ibge_computed,,,,,,,,,,,,,,,,,,,,,,legacy_fallback,legacy_fallback,,legacy_identity_may_be_lossy,,0,No eligible registered case-count series facts are available for this disease and country; the public curve uses the legacy flat table.,all,All Sources,,web,all,All Sources,,web
country,br-pb,br-pb,"Paraíba, Brazil",public_projection,BR-PB,"Paraíba, Brazil",D082,Leishmaniasis,利什曼病,Parasitic,2004-09-01,2004-09,7,7,,,0.19616909776227107,ibge_computed,,,,,,,,,,,,,,,,,,,,,,legacy_fallback,legacy_fallback,,legacy_identity_may_be_lossy,,0,No eligible registered case-count series facts are available for this disease and country; the public curve uses the legacy flat table.,all,All Sources,,web,all,All Sources,,web
country,br-pb,br-pb,"Paraíba, Brazil",public_projection,BR-PB,"Paraíba, Brazil",D084,Chagas disease,恰加斯病,Parasitic,2004-09-01,2004-09,26,26,,,0.7286280774027212,ibge_computed,,,,,,,,,,,,,,,,,,,,,,legacy_fallback,legacy_fallback,,legacy_identity_may_be_lossy,,0,No eligible registered case-count series facts are available for this disease and country; the public curve uses the legacy flat table.,all,All Sources,,web,all,All Sources,,web
country,br-pb,br-pb,"Paraíba, Brazil",public_projection,BR-PB,"Paraíba, Brazil",D102,Hantavirus infection,汉坦病毒感染,Viral,2004-09-01,2004-09,0,0,,,0.0,ibge_computed,,,,,,,,,,,,,,,,,,,,,,legacy_fallback,legacy_fallback,,legacy_identity_may_be_lossy,,0,No eligible registered case-count series facts are available for this disease and country; the public curve uses the legacy flat table.,all,All Sources,,web,all,All Sources,,web
country,br-pb,br-pb,"Paraíba, Brazil",public_projection,BR-PB,"Paraíba, Brazil",D005,AIDS,艾滋病,Viral,2004-10-01,2004-10,0,0,,,0.0,ibge_computed,,SER_BR_AIDS_ADULT_AIDA,,,,,,monthly,,,,,,,,,,,,,,series_registry,representative_series,parity,non_additive_series_not_rolled_up,SER_BR_AIDS_ADULT_AIDA,2,Multiple registered series are not declared safely additive. The compatibility curve uses one representative series; inspect source_series for every retained definition.,all,All Sources,,web,all,All Sources,,web
country,br-pb,br-pb,"Paraíba, Brazil",source_series_observation,BR-PB,"Paraíba, Brazil",D005,AIDS,艾滋病,Viral,2004-10-01,2004-10,0,0,,,,,,SER_BR_AIDS_ADULT_AIDA,SER_BR_AIDS_ADULT_AIDA,SRC_BR_SINAN,AIDS in adults,case_notifications,notification,monthly,count,country:BR-PB:national,all,exact,unknown,non_additive,active,missing_is_unknown,globalid-disease-ontology:2026.09.26.1,SINAN AIDA file family.,,provisional,True,series_registry,representative_series,parity,non_additive_series_not_rolled_up,SER_BR_AIDS_ADULT_AIDA,2,Multiple registered series are not declared safely additive. The compatibility curve uses one representative series; inspect source_series for every retained definition.,all,All Sources,,web,all,All Sources,,web
country,br-pb,br-pb,"Paraíba, Brazil",public_projection,BR-PB,"Paraíba, Brazil",D021,Dengue,登革热,Viral,2004-10-01,2004-10,61,61,,,1.7094735662140765,ibge_computed,,,,,,,,,,,,,,,,,,,,,,legacy_fallback,legacy_fallback,,legacy_identity_may_be_lossy,,0,No eligible registered case-count series facts are available for this disease and country; the public curve uses the legacy flat table.,all,All Sources,,web,all,All Sources,,web
country,br-pb,br-pb,"Paraíba, Brazil",public_projection,BR-PB,"Paraíba, Brazil",D025,Tuberculosis,肺结核,Bacterial,2004-10-01,2004-10,130,130,,,3.6431403870136054,ibge_computed,,,,,,,,,,,,,,,,,,,,,,legacy_fallback,legacy_fallback,,legacy_identity_may_be_lossy,,0,No eligible registered case-count series facts are available for this disease and country; the public curve uses the legacy flat table.,all,All Sources,,web,all,All Sources,,web
country,br-pb,br-pb,"Paraíba, Brazil",public_projection,BR-PB,"Paraíba, Brazil",D035,Leptospirosis,钩端螺旋体病,Bacterial,2004-10-01,2004-10,2,2,,,0.05604831364636316,ibge_computed,,,,,,,,,,,,,,,,,,,,,,legacy_fallback,legacy_fallback,,legacy_identity_may_be_lossy,,0,No eligible registered case-count series facts are available for this disease and country; the public curve uses the legacy flat table.,all,All Sources,,web,all,All Sources,,web
country,br-pb,br-pb,"Paraíba, Brazil",public_projection,BR-PB,"Paraíba, Brazil",D037,Malaria,疟疾,Parasitic,2004-10-01,2004-10,0,0,,,0.0,ibge_computed,,,,,,,,,,,,,,,,,,,,,,legacy_fallback,legacy_fallback,,legacy_identity_may_be_lossy,,0,No eligible registered case-count series facts are available for this disease and country; the public curve uses the legacy flat table.,all,All Sources,,web,all,All Sources,,web
country,br-pb,br-pb,"Paraíba, Brazil",public_projection,BR-PB,"Paraíba, Brazil",D042,Leprosy,麻风病,Bacterial,2004-10-01,2004-10,71,71,,,1.9897151344458923,ibge_computed,,,,,,,,,,,,,,,,,,,,,,legacy_fallback,legacy_fallback,,legacy_identity_may_be_lossy,,0,No eligible registered case-count series facts are available for this disease and country; the public curve uses the legacy flat table.,all,All Sources,,web,all,All Sources,,web
country,br-pb,br-pb,"Paraíba, Brazil",public_projection,BR-PB,"Paraíba, Brazil",D044,Kala-azar,黑热病,Parasitic,2004-10-01,2004-10,2,2,,,0.05604831364636316,ibge_computed,,,,,,,,,,,,,,,,,,,,,,legacy_fallback,legacy_fallback,,legacy_identity_may_be_lossy,,0,No eligible registered case-count series facts are available for this disease and country; the public curve uses the legacy flat table.,all,All Sources,,web,all,All Sources,,web
country,br-pb,br-pb,"Paraíba, Brazil",public_projection,BR-PB,"Paraíba, Brazil",D082,Leishmaniasis,利什曼病,Parasitic,2004-10-01,2004-10,3,3,,,0.08407247046954475,ibge_computed,,,,,,,,,,,,,,,,,,,,,,legacy_fallback,legacy_fallback,,legacy_identity_may_be_lossy,,0,No eligible registered case-count series facts are available for this disease and country; the public curve uses the legacy flat table.,all,All Sources,,web,all,All Sources,,web
country,br-pb,br-pb,"Paraíba, Brazil",public_projection,BR-PB,"Paraíba, Brazil",D084,Chagas disease,恰加斯病,Parasitic,2004-10-01,2004-10,15,15,,,0.42036235234772373,ibge_computed,,,,,,,,,,,,,,,,,,,,,,legacy_fallback,legacy_fallback,,legacy_identity_may_be_lossy,,0,No eligible registered case-count series facts are available for this disease and country; the public curve uses the legacy flat table.,all,All Sources,,web,all,All Sources,,web
country,br-pb,br-pb,"Paraíba, Brazil",public_projection,BR-PB,"Paraíba, Brazil",D102,Hantavirus infection,汉坦病毒感染,Viral,2004-10-01,2004-10,0,0,,,0.0,ibge_computed,,,,,,,,,,,,,,,,,,,,,,legacy_fallback,legacy_fallback,,legacy_identity_may_be_lossy,,0,No eligible registered case-count series facts are available for this disease and country; the public curve uses the legacy flat table.,all,All Sources,,web,all,All Sources,,web
country,br-pb,br-pb,"Paraíba, Brazil",public_projection,BR-PB,"Paraíba, Brazil",D021,Dengue,登革热,Viral,2004-11-01,2004-11,49,49,,,1.3731836843358975,ibge_computed,,,,,,,,,,,,,,,,,,,,,,legacy_fallback,legacy_fallback,,legacy_identity_may_be_lossy,,0,No eligible registered case-count series facts are available for this disease and country; the public curve uses the legacy flat table.,all,All Sources,,web,all,All Sources,,web
country,br-pb,br-pb,"Paraíba, Brazil",public_projection,BR-PB,"Paraíba, Brazil",D025,Tuberculosis,肺结核,Bacterial,2004-11-01,2004-11,139,139,,,3.8953577984222396,ibge_computed,,,,,,,,,,,,,,,,,,,,,,legacy_fallback,legacy_fallback,,legacy_identity_may_be_lossy,,0,No eligible registered case-count series facts are available for this disease and country; the public curve uses the legacy flat table.,all,All Sources,,web,all,All Sources,,web
country,br-pb,br-pb,"Paraíba, Brazil",public_projection,BR-PB,"Paraíba, Brazil",D035,Leptospirosis,钩端螺旋体病,Bacterial,2004-11-01,2004-11,3,3,,,0.08407247046954475,ibge_computed,,,,,,,,,,,,,,,,,,,,,,legacy_fallback,legacy_fallback,,legacy_identity_may_be_lossy,,0,No eligible registered case-count series facts are available for this disease and country; the public curve uses the legacy flat table.,all,All Sources,,web,all,All Sources,,web
country,br-pb,br-pb,"Paraíba, Brazil",public_projection,BR-PB,"Paraíba, Brazil",D037,Malaria,疟疾,Parasitic,2004-11-01,2004-11,0,0,,,0.0,ibge_computed,,,,,,,,,,,,,,,,,,,,,,legacy_fallback,legacy_fallback,,legacy_identity_may_be_lossy,,0,No eligible registered case-count series facts are available for this disease and country; the public curve uses the legacy flat table.,all,All Sources,,web,all,All Sources,,web
country,br-pb,br-pb,"Paraíba, Brazil",public_projection,BR-PB,"Paraíba, Brazil",D042,Leprosy,麻风病,Bacterial,2004-11-01,2004-11,76,76,,,2.1298359185618003,ibge_computed,,,,,,,,,,,,,,,,,,,,,,legacy_fallback,legacy_fallback,,legacy_identity_may_be_lossy,,0,No eligible registered case-count series facts are available for this disease and country; the public curve uses the legacy flat table.,all,All Sources,,web,all,All Sources,,web
country,br-pb,br-pb,"Paraíba, Brazil",public_projection,BR-PB,"Paraíba, Brazil",D044,Kala-azar,黑热病,Parasitic,2004-11-01,2004-11,4,4,,,0.11209662729272632,ibge_computed,,,,,,,,,,,,,,,,,,,,,,legacy_fallback,legacy_fallback,,legacy_identity_may_be_lossy,,0,No eligible registered case-count series facts are available for this disease and country; the public curve uses the legacy flat table.,all,All Sources,,web,all,All Sources,,web
country,br-pb,br-pb,"Paraíba, Brazil",public_projection,BR-PB,"Paraíba, Brazil",D082,Leishmaniasis,利什曼病,Parasitic,2004-11-01,2004-11,2,2,,,0.05604831364636316,ibge_computed,,,,,,,,,,,,,,,,,,,,,,legacy_fallback,legacy_fallback,,legacy_identity_may_be_lossy,,0,No eligible registered case-count series facts are available for this disease and country; the public curve uses the legacy flat table.,all,All Sources,,web,all,All Sources,,web
country,br-pb,br-pb,"Paraíba, Brazil",public_projection,BR-PB,"Paraíba, Brazil",D084,Chagas disease,恰加斯病,Parasitic,2004-11-01,2004-11,26,26,,,0.7286280774027212,ibge_computed,,,,,,,,,,,,,,,,,,,,,,legacy_fallback,legacy_fallback,,legacy_identity_may_be_lossy,,0,No eligible registered case-count series facts are available for this disease and country; the public curve uses the legacy flat table.,all,All Sources,,web,all,All Sources,,web
country,br-pb,br-pb,"Paraíba, Brazil",public_projection,BR-PB,"Paraíba, Brazil",D102,Hantavirus infection,汉坦病毒感染,Viral,2004-11-01,2004-11,0,0,,,0.0,ibge_computed,,,,,,,,,,,,,,,,,,,,,,legacy_fallback,legacy_fallback,,legacy_identity_may_be_lossy,,0,No eligible registered case-count series facts are available for this disease and country; the public curve uses the legacy flat table.,all,All Sources,,web,all,All Sources,,web
country,br-pb,br-pb,"Paraíba, Brazil",public_projection,BR-PB,"Paraíba, Brazil",D005,AIDS,艾滋病,Viral,2004-12-01,2004-12,0,0,,,0.0,ibge_computed,,SER_BR_AIDS_ADULT_AIDA,,,,,,monthly,,,,,,,,,,,,,,series_registry,representative_series,parity,non_additive_series_not_rolled_up,SER_BR_AIDS_ADULT_AIDA,2,Multiple registered series are not declared safely additive. The compatibility curve uses one representative series; inspect source_series for every retained definition.,all,All Sources,,web,all,All Sources,,web
country,br-pb,br-pb,"Paraíba, Brazil",source_series_observation,BR-PB,"Paraíba, Brazil",D005,AIDS,艾滋病,Viral,2004-12-01,2004-12,0,0,,,,,,SER_BR_AIDS_ADULT_AIDA,SER_BR_AIDS_ADULT_AIDA,SRC_BR_SINAN,AIDS in adults,case_notifications,notification,monthly,count,country:BR-PB:national,all,exact,unknown,non_additive,active,missing_is_unknown,globalid-disease-ontology:2026.09.26.1,SINAN AIDA file family.,,provisional,True,series_registry,representative_series,parity,non_additive_series_not_rolled_up,SER_BR_AIDS_ADULT_AIDA,2,Multiple registered series are not declared safely additive. The compatibility curve uses one representative series; inspect source_series for every retained definition.,all,All Sources,,web,all,All Sources,,web
country,br-pb,br-pb,"Paraíba, Brazil",public_projection,BR-PB,"Paraíba, Brazil",D021,Dengue,登革热,Viral,2004-12-01,2004-12,25,25,,,0.7006039205795396,ibge_computed,,,,,,,,,,,,,,,,,,,,,,legacy_fallback,legacy_fallback,,legacy_identity_may_be_lossy,,0,No eligible registered case-count series facts are available for this disease and country; the public curve uses the legacy flat table.,all,All Sources,,web,all,All Sources,,web
country,br-pb,br-pb,"Paraíba, Brazil",public_projection,BR-PB,"Paraíba, Brazil",D025,Tuberculosis,肺结核,Bacterial,2004-12-01,2004-12,103,103,,,2.8864881527877033,ibge_computed,,,,,,,,,,,,,,,,,,,,,,legacy_fallback,legacy_fallback,,legacy_identity_may_be_lossy,,0,No eligible registered case-count series facts are available for this disease and country; the public curve uses the legacy flat table.,all,All Sources,,web,all,All Sources,,web
country,br-pb,br-pb,"Paraíba, Brazil",public_projection,BR-PB,"Paraíba, Brazil",D035,Leptospirosis,钩端螺旋体病,Bacterial,2004-12-01,2004-12,1,1,,,0.02802415682318158,ibge_computed,,,,,,,,,,,,,,,,,,,,,,legacy_fallback,legacy_fallback,,legacy_identity_may_be_lossy,,0,No eligible registered case-count series facts are available for this disease and country; the public curve uses the legacy flat table.,all,All Sources,,web,all,All Sources,,web
country,br-pb,br-pb,"Paraíba, Brazil",public_projection,BR-PB,"Paraíba, Brazil",D037,Malaria,疟疾,Parasitic,2004-12-01,2004-12,2,2,,,0.05604831364636316,ibge_computed,,,,,,,,,,,,,,,,,,,,,,legacy_fallback,legacy_fallback,,legacy_identity_may_be_lossy,,0,No eligible registered case-count series facts are available for this disease and country; the public curve uses the legacy flat table.,all,All Sources,,web,all,All Sources,,web
country,br-pb,br-pb,"Paraíba, Brazil",public_projection,BR-PB,"Paraíba, Brazil",D042,Leprosy,麻风病,Bacterial,2004-12-01,2004-12,74,74,,,2.073787604915437,ibge_computed,,,,,,,,,,,,,,,,,,,,,,legacy_fallback,legacy_fallback,,legacy_identity_may_be_lossy,,0,No eligible registered case-count series facts are available for this disease and country; the public curve uses the legacy flat table.,all,All Sources,,web,all,All Sources,,web
country,br-pb,br-pb,"Paraíba, Brazil",public_projection,BR-PB,"Paraíba, Brazil",D044,Kala-azar,黑热病,Parasitic,2004-12-01,2004-12,2,2,,,0.05604831364636316,ibge_computed,,,,,,,,,,,,,,,,,,,,,,legacy_fallback,legacy_fallback,,legacy_identity_may_be_lossy,,0,No eligible registered case-count series facts are available for this disease and country; the public curve uses the legacy flat table.,all,All Sources,,web,all,All Sources,,web
country,br-pb,br-pb,"Paraíba, Brazil",public_projection,BR-PB,"Paraíba, Brazil",D082,Leishmaniasis,利什曼病,Parasitic,2004-12-01,2004-12,7,7,,,0.19616909776227107,ibge_computed,,,,,,,,,,,,,,,,,,,,,,legacy_fallback,legacy_fallback,,legacy_identity_may_be_lossy,,0,No eligible registered case-count series facts are available for this disease and country; the public curve uses the legacy flat table.,all,All Sources,,web,all,All Sources,,web
country,br-pb,br-pb,"Paraíba, Brazil",public_projection,BR-PB,"Paraíba, Brazil",D084,Chagas disease,恰加斯病,Parasitic,2004-12-01,2004-12,24,24,,,0.672579763756358,ibge_computed,,,,,,,,,,,,,,,,,,,,,,legacy_fallback,legacy_fallback,,legacy_identity_may_be_lossy,,0,No eligible registered case-count series facts are available for this disease and country; the public curve uses the legacy flat table.,all,All Sources,,web,all,All Sources,,web
country,br-pb,br-pb,"Paraíba, Brazil",public_projection,BR-PB,"Paraíba, Brazil",D102,Hantavirus infection,汉坦病毒感染,Viral,2004-12-01,2004-12,0,0,,,0.0,ibge_computed,,,,,,,,,,,,,,,,,,,,,,legacy_fallback,legacy_fallback,,legacy_identity_may_be_lossy,,0,No eligible registered case-count series facts are available for this disease and country; the public curve uses the legacy flat table.,all,All Sources,,web,all,All Sources,,web
