dataset_kind,dataset_id,dataset_slug,dataset_name,record_kind,country_code,country_name,disease_id,disease_name_en,disease_name_zh,category,date,year_month,value,cases,weekly_equiv_cases,deaths,incidence_rate_per_100k,incidence_rate_source,mortality_rate,series_code,source_series_code,source_system,source_label,metric_type,reporting_basis,temporal_granularity,unit,geography_key,dimension_key,mapping_relation,comparability,aggregation_policy,availability_status,missing_value_policy,definition_version,case_definition,case_definition_uri,quality_status,is_selected_series,data_layer,projection_policy,coverage_status,loss_risk,selected_series_codes,available_series_count,provenance_note,primary_source_scope,primary_source_label,primary_source_url,primary_source_type,source_scopes,source_labels,source_urls,source_types
country,br-rr,br-rr,"Roraima, Brazil",public_projection,BR-RR,"Roraima, Brazil",D019,Rabies,狂犬病,Viral,2026-01-01,2026-01,0,0,,,0.0,ibge_computed,,,,,,,,,,,,,,,,,,,,,,legacy_fallback,legacy_fallback,,legacy_identity_may_be_lossy,,0,No eligible registered case-count series facts are available for this disease and country; the public curve uses the legacy flat table.,all,All Sources,,web,all,All Sources,,web
country,br-rr,br-rr,"Roraima, Brazil",public_projection,BR-RR,"Roraima, Brazil",D021,Dengue,登革热,Viral,2026-01-01,2026-01,28,28,,,3.6793112329371946,ibge_computed,,,,,,,,,,,,,,,,,,,,,,legacy_fallback,legacy_fallback,,legacy_identity_may_be_lossy,,0,No eligible registered case-count series facts are available for this disease and country; the public curve uses the legacy flat table.,all,All Sources,,web,all,All Sources,,web
country,br-rr,br-rr,"Roraima, Brazil",public_projection,BR-RR,"Roraima, Brazil",D025,Tuberculosis,肺结核,Bacterial,2026-01-01,2026-01,0,0,,,0.0,ibge_computed,,,,,,,,,,,,,,,,,,,,,,legacy_fallback,legacy_fallback,,legacy_identity_may_be_lossy,,0,No eligible registered case-count series facts are available for this disease and country; the public curve uses the legacy flat table.,all,All Sources,,web,all,All Sources,,web
country,br-rr,br-rr,"Roraima, Brazil",public_projection,BR-RR,"Roraima, Brazil",D028,Pertussis,百日咳,Bacterial,2026-01-01,2026-01,24,24,,,3.153695342517595,ibge_computed,,,,,,,,,,,,,,,,,,,,,,legacy_fallback,legacy_fallback,,legacy_identity_may_be_lossy,,0,No eligible registered case-count series facts are available for this disease and country; the public curve uses the legacy flat table.,all,All Sources,,web,all,All Sources,,web
country,br-rr,br-rr,"Roraima, Brazil",public_projection,BR-RR,"Roraima, Brazil",D029,Diphtheria,白喉,Bacterial,2026-01-01,2026-01,0,0,,,0.0,ibge_computed,,,,,,,,,,,,,,,,,,,,,,legacy_fallback,legacy_fallback,,legacy_identity_may_be_lossy,,0,No eligible registered case-count series facts are available for this disease and country; the public curve uses the legacy flat table.,all,All Sources,,web,all,All Sources,,web
country,br-rr,br-rr,"Roraima, Brazil",public_projection,BR-RR,"Roraima, Brazil",D035,Leptospirosis,钩端螺旋体病,Bacterial,2026-01-01,2026-01,5,5,,,0.657019863024499,ibge_computed,,,,,,,,,,,,,,,,,,,,,,legacy_fallback,legacy_fallback,,legacy_identity_may_be_lossy,,0,No eligible registered case-count series facts are available for this disease and country; the public curve uses the legacy flat table.,all,All Sources,,web,all,All Sources,,web
country,br-rr,br-rr,"Roraima, Brazil",public_projection,BR-RR,"Roraima, Brazil",D036,Schistosomiasis,血吸虫病,Parasitic,2026-01-01,2026-01,0,0,,,0.0,ibge_computed,,,,,,,,,,,,,,,,,,,,,,legacy_fallback,legacy_fallback,,legacy_identity_may_be_lossy,,0,No eligible registered case-count series facts are available for this disease and country; the public curve uses the legacy flat table.,all,All Sources,,web,all,All Sources,,web
country,br-rr,br-rr,"Roraima, Brazil",public_projection,BR-RR,"Roraima, Brazil",D037,Malaria,疟疾,Parasitic,2026-01-01,2026-01,1,1,,,0.13140397260489978,ibge_computed,,,,,,,,,,,,,,,,,,,,,,legacy_fallback,legacy_fallback,,legacy_identity_may_be_lossy,,0,No eligible registered case-count series facts are available for this disease and country; the public curve uses the legacy flat table.,all,All Sources,,web,all,All Sources,,web
country,br-rr,br-rr,"Roraima, Brazil",public_projection,BR-RR,"Roraima, Brazil",D042,Leprosy,麻风病,Bacterial,2026-01-01,2026-01,16,16,,,2.1024635616783964,ibge_computed,,,,,,,,,,,,,,,,,,,,,,legacy_fallback,legacy_fallback,,legacy_identity_may_be_lossy,,0,No eligible registered case-count series facts are available for this disease and country; the public curve uses the legacy flat table.,all,All Sources,,web,all,All Sources,,web
country,br-rr,br-rr,"Roraima, Brazil",public_projection,BR-RR,"Roraima, Brazil",D051,Zika virus disease,寨卡病毒病,Viral,2026-01-01,2026-01,10,10,,,1.314039726048998,ibge_computed,,,,,,,,,,,,,,,,,,,,,,legacy_fallback,legacy_fallback,,legacy_identity_may_be_lossy,,0,No eligible registered case-count series facts are available for this disease and country; the public curve uses the legacy flat table.,all,All Sources,,web,all,All Sources,,web
country,br-rr,br-rr,"Roraima, Brazil",public_projection,BR-RR,"Roraima, Brazil",D052,Chikungunya,基孔肯雅热,Viral,2026-01-01,2026-01,21,21,,,2.7594834247028954,ibge_computed,,,,,,,,,,,,,,,,,,,,,,legacy_fallback,legacy_fallback,,legacy_identity_may_be_lossy,,0,No eligible registered case-count series facts are available for this disease and country; the public curve uses the legacy flat table.,all,All Sources,,web,all,All Sources,,web
country,br-rr,br-rr,"Roraima, Brazil",public_projection,BR-RR,"Roraima, Brazil",D054,Varicella,水痘,Viral,2026-01-01,2026-01,7,7,,,0.9198278082342987,ibge_computed,,,,,,,,,,,,,,,,,,,,,,legacy_fallback,legacy_fallback,,legacy_identity_may_be_lossy,,0,No eligible registered case-count series facts are available for this disease and country; the public curve uses the legacy flat table.,all,All Sources,,web,all,All Sources,,web
country,br-rr,br-rr,"Roraima, Brazil",public_projection,BR-RR,"Roraima, Brazil",D085,Toxoplasmosis,弓形体病,Parasitic,2026-01-01,2026-01,1,1,,,0.13140397260489978,ibge_computed,,,,,,,,,,,,,,,,,,,,,,legacy_fallback,legacy_fallback,,legacy_identity_may_be_lossy,,0,No eligible registered case-count series facts are available for this disease and country; the public curve uses the legacy flat table.,all,All Sources,,web,all,All Sources,,web
country,br-rr,br-rr,"Roraima, Brazil",public_projection,BR-RR,"Roraima, Brazil",D091,Botulism,肉毒杆菌中毒,Bacterial,2026-01-01,2026-01,0,0,,,0.0,ibge_computed,,,,,,,,,,,,,,,,,,,,,,legacy_fallback,legacy_fallback,,legacy_identity_may_be_lossy,,0,No eligible registered case-count series facts are available for this disease and country; the public curve uses the legacy flat table.,all,All Sources,,web,all,All Sources,,web
country,br-rr,br-rr,"Roraima, Brazil",public_projection,BR-RR,"Roraima, Brazil",D102,Hantavirus infection,汉坦病毒感染,Viral,2026-01-01,2026-01,0,0,,,0.0,ibge_computed,,,,,,,,,,,,,,,,,,,,,,legacy_fallback,legacy_fallback,,legacy_identity_may_be_lossy,,0,No eligible registered case-count series facts are available for this disease and country; the public curve uses the legacy flat table.,all,All Sources,,web,all,All Sources,,web
country,br-rr,br-rr,"Roraima, Brazil",public_projection,BR-RR,"Roraima, Brazil",D118,Spotted fever rickettsiosis,斑点热立克次体病,Bacterial,2026-01-01,2026-01,2,2,,,0.26280794520979955,ibge_computed,,,,,,,,,,,,,,,,,,,,,,legacy_fallback,legacy_fallback,,legacy_identity_may_be_lossy,,0,No eligible registered case-count series facts are available for this disease and country; the public curve uses the legacy flat table.,all,All Sources,,web,all,All Sources,,web
country,br-rr,br-rr,"Roraima, Brazil",public_projection,BR-RR,"Roraima, Brazil",D120,Tetanus,破伤风,Bacterial,2026-01-01,2026-01,0,0,,,0.0,ibge_computed,,,,,,,,,,,,,,,,,,,,,,legacy_fallback,legacy_fallback,,legacy_identity_may_be_lossy,,0,No eligible registered case-count series facts are available for this disease and country; the public curve uses the legacy flat table.,all,All Sources,,web,all,All Sources,,web
country,br-rr,br-rr,"Roraima, Brazil",public_projection,BR-RR,"Roraima, Brazil",D124,Typhoid fever,伤寒,Bacterial,2026-01-01,2026-01,0,0,,,0.0,ibge_computed,,,,,,,,,,,,,,,,,,,,,,legacy_fallback,legacy_fallback,,legacy_identity_may_be_lossy,,0,No eligible registered case-count series facts are available for this disease and country; the public curve uses the legacy flat table.,all,All Sources,,web,all,All Sources,,web
country,br-rr,br-rr,"Roraima, Brazil",public_projection,BR-RR,"Roraima, Brazil",D168,Congenital rubella syndrome,先天性风疹综合征,Viral,2026-01-01,2026-01,0,0,,,0.0,ibge_computed,,,,,,,,,,,,,,,,,,,,,,legacy_fallback,legacy_fallback,,legacy_identity_may_be_lossy,,0,No eligible registered case-count series facts are available for this disease and country; the public curve uses the legacy flat table.,all,All Sources,,web,all,All Sources,,web
country,br-rr,br-rr,"Roraima, Brazil",public_projection,BR-RR,"Roraima, Brazil",D178,Acute flaccid paralysis,急性无力肢体麻痹,Other,2026-01-01,2026-01,0,0,,,0.0,ibge_computed,,,,,,,,,,,,,,,,,,,,,,legacy_fallback,legacy_fallback,,legacy_identity_may_be_lossy,,0,No eligible registered case-count series facts are available for this disease and country; the public curve uses the legacy flat table.,all,All Sources,,web,all,All Sources,,web
country,br-rr,br-rr,"Roraima, Brazil",public_projection,BR-RR,"Roraima, Brazil",D184,Accident caused by venomous animals,毒性动物伤害,Other,2026-01-01,2026-01,115,115,,,15.111456849563476,ibge_computed,,,,,,,,,,,,,,,,,,,,,,legacy_fallback,legacy_fallback,,legacy_identity_may_be_lossy,,0,No eligible registered case-count series facts are available for this disease and country; the public curve uses the legacy flat table.,all,All Sources,,web,all,All Sources,,web
country,br-rr,br-rr,"Roraima, Brazil",public_projection,BR-RR,"Roraima, Brazil",D185,Work accident with biological material,生物材料职业暴露事故,Other,2026-01-01,2026-01,26,26,,,3.4165032877273944,ibge_computed,,,,,,,,,,,,,,,,,,,,,,legacy_fallback,legacy_fallback,,legacy_identity_may_be_lossy,,0,No eligible registered case-count series facts are available for this disease and country; the public curve uses the legacy flat table.,all,All Sources,,web,all,All Sources,,web
country,br-rr,br-rr,"Roraima, Brazil",public_projection,BR-RR,"Roraima, Brazil",D186,Serious work accident,严重工伤,Other,2026-01-01,2026-01,279,279,,,36.66170835676704,ibge_computed,,,,,,,,,,,,,,,,,,,,,,legacy_fallback,legacy_fallback,,legacy_identity_may_be_lossy,,0,No eligible registered case-count series facts are available for this disease and country; the public curve uses the legacy flat table.,all,All Sources,,web,all,All Sources,,web
country,br-rr,br-rr,"Roraima, Brazil",public_projection,BR-RR,"Roraima, Brazil",D187,Rabies post-exposure prophylaxis,狂犬病暴露后处置,Other,2026-01-01,2026-01,517,517,,,67.9358538367332,ibge_computed,,,,,,,,,,,,,,,,,,,,,,legacy_fallback,legacy_fallback,,legacy_identity_may_be_lossy,,0,No eligible registered case-count series facts are available for this disease and country; the public curve uses the legacy flat table.,all,All Sources,,web,all,All Sources,,web
country,br-rr,br-rr,"Roraima, Brazil",public_projection,BR-RR,"Roraima, Brazil",D188,Work-related cancer,职业相关癌症,Other,2026-01-01,2026-01,0,0,,,0.0,ibge_computed,,,,,,,,,,,,,,,,,,,,,,legacy_fallback,legacy_fallback,,legacy_identity_may_be_lossy,,0,No eligible registered case-count series facts are available for this disease and country; the public curve uses the legacy flat table.,all,All Sources,,web,all,All Sources,,web
country,br-rr,br-rr,"Roraima, Brazil",public_projection,BR-RR,"Roraima, Brazil",D189,Work-related dermatosis,职业性皮肤病,Other,2026-01-01,2026-01,0,0,,,0.0,ibge_computed,,,,,,,,,,,,,,,,,,,,,,legacy_fallback,legacy_fallback,,legacy_identity_may_be_lossy,,0,No eligible registered case-count series facts are available for this disease and country; the public curve uses the legacy flat table.,all,All Sources,,web,all,All Sources,,web
country,br-rr,br-rr,"Roraima, Brazil",public_projection,BR-RR,"Roraima, Brazil",D191,Exogenous poisoning,外源性中毒,Other,2026-01-01,2026-01,71,71,,,9.329682054947884,ibge_computed,,,,,,,,,,,,,,,,,,,,,,legacy_fallback,legacy_fallback,,legacy_identity_may_be_lossy,,0,No eligible registered case-count series facts are available for this disease and country; the public curve uses the legacy flat table.,all,All Sources,,web,all,All Sources,,web
country,br-rr,br-rr,"Roraima, Brazil",public_projection,BR-RR,"Roraima, Brazil",D192,Work-related repetitive strain injury,职业相关重复性劳损,Other,2026-01-01,2026-01,2,2,,,0.26280794520979955,ibge_computed,,SER_BR_LERD,,,,,,monthly,,,,,,,,,,,,,,series_registry,single_series,parity,,SER_BR_LERD,1,The public curve is read directly from one registered source series.,all,All Sources,,web,all,All Sources,,web
country,br-rr,br-rr,"Roraima, Brazil",source_series_observation,BR-RR,"Roraima, Brazil",D192,Work-related repetitive strain injury,职业相关重复性劳损,Other,2026-01-01,2026-01,2,2,,,,,,SER_BR_LERD,SER_BR_LERD,SRC_BR_SINAN,Work-related repetitive strain injury,case_notifications,notification,monthly,count,country:BR-RR:national,all,exact,unknown,non_additive,active,missing_is_unknown,globalid-disease-ontology:2026.09.26.1,SINAN LERD work-related repetitive strain injury or musculoskeletal disorder notifications; LER is retained as the historical source code alias.,,final; provisional,True,series_registry,single_series,parity,,SER_BR_LERD,1,The public curve is read directly from one registered source series.,all,All Sources,,web,all,All Sources,,web
country,br-rr,br-rr,"Roraima, Brazil",public_projection,BR-RR,"Roraima, Brazil",D193,Work-related mental disorder,职业相关精神障碍,Other,2026-01-01,2026-01,0,0,,,0.0,ibge_computed,,SER_BR_WORK_MENTAL_MENT,,,,,,monthly,,,,,,,,,,,,,,series_registry,single_series,parity,,SER_BR_WORK_MENTAL_MENT,1,The public curve is read directly from one registered source series.,all,All Sources,,web,all,All Sources,,web
country,br-rr,br-rr,"Roraima, Brazil",source_series_observation,BR-RR,"Roraima, Brazil",D193,Work-related mental disorder,职业相关精神障碍,Other,2026-01-01,2026-01,0,0,,,,,,SER_BR_WORK_MENTAL_MENT,SER_BR_WORK_MENTAL_MENT,SRC_BR_SINAN,Work-related mental disorder,case_notifications,notification,monthly,count,country:BR-RR:national,all,exact,unknown,non_additive,active,missing_is_unknown,globalid-disease-ontology:2026.09.26.1,SINAN MENT work-related mental disorder notifications.,,final; provisional,True,series_registry,single_series,parity,,SER_BR_WORK_MENTAL_MENT,1,The public curve is read directly from one registered source series.,all,All Sources,,web,all,All Sources,,web
country,br-rr,br-rr,"Roraima, Brazil",public_projection,BR-RR,"Roraima, Brazil",D194,Noise-induced hearing loss,噪声性听力损失,Other,2026-01-01,2026-01,0,0,,,0.0,ibge_computed,,,,,,,,,,,,,,,,,,,,,,legacy_fallback,legacy_fallback,,legacy_identity_may_be_lossy,,0,No eligible registered case-count series facts are available for this disease and country; the public curve uses the legacy flat table.,all,All Sources,,web,all,All Sources,,web
country,br-rr,br-rr,"Roraima, Brazil",public_projection,BR-RR,"Roraima, Brazil",D195,Pneumoconiosis,尘肺病,Other,2026-01-01,2026-01,0,0,,,0.0,ibge_computed,,,,,,,,,,,,,,,,,,,,,,legacy_fallback,legacy_fallback,,legacy_identity_may_be_lossy,,0,No eligible registered case-count series facts are available for this disease and country; the public curve uses the legacy flat table.,all,All Sources,,web,all,All Sources,,web
country,br-rr,br-rr,"Roraima, Brazil",public_projection,BR-RR,"Roraima, Brazil",D198,Toxoplasmosis in pregnancy,妊娠期弓形虫病,Parasitic,2026-01-01,2026-01,0,0,,,0.0,ibge_computed,,,,,,,,,,,,,,,,,,,,,,legacy_fallback,legacy_fallback,,legacy_identity_may_be_lossy,,0,No eligible registered case-count series facts are available for this disease and country; the public curve uses the legacy flat table.,all,All Sources,,web,all,All Sources,,web
country,br-rr,br-rr,"Roraima, Brazil",public_projection,BR-RR,"Roraima, Brazil",D199,Rotavirus infection,轮状病毒感染,Viral,2026-01-01,2026-01,0,0,,,0.0,ibge_computed,,,,,,,,,,,,,,,,,,,,,,legacy_fallback,legacy_fallback,,legacy_identity_may_be_lossy,,0,No eligible registered case-count series facts are available for this disease and country; the public curve uses the legacy flat table.,all,All Sources,,web,all,All Sources,,web
country,br-rr,br-rr,"Roraima, Brazil",public_projection,BR-RR,"Roraima, Brazil",D201,Exanthematous diseases,出疹性疾病,Viral,2026-01-01,2026-01,0,0,,,0.0,ibge_computed,,,,,,,,,,,,,,,,,,,,,,legacy_fallback,legacy_fallback,,legacy_identity_may_be_lossy,,0,No eligible registered case-count series facts are available for this disease and country; the public curve uses the legacy flat table.,all,All Sources,,web,all,All Sources,,web
country,br-rr,br-rr,"Roraima, Brazil",public_projection,BR-RR,"Roraima, Brazil",D235,Meningitis (all reported etiologies),脑膜炎（全部报告病因）,Other,2026-01-01,2026-01,5,5,,,0.657019863024499,ibge_computed,,SER_BR_MENINGITIS_ALL_ETIOLOGIES_MENI,,,,,,monthly,,,,,,,,,,,,,,series_registry,single_series,parity,,SER_BR_MENINGITIS_ALL_ETIOLOGIES_MENI,1,The public curve is read directly from one registered source series.,all,All Sources,,web,all,All Sources,,web
country,br-rr,br-rr,"Roraima, Brazil",source_series_observation,BR-RR,"Roraima, Brazil",D235,Meningitis (all reported etiologies),脑膜炎（全部报告病因）,Other,2026-01-01,2026-01,5,5,,,,,,SER_BR_MENINGITIS_ALL_ETIOLOGIES_MENI,SER_BR_MENINGITIS_ALL_ETIOLOGIES_MENI,SRC_BR_SINAN,Meningitis,case_notifications,notification,monthly,count,country:BR-RR:national,all,exact,conditional,reported_aggregate,active,missing_is_unknown,BR_SINAN_MENI_current,Brazil SINAN MENI file family spans reported meningitis etiologies and must not be interpreted as bacterial meningitis only.,,final; provisional,True,series_registry,single_series,parity,,SER_BR_MENINGITIS_ALL_ETIOLOGIES_MENI,1,The public curve is read directly from one registered source series.,all,All Sources,,web,all,All Sources,,web
country,br-rr,br-rr,"Roraima, Brazil",public_projection,BR-RR,"Roraima, Brazil",D019,Rabies,狂犬病,Viral,2026-02-01,2026-02,0,0,,,0.0,ibge_computed,,,,,,,,,,,,,,,,,,,,,,legacy_fallback,legacy_fallback,,legacy_identity_may_be_lossy,,0,No eligible registered case-count series facts are available for this disease and country; the public curve uses the legacy flat table.,all,All Sources,,web,all,All Sources,,web
country,br-rr,br-rr,"Roraima, Brazil",public_projection,BR-RR,"Roraima, Brazil",D021,Dengue,登革热,Viral,2026-02-01,2026-02,27,27,,,3.5479072603322943,ibge_computed,,,,,,,,,,,,,,,,,,,,,,legacy_fallback,legacy_fallback,,legacy_identity_may_be_lossy,,0,No eligible registered case-count series facts are available for this disease and country; the public curve uses the legacy flat table.,all,All Sources,,web,all,All Sources,,web
country,br-rr,br-rr,"Roraima, Brazil",public_projection,BR-RR,"Roraima, Brazil",D025,Tuberculosis,肺结核,Bacterial,2026-02-01,2026-02,0,0,,,0.0,ibge_computed,,,,,,,,,,,,,,,,,,,,,,legacy_fallback,legacy_fallback,,legacy_identity_may_be_lossy,,0,No eligible registered case-count series facts are available for this disease and country; the public curve uses the legacy flat table.,all,All Sources,,web,all,All Sources,,web
country,br-rr,br-rr,"Roraima, Brazil",public_projection,BR-RR,"Roraima, Brazil",D028,Pertussis,百日咳,Bacterial,2026-02-01,2026-02,78,78,,,10.249509863182183,ibge_computed,,,,,,,,,,,,,,,,,,,,,,legacy_fallback,legacy_fallback,,legacy_identity_may_be_lossy,,0,No eligible registered case-count series facts are available for this disease and country; the public curve uses the legacy flat table.,all,All Sources,,web,all,All Sources,,web
country,br-rr,br-rr,"Roraima, Brazil",public_projection,BR-RR,"Roraima, Brazil",D029,Diphtheria,白喉,Bacterial,2026-02-01,2026-02,0,0,,,0.0,ibge_computed,,,,,,,,,,,,,,,,,,,,,,legacy_fallback,legacy_fallback,,legacy_identity_may_be_lossy,,0,No eligible registered case-count series facts are available for this disease and country; the public curve uses the legacy flat table.,all,All Sources,,web,all,All Sources,,web
country,br-rr,br-rr,"Roraima, Brazil",public_projection,BR-RR,"Roraima, Brazil",D035,Leptospirosis,钩端螺旋体病,Bacterial,2026-02-01,2026-02,6,6,,,0.7884238356293988,ibge_computed,,,,,,,,,,,,,,,,,,,,,,legacy_fallback,legacy_fallback,,legacy_identity_may_be_lossy,,0,No eligible registered case-count series facts are available for this disease and country; the public curve uses the legacy flat table.,all,All Sources,,web,all,All Sources,,web
country,br-rr,br-rr,"Roraima, Brazil",public_projection,BR-RR,"Roraima, Brazil",D036,Schistosomiasis,血吸虫病,Parasitic,2026-02-01,2026-02,0,0,,,0.0,ibge_computed,,,,,,,,,,,,,,,,,,,,,,legacy_fallback,legacy_fallback,,legacy_identity_may_be_lossy,,0,No eligible registered case-count series facts are available for this disease and country; the public curve uses the legacy flat table.,all,All Sources,,web,all,All Sources,,web
country,br-rr,br-rr,"Roraima, Brazil",public_projection,BR-RR,"Roraima, Brazil",D037,Malaria,疟疾,Parasitic,2026-02-01,2026-02,1,1,,,0.13140397260489978,ibge_computed,,,,,,,,,,,,,,,,,,,,,,legacy_fallback,legacy_fallback,,legacy_identity_may_be_lossy,,0,No eligible registered case-count series facts are available for this disease and country; the public curve uses the legacy flat table.,all,All Sources,,web,all,All Sources,,web
country,br-rr,br-rr,"Roraima, Brazil",public_projection,BR-RR,"Roraima, Brazil",D042,Leprosy,麻风病,Bacterial,2026-02-01,2026-02,10,10,,,1.314039726048998,ibge_computed,,,,,,,,,,,,,,,,,,,,,,legacy_fallback,legacy_fallback,,legacy_identity_may_be_lossy,,0,No eligible registered case-count series facts are available for this disease and country; the public curve uses the legacy flat table.,all,All Sources,,web,all,All Sources,,web
country,br-rr,br-rr,"Roraima, Brazil",public_projection,BR-RR,"Roraima, Brazil",D051,Zika virus disease,寨卡病毒病,Viral,2026-02-01,2026-02,13,13,,,1.7082516438636972,ibge_computed,,,,,,,,,,,,,,,,,,,,,,legacy_fallback,legacy_fallback,,legacy_identity_may_be_lossy,,0,No eligible registered case-count series facts are available for this disease and country; the public curve uses the legacy flat table.,all,All Sources,,web,all,All Sources,,web
country,br-rr,br-rr,"Roraima, Brazil",public_projection,BR-RR,"Roraima, Brazil",D052,Chikungunya,基孔肯雅热,Viral,2026-02-01,2026-02,24,24,,,3.153695342517595,ibge_computed,,,,,,,,,,,,,,,,,,,,,,legacy_fallback,legacy_fallback,,legacy_identity_may_be_lossy,,0,No eligible registered case-count series facts are available for this disease and country; the public curve uses the legacy flat table.,all,All Sources,,web,all,All Sources,,web
country,br-rr,br-rr,"Roraima, Brazil",public_projection,BR-RR,"Roraima, Brazil",D054,Varicella,水痘,Viral,2026-02-01,2026-02,8,8,,,1.0512317808391982,ibge_computed,,,,,,,,,,,,,,,,,,,,,,legacy_fallback,legacy_fallback,,legacy_identity_may_be_lossy,,0,No eligible registered case-count series facts are available for this disease and country; the public curve uses the legacy flat table.,all,All Sources,,web,all,All Sources,,web
country,br-rr,br-rr,"Roraima, Brazil",public_projection,BR-RR,"Roraima, Brazil",D085,Toxoplasmosis,弓形体病,Parasitic,2026-02-01,2026-02,6,6,,,0.7884238356293988,ibge_computed,,,,,,,,,,,,,,,,,,,,,,legacy_fallback,legacy_fallback,,legacy_identity_may_be_lossy,,0,No eligible registered case-count series facts are available for this disease and country; the public curve uses the legacy flat table.,all,All Sources,,web,all,All Sources,,web
country,br-rr,br-rr,"Roraima, Brazil",public_projection,BR-RR,"Roraima, Brazil",D091,Botulism,肉毒杆菌中毒,Bacterial,2026-02-01,2026-02,0,0,,,0.0,ibge_computed,,,,,,,,,,,,,,,,,,,,,,legacy_fallback,legacy_fallback,,legacy_identity_may_be_lossy,,0,No eligible registered case-count series facts are available for this disease and country; the public curve uses the legacy flat table.,all,All Sources,,web,all,All Sources,,web
country,br-rr,br-rr,"Roraima, Brazil",public_projection,BR-RR,"Roraima, Brazil",D102,Hantavirus infection,汉坦病毒感染,Viral,2026-02-01,2026-02,0,0,,,0.0,ibge_computed,,,,,,,,,,,,,,,,,,,,,,legacy_fallback,legacy_fallback,,legacy_identity_may_be_lossy,,0,No eligible registered case-count series facts are available for this disease and country; the public curve uses the legacy flat table.,all,All Sources,,web,all,All Sources,,web
country,br-rr,br-rr,"Roraima, Brazil",public_projection,BR-RR,"Roraima, Brazil",D118,Spotted fever rickettsiosis,斑点热立克次体病,Bacterial,2026-02-01,2026-02,1,1,,,0.13140397260489978,ibge_computed,,,,,,,,,,,,,,,,,,,,,,legacy_fallback,legacy_fallback,,legacy_identity_may_be_lossy,,0,No eligible registered case-count series facts are available for this disease and country; the public curve uses the legacy flat table.,all,All Sources,,web,all,All Sources,,web
country,br-rr,br-rr,"Roraima, Brazil",public_projection,BR-RR,"Roraima, Brazil",D120,Tetanus,破伤风,Bacterial,2026-02-01,2026-02,0,0,,,0.0,ibge_computed,,,,,,,,,,,,,,,,,,,,,,legacy_fallback,legacy_fallback,,legacy_identity_may_be_lossy,,0,No eligible registered case-count series facts are available for this disease and country; the public curve uses the legacy flat table.,all,All Sources,,web,all,All Sources,,web
country,br-rr,br-rr,"Roraima, Brazil",public_projection,BR-RR,"Roraima, Brazil",D124,Typhoid fever,伤寒,Bacterial,2026-02-01,2026-02,0,0,,,0.0,ibge_computed,,,,,,,,,,,,,,,,,,,,,,legacy_fallback,legacy_fallback,,legacy_identity_may_be_lossy,,0,No eligible registered case-count series facts are available for this disease and country; the public curve uses the legacy flat table.,all,All Sources,,web,all,All Sources,,web
country,br-rr,br-rr,"Roraima, Brazil",public_projection,BR-RR,"Roraima, Brazil",D168,Congenital rubella syndrome,先天性风疹综合征,Viral,2026-02-01,2026-02,0,0,,,0.0,ibge_computed,,,,,,,,,,,,,,,,,,,,,,legacy_fallback,legacy_fallback,,legacy_identity_may_be_lossy,,0,No eligible registered case-count series facts are available for this disease and country; the public curve uses the legacy flat table.,all,All Sources,,web,all,All Sources,,web
country,br-rr,br-rr,"Roraima, Brazil",public_projection,BR-RR,"Roraima, Brazil",D178,Acute flaccid paralysis,急性无力肢体麻痹,Other,2026-02-01,2026-02,0,0,,,0.0,ibge_computed,,,,,,,,,,,,,,,,,,,,,,legacy_fallback,legacy_fallback,,legacy_identity_may_be_lossy,,0,No eligible registered case-count series facts are available for this disease and country; the public curve uses the legacy flat table.,all,All Sources,,web,all,All Sources,,web
country,br-rr,br-rr,"Roraima, Brazil",public_projection,BR-RR,"Roraima, Brazil",D184,Accident caused by venomous animals,毒性动物伤害,Other,2026-02-01,2026-02,103,103,,,13.53460917830468,ibge_computed,,,,,,,,,,,,,,,,,,,,,,legacy_fallback,legacy_fallback,,legacy_identity_may_be_lossy,,0,No eligible registered case-count series facts are available for this disease and country; the public curve uses the legacy flat table.,all,All Sources,,web,all,All Sources,,web
country,br-rr,br-rr,"Roraima, Brazil",public_projection,BR-RR,"Roraima, Brazil",D185,Work accident with biological material,生物材料职业暴露事故,Other,2026-02-01,2026-02,27,27,,,3.5479072603322943,ibge_computed,,,,,,,,,,,,,,,,,,,,,,legacy_fallback,legacy_fallback,,legacy_identity_may_be_lossy,,0,No eligible registered case-count series facts are available for this disease and country; the public curve uses the legacy flat table.,all,All Sources,,web,all,All Sources,,web
country,br-rr,br-rr,"Roraima, Brazil",public_projection,BR-RR,"Roraima, Brazil",D186,Serious work accident,严重工伤,Other,2026-02-01,2026-02,241,241,,,31.66835739778085,ibge_computed,,,,,,,,,,,,,,,,,,,,,,legacy_fallback,legacy_fallback,,legacy_identity_may_be_lossy,,0,No eligible registered case-count series facts are available for this disease and country; the public curve uses the legacy flat table.,all,All Sources,,web,all,All Sources,,web
country,br-rr,br-rr,"Roraima, Brazil",public_projection,BR-RR,"Roraima, Brazil",D187,Rabies post-exposure prophylaxis,狂犬病暴露后处置,Other,2026-02-01,2026-02,509,509,,,66.88462205589398,ibge_computed,,,,,,,,,,,,,,,,,,,,,,legacy_fallback,legacy_fallback,,legacy_identity_may_be_lossy,,0,No eligible registered case-count series facts are available for this disease and country; the public curve uses the legacy flat table.,all,All Sources,,web,all,All Sources,,web
country,br-rr,br-rr,"Roraima, Brazil",public_projection,BR-RR,"Roraima, Brazil",D188,Work-related cancer,职业相关癌症,Other,2026-02-01,2026-02,0,0,,,0.0,ibge_computed,,,,,,,,,,,,,,,,,,,,,,legacy_fallback,legacy_fallback,,legacy_identity_may_be_lossy,,0,No eligible registered case-count series facts are available for this disease and country; the public curve uses the legacy flat table.,all,All Sources,,web,all,All Sources,,web
country,br-rr,br-rr,"Roraima, Brazil",public_projection,BR-RR,"Roraima, Brazil",D189,Work-related dermatosis,职业性皮肤病,Other,2026-02-01,2026-02,0,0,,,0.0,ibge_computed,,,,,,,,,,,,,,,,,,,,,,legacy_fallback,legacy_fallback,,legacy_identity_may_be_lossy,,0,No eligible registered case-count series facts are available for this disease and country; the public curve uses the legacy flat table.,all,All Sources,,web,all,All Sources,,web
country,br-rr,br-rr,"Roraima, Brazil",public_projection,BR-RR,"Roraima, Brazil",D191,Exogenous poisoning,外源性中毒,Other,2026-02-01,2026-02,80,80,,,10.512317808391984,ibge_computed,,,,,,,,,,,,,,,,,,,,,,legacy_fallback,legacy_fallback,,legacy_identity_may_be_lossy,,0,No eligible registered case-count series facts are available for this disease and country; the public curve uses the legacy flat table.,all,All Sources,,web,all,All Sources,,web
country,br-rr,br-rr,"Roraima, Brazil",public_projection,BR-RR,"Roraima, Brazil",D192,Work-related repetitive strain injury,职业相关重复性劳损,Other,2026-02-01,2026-02,1,1,,,0.13140397260489978,ibge_computed,,SER_BR_LERD,,,,,,monthly,,,,,,,,,,,,,,series_registry,single_series,parity,,SER_BR_LERD,1,The public curve is read directly from one registered source series.,all,All Sources,,web,all,All Sources,,web
country,br-rr,br-rr,"Roraima, Brazil",source_series_observation,BR-RR,"Roraima, Brazil",D192,Work-related repetitive strain injury,职业相关重复性劳损,Other,2026-02-01,2026-02,1,1,,,,,,SER_BR_LERD,SER_BR_LERD,SRC_BR_SINAN,Work-related repetitive strain injury,case_notifications,notification,monthly,count,country:BR-RR:national,all,exact,unknown,non_additive,active,missing_is_unknown,globalid-disease-ontology:2026.09.26.1,SINAN LERD work-related repetitive strain injury or musculoskeletal disorder notifications; LER is retained as the historical source code alias.,,final; provisional,True,series_registry,single_series,parity,,SER_BR_LERD,1,The public curve is read directly from one registered source series.,all,All Sources,,web,all,All Sources,,web
country,br-rr,br-rr,"Roraima, Brazil",public_projection,BR-RR,"Roraima, Brazil",D193,Work-related mental disorder,职业相关精神障碍,Other,2026-02-01,2026-02,2,2,,,0.26280794520979955,ibge_computed,,SER_BR_WORK_MENTAL_MENT,,,,,,monthly,,,,,,,,,,,,,,series_registry,single_series,parity,,SER_BR_WORK_MENTAL_MENT,1,The public curve is read directly from one registered source series.,all,All Sources,,web,all,All Sources,,web
country,br-rr,br-rr,"Roraima, Brazil",source_series_observation,BR-RR,"Roraima, Brazil",D193,Work-related mental disorder,职业相关精神障碍,Other,2026-02-01,2026-02,2,2,,,,,,SER_BR_WORK_MENTAL_MENT,SER_BR_WORK_MENTAL_MENT,SRC_BR_SINAN,Work-related mental disorder,case_notifications,notification,monthly,count,country:BR-RR:national,all,exact,unknown,non_additive,active,missing_is_unknown,globalid-disease-ontology:2026.09.26.1,SINAN MENT work-related mental disorder notifications.,,final; provisional,True,series_registry,single_series,parity,,SER_BR_WORK_MENTAL_MENT,1,The public curve is read directly from one registered source series.,all,All Sources,,web,all,All Sources,,web
country,br-rr,br-rr,"Roraima, Brazil",public_projection,BR-RR,"Roraima, Brazil",D194,Noise-induced hearing loss,噪声性听力损失,Other,2026-02-01,2026-02,0,0,,,0.0,ibge_computed,,,,,,,,,,,,,,,,,,,,,,legacy_fallback,legacy_fallback,,legacy_identity_may_be_lossy,,0,No eligible registered case-count series facts are available for this disease and country; the public curve uses the legacy flat table.,all,All Sources,,web,all,All Sources,,web
country,br-rr,br-rr,"Roraima, Brazil",public_projection,BR-RR,"Roraima, Brazil",D195,Pneumoconiosis,尘肺病,Other,2026-02-01,2026-02,0,0,,,0.0,ibge_computed,,,,,,,,,,,,,,,,,,,,,,legacy_fallback,legacy_fallback,,legacy_identity_may_be_lossy,,0,No eligible registered case-count series facts are available for this disease and country; the public curve uses the legacy flat table.,all,All Sources,,web,all,All Sources,,web
country,br-rr,br-rr,"Roraima, Brazil",public_projection,BR-RR,"Roraima, Brazil",D198,Toxoplasmosis in pregnancy,妊娠期弓形虫病,Parasitic,2026-02-01,2026-02,0,0,,,0.0,ibge_computed,,,,,,,,,,,,,,,,,,,,,,legacy_fallback,legacy_fallback,,legacy_identity_may_be_lossy,,0,No eligible registered case-count series facts are available for this disease and country; the public curve uses the legacy flat table.,all,All Sources,,web,all,All Sources,,web
country,br-rr,br-rr,"Roraima, Brazil",public_projection,BR-RR,"Roraima, Brazil",D199,Rotavirus infection,轮状病毒感染,Viral,2026-02-01,2026-02,0,0,,,0.0,ibge_computed,,,,,,,,,,,,,,,,,,,,,,legacy_fallback,legacy_fallback,,legacy_identity_may_be_lossy,,0,No eligible registered case-count series facts are available for this disease and country; the public curve uses the legacy flat table.,all,All Sources,,web,all,All Sources,,web
country,br-rr,br-rr,"Roraima, Brazil",public_projection,BR-RR,"Roraima, Brazil",D200,Trachoma,沙眼,Bacterial,2026-02-01,2026-02,0,0,,,0.0,ibge_computed,,SER_BR_TRACHOMA_CASE_TRAC,,,,,,monthly,,,,,,,,,,,,,,series_registry,single_series,parity,,SER_BR_TRACHOMA_CASE_TRAC,1,The public curve is read directly from one registered source series.,all,All Sources,,web,all,All Sources,,web
country,br-rr,br-rr,"Roraima, Brazil",source_series_observation,BR-RR,"Roraima, Brazil",D200,Trachoma,沙眼,Bacterial,2026-02-01,2026-02,0,0,,,,,,SER_BR_TRACHOMA_CASE_TRAC,SER_BR_TRACHOMA_CASE_TRAC,SRC_BR_SINAN,Trachoma,case_notifications,notification,monthly,count,country:BR-RR:national,all,exact,unknown,non_additive,active,missing_is_unknown,globalid-disease-ontology:2026.09.26.1,SINAN TRAC individual trachoma notification family.,,final; provisional,True,series_registry,single_series,parity,,SER_BR_TRACHOMA_CASE_TRAC,1,The public curve is read directly from one registered source series.,all,All Sources,,web,all,All Sources,,web
country,br-rr,br-rr,"Roraima, Brazil",public_projection,BR-RR,"Roraima, Brazil",D201,Exanthematous diseases,出疹性疾病,Viral,2026-02-01,2026-02,1,1,,,0.13140397260489978,ibge_computed,,,,,,,,,,,,,,,,,,,,,,legacy_fallback,legacy_fallback,,legacy_identity_may_be_lossy,,0,No eligible registered case-count series facts are available for this disease and country; the public curve uses the legacy flat table.,all,All Sources,,web,all,All Sources,,web
country,br-rr,br-rr,"Roraima, Brazil",public_projection,BR-RR,"Roraima, Brazil",D235,Meningitis (all reported etiologies),脑膜炎（全部报告病因）,Other,2026-02-01,2026-02,2,2,,,0.26280794520979955,ibge_computed,,SER_BR_MENINGITIS_ALL_ETIOLOGIES_MENI,,,,,,monthly,,,,,,,,,,,,,,series_registry,single_series,parity,,SER_BR_MENINGITIS_ALL_ETIOLOGIES_MENI,1,The public curve is read directly from one registered source series.,all,All Sources,,web,all,All Sources,,web
country,br-rr,br-rr,"Roraima, Brazil",source_series_observation,BR-RR,"Roraima, Brazil",D235,Meningitis (all reported etiologies),脑膜炎（全部报告病因）,Other,2026-02-01,2026-02,2,2,,,,,,SER_BR_MENINGITIS_ALL_ETIOLOGIES_MENI,SER_BR_MENINGITIS_ALL_ETIOLOGIES_MENI,SRC_BR_SINAN,Meningitis,case_notifications,notification,monthly,count,country:BR-RR:national,all,exact,conditional,reported_aggregate,active,missing_is_unknown,BR_SINAN_MENI_current,Brazil SINAN MENI file family spans reported meningitis etiologies and must not be interpreted as bacterial meningitis only.,,final; provisional,True,series_registry,single_series,parity,,SER_BR_MENINGITIS_ALL_ETIOLOGIES_MENI,1,The public curve is read directly from one registered source series.,all,All Sources,,web,all,All Sources,,web
country,br-rr,br-rr,"Roraima, Brazil",public_projection,BR-RR,"Roraima, Brazil",D021,Dengue,登革热,Viral,2026-03-01,2026-03,47,47,,,6.175986712430291,ibge_computed,,,,,,,,,,,,,,,,,,,,,,legacy_fallback,legacy_fallback,,legacy_identity_may_be_lossy,,0,No eligible registered case-count series facts are available for this disease and country; the public curve uses the legacy flat table.,all,All Sources,,web,all,All Sources,,web
country,br-rr,br-rr,"Roraima, Brazil",public_projection,BR-RR,"Roraima, Brazil",D025,Tuberculosis,肺结核,Bacterial,2026-03-01,2026-03,0,0,,,0.0,ibge_computed,,,,,,,,,,,,,,,,,,,,,,legacy_fallback,legacy_fallback,,legacy_identity_may_be_lossy,,0,No eligible registered case-count series facts are available for this disease and country; the public curve uses the legacy flat table.,all,All Sources,,web,all,All Sources,,web
country,br-rr,br-rr,"Roraima, Brazil",public_projection,BR-RR,"Roraima, Brazil",D028,Pertussis,百日咳,Bacterial,2026-03-01,2026-03,37,37,,,4.861946986381292,ibge_computed,,,,,,,,,,,,,,,,,,,,,,legacy_fallback,legacy_fallback,,legacy_identity_may_be_lossy,,0,No eligible registered case-count series facts are available for this disease and country; the public curve uses the legacy flat table.,all,All Sources,,web,all,All Sources,,web
country,br-rr,br-rr,"Roraima, Brazil",public_projection,BR-RR,"Roraima, Brazil",D029,Diphtheria,白喉,Bacterial,2026-03-01,2026-03,0,0,,,0.0,ibge_computed,,,,,,,,,,,,,,,,,,,,,,legacy_fallback,legacy_fallback,,legacy_identity_may_be_lossy,,0,No eligible registered case-count series facts are available for this disease and country; the public curve uses the legacy flat table.,all,All Sources,,web,all,All Sources,,web
country,br-rr,br-rr,"Roraima, Brazil",public_projection,BR-RR,"Roraima, Brazil",D030,Neonatal Tetanus,新生儿破伤风,Bacterial,2026-03-01,2026-03,0,0,,,0.0,ibge_computed,,,,,,,,,,,,,,,,,,,,,,legacy_fallback,legacy_fallback,,legacy_identity_may_be_lossy,,0,No eligible registered case-count series facts are available for this disease and country; the public curve uses the legacy flat table.,all,All Sources,,web,all,All Sources,,web
country,br-rr,br-rr,"Roraima, Brazil",public_projection,BR-RR,"Roraima, Brazil",D035,Leptospirosis,钩端螺旋体病,Bacterial,2026-03-01,2026-03,3,3,,,0.3942119178146994,ibge_computed,,,,,,,,,,,,,,,,,,,,,,legacy_fallback,legacy_fallback,,legacy_identity_may_be_lossy,,0,No eligible registered case-count series facts are available for this disease and country; the public curve uses the legacy flat table.,all,All Sources,,web,all,All Sources,,web
country,br-rr,br-rr,"Roraima, Brazil",public_projection,BR-RR,"Roraima, Brazil",D036,Schistosomiasis,血吸虫病,Parasitic,2026-03-01,2026-03,0,0,,,0.0,ibge_computed,,,,,,,,,,,,,,,,,,,,,,legacy_fallback,legacy_fallback,,legacy_identity_may_be_lossy,,0,No eligible registered case-count series facts are available for this disease and country; the public curve uses the legacy flat table.,all,All Sources,,web,all,All Sources,,web
country,br-rr,br-rr,"Roraima, Brazil",public_projection,BR-RR,"Roraima, Brazil",D037,Malaria,疟疾,Parasitic,2026-03-01,2026-03,0,0,,,0.0,ibge_computed,,,,,,,,,,,,,,,,,,,,,,legacy_fallback,legacy_fallback,,legacy_identity_may_be_lossy,,0,No eligible registered case-count series facts are available for this disease and country; the public curve uses the legacy flat table.,all,All Sources,,web,all,All Sources,,web
country,br-rr,br-rr,"Roraima, Brazil",public_projection,BR-RR,"Roraima, Brazil",D042,Leprosy,麻风病,Bacterial,2026-03-01,2026-03,9,9,,,1.182635753444098,ibge_computed,,,,,,,,,,,,,,,,,,,,,,legacy_fallback,legacy_fallback,,legacy_identity_may_be_lossy,,0,No eligible registered case-count series facts are available for this disease and country; the public curve uses the legacy flat table.,all,All Sources,,web,all,All Sources,,web
country,br-rr,br-rr,"Roraima, Brazil",public_projection,BR-RR,"Roraima, Brazil",D051,Zika virus disease,寨卡病毒病,Viral,2026-03-01,2026-03,8,8,,,1.0512317808391982,ibge_computed,,,,,,,,,,,,,,,,,,,,,,legacy_fallback,legacy_fallback,,legacy_identity_may_be_lossy,,0,No eligible registered case-count series facts are available for this disease and country; the public curve uses the legacy flat table.,all,All Sources,,web,all,All Sources,,web
country,br-rr,br-rr,"Roraima, Brazil",public_projection,BR-RR,"Roraima, Brazil",D052,Chikungunya,基孔肯雅热,Viral,2026-03-01,2026-03,12,12,,,1.5768476712587975,ibge_computed,,,,,,,,,,,,,,,,,,,,,,legacy_fallback,legacy_fallback,,legacy_identity_may_be_lossy,,0,No eligible registered case-count series facts are available for this disease and country; the public curve uses the legacy flat table.,all,All Sources,,web,all,All Sources,,web
country,br-rr,br-rr,"Roraima, Brazil",public_projection,BR-RR,"Roraima, Brazil",D054,Varicella,水痘,Viral,2026-03-01,2026-03,11,11,,,1.4454436986538977,ibge_computed,,,,,,,,,,,,,,,,,,,,,,legacy_fallback,legacy_fallback,,legacy_identity_may_be_lossy,,0,No eligible registered case-count series facts are available for this disease and country; the public curve uses the legacy flat table.,all,All Sources,,web,all,All Sources,,web
country,br-rr,br-rr,"Roraima, Brazil",public_projection,BR-RR,"Roraima, Brazil",D091,Botulism,肉毒杆菌中毒,Bacterial,2026-03-01,2026-03,0,0,,,0.0,ibge_computed,,,,,,,,,,,,,,,,,,,,,,legacy_fallback,legacy_fallback,,legacy_identity_may_be_lossy,,0,No eligible registered case-count series facts are available for this disease and country; the public curve uses the legacy flat table.,all,All Sources,,web,all,All Sources,,web
country,br-rr,br-rr,"Roraima, Brazil",public_projection,BR-RR,"Roraima, Brazil",D102,Hantavirus infection,汉坦病毒感染,Viral,2026-03-01,2026-03,1,1,,,0.13140397260489978,ibge_computed,,,,,,,,,,,,,,,,,,,,,,legacy_fallback,legacy_fallback,,legacy_identity_may_be_lossy,,0,No eligible registered case-count series facts are available for this disease and country; the public curve uses the legacy flat table.,all,All Sources,,web,all,All Sources,,web
country,br-rr,br-rr,"Roraima, Brazil",public_projection,BR-RR,"Roraima, Brazil",D118,Spotted fever rickettsiosis,斑点热立克次体病,Bacterial,2026-03-01,2026-03,3,3,,,0.3942119178146994,ibge_computed,,,,,,,,,,,,,,,,,,,,,,legacy_fallback,legacy_fallback,,legacy_identity_may_be_lossy,,0,No eligible registered case-count series facts are available for this disease and country; the public curve uses the legacy flat table.,all,All Sources,,web,all,All Sources,,web
country,br-rr,br-rr,"Roraima, Brazil",public_projection,BR-RR,"Roraima, Brazil",D120,Tetanus,破伤风,Bacterial,2026-03-01,2026-03,0,0,,,0.0,ibge_computed,,,,,,,,,,,,,,,,,,,,,,legacy_fallback,legacy_fallback,,legacy_identity_may_be_lossy,,0,No eligible registered case-count series facts are available for this disease and country; the public curve uses the legacy flat table.,all,All Sources,,web,all,All Sources,,web
country,br-rr,br-rr,"Roraima, Brazil",public_projection,BR-RR,"Roraima, Brazil",D124,Typhoid fever,伤寒,Bacterial,2026-03-01,2026-03,0,0,,,0.0,ibge_computed,,,,,,,,,,,,,,,,,,,,,,legacy_fallback,legacy_fallback,,legacy_identity_may_be_lossy,,0,No eligible registered case-count series facts are available for this disease and country; the public curve uses the legacy flat table.,all,All Sources,,web,all,All Sources,,web
country,br-rr,br-rr,"Roraima, Brazil",public_projection,BR-RR,"Roraima, Brazil",D168,Congenital rubella syndrome,先天性风疹综合征,Viral,2026-03-01,2026-03,0,0,,,0.0,ibge_computed,,,,,,,,,,,,,,,,,,,,,,legacy_fallback,legacy_fallback,,legacy_identity_may_be_lossy,,0,No eligible registered case-count series facts are available for this disease and country; the public curve uses the legacy flat table.,all,All Sources,,web,all,All Sources,,web
country,br-rr,br-rr,"Roraima, Brazil",public_projection,BR-RR,"Roraima, Brazil",D178,Acute flaccid paralysis,急性无力肢体麻痹,Other,2026-03-01,2026-03,0,0,,,0.0,ibge_computed,,,,,,,,,,,,,,,,,,,,,,legacy_fallback,legacy_fallback,,legacy_identity_may_be_lossy,,0,No eligible registered case-count series facts are available for this disease and country; the public curve uses the legacy flat table.,all,All Sources,,web,all,All Sources,,web
country,br-rr,br-rr,"Roraima, Brazil",public_projection,BR-RR,"Roraima, Brazil",D184,Accident caused by venomous animals,毒性动物伤害,Other,2026-03-01,2026-03,98,98,,,12.87758931528018,ibge_computed,,,,,,,,,,,,,,,,,,,,,,legacy_fallback,legacy_fallback,,legacy_identity_may_be_lossy,,0,No eligible registered case-count series facts are available for this disease and country; the public curve uses the legacy flat table.,all,All Sources,,web,all,All Sources,,web
country,br-rr,br-rr,"Roraima, Brazil",public_projection,BR-RR,"Roraima, Brazil",D185,Work accident with biological material,生物材料职业暴露事故,Other,2026-03-01,2026-03,32,32,,,4.204927123356793,ibge_computed,,,,,,,,,,,,,,,,,,,,,,legacy_fallback,legacy_fallback,,legacy_identity_may_be_lossy,,0,No eligible registered case-count series facts are available for this disease and country; the public curve uses the legacy flat table.,all,All Sources,,web,all,All Sources,,web
country,br-rr,br-rr,"Roraima, Brazil",public_projection,BR-RR,"Roraima, Brazil",D186,Serious work accident,严重工伤,Other,2026-03-01,2026-03,368,368,,,48.35666191860312,ibge_computed,,,,,,,,,,,,,,,,,,,,,,legacy_fallback,legacy_fallback,,legacy_identity_may_be_lossy,,0,No eligible registered case-count series facts are available for this disease and country; the public curve uses the legacy flat table.,all,All Sources,,web,all,All Sources,,web
country,br-rr,br-rr,"Roraima, Brazil",public_projection,BR-RR,"Roraima, Brazil",D187,Rabies post-exposure prophylaxis,狂犬病暴露后处置,Other,2026-03-01,2026-03,519,519,,,68.19866178194299,ibge_computed,,,,,,,,,,,,,,,,,,,,,,legacy_fallback,legacy_fallback,,legacy_identity_may_be_lossy,,0,No eligible registered case-count series facts are available for this disease and country; the public curve uses the legacy flat table.,all,All Sources,,web,all,All Sources,,web
country,br-rr,br-rr,"Roraima, Brazil",public_projection,BR-RR,"Roraima, Brazil",D188,Work-related cancer,职业相关癌症,Other,2026-03-01,2026-03,0,0,,,0.0,ibge_computed,,,,,,,,,,,,,,,,,,,,,,legacy_fallback,legacy_fallback,,legacy_identity_may_be_lossy,,0,No eligible registered case-count series facts are available for this disease and country; the public curve uses the legacy flat table.,all,All Sources,,web,all,All Sources,,web
country,br-rr,br-rr,"Roraima, Brazil",public_projection,BR-RR,"Roraima, Brazil",D189,Work-related dermatosis,职业性皮肤病,Other,2026-03-01,2026-03,0,0,,,0.0,ibge_computed,,,,,,,,,,,,,,,,,,,,,,legacy_fallback,legacy_fallback,,legacy_identity_may_be_lossy,,0,No eligible registered case-count series facts are available for this disease and country; the public curve uses the legacy flat table.,all,All Sources,,web,all,All Sources,,web
country,br-rr,br-rr,"Roraima, Brazil",public_projection,BR-RR,"Roraima, Brazil",D191,Exogenous poisoning,外源性中毒,Other,2026-03-01,2026-03,95,95,,,12.48337739746548,ibge_computed,,,,,,,,,,,,,,,,,,,,,,legacy_fallback,legacy_fallback,,legacy_identity_may_be_lossy,,0,No eligible registered case-count series facts are available for this disease and country; the public curve uses the legacy flat table.,all,All Sources,,web,all,All Sources,,web
country,br-rr,br-rr,"Roraima, Brazil",public_projection,BR-RR,"Roraima, Brazil",D192,Work-related repetitive strain injury,职业相关重复性劳损,Other,2026-03-01,2026-03,3,3,,,0.3942119178146994,ibge_computed,,SER_BR_LERD,,,,,,monthly,,,,,,,,,,,,,,series_registry,single_series,parity,,SER_BR_LERD,1,The public curve is read directly from one registered source series.,all,All Sources,,web,all,All Sources,,web
country,br-rr,br-rr,"Roraima, Brazil",source_series_observation,BR-RR,"Roraima, Brazil",D192,Work-related repetitive strain injury,职业相关重复性劳损,Other,2026-03-01,2026-03,3,3,,,,,,SER_BR_LERD,SER_BR_LERD,SRC_BR_SINAN,Work-related repetitive strain injury,case_notifications,notification,monthly,count,country:BR-RR:national,all,exact,unknown,non_additive,active,missing_is_unknown,globalid-disease-ontology:2026.09.26.1,SINAN LERD work-related repetitive strain injury or musculoskeletal disorder notifications; LER is retained as the historical source code alias.,,final; provisional,True,series_registry,single_series,parity,,SER_BR_LERD,1,The public curve is read directly from one registered source series.,all,All Sources,,web,all,All Sources,,web
country,br-rr,br-rr,"Roraima, Brazil",public_projection,BR-RR,"Roraima, Brazil",D193,Work-related mental disorder,职业相关精神障碍,Other,2026-03-01,2026-03,3,3,,,0.3942119178146994,ibge_computed,,SER_BR_WORK_MENTAL_MENT,,,,,,monthly,,,,,,,,,,,,,,series_registry,single_series,parity,,SER_BR_WORK_MENTAL_MENT,1,The public curve is read directly from one registered source series.,all,All Sources,,web,all,All Sources,,web
country,br-rr,br-rr,"Roraima, Brazil",source_series_observation,BR-RR,"Roraima, Brazil",D193,Work-related mental disorder,职业相关精神障碍,Other,2026-03-01,2026-03,3,3,,,,,,SER_BR_WORK_MENTAL_MENT,SER_BR_WORK_MENTAL_MENT,SRC_BR_SINAN,Work-related mental disorder,case_notifications,notification,monthly,count,country:BR-RR:national,all,exact,unknown,non_additive,active,missing_is_unknown,globalid-disease-ontology:2026.09.26.1,SINAN MENT work-related mental disorder notifications.,,final; provisional,True,series_registry,single_series,parity,,SER_BR_WORK_MENTAL_MENT,1,The public curve is read directly from one registered source series.,all,All Sources,,web,all,All Sources,,web
country,br-rr,br-rr,"Roraima, Brazil",public_projection,BR-RR,"Roraima, Brazil",D194,Noise-induced hearing loss,噪声性听力损失,Other,2026-03-01,2026-03,0,0,,,0.0,ibge_computed,,,,,,,,,,,,,,,,,,,,,,legacy_fallback,legacy_fallback,,legacy_identity_may_be_lossy,,0,No eligible registered case-count series facts are available for this disease and country; the public curve uses the legacy flat table.,all,All Sources,,web,all,All Sources,,web
country,br-rr,br-rr,"Roraima, Brazil",public_projection,BR-RR,"Roraima, Brazil",D195,Pneumoconiosis,尘肺病,Other,2026-03-01,2026-03,0,0,,,0.0,ibge_computed,,,,,,,,,,,,,,,,,,,,,,legacy_fallback,legacy_fallback,,legacy_identity_may_be_lossy,,0,No eligible registered case-count series facts are available for this disease and country; the public curve uses the legacy flat table.,all,All Sources,,web,all,All Sources,,web
country,br-rr,br-rr,"Roraima, Brazil",public_projection,BR-RR,"Roraima, Brazil",D199,Rotavirus infection,轮状病毒感染,Viral,2026-03-01,2026-03,0,0,,,0.0,ibge_computed,,,,,,,,,,,,,,,,,,,,,,legacy_fallback,legacy_fallback,,legacy_identity_may_be_lossy,,0,No eligible registered case-count series facts are available for this disease and country; the public curve uses the legacy flat table.,all,All Sources,,web,all,All Sources,,web
country,br-rr,br-rr,"Roraima, Brazil",public_projection,BR-RR,"Roraima, Brazil",D200,Trachoma,沙眼,Bacterial,2026-03-01,2026-03,0,0,,,0.0,ibge_computed,,SER_BR_TRACHOMA_CASE_TRAC,,,,,,monthly,,,,,,,,,,,,,,series_registry,single_series,parity,,SER_BR_TRACHOMA_CASE_TRAC,1,The public curve is read directly from one registered source series.,all,All Sources,,web,all,All Sources,,web
country,br-rr,br-rr,"Roraima, Brazil",source_series_observation,BR-RR,"Roraima, Brazil",D200,Trachoma,沙眼,Bacterial,2026-03-01,2026-03,0,0,,,,,,SER_BR_TRACHOMA_CASE_TRAC,SER_BR_TRACHOMA_CASE_TRAC,SRC_BR_SINAN,Trachoma,case_notifications,notification,monthly,count,country:BR-RR:national,all,exact,unknown,non_additive,active,missing_is_unknown,globalid-disease-ontology:2026.09.26.1,SINAN TRAC individual trachoma notification family.,,final; provisional,True,series_registry,single_series,parity,,SER_BR_TRACHOMA_CASE_TRAC,1,The public curve is read directly from one registered source series.,all,All Sources,,web,all,All Sources,,web
country,br-rr,br-rr,"Roraima, Brazil",public_projection,BR-RR,"Roraima, Brazil",D201,Exanthematous diseases,出疹性疾病,Viral,2026-03-01,2026-03,2,2,,,0.26280794520979955,ibge_computed,,,,,,,,,,,,,,,,,,,,,,legacy_fallback,legacy_fallback,,legacy_identity_may_be_lossy,,0,No eligible registered case-count series facts are available for this disease and country; the public curve uses the legacy flat table.,all,All Sources,,web,all,All Sources,,web
country,br-rr,br-rr,"Roraima, Brazil",public_projection,BR-RR,"Roraima, Brazil",D235,Meningitis (all reported etiologies),脑膜炎（全部报告病因）,Other,2026-03-01,2026-03,4,4,,,0.5256158904195991,ibge_computed,,SER_BR_MENINGITIS_ALL_ETIOLOGIES_MENI,,,,,,monthly,,,,,,,,,,,,,,series_registry,single_series,parity,,SER_BR_MENINGITIS_ALL_ETIOLOGIES_MENI,1,The public curve is read directly from one registered source series.,all,All Sources,,web,all,All Sources,,web
country,br-rr,br-rr,"Roraima, Brazil",source_series_observation,BR-RR,"Roraima, Brazil",D235,Meningitis (all reported etiologies),脑膜炎（全部报告病因）,Other,2026-03-01,2026-03,4,4,,,,,,SER_BR_MENINGITIS_ALL_ETIOLOGIES_MENI,SER_BR_MENINGITIS_ALL_ETIOLOGIES_MENI,SRC_BR_SINAN,Meningitis,case_notifications,notification,monthly,count,country:BR-RR:national,all,exact,conditional,reported_aggregate,active,missing_is_unknown,BR_SINAN_MENI_current,Brazil SINAN MENI file family spans reported meningitis etiologies and must not be interpreted as bacterial meningitis only.,,final; provisional,True,series_registry,single_series,parity,,SER_BR_MENINGITIS_ALL_ETIOLOGIES_MENI,1,The public curve is read directly from one registered source series.,all,All Sources,,web,all,All Sources,,web
country,br-rr,br-rr,"Roraima, Brazil",public_projection,BR-RR,"Roraima, Brazil",D019,Rabies,狂犬病,Viral,2026-04-01,2026-04,0,0,,,0.0,ibge_computed,,,,,,,,,,,,,,,,,,,,,,legacy_fallback,legacy_fallback,,legacy_identity_may_be_lossy,,0,No eligible registered case-count series facts are available for this disease and country; the public curve uses the legacy flat table.,all,All Sources,,web,all,All Sources,,web
country,br-rr,br-rr,"Roraima, Brazil",public_projection,BR-RR,"Roraima, Brazil",D021,Dengue,登革热,Viral,2026-04-01,2026-04,43,43,,,5.650370822010691,ibge_computed,,,,,,,,,,,,,,,,,,,,,,legacy_fallback,legacy_fallback,,legacy_identity_may_be_lossy,,0,No eligible registered case-count series facts are available for this disease and country; the public curve uses the legacy flat table.,all,All Sources,,web,all,All Sources,,web
country,br-rr,br-rr,"Roraima, Brazil",public_projection,BR-RR,"Roraima, Brazil",D025,Tuberculosis,肺结核,Bacterial,2026-04-01,2026-04,0,0,,,0.0,ibge_computed,,,,,,,,,,,,,,,,,,,,,,legacy_fallback,legacy_fallback,,legacy_identity_may_be_lossy,,0,No eligible registered case-count series facts are available for this disease and country; the public curve uses the legacy flat table.,all,All Sources,,web,all,All Sources,,web
country,br-rr,br-rr,"Roraima, Brazil",public_projection,BR-RR,"Roraima, Brazil",D028,Pertussis,百日咳,Bacterial,2026-04-01,2026-04,41,41,,,5.387562876800891,ibge_computed,,,,,,,,,,,,,,,,,,,,,,legacy_fallback,legacy_fallback,,legacy_identity_may_be_lossy,,0,No eligible registered case-count series facts are available for this disease and country; the public curve uses the legacy flat table.,all,All Sources,,web,all,All Sources,,web
country,br-rr,br-rr,"Roraima, Brazil",public_projection,BR-RR,"Roraima, Brazil",D029,Diphtheria,白喉,Bacterial,2026-04-01,2026-04,0,0,,,0.0,ibge_computed,,,,,,,,,,,,,,,,,,,,,,legacy_fallback,legacy_fallback,,legacy_identity_may_be_lossy,,0,No eligible registered case-count series facts are available for this disease and country; the public curve uses the legacy flat table.,all,All Sources,,web,all,All Sources,,web
country,br-rr,br-rr,"Roraima, Brazil",public_projection,BR-RR,"Roraima, Brazil",D035,Leptospirosis,钩端螺旋体病,Bacterial,2026-04-01,2026-04,10,10,,,1.314039726048998,ibge_computed,,,,,,,,,,,,,,,,,,,,,,legacy_fallback,legacy_fallback,,legacy_identity_may_be_lossy,,0,No eligible registered case-count series facts are available for this disease and country; the public curve uses the legacy flat table.,all,All Sources,,web,all,All Sources,,web
country,br-rr,br-rr,"Roraima, Brazil",public_projection,BR-RR,"Roraima, Brazil",D036,Schistosomiasis,血吸虫病,Parasitic,2026-04-01,2026-04,0,0,,,0.0,ibge_computed,,,,,,,,,,,,,,,,,,,,,,legacy_fallback,legacy_fallback,,legacy_identity_may_be_lossy,,0,No eligible registered case-count series facts are available for this disease and country; the public curve uses the legacy flat table.,all,All Sources,,web,all,All Sources,,web
country,br-rr,br-rr,"Roraima, Brazil",public_projection,BR-RR,"Roraima, Brazil",D037,Malaria,疟疾,Parasitic,2026-04-01,2026-04,1,1,,,0.13140397260489978,ibge_computed,,,,,,,,,,,,,,,,,,,,,,legacy_fallback,legacy_fallback,,legacy_identity_may_be_lossy,,0,No eligible registered case-count series facts are available for this disease and country; the public curve uses the legacy flat table.,all,All Sources,,web,all,All Sources,,web
country,br-rr,br-rr,"Roraima, Brazil",public_projection,BR-RR,"Roraima, Brazil",D042,Leprosy,麻风病,Bacterial,2026-04-01,2026-04,9,9,,,1.182635753444098,ibge_computed,,,,,,,,,,,,,,,,,,,,,,legacy_fallback,legacy_fallback,,legacy_identity_may_be_lossy,,0,No eligible registered case-count series facts are available for this disease and country; the public curve uses the legacy flat table.,all,All Sources,,web,all,All Sources,,web
country,br-rr,br-rr,"Roraima, Brazil",public_projection,BR-RR,"Roraima, Brazil",D051,Zika virus disease,寨卡病毒病,Viral,2026-04-01,2026-04,3,3,,,0.3942119178146994,ibge_computed,,,,,,,,,,,,,,,,,,,,,,legacy_fallback,legacy_fallback,,legacy_identity_may_be_lossy,,0,No eligible registered case-count series facts are available for this disease and country; the public curve uses the legacy flat table.,all,All Sources,,web,all,All Sources,,web
country,br-rr,br-rr,"Roraima, Brazil",public_projection,BR-RR,"Roraima, Brazil",D052,Chikungunya,基孔肯雅热,Viral,2026-04-01,2026-04,24,24,,,3.153695342517595,ibge_computed,,,,,,,,,,,,,,,,,,,,,,legacy_fallback,legacy_fallback,,legacy_identity_may_be_lossy,,0,No eligible registered case-count series facts are available for this disease and country; the public curve uses the legacy flat table.,all,All Sources,,web,all,All Sources,,web
country,br-rr,br-rr,"Roraima, Brazil",public_projection,BR-RR,"Roraima, Brazil",D054,Varicella,水痘,Viral,2026-04-01,2026-04,9,9,,,1.182635753444098,ibge_computed,,,,,,,,,,,,,,,,,,,,,,legacy_fallback,legacy_fallback,,legacy_identity_may_be_lossy,,0,No eligible registered case-count series facts are available for this disease and country; the public curve uses the legacy flat table.,all,All Sources,,web,all,All Sources,,web
country,br-rr,br-rr,"Roraima, Brazil",public_projection,BR-RR,"Roraima, Brazil",D091,Botulism,肉毒杆菌中毒,Bacterial,2026-04-01,2026-04,0,0,,,0.0,ibge_computed,,,,,,,,,,,,,,,,,,,,,,legacy_fallback,legacy_fallback,,legacy_identity_may_be_lossy,,0,No eligible registered case-count series facts are available for this disease and country; the public curve uses the legacy flat table.,all,All Sources,,web,all,All Sources,,web
country,br-rr,br-rr,"Roraima, Brazil",public_projection,BR-RR,"Roraima, Brazil",D102,Hantavirus infection,汉坦病毒感染,Viral,2026-04-01,2026-04,0,0,,,0.0,ibge_computed,,,,,,,,,,,,,,,,,,,,,,legacy_fallback,legacy_fallback,,legacy_identity_may_be_lossy,,0,No eligible registered case-count series facts are available for this disease and country; the public curve uses the legacy flat table.,all,All Sources,,web,all,All Sources,,web
country,br-rr,br-rr,"Roraima, Brazil",public_projection,BR-RR,"Roraima, Brazil",D118,Spotted fever rickettsiosis,斑点热立克次体病,Bacterial,2026-04-01,2026-04,1,1,,,0.13140397260489978,ibge_computed,,,,,,,,,,,,,,,,,,,,,,legacy_fallback,legacy_fallback,,legacy_identity_may_be_lossy,,0,No eligible registered case-count series facts are available for this disease and country; the public curve uses the legacy flat table.,all,All Sources,,web,all,All Sources,,web
country,br-rr,br-rr,"Roraima, Brazil",public_projection,BR-RR,"Roraima, Brazil",D120,Tetanus,破伤风,Bacterial,2026-04-01,2026-04,0,0,,,0.0,ibge_computed,,,,,,,,,,,,,,,,,,,,,,legacy_fallback,legacy_fallback,,legacy_identity_may_be_lossy,,0,No eligible registered case-count series facts are available for this disease and country; the public curve uses the legacy flat table.,all,All Sources,,web,all,All Sources,,web
country,br-rr,br-rr,"Roraima, Brazil",public_projection,BR-RR,"Roraima, Brazil",D124,Typhoid fever,伤寒,Bacterial,2026-04-01,2026-04,0,0,,,0.0,ibge_computed,,,,,,,,,,,,,,,,,,,,,,legacy_fallback,legacy_fallback,,legacy_identity_may_be_lossy,,0,No eligible registered case-count series facts are available for this disease and country; the public curve uses the legacy flat table.,all,All Sources,,web,all,All Sources,,web
country,br-rr,br-rr,"Roraima, Brazil",public_projection,BR-RR,"Roraima, Brazil",D168,Congenital rubella syndrome,先天性风疹综合征,Viral,2026-04-01,2026-04,0,0,,,0.0,ibge_computed,,,,,,,,,,,,,,,,,,,,,,legacy_fallback,legacy_fallback,,legacy_identity_may_be_lossy,,0,No eligible registered case-count series facts are available for this disease and country; the public curve uses the legacy flat table.,all,All Sources,,web,all,All Sources,,web
country,br-rr,br-rr,"Roraima, Brazil",public_projection,BR-RR,"Roraima, Brazil",D178,Acute flaccid paralysis,急性无力肢体麻痹,Other,2026-04-01,2026-04,0,0,,,0.0,ibge_computed,,,,,,,,,,,,,,,,,,,,,,legacy_fallback,legacy_fallback,,legacy_identity_may_be_lossy,,0,No eligible registered case-count series facts are available for this disease and country; the public curve uses the legacy flat table.,all,All Sources,,web,all,All Sources,,web
country,br-rr,br-rr,"Roraima, Brazil",public_projection,BR-RR,"Roraima, Brazil",D184,Accident caused by venomous animals,毒性动物伤害,Other,2026-04-01,2026-04,104,104,,,13.666013150909578,ibge_computed,,,,,,,,,,,,,,,,,,,,,,legacy_fallback,legacy_fallback,,legacy_identity_may_be_lossy,,0,No eligible registered case-count series facts are available for this disease and country; the public curve uses the legacy flat table.,all,All Sources,,web,all,All Sources,,web
country,br-rr,br-rr,"Roraima, Brazil",public_projection,BR-RR,"Roraima, Brazil",D185,Work accident with biological material,生物材料职业暴露事故,Other,2026-04-01,2026-04,28,28,,,3.6793112329371946,ibge_computed,,,,,,,,,,,,,,,,,,,,,,legacy_fallback,legacy_fallback,,legacy_identity_may_be_lossy,,0,No eligible registered case-count series facts are available for this disease and country; the public curve uses the legacy flat table.,all,All Sources,,web,all,All Sources,,web
country,br-rr,br-rr,"Roraima, Brazil",public_projection,BR-RR,"Roraima, Brazil",D186,Serious work accident,严重工伤,Other,2026-04-01,2026-04,317,317,,,41.655059315753235,ibge_computed,,,,,,,,,,,,,,,,,,,,,,legacy_fallback,legacy_fallback,,legacy_identity_may_be_lossy,,0,No eligible registered case-count series facts are available for this disease and country; the public curve uses the legacy flat table.,all,All Sources,,web,all,All Sources,,web
country,br-rr,br-rr,"Roraima, Brazil",public_projection,BR-RR,"Roraima, Brazil",D187,Rabies post-exposure prophylaxis,狂犬病暴露后处置,Other,2026-04-01,2026-04,476,476,,,62.548290959932295,ibge_computed,,,,,,,,,,,,,,,,,,,,,,legacy_fallback,legacy_fallback,,legacy_identity_may_be_lossy,,0,No eligible registered case-count series facts are available for this disease and country; the public curve uses the legacy flat table.,all,All Sources,,web,all,All Sources,,web
country,br-rr,br-rr,"Roraima, Brazil",public_projection,BR-RR,"Roraima, Brazil",D188,Work-related cancer,职业相关癌症,Other,2026-04-01,2026-04,0,0,,,0.0,ibge_computed,,,,,,,,,,,,,,,,,,,,,,legacy_fallback,legacy_fallback,,legacy_identity_may_be_lossy,,0,No eligible registered case-count series facts are available for this disease and country; the public curve uses the legacy flat table.,all,All Sources,,web,all,All Sources,,web
country,br-rr,br-rr,"Roraima, Brazil",public_projection,BR-RR,"Roraima, Brazil",D189,Work-related dermatosis,职业性皮肤病,Other,2026-04-01,2026-04,0,0,,,0.0,ibge_computed,,,,,,,,,,,,,,,,,,,,,,legacy_fallback,legacy_fallback,,legacy_identity_may_be_lossy,,0,No eligible registered case-count series facts are available for this disease and country; the public curve uses the legacy flat table.,all,All Sources,,web,all,All Sources,,web
country,br-rr,br-rr,"Roraima, Brazil",public_projection,BR-RR,"Roraima, Brazil",D191,Exogenous poisoning,外源性中毒,Other,2026-04-01,2026-04,81,81,,,10.643721780996882,ibge_computed,,,,,,,,,,,,,,,,,,,,,,legacy_fallback,legacy_fallback,,legacy_identity_may_be_lossy,,0,No eligible registered case-count series facts are available for this disease and country; the public curve uses the legacy flat table.,all,All Sources,,web,all,All Sources,,web
country,br-rr,br-rr,"Roraima, Brazil",public_projection,BR-RR,"Roraima, Brazil",D192,Work-related repetitive strain injury,职业相关重复性劳损,Other,2026-04-01,2026-04,2,2,,,0.26280794520979955,ibge_computed,,SER_BR_LERD,,,,,,monthly,,,,,,,,,,,,,,series_registry,single_series,parity,,SER_BR_LERD,1,The public curve is read directly from one registered source series.,all,All Sources,,web,all,All Sources,,web
country,br-rr,br-rr,"Roraima, Brazil",source_series_observation,BR-RR,"Roraima, Brazil",D192,Work-related repetitive strain injury,职业相关重复性劳损,Other,2026-04-01,2026-04,2,2,,,,,,SER_BR_LERD,SER_BR_LERD,SRC_BR_SINAN,Work-related repetitive strain injury,case_notifications,notification,monthly,count,country:BR-RR:national,all,exact,unknown,non_additive,active,missing_is_unknown,globalid-disease-ontology:2026.09.26.1,SINAN LERD work-related repetitive strain injury or musculoskeletal disorder notifications; LER is retained as the historical source code alias.,,final; provisional,True,series_registry,single_series,parity,,SER_BR_LERD,1,The public curve is read directly from one registered source series.,all,All Sources,,web,all,All Sources,,web
country,br-rr,br-rr,"Roraima, Brazil",public_projection,BR-RR,"Roraima, Brazil",D193,Work-related mental disorder,职业相关精神障碍,Other,2026-04-01,2026-04,3,3,,,0.3942119178146994,ibge_computed,,SER_BR_WORK_MENTAL_MENT,,,,,,monthly,,,,,,,,,,,,,,series_registry,single_series,parity,,SER_BR_WORK_MENTAL_MENT,1,The public curve is read directly from one registered source series.,all,All Sources,,web,all,All Sources,,web
country,br-rr,br-rr,"Roraima, Brazil",source_series_observation,BR-RR,"Roraima, Brazil",D193,Work-related mental disorder,职业相关精神障碍,Other,2026-04-01,2026-04,3,3,,,,,,SER_BR_WORK_MENTAL_MENT,SER_BR_WORK_MENTAL_MENT,SRC_BR_SINAN,Work-related mental disorder,case_notifications,notification,monthly,count,country:BR-RR:national,all,exact,unknown,non_additive,active,missing_is_unknown,globalid-disease-ontology:2026.09.26.1,SINAN MENT work-related mental disorder notifications.,,final; provisional,True,series_registry,single_series,parity,,SER_BR_WORK_MENTAL_MENT,1,The public curve is read directly from one registered source series.,all,All Sources,,web,all,All Sources,,web
country,br-rr,br-rr,"Roraima, Brazil",public_projection,BR-RR,"Roraima, Brazil",D194,Noise-induced hearing loss,噪声性听力损失,Other,2026-04-01,2026-04,0,0,,,0.0,ibge_computed,,,,,,,,,,,,,,,,,,,,,,legacy_fallback,legacy_fallback,,legacy_identity_may_be_lossy,,0,No eligible registered case-count series facts are available for this disease and country; the public curve uses the legacy flat table.,all,All Sources,,web,all,All Sources,,web
country,br-rr,br-rr,"Roraima, Brazil",public_projection,BR-RR,"Roraima, Brazil",D195,Pneumoconiosis,尘肺病,Other,2026-04-01,2026-04,0,0,,,0.0,ibge_computed,,,,,,,,,,,,,,,,,,,,,,legacy_fallback,legacy_fallback,,legacy_identity_may_be_lossy,,0,No eligible registered case-count series facts are available for this disease and country; the public curve uses the legacy flat table.,all,All Sources,,web,all,All Sources,,web
country,br-rr,br-rr,"Roraima, Brazil",public_projection,BR-RR,"Roraima, Brazil",D199,Rotavirus infection,轮状病毒感染,Viral,2026-04-01,2026-04,0,0,,,0.0,ibge_computed,,,,,,,,,,,,,,,,,,,,,,legacy_fallback,legacy_fallback,,legacy_identity_may_be_lossy,,0,No eligible registered case-count series facts are available for this disease and country; the public curve uses the legacy flat table.,all,All Sources,,web,all,All Sources,,web
country,br-rr,br-rr,"Roraima, Brazil",public_projection,BR-RR,"Roraima, Brazil",D200,Trachoma,沙眼,Bacterial,2026-04-01,2026-04,0,0,,,0.0,ibge_computed,,SER_BR_TRACHOMA_CASE_TRAC,,,,,,monthly,,,,,,,,,,,,,,series_registry,single_series,parity,,SER_BR_TRACHOMA_CASE_TRAC,1,The public curve is read directly from one registered source series.,all,All Sources,,web,all,All Sources,,web
country,br-rr,br-rr,"Roraima, Brazil",source_series_observation,BR-RR,"Roraima, Brazil",D200,Trachoma,沙眼,Bacterial,2026-04-01,2026-04,0,0,,,,,,SER_BR_TRACHOMA_CASE_TRAC,SER_BR_TRACHOMA_CASE_TRAC,SRC_BR_SINAN,Trachoma,case_notifications,notification,monthly,count,country:BR-RR:national,all,exact,unknown,non_additive,active,missing_is_unknown,globalid-disease-ontology:2026.09.26.1,SINAN TRAC individual trachoma notification family.,,final; provisional,True,series_registry,single_series,parity,,SER_BR_TRACHOMA_CASE_TRAC,1,The public curve is read directly from one registered source series.,all,All Sources,,web,all,All Sources,,web
country,br-rr,br-rr,"Roraima, Brazil",public_projection,BR-RR,"Roraima, Brazil",D201,Exanthematous diseases,出疹性疾病,Viral,2026-04-01,2026-04,0,0,,,0.0,ibge_computed,,,,,,,,,,,,,,,,,,,,,,legacy_fallback,legacy_fallback,,legacy_identity_may_be_lossy,,0,No eligible registered case-count series facts are available for this disease and country; the public curve uses the legacy flat table.,all,All Sources,,web,all,All Sources,,web
country,br-rr,br-rr,"Roraima, Brazil",public_projection,BR-RR,"Roraima, Brazil",D235,Meningitis (all reported etiologies),脑膜炎（全部报告病因）,Other,2026-04-01,2026-04,8,8,,,1.0512317808391982,ibge_computed,,SER_BR_MENINGITIS_ALL_ETIOLOGIES_MENI,,,,,,monthly,,,,,,,,,,,,,,series_registry,single_series,parity,,SER_BR_MENINGITIS_ALL_ETIOLOGIES_MENI,1,The public curve is read directly from one registered source series.,all,All Sources,,web,all,All Sources,,web
country,br-rr,br-rr,"Roraima, Brazil",source_series_observation,BR-RR,"Roraima, Brazil",D235,Meningitis (all reported etiologies),脑膜炎（全部报告病因）,Other,2026-04-01,2026-04,8,8,,,,,,SER_BR_MENINGITIS_ALL_ETIOLOGIES_MENI,SER_BR_MENINGITIS_ALL_ETIOLOGIES_MENI,SRC_BR_SINAN,Meningitis,case_notifications,notification,monthly,count,country:BR-RR:national,all,exact,conditional,reported_aggregate,active,missing_is_unknown,BR_SINAN_MENI_current,Brazil SINAN MENI file family spans reported meningitis etiologies and must not be interpreted as bacterial meningitis only.,,final; provisional,True,series_registry,single_series,parity,,SER_BR_MENINGITIS_ALL_ETIOLOGIES_MENI,1,The public curve is read directly from one registered source series.,all,All Sources,,web,all,All Sources,,web
country,br-rr,br-rr,"Roraima, Brazil",public_projection,BR-RR,"Roraima, Brazil",D021,Dengue,登革热,Viral,2026-05-01,2026-05,65,65,,,8.541258219318486,ibge_computed,,,,,,,,,,,,,,,,,,,,,,legacy_fallback,legacy_fallback,,legacy_identity_may_be_lossy,,0,No eligible registered case-count series facts are available for this disease and country; the public curve uses the legacy flat table.,all,All Sources,,web,all,All Sources,,web
country,br-rr,br-rr,"Roraima, Brazil",public_projection,BR-RR,"Roraima, Brazil",D028,Pertussis,百日咳,Bacterial,2026-05-01,2026-05,9,9,,,1.182635753444098,ibge_computed,,,,,,,,,,,,,,,,,,,,,,legacy_fallback,legacy_fallback,,legacy_identity_may_be_lossy,,0,No eligible registered case-count series facts are available for this disease and country; the public curve uses the legacy flat table.,all,All Sources,,web,all,All Sources,,web
country,br-rr,br-rr,"Roraima, Brazil",public_projection,BR-RR,"Roraima, Brazil",D029,Diphtheria,白喉,Bacterial,2026-05-01,2026-05,0,0,,,0.0,ibge_computed,,,,,,,,,,,,,,,,,,,,,,legacy_fallback,legacy_fallback,,legacy_identity_may_be_lossy,,0,No eligible registered case-count series facts are available for this disease and country; the public curve uses the legacy flat table.,all,All Sources,,web,all,All Sources,,web
country,br-rr,br-rr,"Roraima, Brazil",public_projection,BR-RR,"Roraima, Brazil",D035,Leptospirosis,钩端螺旋体病,Bacterial,2026-05-01,2026-05,5,5,,,0.657019863024499,ibge_computed,,,,,,,,,,,,,,,,,,,,,,legacy_fallback,legacy_fallback,,legacy_identity_may_be_lossy,,0,No eligible registered case-count series facts are available for this disease and country; the public curve uses the legacy flat table.,all,All Sources,,web,all,All Sources,,web
country,br-rr,br-rr,"Roraima, Brazil",public_projection,BR-RR,"Roraima, Brazil",D036,Schistosomiasis,血吸虫病,Parasitic,2026-05-01,2026-05,0,0,,,0.0,ibge_computed,,,,,,,,,,,,,,,,,,,,,,legacy_fallback,legacy_fallback,,legacy_identity_may_be_lossy,,0,No eligible registered case-count series facts are available for this disease and country; the public curve uses the legacy flat table.,all,All Sources,,web,all,All Sources,,web
country,br-rr,br-rr,"Roraima, Brazil",public_projection,BR-RR,"Roraima, Brazil",D037,Malaria,疟疾,Parasitic,2026-05-01,2026-05,0,0,,,0.0,ibge_computed,,,,,,,,,,,,,,,,,,,,,,legacy_fallback,legacy_fallback,,legacy_identity_may_be_lossy,,0,No eligible registered case-count series facts are available for this disease and country; the public curve uses the legacy flat table.,all,All Sources,,web,all,All Sources,,web
country,br-rr,br-rr,"Roraima, Brazil",public_projection,BR-RR,"Roraima, Brazil",D042,Leprosy,麻风病,Bacterial,2026-05-01,2026-05,7,7,,,0.9198278082342987,ibge_computed,,,,,,,,,,,,,,,,,,,,,,legacy_fallback,legacy_fallback,,legacy_identity_may_be_lossy,,0,No eligible registered case-count series facts are available for this disease and country; the public curve uses the legacy flat table.,all,All Sources,,web,all,All Sources,,web
country,br-rr,br-rr,"Roraima, Brazil",public_projection,BR-RR,"Roraima, Brazil",D051,Zika virus disease,寨卡病毒病,Viral,2026-05-01,2026-05,3,3,,,0.3942119178146994,ibge_computed,,,,,,,,,,,,,,,,,,,,,,legacy_fallback,legacy_fallback,,legacy_identity_may_be_lossy,,0,No eligible registered case-count series facts are available for this disease and country; the public curve uses the legacy flat table.,all,All Sources,,web,all,All Sources,,web
country,br-rr,br-rr,"Roraima, Brazil",public_projection,BR-RR,"Roraima, Brazil",D052,Chikungunya,基孔肯雅热,Viral,2026-05-01,2026-05,7,7,,,0.9198278082342987,ibge_computed,,,,,,,,,,,,,,,,,,,,,,legacy_fallback,legacy_fallback,,legacy_identity_may_be_lossy,,0,No eligible registered case-count series facts are available for this disease and country; the public curve uses the legacy flat table.,all,All Sources,,web,all,All Sources,,web
country,br-rr,br-rr,"Roraima, Brazil",public_projection,BR-RR,"Roraima, Brazil",D054,Varicella,水痘,Viral,2026-05-01,2026-05,15,15,,,1.9710595890734968,ibge_computed,,,,,,,,,,,,,,,,,,,,,,legacy_fallback,legacy_fallback,,legacy_identity_may_be_lossy,,0,No eligible registered case-count series facts are available for this disease and country; the public curve uses the legacy flat table.,all,All Sources,,web,all,All Sources,,web
country,br-rr,br-rr,"Roraima, Brazil",public_projection,BR-RR,"Roraima, Brazil",D102,Hantavirus infection,汉坦病毒感染,Viral,2026-05-01,2026-05,0,0,,,0.0,ibge_computed,,,,,,,,,,,,,,,,,,,,,,legacy_fallback,legacy_fallback,,legacy_identity_may_be_lossy,,0,No eligible registered case-count series facts are available for this disease and country; the public curve uses the legacy flat table.,all,All Sources,,web,all,All Sources,,web
country,br-rr,br-rr,"Roraima, Brazil",public_projection,BR-RR,"Roraima, Brazil",D118,Spotted fever rickettsiosis,斑点热立克次体病,Bacterial,2026-05-01,2026-05,1,1,,,0.13140397260489978,ibge_computed,,,,,,,,,,,,,,,,,,,,,,legacy_fallback,legacy_fallback,,legacy_identity_may_be_lossy,,0,No eligible registered case-count series facts are available for this disease and country; the public curve uses the legacy flat table.,all,All Sources,,web,all,All Sources,,web
country,br-rr,br-rr,"Roraima, Brazil",public_projection,BR-RR,"Roraima, Brazil",D120,Tetanus,破伤风,Bacterial,2026-05-01,2026-05,0,0,,,0.0,ibge_computed,,,,,,,,,,,,,,,,,,,,,,legacy_fallback,legacy_fallback,,legacy_identity_may_be_lossy,,0,No eligible registered case-count series facts are available for this disease and country; the public curve uses the legacy flat table.,all,All Sources,,web,all,All Sources,,web
country,br-rr,br-rr,"Roraima, Brazil",public_projection,BR-RR,"Roraima, Brazil",D124,Typhoid fever,伤寒,Bacterial,2026-05-01,2026-05,0,0,,,0.0,ibge_computed,,,,,,,,,,,,,,,,,,,,,,legacy_fallback,legacy_fallback,,legacy_identity_may_be_lossy,,0,No eligible registered case-count series facts are available for this disease and country; the public curve uses the legacy flat table.,all,All Sources,,web,all,All Sources,,web
country,br-rr,br-rr,"Roraima, Brazil",public_projection,BR-RR,"Roraima, Brazil",D178,Acute flaccid paralysis,急性无力肢体麻痹,Other,2026-05-01,2026-05,0,0,,,0.0,ibge_computed,,,,,,,,,,,,,,,,,,,,,,legacy_fallback,legacy_fallback,,legacy_identity_may_be_lossy,,0,No eligible registered case-count series facts are available for this disease and country; the public curve uses the legacy flat table.,all,All Sources,,web,all,All Sources,,web
country,br-rr,br-rr,"Roraima, Brazil",public_projection,BR-RR,"Roraima, Brazil",D184,Accident caused by venomous animals,毒性动物伤害,Other,2026-05-01,2026-05,102,102,,,13.403205205699779,ibge_computed,,,,,,,,,,,,,,,,,,,,,,legacy_fallback,legacy_fallback,,legacy_identity_may_be_lossy,,0,No eligible registered case-count series facts are available for this disease and country; the public curve uses the legacy flat table.,all,All Sources,,web,all,All Sources,,web
country,br-rr,br-rr,"Roraima, Brazil",public_projection,BR-RR,"Roraima, Brazil",D185,Work accident with biological material,生物材料职业暴露事故,Other,2026-05-01,2026-05,53,53,,,6.964410548059688,ibge_computed,,,,,,,,,,,,,,,,,,,,,,legacy_fallback,legacy_fallback,,legacy_identity_may_be_lossy,,0,No eligible registered case-count series facts are available for this disease and country; the public curve uses the legacy flat table.,all,All Sources,,web,all,All Sources,,web
country,br-rr,br-rr,"Roraima, Brazil",public_projection,BR-RR,"Roraima, Brazil",D186,Serious work accident,严重工伤,Other,2026-05-01,2026-05,284,284,,,37.31872821979154,ibge_computed,,,,,,,,,,,,,,,,,,,,,,legacy_fallback,legacy_fallback,,legacy_identity_may_be_lossy,,0,No eligible registered case-count series facts are available for this disease and country; the public curve uses the legacy flat table.,all,All Sources,,web,all,All Sources,,web
country,br-rr,br-rr,"Roraima, Brazil",public_projection,BR-RR,"Roraima, Brazil",D187,Rabies post-exposure prophylaxis,狂犬病暴露后处置,Other,2026-05-01,2026-05,187,187,,,24.57254287711626,ibge_computed,,,,,,,,,,,,,,,,,,,,,,legacy_fallback,legacy_fallback,,legacy_identity_may_be_lossy,,0,No eligible registered case-count series facts are available for this disease and country; the public curve uses the legacy flat table.,all,All Sources,,web,all,All Sources,,web
country,br-rr,br-rr,"Roraima, Brazil",public_projection,BR-RR,"Roraima, Brazil",D188,Work-related cancer,职业相关癌症,Other,2026-05-01,2026-05,0,0,,,0.0,ibge_computed,,,,,,,,,,,,,,,,,,,,,,legacy_fallback,legacy_fallback,,legacy_identity_may_be_lossy,,0,No eligible registered case-count series facts are available for this disease and country; the public curve uses the legacy flat table.,all,All Sources,,web,all,All Sources,,web
country,br-rr,br-rr,"Roraima, Brazil",public_projection,BR-RR,"Roraima, Brazil",D189,Work-related dermatosis,职业性皮肤病,Other,2026-05-01,2026-05,0,0,,,0.0,ibge_computed,,,,,,,,,,,,,,,,,,,,,,legacy_fallback,legacy_fallback,,legacy_identity_may_be_lossy,,0,No eligible registered case-count series facts are available for this disease and country; the public curve uses the legacy flat table.,all,All Sources,,web,all,All Sources,,web
country,br-rr,br-rr,"Roraima, Brazil",public_projection,BR-RR,"Roraima, Brazil",D191,Exogenous poisoning,外源性中毒,Other,2026-05-01,2026-05,96,96,,,12.61478137007038,ibge_computed,,,,,,,,,,,,,,,,,,,,,,legacy_fallback,legacy_fallback,,legacy_identity_may_be_lossy,,0,No eligible registered case-count series facts are available for this disease and country; the public curve uses the legacy flat table.,all,All Sources,,web,all,All Sources,,web
country,br-rr,br-rr,"Roraima, Brazil",public_projection,BR-RR,"Roraima, Brazil",D192,Work-related repetitive strain injury,职业相关重复性劳损,Other,2026-05-01,2026-05,2,2,,,0.26280794520979955,ibge_computed,,SER_BR_LERD,,,,,,monthly,,,,,,,,,,,,,,series_registry,single_series,parity,,SER_BR_LERD,1,The public curve is read directly from one registered source series.,all,All Sources,,web,all,All Sources,,web
country,br-rr,br-rr,"Roraima, Brazil",source_series_observation,BR-RR,"Roraima, Brazil",D192,Work-related repetitive strain injury,职业相关重复性劳损,Other,2026-05-01,2026-05,2,2,,,,,,SER_BR_LERD,SER_BR_LERD,SRC_BR_SINAN,Work-related repetitive strain injury,case_notifications,notification,monthly,count,country:BR-RR:national,all,exact,unknown,non_additive,active,missing_is_unknown,globalid-disease-ontology:2026.09.26.1,SINAN LERD work-related repetitive strain injury or musculoskeletal disorder notifications; LER is retained as the historical source code alias.,,final; provisional,True,series_registry,single_series,parity,,SER_BR_LERD,1,The public curve is read directly from one registered source series.,all,All Sources,,web,all,All Sources,,web
country,br-rr,br-rr,"Roraima, Brazil",public_projection,BR-RR,"Roraima, Brazil",D193,Work-related mental disorder,职业相关精神障碍,Other,2026-05-01,2026-05,4,4,,,0.5256158904195991,ibge_computed,,SER_BR_WORK_MENTAL_MENT,,,,,,monthly,,,,,,,,,,,,,,series_registry,single_series,parity,,SER_BR_WORK_MENTAL_MENT,1,The public curve is read directly from one registered source series.,all,All Sources,,web,all,All Sources,,web
country,br-rr,br-rr,"Roraima, Brazil",source_series_observation,BR-RR,"Roraima, Brazil",D193,Work-related mental disorder,职业相关精神障碍,Other,2026-05-01,2026-05,4,4,,,,,,SER_BR_WORK_MENTAL_MENT,SER_BR_WORK_MENTAL_MENT,SRC_BR_SINAN,Work-related mental disorder,case_notifications,notification,monthly,count,country:BR-RR:national,all,exact,unknown,non_additive,active,missing_is_unknown,globalid-disease-ontology:2026.09.26.1,SINAN MENT work-related mental disorder notifications.,,final; provisional,True,series_registry,single_series,parity,,SER_BR_WORK_MENTAL_MENT,1,The public curve is read directly from one registered source series.,all,All Sources,,web,all,All Sources,,web
country,br-rr,br-rr,"Roraima, Brazil",public_projection,BR-RR,"Roraima, Brazil",D194,Noise-induced hearing loss,噪声性听力损失,Other,2026-05-01,2026-05,0,0,,,0.0,ibge_computed,,,,,,,,,,,,,,,,,,,,,,legacy_fallback,legacy_fallback,,legacy_identity_may_be_lossy,,0,No eligible registered case-count series facts are available for this disease and country; the public curve uses the legacy flat table.,all,All Sources,,web,all,All Sources,,web
country,br-rr,br-rr,"Roraima, Brazil",public_projection,BR-RR,"Roraima, Brazil",D195,Pneumoconiosis,尘肺病,Other,2026-05-01,2026-05,0,0,,,0.0,ibge_computed,,,,,,,,,,,,,,,,,,,,,,legacy_fallback,legacy_fallback,,legacy_identity_may_be_lossy,,0,No eligible registered case-count series facts are available for this disease and country; the public curve uses the legacy flat table.,all,All Sources,,web,all,All Sources,,web
country,br-rr,br-rr,"Roraima, Brazil",public_projection,BR-RR,"Roraima, Brazil",D200,Trachoma,沙眼,Bacterial,2026-05-01,2026-05,0,0,,,0.0,ibge_computed,,SER_BR_TRACHOMA_CASE_TRAC,,,,,,monthly,,,,,,,,,,,,,,series_registry,single_series,parity,,SER_BR_TRACHOMA_CASE_TRAC,1,The public curve is read directly from one registered source series.,all,All Sources,,web,all,All Sources,,web
country,br-rr,br-rr,"Roraima, Brazil",source_series_observation,BR-RR,"Roraima, Brazil",D200,Trachoma,沙眼,Bacterial,2026-05-01,2026-05,0,0,,,,,,SER_BR_TRACHOMA_CASE_TRAC,SER_BR_TRACHOMA_CASE_TRAC,SRC_BR_SINAN,Trachoma,case_notifications,notification,monthly,count,country:BR-RR:national,all,exact,unknown,non_additive,active,missing_is_unknown,globalid-disease-ontology:2026.09.26.1,SINAN TRAC individual trachoma notification family.,,final; provisional,True,series_registry,single_series,parity,,SER_BR_TRACHOMA_CASE_TRAC,1,The public curve is read directly from one registered source series.,all,All Sources,,web,all,All Sources,,web
country,br-rr,br-rr,"Roraima, Brazil",public_projection,BR-RR,"Roraima, Brazil",D201,Exanthematous diseases,出疹性疾病,Viral,2026-05-01,2026-05,2,2,,,0.26280794520979955,ibge_computed,,,,,,,,,,,,,,,,,,,,,,legacy_fallback,legacy_fallback,,legacy_identity_may_be_lossy,,0,No eligible registered case-count series facts are available for this disease and country; the public curve uses the legacy flat table.,all,All Sources,,web,all,All Sources,,web
country,br-rr,br-rr,"Roraima, Brazil",public_projection,BR-RR,"Roraima, Brazil",D235,Meningitis (all reported etiologies),脑膜炎（全部报告病因）,Other,2026-05-01,2026-05,4,4,,,0.5256158904195991,ibge_computed,,SER_BR_MENINGITIS_ALL_ETIOLOGIES_MENI,,,,,,monthly,,,,,,,,,,,,,,series_registry,single_series,parity,,SER_BR_MENINGITIS_ALL_ETIOLOGIES_MENI,1,The public curve is read directly from one registered source series.,all,All Sources,,web,all,All Sources,,web
country,br-rr,br-rr,"Roraima, Brazil",source_series_observation,BR-RR,"Roraima, Brazil",D235,Meningitis (all reported etiologies),脑膜炎（全部报告病因）,Other,2026-05-01,2026-05,4,4,,,,,,SER_BR_MENINGITIS_ALL_ETIOLOGIES_MENI,SER_BR_MENINGITIS_ALL_ETIOLOGIES_MENI,SRC_BR_SINAN,Meningitis,case_notifications,notification,monthly,count,country:BR-RR:national,all,exact,conditional,reported_aggregate,active,missing_is_unknown,BR_SINAN_MENI_current,Brazil SINAN MENI file family spans reported meningitis etiologies and must not be interpreted as bacterial meningitis only.,,final; provisional,True,series_registry,single_series,parity,,SER_BR_MENINGITIS_ALL_ETIOLOGIES_MENI,1,The public curve is read directly from one registered source series.,all,All Sources,,web,all,All Sources,,web
country,br-rr,br-rr,"Roraima, Brazil",public_projection,BR-RR,"Roraima, Brazil",D021,Dengue,登革热,Viral,2026-06-01,2026-06,101,101,,,13.27180123309488,ibge_computed,,,,,,,,,,,,,,,,,,,,,,legacy_fallback,legacy_fallback,,legacy_identity_may_be_lossy,,0,No eligible registered case-count series facts are available for this disease and country; the public curve uses the legacy flat table.,all,All Sources,,web,all,All Sources,,web
country,br-rr,br-rr,"Roraima, Brazil",public_projection,BR-RR,"Roraima, Brazil",D028,Pertussis,百日咳,Bacterial,2026-06-01,2026-06,26,26,,,3.4165032877273944,ibge_computed,,,,,,,,,,,,,,,,,,,,,,legacy_fallback,legacy_fallback,,legacy_identity_may_be_lossy,,0,No eligible registered case-count series facts are available for this disease and country; the public curve uses the legacy flat table.,all,All Sources,,web,all,All Sources,,web
country,br-rr,br-rr,"Roraima, Brazil",public_projection,BR-RR,"Roraima, Brazil",D029,Diphtheria,白喉,Bacterial,2026-06-01,2026-06,0,0,,,0.0,ibge_computed,,,,,,,,,,,,,,,,,,,,,,legacy_fallback,legacy_fallback,,legacy_identity_may_be_lossy,,0,No eligible registered case-count series facts are available for this disease and country; the public curve uses the legacy flat table.,all,All Sources,,web,all,All Sources,,web
country,br-rr,br-rr,"Roraima, Brazil",public_projection,BR-RR,"Roraima, Brazil",D035,Leptospirosis,钩端螺旋体病,Bacterial,2026-06-01,2026-06,0,0,,,0.0,ibge_computed,,,,,,,,,,,,,,,,,,,,,,legacy_fallback,legacy_fallback,,legacy_identity_may_be_lossy,,0,No eligible registered case-count series facts are available for this disease and country; the public curve uses the legacy flat table.,all,All Sources,,web,all,All Sources,,web
country,br-rr,br-rr,"Roraima, Brazil",public_projection,BR-RR,"Roraima, Brazil",D037,Malaria,疟疾,Parasitic,2026-06-01,2026-06,0,0,,,0.0,ibge_computed,,,,,,,,,,,,,,,,,,,,,,legacy_fallback,legacy_fallback,,legacy_identity_may_be_lossy,,0,No eligible registered case-count series facts are available for this disease and country; the public curve uses the legacy flat table.,all,All Sources,,web,all,All Sources,,web
country,br-rr,br-rr,"Roraima, Brazil",public_projection,BR-RR,"Roraima, Brazil",D042,Leprosy,麻风病,Bacterial,2026-06-01,2026-06,15,15,,,1.9710595890734968,ibge_computed,,,,,,,,,,,,,,,,,,,,,,legacy_fallback,legacy_fallback,,legacy_identity_may_be_lossy,,0,No eligible registered case-count series facts are available for this disease and country; the public curve uses the legacy flat table.,all,All Sources,,web,all,All Sources,,web
country,br-rr,br-rr,"Roraima, Brazil",public_projection,BR-RR,"Roraima, Brazil",D051,Zika virus disease,寨卡病毒病,Viral,2026-06-01,2026-06,8,8,,,1.0512317808391982,ibge_computed,,,,,,,,,,,,,,,,,,,,,,legacy_fallback,legacy_fallback,,legacy_identity_may_be_lossy,,0,No eligible registered case-count series facts are available for this disease and country; the public curve uses the legacy flat table.,all,All Sources,,web,all,All Sources,,web
country,br-rr,br-rr,"Roraima, Brazil",public_projection,BR-RR,"Roraima, Brazil",D052,Chikungunya,基孔肯雅热,Viral,2026-06-01,2026-06,22,22,,,2.8908873973077953,ibge_computed,,,,,,,,,,,,,,,,,,,,,,legacy_fallback,legacy_fallback,,legacy_identity_may_be_lossy,,0,No eligible registered case-count series facts are available for this disease and country; the public curve uses the legacy flat table.,all,All Sources,,web,all,All Sources,,web
country,br-rr,br-rr,"Roraima, Brazil",public_projection,BR-RR,"Roraima, Brazil",D054,Varicella,水痘,Viral,2026-06-01,2026-06,21,21,,,2.7594834247028954,ibge_computed,,,,,,,,,,,,,,,,,,,,,,legacy_fallback,legacy_fallback,,legacy_identity_may_be_lossy,,0,No eligible registered case-count series facts are available for this disease and country; the public curve uses the legacy flat table.,all,All Sources,,web,all,All Sources,,web
country,br-rr,br-rr,"Roraima, Brazil",public_projection,BR-RR,"Roraima, Brazil",D118,Spotted fever rickettsiosis,斑点热立克次体病,Bacterial,2026-06-01,2026-06,0,0,,,0.0,ibge_computed,,,,,,,,,,,,,,,,,,,,,,legacy_fallback,legacy_fallback,,legacy_identity_may_be_lossy,,0,No eligible registered case-count series facts are available for this disease and country; the public curve uses the legacy flat table.,all,All Sources,,web,all,All Sources,,web
country,br-rr,br-rr,"Roraima, Brazil",public_projection,BR-RR,"Roraima, Brazil",D120,Tetanus,破伤风,Bacterial,2026-06-01,2026-06,0,0,,,0.0,ibge_computed,,,,,,,,,,,,,,,,,,,,,,legacy_fallback,legacy_fallback,,legacy_identity_may_be_lossy,,0,No eligible registered case-count series facts are available for this disease and country; the public curve uses the legacy flat table.,all,All Sources,,web,all,All Sources,,web
country,br-rr,br-rr,"Roraima, Brazil",public_projection,BR-RR,"Roraima, Brazil",D178,Acute flaccid paralysis,急性无力肢体麻痹,Other,2026-06-01,2026-06,0,0,,,0.0,ibge_computed,,,,,,,,,,,,,,,,,,,,,,legacy_fallback,legacy_fallback,,legacy_identity_may_be_lossy,,0,No eligible registered case-count series facts are available for this disease and country; the public curve uses the legacy flat table.,all,All Sources,,web,all,All Sources,,web
country,br-rr,br-rr,"Roraima, Brazil",public_projection,BR-RR,"Roraima, Brazil",D184,Accident caused by venomous animals,毒性动物伤害,Other,2026-06-01,2026-06,85,85,,,11.169337671416482,ibge_computed,,,,,,,,,,,,,,,,,,,,,,legacy_fallback,legacy_fallback,,legacy_identity_may_be_lossy,,0,No eligible registered case-count series facts are available for this disease and country; the public curve uses the legacy flat table.,all,All Sources,,web,all,All Sources,,web
country,br-rr,br-rr,"Roraima, Brazil",public_projection,BR-RR,"Roraima, Brazil",D185,Work accident with biological material,生物材料职业暴露事故,Other,2026-06-01,2026-06,31,31,,,4.073523150751893,ibge_computed,,,,,,,,,,,,,,,,,,,,,,legacy_fallback,legacy_fallback,,legacy_identity_may_be_lossy,,0,No eligible registered case-count series facts are available for this disease and country; the public curve uses the legacy flat table.,all,All Sources,,web,all,All Sources,,web
country,br-rr,br-rr,"Roraima, Brazil",public_projection,BR-RR,"Roraima, Brazil",D186,Serious work accident,严重工伤,Other,2026-06-01,2026-06,311,311,,,40.86663548012384,ibge_computed,,,,,,,,,,,,,,,,,,,,,,legacy_fallback,legacy_fallback,,legacy_identity_may_be_lossy,,0,No eligible registered case-count series facts are available for this disease and country; the public curve uses the legacy flat table.,all,All Sources,,web,all,All Sources,,web
country,br-rr,br-rr,"Roraima, Brazil",public_projection,BR-RR,"Roraima, Brazil",D188,Work-related cancer,职业相关癌症,Other,2026-06-01,2026-06,0,0,,,0.0,ibge_computed,,,,,,,,,,,,,,,,,,,,,,legacy_fallback,legacy_fallback,,legacy_identity_may_be_lossy,,0,No eligible registered case-count series facts are available for this disease and country; the public curve uses the legacy flat table.,all,All Sources,,web,all,All Sources,,web
country,br-rr,br-rr,"Roraima, Brazil",public_projection,BR-RR,"Roraima, Brazil",D189,Work-related dermatosis,职业性皮肤病,Other,2026-06-01,2026-06,0,0,,,0.0,ibge_computed,,,,,,,,,,,,,,,,,,,,,,legacy_fallback,legacy_fallback,,legacy_identity_may_be_lossy,,0,No eligible registered case-count series facts are available for this disease and country; the public curve uses the legacy flat table.,all,All Sources,,web,all,All Sources,,web
country,br-rr,br-rr,"Roraima, Brazil",public_projection,BR-RR,"Roraima, Brazil",D191,Exogenous poisoning,外源性中毒,Other,2026-06-01,2026-06,73,73,,,9.592490000157685,ibge_computed,,,,,,,,,,,,,,,,,,,,,,legacy_fallback,legacy_fallback,,legacy_identity_may_be_lossy,,0,No eligible registered case-count series facts are available for this disease and country; the public curve uses the legacy flat table.,all,All Sources,,web,all,All Sources,,web
country,br-rr,br-rr,"Roraima, Brazil",public_projection,BR-RR,"Roraima, Brazil",D192,Work-related repetitive strain injury,职业相关重复性劳损,Other,2026-06-01,2026-06,2,2,,,0.26280794520979955,ibge_computed,,SER_BR_LERD,,,,,,monthly,,,,,,,,,,,,,,series_registry,single_series,parity,,SER_BR_LERD,1,The public curve is read directly from one registered source series.,all,All Sources,,web,all,All Sources,,web
country,br-rr,br-rr,"Roraima, Brazil",source_series_observation,BR-RR,"Roraima, Brazil",D192,Work-related repetitive strain injury,职业相关重复性劳损,Other,2026-06-01,2026-06,2,2,,,,,,SER_BR_LERD,SER_BR_LERD,SRC_BR_SINAN,Work-related repetitive strain injury,case_notifications,notification,monthly,count,country:BR-RR:national,all,exact,unknown,non_additive,active,missing_is_unknown,globalid-disease-ontology:2026.09.26.1,SINAN LERD work-related repetitive strain injury or musculoskeletal disorder notifications; LER is retained as the historical source code alias.,,final; provisional,True,series_registry,single_series,parity,,SER_BR_LERD,1,The public curve is read directly from one registered source series.,all,All Sources,,web,all,All Sources,,web
country,br-rr,br-rr,"Roraima, Brazil",public_projection,BR-RR,"Roraima, Brazil",D193,Work-related mental disorder,职业相关精神障碍,Other,2026-06-01,2026-06,3,3,,,0.3942119178146994,ibge_computed,,SER_BR_WORK_MENTAL_MENT,,,,,,monthly,,,,,,,,,,,,,,series_registry,single_series,parity,,SER_BR_WORK_MENTAL_MENT,1,The public curve is read directly from one registered source series.,all,All Sources,,web,all,All Sources,,web
country,br-rr,br-rr,"Roraima, Brazil",source_series_observation,BR-RR,"Roraima, Brazil",D193,Work-related mental disorder,职业相关精神障碍,Other,2026-06-01,2026-06,3,3,,,,,,SER_BR_WORK_MENTAL_MENT,SER_BR_WORK_MENTAL_MENT,SRC_BR_SINAN,Work-related mental disorder,case_notifications,notification,monthly,count,country:BR-RR:national,all,exact,unknown,non_additive,active,missing_is_unknown,globalid-disease-ontology:2026.09.26.1,SINAN MENT work-related mental disorder notifications.,,final; provisional,True,series_registry,single_series,parity,,SER_BR_WORK_MENTAL_MENT,1,The public curve is read directly from one registered source series.,all,All Sources,,web,all,All Sources,,web
country,br-rr,br-rr,"Roraima, Brazil",public_projection,BR-RR,"Roraima, Brazil",D194,Noise-induced hearing loss,噪声性听力损失,Other,2026-06-01,2026-06,0,0,,,0.0,ibge_computed,,,,,,,,,,,,,,,,,,,,,,legacy_fallback,legacy_fallback,,legacy_identity_may_be_lossy,,0,No eligible registered case-count series facts are available for this disease and country; the public curve uses the legacy flat table.,all,All Sources,,web,all,All Sources,,web
country,br-rr,br-rr,"Roraima, Brazil",public_projection,BR-RR,"Roraima, Brazil",D195,Pneumoconiosis,尘肺病,Other,2026-06-01,2026-06,0,0,,,0.0,ibge_computed,,,,,,,,,,,,,,,,,,,,,,legacy_fallback,legacy_fallback,,legacy_identity_may_be_lossy,,0,No eligible registered case-count series facts are available for this disease and country; the public curve uses the legacy flat table.,all,All Sources,,web,all,All Sources,,web
country,br-rr,br-rr,"Roraima, Brazil",public_projection,BR-RR,"Roraima, Brazil",D201,Exanthematous diseases,出疹性疾病,Viral,2026-06-01,2026-06,1,1,,,0.13140397260489978,ibge_computed,,,,,,,,,,,,,,,,,,,,,,legacy_fallback,legacy_fallback,,legacy_identity_may_be_lossy,,0,No eligible registered case-count series facts are available for this disease and country; the public curve uses the legacy flat table.,all,All Sources,,web,all,All Sources,,web
country,br-rr,br-rr,"Roraima, Brazil",public_projection,BR-RR,"Roraima, Brazil",D235,Meningitis (all reported etiologies),脑膜炎（全部报告病因）,Other,2026-06-01,2026-06,4,4,,,0.5256158904195991,ibge_computed,,SER_BR_MENINGITIS_ALL_ETIOLOGIES_MENI,,,,,,monthly,,,,,,,,,,,,,,series_registry,single_series,parity,,SER_BR_MENINGITIS_ALL_ETIOLOGIES_MENI,1,The public curve is read directly from one registered source series.,all,All Sources,,web,all,All Sources,,web
country,br-rr,br-rr,"Roraima, Brazil",source_series_observation,BR-RR,"Roraima, Brazil",D235,Meningitis (all reported etiologies),脑膜炎（全部报告病因）,Other,2026-06-01,2026-06,4,4,,,,,,SER_BR_MENINGITIS_ALL_ETIOLOGIES_MENI,SER_BR_MENINGITIS_ALL_ETIOLOGIES_MENI,SRC_BR_SINAN,Meningitis,case_notifications,notification,monthly,count,country:BR-RR:national,all,exact,conditional,reported_aggregate,active,missing_is_unknown,BR_SINAN_MENI_current,Brazil SINAN MENI file family spans reported meningitis etiologies and must not be interpreted as bacterial meningitis only.,,final; provisional,True,series_registry,single_series,parity,,SER_BR_MENINGITIS_ALL_ETIOLOGIES_MENI,1,The public curve is read directly from one registered source series.,all,All Sources,,web,all,All Sources,,web
country,br-rr,br-rr,"Roraima, Brazil",public_projection,BR-RR,"Roraima, Brazil",D021,Dengue,登革热,Viral,2026-07-01,2026-07,98,98,,,12.87758931528018,ibge_computed,,,,,,,,,,,,,,,,,,,,,,legacy_fallback,legacy_fallback,,legacy_identity_may_be_lossy,,0,No eligible registered case-count series facts are available for this disease and country; the public curve uses the legacy flat table.,all,All Sources,,web,all,All Sources,,web
country,br-rr,br-rr,"Roraima, Brazil",public_projection,BR-RR,"Roraima, Brazil",D028,Pertussis,百日咳,Bacterial,2026-07-01,2026-07,5,5,,,0.657019863024499,ibge_computed,,,,,,,,,,,,,,,,,,,,,,legacy_fallback,legacy_fallback,,legacy_identity_may_be_lossy,,0,No eligible registered case-count series facts are available for this disease and country; the public curve uses the legacy flat table.,all,All Sources,,web,all,All Sources,,web
country,br-rr,br-rr,"Roraima, Brazil",public_projection,BR-RR,"Roraima, Brazil",D029,Diphtheria,白喉,Bacterial,2026-07-01,2026-07,0,0,,,0.0,ibge_computed,,,,,,,,,,,,,,,,,,,,,,legacy_fallback,legacy_fallback,,legacy_identity_may_be_lossy,,0,No eligible registered case-count series facts are available for this disease and country; the public curve uses the legacy flat table.,all,All Sources,,web,all,All Sources,,web
country,br-rr,br-rr,"Roraima, Brazil",public_projection,BR-RR,"Roraima, Brazil",D035,Leptospirosis,钩端螺旋体病,Bacterial,2026-07-01,2026-07,0,0,,,0.0,ibge_computed,,,,,,,,,,,,,,,,,,,,,,legacy_fallback,legacy_fallback,,legacy_identity_may_be_lossy,,0,No eligible registered case-count series facts are available for this disease and country; the public curve uses the legacy flat table.,all,All Sources,,web,all,All Sources,,web
country,br-rr,br-rr,"Roraima, Brazil",public_projection,BR-RR,"Roraima, Brazil",D042,Leprosy,麻风病,Bacterial,2026-07-01,2026-07,6,6,,,0.7884238356293988,ibge_computed,,,,,,,,,,,,,,,,,,,,,,legacy_fallback,legacy_fallback,,legacy_identity_may_be_lossy,,0,No eligible registered case-count series facts are available for this disease and country; the public curve uses the legacy flat table.,all,All Sources,,web,all,All Sources,,web
country,br-rr,br-rr,"Roraima, Brazil",public_projection,BR-RR,"Roraima, Brazil",D051,Zika virus disease,寨卡病毒病,Viral,2026-07-01,2026-07,5,5,,,0.657019863024499,ibge_computed,,,,,,,,,,,,,,,,,,,,,,legacy_fallback,legacy_fallback,,legacy_identity_may_be_lossy,,0,No eligible registered case-count series facts are available for this disease and country; the public curve uses the legacy flat table.,all,All Sources,,web,all,All Sources,,web
country,br-rr,br-rr,"Roraima, Brazil",public_projection,BR-RR,"Roraima, Brazil",D052,Chikungunya,基孔肯雅热,Viral,2026-07-01,2026-07,13,13,,,1.7082516438636972,ibge_computed,,,,,,,,,,,,,,,,,,,,,,legacy_fallback,legacy_fallback,,legacy_identity_may_be_lossy,,0,No eligible registered case-count series facts are available for this disease and country; the public curve uses the legacy flat table.,all,All Sources,,web,all,All Sources,,web
country,br-rr,br-rr,"Roraima, Brazil",public_projection,BR-RR,"Roraima, Brazil",D054,Varicella,水痘,Viral,2026-07-01,2026-07,10,10,,,1.314039726048998,ibge_computed,,,,,,,,,,,,,,,,,,,,,,legacy_fallback,legacy_fallback,,legacy_identity_may_be_lossy,,0,No eligible registered case-count series facts are available for this disease and country; the public curve uses the legacy flat table.,all,All Sources,,web,all,All Sources,,web
country,br-rr,br-rr,"Roraima, Brazil",public_projection,BR-RR,"Roraima, Brazil",D118,Spotted fever rickettsiosis,斑点热立克次体病,Bacterial,2026-07-01,2026-07,0,0,,,0.0,ibge_computed,,,,,,,,,,,,,,,,,,,,,,legacy_fallback,legacy_fallback,,legacy_identity_may_be_lossy,,0,No eligible registered case-count series facts are available for this disease and country; the public curve uses the legacy flat table.,all,All Sources,,web,all,All Sources,,web
country,br-rr,br-rr,"Roraima, Brazil",public_projection,BR-RR,"Roraima, Brazil",D120,Tetanus,破伤风,Bacterial,2026-07-01,2026-07,0,0,,,0.0,ibge_computed,,,,,,,,,,,,,,,,,,,,,,legacy_fallback,legacy_fallback,,legacy_identity_may_be_lossy,,0,No eligible registered case-count series facts are available for this disease and country; the public curve uses the legacy flat table.,all,All Sources,,web,all,All Sources,,web
country,br-rr,br-rr,"Roraima, Brazil",public_projection,BR-RR,"Roraima, Brazil",D178,Acute flaccid paralysis,急性无力肢体麻痹,Other,2026-07-01,2026-07,0,0,,,0.0,ibge_computed,,,,,,,,,,,,,,,,,,,,,,legacy_fallback,legacy_fallback,,legacy_identity_may_be_lossy,,0,No eligible registered case-count series facts are available for this disease and country; the public curve uses the legacy flat table.,all,All Sources,,web,all,All Sources,,web
country,br-rr,br-rr,"Roraima, Brazil",public_projection,BR-RR,"Roraima, Brazil",D184,Accident caused by venomous animals,毒性动物伤害,Other,2026-07-01,2026-07,92,92,,,12.08916547965078,ibge_computed,,,,,,,,,,,,,,,,,,,,,,legacy_fallback,legacy_fallback,,legacy_identity_may_be_lossy,,0,No eligible registered case-count series facts are available for this disease and country; the public curve uses the legacy flat table.,all,All Sources,,web,all,All Sources,,web
country,br-rr,br-rr,"Roraima, Brazil",public_projection,BR-RR,"Roraima, Brazil",D185,Work accident with biological material,生物材料职业暴露事故,Other,2026-07-01,2026-07,33,33,,,4.336331095961693,ibge_computed,,,,,,,,,,,,,,,,,,,,,,legacy_fallback,legacy_fallback,,legacy_identity_may_be_lossy,,0,No eligible registered case-count series facts are available for this disease and country; the public curve uses the legacy flat table.,all,All Sources,,web,all,All Sources,,web
country,br-rr,br-rr,"Roraima, Brazil",public_projection,BR-RR,"Roraima, Brazil",D186,Serious work accident,严重工伤,Other,2026-07-01,2026-07,227,227,,,29.82870178131225,ibge_computed,,,,,,,,,,,,,,,,,,,,,,legacy_fallback,legacy_fallback,,legacy_identity_may_be_lossy,,0,No eligible registered case-count series facts are available for this disease and country; the public curve uses the legacy flat table.,all,All Sources,,web,all,All Sources,,web
country,br-rr,br-rr,"Roraima, Brazil",public_projection,BR-RR,"Roraima, Brazil",D188,Work-related cancer,职业相关癌症,Other,2026-07-01,2026-07,0,0,,,0.0,ibge_computed,,,,,,,,,,,,,,,,,,,,,,legacy_fallback,legacy_fallback,,legacy_identity_may_be_lossy,,0,No eligible registered case-count series facts are available for this disease and country; the public curve uses the legacy flat table.,all,All Sources,,web,all,All Sources,,web
country,br-rr,br-rr,"Roraima, Brazil",public_projection,BR-RR,"Roraima, Brazil",D189,Work-related dermatosis,职业性皮肤病,Other,2026-07-01,2026-07,0,0,,,0.0,ibge_computed,,,,,,,,,,,,,,,,,,,,,,legacy_fallback,legacy_fallback,,legacy_identity_may_be_lossy,,0,No eligible registered case-count series facts are available for this disease and country; the public curve uses the legacy flat table.,all,All Sources,,web,all,All Sources,,web
country,br-rr,br-rr,"Roraima, Brazil",public_projection,BR-RR,"Roraima, Brazil",D191,Exogenous poisoning,外源性中毒,Other,2026-07-01,2026-07,76,76,,,9.986701917972384,ibge_computed,,,,,,,,,,,,,,,,,,,,,,legacy_fallback,legacy_fallback,,legacy_identity_may_be_lossy,,0,No eligible registered case-count series facts are available for this disease and country; the public curve uses the legacy flat table.,all,All Sources,,web,all,All Sources,,web
country,br-rr,br-rr,"Roraima, Brazil",public_projection,BR-RR,"Roraima, Brazil",D192,Work-related repetitive strain injury,职业相关重复性劳损,Other,2026-07-01,2026-07,0,0,,,0.0,ibge_computed,,SER_BR_LERD,,,,,,monthly,,,,,,,,,,,,,,series_registry,single_series,parity,,SER_BR_LERD,1,The public curve is read directly from one registered source series.,all,All Sources,,web,all,All Sources,,web
country,br-rr,br-rr,"Roraima, Brazil",source_series_observation,BR-RR,"Roraima, Brazil",D192,Work-related repetitive strain injury,职业相关重复性劳损,Other,2026-07-01,2026-07,0,0,,,,,,SER_BR_LERD,SER_BR_LERD,SRC_BR_SINAN,Work-related repetitive strain injury,case_notifications,notification,monthly,count,country:BR-RR:national,all,exact,unknown,non_additive,active,missing_is_unknown,globalid-disease-ontology:2026.09.26.1,SINAN LERD work-related repetitive strain injury or musculoskeletal disorder notifications; LER is retained as the historical source code alias.,,final; provisional,True,series_registry,single_series,parity,,SER_BR_LERD,1,The public curve is read directly from one registered source series.,all,All Sources,,web,all,All Sources,,web
country,br-rr,br-rr,"Roraima, Brazil",public_projection,BR-RR,"Roraima, Brazil",D193,Work-related mental disorder,职业相关精神障碍,Other,2026-07-01,2026-07,0,0,,,0.0,ibge_computed,,SER_BR_WORK_MENTAL_MENT,,,,,,monthly,,,,,,,,,,,,,,series_registry,single_series,parity,,SER_BR_WORK_MENTAL_MENT,1,The public curve is read directly from one registered source series.,all,All Sources,,web,all,All Sources,,web
country,br-rr,br-rr,"Roraima, Brazil",source_series_observation,BR-RR,"Roraima, Brazil",D193,Work-related mental disorder,职业相关精神障碍,Other,2026-07-01,2026-07,0,0,,,,,,SER_BR_WORK_MENTAL_MENT,SER_BR_WORK_MENTAL_MENT,SRC_BR_SINAN,Work-related mental disorder,case_notifications,notification,monthly,count,country:BR-RR:national,all,exact,unknown,non_additive,active,missing_is_unknown,globalid-disease-ontology:2026.09.26.1,SINAN MENT work-related mental disorder notifications.,,final; provisional,True,series_registry,single_series,parity,,SER_BR_WORK_MENTAL_MENT,1,The public curve is read directly from one registered source series.,all,All Sources,,web,all,All Sources,,web
country,br-rr,br-rr,"Roraima, Brazil",public_projection,BR-RR,"Roraima, Brazil",D194,Noise-induced hearing loss,噪声性听力损失,Other,2026-07-01,2026-07,0,0,,,0.0,ibge_computed,,,,,,,,,,,,,,,,,,,,,,legacy_fallback,legacy_fallback,,legacy_identity_may_be_lossy,,0,No eligible registered case-count series facts are available for this disease and country; the public curve uses the legacy flat table.,all,All Sources,,web,all,All Sources,,web
country,br-rr,br-rr,"Roraima, Brazil",public_projection,BR-RR,"Roraima, Brazil",D195,Pneumoconiosis,尘肺病,Other,2026-07-01,2026-07,0,0,,,0.0,ibge_computed,,,,,,,,,,,,,,,,,,,,,,legacy_fallback,legacy_fallback,,legacy_identity_may_be_lossy,,0,No eligible registered case-count series facts are available for this disease and country; the public curve uses the legacy flat table.,all,All Sources,,web,all,All Sources,,web
country,br-rr,br-rr,"Roraima, Brazil",public_projection,BR-RR,"Roraima, Brazil",D201,Exanthematous diseases,出疹性疾病,Viral,2026-07-01,2026-07,1,1,,,0.13140397260489978,ibge_computed,,,,,,,,,,,,,,,,,,,,,,legacy_fallback,legacy_fallback,,legacy_identity_may_be_lossy,,0,No eligible registered case-count series facts are available for this disease and country; the public curve uses the legacy flat table.,all,All Sources,,web,all,All Sources,,web
country,br-rr,br-rr,"Roraima, Brazil",public_projection,BR-RR,"Roraima, Brazil",D235,Meningitis (all reported etiologies),脑膜炎（全部报告病因）,Other,2026-07-01,2026-07,5,5,,,0.657019863024499,ibge_computed,,SER_BR_MENINGITIS_ALL_ETIOLOGIES_MENI,,,,,,monthly,,,,,,,,,,,,,,series_registry,single_series,parity,,SER_BR_MENINGITIS_ALL_ETIOLOGIES_MENI,1,The public curve is read directly from one registered source series.,all,All Sources,,web,all,All Sources,,web
country,br-rr,br-rr,"Roraima, Brazil",source_series_observation,BR-RR,"Roraima, Brazil",D235,Meningitis (all reported etiologies),脑膜炎（全部报告病因）,Other,2026-07-01,2026-07,5,5,,,,,,SER_BR_MENINGITIS_ALL_ETIOLOGIES_MENI,SER_BR_MENINGITIS_ALL_ETIOLOGIES_MENI,SRC_BR_SINAN,Meningitis,case_notifications,notification,monthly,count,country:BR-RR:national,all,exact,conditional,reported_aggregate,active,missing_is_unknown,BR_SINAN_MENI_current,Brazil SINAN MENI file family spans reported meningitis etiologies and must not be interpreted as bacterial meningitis only.,,final; provisional,True,series_registry,single_series,parity,,SER_BR_MENINGITIS_ALL_ETIOLOGIES_MENI,1,The public curve is read directly from one registered source series.,all,All Sources,,web,all,All Sources,,web
country,br-rr,br-rr,"Roraima, Brazil",public_projection,BR-RR,"Roraima, Brazil",D021,Dengue,登革热,Viral,2026-08-01,2026-08,180,180,,,23.652715068881964,ibge_computed,,,,,,,,,,,,,,,,,,,,,,legacy_fallback,legacy_fallback,,legacy_identity_may_be_lossy,,0,No eligible registered case-count series facts are available for this disease and country; the public curve uses the legacy flat table.,all,All Sources,,web,all,All Sources,,web
country,br-rr,br-rr,"Roraima, Brazil",public_projection,BR-RR,"Roraima, Brazil",D028,Pertussis,百日咳,Bacterial,2026-08-01,2026-08,5,5,,,0.657019863024499,ibge_computed,,,,,,,,,,,,,,,,,,,,,,legacy_fallback,legacy_fallback,,legacy_identity_may_be_lossy,,0,No eligible registered case-count series facts are available for this disease and country; the public curve uses the legacy flat table.,all,All Sources,,web,all,All Sources,,web
country,br-rr,br-rr,"Roraima, Brazil",public_projection,BR-RR,"Roraima, Brazil",D029,Diphtheria,白喉,Bacterial,2026-08-01,2026-08,0,0,,,0.0,ibge_computed,,,,,,,,,,,,,,,,,,,,,,legacy_fallback,legacy_fallback,,legacy_identity_may_be_lossy,,0,No eligible registered case-count series facts are available for this disease and country; the public curve uses the legacy flat table.,all,All Sources,,web,all,All Sources,,web
country,br-rr,br-rr,"Roraima, Brazil",public_projection,BR-RR,"Roraima, Brazil",D042,Leprosy,麻风病,Bacterial,2026-08-01,2026-08,8,8,,,1.0512317808391982,ibge_computed,,,,,,,,,,,,,,,,,,,,,,legacy_fallback,legacy_fallback,,legacy_identity_may_be_lossy,,0,No eligible registered case-count series facts are available for this disease and country; the public curve uses the legacy flat table.,all,All Sources,,web,all,All Sources,,web
country,br-rr,br-rr,"Roraima, Brazil",public_projection,BR-RR,"Roraima, Brazil",D051,Zika virus disease,寨卡病毒病,Viral,2026-08-01,2026-08,3,3,,,0.3942119178146994,ibge_computed,,,,,,,,,,,,,,,,,,,,,,legacy_fallback,legacy_fallback,,legacy_identity_may_be_lossy,,0,No eligible registered case-count series facts are available for this disease and country; the public curve uses the legacy flat table.,all,All Sources,,web,all,All Sources,,web
country,br-rr,br-rr,"Roraima, Brazil",public_projection,BR-RR,"Roraima, Brazil",D052,Chikungunya,基孔肯雅热,Viral,2026-08-01,2026-08,9,9,,,1.182635753444098,ibge_computed,,,,,,,,,,,,,,,,,,,,,,legacy_fallback,legacy_fallback,,legacy_identity_may_be_lossy,,0,No eligible registered case-count series facts are available for this disease and country; the public curve uses the legacy flat table.,all,All Sources,,web,all,All Sources,,web
country,br-rr,br-rr,"Roraima, Brazil",public_projection,BR-RR,"Roraima, Brazil",D054,Varicella,水痘,Viral,2026-08-01,2026-08,25,25,,,3.285099315122495,ibge_computed,,,,,,,,,,,,,,,,,,,,,,legacy_fallback,legacy_fallback,,legacy_identity_may_be_lossy,,0,No eligible registered case-count series facts are available for this disease and country; the public curve uses the legacy flat table.,all,All Sources,,web,all,All Sources,,web
country,br-rr,br-rr,"Roraima, Brazil",public_projection,BR-RR,"Roraima, Brazil",D120,Tetanus,破伤风,Bacterial,2026-08-01,2026-08,0,0,,,0.0,ibge_computed,,,,,,,,,,,,,,,,,,,,,,legacy_fallback,legacy_fallback,,legacy_identity_may_be_lossy,,0,No eligible registered case-count series facts are available for this disease and country; the public curve uses the legacy flat table.,all,All Sources,,web,all,All Sources,,web
country,br-rr,br-rr,"Roraima, Brazil",public_projection,BR-RR,"Roraima, Brazil",D178,Acute flaccid paralysis,急性无力肢体麻痹,Other,2026-08-01,2026-08,0,0,,,0.0,ibge_computed,,,,,,,,,,,,,,,,,,,,,,legacy_fallback,legacy_fallback,,legacy_identity_may_be_lossy,,0,No eligible registered case-count series facts are available for this disease and country; the public curve uses the legacy flat table.,all,All Sources,,web,all,All Sources,,web
country,br-rr,br-rr,"Roraima, Brazil",public_projection,BR-RR,"Roraima, Brazil",D184,Accident caused by venomous animals,毒性动物伤害,Other,2026-08-01,2026-08,104,104,,,13.666013150909578,ibge_computed,,,,,,,,,,,,,,,,,,,,,,legacy_fallback,legacy_fallback,,legacy_identity_may_be_lossy,,0,No eligible registered case-count series facts are available for this disease and country; the public curve uses the legacy flat table.,all,All Sources,,web,all,All Sources,,web
country,br-rr,br-rr,"Roraima, Brazil",public_projection,BR-RR,"Roraima, Brazil",D185,Work accident with biological material,生物材料职业暴露事故,Other,2026-08-01,2026-08,9,9,,,1.182635753444098,ibge_computed,,,,,,,,,,,,,,,,,,,,,,legacy_fallback,legacy_fallback,,legacy_identity_may_be_lossy,,0,No eligible registered case-count series facts are available for this disease and country; the public curve uses the legacy flat table.,all,All Sources,,web,all,All Sources,,web
country,br-rr,br-rr,"Roraima, Brazil",public_projection,BR-RR,"Roraima, Brazil",D186,Serious work accident,严重工伤,Other,2026-08-01,2026-08,55,55,,,7.227218493269488,ibge_computed,,,,,,,,,,,,,,,,,,,,,,legacy_fallback,legacy_fallback,,legacy_identity_may_be_lossy,,0,No eligible registered case-count series facts are available for this disease and country; the public curve uses the legacy flat table.,all,All Sources,,web,all,All Sources,,web
country,br-rr,br-rr,"Roraima, Brazil",public_projection,BR-RR,"Roraima, Brazil",D188,Work-related cancer,职业相关癌症,Other,2026-08-01,2026-08,0,0,,,0.0,ibge_computed,,,,,,,,,,,,,,,,,,,,,,legacy_fallback,legacy_fallback,,legacy_identity_may_be_lossy,,0,No eligible registered case-count series facts are available for this disease and country; the public curve uses the legacy flat table.,all,All Sources,,web,all,All Sources,,web
country,br-rr,br-rr,"Roraima, Brazil",public_projection,BR-RR,"Roraima, Brazil",D189,Work-related dermatosis,职业性皮肤病,Other,2026-08-01,2026-08,0,0,,,0.0,ibge_computed,,,,,,,,,,,,,,,,,,,,,,legacy_fallback,legacy_fallback,,legacy_identity_may_be_lossy,,0,No eligible registered case-count series facts are available for this disease and country; the public curve uses the legacy flat table.,all,All Sources,,web,all,All Sources,,web
country,br-rr,br-rr,"Roraima, Brazil",public_projection,BR-RR,"Roraima, Brazil",D191,Exogenous poisoning,外源性中毒,Other,2026-08-01,2026-08,54,54,,,7.095814520664589,ibge_computed,,,,,,,,,,,,,,,,,,,,,,legacy_fallback,legacy_fallback,,legacy_identity_may_be_lossy,,0,No eligible registered case-count series facts are available for this disease and country; the public curve uses the legacy flat table.,all,All Sources,,web,all,All Sources,,web
country,br-rr,br-rr,"Roraima, Brazil",public_projection,BR-RR,"Roraima, Brazil",D192,Work-related repetitive strain injury,职业相关重复性劳损,Other,2026-08-01,2026-08,0,0,,,0.0,ibge_computed,,SER_BR_LERD,,,,,,monthly,,,,,,,,,,,,,,series_registry,single_series,parity,,SER_BR_LERD,1,The public curve is read directly from one registered source series.,all,All Sources,,web,all,All Sources,,web
country,br-rr,br-rr,"Roraima, Brazil",source_series_observation,BR-RR,"Roraima, Brazil",D192,Work-related repetitive strain injury,职业相关重复性劳损,Other,2026-08-01,2026-08,0,0,,,,,,SER_BR_LERD,SER_BR_LERD,SRC_BR_SINAN,Work-related repetitive strain injury,case_notifications,notification,monthly,count,country:BR-RR:national,all,exact,unknown,non_additive,active,missing_is_unknown,globalid-disease-ontology:2026.09.26.1,SINAN LERD work-related repetitive strain injury or musculoskeletal disorder notifications; LER is retained as the historical source code alias.,,final; provisional,True,series_registry,single_series,parity,,SER_BR_LERD,1,The public curve is read directly from one registered source series.,all,All Sources,,web,all,All Sources,,web
country,br-rr,br-rr,"Roraima, Brazil",public_projection,BR-RR,"Roraima, Brazil",D193,Work-related mental disorder,职业相关精神障碍,Other,2026-08-01,2026-08,0,0,,,0.0,ibge_computed,,SER_BR_WORK_MENTAL_MENT,,,,,,monthly,,,,,,,,,,,,,,series_registry,single_series,parity,,SER_BR_WORK_MENTAL_MENT,1,The public curve is read directly from one registered source series.,all,All Sources,,web,all,All Sources,,web
country,br-rr,br-rr,"Roraima, Brazil",source_series_observation,BR-RR,"Roraima, Brazil",D193,Work-related mental disorder,职业相关精神障碍,Other,2026-08-01,2026-08,0,0,,,,,,SER_BR_WORK_MENTAL_MENT,SER_BR_WORK_MENTAL_MENT,SRC_BR_SINAN,Work-related mental disorder,case_notifications,notification,monthly,count,country:BR-RR:national,all,exact,unknown,non_additive,active,missing_is_unknown,globalid-disease-ontology:2026.09.26.1,SINAN MENT work-related mental disorder notifications.,,final; provisional,True,series_registry,single_series,parity,,SER_BR_WORK_MENTAL_MENT,1,The public curve is read directly from one registered source series.,all,All Sources,,web,all,All Sources,,web
country,br-rr,br-rr,"Roraima, Brazil",public_projection,BR-RR,"Roraima, Brazil",D194,Noise-induced hearing loss,噪声性听力损失,Other,2026-08-01,2026-08,0,0,,,0.0,ibge_computed,,,,,,,,,,,,,,,,,,,,,,legacy_fallback,legacy_fallback,,legacy_identity_may_be_lossy,,0,No eligible registered case-count series facts are available for this disease and country; the public curve uses the legacy flat table.,all,All Sources,,web,all,All Sources,,web
country,br-rr,br-rr,"Roraima, Brazil",public_projection,BR-RR,"Roraima, Brazil",D195,Pneumoconiosis,尘肺病,Other,2026-08-01,2026-08,0,0,,,0.0,ibge_computed,,,,,,,,,,,,,,,,,,,,,,legacy_fallback,legacy_fallback,,legacy_identity_may_be_lossy,,0,No eligible registered case-count series facts are available for this disease and country; the public curve uses the legacy flat table.,all,All Sources,,web,all,All Sources,,web
country,br-rr,br-rr,"Roraima, Brazil",public_projection,BR-RR,"Roraima, Brazil",D201,Exanthematous diseases,出疹性疾病,Viral,2026-08-01,2026-08,1,1,,,0.13140397260489978,ibge_computed,,,,,,,,,,,,,,,,,,,,,,legacy_fallback,legacy_fallback,,legacy_identity_may_be_lossy,,0,No eligible registered case-count series facts are available for this disease and country; the public curve uses the legacy flat table.,all,All Sources,,web,all,All Sources,,web
country,br-rr,br-rr,"Roraima, Brazil",public_projection,BR-RR,"Roraima, Brazil",D235,Meningitis (all reported etiologies),脑膜炎（全部报告病因）,Other,2026-08-01,2026-08,5,5,,,0.657019863024499,ibge_computed,,SER_BR_MENINGITIS_ALL_ETIOLOGIES_MENI,,,,,,monthly,,,,,,,,,,,,,,series_registry,single_series,parity,,SER_BR_MENINGITIS_ALL_ETIOLOGIES_MENI,1,The public curve is read directly from one registered source series.,all,All Sources,,web,all,All Sources,,web
country,br-rr,br-rr,"Roraima, Brazil",source_series_observation,BR-RR,"Roraima, Brazil",D235,Meningitis (all reported etiologies),脑膜炎（全部报告病因）,Other,2026-08-01,2026-08,5,5,,,,,,SER_BR_MENINGITIS_ALL_ETIOLOGIES_MENI,SER_BR_MENINGITIS_ALL_ETIOLOGIES_MENI,SRC_BR_SINAN,Meningitis,case_notifications,notification,monthly,count,country:BR-RR:national,all,exact,conditional,reported_aggregate,active,missing_is_unknown,BR_SINAN_MENI_current,Brazil SINAN MENI file family spans reported meningitis etiologies and must not be interpreted as bacterial meningitis only.,,final; provisional,True,series_registry,single_series,parity,,SER_BR_MENINGITIS_ALL_ETIOLOGIES_MENI,1,The public curve is read directly from one registered source series.,all,All Sources,,web,all,All Sources,,web
country,br-rr,br-rr,"Roraima, Brazil",public_projection,BR-RR,"Roraima, Brazil",D021,Dengue,登革热,Viral,2026-09-01,2026-09,111,111,,,14.585840959143876,ibge_computed,,,,,,,,,,,,,,,,,,,,,,legacy_fallback,legacy_fallback,,legacy_identity_may_be_lossy,,0,No eligible registered case-count series facts are available for this disease and country; the public curve uses the legacy flat table.,all,All Sources,,web,all,All Sources,,web
country,br-rr,br-rr,"Roraima, Brazil",public_projection,BR-RR,"Roraima, Brazil",D028,Pertussis,百日咳,Bacterial,2026-09-01,2026-09,0,0,,,0.0,ibge_computed,,,,,,,,,,,,,,,,,,,,,,legacy_fallback,legacy_fallback,,legacy_identity_may_be_lossy,,0,No eligible registered case-count series facts are available for this disease and country; the public curve uses the legacy flat table.,all,All Sources,,web,all,All Sources,,web
country,br-rr,br-rr,"Roraima, Brazil",public_projection,BR-RR,"Roraima, Brazil",D029,Diphtheria,白喉,Bacterial,2026-09-01,2026-09,0,0,,,0.0,ibge_computed,,,,,,,,,,,,,,,,,,,,,,legacy_fallback,legacy_fallback,,legacy_identity_may_be_lossy,,0,No eligible registered case-count series facts are available for this disease and country; the public curve uses the legacy flat table.,all,All Sources,,web,all,All Sources,,web
country,br-rr,br-rr,"Roraima, Brazil",public_projection,BR-RR,"Roraima, Brazil",D042,Leprosy,麻风病,Bacterial,2026-09-01,2026-09,0,0,,,0.0,ibge_computed,,,,,,,,,,,,,,,,,,,,,,legacy_fallback,legacy_fallback,,legacy_identity_may_be_lossy,,0,No eligible registered case-count series facts are available for this disease and country; the public curve uses the legacy flat table.,all,All Sources,,web,all,All Sources,,web
country,br-rr,br-rr,"Roraima, Brazil",public_projection,BR-RR,"Roraima, Brazil",D051,Zika virus disease,寨卡病毒病,Viral,2026-09-01,2026-09,2,2,,,0.26280794520979955,ibge_computed,,,,,,,,,,,,,,,,,,,,,,legacy_fallback,legacy_fallback,,legacy_identity_may_be_lossy,,0,No eligible registered case-count series facts are available for this disease and country; the public curve uses the legacy flat table.,all,All Sources,,web,all,All Sources,,web
country,br-rr,br-rr,"Roraima, Brazil",public_projection,BR-RR,"Roraima, Brazil",D052,Chikungunya,基孔肯雅热,Viral,2026-09-01,2026-09,6,6,,,0.7884238356293988,ibge_computed,,,,,,,,,,,,,,,,,,,,,,legacy_fallback,legacy_fallback,,legacy_identity_may_be_lossy,,0,No eligible registered case-count series facts are available for this disease and country; the public curve uses the legacy flat table.,all,All Sources,,web,all,All Sources,,web
country,br-rr,br-rr,"Roraima, Brazil",public_projection,BR-RR,"Roraima, Brazil",D054,Varicella,水痘,Viral,2026-09-01,2026-09,10,10,,,1.314039726048998,ibge_computed,,,,,,,,,,,,,,,,,,,,,,legacy_fallback,legacy_fallback,,legacy_identity_may_be_lossy,,0,No eligible registered case-count series facts are available for this disease and country; the public curve uses the legacy flat table.,all,All Sources,,web,all,All Sources,,web
country,br-rr,br-rr,"Roraima, Brazil",public_projection,BR-RR,"Roraima, Brazil",D120,Tetanus,破伤风,Bacterial,2026-09-01,2026-09,0,0,,,0.0,ibge_computed,,,,,,,,,,,,,,,,,,,,,,legacy_fallback,legacy_fallback,,legacy_identity_may_be_lossy,,0,No eligible registered case-count series facts are available for this disease and country; the public curve uses the legacy flat table.,all,All Sources,,web,all,All Sources,,web
country,br-rr,br-rr,"Roraima, Brazil",public_projection,BR-RR,"Roraima, Brazil",D178,Acute flaccid paralysis,急性无力肢体麻痹,Other,2026-09-01,2026-09,0,0,,,0.0,ibge_computed,,,,,,,,,,,,,,,,,,,,,,legacy_fallback,legacy_fallback,,legacy_identity_may_be_lossy,,0,No eligible registered case-count series facts are available for this disease and country; the public curve uses the legacy flat table.,all,All Sources,,web,all,All Sources,,web
country,br-rr,br-rr,"Roraima, Brazil",public_projection,BR-RR,"Roraima, Brazil",D184,Accident caused by venomous animals,毒性动物伤害,Other,2026-09-01,2026-09,1,1,,,0.13140397260489978,ibge_computed,,,,,,,,,,,,,,,,,,,,,,legacy_fallback,legacy_fallback,,legacy_identity_may_be_lossy,,0,No eligible registered case-count series facts are available for this disease and country; the public curve uses the legacy flat table.,all,All Sources,,web,all,All Sources,,web
country,br-rr,br-rr,"Roraima, Brazil",public_projection,BR-RR,"Roraima, Brazil",D191,Exogenous poisoning,外源性中毒,Other,2026-09-01,2026-09,10,10,,,1.314039726048998,ibge_computed,,,,,,,,,,,,,,,,,,,,,,legacy_fallback,legacy_fallback,,legacy_identity_may_be_lossy,,0,No eligible registered case-count series facts are available for this disease and country; the public curve uses the legacy flat table.,all,All Sources,,web,all,All Sources,,web
country,br-rr,br-rr,"Roraima, Brazil",public_projection,BR-RR,"Roraima, Brazil",D201,Exanthematous diseases,出疹性疾病,Viral,2026-09-01,2026-09,0,0,,,0.0,ibge_computed,,,,,,,,,,,,,,,,,,,,,,legacy_fallback,legacy_fallback,,legacy_identity_may_be_lossy,,0,No eligible registered case-count series facts are available for this disease and country; the public curve uses the legacy flat table.,all,All Sources,,web,all,All Sources,,web
country,br-rr,br-rr,"Roraima, Brazil",public_projection,BR-RR,"Roraima, Brazil",D235,Meningitis (all reported etiologies),脑膜炎（全部报告病因）,Other,2026-09-01,2026-09,1,1,,,0.13140397260489978,ibge_computed,,SER_BR_MENINGITIS_ALL_ETIOLOGIES_MENI,,,,,,monthly,,,,,,,,,,,,,,series_registry,single_series,parity,,SER_BR_MENINGITIS_ALL_ETIOLOGIES_MENI,1,The public curve is read directly from one registered source series.,all,All Sources,,web,all,All Sources,,web
country,br-rr,br-rr,"Roraima, Brazil",source_series_observation,BR-RR,"Roraima, Brazil",D235,Meningitis (all reported etiologies),脑膜炎（全部报告病因）,Other,2026-09-01,2026-09,1,1,,,,,,SER_BR_MENINGITIS_ALL_ETIOLOGIES_MENI,SER_BR_MENINGITIS_ALL_ETIOLOGIES_MENI,SRC_BR_SINAN,Meningitis,case_notifications,notification,monthly,count,country:BR-RR:national,all,exact,conditional,reported_aggregate,active,missing_is_unknown,BR_SINAN_MENI_current,Brazil SINAN MENI file family spans reported meningitis etiologies and must not be interpreted as bacterial meningitis only.,,final; provisional,True,series_registry,single_series,parity,,SER_BR_MENINGITIS_ALL_ETIOLOGIES_MENI,1,The public curve is read directly from one registered source series.,all,All Sources,,web,all,All Sources,,web
