dataset_kind,dataset_id,dataset_slug,dataset_name,country_code,country_name,disease_id,disease_name_en,disease_name_zh,category,date,year_month,cases,weekly_equiv_cases,deaths,incidence_rate_per_100k,incidence_rate_source,mortality_rate,primary_source_scope,primary_source_label,primary_source_url,primary_source_type,source_scopes,source_labels,source_urls,source_types
country,br,br,Brazil,BR,Brazil,D005,AIDS,艾滋病,Viral,2015-01-01,2015-01,3238,731.1612903225806,0,1.6055492542347676,wpp_computed,,sinan_datasus,Brazil DATASUS SINAN,http://siab.datasus.gov.br/DATASUS/index.php?acao=41&area=0901&item=1,ftp_dbc,sinan_datasus,Brazil DATASUS SINAN,http://siab.datasus.gov.br/DATASUS/index.php?acao=41&area=0901&item=1,ftp_dbc
country,br,br,Brazil,BR,Brazil,D054,Varicella,水痘,Viral,2015-01-01,2015-01,4281,966.6774193548387,0,2.122716602031822,wpp_computed,,sinan_datasus,Brazil DATASUS SINAN,http://siab.datasus.gov.br/DATASUS/index.php?acao=41&area=0901&item=1,ftp_dbc,sinan_datasus,Brazil DATASUS SINAN,http://siab.datasus.gov.br/DATASUS/index.php?acao=41&area=0901&item=1,ftp_dbc
country,br,br,Brazil,BR,Brazil,D162,HIV infection,人类免疫缺乏病毒感染,Viral,2015-01-01,2015-01,3044,687.3548387096773,0,1.5093551358525732,wpp_computed,,sinan_datasus,Brazil DATASUS SINAN,http://siab.datasus.gov.br/DATASUS/index.php?acao=41&area=0901&item=1,ftp_dbc,sinan_datasus,Brazil DATASUS SINAN,http://siab.datasus.gov.br/DATASUS/index.php?acao=41&area=0901&item=1,ftp_dbc
country,br,br,Brazil,BR,Brazil,D168,Congenital rubella syndrome,先天性风疹综合征,Viral,2015-01-01,2015-01,10,2.258064516129032,0,0.0049584597104223825,wpp_computed,,sinan_datasus,Brazil DATASUS SINAN,http://siab.datasus.gov.br/DATASUS/index.php?acao=41&area=0901&item=1,ftp_dbc,sinan_datasus,Brazil DATASUS SINAN,http://siab.datasus.gov.br/DATASUS/index.php?acao=41&area=0901&item=1,ftp_dbc
country,br,br,Brazil,BR,Brazil,D200,Trachoma,沙眼,Bacterial,2015-01-01,2015-01,170,38.387096774193544,0,0.0842938150771805,wpp_computed,,sinan_datasus,Brazil DATASUS SINAN,http://siab.datasus.gov.br/DATASUS/index.php?acao=41&area=0901&item=1,ftp_dbc,sinan_datasus,Brazil DATASUS SINAN,http://siab.datasus.gov.br/DATASUS/index.php?acao=41&area=0901&item=1,ftp_dbc
country,br,br,Brazil,BR,Brazil,D201,Exanthematous diseases,出疹性疾病,Viral,2015-01-01,2015-01,515,116.29032258064517,0,0.2553606750867527,wpp_computed,,sinan_datasus,Brazil DATASUS SINAN,http://siab.datasus.gov.br/DATASUS/index.php?acao=41&area=0901&item=1,ftp_dbc,sinan_datasus,Brazil DATASUS SINAN,http://siab.datasus.gov.br/DATASUS/index.php?acao=41&area=0901&item=1,ftp_dbc
country,br,br,Brazil,BR,Brazil,D230,Child exposed to HIV,儿童HIV暴露,Other,2015-01-01,2015-01,369,83.32258064516128,0,0.18296716331458593,wpp_computed,,sinan_datasus,Brazil DATASUS SINAN,http://siab.datasus.gov.br/DATASUS/index.php?acao=41&area=0901&item=1,ftp_dbc,sinan_datasus,Brazil DATASUS SINAN,http://siab.datasus.gov.br/DATASUS/index.php?acao=41&area=0901&item=1,ftp_dbc
country,br,br,Brazil,BR,Brazil,D231,HIV infection in pregnancy surveillance event,孕产期HIV感染监测事件,Viral,2015-01-01,2015-01,660,149.03225806451613,0,0.32725834088787725,wpp_computed,,sinan_datasus,Brazil DATASUS SINAN,http://siab.datasus.gov.br/DATASUS/index.php?acao=41&area=0901&item=1,ftp_dbc,sinan_datasus,Brazil DATASUS SINAN,http://siab.datasus.gov.br/DATASUS/index.php?acao=41&area=0901&item=1,ftp_dbc
country,br,br,Brazil,BR,Brazil,D005,AIDS,艾滋病,Viral,2015-02-01,2015-02,3061,691.1935483870967,0,1.5177845173602913,wpp_computed,,sinan_datasus,Brazil DATASUS SINAN,http://siab.datasus.gov.br/DATASUS/index.php?acao=41&area=0901&item=1,ftp_dbc,sinan_datasus,Brazil DATASUS SINAN,http://siab.datasus.gov.br/DATASUS/index.php?acao=41&area=0901&item=1,ftp_dbc
country,br,br,Brazil,BR,Brazil,D054,Varicella,水痘,Viral,2015-02-01,2015-02,2149,485.2580645161291,0,1.06557299176977,wpp_computed,,sinan_datasus,Brazil DATASUS SINAN,http://siab.datasus.gov.br/DATASUS/index.php?acao=41&area=0901&item=1,ftp_dbc,sinan_datasus,Brazil DATASUS SINAN,http://siab.datasus.gov.br/DATASUS/index.php?acao=41&area=0901&item=1,ftp_dbc
country,br,br,Brazil,BR,Brazil,D162,HIV infection,人类免疫缺乏病毒感染,Viral,2015-02-01,2015-02,2847,642.8709677419355,0,1.4116734795572523,wpp_computed,,sinan_datasus,Brazil DATASUS SINAN,http://siab.datasus.gov.br/DATASUS/index.php?acao=41&area=0901&item=1,ftp_dbc,sinan_datasus,Brazil DATASUS SINAN,http://siab.datasus.gov.br/DATASUS/index.php?acao=41&area=0901&item=1,ftp_dbc
country,br,br,Brazil,BR,Brazil,D168,Congenital rubella syndrome,先天性风疹综合征,Viral,2015-02-01,2015-02,12,2.7096774193548385,0,0.005950151652506859,wpp_computed,,sinan_datasus,Brazil DATASUS SINAN,http://siab.datasus.gov.br/DATASUS/index.php?acao=41&area=0901&item=1,ftp_dbc,sinan_datasus,Brazil DATASUS SINAN,http://siab.datasus.gov.br/DATASUS/index.php?acao=41&area=0901&item=1,ftp_dbc
country,br,br,Brazil,BR,Brazil,D200,Trachoma,沙眼,Bacterial,2015-02-01,2015-02,214,48.32258064516129,0,0.10611103780303899,wpp_computed,,sinan_datasus,Brazil DATASUS SINAN,http://siab.datasus.gov.br/DATASUS/index.php?acao=41&area=0901&item=1,ftp_dbc,sinan_datasus,Brazil DATASUS SINAN,http://siab.datasus.gov.br/DATASUS/index.php?acao=41&area=0901&item=1,ftp_dbc
country,br,br,Brazil,BR,Brazil,D201,Exanthematous diseases,出疹性疾病,Viral,2015-02-01,2015-02,673,151.96774193548387,0,0.33370433851142633,wpp_computed,,sinan_datasus,Brazil DATASUS SINAN,http://siab.datasus.gov.br/DATASUS/index.php?acao=41&area=0901&item=1,ftp_dbc,sinan_datasus,Brazil DATASUS SINAN,http://siab.datasus.gov.br/DATASUS/index.php?acao=41&area=0901&item=1,ftp_dbc
country,br,br,Brazil,BR,Brazil,D230,Child exposed to HIV,儿童HIV暴露,Other,2015-02-01,2015-02,399,90.09677419354838,0,0.19784254244585306,wpp_computed,,sinan_datasus,Brazil DATASUS SINAN,http://siab.datasus.gov.br/DATASUS/index.php?acao=41&area=0901&item=1,ftp_dbc,sinan_datasus,Brazil DATASUS SINAN,http://siab.datasus.gov.br/DATASUS/index.php?acao=41&area=0901&item=1,ftp_dbc
country,br,br,Brazil,BR,Brazil,D231,HIV infection in pregnancy surveillance event,孕产期HIV感染监测事件,Viral,2015-02-01,2015-02,630,142.25806451612905,0,0.3123829617566101,wpp_computed,,sinan_datasus,Brazil DATASUS SINAN,http://siab.datasus.gov.br/DATASUS/index.php?acao=41&area=0901&item=1,ftp_dbc,sinan_datasus,Brazil DATASUS SINAN,http://siab.datasus.gov.br/DATASUS/index.php?acao=41&area=0901&item=1,ftp_dbc
country,br,br,Brazil,BR,Brazil,D005,AIDS,艾滋病,Viral,2015-03-01,2015-03,3811,952.75,0,1.88966899564197,wpp_computed,,sinan_datasus,Brazil DATASUS SINAN,http://siab.datasus.gov.br/DATASUS/index.php?acao=41&area=0901&item=1,ftp_dbc,sinan_datasus,Brazil DATASUS SINAN,http://siab.datasus.gov.br/DATASUS/index.php?acao=41&area=0901&item=1,ftp_dbc
country,br,br,Brazil,BR,Brazil,D054,Varicella,水痘,Viral,2015-03-01,2015-03,2828,707.0,0,1.4022524061074497,wpp_computed,,sinan_datasus,Brazil DATASUS SINAN,http://siab.datasus.gov.br/DATASUS/index.php?acao=41&area=0901&item=1,ftp_dbc,sinan_datasus,Brazil DATASUS SINAN,http://siab.datasus.gov.br/DATASUS/index.php?acao=41&area=0901&item=1,ftp_dbc
country,br,br,Brazil,BR,Brazil,D162,HIV infection,人类免疫缺乏病毒感染,Viral,2015-03-01,2015-03,3899,974.75,0,1.9333034410936871,wpp_computed,,sinan_datasus,Brazil DATASUS SINAN,http://siab.datasus.gov.br/DATASUS/index.php?acao=41&area=0901&item=1,ftp_dbc,sinan_datasus,Brazil DATASUS SINAN,http://siab.datasus.gov.br/DATASUS/index.php?acao=41&area=0901&item=1,ftp_dbc
country,br,br,Brazil,BR,Brazil,D168,Congenital rubella syndrome,先天性风疹综合征,Viral,2015-03-01,2015-03,11,2.75,0,0.005454305681464621,wpp_computed,,sinan_datasus,Brazil DATASUS SINAN,http://siab.datasus.gov.br/DATASUS/index.php?acao=41&area=0901&item=1,ftp_dbc,sinan_datasus,Brazil DATASUS SINAN,http://siab.datasus.gov.br/DATASUS/index.php?acao=41&area=0901&item=1,ftp_dbc
country,br,br,Brazil,BR,Brazil,D200,Trachoma,沙眼,Bacterial,2015-03-01,2015-03,887,221.75,0,0.4398153763144653,wpp_computed,,sinan_datasus,Brazil DATASUS SINAN,http://siab.datasus.gov.br/DATASUS/index.php?acao=41&area=0901&item=1,ftp_dbc,sinan_datasus,Brazil DATASUS SINAN,http://siab.datasus.gov.br/DATASUS/index.php?acao=41&area=0901&item=1,ftp_dbc
country,br,br,Brazil,BR,Brazil,D201,Exanthematous diseases,出疹性疾病,Viral,2015-03-01,2015-03,925,231.25,0,0.45865752321407044,wpp_computed,,sinan_datasus,Brazil DATASUS SINAN,http://siab.datasus.gov.br/DATASUS/index.php?acao=41&area=0901&item=1,ftp_dbc,sinan_datasus,Brazil DATASUS SINAN,http://siab.datasus.gov.br/DATASUS/index.php?acao=41&area=0901&item=1,ftp_dbc
country,br,br,Brazil,BR,Brazil,D230,Child exposed to HIV,儿童HIV暴露,Other,2015-03-01,2015-03,564,141.0,0,0.2796571276678224,wpp_computed,,sinan_datasus,Brazil DATASUS SINAN,http://siab.datasus.gov.br/DATASUS/index.php?acao=41&area=0901&item=1,ftp_dbc,sinan_datasus,Brazil DATASUS SINAN,http://siab.datasus.gov.br/DATASUS/index.php?acao=41&area=0901&item=1,ftp_dbc
country,br,br,Brazil,BR,Brazil,D231,HIV infection in pregnancy surveillance event,孕产期HIV感染监测事件,Viral,2015-03-01,2015-03,807,201.75,0,0.4001476986310863,wpp_computed,,sinan_datasus,Brazil DATASUS SINAN,http://siab.datasus.gov.br/DATASUS/index.php?acao=41&area=0901&item=1,ftp_dbc,sinan_datasus,Brazil DATASUS SINAN,http://siab.datasus.gov.br/DATASUS/index.php?acao=41&area=0901&item=1,ftp_dbc
country,br,br,Brazil,BR,Brazil,D005,AIDS,艾滋病,Viral,2015-04-01,2015-04,3283,741.3225806451613,0,1.6278623229316684,wpp_computed,,sinan_datasus,Brazil DATASUS SINAN,http://siab.datasus.gov.br/DATASUS/index.php?acao=41&area=0901&item=1,ftp_dbc,sinan_datasus,Brazil DATASUS SINAN,http://siab.datasus.gov.br/DATASUS/index.php?acao=41&area=0901&item=1,ftp_dbc
country,br,br,Brazil,BR,Brazil,D054,Varicella,水痘,Viral,2015-04-01,2015-04,3321,749.9032258064516,0,1.6467044698312732,wpp_computed,,sinan_datasus,Brazil DATASUS SINAN,http://siab.datasus.gov.br/DATASUS/index.php?acao=41&area=0901&item=1,ftp_dbc,sinan_datasus,Brazil DATASUS SINAN,http://siab.datasus.gov.br/DATASUS/index.php?acao=41&area=0901&item=1,ftp_dbc
country,br,br,Brazil,BR,Brazil,D162,HIV infection,人类免疫缺乏病毒感染,Viral,2015-04-01,2015-04,3060,690.9677419354838,0,1.5172886713892493,wpp_computed,,sinan_datasus,Brazil DATASUS SINAN,http://siab.datasus.gov.br/DATASUS/index.php?acao=41&area=0901&item=1,ftp_dbc,sinan_datasus,Brazil DATASUS SINAN,http://siab.datasus.gov.br/DATASUS/index.php?acao=41&area=0901&item=1,ftp_dbc
country,br,br,Brazil,BR,Brazil,D168,Congenital rubella syndrome,先天性风疹综合征,Viral,2015-04-01,2015-04,5,1.129032258064516,0,0.0024792298552111913,wpp_computed,,sinan_datasus,Brazil DATASUS SINAN,http://siab.datasus.gov.br/DATASUS/index.php?acao=41&area=0901&item=1,ftp_dbc,sinan_datasus,Brazil DATASUS SINAN,http://siab.datasus.gov.br/DATASUS/index.php?acao=41&area=0901&item=1,ftp_dbc
country,br,br,Brazil,BR,Brazil,D200,Trachoma,沙眼,Bacterial,2015-04-01,2015-04,769,173.64516129032256,0,0.38130555173148123,wpp_computed,,sinan_datasus,Brazil DATASUS SINAN,http://siab.datasus.gov.br/DATASUS/index.php?acao=41&area=0901&item=1,ftp_dbc,sinan_datasus,Brazil DATASUS SINAN,http://siab.datasus.gov.br/DATASUS/index.php?acao=41&area=0901&item=1,ftp_dbc
country,br,br,Brazil,BR,Brazil,D201,Exanthematous diseases,出疹性疾病,Viral,2015-04-01,2015-04,1105,249.51612903225808,0,0.5479097980016733,wpp_computed,,sinan_datasus,Brazil DATASUS SINAN,http://siab.datasus.gov.br/DATASUS/index.php?acao=41&area=0901&item=1,ftp_dbc,sinan_datasus,Brazil DATASUS SINAN,http://siab.datasus.gov.br/DATASUS/index.php?acao=41&area=0901&item=1,ftp_dbc
country,br,br,Brazil,BR,Brazil,D230,Child exposed to HIV,儿童HIV暴露,Other,2015-04-01,2015-04,540,121.93548387096773,0,0.2677568243628087,wpp_computed,,sinan_datasus,Brazil DATASUS SINAN,http://siab.datasus.gov.br/DATASUS/index.php?acao=41&area=0901&item=1,ftp_dbc,sinan_datasus,Brazil DATASUS SINAN,http://siab.datasus.gov.br/DATASUS/index.php?acao=41&area=0901&item=1,ftp_dbc
country,br,br,Brazil,BR,Brazil,D231,HIV infection in pregnancy surveillance event,孕产期HIV感染监测事件,Viral,2015-04-01,2015-04,598,135.03225806451613,0,0.2965158906832585,wpp_computed,,sinan_datasus,Brazil DATASUS SINAN,http://siab.datasus.gov.br/DATASUS/index.php?acao=41&area=0901&item=1,ftp_dbc,sinan_datasus,Brazil DATASUS SINAN,http://siab.datasus.gov.br/DATASUS/index.php?acao=41&area=0901&item=1,ftp_dbc
country,br,br,Brazil,BR,Brazil,D005,AIDS,艾滋病,Viral,2015-05-01,2015-05,3984,929.6000000000001,0,1.9754503486322774,wpp_computed,,sinan_datasus,Brazil DATASUS SINAN,http://siab.datasus.gov.br/DATASUS/index.php?acao=41&area=0901&item=1,ftp_dbc,sinan_datasus,Brazil DATASUS SINAN,http://siab.datasus.gov.br/DATASUS/index.php?acao=41&area=0901&item=1,ftp_dbc
country,br,br,Brazil,BR,Brazil,D054,Varicella,水痘,Viral,2015-05-01,2015-05,3879,905.1000000000001,0,1.9233865216728423,wpp_computed,,sinan_datasus,Brazil DATASUS SINAN,http://siab.datasus.gov.br/DATASUS/index.php?acao=41&area=0901&item=1,ftp_dbc,sinan_datasus,Brazil DATASUS SINAN,http://siab.datasus.gov.br/DATASUS/index.php?acao=41&area=0901&item=1,ftp_dbc
country,br,br,Brazil,BR,Brazil,D162,HIV infection,人类免疫缺乏病毒感染,Viral,2015-05-01,2015-05,3327,776.3000000000001,0,1.6496795456575268,wpp_computed,,sinan_datasus,Brazil DATASUS SINAN,http://siab.datasus.gov.br/DATASUS/index.php?acao=41&area=0901&item=1,ftp_dbc,sinan_datasus,Brazil DATASUS SINAN,http://siab.datasus.gov.br/DATASUS/index.php?acao=41&area=0901&item=1,ftp_dbc
country,br,br,Brazil,BR,Brazil,D168,Congenital rubella syndrome,先天性风疹综合征,Viral,2015-05-01,2015-05,4,0.9333333333333333,0,0.001983383884168953,wpp_computed,,sinan_datasus,Brazil DATASUS SINAN,http://siab.datasus.gov.br/DATASUS/index.php?acao=41&area=0901&item=1,ftp_dbc,sinan_datasus,Brazil DATASUS SINAN,http://siab.datasus.gov.br/DATASUS/index.php?acao=41&area=0901&item=1,ftp_dbc
country,br,br,Brazil,BR,Brazil,D200,Trachoma,沙眼,Bacterial,2015-05-01,2015-05,1338,312.2,0,0.6634419092545148,wpp_computed,,sinan_datasus,Brazil DATASUS SINAN,http://siab.datasus.gov.br/DATASUS/index.php?acao=41&area=0901&item=1,ftp_dbc,sinan_datasus,Brazil DATASUS SINAN,http://siab.datasus.gov.br/DATASUS/index.php?acao=41&area=0901&item=1,ftp_dbc
country,br,br,Brazil,BR,Brazil,D201,Exanthematous diseases,出疹性疾病,Viral,2015-05-01,2015-05,785,183.16666666666669,0,0.38923908726815704,wpp_computed,,sinan_datasus,Brazil DATASUS SINAN,http://siab.datasus.gov.br/DATASUS/index.php?acao=41&area=0901&item=1,ftp_dbc,sinan_datasus,Brazil DATASUS SINAN,http://siab.datasus.gov.br/DATASUS/index.php?acao=41&area=0901&item=1,ftp_dbc
country,br,br,Brazil,BR,Brazil,D230,Child exposed to HIV,儿童HIV暴露,Other,2015-05-01,2015-05,516,120.39999999999999,0,0.25585652105779494,wpp_computed,,sinan_datasus,Brazil DATASUS SINAN,http://siab.datasus.gov.br/DATASUS/index.php?acao=41&area=0901&item=1,ftp_dbc,sinan_datasus,Brazil DATASUS SINAN,http://siab.datasus.gov.br/DATASUS/index.php?acao=41&area=0901&item=1,ftp_dbc
country,br,br,Brazil,BR,Brazil,D231,HIV infection in pregnancy surveillance event,孕产期HIV感染监测事件,Viral,2015-05-01,2015-05,668,155.86666666666667,0,0.3312251086562152,wpp_computed,,sinan_datasus,Brazil DATASUS SINAN,http://siab.datasus.gov.br/DATASUS/index.php?acao=41&area=0901&item=1,ftp_dbc,sinan_datasus,Brazil DATASUS SINAN,http://siab.datasus.gov.br/DATASUS/index.php?acao=41&area=0901&item=1,ftp_dbc
country,br,br,Brazil,BR,Brazil,D005,AIDS,艾滋病,Viral,2015-06-01,2015-06,3785,854.6774193548387,0,1.876777000394872,wpp_computed,,sinan_datasus,Brazil DATASUS SINAN,http://siab.datasus.gov.br/DATASUS/index.php?acao=41&area=0901&item=1,ftp_dbc,sinan_datasus,Brazil DATASUS SINAN,http://siab.datasus.gov.br/DATASUS/index.php?acao=41&area=0901&item=1,ftp_dbc
country,br,br,Brazil,BR,Brazil,D054,Varicella,水痘,Viral,2015-06-01,2015-06,5178,1169.225806451613,0,2.56749043805671,wpp_computed,,sinan_datasus,Brazil DATASUS SINAN,http://siab.datasus.gov.br/DATASUS/index.php?acao=41&area=0901&item=1,ftp_dbc,sinan_datasus,Brazil DATASUS SINAN,http://siab.datasus.gov.br/DATASUS/index.php?acao=41&area=0901&item=1,ftp_dbc
country,br,br,Brazil,BR,Brazil,D162,HIV infection,人类免疫缺乏病毒感染,Viral,2015-06-01,2015-06,3424,773.1612903225806,0,1.6977766048486238,wpp_computed,,sinan_datasus,Brazil DATASUS SINAN,http://siab.datasus.gov.br/DATASUS/index.php?acao=41&area=0901&item=1,ftp_dbc,sinan_datasus,Brazil DATASUS SINAN,http://siab.datasus.gov.br/DATASUS/index.php?acao=41&area=0901&item=1,ftp_dbc
country,br,br,Brazil,BR,Brazil,D168,Congenital rubella syndrome,先天性风疹综合征,Viral,2015-06-01,2015-06,18,4.064516129032258,0,0.00892522747876029,wpp_computed,,sinan_datasus,Brazil DATASUS SINAN,http://siab.datasus.gov.br/DATASUS/index.php?acao=41&area=0901&item=1,ftp_dbc,sinan_datasus,Brazil DATASUS SINAN,http://siab.datasus.gov.br/DATASUS/index.php?acao=41&area=0901&item=1,ftp_dbc
country,br,br,Brazil,BR,Brazil,D200,Trachoma,沙眼,Bacterial,2015-06-01,2015-06,814,183.80645161290323,0,0.4036186204283819,wpp_computed,,sinan_datasus,Brazil DATASUS SINAN,http://siab.datasus.gov.br/DATASUS/index.php?acao=41&area=0901&item=1,ftp_dbc,sinan_datasus,Brazil DATASUS SINAN,http://siab.datasus.gov.br/DATASUS/index.php?acao=41&area=0901&item=1,ftp_dbc
country,br,br,Brazil,BR,Brazil,D201,Exanthematous diseases,出疹性疾病,Viral,2015-06-01,2015-06,607,137.06451612903226,0,0.3009785044226386,wpp_computed,,sinan_datasus,Brazil DATASUS SINAN,http://siab.datasus.gov.br/DATASUS/index.php?acao=41&area=0901&item=1,ftp_dbc,sinan_datasus,Brazil DATASUS SINAN,http://siab.datasus.gov.br/DATASUS/index.php?acao=41&area=0901&item=1,ftp_dbc
country,br,br,Brazil,BR,Brazil,D230,Child exposed to HIV,儿童HIV暴露,Other,2015-06-01,2015-06,537,121.25806451612904,0,0.26626928644968195,wpp_computed,,sinan_datasus,Brazil DATASUS SINAN,http://siab.datasus.gov.br/DATASUS/index.php?acao=41&area=0901&item=1,ftp_dbc,sinan_datasus,Brazil DATASUS SINAN,http://siab.datasus.gov.br/DATASUS/index.php?acao=41&area=0901&item=1,ftp_dbc
country,br,br,Brazil,BR,Brazil,D231,HIV infection in pregnancy surveillance event,孕产期HIV感染监测事件,Viral,2015-06-01,2015-06,615,138.8709677419355,0,0.30494527219097656,wpp_computed,,sinan_datasus,Brazil DATASUS SINAN,http://siab.datasus.gov.br/DATASUS/index.php?acao=41&area=0901&item=1,ftp_dbc,sinan_datasus,Brazil DATASUS SINAN,http://siab.datasus.gov.br/DATASUS/index.php?acao=41&area=0901&item=1,ftp_dbc
country,br,br,Brazil,BR,Brazil,D005,AIDS,艾滋病,Viral,2015-07-01,2015-07,3739,872.4333333333334,0,1.853968085726929,wpp_computed,,sinan_datasus,Brazil DATASUS SINAN,http://siab.datasus.gov.br/DATASUS/index.php?acao=41&area=0901&item=1,ftp_dbc,sinan_datasus,Brazil DATASUS SINAN,http://siab.datasus.gov.br/DATASUS/index.php?acao=41&area=0901&item=1,ftp_dbc
country,br,br,Brazil,BR,Brazil,D054,Varicella,水痘,Viral,2015-07-01,2015-07,6687,1560.3,0,3.315722008359447,wpp_computed,,sinan_datasus,Brazil DATASUS SINAN,http://siab.datasus.gov.br/DATASUS/index.php?acao=41&area=0901&item=1,ftp_dbc,sinan_datasus,Brazil DATASUS SINAN,http://siab.datasus.gov.br/DATASUS/index.php?acao=41&area=0901&item=1,ftp_dbc
country,br,br,Brazil,BR,Brazil,D162,HIV infection,人类免疫缺乏病毒感染,Viral,2015-07-01,2015-07,3441,802.9,0,1.7062059863563421,wpp_computed,,sinan_datasus,Brazil DATASUS SINAN,http://siab.datasus.gov.br/DATASUS/index.php?acao=41&area=0901&item=1,ftp_dbc,sinan_datasus,Brazil DATASUS SINAN,http://siab.datasus.gov.br/DATASUS/index.php?acao=41&area=0901&item=1,ftp_dbc
country,br,br,Brazil,BR,Brazil,D168,Congenital rubella syndrome,先天性风疹综合征,Viral,2015-07-01,2015-07,19,4.433333333333334,0,0.009421073449802527,wpp_computed,,sinan_datasus,Brazil DATASUS SINAN,http://siab.datasus.gov.br/DATASUS/index.php?acao=41&area=0901&item=1,ftp_dbc,sinan_datasus,Brazil DATASUS SINAN,http://siab.datasus.gov.br/DATASUS/index.php?acao=41&area=0901&item=1,ftp_dbc
country,br,br,Brazil,BR,Brazil,D200,Trachoma,沙眼,Bacterial,2015-07-01,2015-07,390,91.0,0,0.19337992870647294,wpp_computed,,sinan_datasus,Brazil DATASUS SINAN,http://siab.datasus.gov.br/DATASUS/index.php?acao=41&area=0901&item=1,ftp_dbc,sinan_datasus,Brazil DATASUS SINAN,http://siab.datasus.gov.br/DATASUS/index.php?acao=41&area=0901&item=1,ftp_dbc
country,br,br,Brazil,BR,Brazil,D201,Exanthematous diseases,出疹性疾病,Viral,2015-07-01,2015-07,479,111.76666666666667,0,0.23751022012923215,wpp_computed,,sinan_datasus,Brazil DATASUS SINAN,http://siab.datasus.gov.br/DATASUS/index.php?acao=41&area=0901&item=1,ftp_dbc,sinan_datasus,Brazil DATASUS SINAN,http://siab.datasus.gov.br/DATASUS/index.php?acao=41&area=0901&item=1,ftp_dbc
country,br,br,Brazil,BR,Brazil,D230,Child exposed to HIV,儿童HIV暴露,Other,2015-07-01,2015-07,570,133.0,0,0.2826322034940758,wpp_computed,,sinan_datasus,Brazil DATASUS SINAN,http://siab.datasus.gov.br/DATASUS/index.php?acao=41&area=0901&item=1,ftp_dbc,sinan_datasus,Brazil DATASUS SINAN,http://siab.datasus.gov.br/DATASUS/index.php?acao=41&area=0901&item=1,ftp_dbc
country,br,br,Brazil,BR,Brazil,D231,HIV infection in pregnancy surveillance event,孕产期HIV感染监测事件,Viral,2015-07-01,2015-07,655,152.83333333333331,0,0.32477911103266605,wpp_computed,,sinan_datasus,Brazil DATASUS SINAN,http://siab.datasus.gov.br/DATASUS/index.php?acao=41&area=0901&item=1,ftp_dbc,sinan_datasus,Brazil DATASUS SINAN,http://siab.datasus.gov.br/DATASUS/index.php?acao=41&area=0901&item=1,ftp_dbc
country,br,br,Brazil,BR,Brazil,D005,AIDS,艾滋病,Viral,2015-08-01,2015-08,3950,891.9354838709678,0,1.9585915856168414,wpp_computed,,sinan_datasus,Brazil DATASUS SINAN,http://siab.datasus.gov.br/DATASUS/index.php?acao=41&area=0901&item=1,ftp_dbc,sinan_datasus,Brazil DATASUS SINAN,http://siab.datasus.gov.br/DATASUS/index.php?acao=41&area=0901&item=1,ftp_dbc
country,br,br,Brazil,BR,Brazil,D054,Varicella,水痘,Viral,2015-08-01,2015-08,7244,1635.741935483871,0,3.5919082142299743,wpp_computed,,sinan_datasus,Brazil DATASUS SINAN,http://siab.datasus.gov.br/DATASUS/index.php?acao=41&area=0901&item=1,ftp_dbc,sinan_datasus,Brazil DATASUS SINAN,http://siab.datasus.gov.br/DATASUS/index.php?acao=41&area=0901&item=1,ftp_dbc
country,br,br,Brazil,BR,Brazil,D162,HIV infection,人类免疫缺乏病毒感染,Viral,2015-08-01,2015-08,3287,742.2258064516129,0,1.6298457068158372,wpp_computed,,sinan_datasus,Brazil DATASUS SINAN,http://siab.datasus.gov.br/DATASUS/index.php?acao=41&area=0901&item=1,ftp_dbc,sinan_datasus,Brazil DATASUS SINAN,http://siab.datasus.gov.br/DATASUS/index.php?acao=41&area=0901&item=1,ftp_dbc
country,br,br,Brazil,BR,Brazil,D168,Congenital rubella syndrome,先天性风疹综合征,Viral,2015-08-01,2015-08,8,1.8064516129032258,0,0.003966767768337906,wpp_computed,,sinan_datasus,Brazil DATASUS SINAN,http://siab.datasus.gov.br/DATASUS/index.php?acao=41&area=0901&item=1,ftp_dbc,sinan_datasus,Brazil DATASUS SINAN,http://siab.datasus.gov.br/DATASUS/index.php?acao=41&area=0901&item=1,ftp_dbc
country,br,br,Brazil,BR,Brazil,D200,Trachoma,沙眼,Bacterial,2015-08-01,2015-08,2566,579.4193548387098,0,1.2723407616943836,wpp_computed,,sinan_datasus,Brazil DATASUS SINAN,http://siab.datasus.gov.br/DATASUS/index.php?acao=41&area=0901&item=1,ftp_dbc,sinan_datasus,Brazil DATASUS SINAN,http://siab.datasus.gov.br/DATASUS/index.php?acao=41&area=0901&item=1,ftp_dbc
country,br,br,Brazil,BR,Brazil,D201,Exanthematous diseases,出疹性疾病,Viral,2015-08-01,2015-08,365,82.41935483870967,0,0.18098377943041696,wpp_computed,,sinan_datasus,Brazil DATASUS SINAN,http://siab.datasus.gov.br/DATASUS/index.php?acao=41&area=0901&item=1,ftp_dbc,sinan_datasus,Brazil DATASUS SINAN,http://siab.datasus.gov.br/DATASUS/index.php?acao=41&area=0901&item=1,ftp_dbc
country,br,br,Brazil,BR,Brazil,D230,Child exposed to HIV,儿童HIV暴露,Other,2015-08-01,2015-08,538,121.48387096774194,0,0.2667651324207242,wpp_computed,,sinan_datasus,Brazil DATASUS SINAN,http://siab.datasus.gov.br/DATASUS/index.php?acao=41&area=0901&item=1,ftp_dbc,sinan_datasus,Brazil DATASUS SINAN,http://siab.datasus.gov.br/DATASUS/index.php?acao=41&area=0901&item=1,ftp_dbc
country,br,br,Brazil,BR,Brazil,D231,HIV infection in pregnancy surveillance event,孕产期HIV感染监测事件,Viral,2015-08-01,2015-08,629,142.03225806451613,0,0.3118871157855679,wpp_computed,,sinan_datasus,Brazil DATASUS SINAN,http://siab.datasus.gov.br/DATASUS/index.php?acao=41&area=0901&item=1,ftp_dbc,sinan_datasus,Brazil DATASUS SINAN,http://siab.datasus.gov.br/DATASUS/index.php?acao=41&area=0901&item=1,ftp_dbc
country,br,br,Brazil,BR,Brazil,D005,AIDS,艾滋病,Viral,2015-09-01,2015-09,3725,841.1290322580645,0,1.8470262421323378,wpp_computed,,sinan_datasus,Brazil DATASUS SINAN,http://siab.datasus.gov.br/DATASUS/index.php?acao=41&area=0901&item=1,ftp_dbc,sinan_datasus,Brazil DATASUS SINAN,http://siab.datasus.gov.br/DATASUS/index.php?acao=41&area=0901&item=1,ftp_dbc
country,br,br,Brazil,BR,Brazil,D054,Varicella,水痘,Viral,2015-09-01,2015-09,10761,2429.9032258064517,0,5.335798494385526,wpp_computed,,sinan_datasus,Brazil DATASUS SINAN,http://siab.datasus.gov.br/DATASUS/index.php?acao=41&area=0901&item=1,ftp_dbc,sinan_datasus,Brazil DATASUS SINAN,http://siab.datasus.gov.br/DATASUS/index.php?acao=41&area=0901&item=1,ftp_dbc
country,br,br,Brazil,BR,Brazil,D162,HIV infection,人类免疫缺乏病毒感染,Viral,2015-09-01,2015-09,3311,747.6451612903227,0,1.6417460101208508,wpp_computed,,sinan_datasus,Brazil DATASUS SINAN,http://siab.datasus.gov.br/DATASUS/index.php?acao=41&area=0901&item=1,ftp_dbc,sinan_datasus,Brazil DATASUS SINAN,http://siab.datasus.gov.br/DATASUS/index.php?acao=41&area=0901&item=1,ftp_dbc
country,br,br,Brazil,BR,Brazil,D168,Congenital rubella syndrome,先天性风疹综合征,Viral,2015-09-01,2015-09,11,2.4838709677419355,0,0.005454305681464621,wpp_computed,,sinan_datasus,Brazil DATASUS SINAN,http://siab.datasus.gov.br/DATASUS/index.php?acao=41&area=0901&item=1,ftp_dbc,sinan_datasus,Brazil DATASUS SINAN,http://siab.datasus.gov.br/DATASUS/index.php?acao=41&area=0901&item=1,ftp_dbc
country,br,br,Brazil,BR,Brazil,D200,Trachoma,沙眼,Bacterial,2015-09-01,2015-09,4778,1078.9032258064517,0,2.3691520496398146,wpp_computed,,sinan_datasus,Brazil DATASUS SINAN,http://siab.datasus.gov.br/DATASUS/index.php?acao=41&area=0901&item=1,ftp_dbc,sinan_datasus,Brazil DATASUS SINAN,http://siab.datasus.gov.br/DATASUS/index.php?acao=41&area=0901&item=1,ftp_dbc
country,br,br,Brazil,BR,Brazil,D201,Exanthematous diseases,出疹性疾病,Viral,2015-09-01,2015-09,340,76.77419354838709,0,0.168587630154361,wpp_computed,,sinan_datasus,Brazil DATASUS SINAN,http://siab.datasus.gov.br/DATASUS/index.php?acao=41&area=0901&item=1,ftp_dbc,sinan_datasus,Brazil DATASUS SINAN,http://siab.datasus.gov.br/DATASUS/index.php?acao=41&area=0901&item=1,ftp_dbc
country,br,br,Brazil,BR,Brazil,D230,Child exposed to HIV,儿童HIV暴露,Other,2015-09-01,2015-09,573,129.38709677419354,0,0.28411974140720253,wpp_computed,,sinan_datasus,Brazil DATASUS SINAN,http://siab.datasus.gov.br/DATASUS/index.php?acao=41&area=0901&item=1,ftp_dbc,sinan_datasus,Brazil DATASUS SINAN,http://siab.datasus.gov.br/DATASUS/index.php?acao=41&area=0901&item=1,ftp_dbc
country,br,br,Brazil,BR,Brazil,D231,HIV infection in pregnancy surveillance event,孕产期HIV感染监测事件,Viral,2015-09-01,2015-09,691,156.03225806451613,0,0.3426295659901867,wpp_computed,,sinan_datasus,Brazil DATASUS SINAN,http://siab.datasus.gov.br/DATASUS/index.php?acao=41&area=0901&item=1,ftp_dbc,sinan_datasus,Brazil DATASUS SINAN,http://siab.datasus.gov.br/DATASUS/index.php?acao=41&area=0901&item=1,ftp_dbc
country,br,br,Brazil,BR,Brazil,D005,AIDS,艾滋病,Viral,2015-10-01,2015-10,3450,805.0,0,1.710668600095722,wpp_computed,,sinan_datasus,Brazil DATASUS SINAN,http://siab.datasus.gov.br/DATASUS/index.php?acao=41&area=0901&item=1,ftp_dbc,sinan_datasus,Brazil DATASUS SINAN,http://siab.datasus.gov.br/DATASUS/index.php?acao=41&area=0901&item=1,ftp_dbc
country,br,br,Brazil,BR,Brazil,D054,Varicella,水痘,Viral,2015-10-01,2015-10,9626,2246.0666666666666,0,4.773013317252586,wpp_computed,,sinan_datasus,Brazil DATASUS SINAN,http://siab.datasus.gov.br/DATASUS/index.php?acao=41&area=0901&item=1,ftp_dbc,sinan_datasus,Brazil DATASUS SINAN,http://siab.datasus.gov.br/DATASUS/index.php?acao=41&area=0901&item=1,ftp_dbc
country,br,br,Brazil,BR,Brazil,D162,HIV infection,人类免疫缺乏病毒感染,Viral,2015-10-01,2015-10,3351,781.9,0,1.6615798489625406,wpp_computed,,sinan_datasus,Brazil DATASUS SINAN,http://siab.datasus.gov.br/DATASUS/index.php?acao=41&area=0901&item=1,ftp_dbc,sinan_datasus,Brazil DATASUS SINAN,http://siab.datasus.gov.br/DATASUS/index.php?acao=41&area=0901&item=1,ftp_dbc
country,br,br,Brazil,BR,Brazil,D168,Congenital rubella syndrome,先天性风疹综合征,Viral,2015-10-01,2015-10,10,2.333333333333333,0,0.0049584597104223825,wpp_computed,,sinan_datasus,Brazil DATASUS SINAN,http://siab.datasus.gov.br/DATASUS/index.php?acao=41&area=0901&item=1,ftp_dbc,sinan_datasus,Brazil DATASUS SINAN,http://siab.datasus.gov.br/DATASUS/index.php?acao=41&area=0901&item=1,ftp_dbc
country,br,br,Brazil,BR,Brazil,D200,Trachoma,沙眼,Bacterial,2015-10-01,2015-10,5377,1254.6333333333332,0,2.666163786294115,wpp_computed,,sinan_datasus,Brazil DATASUS SINAN,http://siab.datasus.gov.br/DATASUS/index.php?acao=41&area=0901&item=1,ftp_dbc,sinan_datasus,Brazil DATASUS SINAN,http://siab.datasus.gov.br/DATASUS/index.php?acao=41&area=0901&item=1,ftp_dbc
country,br,br,Brazil,BR,Brazil,D201,Exanthematous diseases,出疹性疾病,Viral,2015-10-01,2015-10,380,88.66666666666666,0,0.18842146899605053,wpp_computed,,sinan_datasus,Brazil DATASUS SINAN,http://siab.datasus.gov.br/DATASUS/index.php?acao=41&area=0901&item=1,ftp_dbc,sinan_datasus,Brazil DATASUS SINAN,http://siab.datasus.gov.br/DATASUS/index.php?acao=41&area=0901&item=1,ftp_dbc
country,br,br,Brazil,BR,Brazil,D230,Child exposed to HIV,儿童HIV暴露,Other,2015-10-01,2015-10,479,111.76666666666667,0,0.23751022012923215,wpp_computed,,sinan_datasus,Brazil DATASUS SINAN,http://siab.datasus.gov.br/DATASUS/index.php?acao=41&area=0901&item=1,ftp_dbc,sinan_datasus,Brazil DATASUS SINAN,http://siab.datasus.gov.br/DATASUS/index.php?acao=41&area=0901&item=1,ftp_dbc
country,br,br,Brazil,BR,Brazil,D231,HIV infection in pregnancy surveillance event,孕产期HIV感染监测事件,Viral,2015-10-01,2015-10,644,150.26666666666665,0,0.31932480535120145,wpp_computed,,sinan_datasus,Brazil DATASUS SINAN,http://siab.datasus.gov.br/DATASUS/index.php?acao=41&area=0901&item=1,ftp_dbc,sinan_datasus,Brazil DATASUS SINAN,http://siab.datasus.gov.br/DATASUS/index.php?acao=41&area=0901&item=1,ftp_dbc
country,br,br,Brazil,BR,Brazil,D005,AIDS,艾滋病,Viral,2015-11-01,2015-11,3218,726.6451612903227,0,1.5956323348139227,wpp_computed,,sinan_datasus,Brazil DATASUS SINAN,http://siab.datasus.gov.br/DATASUS/index.php?acao=41&area=0901&item=1,ftp_dbc,sinan_datasus,Brazil DATASUS SINAN,http://siab.datasus.gov.br/DATASUS/index.php?acao=41&area=0901&item=1,ftp_dbc
country,br,br,Brazil,BR,Brazil,D054,Varicella,水痘,Viral,2015-11-01,2015-11,7983,1802.6129032258063,0,3.9583383868301882,wpp_computed,,sinan_datasus,Brazil DATASUS SINAN,http://siab.datasus.gov.br/DATASUS/index.php?acao=41&area=0901&item=1,ftp_dbc,sinan_datasus,Brazil DATASUS SINAN,http://siab.datasus.gov.br/DATASUS/index.php?acao=41&area=0901&item=1,ftp_dbc
country,br,br,Brazil,BR,Brazil,D162,HIV infection,人类免疫缺乏病毒感染,Viral,2015-11-01,2015-11,3396,766.8387096774194,0,1.683892917659441,wpp_computed,,sinan_datasus,Brazil DATASUS SINAN,http://siab.datasus.gov.br/DATASUS/index.php?acao=41&area=0901&item=1,ftp_dbc,sinan_datasus,Brazil DATASUS SINAN,http://siab.datasus.gov.br/DATASUS/index.php?acao=41&area=0901&item=1,ftp_dbc
country,br,br,Brazil,BR,Brazil,D168,Congenital rubella syndrome,先天性风疹综合征,Viral,2015-11-01,2015-11,6,1.3548387096774193,0,0.0029750758262534296,wpp_computed,,sinan_datasus,Brazil DATASUS SINAN,http://siab.datasus.gov.br/DATASUS/index.php?acao=41&area=0901&item=1,ftp_dbc,sinan_datasus,Brazil DATASUS SINAN,http://siab.datasus.gov.br/DATASUS/index.php?acao=41&area=0901&item=1,ftp_dbc
country,br,br,Brazil,BR,Brazil,D200,Trachoma,沙眼,Bacterial,2015-11-01,2015-11,7065,1595.3225806451612,0,3.5031517854134138,wpp_computed,,sinan_datasus,Brazil DATASUS SINAN,http://siab.datasus.gov.br/DATASUS/index.php?acao=41&area=0901&item=1,ftp_dbc,sinan_datasus,Brazil DATASUS SINAN,http://siab.datasus.gov.br/DATASUS/index.php?acao=41&area=0901&item=1,ftp_dbc
country,br,br,Brazil,BR,Brazil,D201,Exanthematous diseases,出疹性疾病,Viral,2015-11-01,2015-11,368,83.09677419354838,0,0.1824713173435437,wpp_computed,,sinan_datasus,Brazil DATASUS SINAN,http://siab.datasus.gov.br/DATASUS/index.php?acao=41&area=0901&item=1,ftp_dbc,sinan_datasus,Brazil DATASUS SINAN,http://siab.datasus.gov.br/DATASUS/index.php?acao=41&area=0901&item=1,ftp_dbc
country,br,br,Brazil,BR,Brazil,D230,Child exposed to HIV,儿童HIV暴露,Other,2015-11-01,2015-11,539,121.70967741935483,0,0.26726097839176644,wpp_computed,,sinan_datasus,Brazil DATASUS SINAN,http://siab.datasus.gov.br/DATASUS/index.php?acao=41&area=0901&item=1,ftp_dbc,sinan_datasus,Brazil DATASUS SINAN,http://siab.datasus.gov.br/DATASUS/index.php?acao=41&area=0901&item=1,ftp_dbc
country,br,br,Brazil,BR,Brazil,D231,HIV infection in pregnancy surveillance event,孕产期HIV感染监测事件,Viral,2015-11-01,2015-11,641,144.74193548387095,0,0.3178372674380747,wpp_computed,,sinan_datasus,Brazil DATASUS SINAN,http://siab.datasus.gov.br/DATASUS/index.php?acao=41&area=0901&item=1,ftp_dbc,sinan_datasus,Brazil DATASUS SINAN,http://siab.datasus.gov.br/DATASUS/index.php?acao=41&area=0901&item=1,ftp_dbc
country,br,br,Brazil,BR,Brazil,D005,AIDS,艾滋病,Viral,2015-12-01,2015-12,2802,653.8000000000001,0,1.3893604108603517,wpp_computed,,sinan_datasus,Brazil DATASUS SINAN,http://siab.datasus.gov.br/DATASUS/index.php?acao=41&area=0901&item=1,ftp_dbc,sinan_datasus,Brazil DATASUS SINAN,http://siab.datasus.gov.br/DATASUS/index.php?acao=41&area=0901&item=1,ftp_dbc
country,br,br,Brazil,BR,Brazil,D054,Varicella,水痘,Viral,2015-12-01,2015-12,4763,1111.3666666666668,0,2.361714360074181,wpp_computed,,sinan_datasus,Brazil DATASUS SINAN,http://siab.datasus.gov.br/DATASUS/index.php?acao=41&area=0901&item=1,ftp_dbc,sinan_datasus,Brazil DATASUS SINAN,http://siab.datasus.gov.br/DATASUS/index.php?acao=41&area=0901&item=1,ftp_dbc
country,br,br,Brazil,BR,Brazil,D162,HIV infection,人类免疫缺乏病毒感染,Viral,2015-12-01,2015-12,3010,702.3333333333333,0,1.4924963728371372,wpp_computed,,sinan_datasus,Brazil DATASUS SINAN,http://siab.datasus.gov.br/DATASUS/index.php?acao=41&area=0901&item=1,ftp_dbc,sinan_datasus,Brazil DATASUS SINAN,http://siab.datasus.gov.br/DATASUS/index.php?acao=41&area=0901&item=1,ftp_dbc
country,br,br,Brazil,BR,Brazil,D168,Congenital rubella syndrome,先天性风疹综合征,Viral,2015-12-01,2015-12,11,2.5666666666666664,0,0.005454305681464621,wpp_computed,,sinan_datasus,Brazil DATASUS SINAN,http://siab.datasus.gov.br/DATASUS/index.php?acao=41&area=0901&item=1,ftp_dbc,sinan_datasus,Brazil DATASUS SINAN,http://siab.datasus.gov.br/DATASUS/index.php?acao=41&area=0901&item=1,ftp_dbc
country,br,br,Brazil,BR,Brazil,D200,Trachoma,沙眼,Bacterial,2015-12-01,2015-12,1932,450.80000000000007,0,0.9579744160536043,wpp_computed,,sinan_datasus,Brazil DATASUS SINAN,http://siab.datasus.gov.br/DATASUS/index.php?acao=41&area=0901&item=1,ftp_dbc,sinan_datasus,Brazil DATASUS SINAN,http://siab.datasus.gov.br/DATASUS/index.php?acao=41&area=0901&item=1,ftp_dbc
country,br,br,Brazil,BR,Brazil,D201,Exanthematous diseases,出疹性疾病,Viral,2015-12-01,2015-12,307,71.63333333333333,0,0.15222471310996716,wpp_computed,,sinan_datasus,Brazil DATASUS SINAN,http://siab.datasus.gov.br/DATASUS/index.php?acao=41&area=0901&item=1,ftp_dbc,sinan_datasus,Brazil DATASUS SINAN,http://siab.datasus.gov.br/DATASUS/index.php?acao=41&area=0901&item=1,ftp_dbc
country,br,br,Brazil,BR,Brazil,D230,Child exposed to HIV,儿童HIV暴露,Other,2015-12-01,2015-12,464,108.26666666666667,0,0.23007253056359855,wpp_computed,,sinan_datasus,Brazil DATASUS SINAN,http://siab.datasus.gov.br/DATASUS/index.php?acao=41&area=0901&item=1,ftp_dbc,sinan_datasus,Brazil DATASUS SINAN,http://siab.datasus.gov.br/DATASUS/index.php?acao=41&area=0901&item=1,ftp_dbc
country,br,br,Brazil,BR,Brazil,D231,HIV infection in pregnancy surveillance event,孕产期HIV感染监测事件,Viral,2015-12-01,2015-12,612,142.79999999999998,0,0.30345773427784983,wpp_computed,,sinan_datasus,Brazil DATASUS SINAN,http://siab.datasus.gov.br/DATASUS/index.php?acao=41&area=0901&item=1,ftp_dbc,sinan_datasus,Brazil DATASUS SINAN,http://siab.datasus.gov.br/DATASUS/index.php?acao=41&area=0901&item=1,ftp_dbc
country,br,br,Brazil,BR,Brazil,D005,AIDS,艾滋病,Viral,2016-01-01,2016-01,2899,654.6129032258065,0,1.4265460642611467,wpp_computed,,sinan_datasus,Brazil DATASUS SINAN,http://siab.datasus.gov.br/DATASUS/index.php?acao=41&area=0901&item=1,ftp_dbc,sinan_datasus,Brazil DATASUS SINAN,http://siab.datasus.gov.br/DATASUS/index.php?acao=41&area=0901&item=1,ftp_dbc
country,br,br,Brazil,BR,Brazil,D019,Rabies,狂犬病,Viral,2016-01-01,2016-01,2,0.03535353535353536,0,0.0009841642388831644,wpp_computed,,sinan_datasus,Brazil DATASUS SINAN,http://siab.datasus.gov.br/DATASUS/index.php?acao=41&area=0901&item=1,ftp_dbc,sinan_datasus,Brazil DATASUS SINAN,http://siab.datasus.gov.br/DATASUS/index.php?acao=41&area=0901&item=1,ftp_dbc
country,br,br,Brazil,BR,Brazil,D021,Dengue,登革热,Viral,2016-01-01,2016-01,302334,5344.287878787879,0,148.77315549925132,wpp_computed,,sinan_datasus,Brazil DATASUS SINAN,http://siab.datasus.gov.br/DATASUS/index.php?acao=41&area=0901&item=1,ftp_dbc,sinan_datasus,Brazil DATASUS SINAN,http://siab.datasus.gov.br/DATASUS/index.php?acao=41&area=0901&item=1,ftp_dbc
country,br,br,Brazil,BR,Brazil,D025,Tuberculosis,肺结核,Bacterial,2016-01-01,2016-01,5539,97.91161616161617,0,2.7256428595869235,wpp_computed,,sinan_datasus,Brazil DATASUS SINAN,http://siab.datasus.gov.br/DATASUS/index.php?acao=41&area=0901&item=1,ftp_dbc,sinan_datasus,Brazil DATASUS SINAN,http://siab.datasus.gov.br/DATASUS/index.php?acao=41&area=0901&item=1,ftp_dbc
country,br,br,Brazil,BR,Brazil,D028,Pertussis,百日咳,Bacterial,2016-01-01,2016-01,389,6.876262626262626,0,0.19141994446277547,wpp_computed,,sinan_datasus,Brazil DATASUS SINAN,http://siab.datasus.gov.br/DATASUS/index.php?acao=41&area=0901&item=1,ftp_dbc,sinan_datasus,Brazil DATASUS SINAN,http://siab.datasus.gov.br/DATASUS/index.php?acao=41&area=0901&item=1,ftp_dbc
country,br,br,Brazil,BR,Brazil,D029,Diphtheria,白喉,Bacterial,2016-01-01,2016-01,2,0.03535353535353536,0,0.0009841642388831644,wpp_computed,,sinan_datasus,Brazil DATASUS SINAN,http://siab.datasus.gov.br/DATASUS/index.php?acao=41&area=0901&item=1,ftp_dbc,sinan_datasus,Brazil DATASUS SINAN,http://siab.datasus.gov.br/DATASUS/index.php?acao=41&area=0901&item=1,ftp_dbc
country,br,br,Brazil,BR,Brazil,D035,Leptospirosis,钩端螺旋体病,Bacterial,2016-01-01,2016-01,2086,36.87373737373737,0,1.0264833011551404,wpp_computed,,sinan_datasus,Brazil DATASUS SINAN,http://siab.datasus.gov.br/DATASUS/index.php?acao=41&area=0901&item=1,ftp_dbc,sinan_datasus,Brazil DATASUS SINAN,http://siab.datasus.gov.br/DATASUS/index.php?acao=41&area=0901&item=1,ftp_dbc
country,br,br,Brazil,BR,Brazil,D036,Schistosomiasis,血吸虫病,Parasitic,2016-01-01,2016-01,402,7.1060606060606055,0,0.19781701201551605,wpp_computed,,sinan_datasus,Brazil DATASUS SINAN,http://siab.datasus.gov.br/DATASUS/index.php?acao=41&area=0901&item=1,ftp_dbc,sinan_datasus,Brazil DATASUS SINAN,http://siab.datasus.gov.br/DATASUS/index.php?acao=41&area=0901&item=1,ftp_dbc
country,br,br,Brazil,BR,Brazil,D037,Malaria,疟疾,Parasitic,2016-01-01,2016-01,209,3.6944444444444446,0,0.10284516296329067,wpp_computed,,sinan_datasus,Brazil DATASUS SINAN,http://siab.datasus.gov.br/DATASUS/index.php?acao=41&area=0901&item=1,ftp_dbc,sinan_datasus,Brazil DATASUS SINAN,http://siab.datasus.gov.br/DATASUS/index.php?acao=41&area=0901&item=1,ftp_dbc
country,br,br,Brazil,BR,Brazil,D042,Leprosy,麻风病,Bacterial,2016-01-01,2016-01,2300,40.656565656565654,0,1.131788874715639,wpp_computed,,sinan_datasus,Brazil DATASUS SINAN,http://siab.datasus.gov.br/DATASUS/index.php?acao=41&area=0901&item=1,ftp_dbc,sinan_datasus,Brazil DATASUS SINAN,http://siab.datasus.gov.br/DATASUS/index.php?acao=41&area=0901&item=1,ftp_dbc
country,br,br,Brazil,BR,Brazil,D044,Kala-azar,黑热病,Parasitic,2016-01-01,2016-01,692,12.232323232323232,0,0.34052082665357486,wpp_computed,,sinan_datasus,Brazil DATASUS SINAN,http://siab.datasus.gov.br/DATASUS/index.php?acao=41&area=0901&item=1,ftp_dbc,sinan_datasus,Brazil DATASUS SINAN,http://siab.datasus.gov.br/DATASUS/index.php?acao=41&area=0901&item=1,ftp_dbc
country,br,br,Brazil,BR,Brazil,D051,Zika virus disease,寨卡病毒病,Viral,2016-01-01,2016-01,37260,8413.548387096775,0,18.33497977039335,wpp_computed,,sinan_datasus,Brazil DATASUS SINAN,http://siab.datasus.gov.br/DATASUS/index.php?acao=41&area=0901&item=1,ftp_dbc,sinan_datasus,Brazil DATASUS SINAN,http://siab.datasus.gov.br/DATASUS/index.php?acao=41&area=0901&item=1,ftp_dbc
country,br,br,Brazil,BR,Brazil,D052,Chikungunya,基孔肯雅热,Viral,2016-01-01,2016-01,18476,4172.0,0,9.091709238802672,wpp_computed,,sinan_datasus,Brazil DATASUS SINAN,http://siab.datasus.gov.br/DATASUS/index.php?acao=41&area=0901&item=1,ftp_dbc,sinan_datasus,Brazil DATASUS SINAN,http://siab.datasus.gov.br/DATASUS/index.php?acao=41&area=0901&item=1,ftp_dbc
country,br,br,Brazil,BR,Brazil,D054,Varicella,水痘,Viral,2016-01-01,2016-01,2428,548.258064516129,0,1.1947753860041617,wpp_computed,,sinan_datasus,Brazil DATASUS SINAN,http://siab.datasus.gov.br/DATASUS/index.php?acao=41&area=0901&item=1,ftp_dbc,sinan_datasus,Brazil DATASUS SINAN,http://siab.datasus.gov.br/DATASUS/index.php?acao=41&area=0901&item=1,ftp_dbc
country,br,br,Brazil,BR,Brazil,D082,Leishmaniasis,利什曼病,Parasitic,2016-01-01,2016-01,1478,26.126262626262626,0,0.7272973725346584,wpp_computed,,sinan_datasus,Brazil DATASUS SINAN,http://siab.datasus.gov.br/DATASUS/index.php?acao=41&area=0901&item=1,ftp_dbc,sinan_datasus,Brazil DATASUS SINAN,http://siab.datasus.gov.br/DATASUS/index.php?acao=41&area=0901&item=1,ftp_dbc
country,br,br,Brazil,BR,Brazil,D084,Chagas disease,恰加斯病,Parasitic,2016-01-01,2016-01,349,6.169191919191919,0,0.17173665968511218,wpp_computed,,sinan_datasus,Brazil DATASUS SINAN,http://siab.datasus.gov.br/DATASUS/index.php?acao=41&area=0901&item=1,ftp_dbc,sinan_datasus,Brazil DATASUS SINAN,http://siab.datasus.gov.br/DATASUS/index.php?acao=41&area=0901&item=1,ftp_dbc
country,br,br,Brazil,BR,Brazil,D102,Hantavirus infection,汉坦病毒感染,Viral,2016-01-01,2016-01,175,3.0934343434343434,0,0.08611437090227689,wpp_computed,,sinan_datasus,Brazil DATASUS SINAN,http://siab.datasus.gov.br/DATASUS/index.php?acao=41&area=0901&item=1,ftp_dbc,sinan_datasus,Brazil DATASUS SINAN,http://siab.datasus.gov.br/DATASUS/index.php?acao=41&area=0901&item=1,ftp_dbc
country,br,br,Brazil,BR,Brazil,D118,Spotted fever rickettsiosis,斑点热立克次体病,Bacterial,2016-01-01,2016-01,161,2.845959595959596,0,0.07922522123009473,wpp_computed,,sinan_datasus,Brazil DATASUS SINAN,http://siab.datasus.gov.br/DATASUS/index.php?acao=41&area=0901&item=1,ftp_dbc,sinan_datasus,Brazil DATASUS SINAN,http://siab.datasus.gov.br/DATASUS/index.php?acao=41&area=0901&item=1,ftp_dbc
country,br,br,Brazil,BR,Brazil,D120,Tetanus,破伤风,Bacterial,2016-01-01,2016-01,33,0.5833333333333333,0,0.01623870994157221,wpp_computed,,sinan_datasus,Brazil DATASUS SINAN,http://siab.datasus.gov.br/DATASUS/index.php?acao=41&area=0901&item=1,ftp_dbc,sinan_datasus,Brazil DATASUS SINAN,http://siab.datasus.gov.br/DATASUS/index.php?acao=41&area=0901&item=1,ftp_dbc
country,br,br,Brazil,BR,Brazil,D124,Typhoid fever,伤寒,Bacterial,2016-01-01,2016-01,28,0.4949494949494949,0,0.0137782993443643,wpp_computed,,sinan_datasus,Brazil DATASUS SINAN,http://siab.datasus.gov.br/DATASUS/index.php?acao=41&area=0901&item=1,ftp_dbc,sinan_datasus,Brazil DATASUS SINAN,http://siab.datasus.gov.br/DATASUS/index.php?acao=41&area=0901&item=1,ftp_dbc
country,br,br,Brazil,BR,Brazil,D144,Creutzfeldt-Jakob disease,克雅氏病,Prion,2016-01-01,2016-01,9,0.1590909090909091,0,0.00442873907497424,wpp_computed,,sinan_datasus,Brazil DATASUS SINAN,http://siab.datasus.gov.br/DATASUS/index.php?acao=41&area=0901&item=1,ftp_dbc,sinan_datasus,Brazil DATASUS SINAN,http://siab.datasus.gov.br/DATASUS/index.php?acao=41&area=0901&item=1,ftp_dbc
country,br,br,Brazil,BR,Brazil,D162,HIV infection,人类免疫缺乏病毒感染,Viral,2016-01-01,2016-01,3337,753.516129032258,0,1.6420780325765598,wpp_computed,,sinan_datasus,Brazil DATASUS SINAN,http://siab.datasus.gov.br/DATASUS/index.php?acao=41&area=0901&item=1,ftp_dbc,sinan_datasus,Brazil DATASUS SINAN,http://siab.datasus.gov.br/DATASUS/index.php?acao=41&area=0901&item=1,ftp_dbc
country,br,br,Brazil,BR,Brazil,D168,Congenital rubella syndrome,先天性风疹综合征,Viral,2016-01-01,2016-01,19,4.290322580645161,0,0.00934956026939006,wpp_computed,,sinan_datasus,Brazil DATASUS SINAN,http://siab.datasus.gov.br/DATASUS/index.php?acao=41&area=0901&item=1,ftp_dbc,sinan_datasus,Brazil DATASUS SINAN,http://siab.datasus.gov.br/DATASUS/index.php?acao=41&area=0901&item=1,ftp_dbc
country,br,br,Brazil,BR,Brazil,D178,Acute flaccid paralysis,急性无力肢体麻痹,Other,2016-01-01,2016-01,45,0.7954545454545454,0,0.022143695374871198,wpp_computed,,sinan_datasus,Brazil DATASUS SINAN,http://siab.datasus.gov.br/DATASUS/index.php?acao=41&area=0901&item=1,ftp_dbc,sinan_datasus,Brazil DATASUS SINAN,http://siab.datasus.gov.br/DATASUS/index.php?acao=41&area=0901&item=1,ftp_dbc
country,br,br,Brazil,BR,Brazil,D184,Accident caused by venomous animals,毒性动物伤害,Other,2016-01-01,2016-01,17093,302.1489898989899,0,8.411159667614964,wpp_computed,,sinan_datasus,Brazil DATASUS SINAN,http://siab.datasus.gov.br/DATASUS/index.php?acao=41&area=0901&item=1,ftp_dbc,sinan_datasus,Brazil DATASUS SINAN,http://siab.datasus.gov.br/DATASUS/index.php?acao=41&area=0901&item=1,ftp_dbc
country,br,br,Brazil,BR,Brazil,D185,Work accident with biological material,生物材料职业暴露事故,Other,2016-01-01,2016-01,4505,79.63383838383838,0,2.2168299480843277,wpp_computed,,sinan_datasus,Brazil DATASUS SINAN,http://siab.datasus.gov.br/DATASUS/index.php?acao=41&area=0901&item=1,ftp_dbc,sinan_datasus,Brazil DATASUS SINAN,http://siab.datasus.gov.br/DATASUS/index.php?acao=41&area=0901&item=1,ftp_dbc
country,br,br,Brazil,BR,Brazil,D186,Serious work accident,严重工伤,Other,2016-01-01,2016-01,6571,116.1540404040404,0,3.233471606850636,wpp_computed,,sinan_datasus,Brazil DATASUS SINAN,http://siab.datasus.gov.br/DATASUS/index.php?acao=41&area=0901&item=1,ftp_dbc,sinan_datasus,Brazil DATASUS SINAN,http://siab.datasus.gov.br/DATASUS/index.php?acao=41&area=0901&item=1,ftp_dbc
country,br,br,Brazil,BR,Brazil,D187,Rabies post-exposure prophylaxis,狂犬病暴露后处置,Other,2016-01-01,2016-01,53328,942.6666666666666,0,26.241755265580693,wpp_computed,,sinan_datasus,Brazil DATASUS SINAN,http://siab.datasus.gov.br/DATASUS/index.php?acao=41&area=0901&item=1,ftp_dbc,sinan_datasus,Brazil DATASUS SINAN,http://siab.datasus.gov.br/DATASUS/index.php?acao=41&area=0901&item=1,ftp_dbc
country,br,br,Brazil,BR,Brazil,D188,Work-related cancer,职业相关癌症,Other,2016-01-01,2016-01,31,0.547979797979798,0,0.015254545702689047,wpp_computed,,sinan_datasus,Brazil DATASUS SINAN,http://siab.datasus.gov.br/DATASUS/index.php?acao=41&area=0901&item=1,ftp_dbc,sinan_datasus,Brazil DATASUS SINAN,http://siab.datasus.gov.br/DATASUS/index.php?acao=41&area=0901&item=1,ftp_dbc
country,br,br,Brazil,BR,Brazil,D189,Work-related dermatosis,职业性皮肤病,Other,2016-01-01,2016-01,26,0.45959595959595967,0,0.012794135105481136,wpp_computed,,sinan_datasus,Brazil DATASUS SINAN,http://siab.datasus.gov.br/DATASUS/index.php?acao=41&area=0901&item=1,ftp_dbc,sinan_datasus,Brazil DATASUS SINAN,http://siab.datasus.gov.br/DATASUS/index.php?acao=41&area=0901&item=1,ftp_dbc
country,br,br,Brazil,BR,Brazil,D190,Sporotrichosis,孢子丝菌病,Fungal,2016-01-01,2016-01,128,2.262626262626263,0,0.06298651128852252,wpp_computed,,sinan_datasus,Brazil DATASUS SINAN,http://siab.datasus.gov.br/DATASUS/index.php?acao=41&area=0901&item=1,ftp_dbc,sinan_datasus,Brazil DATASUS SINAN,http://siab.datasus.gov.br/DATASUS/index.php?acao=41&area=0901&item=1,ftp_dbc
country,br,br,Brazil,BR,Brazil,D191,Exogenous poisoning,外源性中毒,Other,2016-01-01,2016-01,8766,154.95454545454547,0,4.31359185902491,wpp_computed,,sinan_datasus,Brazil DATASUS SINAN,http://siab.datasus.gov.br/DATASUS/index.php?acao=41&area=0901&item=1,ftp_dbc,sinan_datasus,Brazil DATASUS SINAN,http://siab.datasus.gov.br/DATASUS/index.php?acao=41&area=0901&item=1,ftp_dbc
country,br,br,Brazil,BR,Brazil,D193,Work-related mental disorder,职业相关精神障碍,Other,2016-01-01,2016-01,77,1.3611111111111112,0,0.03789032319700183,wpp_computed,,sinan_datasus,Brazil DATASUS SINAN,http://siab.datasus.gov.br/DATASUS/index.php?acao=41&area=0901&item=1,ftp_dbc,sinan_datasus,Brazil DATASUS SINAN,http://siab.datasus.gov.br/DATASUS/index.php?acao=41&area=0901&item=1,ftp_dbc
country,br,br,Brazil,BR,Brazil,D194,Noise-induced hearing loss,噪声性听力损失,Other,2016-01-01,2016-01,95,1.6792929292929293,0,0.04674780134695031,wpp_computed,,sinan_datasus,Brazil DATASUS SINAN,http://siab.datasus.gov.br/DATASUS/index.php?acao=41&area=0901&item=1,ftp_dbc,sinan_datasus,Brazil DATASUS SINAN,http://siab.datasus.gov.br/DATASUS/index.php?acao=41&area=0901&item=1,ftp_dbc
country,br,br,Brazil,BR,Brazil,D195,Pneumoconiosis,尘肺病,Other,2016-01-01,2016-01,29,0.5126262626262627,0,0.014270381463805881,wpp_computed,,sinan_datasus,Brazil DATASUS SINAN,http://siab.datasus.gov.br/DATASUS/index.php?acao=41&area=0901&item=1,ftp_dbc,sinan_datasus,Brazil DATASUS SINAN,http://siab.datasus.gov.br/DATASUS/index.php?acao=41&area=0901&item=1,ftp_dbc
country,br,br,Brazil,BR,Brazil,D199,Rotavirus infection,轮状病毒感染,Viral,2016-01-01,2016-01,94,1.6616161616161615,0,0.04625571922750873,wpp_computed,,sinan_datasus,Brazil DATASUS SINAN,http://siab.datasus.gov.br/DATASUS/index.php?acao=41&area=0901&item=1,ftp_dbc,sinan_datasus,Brazil DATASUS SINAN,http://siab.datasus.gov.br/DATASUS/index.php?acao=41&area=0901&item=1,ftp_dbc
country,br,br,Brazil,BR,Brazil,D200,Trachoma,沙眼,Bacterial,2016-01-01,2016-01,137,30.93548387096774,0,0.06741525036349676,wpp_computed,,sinan_datasus,Brazil DATASUS SINAN,http://siab.datasus.gov.br/DATASUS/index.php?acao=41&area=0901&item=1,ftp_dbc,sinan_datasus,Brazil DATASUS SINAN,http://siab.datasus.gov.br/DATASUS/index.php?acao=41&area=0901&item=1,ftp_dbc
country,br,br,Brazil,BR,Brazil,D201,Exanthematous diseases,出疹性疾病,Viral,2016-01-01,2016-01,258,58.25806451612903,0,0.12695718681592819,wpp_computed,,sinan_datasus,Brazil DATASUS SINAN,http://siab.datasus.gov.br/DATASUS/index.php?acao=41&area=0901&item=1,ftp_dbc,sinan_datasus,Brazil DATASUS SINAN,http://siab.datasus.gov.br/DATASUS/index.php?acao=41&area=0901&item=1,ftp_dbc
country,br,br,Brazil,BR,Brazil,D230,Child exposed to HIV,儿童HIV暴露,Other,2016-01-01,2016-01,484,109.29032258064517,0,0.23816774580972577,wpp_computed,,sinan_datasus,Brazil DATASUS SINAN,http://siab.datasus.gov.br/DATASUS/index.php?acao=41&area=0901&item=1,ftp_dbc,sinan_datasus,Brazil DATASUS SINAN,http://siab.datasus.gov.br/DATASUS/index.php?acao=41&area=0901&item=1,ftp_dbc
country,br,br,Brazil,BR,Brazil,D231,HIV infection in pregnancy surveillance event,孕产期HIV感染监测事件,Viral,2016-01-01,2016-01,620,140.0,0,0.30509091405378097,wpp_computed,,sinan_datasus,Brazil DATASUS SINAN,http://siab.datasus.gov.br/DATASUS/index.php?acao=41&area=0901&item=1,ftp_dbc,sinan_datasus,Brazil DATASUS SINAN,http://siab.datasus.gov.br/DATASUS/index.php?acao=41&area=0901&item=1,ftp_dbc
country,br,br,Brazil,BR,Brazil,D235,Meningitis (all reported etiologies),脑膜炎（全部报告病因）,Other,2016-01-01,2016-01,1771,31.305555555555557,0,0.871477433531042,wpp_computed,,sinan_datasus,Brazil DATASUS SINAN,http://siab.datasus.gov.br/DATASUS/index.php?acao=41&area=0901&item=1,ftp_dbc,sinan_datasus,Brazil DATASUS SINAN,http://siab.datasus.gov.br/DATASUS/index.php?acao=41&area=0901&item=1,ftp_dbc
country,br,br,Brazil,BR,Brazil,D002,Cholera,霍乱,Bacterial,2016-02-01,2016-02,1,0.00402993667242372,0,0.0004920821194415822,wpp_computed,,sinan_datasus,Brazil DATASUS SINAN,http://siab.datasus.gov.br/DATASUS/index.php?acao=41&area=0901&item=1,ftp_dbc,sinan_datasus,Brazil DATASUS SINAN,http://siab.datasus.gov.br/DATASUS/index.php?acao=41&area=0901&item=1,ftp_dbc
country,br,br,Brazil,BR,Brazil,D005,AIDS,艾滋病,Viral,2016-02-01,2016-02,3000,677.4193548387098,0,1.4762463583247465,wpp_computed,,sinan_datasus,Brazil DATASUS SINAN,http://siab.datasus.gov.br/DATASUS/index.php?acao=41&area=0901&item=1,ftp_dbc,sinan_datasus,Brazil DATASUS SINAN,http://siab.datasus.gov.br/DATASUS/index.php?acao=41&area=0901&item=1,ftp_dbc
country,br,br,Brazil,BR,Brazil,D019,Rabies,狂犬病,Viral,2016-02-01,2016-02,7,1.5806451612903225,0,0.003444574836091075,wpp_computed,,sinan_datasus,Brazil DATASUS SINAN,http://siab.datasus.gov.br/DATASUS/index.php?acao=41&area=0901&item=1,ftp_dbc,sinan_datasus,Brazil DATASUS SINAN,http://siab.datasus.gov.br/DATASUS/index.php?acao=41&area=0901&item=1,ftp_dbc
country,br,br,Brazil,BR,Brazil,D021,Dengue,登革热,Viral,2016-02-01,2016-02,537245,121313.3870967742,0,264.3686582593928,wpp_computed,,sinan_datasus,Brazil DATASUS SINAN,http://siab.datasus.gov.br/DATASUS/index.php?acao=41&area=0901&item=1,ftp_dbc,sinan_datasus,Brazil DATASUS SINAN,http://siab.datasus.gov.br/DATASUS/index.php?acao=41&area=0901&item=1,ftp_dbc
country,br,br,Brazil,BR,Brazil,D025,Tuberculosis,肺结核,Bacterial,2016-02-01,2016-02,6176,1394.5806451612902,0,3.0390991696712115,wpp_computed,,sinan_datasus,Brazil DATASUS SINAN,http://siab.datasus.gov.br/DATASUS/index.php?acao=41&area=0901&item=1,ftp_dbc,sinan_datasus,Brazil DATASUS SINAN,http://siab.datasus.gov.br/DATASUS/index.php?acao=41&area=0901&item=1,ftp_dbc
country,br,br,Brazil,BR,Brazil,D028,Pertussis,百日咳,Bacterial,2016-02-01,2016-02,367,82.87096774193547,0,0.18059413783506065,wpp_computed,,sinan_datasus,Brazil DATASUS SINAN,http://siab.datasus.gov.br/DATASUS/index.php?acao=41&area=0901&item=1,ftp_dbc,sinan_datasus,Brazil DATASUS SINAN,http://siab.datasus.gov.br/DATASUS/index.php?acao=41&area=0901&item=1,ftp_dbc
country,br,br,Brazil,BR,Brazil,D029,Diphtheria,白喉,Bacterial,2016-02-01,2016-02,2,0.45161290322580644,0,0.0009841642388831644,wpp_computed,,sinan_datasus,Brazil DATASUS SINAN,http://siab.datasus.gov.br/DATASUS/index.php?acao=41&area=0901&item=1,ftp_dbc,sinan_datasus,Brazil DATASUS SINAN,http://siab.datasus.gov.br/DATASUS/index.php?acao=41&area=0901&item=1,ftp_dbc
country,br,br,Brazil,BR,Brazil,D030,Neonatal Tetanus,新生儿破伤风,Bacterial,2016-02-01,2016-02,1,0.010432190760059613,0,0.0004920821194415822,wpp_computed,,sinan_datasus,Brazil DATASUS SINAN,http://siab.datasus.gov.br/DATASUS/index.php?acao=41&area=0901&item=1,ftp_dbc,sinan_datasus,Brazil DATASUS SINAN,http://siab.datasus.gov.br/DATASUS/index.php?acao=41&area=0901&item=1,ftp_dbc
country,br,br,Brazil,BR,Brazil,D035,Leptospirosis,钩端螺旋体病,Bacterial,2016-02-01,2016-02,2346,529.741935483871,0,1.1544246522099517,wpp_computed,,sinan_datasus,Brazil DATASUS SINAN,http://siab.datasus.gov.br/DATASUS/index.php?acao=41&area=0901&item=1,ftp_dbc,sinan_datasus,Brazil DATASUS SINAN,http://siab.datasus.gov.br/DATASUS/index.php?acao=41&area=0901&item=1,ftp_dbc
country,br,br,Brazil,BR,Brazil,D036,Schistosomiasis,血吸虫病,Parasitic,2016-02-01,2016-02,392,88.51612903225806,0,0.1928961908211002,wpp_computed,,sinan_datasus,Brazil DATASUS SINAN,http://siab.datasus.gov.br/DATASUS/index.php?acao=41&area=0901&item=1,ftp_dbc,sinan_datasus,Brazil DATASUS SINAN,http://siab.datasus.gov.br/DATASUS/index.php?acao=41&area=0901&item=1,ftp_dbc
country,br,br,Brazil,BR,Brazil,D037,Malaria,疟疾,Parasitic,2016-02-01,2016-02,161,36.354838709677416,0,0.07922522123009473,wpp_computed,,sinan_datasus,Brazil DATASUS SINAN,http://siab.datasus.gov.br/DATASUS/index.php?acao=41&area=0901&item=1,ftp_dbc,sinan_datasus,Brazil DATASUS SINAN,http://siab.datasus.gov.br/DATASUS/index.php?acao=41&area=0901&item=1,ftp_dbc
country,br,br,Brazil,BR,Brazil,D042,Leprosy,麻风病,Bacterial,2016-02-01,2016-02,2525,570.1612903225806,0,1.242507351589995,wpp_computed,,sinan_datasus,Brazil DATASUS SINAN,http://siab.datasus.gov.br/DATASUS/index.php?acao=41&area=0901&item=1,ftp_dbc,sinan_datasus,Brazil DATASUS SINAN,http://siab.datasus.gov.br/DATASUS/index.php?acao=41&area=0901&item=1,ftp_dbc
country,br,br,Brazil,BR,Brazil,D044,Kala-azar,黑热病,Parasitic,2016-02-01,2016-02,720,162.58064516129033,0,0.35429912599793917,wpp_computed,,sinan_datasus,Brazil DATASUS SINAN,http://siab.datasus.gov.br/DATASUS/index.php?acao=41&area=0901&item=1,ftp_dbc,sinan_datasus,Brazil DATASUS SINAN,http://siab.datasus.gov.br/DATASUS/index.php?acao=41&area=0901&item=1,ftp_dbc
country,br,br,Brazil,BR,Brazil,D051,Zika virus disease,寨卡病毒病,Viral,2016-02-01,2016-02,71565,16159.838709677419,0,35.21585687783683,wpp_computed,,sinan_datasus,Brazil DATASUS SINAN,http://siab.datasus.gov.br/DATASUS/index.php?acao=41&area=0901&item=1,ftp_dbc,sinan_datasus,Brazil DATASUS SINAN,http://siab.datasus.gov.br/DATASUS/index.php?acao=41&area=0901&item=1,ftp_dbc
country,br,br,Brazil,BR,Brazil,D052,Chikungunya,基孔肯雅热,Viral,2016-02-01,2016-02,45222,10211.41935483871,0,22.25293760538723,wpp_computed,,sinan_datasus,Brazil DATASUS SINAN,http://siab.datasus.gov.br/DATASUS/index.php?acao=41&area=0901&item=1,ftp_dbc,sinan_datasus,Brazil DATASUS SINAN,http://siab.datasus.gov.br/DATASUS/index.php?acao=41&area=0901&item=1,ftp_dbc
country,br,br,Brazil,BR,Brazil,D054,Varicella,水痘,Viral,2016-02-01,2016-02,1368,308.90322580645164,0,0.6731683393960844,wpp_computed,,sinan_datasus,Brazil DATASUS SINAN,http://siab.datasus.gov.br/DATASUS/index.php?acao=41&area=0901&item=1,ftp_dbc,sinan_datasus,Brazil DATASUS SINAN,http://siab.datasus.gov.br/DATASUS/index.php?acao=41&area=0901&item=1,ftp_dbc
country,br,br,Brazil,BR,Brazil,D082,Leishmaniasis,利什曼病,Parasitic,2016-02-01,2016-02,1230,277.741935483871,0,0.6052610069131461,wpp_computed,,sinan_datasus,Brazil DATASUS SINAN,http://siab.datasus.gov.br/DATASUS/index.php?acao=41&area=0901&item=1,ftp_dbc,sinan_datasus,Brazil DATASUS SINAN,http://siab.datasus.gov.br/DATASUS/index.php?acao=41&area=0901&item=1,ftp_dbc
country,br,br,Brazil,BR,Brazil,D084,Chagas disease,恰加斯病,Parasitic,2016-02-01,2016-02,486,109.74193548387098,0,0.23915191004860895,wpp_computed,,sinan_datasus,Brazil DATASUS SINAN,http://siab.datasus.gov.br/DATASUS/index.php?acao=41&area=0901&item=1,ftp_dbc,sinan_datasus,Brazil DATASUS SINAN,http://siab.datasus.gov.br/DATASUS/index.php?acao=41&area=0901&item=1,ftp_dbc
country,br,br,Brazil,BR,Brazil,D102,Hantavirus infection,汉坦病毒感染,Viral,2016-02-01,2016-02,174,39.29032258064517,0,0.0856222887828353,wpp_computed,,sinan_datasus,Brazil DATASUS SINAN,http://siab.datasus.gov.br/DATASUS/index.php?acao=41&area=0901&item=1,ftp_dbc,sinan_datasus,Brazil DATASUS SINAN,http://siab.datasus.gov.br/DATASUS/index.php?acao=41&area=0901&item=1,ftp_dbc
country,br,br,Brazil,BR,Brazil,D118,Spotted fever rickettsiosis,斑点热立克次体病,Bacterial,2016-02-01,2016-02,169,38.16129032258064,0,0.08316187818562738,wpp_computed,,sinan_datasus,Brazil DATASUS SINAN,http://siab.datasus.gov.br/DATASUS/index.php?acao=41&area=0901&item=1,ftp_dbc,sinan_datasus,Brazil DATASUS SINAN,http://siab.datasus.gov.br/DATASUS/index.php?acao=41&area=0901&item=1,ftp_dbc
country,br,br,Brazil,BR,Brazil,D120,Tetanus,破伤风,Bacterial,2016-02-01,2016-02,28,6.32258064516129,0,0.0137782993443643,wpp_computed,,sinan_datasus,Brazil DATASUS SINAN,http://siab.datasus.gov.br/DATASUS/index.php?acao=41&area=0901&item=1,ftp_dbc,sinan_datasus,Brazil DATASUS SINAN,http://siab.datasus.gov.br/DATASUS/index.php?acao=41&area=0901&item=1,ftp_dbc
country,br,br,Brazil,BR,Brazil,D124,Typhoid fever,伤寒,Bacterial,2016-02-01,2016-02,39,8.806451612903226,0,0.019191202658221704,wpp_computed,,sinan_datasus,Brazil DATASUS SINAN,http://siab.datasus.gov.br/DATASUS/index.php?acao=41&area=0901&item=1,ftp_dbc,sinan_datasus,Brazil DATASUS SINAN,http://siab.datasus.gov.br/DATASUS/index.php?acao=41&area=0901&item=1,ftp_dbc
country,br,br,Brazil,BR,Brazil,D144,Creutzfeldt-Jakob disease,克雅氏病,Prion,2016-02-01,2016-02,3,0.6774193548387096,0,0.0014762463583247465,wpp_computed,,sinan_datasus,Brazil DATASUS SINAN,http://siab.datasus.gov.br/DATASUS/index.php?acao=41&area=0901&item=1,ftp_dbc,sinan_datasus,Brazil DATASUS SINAN,http://siab.datasus.gov.br/DATASUS/index.php?acao=41&area=0901&item=1,ftp_dbc
country,br,br,Brazil,BR,Brazil,D162,HIV infection,人类免疫缺乏病毒感染,Viral,2016-02-01,2016-02,3257,735.4516129032259,0,1.602711463021233,wpp_computed,,sinan_datasus,Brazil DATASUS SINAN,http://siab.datasus.gov.br/DATASUS/index.php?acao=41&area=0901&item=1,ftp_dbc,sinan_datasus,Brazil DATASUS SINAN,http://siab.datasus.gov.br/DATASUS/index.php?acao=41&area=0901&item=1,ftp_dbc
country,br,br,Brazil,BR,Brazil,D168,Congenital rubella syndrome,先天性风疹综合征,Viral,2016-02-01,2016-02,6,1.3548387096774193,0,0.002952492716649493,wpp_computed,,sinan_datasus,Brazil DATASUS SINAN,http://siab.datasus.gov.br/DATASUS/index.php?acao=41&area=0901&item=1,ftp_dbc,sinan_datasus,Brazil DATASUS SINAN,http://siab.datasus.gov.br/DATASUS/index.php?acao=41&area=0901&item=1,ftp_dbc
country,br,br,Brazil,BR,Brazil,D178,Acute flaccid paralysis,急性无力肢体麻痹,Other,2016-02-01,2016-02,58,13.096774193548386,0,0.028540762927611762,wpp_computed,,sinan_datasus,Brazil DATASUS SINAN,http://siab.datasus.gov.br/DATASUS/index.php?acao=41&area=0901&item=1,ftp_dbc,sinan_datasus,Brazil DATASUS SINAN,http://siab.datasus.gov.br/DATASUS/index.php?acao=41&area=0901&item=1,ftp_dbc
country,br,br,Brazil,BR,Brazil,D184,Accident caused by venomous animals,毒性动物伤害,Other,2016-02-01,2016-02,17180,3879.354838709678,0,8.453970812006382,wpp_computed,,sinan_datasus,Brazil DATASUS SINAN,http://siab.datasus.gov.br/DATASUS/index.php?acao=41&area=0901&item=1,ftp_dbc,sinan_datasus,Brazil DATASUS SINAN,http://siab.datasus.gov.br/DATASUS/index.php?acao=41&area=0901&item=1,ftp_dbc
country,br,br,Brazil,BR,Brazil,D185,Work accident with biological material,生物材料职业暴露事故,Other,2016-02-01,2016-02,4227,954.4838709677418,0,2.0800311188795675,wpp_computed,,sinan_datasus,Brazil DATASUS SINAN,http://siab.datasus.gov.br/DATASUS/index.php?acao=41&area=0901&item=1,ftp_dbc,sinan_datasus,Brazil DATASUS SINAN,http://siab.datasus.gov.br/DATASUS/index.php?acao=41&area=0901&item=1,ftp_dbc
country,br,br,Brazil,BR,Brazil,D186,Serious work accident,严重工伤,Other,2016-02-01,2016-02,7196,1624.9032258064517,0,3.541022931501625,wpp_computed,,sinan_datasus,Brazil DATASUS SINAN,http://siab.datasus.gov.br/DATASUS/index.php?acao=41&area=0901&item=1,ftp_dbc,sinan_datasus,Brazil DATASUS SINAN,http://siab.datasus.gov.br/DATASUS/index.php?acao=41&area=0901&item=1,ftp_dbc
country,br,br,Brazil,BR,Brazil,D187,Rabies post-exposure prophylaxis,狂犬病暴露后处置,Other,2016-02-01,2016-02,49932,11274.967741935485,0,24.570644387957078,wpp_computed,,sinan_datasus,Brazil DATASUS SINAN,http://siab.datasus.gov.br/DATASUS/index.php?acao=41&area=0901&item=1,ftp_dbc,sinan_datasus,Brazil DATASUS SINAN,http://siab.datasus.gov.br/DATASUS/index.php?acao=41&area=0901&item=1,ftp_dbc
country,br,br,Brazil,BR,Brazil,D188,Work-related cancer,职业相关癌症,Other,2016-02-01,2016-02,16,3.6129032258064515,0,0.007873313911065315,wpp_computed,,sinan_datasus,Brazil DATASUS SINAN,http://siab.datasus.gov.br/DATASUS/index.php?acao=41&area=0901&item=1,ftp_dbc,sinan_datasus,Brazil DATASUS SINAN,http://siab.datasus.gov.br/DATASUS/index.php?acao=41&area=0901&item=1,ftp_dbc
country,br,br,Brazil,BR,Brazil,D189,Work-related dermatosis,职业性皮肤病,Other,2016-02-01,2016-02,30,6.774193548387097,0,0.014762463583247464,wpp_computed,,sinan_datasus,Brazil DATASUS SINAN,http://siab.datasus.gov.br/DATASUS/index.php?acao=41&area=0901&item=1,ftp_dbc,sinan_datasus,Brazil DATASUS SINAN,http://siab.datasus.gov.br/DATASUS/index.php?acao=41&area=0901&item=1,ftp_dbc
country,br,br,Brazil,BR,Brazil,D190,Sporotrichosis,孢子丝菌病,Fungal,2016-02-01,2016-02,71,16.03225806451613,0,0.03493783048035233,wpp_computed,,sinan_datasus,Brazil DATASUS SINAN,http://siab.datasus.gov.br/DATASUS/index.php?acao=41&area=0901&item=1,ftp_dbc,sinan_datasus,Brazil DATASUS SINAN,http://siab.datasus.gov.br/DATASUS/index.php?acao=41&area=0901&item=1,ftp_dbc
country,br,br,Brazil,BR,Brazil,D191,Exogenous poisoning,外源性中毒,Other,2016-02-01,2016-02,8366,1889.0967741935483,0,4.116759011248276,wpp_computed,,sinan_datasus,Brazil DATASUS SINAN,http://siab.datasus.gov.br/DATASUS/index.php?acao=41&area=0901&item=1,ftp_dbc,sinan_datasus,Brazil DATASUS SINAN,http://siab.datasus.gov.br/DATASUS/index.php?acao=41&area=0901&item=1,ftp_dbc
country,br,br,Brazil,BR,Brazil,D193,Work-related mental disorder,职业相关精神障碍,Other,2016-02-01,2016-02,112,25.29032258064516,0,0.0551131973774572,wpp_computed,,sinan_datasus,Brazil DATASUS SINAN,http://siab.datasus.gov.br/DATASUS/index.php?acao=41&area=0901&item=1,ftp_dbc,sinan_datasus,Brazil DATASUS SINAN,http://siab.datasus.gov.br/DATASUS/index.php?acao=41&area=0901&item=1,ftp_dbc
country,br,br,Brazil,BR,Brazil,D194,Noise-induced hearing loss,噪声性听力损失,Other,2016-02-01,2016-02,146,32.96774193548387,0,0.07184398943847099,wpp_computed,,sinan_datasus,Brazil DATASUS SINAN,http://siab.datasus.gov.br/DATASUS/index.php?acao=41&area=0901&item=1,ftp_dbc,sinan_datasus,Brazil DATASUS SINAN,http://siab.datasus.gov.br/DATASUS/index.php?acao=41&area=0901&item=1,ftp_dbc
country,br,br,Brazil,BR,Brazil,D195,Pneumoconiosis,尘肺病,Other,2016-02-01,2016-02,17,3.8387096774193545,0,0.008365396030506896,wpp_computed,,sinan_datasus,Brazil DATASUS SINAN,http://siab.datasus.gov.br/DATASUS/index.php?acao=41&area=0901&item=1,ftp_dbc,sinan_datasus,Brazil DATASUS SINAN,http://siab.datasus.gov.br/DATASUS/index.php?acao=41&area=0901&item=1,ftp_dbc
country,br,br,Brazil,BR,Brazil,D199,Rotavirus infection,轮状病毒感染,Viral,2016-02-01,2016-02,126,28.451612903225808,0,0.06200234704963935,wpp_computed,,sinan_datasus,Brazil DATASUS SINAN,http://siab.datasus.gov.br/DATASUS/index.php?acao=41&area=0901&item=1,ftp_dbc,sinan_datasus,Brazil DATASUS SINAN,http://siab.datasus.gov.br/DATASUS/index.php?acao=41&area=0901&item=1,ftp_dbc
country,br,br,Brazil,BR,Brazil,D200,Trachoma,沙眼,Bacterial,2016-02-01,2016-02,138,31.16129032258064,0,0.06790733248293834,wpp_computed,,sinan_datasus,Brazil DATASUS SINAN,http://siab.datasus.gov.br/DATASUS/index.php?acao=41&area=0901&item=1,ftp_dbc,sinan_datasus,Brazil DATASUS SINAN,http://siab.datasus.gov.br/DATASUS/index.php?acao=41&area=0901&item=1,ftp_dbc
country,br,br,Brazil,BR,Brazil,D201,Exanthematous diseases,出疹性疾病,Viral,2016-02-01,2016-02,321,72.48387096774194,0,0.15795836034074787,wpp_computed,,sinan_datasus,Brazil DATASUS SINAN,http://siab.datasus.gov.br/DATASUS/index.php?acao=41&area=0901&item=1,ftp_dbc,sinan_datasus,Brazil DATASUS SINAN,http://siab.datasus.gov.br/DATASUS/index.php?acao=41&area=0901&item=1,ftp_dbc
country,br,br,Brazil,BR,Brazil,D230,Child exposed to HIV,儿童HIV暴露,Other,2016-02-01,2016-02,535,120.80645161290323,0,0.26326393390124647,wpp_computed,,sinan_datasus,Brazil DATASUS SINAN,http://siab.datasus.gov.br/DATASUS/index.php?acao=41&area=0901&item=1,ftp_dbc,sinan_datasus,Brazil DATASUS SINAN,http://siab.datasus.gov.br/DATASUS/index.php?acao=41&area=0901&item=1,ftp_dbc
country,br,br,Brazil,BR,Brazil,D231,HIV infection in pregnancy surveillance event,孕产期HIV感染监测事件,Viral,2016-02-01,2016-02,589,133.0,0,0.2898363683510919,wpp_computed,,sinan_datasus,Brazil DATASUS SINAN,http://siab.datasus.gov.br/DATASUS/index.php?acao=41&area=0901&item=1,ftp_dbc,sinan_datasus,Brazil DATASUS SINAN,http://siab.datasus.gov.br/DATASUS/index.php?acao=41&area=0901&item=1,ftp_dbc
country,br,br,Brazil,BR,Brazil,D235,Meningitis (all reported etiologies),脑膜炎（全部报告病因）,Other,2016-02-01,2016-02,1586,358.1290322580645,0,0.7804422414343493,wpp_computed,,sinan_datasus,Brazil DATASUS SINAN,http://siab.datasus.gov.br/DATASUS/index.php?acao=41&area=0901&item=1,ftp_dbc,sinan_datasus,Brazil DATASUS SINAN,http://siab.datasus.gov.br/DATASUS/index.php?acao=41&area=0901&item=1,ftp_dbc
country,br,br,Brazil,BR,Brazil,D005,AIDS,艾滋病,Viral,2016-03-01,2016-03,3647,880.3103448275863,0,1.7946234896034503,wpp_computed,,sinan_datasus,Brazil DATASUS SINAN,http://siab.datasus.gov.br/DATASUS/index.php?acao=41&area=0901&item=1,ftp_dbc,sinan_datasus,Brazil DATASUS SINAN,http://siab.datasus.gov.br/DATASUS/index.php?acao=41&area=0901&item=1,ftp_dbc
country,br,br,Brazil,BR,Brazil,D019,Rabies,狂犬病,Viral,2016-03-01,2016-03,3,0.7241379310344828,0,0.0014762463583247465,wpp_computed,,sinan_datasus,Brazil DATASUS SINAN,http://siab.datasus.gov.br/DATASUS/index.php?acao=41&area=0901&item=1,ftp_dbc,sinan_datasus,Brazil DATASUS SINAN,http://siab.datasus.gov.br/DATASUS/index.php?acao=41&area=0901&item=1,ftp_dbc
country,br,br,Brazil,BR,Brazil,D021,Dengue,登革热,Viral,2016-03-01,2016-03,606905,146494.3103448276,0,298.6470986996934,wpp_computed,,sinan_datasus,Brazil DATASUS SINAN,http://siab.datasus.gov.br/DATASUS/index.php?acao=41&area=0901&item=1,ftp_dbc,sinan_datasus,Brazil DATASUS SINAN,http://siab.datasus.gov.br/DATASUS/index.php?acao=41&area=0901&item=1,ftp_dbc
country,br,br,Brazil,BR,Brazil,D025,Tuberculosis,肺结核,Bacterial,2016-03-01,2016-03,7583,1830.3793103448274,0,3.731458711725517,wpp_computed,,sinan_datasus,Brazil DATASUS SINAN,http://siab.datasus.gov.br/DATASUS/index.php?acao=41&area=0901&item=1,ftp_dbc,sinan_datasus,Brazil DATASUS SINAN,http://siab.datasus.gov.br/DATASUS/index.php?acao=41&area=0901&item=1,ftp_dbc
country,br,br,Brazil,BR,Brazil,D028,Pertussis,百日咳,Bacterial,2016-03-01,2016-03,538,129.86206896551724,0,0.2647401802595712,wpp_computed,,sinan_datasus,Brazil DATASUS SINAN,http://siab.datasus.gov.br/DATASUS/index.php?acao=41&area=0901&item=1,ftp_dbc,sinan_datasus,Brazil DATASUS SINAN,http://siab.datasus.gov.br/DATASUS/index.php?acao=41&area=0901&item=1,ftp_dbc
country,br,br,Brazil,BR,Brazil,D029,Diphtheria,白喉,Bacterial,2016-03-01,2016-03,11,2.655172413793103,0,0.005412903313857404,wpp_computed,,sinan_datasus,Brazil DATASUS SINAN,http://siab.datasus.gov.br/DATASUS/index.php?acao=41&area=0901&item=1,ftp_dbc,sinan_datasus,Brazil DATASUS SINAN,http://siab.datasus.gov.br/DATASUS/index.php?acao=41&area=0901&item=1,ftp_dbc
country,br,br,Brazil,BR,Brazil,D035,Leptospirosis,钩端螺旋体病,Bacterial,2016-03-01,2016-03,2390,576.8965517241379,0,1.1760762654653814,wpp_computed,,sinan_datasus,Brazil DATASUS SINAN,http://siab.datasus.gov.br/DATASUS/index.php?acao=41&area=0901&item=1,ftp_dbc,sinan_datasus,Brazil DATASUS SINAN,http://siab.datasus.gov.br/DATASUS/index.php?acao=41&area=0901&item=1,ftp_dbc
country,br,br,Brazil,BR,Brazil,D036,Schistosomiasis,血吸虫病,Parasitic,2016-03-01,2016-03,458,110.55172413793103,0,0.22537361070424464,wpp_computed,,sinan_datasus,Brazil DATASUS SINAN,http://siab.datasus.gov.br/DATASUS/index.php?acao=41&area=0901&item=1,ftp_dbc,sinan_datasus,Brazil DATASUS SINAN,http://siab.datasus.gov.br/DATASUS/index.php?acao=41&area=0901&item=1,ftp_dbc
country,br,br,Brazil,BR,Brazil,D037,Malaria,疟疾,Parasitic,2016-03-01,2016-03,152,36.689655172413794,0,0.07479648215512048,wpp_computed,,sinan_datasus,Brazil DATASUS SINAN,http://siab.datasus.gov.br/DATASUS/index.php?acao=41&area=0901&item=1,ftp_dbc,sinan_datasus,Brazil DATASUS SINAN,http://siab.datasus.gov.br/DATASUS/index.php?acao=41&area=0901&item=1,ftp_dbc
country,br,br,Brazil,BR,Brazil,D042,Leprosy,麻风病,Bacterial,2016-03-01,2016-03,2972,717.3793103448276,0,1.4624680589803822,wpp_computed,,sinan_datasus,Brazil DATASUS SINAN,http://siab.datasus.gov.br/DATASUS/index.php?acao=41&area=0901&item=1,ftp_dbc,sinan_datasus,Brazil DATASUS SINAN,http://siab.datasus.gov.br/DATASUS/index.php?acao=41&area=0901&item=1,ftp_dbc
country,br,br,Brazil,BR,Brazil,D044,Kala-azar,黑热病,Parasitic,2016-03-01,2016-03,774,186.82758620689657,0,0.3808715604477846,wpp_computed,,sinan_datasus,Brazil DATASUS SINAN,http://siab.datasus.gov.br/DATASUS/index.php?acao=41&area=0901&item=1,ftp_dbc,sinan_datasus,Brazil DATASUS SINAN,http://siab.datasus.gov.br/DATASUS/index.php?acao=41&area=0901&item=1,ftp_dbc
country,br,br,Brazil,BR,Brazil,D051,Zika virus disease,寨卡病毒病,Viral,2016-03-01,2016-03,77624,18736.8275862069,0,38.19738243953338,wpp_computed,,sinan_datasus,Brazil DATASUS SINAN,http://siab.datasus.gov.br/DATASUS/index.php?acao=41&area=0901&item=1,ftp_dbc,sinan_datasus,Brazil DATASUS SINAN,http://siab.datasus.gov.br/DATASUS/index.php?acao=41&area=0901&item=1,ftp_dbc
country,br,br,Brazil,BR,Brazil,D052,Chikungunya,基孔肯雅热,Viral,2016-03-01,2016-03,58840,14202.758620689656,0,28.954111907942696,wpp_computed,,sinan_datasus,Brazil DATASUS SINAN,http://siab.datasus.gov.br/DATASUS/index.php?acao=41&area=0901&item=1,ftp_dbc,sinan_datasus,Brazil DATASUS SINAN,http://siab.datasus.gov.br/DATASUS/index.php?acao=41&area=0901&item=1,ftp_dbc
country,br,br,Brazil,BR,Brazil,D054,Varicella,水痘,Viral,2016-03-01,2016-03,1701,410.58620689655174,0,0.8370316851701313,wpp_computed,,sinan_datasus,Brazil DATASUS SINAN,http://siab.datasus.gov.br/DATASUS/index.php?acao=41&area=0901&item=1,ftp_dbc,sinan_datasus,Brazil DATASUS SINAN,http://siab.datasus.gov.br/DATASUS/index.php?acao=41&area=0901&item=1,ftp_dbc
country,br,br,Brazil,BR,Brazil,D082,Leishmaniasis,利什曼病,Parasitic,2016-03-01,2016-03,1122,270.82758620689657,0,0.5521161380134552,wpp_computed,,sinan_datasus,Brazil DATASUS SINAN,http://siab.datasus.gov.br/DATASUS/index.php?acao=41&area=0901&item=1,ftp_dbc,sinan_datasus,Brazil DATASUS SINAN,http://siab.datasus.gov.br/DATASUS/index.php?acao=41&area=0901&item=1,ftp_dbc
country,br,br,Brazil,BR,Brazil,D084,Chagas disease,恰加斯病,Parasitic,2016-03-01,2016-03,361,87.13793103448276,0,0.17764164511841116,wpp_computed,,sinan_datasus,Brazil DATASUS SINAN,http://siab.datasus.gov.br/DATASUS/index.php?acao=41&area=0901&item=1,ftp_dbc,sinan_datasus,Brazil DATASUS SINAN,http://siab.datasus.gov.br/DATASUS/index.php?acao=41&area=0901&item=1,ftp_dbc
country,br,br,Brazil,BR,Brazil,D102,Hantavirus infection,汉坦病毒感染,Viral,2016-03-01,2016-03,236,56.9655172413793,0,0.1161313801882134,wpp_computed,,sinan_datasus,Brazil DATASUS SINAN,http://siab.datasus.gov.br/DATASUS/index.php?acao=41&area=0901&item=1,ftp_dbc,sinan_datasus,Brazil DATASUS SINAN,http://siab.datasus.gov.br/DATASUS/index.php?acao=41&area=0901&item=1,ftp_dbc
country,br,br,Brazil,BR,Brazil,D118,Spotted fever rickettsiosis,斑点热立克次体病,Bacterial,2016-03-01,2016-03,167,40.310344827586206,0,0.08217771394674422,wpp_computed,,sinan_datasus,Brazil DATASUS SINAN,http://siab.datasus.gov.br/DATASUS/index.php?acao=41&area=0901&item=1,ftp_dbc,sinan_datasus,Brazil DATASUS SINAN,http://siab.datasus.gov.br/DATASUS/index.php?acao=41&area=0901&item=1,ftp_dbc
country,br,br,Brazil,BR,Brazil,D120,Tetanus,破伤风,Bacterial,2016-03-01,2016-03,37,8.931034482758621,0,0.01820703841933854,wpp_computed,,sinan_datasus,Brazil DATASUS SINAN,http://siab.datasus.gov.br/DATASUS/index.php?acao=41&area=0901&item=1,ftp_dbc,sinan_datasus,Brazil DATASUS SINAN,http://siab.datasus.gov.br/DATASUS/index.php?acao=41&area=0901&item=1,ftp_dbc
country,br,br,Brazil,BR,Brazil,D124,Typhoid fever,伤寒,Bacterial,2016-03-01,2016-03,53,12.793103448275863,0,0.026080352330403855,wpp_computed,,sinan_datasus,Brazil DATASUS SINAN,http://siab.datasus.gov.br/DATASUS/index.php?acao=41&area=0901&item=1,ftp_dbc,sinan_datasus,Brazil DATASUS SINAN,http://siab.datasus.gov.br/DATASUS/index.php?acao=41&area=0901&item=1,ftp_dbc
country,br,br,Brazil,BR,Brazil,D144,Creutzfeldt-Jakob disease,克雅氏病,Prion,2016-03-01,2016-03,8,1.9310344827586206,0,0.0039366569555326575,wpp_computed,,sinan_datasus,Brazil DATASUS SINAN,http://siab.datasus.gov.br/DATASUS/index.php?acao=41&area=0901&item=1,ftp_dbc,sinan_datasus,Brazil DATASUS SINAN,http://siab.datasus.gov.br/DATASUS/index.php?acao=41&area=0901&item=1,ftp_dbc
country,br,br,Brazil,BR,Brazil,D162,HIV infection,人类免疫缺乏病毒感染,Viral,2016-03-01,2016-03,4009,967.6896551724137,0,1.9727572168413028,wpp_computed,,sinan_datasus,Brazil DATASUS SINAN,http://siab.datasus.gov.br/DATASUS/index.php?acao=41&area=0901&item=1,ftp_dbc,sinan_datasus,Brazil DATASUS SINAN,http://siab.datasus.gov.br/DATASUS/index.php?acao=41&area=0901&item=1,ftp_dbc
country,br,br,Brazil,BR,Brazil,D168,Congenital rubella syndrome,先天性风疹综合征,Viral,2016-03-01,2016-03,9,2.1724137931034484,0,0.00442873907497424,wpp_computed,,sinan_datasus,Brazil DATASUS SINAN,http://siab.datasus.gov.br/DATASUS/index.php?acao=41&area=0901&item=1,ftp_dbc,sinan_datasus,Brazil DATASUS SINAN,http://siab.datasus.gov.br/DATASUS/index.php?acao=41&area=0901&item=1,ftp_dbc
country,br,br,Brazil,BR,Brazil,D178,Acute flaccid paralysis,急性无力肢体麻痹,Other,2016-03-01,2016-03,67,16.17241379310345,0,0.032969502002586006,wpp_computed,,sinan_datasus,Brazil DATASUS SINAN,http://siab.datasus.gov.br/DATASUS/index.php?acao=41&area=0901&item=1,ftp_dbc,sinan_datasus,Brazil DATASUS SINAN,http://siab.datasus.gov.br/DATASUS/index.php?acao=41&area=0901&item=1,ftp_dbc
country,br,br,Brazil,BR,Brazil,D184,Accident caused by venomous animals,毒性动物伤害,Other,2016-03-01,2016-03,16634,4015.1034482758623,0,8.185293974791277,wpp_computed,,sinan_datasus,Brazil DATASUS SINAN,http://siab.datasus.gov.br/DATASUS/index.php?acao=41&area=0901&item=1,ftp_dbc,sinan_datasus,Brazil DATASUS SINAN,http://siab.datasus.gov.br/DATASUS/index.php?acao=41&area=0901&item=1,ftp_dbc
country,br,br,Brazil,BR,Brazil,D185,Work accident with biological material,生物材料职业暴露事故,Other,2016-03-01,2016-03,5219,1259.7586206896551,0,2.568176581365617,wpp_computed,,sinan_datasus,Brazil DATASUS SINAN,http://siab.datasus.gov.br/DATASUS/index.php?acao=41&area=0901&item=1,ftp_dbc,sinan_datasus,Brazil DATASUS SINAN,http://siab.datasus.gov.br/DATASUS/index.php?acao=41&area=0901&item=1,ftp_dbc
country,br,br,Brazil,BR,Brazil,D186,Serious work accident,严重工伤,Other,2016-03-01,2016-03,7871,1899.8965517241377,0,3.873178362124693,wpp_computed,,sinan_datasus,Brazil DATASUS SINAN,http://siab.datasus.gov.br/DATASUS/index.php?acao=41&area=0901&item=1,ftp_dbc,sinan_datasus,Brazil DATASUS SINAN,http://siab.datasus.gov.br/DATASUS/index.php?acao=41&area=0901&item=1,ftp_dbc
country,br,br,Brazil,BR,Brazil,D187,Rabies post-exposure prophylaxis,狂犬病暴露后处置,Other,2016-03-01,2016-03,49855,12033.96551724138,0,24.53275406476008,wpp_computed,,sinan_datasus,Brazil DATASUS SINAN,http://siab.datasus.gov.br/DATASUS/index.php?acao=41&area=0901&item=1,ftp_dbc,sinan_datasus,Brazil DATASUS SINAN,http://siab.datasus.gov.br/DATASUS/index.php?acao=41&area=0901&item=1,ftp_dbc
country,br,br,Brazil,BR,Brazil,D188,Work-related cancer,职业相关癌症,Other,2016-03-01,2016-03,24,5.793103448275862,0,0.011809970866597972,wpp_computed,,sinan_datasus,Brazil DATASUS SINAN,http://siab.datasus.gov.br/DATASUS/index.php?acao=41&area=0901&item=1,ftp_dbc,sinan_datasus,Brazil DATASUS SINAN,http://siab.datasus.gov.br/DATASUS/index.php?acao=41&area=0901&item=1,ftp_dbc
country,br,br,Brazil,BR,Brazil,D189,Work-related dermatosis,职业性皮肤病,Other,2016-03-01,2016-03,74,17.862068965517242,0,0.03641407683867708,wpp_computed,,sinan_datasus,Brazil DATASUS SINAN,http://siab.datasus.gov.br/DATASUS/index.php?acao=41&area=0901&item=1,ftp_dbc,sinan_datasus,Brazil DATASUS SINAN,http://siab.datasus.gov.br/DATASUS/index.php?acao=41&area=0901&item=1,ftp_dbc
country,br,br,Brazil,BR,Brazil,D190,Sporotrichosis,孢子丝菌病,Fungal,2016-03-01,2016-03,200,48.275862068965516,0,0.09841642388831644,wpp_computed,,sinan_datasus,Brazil DATASUS SINAN,http://siab.datasus.gov.br/DATASUS/index.php?acao=41&area=0901&item=1,ftp_dbc,sinan_datasus,Brazil DATASUS SINAN,http://siab.datasus.gov.br/DATASUS/index.php?acao=41&area=0901&item=1,ftp_dbc
country,br,br,Brazil,BR,Brazil,D191,Exogenous poisoning,外源性中毒,Other,2016-03-01,2016-03,8204,1980.2758620689654,0,4.03704170789874,wpp_computed,,sinan_datasus,Brazil DATASUS SINAN,http://siab.datasus.gov.br/DATASUS/index.php?acao=41&area=0901&item=1,ftp_dbc,sinan_datasus,Brazil DATASUS SINAN,http://siab.datasus.gov.br/DATASUS/index.php?acao=41&area=0901&item=1,ftp_dbc
country,br,br,Brazil,BR,Brazil,D193,Work-related mental disorder,职业相关精神障碍,Other,2016-03-01,2016-03,106,25.586206896551726,0,0.05216070466080771,wpp_computed,,sinan_datasus,Brazil DATASUS SINAN,http://siab.datasus.gov.br/DATASUS/index.php?acao=41&area=0901&item=1,ftp_dbc,sinan_datasus,Brazil DATASUS SINAN,http://siab.datasus.gov.br/DATASUS/index.php?acao=41&area=0901&item=1,ftp_dbc
country,br,br,Brazil,BR,Brazil,D194,Noise-induced hearing loss,噪声性听力损失,Other,2016-03-01,2016-03,91,21.96551724137931,0,0.044779472869183976,wpp_computed,,sinan_datasus,Brazil DATASUS SINAN,http://siab.datasus.gov.br/DATASUS/index.php?acao=41&area=0901&item=1,ftp_dbc,sinan_datasus,Brazil DATASUS SINAN,http://siab.datasus.gov.br/DATASUS/index.php?acao=41&area=0901&item=1,ftp_dbc
country,br,br,Brazil,BR,Brazil,D195,Pneumoconiosis,尘肺病,Other,2016-03-01,2016-03,20,4.827586206896552,0,0.009841642388831643,wpp_computed,,sinan_datasus,Brazil DATASUS SINAN,http://siab.datasus.gov.br/DATASUS/index.php?acao=41&area=0901&item=1,ftp_dbc,sinan_datasus,Brazil DATASUS SINAN,http://siab.datasus.gov.br/DATASUS/index.php?acao=41&area=0901&item=1,ftp_dbc
country,br,br,Brazil,BR,Brazil,D199,Rotavirus infection,轮状病毒感染,Viral,2016-03-01,2016-03,126,30.413793103448278,0,0.06200234704963935,wpp_computed,,sinan_datasus,Brazil DATASUS SINAN,http://siab.datasus.gov.br/DATASUS/index.php?acao=41&area=0901&item=1,ftp_dbc,sinan_datasus,Brazil DATASUS SINAN,http://siab.datasus.gov.br/DATASUS/index.php?acao=41&area=0901&item=1,ftp_dbc
country,br,br,Brazil,BR,Brazil,D200,Trachoma,沙眼,Bacterial,2016-03-01,2016-03,457,110.3103448275862,0,0.22488152858480306,wpp_computed,,sinan_datasus,Brazil DATASUS SINAN,http://siab.datasus.gov.br/DATASUS/index.php?acao=41&area=0901&item=1,ftp_dbc,sinan_datasus,Brazil DATASUS SINAN,http://siab.datasus.gov.br/DATASUS/index.php?acao=41&area=0901&item=1,ftp_dbc
country,br,br,Brazil,BR,Brazil,D201,Exanthematous diseases,出疹性疾病,Viral,2016-03-01,2016-03,288,69.51724137931035,0,0.14171965039917567,wpp_computed,,sinan_datasus,Brazil DATASUS SINAN,http://siab.datasus.gov.br/DATASUS/index.php?acao=41&area=0901&item=1,ftp_dbc,sinan_datasus,Brazil DATASUS SINAN,http://siab.datasus.gov.br/DATASUS/index.php?acao=41&area=0901&item=1,ftp_dbc
country,br,br,Brazil,BR,Brazil,D230,Child exposed to HIV,儿童HIV暴露,Other,2016-03-01,2016-03,626,151.10344827586206,0,0.3080434067704304,wpp_computed,,sinan_datasus,Brazil DATASUS SINAN,http://siab.datasus.gov.br/DATASUS/index.php?acao=41&area=0901&item=1,ftp_dbc,sinan_datasus,Brazil DATASUS SINAN,http://siab.datasus.gov.br/DATASUS/index.php?acao=41&area=0901&item=1,ftp_dbc
country,br,br,Brazil,BR,Brazil,D231,HIV infection in pregnancy surveillance event,孕产期HIV感染监测事件,Viral,2016-03-01,2016-03,754,182.0,0,0.3710299180589529,wpp_computed,,sinan_datasus,Brazil DATASUS SINAN,http://siab.datasus.gov.br/DATASUS/index.php?acao=41&area=0901&item=1,ftp_dbc,sinan_datasus,Brazil DATASUS SINAN,http://siab.datasus.gov.br/DATASUS/index.php?acao=41&area=0901&item=1,ftp_dbc
country,br,br,Brazil,BR,Brazil,D235,Meningitis (all reported etiologies),脑膜炎（全部报告病因）,Other,2016-03-01,2016-03,1803,435.2068965517241,0,0.8872240613531726,wpp_computed,,sinan_datasus,Brazil DATASUS SINAN,http://siab.datasus.gov.br/DATASUS/index.php?acao=41&area=0901&item=1,ftp_dbc,sinan_datasus,Brazil DATASUS SINAN,http://siab.datasus.gov.br/DATASUS/index.php?acao=41&area=0901&item=1,ftp_dbc
country,br,br,Brazil,BR,Brazil,D005,AIDS,艾滋病,Viral,2016-04-01,2016-04,3164,714.4516129032259,0,1.556947825913166,wpp_computed,,sinan_datasus,Brazil DATASUS SINAN,http://siab.datasus.gov.br/DATASUS/index.php?acao=41&area=0901&item=1,ftp_dbc,sinan_datasus,Brazil DATASUS SINAN,http://siab.datasus.gov.br/DATASUS/index.php?acao=41&area=0901&item=1,ftp_dbc
country,br,br,Brazil,BR,Brazil,D019,Rabies,狂犬病,Viral,2016-04-01,2016-04,2,0.45161290322580644,0,0.0009841642388831644,wpp_computed,,sinan_datasus,Brazil DATASUS SINAN,http://siab.datasus.gov.br/DATASUS/index.php?acao=41&area=0901&item=1,ftp_dbc,sinan_datasus,Brazil DATASUS SINAN,http://siab.datasus.gov.br/DATASUS/index.php?acao=41&area=0901&item=1,ftp_dbc
country,br,br,Brazil,BR,Brazil,D021,Dengue,登革热,Viral,2016-04-01,2016-04,422945,95503.70967741935,0,208.12367200721997,wpp_computed,,sinan_datasus,Brazil DATASUS SINAN,http://siab.datasus.gov.br/DATASUS/index.php?acao=41&area=0901&item=1,ftp_dbc,sinan_datasus,Brazil DATASUS SINAN,http://siab.datasus.gov.br/DATASUS/index.php?acao=41&area=0901&item=1,ftp_dbc
country,br,br,Brazil,BR,Brazil,D025,Tuberculosis,肺结核,Bacterial,2016-04-01,2016-04,7088,1600.516129032258,0,3.4878780626019346,wpp_computed,,sinan_datasus,Brazil DATASUS SINAN,http://siab.datasus.gov.br/DATASUS/index.php?acao=41&area=0901&item=1,ftp_dbc,sinan_datasus,Brazil DATASUS SINAN,http://siab.datasus.gov.br/DATASUS/index.php?acao=41&area=0901&item=1,ftp_dbc
country,br,br,Brazil,BR,Brazil,D028,Pertussis,百日咳,Bacterial,2016-04-01,2016-04,604,136.38709677419354,0,0.29721760014271564,wpp_computed,,sinan_datasus,Brazil DATASUS SINAN,http://siab.datasus.gov.br/DATASUS/index.php?acao=41&area=0901&item=1,ftp_dbc,sinan_datasus,Brazil DATASUS SINAN,http://siab.datasus.gov.br/DATASUS/index.php?acao=41&area=0901&item=1,ftp_dbc
country,br,br,Brazil,BR,Brazil,D029,Diphtheria,白喉,Bacterial,2016-04-01,2016-04,5,1.129032258064516,0,0.002460410597207911,wpp_computed,,sinan_datasus,Brazil DATASUS SINAN,http://siab.datasus.gov.br/DATASUS/index.php?acao=41&area=0901&item=1,ftp_dbc,sinan_datasus,Brazil DATASUS SINAN,http://siab.datasus.gov.br/DATASUS/index.php?acao=41&area=0901&item=1,ftp_dbc
country,br,br,Brazil,BR,Brazil,D035,Leptospirosis,钩端螺旋体病,Bacterial,2016-04-01,2016-04,1844,416.38709677419354,0,0.9073994282502774,wpp_computed,,sinan_datasus,Brazil DATASUS SINAN,http://siab.datasus.gov.br/DATASUS/index.php?acao=41&area=0901&item=1,ftp_dbc,sinan_datasus,Brazil DATASUS SINAN,http://siab.datasus.gov.br/DATASUS/index.php?acao=41&area=0901&item=1,ftp_dbc
country,br,br,Brazil,BR,Brazil,D036,Schistosomiasis,血吸虫病,Parasitic,2016-04-01,2016-04,437,98.67741935483872,0,0.2150398861959714,wpp_computed,,sinan_datasus,Brazil DATASUS SINAN,http://siab.datasus.gov.br/DATASUS/index.php?acao=41&area=0901&item=1,ftp_dbc,sinan_datasus,Brazil DATASUS SINAN,http://siab.datasus.gov.br/DATASUS/index.php?acao=41&area=0901&item=1,ftp_dbc
country,br,br,Brazil,BR,Brazil,D037,Malaria,疟疾,Parasitic,2016-04-01,2016-04,130,29.354838709677416,0,0.06397067552740568,wpp_computed,,sinan_datasus,Brazil DATASUS SINAN,http://siab.datasus.gov.br/DATASUS/index.php?acao=41&area=0901&item=1,ftp_dbc,sinan_datasus,Brazil DATASUS SINAN,http://siab.datasus.gov.br/DATASUS/index.php?acao=41&area=0901&item=1,ftp_dbc
country,br,br,Brazil,BR,Brazil,D042,Leprosy,麻风病,Bacterial,2016-04-01,2016-04,2690,607.4193548387098,0,1.323700901297856,wpp_computed,,sinan_datasus,Brazil DATASUS SINAN,http://siab.datasus.gov.br/DATASUS/index.php?acao=41&area=0901&item=1,ftp_dbc,sinan_datasus,Brazil DATASUS SINAN,http://siab.datasus.gov.br/DATASUS/index.php?acao=41&area=0901&item=1,ftp_dbc
country,br,br,Brazil,BR,Brazil,D044,Kala-azar,黑热病,Parasitic,2016-04-01,2016-04,816,184.25806451612905,0,0.401539009464331,wpp_computed,,sinan_datasus,Brazil DATASUS SINAN,http://siab.datasus.gov.br/DATASUS/index.php?acao=41&area=0901&item=1,ftp_dbc,sinan_datasus,Brazil DATASUS SINAN,http://siab.datasus.gov.br/DATASUS/index.php?acao=41&area=0901&item=1,ftp_dbc
country,br,br,Brazil,BR,Brazil,D051,Zika virus disease,寨卡病毒病,Viral,2016-04-01,2016-04,44891,10136.677419354837,0,22.090058423852067,wpp_computed,,sinan_datasus,Brazil DATASUS SINAN,http://siab.datasus.gov.br/DATASUS/index.php?acao=41&area=0901&item=1,ftp_dbc,sinan_datasus,Brazil DATASUS SINAN,http://siab.datasus.gov.br/DATASUS/index.php?acao=41&area=0901&item=1,ftp_dbc
country,br,br,Brazil,BR,Brazil,D052,Chikungunya,基孔肯雅热,Viral,2016-04-01,2016-04,54538,12315.032258064515,0,26.837174630105007,wpp_computed,,sinan_datasus,Brazil DATASUS SINAN,http://siab.datasus.gov.br/DATASUS/index.php?acao=41&area=0901&item=1,ftp_dbc,sinan_datasus,Brazil DATASUS SINAN,http://siab.datasus.gov.br/DATASUS/index.php?acao=41&area=0901&item=1,ftp_dbc
country,br,br,Brazil,BR,Brazil,D054,Varicella,水痘,Viral,2016-04-01,2016-04,2319,523.6451612903227,0,1.141138434985029,wpp_computed,,sinan_datasus,Brazil DATASUS SINAN,http://siab.datasus.gov.br/DATASUS/index.php?acao=41&area=0901&item=1,ftp_dbc,sinan_datasus,Brazil DATASUS SINAN,http://siab.datasus.gov.br/DATASUS/index.php?acao=41&area=0901&item=1,ftp_dbc
country,br,br,Brazil,BR,Brazil,D082,Leishmaniasis,利什曼病,Parasitic,2016-04-01,2016-04,1040,234.83870967741933,0,0.5117654042192454,wpp_computed,,sinan_datasus,Brazil DATASUS SINAN,http://siab.datasus.gov.br/DATASUS/index.php?acao=41&area=0901&item=1,ftp_dbc,sinan_datasus,Brazil DATASUS SINAN,http://siab.datasus.gov.br/DATASUS/index.php?acao=41&area=0901&item=1,ftp_dbc
country,br,br,Brazil,BR,Brazil,D084,Chagas disease,恰加斯病,Parasitic,2016-04-01,2016-04,350,79.03225806451613,0,0.17222874180455378,wpp_computed,,sinan_datasus,Brazil DATASUS SINAN,http://siab.datasus.gov.br/DATASUS/index.php?acao=41&area=0901&item=1,ftp_dbc,sinan_datasus,Brazil DATASUS SINAN,http://siab.datasus.gov.br/DATASUS/index.php?acao=41&area=0901&item=1,ftp_dbc
country,br,br,Brazil,BR,Brazil,D102,Hantavirus infection,汉坦病毒感染,Viral,2016-04-01,2016-04,223,50.354838709677416,0,0.10973431263547283,wpp_computed,,sinan_datasus,Brazil DATASUS SINAN,http://siab.datasus.gov.br/DATASUS/index.php?acao=41&area=0901&item=1,ftp_dbc,sinan_datasus,Brazil DATASUS SINAN,http://siab.datasus.gov.br/DATASUS/index.php?acao=41&area=0901&item=1,ftp_dbc
country,br,br,Brazil,BR,Brazil,D118,Spotted fever rickettsiosis,斑点热立克次体病,Bacterial,2016-04-01,2016-04,112,25.29032258064516,0,0.0551131973774572,wpp_computed,,sinan_datasus,Brazil DATASUS SINAN,http://siab.datasus.gov.br/DATASUS/index.php?acao=41&area=0901&item=1,ftp_dbc,sinan_datasus,Brazil DATASUS SINAN,http://siab.datasus.gov.br/DATASUS/index.php?acao=41&area=0901&item=1,ftp_dbc
country,br,br,Brazil,BR,Brazil,D120,Tetanus,破伤风,Bacterial,2016-04-01,2016-04,19,4.290322580645161,0,0.00934956026939006,wpp_computed,,sinan_datasus,Brazil DATASUS SINAN,http://siab.datasus.gov.br/DATASUS/index.php?acao=41&area=0901&item=1,ftp_dbc,sinan_datasus,Brazil DATASUS SINAN,http://siab.datasus.gov.br/DATASUS/index.php?acao=41&area=0901&item=1,ftp_dbc
country,br,br,Brazil,BR,Brazil,D124,Typhoid fever,伤寒,Bacterial,2016-04-01,2016-04,32,7.225806451612903,0,0.01574662782213063,wpp_computed,,sinan_datasus,Brazil DATASUS SINAN,http://siab.datasus.gov.br/DATASUS/index.php?acao=41&area=0901&item=1,ftp_dbc,sinan_datasus,Brazil DATASUS SINAN,http://siab.datasus.gov.br/DATASUS/index.php?acao=41&area=0901&item=1,ftp_dbc
country,br,br,Brazil,BR,Brazil,D144,Creutzfeldt-Jakob disease,克雅氏病,Prion,2016-04-01,2016-04,11,2.4838709677419355,0,0.005412903313857404,wpp_computed,,sinan_datasus,Brazil DATASUS SINAN,http://siab.datasus.gov.br/DATASUS/index.php?acao=41&area=0901&item=1,ftp_dbc,sinan_datasus,Brazil DATASUS SINAN,http://siab.datasus.gov.br/DATASUS/index.php?acao=41&area=0901&item=1,ftp_dbc
country,br,br,Brazil,BR,Brazil,D162,HIV infection,人类免疫缺乏病毒感染,Viral,2016-04-01,2016-04,3449,778.8064516129033,0,1.697191229954017,wpp_computed,,sinan_datasus,Brazil DATASUS SINAN,http://siab.datasus.gov.br/DATASUS/index.php?acao=41&area=0901&item=1,ftp_dbc,sinan_datasus,Brazil DATASUS SINAN,http://siab.datasus.gov.br/DATASUS/index.php?acao=41&area=0901&item=1,ftp_dbc
country,br,br,Brazil,BR,Brazil,D168,Congenital rubella syndrome,先天性风疹综合征,Viral,2016-04-01,2016-04,10,2.258064516129032,0,0.004920821194415822,wpp_computed,,sinan_datasus,Brazil DATASUS SINAN,http://siab.datasus.gov.br/DATASUS/index.php?acao=41&area=0901&item=1,ftp_dbc,sinan_datasus,Brazil DATASUS SINAN,http://siab.datasus.gov.br/DATASUS/index.php?acao=41&area=0901&item=1,ftp_dbc
country,br,br,Brazil,BR,Brazil,D178,Acute flaccid paralysis,急性无力肢体麻痹,Other,2016-04-01,2016-04,55,12.419354838709678,0,0.027064516569287017,wpp_computed,,sinan_datasus,Brazil DATASUS SINAN,http://siab.datasus.gov.br/DATASUS/index.php?acao=41&area=0901&item=1,ftp_dbc,sinan_datasus,Brazil DATASUS SINAN,http://siab.datasus.gov.br/DATASUS/index.php?acao=41&area=0901&item=1,ftp_dbc
country,br,br,Brazil,BR,Brazil,D184,Accident caused by venomous animals,毒性动物伤害,Other,2016-04-01,2016-04,15361,3468.6129032258063,0,7.558873436742144,wpp_computed,,sinan_datasus,Brazil DATASUS SINAN,http://siab.datasus.gov.br/DATASUS/index.php?acao=41&area=0901&item=1,ftp_dbc,sinan_datasus,Brazil DATASUS SINAN,http://siab.datasus.gov.br/DATASUS/index.php?acao=41&area=0901&item=1,ftp_dbc
country,br,br,Brazil,BR,Brazil,D185,Work accident with biological material,生物材料职业暴露事故,Other,2016-04-01,2016-04,4988,1126.3225806451612,0,2.4545056117746116,wpp_computed,,sinan_datasus,Brazil DATASUS SINAN,http://siab.datasus.gov.br/DATASUS/index.php?acao=41&area=0901&item=1,ftp_dbc,sinan_datasus,Brazil DATASUS SINAN,http://siab.datasus.gov.br/DATASUS/index.php?acao=41&area=0901&item=1,ftp_dbc
country,br,br,Brazil,BR,Brazil,D186,Serious work accident,严重工伤,Other,2016-04-01,2016-04,6762,1526.9032258064517,0,3.3274592916639785,wpp_computed,,sinan_datasus,Brazil DATASUS SINAN,http://siab.datasus.gov.br/DATASUS/index.php?acao=41&area=0901&item=1,ftp_dbc,sinan_datasus,Brazil DATASUS SINAN,http://siab.datasus.gov.br/DATASUS/index.php?acao=41&area=0901&item=1,ftp_dbc
country,br,br,Brazil,BR,Brazil,D187,Rabies post-exposure prophylaxis,狂犬病暴露后处置,Other,2016-04-01,2016-04,47964,10830.58064516129,0,23.602226776896046,wpp_computed,,sinan_datasus,Brazil DATASUS SINAN,http://siab.datasus.gov.br/DATASUS/index.php?acao=41&area=0901&item=1,ftp_dbc,sinan_datasus,Brazil DATASUS SINAN,http://siab.datasus.gov.br/DATASUS/index.php?acao=41&area=0901&item=1,ftp_dbc
country,br,br,Brazil,BR,Brazil,D188,Work-related cancer,职业相关癌症,Other,2016-04-01,2016-04,27,6.096774193548387,0,0.013286217224922719,wpp_computed,,sinan_datasus,Brazil DATASUS SINAN,http://siab.datasus.gov.br/DATASUS/index.php?acao=41&area=0901&item=1,ftp_dbc,sinan_datasus,Brazil DATASUS SINAN,http://siab.datasus.gov.br/DATASUS/index.php?acao=41&area=0901&item=1,ftp_dbc
country,br,br,Brazil,BR,Brazil,D189,Work-related dermatosis,职业性皮肤病,Other,2016-04-01,2016-04,61,13.774193548387096,0,0.030017009285936508,wpp_computed,,sinan_datasus,Brazil DATASUS SINAN,http://siab.datasus.gov.br/DATASUS/index.php?acao=41&area=0901&item=1,ftp_dbc,sinan_datasus,Brazil DATASUS SINAN,http://siab.datasus.gov.br/DATASUS/index.php?acao=41&area=0901&item=1,ftp_dbc
country,br,br,Brazil,BR,Brazil,D190,Sporotrichosis,孢子丝菌病,Fungal,2016-04-01,2016-04,79,17.838709677419356,0,0.038874487435884994,wpp_computed,,sinan_datasus,Brazil DATASUS SINAN,http://siab.datasus.gov.br/DATASUS/index.php?acao=41&area=0901&item=1,ftp_dbc,sinan_datasus,Brazil DATASUS SINAN,http://siab.datasus.gov.br/DATASUS/index.php?acao=41&area=0901&item=1,ftp_dbc
country,br,br,Brazil,BR,Brazil,D191,Exogenous poisoning,外源性中毒,Other,2016-04-01,2016-04,7335,1656.2903225806454,0,3.6094223461040054,wpp_computed,,sinan_datasus,Brazil DATASUS SINAN,http://siab.datasus.gov.br/DATASUS/index.php?acao=41&area=0901&item=1,ftp_dbc,sinan_datasus,Brazil DATASUS SINAN,http://siab.datasus.gov.br/DATASUS/index.php?acao=41&area=0901&item=1,ftp_dbc
country,br,br,Brazil,BR,Brazil,D193,Work-related mental disorder,职业相关精神障碍,Other,2016-04-01,2016-04,123,27.774193548387096,0,0.0605261006913146,wpp_computed,,sinan_datasus,Brazil DATASUS SINAN,http://siab.datasus.gov.br/DATASUS/index.php?acao=41&area=0901&item=1,ftp_dbc,sinan_datasus,Brazil DATASUS SINAN,http://siab.datasus.gov.br/DATASUS/index.php?acao=41&area=0901&item=1,ftp_dbc
country,br,br,Brazil,BR,Brazil,D194,Noise-induced hearing loss,噪声性听力损失,Other,2016-04-01,2016-04,60,13.548387096774194,0,0.02952492716649493,wpp_computed,,sinan_datasus,Brazil DATASUS SINAN,http://siab.datasus.gov.br/DATASUS/index.php?acao=41&area=0901&item=1,ftp_dbc,sinan_datasus,Brazil DATASUS SINAN,http://siab.datasus.gov.br/DATASUS/index.php?acao=41&area=0901&item=1,ftp_dbc
country,br,br,Brazil,BR,Brazil,D195,Pneumoconiosis,尘肺病,Other,2016-04-01,2016-04,20,4.516129032258064,0,0.009841642388831643,wpp_computed,,sinan_datasus,Brazil DATASUS SINAN,http://siab.datasus.gov.br/DATASUS/index.php?acao=41&area=0901&item=1,ftp_dbc,sinan_datasus,Brazil DATASUS SINAN,http://siab.datasus.gov.br/DATASUS/index.php?acao=41&area=0901&item=1,ftp_dbc
country,br,br,Brazil,BR,Brazil,D199,Rotavirus infection,轮状病毒感染,Viral,2016-04-01,2016-04,100,22.58064516129032,0,0.04920821194415822,wpp_computed,,sinan_datasus,Brazil DATASUS SINAN,http://siab.datasus.gov.br/DATASUS/index.php?acao=41&area=0901&item=1,ftp_dbc,sinan_datasus,Brazil DATASUS SINAN,http://siab.datasus.gov.br/DATASUS/index.php?acao=41&area=0901&item=1,ftp_dbc
country,br,br,Brazil,BR,Brazil,D200,Trachoma,沙眼,Bacterial,2016-04-01,2016-04,859,193.96774193548387,0,0.4226985406003191,wpp_computed,,sinan_datasus,Brazil DATASUS SINAN,http://siab.datasus.gov.br/DATASUS/index.php?acao=41&area=0901&item=1,ftp_dbc,sinan_datasus,Brazil DATASUS SINAN,http://siab.datasus.gov.br/DATASUS/index.php?acao=41&area=0901&item=1,ftp_dbc
country,br,br,Brazil,BR,Brazil,D201,Exanthematous diseases,出疹性疾病,Viral,2016-04-01,2016-04,254,57.354838709677416,0,0.12498885833816187,wpp_computed,,sinan_datasus,Brazil DATASUS SINAN,http://siab.datasus.gov.br/DATASUS/index.php?acao=41&area=0901&item=1,ftp_dbc,sinan_datasus,Brazil DATASUS SINAN,http://siab.datasus.gov.br/DATASUS/index.php?acao=41&area=0901&item=1,ftp_dbc
country,br,br,Brazil,BR,Brazil,D230,Child exposed to HIV,儿童HIV暴露,Other,2016-04-01,2016-04,607,137.06451612903226,0,0.2986938465010404,wpp_computed,,sinan_datasus,Brazil DATASUS SINAN,http://siab.datasus.gov.br/DATASUS/index.php?acao=41&area=0901&item=1,ftp_dbc,sinan_datasus,Brazil DATASUS SINAN,http://siab.datasus.gov.br/DATASUS/index.php?acao=41&area=0901&item=1,ftp_dbc
country,br,br,Brazil,BR,Brazil,D231,HIV infection in pregnancy surveillance event,孕产期HIV感染监测事件,Viral,2016-04-01,2016-04,605,136.61290322580646,0,0.2977096822621572,wpp_computed,,sinan_datasus,Brazil DATASUS SINAN,http://siab.datasus.gov.br/DATASUS/index.php?acao=41&area=0901&item=1,ftp_dbc,sinan_datasus,Brazil DATASUS SINAN,http://siab.datasus.gov.br/DATASUS/index.php?acao=41&area=0901&item=1,ftp_dbc
country,br,br,Brazil,BR,Brazil,D235,Meningitis (all reported etiologies),脑膜炎（全部报告病因）,Other,2016-04-01,2016-04,1683,380.0322580645161,0,0.8281742070201827,wpp_computed,,sinan_datasus,Brazil DATASUS SINAN,http://siab.datasus.gov.br/DATASUS/index.php?acao=41&area=0901&item=1,ftp_dbc,sinan_datasus,Brazil DATASUS SINAN,http://siab.datasus.gov.br/DATASUS/index.php?acao=41&area=0901&item=1,ftp_dbc
country,br,br,Brazil,BR,Brazil,D005,AIDS,艾滋病,Viral,2016-05-01,2016-05,3476,811.0666666666666,0,1.7104774471789395,wpp_computed,,sinan_datasus,Brazil DATASUS SINAN,http://siab.datasus.gov.br/DATASUS/index.php?acao=41&area=0901&item=1,ftp_dbc,sinan_datasus,Brazil DATASUS SINAN,http://siab.datasus.gov.br/DATASUS/index.php?acao=41&area=0901&item=1,ftp_dbc
country,br,br,Brazil,BR,Brazil,D019,Rabies,狂犬病,Viral,2016-05-01,2016-05,3,0.7000000000000001,0,0.0014762463583247465,wpp_computed,,sinan_datasus,Brazil DATASUS SINAN,http://siab.datasus.gov.br/DATASUS/index.php?acao=41&area=0901&item=1,ftp_dbc,sinan_datasus,Brazil DATASUS SINAN,http://siab.datasus.gov.br/DATASUS/index.php?acao=41&area=0901&item=1,ftp_dbc
country,br,br,Brazil,BR,Brazil,D021,Dengue,登革热,Viral,2016-05-01,2016-05,188279,43931.76666666666,0,92.64872936634164,wpp_computed,,sinan_datasus,Brazil DATASUS SINAN,http://siab.datasus.gov.br/DATASUS/index.php?acao=41&area=0901&item=1,ftp_dbc,sinan_datasus,Brazil DATASUS SINAN,http://siab.datasus.gov.br/DATASUS/index.php?acao=41&area=0901&item=1,ftp_dbc
country,br,br,Brazil,BR,Brazil,D025,Tuberculosis,肺结核,Bacterial,2016-05-01,2016-05,7121,1661.5666666666666,0,3.5041167725435067,wpp_computed,,sinan_datasus,Brazil DATASUS SINAN,http://siab.datasus.gov.br/DATASUS/index.php?acao=41&area=0901&item=1,ftp_dbc,sinan_datasus,Brazil DATASUS SINAN,http://siab.datasus.gov.br/DATASUS/index.php?acao=41&area=0901&item=1,ftp_dbc
country,br,br,Brazil,BR,Brazil,D028,Pertussis,百日咳,Bacterial,2016-05-01,2016-05,700,163.33333333333331,0,0.34445748360910755,wpp_computed,,sinan_datasus,Brazil DATASUS SINAN,http://siab.datasus.gov.br/DATASUS/index.php?acao=41&area=0901&item=1,ftp_dbc,sinan_datasus,Brazil DATASUS SINAN,http://siab.datasus.gov.br/DATASUS/index.php?acao=41&area=0901&item=1,ftp_dbc
country,br,br,Brazil,BR,Brazil,D029,Diphtheria,白喉,Bacterial,2016-05-01,2016-05,3,0.7000000000000001,0,0.0014762463583247465,wpp_computed,,sinan_datasus,Brazil DATASUS SINAN,http://siab.datasus.gov.br/DATASUS/index.php?acao=41&area=0901&item=1,ftp_dbc,sinan_datasus,Brazil DATASUS SINAN,http://siab.datasus.gov.br/DATASUS/index.php?acao=41&area=0901&item=1,ftp_dbc
country,br,br,Brazil,BR,Brazil,D035,Leptospirosis,钩端螺旋体病,Bacterial,2016-05-01,2016-05,1275,297.5,0,0.6274047022880173,wpp_computed,,sinan_datasus,Brazil DATASUS SINAN,http://siab.datasus.gov.br/DATASUS/index.php?acao=41&area=0901&item=1,ftp_dbc,sinan_datasus,Brazil DATASUS SINAN,http://siab.datasus.gov.br/DATASUS/index.php?acao=41&area=0901&item=1,ftp_dbc
country,br,br,Brazil,BR,Brazil,D036,Schistosomiasis,血吸虫病,Parasitic,2016-05-01,2016-05,459,107.10000000000001,0,0.22586569282368624,wpp_computed,,sinan_datasus,Brazil DATASUS SINAN,http://siab.datasus.gov.br/DATASUS/index.php?acao=41&area=0901&item=1,ftp_dbc,sinan_datasus,Brazil DATASUS SINAN,http://siab.datasus.gov.br/DATASUS/index.php?acao=41&area=0901&item=1,ftp_dbc
country,br,br,Brazil,BR,Brazil,D037,Malaria,疟疾,Parasitic,2016-05-01,2016-05,133,31.033333333333335,0,0.06544692188573042,wpp_computed,,sinan_datasus,Brazil DATASUS SINAN,http://siab.datasus.gov.br/DATASUS/index.php?acao=41&area=0901&item=1,ftp_dbc,sinan_datasus,Brazil DATASUS SINAN,http://siab.datasus.gov.br/DATASUS/index.php?acao=41&area=0901&item=1,ftp_dbc
country,br,br,Brazil,BR,Brazil,D042,Leprosy,麻风病,Bacterial,2016-05-01,2016-05,2728,636.5333333333333,0,1.342400021836636,wpp_computed,,sinan_datasus,Brazil DATASUS SINAN,http://siab.datasus.gov.br/DATASUS/index.php?acao=41&area=0901&item=1,ftp_dbc,sinan_datasus,Brazil DATASUS SINAN,http://siab.datasus.gov.br/DATASUS/index.php?acao=41&area=0901&item=1,ftp_dbc
country,br,br,Brazil,BR,Brazil,D044,Kala-azar,黑热病,Parasitic,2016-05-01,2016-05,796,185.73333333333335,0,0.3916973670754994,wpp_computed,,sinan_datasus,Brazil DATASUS SINAN,http://siab.datasus.gov.br/DATASUS/index.php?acao=41&area=0901&item=1,ftp_dbc,sinan_datasus,Brazil DATASUS SINAN,http://siab.datasus.gov.br/DATASUS/index.php?acao=41&area=0901&item=1,ftp_dbc
country,br,br,Brazil,BR,Brazil,D051,Zika virus disease,寨卡病毒病,Viral,2016-05-01,2016-05,23025,5372.5,0,11.33019080014243,wpp_computed,,sinan_datasus,Brazil DATASUS SINAN,http://siab.datasus.gov.br/DATASUS/index.php?acao=41&area=0901&item=1,ftp_dbc,sinan_datasus,Brazil DATASUS SINAN,http://siab.datasus.gov.br/DATASUS/index.php?acao=41&area=0901&item=1,ftp_dbc
country,br,br,Brazil,BR,Brazil,D052,Chikungunya,基孔肯雅热,Viral,2016-05-01,2016-05,49784,11616.266666666666,0,24.49781623427973,wpp_computed,,sinan_datasus,Brazil DATASUS SINAN,http://siab.datasus.gov.br/DATASUS/index.php?acao=41&area=0901&item=1,ftp_dbc,sinan_datasus,Brazil DATASUS SINAN,http://siab.datasus.gov.br/DATASUS/index.php?acao=41&area=0901&item=1,ftp_dbc
country,br,br,Brazil,BR,Brazil,D054,Varicella,水痘,Viral,2016-05-01,2016-05,2735,638.1666666666667,0,1.3458445966727273,wpp_computed,,sinan_datasus,Brazil DATASUS SINAN,http://siab.datasus.gov.br/DATASUS/index.php?acao=41&area=0901&item=1,ftp_dbc,sinan_datasus,Brazil DATASUS SINAN,http://siab.datasus.gov.br/DATASUS/index.php?acao=41&area=0901&item=1,ftp_dbc
country,br,br,Brazil,BR,Brazil,D082,Leishmaniasis,利什曼病,Parasitic,2016-05-01,2016-05,987,230.29999999999998,0,0.4856850518888416,wpp_computed,,sinan_datasus,Brazil DATASUS SINAN,http://siab.datasus.gov.br/DATASUS/index.php?acao=41&area=0901&item=1,ftp_dbc,sinan_datasus,Brazil DATASUS SINAN,http://siab.datasus.gov.br/DATASUS/index.php?acao=41&area=0901&item=1,ftp_dbc
country,br,br,Brazil,BR,Brazil,D084,Chagas disease,恰加斯病,Parasitic,2016-05-01,2016-05,290,67.66666666666666,0,0.14270381463805884,wpp_computed,,sinan_datasus,Brazil DATASUS SINAN,http://siab.datasus.gov.br/DATASUS/index.php?acao=41&area=0901&item=1,ftp_dbc,sinan_datasus,Brazil DATASUS SINAN,http://siab.datasus.gov.br/DATASUS/index.php?acao=41&area=0901&item=1,ftp_dbc
country,br,br,Brazil,BR,Brazil,D102,Hantavirus infection,汉坦病毒感染,Viral,2016-05-01,2016-05,138,32.199999999999996,0,0.06790733248293834,wpp_computed,,sinan_datasus,Brazil DATASUS SINAN,http://siab.datasus.gov.br/DATASUS/index.php?acao=41&area=0901&item=1,ftp_dbc,sinan_datasus,Brazil DATASUS SINAN,http://siab.datasus.gov.br/DATASUS/index.php?acao=41&area=0901&item=1,ftp_dbc
country,br,br,Brazil,BR,Brazil,D118,Spotted fever rickettsiosis,斑点热立克次体病,Bacterial,2016-05-01,2016-05,120,28.0,0,0.05904985433298986,wpp_computed,,sinan_datasus,Brazil DATASUS SINAN,http://siab.datasus.gov.br/DATASUS/index.php?acao=41&area=0901&item=1,ftp_dbc,sinan_datasus,Brazil DATASUS SINAN,http://siab.datasus.gov.br/DATASUS/index.php?acao=41&area=0901&item=1,ftp_dbc
country,br,br,Brazil,BR,Brazil,D120,Tetanus,破伤风,Bacterial,2016-05-01,2016-05,29,6.766666666666667,0,0.014270381463805881,wpp_computed,,sinan_datasus,Brazil DATASUS SINAN,http://siab.datasus.gov.br/DATASUS/index.php?acao=41&area=0901&item=1,ftp_dbc,sinan_datasus,Brazil DATASUS SINAN,http://siab.datasus.gov.br/DATASUS/index.php?acao=41&area=0901&item=1,ftp_dbc
country,br,br,Brazil,BR,Brazil,D124,Typhoid fever,伤寒,Bacterial,2016-05-01,2016-05,29,6.766666666666667,0,0.014270381463805881,wpp_computed,,sinan_datasus,Brazil DATASUS SINAN,http://siab.datasus.gov.br/DATASUS/index.php?acao=41&area=0901&item=1,ftp_dbc,sinan_datasus,Brazil DATASUS SINAN,http://siab.datasus.gov.br/DATASUS/index.php?acao=41&area=0901&item=1,ftp_dbc
country,br,br,Brazil,BR,Brazil,D144,Creutzfeldt-Jakob disease,克雅氏病,Prion,2016-05-01,2016-05,12,2.8000000000000003,0,0.005904985433298986,wpp_computed,,sinan_datasus,Brazil DATASUS SINAN,http://siab.datasus.gov.br/DATASUS/index.php?acao=41&area=0901&item=1,ftp_dbc,sinan_datasus,Brazil DATASUS SINAN,http://siab.datasus.gov.br/DATASUS/index.php?acao=41&area=0901&item=1,ftp_dbc
country,br,br,Brazil,BR,Brazil,D162,HIV infection,人类免疫缺乏病毒感染,Viral,2016-05-01,2016-05,3944,920.2666666666667,0,1.9407718790776,wpp_computed,,sinan_datasus,Brazil DATASUS SINAN,http://siab.datasus.gov.br/DATASUS/index.php?acao=41&area=0901&item=1,ftp_dbc,sinan_datasus,Brazil DATASUS SINAN,http://siab.datasus.gov.br/DATASUS/index.php?acao=41&area=0901&item=1,ftp_dbc
country,br,br,Brazil,BR,Brazil,D168,Congenital rubella syndrome,先天性风疹综合征,Viral,2016-05-01,2016-05,9,2.1,0,0.00442873907497424,wpp_computed,,sinan_datasus,Brazil DATASUS SINAN,http://siab.datasus.gov.br/DATASUS/index.php?acao=41&area=0901&item=1,ftp_dbc,sinan_datasus,Brazil DATASUS SINAN,http://siab.datasus.gov.br/DATASUS/index.php?acao=41&area=0901&item=1,ftp_dbc
country,br,br,Brazil,BR,Brazil,D178,Acute flaccid paralysis,急性无力肢体麻痹,Other,2016-05-01,2016-05,51,11.9,0,0.02509618809152069,wpp_computed,,sinan_datasus,Brazil DATASUS SINAN,http://siab.datasus.gov.br/DATASUS/index.php?acao=41&area=0901&item=1,ftp_dbc,sinan_datasus,Brazil DATASUS SINAN,http://siab.datasus.gov.br/DATASUS/index.php?acao=41&area=0901&item=1,ftp_dbc
country,br,br,Brazil,BR,Brazil,D184,Accident caused by venomous animals,毒性动物伤害,Other,2016-05-01,2016-05,12765,2978.5,0,6.2814282546717966,wpp_computed,,sinan_datasus,Brazil DATASUS SINAN,http://siab.datasus.gov.br/DATASUS/index.php?acao=41&area=0901&item=1,ftp_dbc,sinan_datasus,Brazil DATASUS SINAN,http://siab.datasus.gov.br/DATASUS/index.php?acao=41&area=0901&item=1,ftp_dbc
country,br,br,Brazil,BR,Brazil,D185,Work accident with biological material,生物材料职业暴露事故,Other,2016-05-01,2016-05,5111,1192.5666666666666,0,2.5150317124659263,wpp_computed,,sinan_datasus,Brazil DATASUS SINAN,http://siab.datasus.gov.br/DATASUS/index.php?acao=41&area=0901&item=1,ftp_dbc,sinan_datasus,Brazil DATASUS SINAN,http://siab.datasus.gov.br/DATASUS/index.php?acao=41&area=0901&item=1,ftp_dbc
country,br,br,Brazil,BR,Brazil,D186,Serious work accident,严重工伤,Other,2016-05-01,2016-05,7260,1694.0,0,3.5725161871458866,wpp_computed,,sinan_datasus,Brazil DATASUS SINAN,http://siab.datasus.gov.br/DATASUS/index.php?acao=41&area=0901&item=1,ftp_dbc,sinan_datasus,Brazil DATASUS SINAN,http://siab.datasus.gov.br/DATASUS/index.php?acao=41&area=0901&item=1,ftp_dbc
country,br,br,Brazil,BR,Brazil,D187,Rabies post-exposure prophylaxis,狂犬病暴露后处置,Other,2016-05-01,2016-05,46460,10840.666666666668,0,22.86213526925591,wpp_computed,,sinan_datasus,Brazil DATASUS SINAN,http://siab.datasus.gov.br/DATASUS/index.php?acao=41&area=0901&item=1,ftp_dbc,sinan_datasus,Brazil DATASUS SINAN,http://siab.datasus.gov.br/DATASUS/index.php?acao=41&area=0901&item=1,ftp_dbc
country,br,br,Brazil,BR,Brazil,D188,Work-related cancer,职业相关癌症,Other,2016-05-01,2016-05,27,6.3,0,0.013286217224922719,wpp_computed,,sinan_datasus,Brazil DATASUS SINAN,http://siab.datasus.gov.br/DATASUS/index.php?acao=41&area=0901&item=1,ftp_dbc,sinan_datasus,Brazil DATASUS SINAN,http://siab.datasus.gov.br/DATASUS/index.php?acao=41&area=0901&item=1,ftp_dbc
country,br,br,Brazil,BR,Brazil,D189,Work-related dermatosis,职业性皮肤病,Other,2016-05-01,2016-05,44,10.266666666666666,0,0.021651613255429615,wpp_computed,,sinan_datasus,Brazil DATASUS SINAN,http://siab.datasus.gov.br/DATASUS/index.php?acao=41&area=0901&item=1,ftp_dbc,sinan_datasus,Brazil DATASUS SINAN,http://siab.datasus.gov.br/DATASUS/index.php?acao=41&area=0901&item=1,ftp_dbc
country,br,br,Brazil,BR,Brazil,D190,Sporotrichosis,孢子丝菌病,Fungal,2016-05-01,2016-05,139,32.43333333333334,0,0.06839941460237992,wpp_computed,,sinan_datasus,Brazil DATASUS SINAN,http://siab.datasus.gov.br/DATASUS/index.php?acao=41&area=0901&item=1,ftp_dbc,sinan_datasus,Brazil DATASUS SINAN,http://siab.datasus.gov.br/DATASUS/index.php?acao=41&area=0901&item=1,ftp_dbc
country,br,br,Brazil,BR,Brazil,D191,Exogenous poisoning,外源性中毒,Other,2016-05-01,2016-05,7494,1748.6000000000001,0,3.687663403095217,wpp_computed,,sinan_datasus,Brazil DATASUS SINAN,http://siab.datasus.gov.br/DATASUS/index.php?acao=41&area=0901&item=1,ftp_dbc,sinan_datasus,Brazil DATASUS SINAN,http://siab.datasus.gov.br/DATASUS/index.php?acao=41&area=0901&item=1,ftp_dbc
country,br,br,Brazil,BR,Brazil,D193,Work-related mental disorder,职业相关精神障碍,Other,2016-05-01,2016-05,118,27.53333333333333,0,0.0580656900941067,wpp_computed,,sinan_datasus,Brazil DATASUS SINAN,http://siab.datasus.gov.br/DATASUS/index.php?acao=41&area=0901&item=1,ftp_dbc,sinan_datasus,Brazil DATASUS SINAN,http://siab.datasus.gov.br/DATASUS/index.php?acao=41&area=0901&item=1,ftp_dbc
country,br,br,Brazil,BR,Brazil,D194,Noise-induced hearing loss,噪声性听力损失,Other,2016-05-01,2016-05,96,22.400000000000002,0,0.04723988346639189,wpp_computed,,sinan_datasus,Brazil DATASUS SINAN,http://siab.datasus.gov.br/DATASUS/index.php?acao=41&area=0901&item=1,ftp_dbc,sinan_datasus,Brazil DATASUS SINAN,http://siab.datasus.gov.br/DATASUS/index.php?acao=41&area=0901&item=1,ftp_dbc
country,br,br,Brazil,BR,Brazil,D195,Pneumoconiosis,尘肺病,Other,2016-05-01,2016-05,12,2.8000000000000003,0,0.005904985433298986,wpp_computed,,sinan_datasus,Brazil DATASUS SINAN,http://siab.datasus.gov.br/DATASUS/index.php?acao=41&area=0901&item=1,ftp_dbc,sinan_datasus,Brazil DATASUS SINAN,http://siab.datasus.gov.br/DATASUS/index.php?acao=41&area=0901&item=1,ftp_dbc
country,br,br,Brazil,BR,Brazil,D199,Rotavirus infection,轮状病毒感染,Viral,2016-05-01,2016-05,104,24.266666666666666,0,0.05117654042192454,wpp_computed,,sinan_datasus,Brazil DATASUS SINAN,http://siab.datasus.gov.br/DATASUS/index.php?acao=41&area=0901&item=1,ftp_dbc,sinan_datasus,Brazil DATASUS SINAN,http://siab.datasus.gov.br/DATASUS/index.php?acao=41&area=0901&item=1,ftp_dbc
country,br,br,Brazil,BR,Brazil,D200,Trachoma,沙眼,Bacterial,2016-05-01,2016-05,774,180.6,0,0.3808715604477846,wpp_computed,,sinan_datasus,Brazil DATASUS SINAN,http://siab.datasus.gov.br/DATASUS/index.php?acao=41&area=0901&item=1,ftp_dbc,sinan_datasus,Brazil DATASUS SINAN,http://siab.datasus.gov.br/DATASUS/index.php?acao=41&area=0901&item=1,ftp_dbc
country,br,br,Brazil,BR,Brazil,D201,Exanthematous diseases,出疹性疾病,Viral,2016-05-01,2016-05,224,52.266666666666666,0,0.1102263947549144,wpp_computed,,sinan_datasus,Brazil DATASUS SINAN,http://siab.datasus.gov.br/DATASUS/index.php?acao=41&area=0901&item=1,ftp_dbc,sinan_datasus,Brazil DATASUS SINAN,http://siab.datasus.gov.br/DATASUS/index.php?acao=41&area=0901&item=1,ftp_dbc
country,br,br,Brazil,BR,Brazil,D230,Child exposed to HIV,儿童HIV暴露,Other,2016-05-01,2016-05,591,137.9,0,0.2908205325899751,wpp_computed,,sinan_datasus,Brazil DATASUS SINAN,http://siab.datasus.gov.br/DATASUS/index.php?acao=41&area=0901&item=1,ftp_dbc,sinan_datasus,Brazil DATASUS SINAN,http://siab.datasus.gov.br/DATASUS/index.php?acao=41&area=0901&item=1,ftp_dbc
country,br,br,Brazil,BR,Brazil,D231,HIV infection in pregnancy surveillance event,孕产期HIV感染监测事件,Viral,2016-05-01,2016-05,718,167.53333333333333,0,0.35331496175905597,wpp_computed,,sinan_datasus,Brazil DATASUS SINAN,http://siab.datasus.gov.br/DATASUS/index.php?acao=41&area=0901&item=1,ftp_dbc,sinan_datasus,Brazil DATASUS SINAN,http://siab.datasus.gov.br/DATASUS/index.php?acao=41&area=0901&item=1,ftp_dbc
country,br,br,Brazil,BR,Brazil,D235,Meningitis (all reported etiologies),脑膜炎（全部报告病因）,Other,2016-05-01,2016-05,1651,385.23333333333335,0,0.8124275791980521,wpp_computed,,sinan_datasus,Brazil DATASUS SINAN,http://siab.datasus.gov.br/DATASUS/index.php?acao=41&area=0901&item=1,ftp_dbc,sinan_datasus,Brazil DATASUS SINAN,http://siab.datasus.gov.br/DATASUS/index.php?acao=41&area=0901&item=1,ftp_dbc
country,br,br,Brazil,BR,Brazil,D005,AIDS,艾滋病,Viral,2016-06-01,2016-06,3612,815.6129032258065,0,1.7774006154229947,wpp_computed,,sinan_datasus,Brazil DATASUS SINAN,http://siab.datasus.gov.br/DATASUS/index.php?acao=41&area=0901&item=1,ftp_dbc,sinan_datasus,Brazil DATASUS SINAN,http://siab.datasus.gov.br/DATASUS/index.php?acao=41&area=0901&item=1,ftp_dbc
country,br,br,Brazil,BR,Brazil,D019,Rabies,狂犬病,Viral,2016-06-01,2016-06,4,0.9032258064516129,0,0.0019683284777663288,wpp_computed,,sinan_datasus,Brazil DATASUS SINAN,http://siab.datasus.gov.br/DATASUS/index.php?acao=41&area=0901&item=1,ftp_dbc,sinan_datasus,Brazil DATASUS SINAN,http://siab.datasus.gov.br/DATASUS/index.php?acao=41&area=0901&item=1,ftp_dbc
country,br,br,Brazil,BR,Brazil,D021,Dengue,登革热,Viral,2016-06-01,2016-06,70090,15826.774193548386,0,34.49003575166049,wpp_computed,,sinan_datasus,Brazil DATASUS SINAN,http://siab.datasus.gov.br/DATASUS/index.php?acao=41&area=0901&item=1,ftp_dbc,sinan_datasus,Brazil DATASUS SINAN,http://siab.datasus.gov.br/DATASUS/index.php?acao=41&area=0901&item=1,ftp_dbc
country,br,br,Brazil,BR,Brazil,D025,Tuberculosis,肺结核,Bacterial,2016-06-01,2016-06,7437,1679.3225806451612,0,3.6596147222870465,wpp_computed,,sinan_datasus,Brazil DATASUS SINAN,http://siab.datasus.gov.br/DATASUS/index.php?acao=41&area=0901&item=1,ftp_dbc,sinan_datasus,Brazil DATASUS SINAN,http://siab.datasus.gov.br/DATASUS/index.php?acao=41&area=0901&item=1,ftp_dbc
country,br,br,Brazil,BR,Brazil,D028,Pertussis,百日咳,Bacterial,2016-06-01,2016-06,862,194.64516129032256,0,0.42417478695864386,wpp_computed,,sinan_datasus,Brazil DATASUS SINAN,http://siab.datasus.gov.br/DATASUS/index.php?acao=41&area=0901&item=1,ftp_dbc,sinan_datasus,Brazil DATASUS SINAN,http://siab.datasus.gov.br/DATASUS/index.php?acao=41&area=0901&item=1,ftp_dbc
country,br,br,Brazil,BR,Brazil,D029,Diphtheria,白喉,Bacterial,2016-06-01,2016-06,6,1.3548387096774193,0,0.002952492716649493,wpp_computed,,sinan_datasus,Brazil DATASUS SINAN,http://siab.datasus.gov.br/DATASUS/index.php?acao=41&area=0901&item=1,ftp_dbc,sinan_datasus,Brazil DATASUS SINAN,http://siab.datasus.gov.br/DATASUS/index.php?acao=41&area=0901&item=1,ftp_dbc
country,br,br,Brazil,BR,Brazil,D035,Leptospirosis,钩端螺旋体病,Bacterial,2016-06-01,2016-06,1054,238.0,0,0.5186545538914276,wpp_computed,,sinan_datasus,Brazil DATASUS SINAN,http://siab.datasus.gov.br/DATASUS/index.php?acao=41&area=0901&item=1,ftp_dbc,sinan_datasus,Brazil DATASUS SINAN,http://siab.datasus.gov.br/DATASUS/index.php?acao=41&area=0901&item=1,ftp_dbc
country,br,br,Brazil,BR,Brazil,D036,Schistosomiasis,血吸虫病,Parasitic,2016-06-01,2016-06,513,115.83870967741935,0,0.25243812727353165,wpp_computed,,sinan_datasus,Brazil DATASUS SINAN,http://siab.datasus.gov.br/DATASUS/index.php?acao=41&area=0901&item=1,ftp_dbc,sinan_datasus,Brazil DATASUS SINAN,http://siab.datasus.gov.br/DATASUS/index.php?acao=41&area=0901&item=1,ftp_dbc
country,br,br,Brazil,BR,Brazil,D037,Malaria,疟疾,Parasitic,2016-06-01,2016-06,110,24.838709677419356,0,0.054129033138574034,wpp_computed,,sinan_datasus,Brazil DATASUS SINAN,http://siab.datasus.gov.br/DATASUS/index.php?acao=41&area=0901&item=1,ftp_dbc,sinan_datasus,Brazil DATASUS SINAN,http://siab.datasus.gov.br/DATASUS/index.php?acao=41&area=0901&item=1,ftp_dbc
country,br,br,Brazil,BR,Brazil,D042,Leprosy,麻风病,Bacterial,2016-06-01,2016-06,3008,679.2258064516129,0,1.4801830152802793,wpp_computed,,sinan_datasus,Brazil DATASUS SINAN,http://siab.datasus.gov.br/DATASUS/index.php?acao=41&area=0901&item=1,ftp_dbc,sinan_datasus,Brazil DATASUS SINAN,http://siab.datasus.gov.br/DATASUS/index.php?acao=41&area=0901&item=1,ftp_dbc
country,br,br,Brazil,BR,Brazil,D044,Kala-azar,黑热病,Parasitic,2016-06-01,2016-06,759,171.38709677419354,0,0.37349032865616083,wpp_computed,,sinan_datasus,Brazil DATASUS SINAN,http://siab.datasus.gov.br/DATASUS/index.php?acao=41&area=0901&item=1,ftp_dbc,sinan_datasus,Brazil DATASUS SINAN,http://siab.datasus.gov.br/DATASUS/index.php?acao=41&area=0901&item=1,ftp_dbc
country,br,br,Brazil,BR,Brazil,D051,Zika virus disease,寨卡病毒病,Viral,2016-06-01,2016-06,10268,2318.5806451612907,0,5.052699202426166,wpp_computed,,sinan_datasus,Brazil DATASUS SINAN,http://siab.datasus.gov.br/DATASUS/index.php?acao=41&area=0901&item=1,ftp_dbc,sinan_datasus,Brazil DATASUS SINAN,http://siab.datasus.gov.br/DATASUS/index.php?acao=41&area=0901&item=1,ftp_dbc
country,br,br,Brazil,BR,Brazil,D052,Chikungunya,基孔肯雅热,Viral,2016-06-01,2016-06,35245,7958.548387096775,0,17.343434299718563,wpp_computed,,sinan_datasus,Brazil DATASUS SINAN,http://siab.datasus.gov.br/DATASUS/index.php?acao=41&area=0901&item=1,ftp_dbc,sinan_datasus,Brazil DATASUS SINAN,http://siab.datasus.gov.br/DATASUS/index.php?acao=41&area=0901&item=1,ftp_dbc
country,br,br,Brazil,BR,Brazil,D054,Varicella,水痘,Viral,2016-06-01,2016-06,3871,874.0967741935484,0,1.9048498843583646,wpp_computed,,sinan_datasus,Brazil DATASUS SINAN,http://siab.datasus.gov.br/DATASUS/index.php?acao=41&area=0901&item=1,ftp_dbc,sinan_datasus,Brazil DATASUS SINAN,http://siab.datasus.gov.br/DATASUS/index.php?acao=41&area=0901&item=1,ftp_dbc
country,br,br,Brazil,BR,Brazil,D082,Leishmaniasis,利什曼病,Parasitic,2016-06-01,2016-06,956,215.8709677419355,0,0.4704305061861525,wpp_computed,,sinan_datasus,Brazil DATASUS SINAN,http://siab.datasus.gov.br/DATASUS/index.php?acao=41&area=0901&item=1,ftp_dbc,sinan_datasus,Brazil DATASUS SINAN,http://siab.datasus.gov.br/DATASUS/index.php?acao=41&area=0901&item=1,ftp_dbc
country,br,br,Brazil,BR,Brazil,D084,Chagas disease,恰加斯病,Parasitic,2016-06-01,2016-06,292,65.93548387096774,0,0.14368797887694199,wpp_computed,,sinan_datasus,Brazil DATASUS SINAN,http://siab.datasus.gov.br/DATASUS/index.php?acao=41&area=0901&item=1,ftp_dbc,sinan_datasus,Brazil DATASUS SINAN,http://siab.datasus.gov.br/DATASUS/index.php?acao=41&area=0901&item=1,ftp_dbc
country,br,br,Brazil,BR,Brazil,D102,Hantavirus infection,汉坦病毒感染,Viral,2016-06-01,2016-06,129,29.129032258064516,0,0.06347859340796409,wpp_computed,,sinan_datasus,Brazil DATASUS SINAN,http://siab.datasus.gov.br/DATASUS/index.php?acao=41&area=0901&item=1,ftp_dbc,sinan_datasus,Brazil DATASUS SINAN,http://siab.datasus.gov.br/DATASUS/index.php?acao=41&area=0901&item=1,ftp_dbc
country,br,br,Brazil,BR,Brazil,D118,Spotted fever rickettsiosis,斑点热立克次体病,Bacterial,2016-06-01,2016-06,99,22.354838709677416,0,0.04871612982471663,wpp_computed,,sinan_datasus,Brazil DATASUS SINAN,http://siab.datasus.gov.br/DATASUS/index.php?acao=41&area=0901&item=1,ftp_dbc,sinan_datasus,Brazil DATASUS SINAN,http://siab.datasus.gov.br/DATASUS/index.php?acao=41&area=0901&item=1,ftp_dbc
country,br,br,Brazil,BR,Brazil,D120,Tetanus,破伤风,Bacterial,2016-06-01,2016-06,30,6.774193548387097,0,0.014762463583247464,wpp_computed,,sinan_datasus,Brazil DATASUS SINAN,http://siab.datasus.gov.br/DATASUS/index.php?acao=41&area=0901&item=1,ftp_dbc,sinan_datasus,Brazil DATASUS SINAN,http://siab.datasus.gov.br/DATASUS/index.php?acao=41&area=0901&item=1,ftp_dbc
country,br,br,Brazil,BR,Brazil,D124,Typhoid fever,伤寒,Bacterial,2016-06-01,2016-06,30,6.774193548387097,0,0.014762463583247464,wpp_computed,,sinan_datasus,Brazil DATASUS SINAN,http://siab.datasus.gov.br/DATASUS/index.php?acao=41&area=0901&item=1,ftp_dbc,sinan_datasus,Brazil DATASUS SINAN,http://siab.datasus.gov.br/DATASUS/index.php?acao=41&area=0901&item=1,ftp_dbc
country,br,br,Brazil,BR,Brazil,D144,Creutzfeldt-Jakob disease,克雅氏病,Prion,2016-06-01,2016-06,10,2.258064516129032,0,0.004920821194415822,wpp_computed,,sinan_datasus,Brazil DATASUS SINAN,http://siab.datasus.gov.br/DATASUS/index.php?acao=41&area=0901&item=1,ftp_dbc,sinan_datasus,Brazil DATASUS SINAN,http://siab.datasus.gov.br/DATASUS/index.php?acao=41&area=0901&item=1,ftp_dbc
country,br,br,Brazil,BR,Brazil,D162,HIV infection,人类免疫缺乏病毒感染,Viral,2016-06-01,2016-06,4196,947.4838709677418,0,2.064776573176879,wpp_computed,,sinan_datasus,Brazil DATASUS SINAN,http://siab.datasus.gov.br/DATASUS/index.php?acao=41&area=0901&item=1,ftp_dbc,sinan_datasus,Brazil DATASUS SINAN,http://siab.datasus.gov.br/DATASUS/index.php?acao=41&area=0901&item=1,ftp_dbc
country,br,br,Brazil,BR,Brazil,D168,Congenital rubella syndrome,先天性风疹综合征,Viral,2016-06-01,2016-06,6,1.3548387096774193,0,0.002952492716649493,wpp_computed,,sinan_datasus,Brazil DATASUS SINAN,http://siab.datasus.gov.br/DATASUS/index.php?acao=41&area=0901&item=1,ftp_dbc,sinan_datasus,Brazil DATASUS SINAN,http://siab.datasus.gov.br/DATASUS/index.php?acao=41&area=0901&item=1,ftp_dbc
country,br,br,Brazil,BR,Brazil,D178,Acute flaccid paralysis,急性无力肢体麻痹,Other,2016-06-01,2016-06,68,15.354838709677418,0,0.033461584122027585,wpp_computed,,sinan_datasus,Brazil DATASUS SINAN,http://siab.datasus.gov.br/DATASUS/index.php?acao=41&area=0901&item=1,ftp_dbc,sinan_datasus,Brazil DATASUS SINAN,http://siab.datasus.gov.br/DATASUS/index.php?acao=41&area=0901&item=1,ftp_dbc
country,br,br,Brazil,BR,Brazil,D184,Accident caused by venomous animals,毒性动物伤害,Other,2016-06-01,2016-06,11151,2517.967741935484,0,5.487207713893083,wpp_computed,,sinan_datasus,Brazil DATASUS SINAN,http://siab.datasus.gov.br/DATASUS/index.php?acao=41&area=0901&item=1,ftp_dbc,sinan_datasus,Brazil DATASUS SINAN,http://siab.datasus.gov.br/DATASUS/index.php?acao=41&area=0901&item=1,ftp_dbc
country,br,br,Brazil,BR,Brazil,D185,Work accident with biological material,生物材料职业暴露事故,Other,2016-06-01,2016-06,4991,1127.0,0,2.4559818581329367,wpp_computed,,sinan_datasus,Brazil DATASUS SINAN,http://siab.datasus.gov.br/DATASUS/index.php?acao=41&area=0901&item=1,ftp_dbc,sinan_datasus,Brazil DATASUS SINAN,http://siab.datasus.gov.br/DATASUS/index.php?acao=41&area=0901&item=1,ftp_dbc
country,br,br,Brazil,BR,Brazil,D186,Serious work accident,严重工伤,Other,2016-06-01,2016-06,7661,1729.9032258064517,0,3.769841117041961,wpp_computed,,sinan_datasus,Brazil DATASUS SINAN,http://siab.datasus.gov.br/DATASUS/index.php?acao=41&area=0901&item=1,ftp_dbc,sinan_datasus,Brazil DATASUS SINAN,http://siab.datasus.gov.br/DATASUS/index.php?acao=41&area=0901&item=1,ftp_dbc
country,br,br,Brazil,BR,Brazil,D187,Rabies post-exposure prophylaxis,狂犬病暴露后处置,Other,2016-06-01,2016-06,48113,10864.225806451614,0,23.675547012692842,wpp_computed,,sinan_datasus,Brazil DATASUS SINAN,http://siab.datasus.gov.br/DATASUS/index.php?acao=41&area=0901&item=1,ftp_dbc,sinan_datasus,Brazil DATASUS SINAN,http://siab.datasus.gov.br/DATASUS/index.php?acao=41&area=0901&item=1,ftp_dbc
country,br,br,Brazil,BR,Brazil,D188,Work-related cancer,职业相关癌症,Other,2016-06-01,2016-06,22,4.967741935483871,0,0.010825806627714808,wpp_computed,,sinan_datasus,Brazil DATASUS SINAN,http://siab.datasus.gov.br/DATASUS/index.php?acao=41&area=0901&item=1,ftp_dbc,sinan_datasus,Brazil DATASUS SINAN,http://siab.datasus.gov.br/DATASUS/index.php?acao=41&area=0901&item=1,ftp_dbc
country,br,br,Brazil,BR,Brazil,D189,Work-related dermatosis,职业性皮肤病,Other,2016-06-01,2016-06,61,13.774193548387096,0,0.030017009285936508,wpp_computed,,sinan_datasus,Brazil DATASUS SINAN,http://siab.datasus.gov.br/DATASUS/index.php?acao=41&area=0901&item=1,ftp_dbc,sinan_datasus,Brazil DATASUS SINAN,http://siab.datasus.gov.br/DATASUS/index.php?acao=41&area=0901&item=1,ftp_dbc
country,br,br,Brazil,BR,Brazil,D190,Sporotrichosis,孢子丝菌病,Fungal,2016-06-01,2016-06,153,34.54838709677419,0,0.07528856427456207,wpp_computed,,sinan_datasus,Brazil DATASUS SINAN,http://siab.datasus.gov.br/DATASUS/index.php?acao=41&area=0901&item=1,ftp_dbc,sinan_datasus,Brazil DATASUS SINAN,http://siab.datasus.gov.br/DATASUS/index.php?acao=41&area=0901&item=1,ftp_dbc
country,br,br,Brazil,BR,Brazil,D191,Exogenous poisoning,外源性中毒,Other,2016-06-01,2016-06,7533,1701.0,0,3.7068546057534384,wpp_computed,,sinan_datasus,Brazil DATASUS SINAN,http://siab.datasus.gov.br/DATASUS/index.php?acao=41&area=0901&item=1,ftp_dbc,sinan_datasus,Brazil DATASUS SINAN,http://siab.datasus.gov.br/DATASUS/index.php?acao=41&area=0901&item=1,ftp_dbc
country,br,br,Brazil,BR,Brazil,D193,Work-related mental disorder,职业相关精神障碍,Other,2016-06-01,2016-06,132,29.806451612903224,0,0.06495483976628884,wpp_computed,,sinan_datasus,Brazil DATASUS SINAN,http://siab.datasus.gov.br/DATASUS/index.php?acao=41&area=0901&item=1,ftp_dbc,sinan_datasus,Brazil DATASUS SINAN,http://siab.datasus.gov.br/DATASUS/index.php?acao=41&area=0901&item=1,ftp_dbc
country,br,br,Brazil,BR,Brazil,D194,Noise-induced hearing loss,噪声性听力损失,Other,2016-06-01,2016-06,84,18.96774193548387,0,0.041334898033092905,wpp_computed,,sinan_datasus,Brazil DATASUS SINAN,http://siab.datasus.gov.br/DATASUS/index.php?acao=41&area=0901&item=1,ftp_dbc,sinan_datasus,Brazil DATASUS SINAN,http://siab.datasus.gov.br/DATASUS/index.php?acao=41&area=0901&item=1,ftp_dbc
country,br,br,Brazil,BR,Brazil,D195,Pneumoconiosis,尘肺病,Other,2016-06-01,2016-06,17,3.8387096774193545,0,0.008365396030506896,wpp_computed,,sinan_datasus,Brazil DATASUS SINAN,http://siab.datasus.gov.br/DATASUS/index.php?acao=41&area=0901&item=1,ftp_dbc,sinan_datasus,Brazil DATASUS SINAN,http://siab.datasus.gov.br/DATASUS/index.php?acao=41&area=0901&item=1,ftp_dbc
country,br,br,Brazil,BR,Brazil,D199,Rotavirus infection,轮状病毒感染,Viral,2016-06-01,2016-06,111,25.064516129032256,0,0.05462111525801562,wpp_computed,,sinan_datasus,Brazil DATASUS SINAN,http://siab.datasus.gov.br/DATASUS/index.php?acao=41&area=0901&item=1,ftp_dbc,sinan_datasus,Brazil DATASUS SINAN,http://siab.datasus.gov.br/DATASUS/index.php?acao=41&area=0901&item=1,ftp_dbc
country,br,br,Brazil,BR,Brazil,D200,Trachoma,沙眼,Bacterial,2016-06-01,2016-06,808,182.45161290322582,0,0.3976023525087984,wpp_computed,,sinan_datasus,Brazil DATASUS SINAN,http://siab.datasus.gov.br/DATASUS/index.php?acao=41&area=0901&item=1,ftp_dbc,sinan_datasus,Brazil DATASUS SINAN,http://siab.datasus.gov.br/DATASUS/index.php?acao=41&area=0901&item=1,ftp_dbc
country,br,br,Brazil,BR,Brazil,D201,Exanthematous diseases,出疹性疾病,Viral,2016-06-01,2016-06,154,34.774193548387096,0,0.07578064639400366,wpp_computed,,sinan_datasus,Brazil DATASUS SINAN,http://siab.datasus.gov.br/DATASUS/index.php?acao=41&area=0901&item=1,ftp_dbc,sinan_datasus,Brazil DATASUS SINAN,http://siab.datasus.gov.br/DATASUS/index.php?acao=41&area=0901&item=1,ftp_dbc
country,br,br,Brazil,BR,Brazil,D230,Child exposed to HIV,儿童HIV暴露,Other,2016-06-01,2016-06,659,148.80645161290323,0,0.32428211671200263,wpp_computed,,sinan_datasus,Brazil DATASUS SINAN,http://siab.datasus.gov.br/DATASUS/index.php?acao=41&area=0901&item=1,ftp_dbc,sinan_datasus,Brazil DATASUS SINAN,http://siab.datasus.gov.br/DATASUS/index.php?acao=41&area=0901&item=1,ftp_dbc
country,br,br,Brazil,BR,Brazil,D231,HIV infection in pregnancy surveillance event,孕产期HIV感染监测事件,Viral,2016-06-01,2016-06,722,163.03225806451613,0,0.3552832902368223,wpp_computed,,sinan_datasus,Brazil DATASUS SINAN,http://siab.datasus.gov.br/DATASUS/index.php?acao=41&area=0901&item=1,ftp_dbc,sinan_datasus,Brazil DATASUS SINAN,http://siab.datasus.gov.br/DATASUS/index.php?acao=41&area=0901&item=1,ftp_dbc
country,br,br,Brazil,BR,Brazil,D235,Meningitis (all reported etiologies),脑膜炎（全部报告病因）,Other,2016-06-01,2016-06,1942,438.5161290322581,0,0.9556234759555526,wpp_computed,,sinan_datasus,Brazil DATASUS SINAN,http://siab.datasus.gov.br/DATASUS/index.php?acao=41&area=0901&item=1,ftp_dbc,sinan_datasus,Brazil DATASUS SINAN,http://siab.datasus.gov.br/DATASUS/index.php?acao=41&area=0901&item=1,ftp_dbc
country,br,br,Brazil,BR,Brazil,D001,Plague,鼠疫,Bacterial,2016-07-01,2016-07,1,0.01,0,0.0004920821194415822,wpp_computed,,sinan_datasus,Brazil DATASUS SINAN,http://siab.datasus.gov.br/DATASUS/index.php?acao=41&area=0901&item=1,ftp_dbc,sinan_datasus,Brazil DATASUS SINAN,http://siab.datasus.gov.br/DATASUS/index.php?acao=41&area=0901&item=1,ftp_dbc
country,br,br,Brazil,BR,Brazil,D005,AIDS,艾滋病,Viral,2016-07-01,2016-07,3276,764.4,0,1.612061023290623,wpp_computed,,sinan_datasus,Brazil DATASUS SINAN,http://siab.datasus.gov.br/DATASUS/index.php?acao=41&area=0901&item=1,ftp_dbc,sinan_datasus,Brazil DATASUS SINAN,http://siab.datasus.gov.br/DATASUS/index.php?acao=41&area=0901&item=1,ftp_dbc
country,br,br,Brazil,BR,Brazil,D019,Rabies,狂犬病,Viral,2016-07-01,2016-07,18,4.2,0,0.00885747814994848,wpp_computed,,sinan_datasus,Brazil DATASUS SINAN,http://siab.datasus.gov.br/DATASUS/index.php?acao=41&area=0901&item=1,ftp_dbc,sinan_datasus,Brazil DATASUS SINAN,http://siab.datasus.gov.br/DATASUS/index.php?acao=41&area=0901&item=1,ftp_dbc
country,br,br,Brazil,BR,Brazil,D021,Dengue,登革热,Viral,2016-07-01,2016-07,35811,8355.9,0,17.6219527793225,wpp_computed,,sinan_datasus,Brazil DATASUS SINAN,http://siab.datasus.gov.br/DATASUS/index.php?acao=41&area=0901&item=1,ftp_dbc,sinan_datasus,Brazil DATASUS SINAN,http://siab.datasus.gov.br/DATASUS/index.php?acao=41&area=0901&item=1,ftp_dbc
country,br,br,Brazil,BR,Brazil,D025,Tuberculosis,肺结核,Bacterial,2016-07-01,2016-07,6934,1617.9333333333334,0,3.412097416207931,wpp_computed,,sinan_datasus,Brazil DATASUS SINAN,http://siab.datasus.gov.br/DATASUS/index.php?acao=41&area=0901&item=1,ftp_dbc,sinan_datasus,Brazil DATASUS SINAN,http://siab.datasus.gov.br/DATASUS/index.php?acao=41&area=0901&item=1,ftp_dbc
country,br,br,Brazil,BR,Brazil,D028,Pertussis,百日咳,Bacterial,2016-07-01,2016-07,642,149.79999999999998,0,0.31591672068149573,wpp_computed,,sinan_datasus,Brazil DATASUS SINAN,http://siab.datasus.gov.br/DATASUS/index.php?acao=41&area=0901&item=1,ftp_dbc,sinan_datasus,Brazil DATASUS SINAN,http://siab.datasus.gov.br/DATASUS/index.php?acao=41&area=0901&item=1,ftp_dbc
country,br,br,Brazil,BR,Brazil,D029,Diphtheria,白喉,Bacterial,2016-07-01,2016-07,1,0.23333333333333334,0,0.0004920821194415822,wpp_computed,,sinan_datasus,Brazil DATASUS SINAN,http://siab.datasus.gov.br/DATASUS/index.php?acao=41&area=0901&item=1,ftp_dbc,sinan_datasus,Brazil DATASUS SINAN,http://siab.datasus.gov.br/DATASUS/index.php?acao=41&area=0901&item=1,ftp_dbc
country,br,br,Brazil,BR,Brazil,D035,Leptospirosis,钩端螺旋体病,Bacterial,2016-07-01,2016-07,772,180.13333333333333,0,0.37988739620890144,wpp_computed,,sinan_datasus,Brazil DATASUS SINAN,http://siab.datasus.gov.br/DATASUS/index.php?acao=41&area=0901&item=1,ftp_dbc,sinan_datasus,Brazil DATASUS SINAN,http://siab.datasus.gov.br/DATASUS/index.php?acao=41&area=0901&item=1,ftp_dbc
country,br,br,Brazil,BR,Brazil,D036,Schistosomiasis,血吸虫病,Parasitic,2016-07-01,2016-07,471,109.89999999999999,0,0.23177067825698522,wpp_computed,,sinan_datasus,Brazil DATASUS SINAN,http://siab.datasus.gov.br/DATASUS/index.php?acao=41&area=0901&item=1,ftp_dbc,sinan_datasus,Brazil DATASUS SINAN,http://siab.datasus.gov.br/DATASUS/index.php?acao=41&area=0901&item=1,ftp_dbc
country,br,br,Brazil,BR,Brazil,D037,Malaria,疟疾,Parasitic,2016-07-01,2016-07,97,22.633333333333333,0,0.04773196558583347,wpp_computed,,sinan_datasus,Brazil DATASUS SINAN,http://siab.datasus.gov.br/DATASUS/index.php?acao=41&area=0901&item=1,ftp_dbc,sinan_datasus,Brazil DATASUS SINAN,http://siab.datasus.gov.br/DATASUS/index.php?acao=41&area=0901&item=1,ftp_dbc
country,br,br,Brazil,BR,Brazil,D042,Leprosy,麻风病,Bacterial,2016-07-01,2016-07,2567,598.9666666666667,0,1.2631748006065415,wpp_computed,,sinan_datasus,Brazil DATASUS SINAN,http://siab.datasus.gov.br/DATASUS/index.php?acao=41&area=0901&item=1,ftp_dbc,sinan_datasus,Brazil DATASUS SINAN,http://siab.datasus.gov.br/DATASUS/index.php?acao=41&area=0901&item=1,ftp_dbc
country,br,br,Brazil,BR,Brazil,D044,Kala-azar,黑热病,Parasitic,2016-07-01,2016-07,763,178.03333333333333,0,0.3754586571339272,wpp_computed,,sinan_datasus,Brazil DATASUS SINAN,http://siab.datasus.gov.br/DATASUS/index.php?acao=41&area=0901&item=1,ftp_dbc,sinan_datasus,Brazil DATASUS SINAN,http://siab.datasus.gov.br/DATASUS/index.php?acao=41&area=0901&item=1,ftp_dbc
country,br,br,Brazil,BR,Brazil,D051,Zika virus disease,寨卡病毒病,Viral,2016-07-01,2016-07,5023,1172.0333333333333,0,2.471728485955067,wpp_computed,,sinan_datasus,Brazil DATASUS SINAN,http://siab.datasus.gov.br/DATASUS/index.php?acao=41&area=0901&item=1,ftp_dbc,sinan_datasus,Brazil DATASUS SINAN,http://siab.datasus.gov.br/DATASUS/index.php?acao=41&area=0901&item=1,ftp_dbc
country,br,br,Brazil,BR,Brazil,D052,Chikungunya,基孔肯雅热,Viral,2016-07-01,2016-07,19882,4639.133333333333,0,9.783576698737535,wpp_computed,,sinan_datasus,Brazil DATASUS SINAN,http://siab.datasus.gov.br/DATASUS/index.php?acao=41&area=0901&item=1,ftp_dbc,sinan_datasus,Brazil DATASUS SINAN,http://siab.datasus.gov.br/DATASUS/index.php?acao=41&area=0901&item=1,ftp_dbc
country,br,br,Brazil,BR,Brazil,D054,Varicella,水痘,Viral,2016-07-01,2016-07,5482,1279.1333333333332,0,2.6975941787787536,wpp_computed,,sinan_datasus,Brazil DATASUS SINAN,http://siab.datasus.gov.br/DATASUS/index.php?acao=41&area=0901&item=1,ftp_dbc,sinan_datasus,Brazil DATASUS SINAN,http://siab.datasus.gov.br/DATASUS/index.php?acao=41&area=0901&item=1,ftp_dbc
country,br,br,Brazil,BR,Brazil,D082,Leishmaniasis,利什曼病,Parasitic,2016-07-01,2016-07,979,228.43333333333334,0,0.4817483949333089,wpp_computed,,sinan_datasus,Brazil DATASUS SINAN,http://siab.datasus.gov.br/DATASUS/index.php?acao=41&area=0901&item=1,ftp_dbc,sinan_datasus,Brazil DATASUS SINAN,http://siab.datasus.gov.br/DATASUS/index.php?acao=41&area=0901&item=1,ftp_dbc
country,br,br,Brazil,BR,Brazil,D084,Chagas disease,恰加斯病,Parasitic,2016-07-01,2016-07,269,62.766666666666666,0,0.1323700901297856,wpp_computed,,sinan_datasus,Brazil DATASUS SINAN,http://siab.datasus.gov.br/DATASUS/index.php?acao=41&area=0901&item=1,ftp_dbc,sinan_datasus,Brazil DATASUS SINAN,http://siab.datasus.gov.br/DATASUS/index.php?acao=41&area=0901&item=1,ftp_dbc
country,br,br,Brazil,BR,Brazil,D102,Hantavirus infection,汉坦病毒感染,Viral,2016-07-01,2016-07,111,25.900000000000002,0,0.05462111525801562,wpp_computed,,sinan_datasus,Brazil DATASUS SINAN,http://siab.datasus.gov.br/DATASUS/index.php?acao=41&area=0901&item=1,ftp_dbc,sinan_datasus,Brazil DATASUS SINAN,http://siab.datasus.gov.br/DATASUS/index.php?acao=41&area=0901&item=1,ftp_dbc
country,br,br,Brazil,BR,Brazil,D118,Spotted fever rickettsiosis,斑点热立克次体病,Bacterial,2016-07-01,2016-07,131,30.566666666666663,0,0.06446275764684727,wpp_computed,,sinan_datasus,Brazil DATASUS SINAN,http://siab.datasus.gov.br/DATASUS/index.php?acao=41&area=0901&item=1,ftp_dbc,sinan_datasus,Brazil DATASUS SINAN,http://siab.datasus.gov.br/DATASUS/index.php?acao=41&area=0901&item=1,ftp_dbc
country,br,br,Brazil,BR,Brazil,D120,Tetanus,破伤风,Bacterial,2016-07-01,2016-07,47,10.966666666666667,0,0.023127859613754364,wpp_computed,,sinan_datasus,Brazil DATASUS SINAN,http://siab.datasus.gov.br/DATASUS/index.php?acao=41&area=0901&item=1,ftp_dbc,sinan_datasus,Brazil DATASUS SINAN,http://siab.datasus.gov.br/DATASUS/index.php?acao=41&area=0901&item=1,ftp_dbc
country,br,br,Brazil,BR,Brazil,D124,Typhoid fever,伤寒,Bacterial,2016-07-01,2016-07,29,6.766666666666667,0,0.014270381463805881,wpp_computed,,sinan_datasus,Brazil DATASUS SINAN,http://siab.datasus.gov.br/DATASUS/index.php?acao=41&area=0901&item=1,ftp_dbc,sinan_datasus,Brazil DATASUS SINAN,http://siab.datasus.gov.br/DATASUS/index.php?acao=41&area=0901&item=1,ftp_dbc
country,br,br,Brazil,BR,Brazil,D144,Creutzfeldt-Jakob disease,克雅氏病,Prion,2016-07-01,2016-07,10,2.333333333333333,0,0.004920821194415822,wpp_computed,,sinan_datasus,Brazil DATASUS SINAN,http://siab.datasus.gov.br/DATASUS/index.php?acao=41&area=0901&item=1,ftp_dbc,sinan_datasus,Brazil DATASUS SINAN,http://siab.datasus.gov.br/DATASUS/index.php?acao=41&area=0901&item=1,ftp_dbc
country,br,br,Brazil,BR,Brazil,D162,HIV infection,人类免疫缺乏病毒感染,Viral,2016-07-01,2016-07,3563,831.3666666666667,0,1.7532885915703573,wpp_computed,,sinan_datasus,Brazil DATASUS SINAN,http://siab.datasus.gov.br/DATASUS/index.php?acao=41&area=0901&item=1,ftp_dbc,sinan_datasus,Brazil DATASUS SINAN,http://siab.datasus.gov.br/DATASUS/index.php?acao=41&area=0901&item=1,ftp_dbc
country,br,br,Brazil,BR,Brazil,D168,Congenital rubella syndrome,先天性风疹综合征,Viral,2016-07-01,2016-07,6,1.4000000000000001,0,0.002952492716649493,wpp_computed,,sinan_datasus,Brazil DATASUS SINAN,http://siab.datasus.gov.br/DATASUS/index.php?acao=41&area=0901&item=1,ftp_dbc,sinan_datasus,Brazil DATASUS SINAN,http://siab.datasus.gov.br/DATASUS/index.php?acao=41&area=0901&item=1,ftp_dbc
country,br,br,Brazil,BR,Brazil,D178,Acute flaccid paralysis,急性无力肢体麻痹,Other,2016-07-01,2016-07,53,12.366666666666667,0,0.026080352330403855,wpp_computed,,sinan_datasus,Brazil DATASUS SINAN,http://siab.datasus.gov.br/DATASUS/index.php?acao=41&area=0901&item=1,ftp_dbc,sinan_datasus,Brazil DATASUS SINAN,http://siab.datasus.gov.br/DATASUS/index.php?acao=41&area=0901&item=1,ftp_dbc
country,br,br,Brazil,BR,Brazil,D184,Accident caused by venomous animals,毒性动物伤害,Other,2016-07-01,2016-07,12208,2848.5333333333333,0,6.007338514142835,wpp_computed,,sinan_datasus,Brazil DATASUS SINAN,http://siab.datasus.gov.br/DATASUS/index.php?acao=41&area=0901&item=1,ftp_dbc,sinan_datasus,Brazil DATASUS SINAN,http://siab.datasus.gov.br/DATASUS/index.php?acao=41&area=0901&item=1,ftp_dbc
country,br,br,Brazil,BR,Brazil,D185,Work accident with biological material,生物材料职业暴露事故,Other,2016-07-01,2016-07,4465,1041.8333333333335,0,2.1971466633066643,wpp_computed,,sinan_datasus,Brazil DATASUS SINAN,http://siab.datasus.gov.br/DATASUS/index.php?acao=41&area=0901&item=1,ftp_dbc,sinan_datasus,Brazil DATASUS SINAN,http://siab.datasus.gov.br/DATASUS/index.php?acao=41&area=0901&item=1,ftp_dbc
country,br,br,Brazil,BR,Brazil,D186,Serious work accident,严重工伤,Other,2016-07-01,2016-07,7374,1720.6000000000001,0,3.6286135487622264,wpp_computed,,sinan_datasus,Brazil DATASUS SINAN,http://siab.datasus.gov.br/DATASUS/index.php?acao=41&area=0901&item=1,ftp_dbc,sinan_datasus,Brazil DATASUS SINAN,http://siab.datasus.gov.br/DATASUS/index.php?acao=41&area=0901&item=1,ftp_dbc
country,br,br,Brazil,BR,Brazil,D187,Rabies post-exposure prophylaxis,狂犬病暴露后处置,Other,2016-07-01,2016-07,52905,12344.5,0,26.033604529056905,wpp_computed,,sinan_datasus,Brazil DATASUS SINAN,http://siab.datasus.gov.br/DATASUS/index.php?acao=41&area=0901&item=1,ftp_dbc,sinan_datasus,Brazil DATASUS SINAN,http://siab.datasus.gov.br/DATASUS/index.php?acao=41&area=0901&item=1,ftp_dbc
country,br,br,Brazil,BR,Brazil,D188,Work-related cancer,职业相关癌症,Other,2016-07-01,2016-07,8,1.8666666666666667,0,0.0039366569555326575,wpp_computed,,sinan_datasus,Brazil DATASUS SINAN,http://siab.datasus.gov.br/DATASUS/index.php?acao=41&area=0901&item=1,ftp_dbc,sinan_datasus,Brazil DATASUS SINAN,http://siab.datasus.gov.br/DATASUS/index.php?acao=41&area=0901&item=1,ftp_dbc
country,br,br,Brazil,BR,Brazil,D189,Work-related dermatosis,职业性皮肤病,Other,2016-07-01,2016-07,36,8.4,0,0.01771495629989696,wpp_computed,,sinan_datasus,Brazil DATASUS SINAN,http://siab.datasus.gov.br/DATASUS/index.php?acao=41&area=0901&item=1,ftp_dbc,sinan_datasus,Brazil DATASUS SINAN,http://siab.datasus.gov.br/DATASUS/index.php?acao=41&area=0901&item=1,ftp_dbc
country,br,br,Brazil,BR,Brazil,D190,Sporotrichosis,孢子丝菌病,Fungal,2016-07-01,2016-07,229,53.43333333333334,0,0.11268680535212232,wpp_computed,,sinan_datasus,Brazil DATASUS SINAN,http://siab.datasus.gov.br/DATASUS/index.php?acao=41&area=0901&item=1,ftp_dbc,sinan_datasus,Brazil DATASUS SINAN,http://siab.datasus.gov.br/DATASUS/index.php?acao=41&area=0901&item=1,ftp_dbc
country,br,br,Brazil,BR,Brazil,D191,Exogenous poisoning,外源性中毒,Other,2016-07-01,2016-07,8202,1913.7999999999997,0,4.036057543659857,wpp_computed,,sinan_datasus,Brazil DATASUS SINAN,http://siab.datasus.gov.br/DATASUS/index.php?acao=41&area=0901&item=1,ftp_dbc,sinan_datasus,Brazil DATASUS SINAN,http://siab.datasus.gov.br/DATASUS/index.php?acao=41&area=0901&item=1,ftp_dbc
country,br,br,Brazil,BR,Brazil,D193,Work-related mental disorder,职业相关精神障碍,Other,2016-07-01,2016-07,150,35.0,0,0.07381231791623732,wpp_computed,,sinan_datasus,Brazil DATASUS SINAN,http://siab.datasus.gov.br/DATASUS/index.php?acao=41&area=0901&item=1,ftp_dbc,sinan_datasus,Brazil DATASUS SINAN,http://siab.datasus.gov.br/DATASUS/index.php?acao=41&area=0901&item=1,ftp_dbc
country,br,br,Brazil,BR,Brazil,D194,Noise-induced hearing loss,噪声性听力损失,Other,2016-07-01,2016-07,104,24.266666666666666,0,0.05117654042192454,wpp_computed,,sinan_datasus,Brazil DATASUS SINAN,http://siab.datasus.gov.br/DATASUS/index.php?acao=41&area=0901&item=1,ftp_dbc,sinan_datasus,Brazil DATASUS SINAN,http://siab.datasus.gov.br/DATASUS/index.php?acao=41&area=0901&item=1,ftp_dbc
country,br,br,Brazil,BR,Brazil,D195,Pneumoconiosis,尘肺病,Other,2016-07-01,2016-07,13,3.033333333333333,0,0.006397067552740568,wpp_computed,,sinan_datasus,Brazil DATASUS SINAN,http://siab.datasus.gov.br/DATASUS/index.php?acao=41&area=0901&item=1,ftp_dbc,sinan_datasus,Brazil DATASUS SINAN,http://siab.datasus.gov.br/DATASUS/index.php?acao=41&area=0901&item=1,ftp_dbc
country,br,br,Brazil,BR,Brazil,D199,Rotavirus infection,轮状病毒感染,Viral,2016-07-01,2016-07,95,22.166666666666664,0,0.04674780134695031,wpp_computed,,sinan_datasus,Brazil DATASUS SINAN,http://siab.datasus.gov.br/DATASUS/index.php?acao=41&area=0901&item=1,ftp_dbc,sinan_datasus,Brazil DATASUS SINAN,http://siab.datasus.gov.br/DATASUS/index.php?acao=41&area=0901&item=1,ftp_dbc
country,br,br,Brazil,BR,Brazil,D200,Trachoma,沙眼,Bacterial,2016-07-01,2016-07,312,72.8,0,0.15352962126577363,wpp_computed,,sinan_datasus,Brazil DATASUS SINAN,http://siab.datasus.gov.br/DATASUS/index.php?acao=41&area=0901&item=1,ftp_dbc,sinan_datasus,Brazil DATASUS SINAN,http://siab.datasus.gov.br/DATASUS/index.php?acao=41&area=0901&item=1,ftp_dbc
country,br,br,Brazil,BR,Brazil,D201,Exanthematous diseases,出疹性疾病,Viral,2016-07-01,2016-07,145,33.83333333333333,0,0.07135190731902942,wpp_computed,,sinan_datasus,Brazil DATASUS SINAN,http://siab.datasus.gov.br/DATASUS/index.php?acao=41&area=0901&item=1,ftp_dbc,sinan_datasus,Brazil DATASUS SINAN,http://siab.datasus.gov.br/DATASUS/index.php?acao=41&area=0901&item=1,ftp_dbc
country,br,br,Brazil,BR,Brazil,D230,Child exposed to HIV,儿童HIV暴露,Other,2016-07-01,2016-07,552,128.79999999999998,0,0.27162932993175337,wpp_computed,,sinan_datasus,Brazil DATASUS SINAN,http://siab.datasus.gov.br/DATASUS/index.php?acao=41&area=0901&item=1,ftp_dbc,sinan_datasus,Brazil DATASUS SINAN,http://siab.datasus.gov.br/DATASUS/index.php?acao=41&area=0901&item=1,ftp_dbc
country,br,br,Brazil,BR,Brazil,D231,HIV infection in pregnancy surveillance event,孕产期HIV感染监测事件,Viral,2016-07-01,2016-07,630,147.0,0,0.31001173524819675,wpp_computed,,sinan_datasus,Brazil DATASUS SINAN,http://siab.datasus.gov.br/DATASUS/index.php?acao=41&area=0901&item=1,ftp_dbc,sinan_datasus,Brazil DATASUS SINAN,http://siab.datasus.gov.br/DATASUS/index.php?acao=41&area=0901&item=1,ftp_dbc
country,br,br,Brazil,BR,Brazil,D235,Meningitis (all reported etiologies),脑膜炎（全部报告病因）,Other,2016-07-01,2016-07,1865,435.16666666666663,0,0.9177331527585507,wpp_computed,,sinan_datasus,Brazil DATASUS SINAN,http://siab.datasus.gov.br/DATASUS/index.php?acao=41&area=0901&item=1,ftp_dbc,sinan_datasus,Brazil DATASUS SINAN,http://siab.datasus.gov.br/DATASUS/index.php?acao=41&area=0901&item=1,ftp_dbc
country,br,br,Brazil,BR,Brazil,D005,AIDS,艾滋病,Viral,2016-08-01,2016-08,3771,851.516129032258,0,1.8556416724142064,wpp_computed,,sinan_datasus,Brazil DATASUS SINAN,http://siab.datasus.gov.br/DATASUS/index.php?acao=41&area=0901&item=1,ftp_dbc,sinan_datasus,Brazil DATASUS SINAN,http://siab.datasus.gov.br/DATASUS/index.php?acao=41&area=0901&item=1,ftp_dbc
country,br,br,Brazil,BR,Brazil,D019,Rabies,狂犬病,Viral,2016-08-01,2016-08,22,4.967741935483871,0,0.010825806627714808,wpp_computed,,sinan_datasus,Brazil DATASUS SINAN,http://siab.datasus.gov.br/DATASUS/index.php?acao=41&area=0901&item=1,ftp_dbc,sinan_datasus,Brazil DATASUS SINAN,http://siab.datasus.gov.br/DATASUS/index.php?acao=41&area=0901&item=1,ftp_dbc
country,br,br,Brazil,BR,Brazil,D021,Dengue,登革热,Viral,2016-08-01,2016-08,26453,5973.25806451613,0,13.017048305588174,wpp_computed,,sinan_datasus,Brazil DATASUS SINAN,http://siab.datasus.gov.br/DATASUS/index.php?acao=41&area=0901&item=1,ftp_dbc,sinan_datasus,Brazil DATASUS SINAN,http://siab.datasus.gov.br/DATASUS/index.php?acao=41&area=0901&item=1,ftp_dbc
country,br,br,Brazil,BR,Brazil,D025,Tuberculosis,肺结核,Bacterial,2016-08-01,2016-08,7810,1763.5483870967741,0,3.8431613528387563,wpp_computed,,sinan_datasus,Brazil DATASUS SINAN,http://siab.datasus.gov.br/DATASUS/index.php?acao=41&area=0901&item=1,ftp_dbc,sinan_datasus,Brazil DATASUS SINAN,http://siab.datasus.gov.br/DATASUS/index.php?acao=41&area=0901&item=1,ftp_dbc
country,br,br,Brazil,BR,Brazil,D028,Pertussis,百日咳,Bacterial,2016-08-01,2016-08,398,89.87096774193547,0,0.1958486835377497,wpp_computed,,sinan_datasus,Brazil DATASUS SINAN,http://siab.datasus.gov.br/DATASUS/index.php?acao=41&area=0901&item=1,ftp_dbc,sinan_datasus,Brazil DATASUS SINAN,http://siab.datasus.gov.br/DATASUS/index.php?acao=41&area=0901&item=1,ftp_dbc
country,br,br,Brazil,BR,Brazil,D029,Diphtheria,白喉,Bacterial,2016-08-01,2016-08,4,0.9032258064516129,0,0.0019683284777663288,wpp_computed,,sinan_datasus,Brazil DATASUS SINAN,http://siab.datasus.gov.br/DATASUS/index.php?acao=41&area=0901&item=1,ftp_dbc,sinan_datasus,Brazil DATASUS SINAN,http://siab.datasus.gov.br/DATASUS/index.php?acao=41&area=0901&item=1,ftp_dbc
country,br,br,Brazil,BR,Brazil,D035,Leptospirosis,钩端螺旋体病,Bacterial,2016-08-01,2016-08,826,186.51612903225805,0,0.40645983065874686,wpp_computed,,sinan_datasus,Brazil DATASUS SINAN,http://siab.datasus.gov.br/DATASUS/index.php?acao=41&area=0901&item=1,ftp_dbc,sinan_datasus,Brazil DATASUS SINAN,http://siab.datasus.gov.br/DATASUS/index.php?acao=41&area=0901&item=1,ftp_dbc
country,br,br,Brazil,BR,Brazil,D036,Schistosomiasis,血吸虫病,Parasitic,2016-08-01,2016-08,539,121.70967741935483,0,0.2652322623790128,wpp_computed,,sinan_datasus,Brazil DATASUS SINAN,http://siab.datasus.gov.br/DATASUS/index.php?acao=41&area=0901&item=1,ftp_dbc,sinan_datasus,Brazil DATASUS SINAN,http://siab.datasus.gov.br/DATASUS/index.php?acao=41&area=0901&item=1,ftp_dbc
country,br,br,Brazil,BR,Brazil,D037,Malaria,疟疾,Parasitic,2016-08-01,2016-08,108,24.387096774193548,0,0.053144868899690875,wpp_computed,,sinan_datasus,Brazil DATASUS SINAN,http://siab.datasus.gov.br/DATASUS/index.php?acao=41&area=0901&item=1,ftp_dbc,sinan_datasus,Brazil DATASUS SINAN,http://siab.datasus.gov.br/DATASUS/index.php?acao=41&area=0901&item=1,ftp_dbc
country,br,br,Brazil,BR,Brazil,D042,Leprosy,麻风病,Bacterial,2016-08-01,2016-08,3159,713.3225806451613,0,1.5544874153159578,wpp_computed,,sinan_datasus,Brazil DATASUS SINAN,http://siab.datasus.gov.br/DATASUS/index.php?acao=41&area=0901&item=1,ftp_dbc,sinan_datasus,Brazil DATASUS SINAN,http://siab.datasus.gov.br/DATASUS/index.php?acao=41&area=0901&item=1,ftp_dbc
country,br,br,Brazil,BR,Brazil,D044,Kala-azar,黑热病,Parasitic,2016-08-01,2016-08,863,194.8709677419355,0,0.42466686907808543,wpp_computed,,sinan_datasus,Brazil DATASUS SINAN,http://siab.datasus.gov.br/DATASUS/index.php?acao=41&area=0901&item=1,ftp_dbc,sinan_datasus,Brazil DATASUS SINAN,http://siab.datasus.gov.br/DATASUS/index.php?acao=41&area=0901&item=1,ftp_dbc
country,br,br,Brazil,BR,Brazil,D051,Zika virus disease,寨卡病毒病,Viral,2016-08-01,2016-08,3663,827.1290322580645,0,1.8024968035145155,wpp_computed,,sinan_datasus,Brazil DATASUS SINAN,http://siab.datasus.gov.br/DATASUS/index.php?acao=41&area=0901&item=1,ftp_dbc,sinan_datasus,Brazil DATASUS SINAN,http://siab.datasus.gov.br/DATASUS/index.php?acao=41&area=0901&item=1,ftp_dbc
country,br,br,Brazil,BR,Brazil,D052,Chikungunya,基孔肯雅热,Viral,2016-08-01,2016-08,13622,3075.935483870968,0,6.7031426310332325,wpp_computed,,sinan_datasus,Brazil DATASUS SINAN,http://siab.datasus.gov.br/DATASUS/index.php?acao=41&area=0901&item=1,ftp_dbc,sinan_datasus,Brazil DATASUS SINAN,http://siab.datasus.gov.br/DATASUS/index.php?acao=41&area=0901&item=1,ftp_dbc
country,br,br,Brazil,BR,Brazil,D054,Varicella,水痘,Viral,2016-08-01,2016-08,7744,1748.6451612903227,0,3.8106839329556124,wpp_computed,,sinan_datasus,Brazil DATASUS SINAN,http://siab.datasus.gov.br/DATASUS/index.php?acao=41&area=0901&item=1,ftp_dbc,sinan_datasus,Brazil DATASUS SINAN,http://siab.datasus.gov.br/DATASUS/index.php?acao=41&area=0901&item=1,ftp_dbc
country,br,br,Brazil,BR,Brazil,D082,Leishmaniasis,利什曼病,Parasitic,2016-08-01,2016-08,1191,268.93548387096774,0,0.5860698042549243,wpp_computed,,sinan_datasus,Brazil DATASUS SINAN,http://siab.datasus.gov.br/DATASUS/index.php?acao=41&area=0901&item=1,ftp_dbc,sinan_datasus,Brazil DATASUS SINAN,http://siab.datasus.gov.br/DATASUS/index.php?acao=41&area=0901&item=1,ftp_dbc
country,br,br,Brazil,BR,Brazil,D084,Chagas disease,恰加斯病,Parasitic,2016-08-01,2016-08,355,80.16129032258064,0,0.17468915240176167,wpp_computed,,sinan_datasus,Brazil DATASUS SINAN,http://siab.datasus.gov.br/DATASUS/index.php?acao=41&area=0901&item=1,ftp_dbc,sinan_datasus,Brazil DATASUS SINAN,http://siab.datasus.gov.br/DATASUS/index.php?acao=41&area=0901&item=1,ftp_dbc
country,br,br,Brazil,BR,Brazil,D102,Hantavirus infection,汉坦病毒感染,Viral,2016-08-01,2016-08,105,23.70967741935484,0,0.05166862254136613,wpp_computed,,sinan_datasus,Brazil DATASUS SINAN,http://siab.datasus.gov.br/DATASUS/index.php?acao=41&area=0901&item=1,ftp_dbc,sinan_datasus,Brazil DATASUS SINAN,http://siab.datasus.gov.br/DATASUS/index.php?acao=41&area=0901&item=1,ftp_dbc
country,br,br,Brazil,BR,Brazil,D118,Spotted fever rickettsiosis,斑点热立克次体病,Bacterial,2016-08-01,2016-08,191,43.12903225806451,0,0.0939876848133422,wpp_computed,,sinan_datasus,Brazil DATASUS SINAN,http://siab.datasus.gov.br/DATASUS/index.php?acao=41&area=0901&item=1,ftp_dbc,sinan_datasus,Brazil DATASUS SINAN,http://siab.datasus.gov.br/DATASUS/index.php?acao=41&area=0901&item=1,ftp_dbc
country,br,br,Brazil,BR,Brazil,D120,Tetanus,破伤风,Bacterial,2016-08-01,2016-08,30,6.774193548387097,0,0.014762463583247464,wpp_computed,,sinan_datasus,Brazil DATASUS SINAN,http://siab.datasus.gov.br/DATASUS/index.php?acao=41&area=0901&item=1,ftp_dbc,sinan_datasus,Brazil DATASUS SINAN,http://siab.datasus.gov.br/DATASUS/index.php?acao=41&area=0901&item=1,ftp_dbc
country,br,br,Brazil,BR,Brazil,D124,Typhoid fever,伤寒,Bacterial,2016-08-01,2016-08,39,8.806451612903226,0,0.019191202658221704,wpp_computed,,sinan_datasus,Brazil DATASUS SINAN,http://siab.datasus.gov.br/DATASUS/index.php?acao=41&area=0901&item=1,ftp_dbc,sinan_datasus,Brazil DATASUS SINAN,http://siab.datasus.gov.br/DATASUS/index.php?acao=41&area=0901&item=1,ftp_dbc
country,br,br,Brazil,BR,Brazil,D144,Creutzfeldt-Jakob disease,克雅氏病,Prion,2016-08-01,2016-08,10,2.258064516129032,0,0.004920821194415822,wpp_computed,,sinan_datasus,Brazil DATASUS SINAN,http://siab.datasus.gov.br/DATASUS/index.php?acao=41&area=0901&item=1,ftp_dbc,sinan_datasus,Brazil DATASUS SINAN,http://siab.datasus.gov.br/DATASUS/index.php?acao=41&area=0901&item=1,ftp_dbc
country,br,br,Brazil,BR,Brazil,D162,HIV infection,人类免疫缺乏病毒感染,Viral,2016-08-01,2016-08,4059,916.5483870967741,0,1.997361322813382,wpp_computed,,sinan_datasus,Brazil DATASUS SINAN,http://siab.datasus.gov.br/DATASUS/index.php?acao=41&area=0901&item=1,ftp_dbc,sinan_datasus,Brazil DATASUS SINAN,http://siab.datasus.gov.br/DATASUS/index.php?acao=41&area=0901&item=1,ftp_dbc
country,br,br,Brazil,BR,Brazil,D168,Congenital rubella syndrome,先天性风疹综合征,Viral,2016-08-01,2016-08,10,2.258064516129032,0,0.004920821194415822,wpp_computed,,sinan_datasus,Brazil DATASUS SINAN,http://siab.datasus.gov.br/DATASUS/index.php?acao=41&area=0901&item=1,ftp_dbc,sinan_datasus,Brazil DATASUS SINAN,http://siab.datasus.gov.br/DATASUS/index.php?acao=41&area=0901&item=1,ftp_dbc
country,br,br,Brazil,BR,Brazil,D178,Acute flaccid paralysis,急性无力肢体麻痹,Other,2016-08-01,2016-08,47,10.612903225806452,0,0.023127859613754364,wpp_computed,,sinan_datasus,Brazil DATASUS SINAN,http://siab.datasus.gov.br/DATASUS/index.php?acao=41&area=0901&item=1,ftp_dbc,sinan_datasus,Brazil DATASUS SINAN,http://siab.datasus.gov.br/DATASUS/index.php?acao=41&area=0901&item=1,ftp_dbc
country,br,br,Brazil,BR,Brazil,D184,Accident caused by venomous animals,毒性动物伤害,Other,2016-08-01,2016-08,12696,2866.8387096774195,0,6.247474588430327,wpp_computed,,sinan_datasus,Brazil DATASUS SINAN,http://siab.datasus.gov.br/DATASUS/index.php?acao=41&area=0901&item=1,ftp_dbc,sinan_datasus,Brazil DATASUS SINAN,http://siab.datasus.gov.br/DATASUS/index.php?acao=41&area=0901&item=1,ftp_dbc
country,br,br,Brazil,BR,Brazil,D185,Work accident with biological material,生物材料职业暴露事故,Other,2016-08-01,2016-08,5151,1163.1290322580644,0,2.5347149972435896,wpp_computed,,sinan_datasus,Brazil DATASUS SINAN,http://siab.datasus.gov.br/DATASUS/index.php?acao=41&area=0901&item=1,ftp_dbc,sinan_datasus,Brazil DATASUS SINAN,http://siab.datasus.gov.br/DATASUS/index.php?acao=41&area=0901&item=1,ftp_dbc
country,br,br,Brazil,BR,Brazil,D186,Serious work accident,严重工伤,Other,2016-08-01,2016-08,8223,1856.8064516129032,0,4.04639126816813,wpp_computed,,sinan_datasus,Brazil DATASUS SINAN,http://siab.datasus.gov.br/DATASUS/index.php?acao=41&area=0901&item=1,ftp_dbc,sinan_datasus,Brazil DATASUS SINAN,http://siab.datasus.gov.br/DATASUS/index.php?acao=41&area=0901&item=1,ftp_dbc
country,br,br,Brazil,BR,Brazil,D187,Rabies post-exposure prophylaxis,狂犬病暴露后处置,Other,2016-08-01,2016-08,55089,12439.451612903225,0,27.108311877917323,wpp_computed,,sinan_datasus,Brazil DATASUS SINAN,http://siab.datasus.gov.br/DATASUS/index.php?acao=41&area=0901&item=1,ftp_dbc,sinan_datasus,Brazil DATASUS SINAN,http://siab.datasus.gov.br/DATASUS/index.php?acao=41&area=0901&item=1,ftp_dbc
country,br,br,Brazil,BR,Brazil,D188,Work-related cancer,职业相关癌症,Other,2016-08-01,2016-08,18,4.064516129032258,0,0.00885747814994848,wpp_computed,,sinan_datasus,Brazil DATASUS SINAN,http://siab.datasus.gov.br/DATASUS/index.php?acao=41&area=0901&item=1,ftp_dbc,sinan_datasus,Brazil DATASUS SINAN,http://siab.datasus.gov.br/DATASUS/index.php?acao=41&area=0901&item=1,ftp_dbc
country,br,br,Brazil,BR,Brazil,D189,Work-related dermatosis,职业性皮肤病,Other,2016-08-01,2016-08,52,11.741935483870968,0,0.02558827021096227,wpp_computed,,sinan_datasus,Brazil DATASUS SINAN,http://siab.datasus.gov.br/DATASUS/index.php?acao=41&area=0901&item=1,ftp_dbc,sinan_datasus,Brazil DATASUS SINAN,http://siab.datasus.gov.br/DATASUS/index.php?acao=41&area=0901&item=1,ftp_dbc
country,br,br,Brazil,BR,Brazil,D190,Sporotrichosis,孢子丝菌病,Fungal,2016-08-01,2016-08,115,25.96774193548387,0,0.05658944373578195,wpp_computed,,sinan_datasus,Brazil DATASUS SINAN,http://siab.datasus.gov.br/DATASUS/index.php?acao=41&area=0901&item=1,ftp_dbc,sinan_datasus,Brazil DATASUS SINAN,http://siab.datasus.gov.br/DATASUS/index.php?acao=41&area=0901&item=1,ftp_dbc
country,br,br,Brazil,BR,Brazil,D191,Exogenous poisoning,外源性中毒,Other,2016-08-01,2016-08,9372,2116.258064516129,0,4.611793623406508,wpp_computed,,sinan_datasus,Brazil DATASUS SINAN,http://siab.datasus.gov.br/DATASUS/index.php?acao=41&area=0901&item=1,ftp_dbc,sinan_datasus,Brazil DATASUS SINAN,http://siab.datasus.gov.br/DATASUS/index.php?acao=41&area=0901&item=1,ftp_dbc
country,br,br,Brazil,BR,Brazil,D193,Work-related mental disorder,职业相关精神障碍,Other,2016-08-01,2016-08,184,41.54838709677419,0,0.09054310997725112,wpp_computed,,sinan_datasus,Brazil DATASUS SINAN,http://siab.datasus.gov.br/DATASUS/index.php?acao=41&area=0901&item=1,ftp_dbc,sinan_datasus,Brazil DATASUS SINAN,http://siab.datasus.gov.br/DATASUS/index.php?acao=41&area=0901&item=1,ftp_dbc
country,br,br,Brazil,BR,Brazil,D194,Noise-induced hearing loss,噪声性听力损失,Other,2016-08-01,2016-08,168,37.93548387096774,0,0.08266979606618581,wpp_computed,,sinan_datasus,Brazil DATASUS SINAN,http://siab.datasus.gov.br/DATASUS/index.php?acao=41&area=0901&item=1,ftp_dbc,sinan_datasus,Brazil DATASUS SINAN,http://siab.datasus.gov.br/DATASUS/index.php?acao=41&area=0901&item=1,ftp_dbc
country,br,br,Brazil,BR,Brazil,D195,Pneumoconiosis,尘肺病,Other,2016-08-01,2016-08,27,6.096774193548387,0,0.013286217224922719,wpp_computed,,sinan_datasus,Brazil DATASUS SINAN,http://siab.datasus.gov.br/DATASUS/index.php?acao=41&area=0901&item=1,ftp_dbc,sinan_datasus,Brazil DATASUS SINAN,http://siab.datasus.gov.br/DATASUS/index.php?acao=41&area=0901&item=1,ftp_dbc
country,br,br,Brazil,BR,Brazil,D199,Rotavirus infection,轮状病毒感染,Viral,2016-08-01,2016-08,138,31.16129032258064,0,0.06790733248293834,wpp_computed,,sinan_datasus,Brazil DATASUS SINAN,http://siab.datasus.gov.br/DATASUS/index.php?acao=41&area=0901&item=1,ftp_dbc,sinan_datasus,Brazil DATASUS SINAN,http://siab.datasus.gov.br/DATASUS/index.php?acao=41&area=0901&item=1,ftp_dbc
country,br,br,Brazil,BR,Brazil,D200,Trachoma,沙眼,Bacterial,2016-08-01,2016-08,2349,530.4193548387098,0,1.1559008985682766,wpp_computed,,sinan_datasus,Brazil DATASUS SINAN,http://siab.datasus.gov.br/DATASUS/index.php?acao=41&area=0901&item=1,ftp_dbc,sinan_datasus,Brazil DATASUS SINAN,http://siab.datasus.gov.br/DATASUS/index.php?acao=41&area=0901&item=1,ftp_dbc
country,br,br,Brazil,BR,Brazil,D201,Exanthematous diseases,出疹性疾病,Viral,2016-08-01,2016-08,210,47.41935483870968,0,0.10333724508273226,wpp_computed,,sinan_datasus,Brazil DATASUS SINAN,http://siab.datasus.gov.br/DATASUS/index.php?acao=41&area=0901&item=1,ftp_dbc,sinan_datasus,Brazil DATASUS SINAN,http://siab.datasus.gov.br/DATASUS/index.php?acao=41&area=0901&item=1,ftp_dbc
country,br,br,Brazil,BR,Brazil,D230,Child exposed to HIV,儿童HIV暴露,Other,2016-08-01,2016-08,657,148.35483870967744,0,0.3232979524731195,wpp_computed,,sinan_datasus,Brazil DATASUS SINAN,http://siab.datasus.gov.br/DATASUS/index.php?acao=41&area=0901&item=1,ftp_dbc,sinan_datasus,Brazil DATASUS SINAN,http://siab.datasus.gov.br/DATASUS/index.php?acao=41&area=0901&item=1,ftp_dbc
country,br,br,Brazil,BR,Brazil,D231,HIV infection in pregnancy surveillance event,孕产期HIV感染监测事件,Viral,2016-08-01,2016-08,752,169.80645161290323,0,0.3700457538200698,wpp_computed,,sinan_datasus,Brazil DATASUS SINAN,http://siab.datasus.gov.br/DATASUS/index.php?acao=41&area=0901&item=1,ftp_dbc,sinan_datasus,Brazil DATASUS SINAN,http://siab.datasus.gov.br/DATASUS/index.php?acao=41&area=0901&item=1,ftp_dbc
country,br,br,Brazil,BR,Brazil,D235,Meningitis (all reported etiologies),脑膜炎（全部报告病因）,Other,2016-08-01,2016-08,2016,455.2258064516129,0,0.9920375527942296,wpp_computed,,sinan_datasus,Brazil DATASUS SINAN,http://siab.datasus.gov.br/DATASUS/index.php?acao=41&area=0901&item=1,ftp_dbc,sinan_datasus,Brazil DATASUS SINAN,http://siab.datasus.gov.br/DATASUS/index.php?acao=41&area=0901&item=1,ftp_dbc
country,br,br,Brazil,BR,Brazil,D005,AIDS,艾滋病,Viral,2016-09-01,2016-09,3204,723.483870967742,0,1.5766311106908293,wpp_computed,,sinan_datasus,Brazil DATASUS SINAN,http://siab.datasus.gov.br/DATASUS/index.php?acao=41&area=0901&item=1,ftp_dbc,sinan_datasus,Brazil DATASUS SINAN,http://siab.datasus.gov.br/DATASUS/index.php?acao=41&area=0901&item=1,ftp_dbc
country,br,br,Brazil,BR,Brazil,D019,Rabies,狂犬病,Viral,2016-09-01,2016-09,10,2.258064516129032,0,0.004920821194415822,wpp_computed,,sinan_datasus,Brazil DATASUS SINAN,http://siab.datasus.gov.br/DATASUS/index.php?acao=41&area=0901&item=1,ftp_dbc,sinan_datasus,Brazil DATASUS SINAN,http://siab.datasus.gov.br/DATASUS/index.php?acao=41&area=0901&item=1,ftp_dbc
country,br,br,Brazil,BR,Brazil,D021,Dengue,登革热,Viral,2016-09-01,2016-09,20422,4611.419354838709,0,10.04930104323599,wpp_computed,,sinan_datasus,Brazil DATASUS SINAN,http://siab.datasus.gov.br/DATASUS/index.php?acao=41&area=0901&item=1,ftp_dbc,sinan_datasus,Brazil DATASUS SINAN,http://siab.datasus.gov.br/DATASUS/index.php?acao=41&area=0901&item=1,ftp_dbc
country,br,br,Brazil,BR,Brazil,D025,Tuberculosis,肺结核,Bacterial,2016-09-01,2016-09,6992,1578.8387096774195,0,3.4406381791355423,wpp_computed,,sinan_datasus,Brazil DATASUS SINAN,http://siab.datasus.gov.br/DATASUS/index.php?acao=41&area=0901&item=1,ftp_dbc,sinan_datasus,Brazil DATASUS SINAN,http://siab.datasus.gov.br/DATASUS/index.php?acao=41&area=0901&item=1,ftp_dbc
country,br,br,Brazil,BR,Brazil,D028,Pertussis,百日咳,Bacterial,2016-09-01,2016-09,344,77.67741935483872,0,0.16927624908790426,wpp_computed,,sinan_datasus,Brazil DATASUS SINAN,http://siab.datasus.gov.br/DATASUS/index.php?acao=41&area=0901&item=1,ftp_dbc,sinan_datasus,Brazil DATASUS SINAN,http://siab.datasus.gov.br/DATASUS/index.php?acao=41&area=0901&item=1,ftp_dbc
country,br,br,Brazil,BR,Brazil,D029,Diphtheria,白喉,Bacterial,2016-09-01,2016-09,3,0.6774193548387096,0,0.0014762463583247465,wpp_computed,,sinan_datasus,Brazil DATASUS SINAN,http://siab.datasus.gov.br/DATASUS/index.php?acao=41&area=0901&item=1,ftp_dbc,sinan_datasus,Brazil DATASUS SINAN,http://siab.datasus.gov.br/DATASUS/index.php?acao=41&area=0901&item=1,ftp_dbc
country,br,br,Brazil,BR,Brazil,D035,Leptospirosis,钩端螺旋体病,Bacterial,2016-09-01,2016-09,779,175.90322580645162,0,0.3833319710449925,wpp_computed,,sinan_datasus,Brazil DATASUS SINAN,http://siab.datasus.gov.br/DATASUS/index.php?acao=41&area=0901&item=1,ftp_dbc,sinan_datasus,Brazil DATASUS SINAN,http://siab.datasus.gov.br/DATASUS/index.php?acao=41&area=0901&item=1,ftp_dbc
country,br,br,Brazil,BR,Brazil,D036,Schistosomiasis,血吸虫病,Parasitic,2016-09-01,2016-09,448,101.16129032258064,0,0.2204527895098288,wpp_computed,,sinan_datasus,Brazil DATASUS SINAN,http://siab.datasus.gov.br/DATASUS/index.php?acao=41&area=0901&item=1,ftp_dbc,sinan_datasus,Brazil DATASUS SINAN,http://siab.datasus.gov.br/DATASUS/index.php?acao=41&area=0901&item=1,ftp_dbc
country,br,br,Brazil,BR,Brazil,D037,Malaria,疟疾,Parasitic,2016-09-01,2016-09,113,25.516129032258064,0,0.05560527949689878,wpp_computed,,sinan_datasus,Brazil DATASUS SINAN,http://siab.datasus.gov.br/DATASUS/index.php?acao=41&area=0901&item=1,ftp_dbc,sinan_datasus,Brazil DATASUS SINAN,http://siab.datasus.gov.br/DATASUS/index.php?acao=41&area=0901&item=1,ftp_dbc
country,br,br,Brazil,BR,Brazil,D042,Leprosy,麻风病,Bacterial,2016-09-01,2016-09,2934,662.516129032258,0,1.4437689384416021,wpp_computed,,sinan_datasus,Brazil DATASUS SINAN,http://siab.datasus.gov.br/DATASUS/index.php?acao=41&area=0901&item=1,ftp_dbc,sinan_datasus,Brazil DATASUS SINAN,http://siab.datasus.gov.br/DATASUS/index.php?acao=41&area=0901&item=1,ftp_dbc
country,br,br,Brazil,BR,Brazil,D044,Kala-azar,黑热病,Parasitic,2016-09-01,2016-09,830,187.41935483870967,0,0.4084281591365132,wpp_computed,,sinan_datasus,Brazil DATASUS SINAN,http://siab.datasus.gov.br/DATASUS/index.php?acao=41&area=0901&item=1,ftp_dbc,sinan_datasus,Brazil DATASUS SINAN,http://siab.datasus.gov.br/DATASUS/index.php?acao=41&area=0901&item=1,ftp_dbc
country,br,br,Brazil,BR,Brazil,D051,Zika virus disease,寨卡病毒病,Viral,2016-09-01,2016-09,1999,451.38709677419354,0,0.9836721567637228,wpp_computed,,sinan_datasus,Brazil DATASUS SINAN,http://siab.datasus.gov.br/DATASUS/index.php?acao=41&area=0901&item=1,ftp_dbc,sinan_datasus,Brazil DATASUS SINAN,http://siab.datasus.gov.br/DATASUS/index.php?acao=41&area=0901&item=1,ftp_dbc
country,br,br,Brazil,BR,Brazil,D052,Chikungunya,基孔肯雅热,Viral,2016-09-01,2016-09,6125,1383.0645161290324,0,3.014002981579691,wpp_computed,,sinan_datasus,Brazil DATASUS SINAN,http://siab.datasus.gov.br/DATASUS/index.php?acao=41&area=0901&item=1,ftp_dbc,sinan_datasus,Brazil DATASUS SINAN,http://siab.datasus.gov.br/DATASUS/index.php?acao=41&area=0901&item=1,ftp_dbc
country,br,br,Brazil,BR,Brazil,D054,Varicella,水痘,Viral,2016-09-01,2016-09,10181,2298.935483870968,0,5.009888058034748,wpp_computed,,sinan_datasus,Brazil DATASUS SINAN,http://siab.datasus.gov.br/DATASUS/index.php?acao=41&area=0901&item=1,ftp_dbc,sinan_datasus,Brazil DATASUS SINAN,http://siab.datasus.gov.br/DATASUS/index.php?acao=41&area=0901&item=1,ftp_dbc
country,br,br,Brazil,BR,Brazil,D082,Leishmaniasis,利什曼病,Parasitic,2016-09-01,2016-09,1143,258.09677419354836,0,0.5624498625217283,wpp_computed,,sinan_datasus,Brazil DATASUS SINAN,http://siab.datasus.gov.br/DATASUS/index.php?acao=41&area=0901&item=1,ftp_dbc,sinan_datasus,Brazil DATASUS SINAN,http://siab.datasus.gov.br/DATASUS/index.php?acao=41&area=0901&item=1,ftp_dbc
country,br,br,Brazil,BR,Brazil,D084,Chagas disease,恰加斯病,Parasitic,2016-09-01,2016-09,327,73.83870967741936,0,0.16091085305739736,wpp_computed,,sinan_datasus,Brazil DATASUS SINAN,http://siab.datasus.gov.br/DATASUS/index.php?acao=41&area=0901&item=1,ftp_dbc,sinan_datasus,Brazil DATASUS SINAN,http://siab.datasus.gov.br/DATASUS/index.php?acao=41&area=0901&item=1,ftp_dbc
country,br,br,Brazil,BR,Brazil,D102,Hantavirus infection,汉坦病毒感染,Viral,2016-09-01,2016-09,90,20.322580645161292,0,0.044287390749742396,wpp_computed,,sinan_datasus,Brazil DATASUS SINAN,http://siab.datasus.gov.br/DATASUS/index.php?acao=41&area=0901&item=1,ftp_dbc,sinan_datasus,Brazil DATASUS SINAN,http://siab.datasus.gov.br/DATASUS/index.php?acao=41&area=0901&item=1,ftp_dbc
country,br,br,Brazil,BR,Brazil,D118,Spotted fever rickettsiosis,斑点热立克次体病,Bacterial,2016-09-01,2016-09,299,67.51612903225806,0,0.14713255371303305,wpp_computed,,sinan_datasus,Brazil DATASUS SINAN,http://siab.datasus.gov.br/DATASUS/index.php?acao=41&area=0901&item=1,ftp_dbc,sinan_datasus,Brazil DATASUS SINAN,http://siab.datasus.gov.br/DATASUS/index.php?acao=41&area=0901&item=1,ftp_dbc
country,br,br,Brazil,BR,Brazil,D120,Tetanus,破伤风,Bacterial,2016-09-01,2016-09,32,7.225806451612903,0,0.01574662782213063,wpp_computed,,sinan_datasus,Brazil DATASUS SINAN,http://siab.datasus.gov.br/DATASUS/index.php?acao=41&area=0901&item=1,ftp_dbc,sinan_datasus,Brazil DATASUS SINAN,http://siab.datasus.gov.br/DATASUS/index.php?acao=41&area=0901&item=1,ftp_dbc
country,br,br,Brazil,BR,Brazil,D124,Typhoid fever,伤寒,Bacterial,2016-09-01,2016-09,59,13.322580645161292,0,0.02903284504705335,wpp_computed,,sinan_datasus,Brazil DATASUS SINAN,http://siab.datasus.gov.br/DATASUS/index.php?acao=41&area=0901&item=1,ftp_dbc,sinan_datasus,Brazil DATASUS SINAN,http://siab.datasus.gov.br/DATASUS/index.php?acao=41&area=0901&item=1,ftp_dbc
country,br,br,Brazil,BR,Brazil,D144,Creutzfeldt-Jakob disease,克雅氏病,Prion,2016-09-01,2016-09,12,2.7096774193548385,0,0.005904985433298986,wpp_computed,,sinan_datasus,Brazil DATASUS SINAN,http://siab.datasus.gov.br/DATASUS/index.php?acao=41&area=0901&item=1,ftp_dbc,sinan_datasus,Brazil DATASUS SINAN,http://siab.datasus.gov.br/DATASUS/index.php?acao=41&area=0901&item=1,ftp_dbc
country,br,br,Brazil,BR,Brazil,D162,HIV infection,人类免疫缺乏病毒感染,Viral,2016-09-01,2016-09,3484,786.7096774193549,0,1.714414104134472,wpp_computed,,sinan_datasus,Brazil DATASUS SINAN,http://siab.datasus.gov.br/DATASUS/index.php?acao=41&area=0901&item=1,ftp_dbc,sinan_datasus,Brazil DATASUS SINAN,http://siab.datasus.gov.br/DATASUS/index.php?acao=41&area=0901&item=1,ftp_dbc
country,br,br,Brazil,BR,Brazil,D168,Congenital rubella syndrome,先天性风疹综合征,Viral,2016-09-01,2016-09,8,1.8064516129032258,0,0.0039366569555326575,wpp_computed,,sinan_datasus,Brazil DATASUS SINAN,http://siab.datasus.gov.br/DATASUS/index.php?acao=41&area=0901&item=1,ftp_dbc,sinan_datasus,Brazil DATASUS SINAN,http://siab.datasus.gov.br/DATASUS/index.php?acao=41&area=0901&item=1,ftp_dbc
country,br,br,Brazil,BR,Brazil,D178,Acute flaccid paralysis,急性无力肢体麻痹,Other,2016-09-01,2016-09,27,6.096774193548387,0,0.013286217224922719,wpp_computed,,sinan_datasus,Brazil DATASUS SINAN,http://siab.datasus.gov.br/DATASUS/index.php?acao=41&area=0901&item=1,ftp_dbc,sinan_datasus,Brazil DATASUS SINAN,http://siab.datasus.gov.br/DATASUS/index.php?acao=41&area=0901&item=1,ftp_dbc
country,br,br,Brazil,BR,Brazil,D184,Accident caused by venomous animals,毒性动物伤害,Other,2016-09-01,2016-09,12150,2743.548387096774,0,5.9787977512152235,wpp_computed,,sinan_datasus,Brazil DATASUS SINAN,http://siab.datasus.gov.br/DATASUS/index.php?acao=41&area=0901&item=1,ftp_dbc,sinan_datasus,Brazil DATASUS SINAN,http://siab.datasus.gov.br/DATASUS/index.php?acao=41&area=0901&item=1,ftp_dbc
country,br,br,Brazil,BR,Brazil,D185,Work accident with biological material,生物材料职业暴露事故,Other,2016-09-01,2016-09,5000,1129.032258064516,0,2.4604105972079107,wpp_computed,,sinan_datasus,Brazil DATASUS SINAN,http://siab.datasus.gov.br/DATASUS/index.php?acao=41&area=0901&item=1,ftp_dbc,sinan_datasus,Brazil DATASUS SINAN,http://siab.datasus.gov.br/DATASUS/index.php?acao=41&area=0901&item=1,ftp_dbc
country,br,br,Brazil,BR,Brazil,D186,Serious work accident,严重工伤,Other,2016-09-01,2016-09,7200,1625.8064516129032,0,3.5429912599793916,wpp_computed,,sinan_datasus,Brazil DATASUS SINAN,http://siab.datasus.gov.br/DATASUS/index.php?acao=41&area=0901&item=1,ftp_dbc,sinan_datasus,Brazil DATASUS SINAN,http://siab.datasus.gov.br/DATASUS/index.php?acao=41&area=0901&item=1,ftp_dbc
country,br,br,Brazil,BR,Brazil,D187,Rabies post-exposure prophylaxis,狂犬病暴露后处置,Other,2016-09-01,2016-09,50885,11490.161290322581,0,25.03959864778491,wpp_computed,,sinan_datasus,Brazil DATASUS SINAN,http://siab.datasus.gov.br/DATASUS/index.php?acao=41&area=0901&item=1,ftp_dbc,sinan_datasus,Brazil DATASUS SINAN,http://siab.datasus.gov.br/DATASUS/index.php?acao=41&area=0901&item=1,ftp_dbc
country,br,br,Brazil,BR,Brazil,D188,Work-related cancer,职业相关癌症,Other,2016-09-01,2016-09,16,3.6129032258064515,0,0.007873313911065315,wpp_computed,,sinan_datasus,Brazil DATASUS SINAN,http://siab.datasus.gov.br/DATASUS/index.php?acao=41&area=0901&item=1,ftp_dbc,sinan_datasus,Brazil DATASUS SINAN,http://siab.datasus.gov.br/DATASUS/index.php?acao=41&area=0901&item=1,ftp_dbc
country,br,br,Brazil,BR,Brazil,D189,Work-related dermatosis,职业性皮肤病,Other,2016-09-01,2016-09,54,12.193548387096774,0,0.026572434449845438,wpp_computed,,sinan_datasus,Brazil DATASUS SINAN,http://siab.datasus.gov.br/DATASUS/index.php?acao=41&area=0901&item=1,ftp_dbc,sinan_datasus,Brazil DATASUS SINAN,http://siab.datasus.gov.br/DATASUS/index.php?acao=41&area=0901&item=1,ftp_dbc
country,br,br,Brazil,BR,Brazil,D190,Sporotrichosis,孢子丝菌病,Fungal,2016-09-01,2016-09,155,35.0,0,0.07627272851344524,wpp_computed,,sinan_datasus,Brazil DATASUS SINAN,http://siab.datasus.gov.br/DATASUS/index.php?acao=41&area=0901&item=1,ftp_dbc,sinan_datasus,Brazil DATASUS SINAN,http://siab.datasus.gov.br/DATASUS/index.php?acao=41&area=0901&item=1,ftp_dbc
country,br,br,Brazil,BR,Brazil,D191,Exogenous poisoning,外源性中毒,Other,2016-09-01,2016-09,8449,1907.8387096774195,0,4.157601827161927,wpp_computed,,sinan_datasus,Brazil DATASUS SINAN,http://siab.datasus.gov.br/DATASUS/index.php?acao=41&area=0901&item=1,ftp_dbc,sinan_datasus,Brazil DATASUS SINAN,http://siab.datasus.gov.br/DATASUS/index.php?acao=41&area=0901&item=1,ftp_dbc
country,br,br,Brazil,BR,Brazil,D193,Work-related mental disorder,职业相关精神障碍,Other,2016-09-01,2016-09,92,20.774193548387096,0,0.04527155498862556,wpp_computed,,sinan_datasus,Brazil DATASUS SINAN,http://siab.datasus.gov.br/DATASUS/index.php?acao=41&area=0901&item=1,ftp_dbc,sinan_datasus,Brazil DATASUS SINAN,http://siab.datasus.gov.br/DATASUS/index.php?acao=41&area=0901&item=1,ftp_dbc
country,br,br,Brazil,BR,Brazil,D194,Noise-induced hearing loss,噪声性听力损失,Other,2016-09-01,2016-09,81,18.29032258064516,0,0.03985865167476815,wpp_computed,,sinan_datasus,Brazil DATASUS SINAN,http://siab.datasus.gov.br/DATASUS/index.php?acao=41&area=0901&item=1,ftp_dbc,sinan_datasus,Brazil DATASUS SINAN,http://siab.datasus.gov.br/DATASUS/index.php?acao=41&area=0901&item=1,ftp_dbc
country,br,br,Brazil,BR,Brazil,D195,Pneumoconiosis,尘肺病,Other,2016-09-01,2016-09,21,4.741935483870967,0,0.010333724508273226,wpp_computed,,sinan_datasus,Brazil DATASUS SINAN,http://siab.datasus.gov.br/DATASUS/index.php?acao=41&area=0901&item=1,ftp_dbc,sinan_datasus,Brazil DATASUS SINAN,http://siab.datasus.gov.br/DATASUS/index.php?acao=41&area=0901&item=1,ftp_dbc
country,br,br,Brazil,BR,Brazil,D199,Rotavirus infection,轮状病毒感染,Viral,2016-09-01,2016-09,108,24.387096774193548,0,0.053144868899690875,wpp_computed,,sinan_datasus,Brazil DATASUS SINAN,http://siab.datasus.gov.br/DATASUS/index.php?acao=41&area=0901&item=1,ftp_dbc,sinan_datasus,Brazil DATASUS SINAN,http://siab.datasus.gov.br/DATASUS/index.php?acao=41&area=0901&item=1,ftp_dbc
country,br,br,Brazil,BR,Brazil,D200,Trachoma,沙眼,Bacterial,2016-09-01,2016-09,2171,490.2258064516129,0,1.0683102813076748,wpp_computed,,sinan_datasus,Brazil DATASUS SINAN,http://siab.datasus.gov.br/DATASUS/index.php?acao=41&area=0901&item=1,ftp_dbc,sinan_datasus,Brazil DATASUS SINAN,http://siab.datasus.gov.br/DATASUS/index.php?acao=41&area=0901&item=1,ftp_dbc
country,br,br,Brazil,BR,Brazil,D201,Exanthematous diseases,出疹性疾病,Viral,2016-09-01,2016-09,209,47.193548387096776,0,0.10284516296329067,wpp_computed,,sinan_datasus,Brazil DATASUS SINAN,http://siab.datasus.gov.br/DATASUS/index.php?acao=41&area=0901&item=1,ftp_dbc,sinan_datasus,Brazil DATASUS SINAN,http://siab.datasus.gov.br/DATASUS/index.php?acao=41&area=0901&item=1,ftp_dbc
country,br,br,Brazil,BR,Brazil,D230,Child exposed to HIV,儿童HIV暴露,Other,2016-09-01,2016-09,574,129.61290322580646,0,0.28245513655946813,wpp_computed,,sinan_datasus,Brazil DATASUS SINAN,http://siab.datasus.gov.br/DATASUS/index.php?acao=41&area=0901&item=1,ftp_dbc,sinan_datasus,Brazil DATASUS SINAN,http://siab.datasus.gov.br/DATASUS/index.php?acao=41&area=0901&item=1,ftp_dbc
country,br,br,Brazil,BR,Brazil,D231,HIV infection in pregnancy surveillance event,孕产期HIV感染监测事件,Viral,2016-09-01,2016-09,662,149.48387096774195,0,0.32575836307032735,wpp_computed,,sinan_datasus,Brazil DATASUS SINAN,http://siab.datasus.gov.br/DATASUS/index.php?acao=41&area=0901&item=1,ftp_dbc,sinan_datasus,Brazil DATASUS SINAN,http://siab.datasus.gov.br/DATASUS/index.php?acao=41&area=0901&item=1,ftp_dbc
country,br,br,Brazil,BR,Brazil,D235,Meningitis (all reported etiologies),脑膜炎（全部报告病因）,Other,2016-09-01,2016-09,2089,471.7096774193549,0,1.027959547513465,wpp_computed,,sinan_datasus,Brazil DATASUS SINAN,http://siab.datasus.gov.br/DATASUS/index.php?acao=41&area=0901&item=1,ftp_dbc,sinan_datasus,Brazil DATASUS SINAN,http://siab.datasus.gov.br/DATASUS/index.php?acao=41&area=0901&item=1,ftp_dbc
country,br,br,Brazil,BR,Brazil,D005,AIDS,艾滋病,Viral,2016-10-01,2016-10,3900,910.0,0,1.9191202658221702,wpp_computed,,sinan_datasus,Brazil DATASUS SINAN,http://siab.datasus.gov.br/DATASUS/index.php?acao=41&area=0901&item=1,ftp_dbc,sinan_datasus,Brazil DATASUS SINAN,http://siab.datasus.gov.br/DATASUS/index.php?acao=41&area=0901&item=1,ftp_dbc
country,br,br,Brazil,BR,Brazil,D019,Rabies,狂犬病,Viral,2016-10-01,2016-10,19,4.433333333333334,0,0.00934956026939006,wpp_computed,,sinan_datasus,Brazil DATASUS SINAN,http://siab.datasus.gov.br/DATASUS/index.php?acao=41&area=0901&item=1,ftp_dbc,sinan_datasus,Brazil DATASUS SINAN,http://siab.datasus.gov.br/DATASUS/index.php?acao=41&area=0901&item=1,ftp_dbc
country,br,br,Brazil,BR,Brazil,D021,Dengue,登革热,Viral,2016-10-01,2016-10,23116,5393.733333333334,0,11.374970273011613,wpp_computed,,sinan_datasus,Brazil DATASUS SINAN,http://siab.datasus.gov.br/DATASUS/index.php?acao=41&area=0901&item=1,ftp_dbc,sinan_datasus,Brazil DATASUS SINAN,http://siab.datasus.gov.br/DATASUS/index.php?acao=41&area=0901&item=1,ftp_dbc
country,br,br,Brazil,BR,Brazil,D025,Tuberculosis,肺结核,Bacterial,2016-10-01,2016-10,6473,1510.3666666666668,0,3.1852475591453615,wpp_computed,,sinan_datasus,Brazil DATASUS SINAN,http://siab.datasus.gov.br/DATASUS/index.php?acao=41&area=0901&item=1,ftp_dbc,sinan_datasus,Brazil DATASUS SINAN,http://siab.datasus.gov.br/DATASUS/index.php?acao=41&area=0901&item=1,ftp_dbc
country,br,br,Brazil,BR,Brazil,D028,Pertussis,百日咳,Bacterial,2016-10-01,2016-10,375,87.5,0,0.1845307947905933,wpp_computed,,sinan_datasus,Brazil DATASUS SINAN,http://siab.datasus.gov.br/DATASUS/index.php?acao=41&area=0901&item=1,ftp_dbc,sinan_datasus,Brazil DATASUS SINAN,http://siab.datasus.gov.br/DATASUS/index.php?acao=41&area=0901&item=1,ftp_dbc
country,br,br,Brazil,BR,Brazil,D029,Diphtheria,白喉,Bacterial,2016-10-01,2016-10,4,0.9333333333333333,0,0.0019683284777663288,wpp_computed,,sinan_datasus,Brazil DATASUS SINAN,http://siab.datasus.gov.br/DATASUS/index.php?acao=41&area=0901&item=1,ftp_dbc,sinan_datasus,Brazil DATASUS SINAN,http://siab.datasus.gov.br/DATASUS/index.php?acao=41&area=0901&item=1,ftp_dbc
country,br,br,Brazil,BR,Brazil,D035,Leptospirosis,钩端螺旋体病,Bacterial,2016-10-01,2016-10,868,202.53333333333333,0,0.4271272796752933,wpp_computed,,sinan_datasus,Brazil DATASUS SINAN,http://siab.datasus.gov.br/DATASUS/index.php?acao=41&area=0901&item=1,ftp_dbc,sinan_datasus,Brazil DATASUS SINAN,http://siab.datasus.gov.br/DATASUS/index.php?acao=41&area=0901&item=1,ftp_dbc
country,br,br,Brazil,BR,Brazil,D036,Schistosomiasis,血吸虫病,Parasitic,2016-10-01,2016-10,450,105.0,0,0.22143695374871197,wpp_computed,,sinan_datasus,Brazil DATASUS SINAN,http://siab.datasus.gov.br/DATASUS/index.php?acao=41&area=0901&item=1,ftp_dbc,sinan_datasus,Brazil DATASUS SINAN,http://siab.datasus.gov.br/DATASUS/index.php?acao=41&area=0901&item=1,ftp_dbc
country,br,br,Brazil,BR,Brazil,D037,Malaria,疟疾,Parasitic,2016-10-01,2016-10,107,24.96666666666667,0,0.05265278678024929,wpp_computed,,sinan_datasus,Brazil DATASUS SINAN,http://siab.datasus.gov.br/DATASUS/index.php?acao=41&area=0901&item=1,ftp_dbc,sinan_datasus,Brazil DATASUS SINAN,http://siab.datasus.gov.br/DATASUS/index.php?acao=41&area=0901&item=1,ftp_dbc
country,br,br,Brazil,BR,Brazil,D042,Leprosy,麻风病,Bacterial,2016-10-01,2016-10,2677,624.6333333333333,0,1.3173038337451155,wpp_computed,,sinan_datasus,Brazil DATASUS SINAN,http://siab.datasus.gov.br/DATASUS/index.php?acao=41&area=0901&item=1,ftp_dbc,sinan_datasus,Brazil DATASUS SINAN,http://siab.datasus.gov.br/DATASUS/index.php?acao=41&area=0901&item=1,ftp_dbc
country,br,br,Brazil,BR,Brazil,D044,Kala-azar,黑热病,Parasitic,2016-10-01,2016-10,794,185.26666666666665,0,0.3907132028366162,wpp_computed,,sinan_datasus,Brazil DATASUS SINAN,http://siab.datasus.gov.br/DATASUS/index.php?acao=41&area=0901&item=1,ftp_dbc,sinan_datasus,Brazil DATASUS SINAN,http://siab.datasus.gov.br/DATASUS/index.php?acao=41&area=0901&item=1,ftp_dbc
country,br,br,Brazil,BR,Brazil,D051,Zika virus disease,寨卡病毒病,Viral,2016-10-01,2016-10,1795,418.83333333333337,0,0.8832874043976399,wpp_computed,,sinan_datasus,Brazil DATASUS SINAN,http://siab.datasus.gov.br/DATASUS/index.php?acao=41&area=0901&item=1,ftp_dbc,sinan_datasus,Brazil DATASUS SINAN,http://siab.datasus.gov.br/DATASUS/index.php?acao=41&area=0901&item=1,ftp_dbc
country,br,br,Brazil,BR,Brazil,D052,Chikungunya,基孔肯雅热,Viral,2016-10-01,2016-10,4610,1075.6666666666665,0,2.268498570625694,wpp_computed,,sinan_datasus,Brazil DATASUS SINAN,http://siab.datasus.gov.br/DATASUS/index.php?acao=41&area=0901&item=1,ftp_dbc,sinan_datasus,Brazil DATASUS SINAN,http://siab.datasus.gov.br/DATASUS/index.php?acao=41&area=0901&item=1,ftp_dbc
country,br,br,Brazil,BR,Brazil,D054,Varicella,水痘,Viral,2016-10-01,2016-10,10176,2374.4,0,5.00742764743754,wpp_computed,,sinan_datasus,Brazil DATASUS SINAN,http://siab.datasus.gov.br/DATASUS/index.php?acao=41&area=0901&item=1,ftp_dbc,sinan_datasus,Brazil DATASUS SINAN,http://siab.datasus.gov.br/DATASUS/index.php?acao=41&area=0901&item=1,ftp_dbc
country,br,br,Brazil,BR,Brazil,D082,Leishmaniasis,利什曼病,Parasitic,2016-10-01,2016-10,1244,290.26666666666665,0,0.6121501565853281,wpp_computed,,sinan_datasus,Brazil DATASUS SINAN,http://siab.datasus.gov.br/DATASUS/index.php?acao=41&area=0901&item=1,ftp_dbc,sinan_datasus,Brazil DATASUS SINAN,http://siab.datasus.gov.br/DATASUS/index.php?acao=41&area=0901&item=1,ftp_dbc
country,br,br,Brazil,BR,Brazil,D084,Chagas disease,恰加斯病,Parasitic,2016-10-01,2016-10,446,104.06666666666666,0,0.21946862527094566,wpp_computed,,sinan_datasus,Brazil DATASUS SINAN,http://siab.datasus.gov.br/DATASUS/index.php?acao=41&area=0901&item=1,ftp_dbc,sinan_datasus,Brazil DATASUS SINAN,http://siab.datasus.gov.br/DATASUS/index.php?acao=41&area=0901&item=1,ftp_dbc
country,br,br,Brazil,BR,Brazil,D102,Hantavirus infection,汉坦病毒感染,Viral,2016-10-01,2016-10,88,20.53333333333333,0,0.04330322651085923,wpp_computed,,sinan_datasus,Brazil DATASUS SINAN,http://siab.datasus.gov.br/DATASUS/index.php?acao=41&area=0901&item=1,ftp_dbc,sinan_datasus,Brazil DATASUS SINAN,http://siab.datasus.gov.br/DATASUS/index.php?acao=41&area=0901&item=1,ftp_dbc
country,br,br,Brazil,BR,Brazil,D118,Spotted fever rickettsiosis,斑点热立克次体病,Bacterial,2016-10-01,2016-10,330,77.0,0,0.16238709941572213,wpp_computed,,sinan_datasus,Brazil DATASUS SINAN,http://siab.datasus.gov.br/DATASUS/index.php?acao=41&area=0901&item=1,ftp_dbc,sinan_datasus,Brazil DATASUS SINAN,http://siab.datasus.gov.br/DATASUS/index.php?acao=41&area=0901&item=1,ftp_dbc
country,br,br,Brazil,BR,Brazil,D120,Tetanus,破伤风,Bacterial,2016-10-01,2016-10,32,7.466666666666667,0,0.01574662782213063,wpp_computed,,sinan_datasus,Brazil DATASUS SINAN,http://siab.datasus.gov.br/DATASUS/index.php?acao=41&area=0901&item=1,ftp_dbc,sinan_datasus,Brazil DATASUS SINAN,http://siab.datasus.gov.br/DATASUS/index.php?acao=41&area=0901&item=1,ftp_dbc
country,br,br,Brazil,BR,Brazil,D124,Typhoid fever,伤寒,Bacterial,2016-10-01,2016-10,43,10.033333333333333,0,0.021159531135988032,wpp_computed,,sinan_datasus,Brazil DATASUS SINAN,http://siab.datasus.gov.br/DATASUS/index.php?acao=41&area=0901&item=1,ftp_dbc,sinan_datasus,Brazil DATASUS SINAN,http://siab.datasus.gov.br/DATASUS/index.php?acao=41&area=0901&item=1,ftp_dbc
country,br,br,Brazil,BR,Brazil,D144,Creutzfeldt-Jakob disease,克雅氏病,Prion,2016-10-01,2016-10,9,2.1,0,0.00442873907497424,wpp_computed,,sinan_datasus,Brazil DATASUS SINAN,http://siab.datasus.gov.br/DATASUS/index.php?acao=41&area=0901&item=1,ftp_dbc,sinan_datasus,Brazil DATASUS SINAN,http://siab.datasus.gov.br/DATASUS/index.php?acao=41&area=0901&item=1,ftp_dbc
country,br,br,Brazil,BR,Brazil,D162,HIV infection,人类免疫缺乏病毒感染,Viral,2016-10-01,2016-10,4801,1120.2333333333333,0,2.362486255439036,wpp_computed,,sinan_datasus,Brazil DATASUS SINAN,http://siab.datasus.gov.br/DATASUS/index.php?acao=41&area=0901&item=1,ftp_dbc,sinan_datasus,Brazil DATASUS SINAN,http://siab.datasus.gov.br/DATASUS/index.php?acao=41&area=0901&item=1,ftp_dbc
country,br,br,Brazil,BR,Brazil,D168,Congenital rubella syndrome,先天性风疹综合征,Viral,2016-10-01,2016-10,8,1.8666666666666667,0,0.0039366569555326575,wpp_computed,,sinan_datasus,Brazil DATASUS SINAN,http://siab.datasus.gov.br/DATASUS/index.php?acao=41&area=0901&item=1,ftp_dbc,sinan_datasus,Brazil DATASUS SINAN,http://siab.datasus.gov.br/DATASUS/index.php?acao=41&area=0901&item=1,ftp_dbc
country,br,br,Brazil,BR,Brazil,D178,Acute flaccid paralysis,急性无力肢体麻痹,Other,2016-10-01,2016-10,34,7.933333333333334,0,0.016730792061013793,wpp_computed,,sinan_datasus,Brazil DATASUS SINAN,http://siab.datasus.gov.br/DATASUS/index.php?acao=41&area=0901&item=1,ftp_dbc,sinan_datasus,Brazil DATASUS SINAN,http://siab.datasus.gov.br/DATASUS/index.php?acao=41&area=0901&item=1,ftp_dbc
country,br,br,Brazil,BR,Brazil,D184,Accident caused by venomous animals,毒性动物伤害,Other,2016-10-01,2016-10,14708,3431.866666666667,0,7.237543812746791,wpp_computed,,sinan_datasus,Brazil DATASUS SINAN,http://siab.datasus.gov.br/DATASUS/index.php?acao=41&area=0901&item=1,ftp_dbc,sinan_datasus,Brazil DATASUS SINAN,http://siab.datasus.gov.br/DATASUS/index.php?acao=41&area=0901&item=1,ftp_dbc
country,br,br,Brazil,BR,Brazil,D185,Work accident with biological material,生物材料职业暴露事故,Other,2016-10-01,2016-10,4636,1081.7333333333333,0,2.281292705731175,wpp_computed,,sinan_datasus,Brazil DATASUS SINAN,http://siab.datasus.gov.br/DATASUS/index.php?acao=41&area=0901&item=1,ftp_dbc,sinan_datasus,Brazil DATASUS SINAN,http://siab.datasus.gov.br/DATASUS/index.php?acao=41&area=0901&item=1,ftp_dbc
country,br,br,Brazil,BR,Brazil,D186,Serious work accident,严重工伤,Other,2016-10-01,2016-10,6699,1563.1000000000001,0,3.2964581181391592,wpp_computed,,sinan_datasus,Brazil DATASUS SINAN,http://siab.datasus.gov.br/DATASUS/index.php?acao=41&area=0901&item=1,ftp_dbc,sinan_datasus,Brazil DATASUS SINAN,http://siab.datasus.gov.br/DATASUS/index.php?acao=41&area=0901&item=1,ftp_dbc
country,br,br,Brazil,BR,Brazil,D187,Rabies post-exposure prophylaxis,狂犬病暴露后处置,Other,2016-10-01,2016-10,48945,11420.5,0,24.084959336068238,wpp_computed,,sinan_datasus,Brazil DATASUS SINAN,http://siab.datasus.gov.br/DATASUS/index.php?acao=41&area=0901&item=1,ftp_dbc,sinan_datasus,Brazil DATASUS SINAN,http://siab.datasus.gov.br/DATASUS/index.php?acao=41&area=0901&item=1,ftp_dbc
country,br,br,Brazil,BR,Brazil,D188,Work-related cancer,职业相关癌症,Other,2016-10-01,2016-10,20,4.666666666666666,0,0.009841642388831643,wpp_computed,,sinan_datasus,Brazil DATASUS SINAN,http://siab.datasus.gov.br/DATASUS/index.php?acao=41&area=0901&item=1,ftp_dbc,sinan_datasus,Brazil DATASUS SINAN,http://siab.datasus.gov.br/DATASUS/index.php?acao=41&area=0901&item=1,ftp_dbc
country,br,br,Brazil,BR,Brazil,D189,Work-related dermatosis,职业性皮肤病,Other,2016-10-01,2016-10,53,12.366666666666667,0,0.026080352330403855,wpp_computed,,sinan_datasus,Brazil DATASUS SINAN,http://siab.datasus.gov.br/DATASUS/index.php?acao=41&area=0901&item=1,ftp_dbc,sinan_datasus,Brazil DATASUS SINAN,http://siab.datasus.gov.br/DATASUS/index.php?acao=41&area=0901&item=1,ftp_dbc
country,br,br,Brazil,BR,Brazil,D190,Sporotrichosis,孢子丝菌病,Fungal,2016-10-01,2016-10,139,32.43333333333334,0,0.06839941460237992,wpp_computed,,sinan_datasus,Brazil DATASUS SINAN,http://siab.datasus.gov.br/DATASUS/index.php?acao=41&area=0901&item=1,ftp_dbc,sinan_datasus,Brazil DATASUS SINAN,http://siab.datasus.gov.br/DATASUS/index.php?acao=41&area=0901&item=1,ftp_dbc
country,br,br,Brazil,BR,Brazil,D191,Exogenous poisoning,外源性中毒,Other,2016-10-01,2016-10,9373,2187.0333333333333,0,4.61228570552595,wpp_computed,,sinan_datasus,Brazil DATASUS SINAN,http://siab.datasus.gov.br/DATASUS/index.php?acao=41&area=0901&item=1,ftp_dbc,sinan_datasus,Brazil DATASUS SINAN,http://siab.datasus.gov.br/DATASUS/index.php?acao=41&area=0901&item=1,ftp_dbc
country,br,br,Brazil,BR,Brazil,D193,Work-related mental disorder,职业相关精神障碍,Other,2016-10-01,2016-10,97,22.633333333333333,0,0.04773196558583347,wpp_computed,,sinan_datasus,Brazil DATASUS SINAN,http://siab.datasus.gov.br/DATASUS/index.php?acao=41&area=0901&item=1,ftp_dbc,sinan_datasus,Brazil DATASUS SINAN,http://siab.datasus.gov.br/DATASUS/index.php?acao=41&area=0901&item=1,ftp_dbc
country,br,br,Brazil,BR,Brazil,D194,Noise-induced hearing loss,噪声性听力损失,Other,2016-10-01,2016-10,115,26.833333333333336,0,0.05658944373578195,wpp_computed,,sinan_datasus,Brazil DATASUS SINAN,http://siab.datasus.gov.br/DATASUS/index.php?acao=41&area=0901&item=1,ftp_dbc,sinan_datasus,Brazil DATASUS SINAN,http://siab.datasus.gov.br/DATASUS/index.php?acao=41&area=0901&item=1,ftp_dbc
country,br,br,Brazil,BR,Brazil,D195,Pneumoconiosis,尘肺病,Other,2016-10-01,2016-10,9,2.1,0,0.00442873907497424,wpp_computed,,sinan_datasus,Brazil DATASUS SINAN,http://siab.datasus.gov.br/DATASUS/index.php?acao=41&area=0901&item=1,ftp_dbc,sinan_datasus,Brazil DATASUS SINAN,http://siab.datasus.gov.br/DATASUS/index.php?acao=41&area=0901&item=1,ftp_dbc
country,br,br,Brazil,BR,Brazil,D199,Rotavirus infection,轮状病毒感染,Viral,2016-10-01,2016-10,83,19.366666666666667,0,0.04084281591365132,wpp_computed,,sinan_datasus,Brazil DATASUS SINAN,http://siab.datasus.gov.br/DATASUS/index.php?acao=41&area=0901&item=1,ftp_dbc,sinan_datasus,Brazil DATASUS SINAN,http://siab.datasus.gov.br/DATASUS/index.php?acao=41&area=0901&item=1,ftp_dbc
country,br,br,Brazil,BR,Brazil,D200,Trachoma,沙眼,Bacterial,2016-10-01,2016-10,2879,671.7666666666667,0,1.416704421872315,wpp_computed,,sinan_datasus,Brazil DATASUS SINAN,http://siab.datasus.gov.br/DATASUS/index.php?acao=41&area=0901&item=1,ftp_dbc,sinan_datasus,Brazil DATASUS SINAN,http://siab.datasus.gov.br/DATASUS/index.php?acao=41&area=0901&item=1,ftp_dbc
country,br,br,Brazil,BR,Brazil,D201,Exanthematous diseases,出疹性疾病,Viral,2016-10-01,2016-10,168,39.199999999999996,0,0.08266979606618581,wpp_computed,,sinan_datasus,Brazil DATASUS SINAN,http://siab.datasus.gov.br/DATASUS/index.php?acao=41&area=0901&item=1,ftp_dbc,sinan_datasus,Brazil DATASUS SINAN,http://siab.datasus.gov.br/DATASUS/index.php?acao=41&area=0901&item=1,ftp_dbc
country,br,br,Brazil,BR,Brazil,D230,Child exposed to HIV,儿童HIV暴露,Other,2016-10-01,2016-10,540,126.0,0,0.2657243444984544,wpp_computed,,sinan_datasus,Brazil DATASUS SINAN,http://siab.datasus.gov.br/DATASUS/index.php?acao=41&area=0901&item=1,ftp_dbc,sinan_datasus,Brazil DATASUS SINAN,http://siab.datasus.gov.br/DATASUS/index.php?acao=41&area=0901&item=1,ftp_dbc
country,br,br,Brazil,BR,Brazil,D231,HIV infection in pregnancy surveillance event,孕产期HIV感染监测事件,Viral,2016-10-01,2016-10,605,141.16666666666669,0,0.2977096822621572,wpp_computed,,sinan_datasus,Brazil DATASUS SINAN,http://siab.datasus.gov.br/DATASUS/index.php?acao=41&area=0901&item=1,ftp_dbc,sinan_datasus,Brazil DATASUS SINAN,http://siab.datasus.gov.br/DATASUS/index.php?acao=41&area=0901&item=1,ftp_dbc
country,br,br,Brazil,BR,Brazil,D235,Meningitis (all reported etiologies),脑膜炎（全部报告病因）,Other,2016-10-01,2016-10,2333,544.3666666666667,0,1.1480275846572112,wpp_computed,,sinan_datasus,Brazil DATASUS SINAN,http://siab.datasus.gov.br/DATASUS/index.php?acao=41&area=0901&item=1,ftp_dbc,sinan_datasus,Brazil DATASUS SINAN,http://siab.datasus.gov.br/DATASUS/index.php?acao=41&area=0901&item=1,ftp_dbc
country,br,br,Brazil,BR,Brazil,D001,Plague,鼠疫,Bacterial,2016-11-01,2016-11,2,0.11382113821138212,0,0.0009841642388831644,wpp_computed,,sinan_datasus,Brazil DATASUS SINAN,http://siab.datasus.gov.br/DATASUS/index.php?acao=41&area=0901&item=1,ftp_dbc,sinan_datasus,Brazil DATASUS SINAN,http://siab.datasus.gov.br/DATASUS/index.php?acao=41&area=0901&item=1,ftp_dbc
country,br,br,Brazil,BR,Brazil,D005,AIDS,艾滋病,Viral,2016-11-01,2016-11,3879,875.9032258064516,0,1.9087865413138974,wpp_computed,,sinan_datasus,Brazil DATASUS SINAN,http://siab.datasus.gov.br/DATASUS/index.php?acao=41&area=0901&item=1,ftp_dbc,sinan_datasus,Brazil DATASUS SINAN,http://siab.datasus.gov.br/DATASUS/index.php?acao=41&area=0901&item=1,ftp_dbc
country,br,br,Brazil,BR,Brazil,D019,Rabies,狂犬病,Viral,2016-11-01,2016-11,9,2.032258064516129,0,0.00442873907497424,wpp_computed,,sinan_datasus,Brazil DATASUS SINAN,http://siab.datasus.gov.br/DATASUS/index.php?acao=41&area=0901&item=1,ftp_dbc,sinan_datasus,Brazil DATASUS SINAN,http://siab.datasus.gov.br/DATASUS/index.php?acao=41&area=0901&item=1,ftp_dbc
country,br,br,Brazil,BR,Brazil,D021,Dengue,登革热,Viral,2016-11-01,2016-11,29616,6687.483870967742,0,14.573504049381896,wpp_computed,,sinan_datasus,Brazil DATASUS SINAN,http://siab.datasus.gov.br/DATASUS/index.php?acao=41&area=0901&item=1,ftp_dbc,sinan_datasus,Brazil DATASUS SINAN,http://siab.datasus.gov.br/DATASUS/index.php?acao=41&area=0901&item=1,ftp_dbc
country,br,br,Brazil,BR,Brazil,D025,Tuberculosis,肺结核,Bacterial,2016-11-01,2016-11,7054,1592.8387096774195,0,3.4711472705409205,wpp_computed,,sinan_datasus,Brazil DATASUS SINAN,http://siab.datasus.gov.br/DATASUS/index.php?acao=41&area=0901&item=1,ftp_dbc,sinan_datasus,Brazil DATASUS SINAN,http://siab.datasus.gov.br/DATASUS/index.php?acao=41&area=0901&item=1,ftp_dbc
country,br,br,Brazil,BR,Brazil,D028,Pertussis,百日咳,Bacterial,2016-11-01,2016-11,321,72.48387096774194,0,0.15795836034074787,wpp_computed,,sinan_datasus,Brazil DATASUS SINAN,http://siab.datasus.gov.br/DATASUS/index.php?acao=41&area=0901&item=1,ftp_dbc,sinan_datasus,Brazil DATASUS SINAN,http://siab.datasus.gov.br/DATASUS/index.php?acao=41&area=0901&item=1,ftp_dbc
country,br,br,Brazil,BR,Brazil,D029,Diphtheria,白喉,Bacterial,2016-11-01,2016-11,4,0.9032258064516129,0,0.0019683284777663288,wpp_computed,,sinan_datasus,Brazil DATASUS SINAN,http://siab.datasus.gov.br/DATASUS/index.php?acao=41&area=0901&item=1,ftp_dbc,sinan_datasus,Brazil DATASUS SINAN,http://siab.datasus.gov.br/DATASUS/index.php?acao=41&area=0901&item=1,ftp_dbc
country,br,br,Brazil,BR,Brazil,D035,Leptospirosis,钩端螺旋体病,Bacterial,2016-11-01,2016-11,1070,241.61290322580646,0,0.5265278678024929,wpp_computed,,sinan_datasus,Brazil DATASUS SINAN,http://siab.datasus.gov.br/DATASUS/index.php?acao=41&area=0901&item=1,ftp_dbc,sinan_datasus,Brazil DATASUS SINAN,http://siab.datasus.gov.br/DATASUS/index.php?acao=41&area=0901&item=1,ftp_dbc
country,br,br,Brazil,BR,Brazil,D036,Schistosomiasis,血吸虫病,Parasitic,2016-11-01,2016-11,284,64.12903225806453,0,0.13975132192140932,wpp_computed,,sinan_datasus,Brazil DATASUS SINAN,http://siab.datasus.gov.br/DATASUS/index.php?acao=41&area=0901&item=1,ftp_dbc,sinan_datasus,Brazil DATASUS SINAN,http://siab.datasus.gov.br/DATASUS/index.php?acao=41&area=0901&item=1,ftp_dbc
country,br,br,Brazil,BR,Brazil,D037,Malaria,疟疾,Parasitic,2016-11-01,2016-11,99,22.354838709677416,0,0.04871612982471663,wpp_computed,,sinan_datasus,Brazil DATASUS SINAN,http://siab.datasus.gov.br/DATASUS/index.php?acao=41&area=0901&item=1,ftp_dbc,sinan_datasus,Brazil DATASUS SINAN,http://siab.datasus.gov.br/DATASUS/index.php?acao=41&area=0901&item=1,ftp_dbc
country,br,br,Brazil,BR,Brazil,D042,Leprosy,麻风病,Bacterial,2016-11-01,2016-11,2534,572.1935483870967,0,1.2469360906649694,wpp_computed,,sinan_datasus,Brazil DATASUS SINAN,http://siab.datasus.gov.br/DATASUS/index.php?acao=41&area=0901&item=1,ftp_dbc,sinan_datasus,Brazil DATASUS SINAN,http://siab.datasus.gov.br/DATASUS/index.php?acao=41&area=0901&item=1,ftp_dbc
country,br,br,Brazil,BR,Brazil,D044,Kala-azar,黑热病,Parasitic,2016-11-01,2016-11,764,172.51612903225805,0,0.3759507392533688,wpp_computed,,sinan_datasus,Brazil DATASUS SINAN,http://siab.datasus.gov.br/DATASUS/index.php?acao=41&area=0901&item=1,ftp_dbc,sinan_datasus,Brazil DATASUS SINAN,http://siab.datasus.gov.br/DATASUS/index.php?acao=41&area=0901&item=1,ftp_dbc
country,br,br,Brazil,BR,Brazil,D051,Zika virus disease,寨卡病毒病,Viral,2016-11-01,2016-11,2110,476.4516129032258,0,1.0382932720217384,wpp_computed,,sinan_datasus,Brazil DATASUS SINAN,http://siab.datasus.gov.br/DATASUS/index.php?acao=41&area=0901&item=1,ftp_dbc,sinan_datasus,Brazil DATASUS SINAN,http://siab.datasus.gov.br/DATASUS/index.php?acao=41&area=0901&item=1,ftp_dbc
country,br,br,Brazil,BR,Brazil,D052,Chikungunya,基孔肯雅热,Viral,2016-11-01,2016-11,5650,1275.8064516129032,0,2.780263974844939,wpp_computed,,sinan_datasus,Brazil DATASUS SINAN,http://siab.datasus.gov.br/DATASUS/index.php?acao=41&area=0901&item=1,ftp_dbc,sinan_datasus,Brazil DATASUS SINAN,http://siab.datasus.gov.br/DATASUS/index.php?acao=41&area=0901&item=1,ftp_dbc
country,br,br,Brazil,BR,Brazil,D054,Varicella,水痘,Viral,2016-11-01,2016-11,7729,1745.258064516129,0,3.8033027011639886,wpp_computed,,sinan_datasus,Brazil DATASUS SINAN,http://siab.datasus.gov.br/DATASUS/index.php?acao=41&area=0901&item=1,ftp_dbc,sinan_datasus,Brazil DATASUS SINAN,http://siab.datasus.gov.br/DATASUS/index.php?acao=41&area=0901&item=1,ftp_dbc
country,br,br,Brazil,BR,Brazil,D082,Leishmaniasis,利什曼病,Parasitic,2016-11-01,2016-11,1412,318.83870967741933,0,0.694819952651514,wpp_computed,,sinan_datasus,Brazil DATASUS SINAN,http://siab.datasus.gov.br/DATASUS/index.php?acao=41&area=0901&item=1,ftp_dbc,sinan_datasus,Brazil DATASUS SINAN,http://siab.datasus.gov.br/DATASUS/index.php?acao=41&area=0901&item=1,ftp_dbc
country,br,br,Brazil,BR,Brazil,D084,Chagas disease,恰加斯病,Parasitic,2016-11-01,2016-11,373,84.22580645161291,0,0.18354663055171014,wpp_computed,,sinan_datasus,Brazil DATASUS SINAN,http://siab.datasus.gov.br/DATASUS/index.php?acao=41&area=0901&item=1,ftp_dbc,sinan_datasus,Brazil DATASUS SINAN,http://siab.datasus.gov.br/DATASUS/index.php?acao=41&area=0901&item=1,ftp_dbc
country,br,br,Brazil,BR,Brazil,D102,Hantavirus infection,汉坦病毒感染,Viral,2016-11-01,2016-11,63,14.225806451612904,0,0.031001173524819674,wpp_computed,,sinan_datasus,Brazil DATASUS SINAN,http://siab.datasus.gov.br/DATASUS/index.php?acao=41&area=0901&item=1,ftp_dbc,sinan_datasus,Brazil DATASUS SINAN,http://siab.datasus.gov.br/DATASUS/index.php?acao=41&area=0901&item=1,ftp_dbc
country,br,br,Brazil,BR,Brazil,D118,Spotted fever rickettsiosis,斑点热立克次体病,Bacterial,2016-11-01,2016-11,264,59.61290322580645,0,0.12990967953257768,wpp_computed,,sinan_datasus,Brazil DATASUS SINAN,http://siab.datasus.gov.br/DATASUS/index.php?acao=41&area=0901&item=1,ftp_dbc,sinan_datasus,Brazil DATASUS SINAN,http://siab.datasus.gov.br/DATASUS/index.php?acao=41&area=0901&item=1,ftp_dbc
country,br,br,Brazil,BR,Brazil,D120,Tetanus,破伤风,Bacterial,2016-11-01,2016-11,43,9.70967741935484,0,0.021159531135988032,wpp_computed,,sinan_datasus,Brazil DATASUS SINAN,http://siab.datasus.gov.br/DATASUS/index.php?acao=41&area=0901&item=1,ftp_dbc,sinan_datasus,Brazil DATASUS SINAN,http://siab.datasus.gov.br/DATASUS/index.php?acao=41&area=0901&item=1,ftp_dbc
country,br,br,Brazil,BR,Brazil,D124,Typhoid fever,伤寒,Bacterial,2016-11-01,2016-11,42,9.483870967741934,0,0.020667449016546453,wpp_computed,,sinan_datasus,Brazil DATASUS SINAN,http://siab.datasus.gov.br/DATASUS/index.php?acao=41&area=0901&item=1,ftp_dbc,sinan_datasus,Brazil DATASUS SINAN,http://siab.datasus.gov.br/DATASUS/index.php?acao=41&area=0901&item=1,ftp_dbc
country,br,br,Brazil,BR,Brazil,D144,Creutzfeldt-Jakob disease,克雅氏病,Prion,2016-11-01,2016-11,9,2.032258064516129,0,0.00442873907497424,wpp_computed,,sinan_datasus,Brazil DATASUS SINAN,http://siab.datasus.gov.br/DATASUS/index.php?acao=41&area=0901&item=1,ftp_dbc,sinan_datasus,Brazil DATASUS SINAN,http://siab.datasus.gov.br/DATASUS/index.php?acao=41&area=0901&item=1,ftp_dbc
country,br,br,Brazil,BR,Brazil,D162,HIV infection,人类免疫缺乏病毒感染,Viral,2016-11-01,2016-11,5041,1138.2903225806454,0,2.480585964105016,wpp_computed,,sinan_datasus,Brazil DATASUS SINAN,http://siab.datasus.gov.br/DATASUS/index.php?acao=41&area=0901&item=1,ftp_dbc,sinan_datasus,Brazil DATASUS SINAN,http://siab.datasus.gov.br/DATASUS/index.php?acao=41&area=0901&item=1,ftp_dbc
country,br,br,Brazil,BR,Brazil,D168,Congenital rubella syndrome,先天性风疹综合征,Viral,2016-11-01,2016-11,12,2.7096774193548385,0,0.005904985433298986,wpp_computed,,sinan_datasus,Brazil DATASUS SINAN,http://siab.datasus.gov.br/DATASUS/index.php?acao=41&area=0901&item=1,ftp_dbc,sinan_datasus,Brazil DATASUS SINAN,http://siab.datasus.gov.br/DATASUS/index.php?acao=41&area=0901&item=1,ftp_dbc
country,br,br,Brazil,BR,Brazil,D178,Acute flaccid paralysis,急性无力肢体麻痹,Other,2016-11-01,2016-11,40,9.032258064516128,0,0.019683284777663287,wpp_computed,,sinan_datasus,Brazil DATASUS SINAN,http://siab.datasus.gov.br/DATASUS/index.php?acao=41&area=0901&item=1,ftp_dbc,sinan_datasus,Brazil DATASUS SINAN,http://siab.datasus.gov.br/DATASUS/index.php?acao=41&area=0901&item=1,ftp_dbc
country,br,br,Brazil,BR,Brazil,D184,Accident caused by venomous animals,毒性动物伤害,Other,2016-11-01,2016-11,15377,3472.225806451613,0,7.566746750653208,wpp_computed,,sinan_datasus,Brazil DATASUS SINAN,http://siab.datasus.gov.br/DATASUS/index.php?acao=41&area=0901&item=1,ftp_dbc,sinan_datasus,Brazil DATASUS SINAN,http://siab.datasus.gov.br/DATASUS/index.php?acao=41&area=0901&item=1,ftp_dbc
country,br,br,Brazil,BR,Brazil,D185,Work accident with biological material,生物材料职业暴露事故,Other,2016-11-01,2016-11,4288,968.258064516129,0,2.1100481281655044,wpp_computed,,sinan_datasus,Brazil DATASUS SINAN,http://siab.datasus.gov.br/DATASUS/index.php?acao=41&area=0901&item=1,ftp_dbc,sinan_datasus,Brazil DATASUS SINAN,http://siab.datasus.gov.br/DATASUS/index.php?acao=41&area=0901&item=1,ftp_dbc
country,br,br,Brazil,BR,Brazil,D186,Serious work accident,严重工伤,Other,2016-11-01,2016-11,6540,1476.774193548387,0,3.2182170611479473,wpp_computed,,sinan_datasus,Brazil DATASUS SINAN,http://siab.datasus.gov.br/DATASUS/index.php?acao=41&area=0901&item=1,ftp_dbc,sinan_datasus,Brazil DATASUS SINAN,http://siab.datasus.gov.br/DATASUS/index.php?acao=41&area=0901&item=1,ftp_dbc
country,br,br,Brazil,BR,Brazil,D187,Rabies post-exposure prophylaxis,狂犬病暴露后处置,Other,2016-11-01,2016-11,48474,10945.741935483871,0,23.853188657811256,wpp_computed,,sinan_datasus,Brazil DATASUS SINAN,http://siab.datasus.gov.br/DATASUS/index.php?acao=41&area=0901&item=1,ftp_dbc,sinan_datasus,Brazil DATASUS SINAN,http://siab.datasus.gov.br/DATASUS/index.php?acao=41&area=0901&item=1,ftp_dbc
country,br,br,Brazil,BR,Brazil,D188,Work-related cancer,职业相关癌症,Other,2016-11-01,2016-11,31,7.0,0,0.015254545702689047,wpp_computed,,sinan_datasus,Brazil DATASUS SINAN,http://siab.datasus.gov.br/DATASUS/index.php?acao=41&area=0901&item=1,ftp_dbc,sinan_datasus,Brazil DATASUS SINAN,http://siab.datasus.gov.br/DATASUS/index.php?acao=41&area=0901&item=1,ftp_dbc
country,br,br,Brazil,BR,Brazil,D189,Work-related dermatosis,职业性皮肤病,Other,2016-11-01,2016-11,56,12.64516129032258,0,0.0275565986887286,wpp_computed,,sinan_datasus,Brazil DATASUS SINAN,http://siab.datasus.gov.br/DATASUS/index.php?acao=41&area=0901&item=1,ftp_dbc,sinan_datasus,Brazil DATASUS SINAN,http://siab.datasus.gov.br/DATASUS/index.php?acao=41&area=0901&item=1,ftp_dbc
country,br,br,Brazil,BR,Brazil,D190,Sporotrichosis,孢子丝菌病,Fungal,2016-11-01,2016-11,123,27.774193548387096,0,0.0605261006913146,wpp_computed,,sinan_datasus,Brazil DATASUS SINAN,http://siab.datasus.gov.br/DATASUS/index.php?acao=41&area=0901&item=1,ftp_dbc,sinan_datasus,Brazil DATASUS SINAN,http://siab.datasus.gov.br/DATASUS/index.php?acao=41&area=0901&item=1,ftp_dbc
country,br,br,Brazil,BR,Brazil,D191,Exogenous poisoning,外源性中毒,Other,2016-11-01,2016-11,9901,2235.7096774193546,0,4.872105064591105,wpp_computed,,sinan_datasus,Brazil DATASUS SINAN,http://siab.datasus.gov.br/DATASUS/index.php?acao=41&area=0901&item=1,ftp_dbc,sinan_datasus,Brazil DATASUS SINAN,http://siab.datasus.gov.br/DATASUS/index.php?acao=41&area=0901&item=1,ftp_dbc
country,br,br,Brazil,BR,Brazil,D193,Work-related mental disorder,职业相关精神障碍,Other,2016-11-01,2016-11,178,40.193548387096776,0,0.08759061726060163,wpp_computed,,sinan_datasus,Brazil DATASUS SINAN,http://siab.datasus.gov.br/DATASUS/index.php?acao=41&area=0901&item=1,ftp_dbc,sinan_datasus,Brazil DATASUS SINAN,http://siab.datasus.gov.br/DATASUS/index.php?acao=41&area=0901&item=1,ftp_dbc
country,br,br,Brazil,BR,Brazil,D194,Noise-induced hearing loss,噪声性听力损失,Other,2016-11-01,2016-11,114,25.741935483870968,0,0.056097361616340366,wpp_computed,,sinan_datasus,Brazil DATASUS SINAN,http://siab.datasus.gov.br/DATASUS/index.php?acao=41&area=0901&item=1,ftp_dbc,sinan_datasus,Brazil DATASUS SINAN,http://siab.datasus.gov.br/DATASUS/index.php?acao=41&area=0901&item=1,ftp_dbc
country,br,br,Brazil,BR,Brazil,D195,Pneumoconiosis,尘肺病,Other,2016-11-01,2016-11,8,1.8064516129032258,0,0.0039366569555326575,wpp_computed,,sinan_datasus,Brazil DATASUS SINAN,http://siab.datasus.gov.br/DATASUS/index.php?acao=41&area=0901&item=1,ftp_dbc,sinan_datasus,Brazil DATASUS SINAN,http://siab.datasus.gov.br/DATASUS/index.php?acao=41&area=0901&item=1,ftp_dbc
country,br,br,Brazil,BR,Brazil,D199,Rotavirus infection,轮状病毒感染,Viral,2016-11-01,2016-11,78,17.612903225806452,0,0.03838240531644341,wpp_computed,,sinan_datasus,Brazil DATASUS SINAN,http://siab.datasus.gov.br/DATASUS/index.php?acao=41&area=0901&item=1,ftp_dbc,sinan_datasus,Brazil DATASUS SINAN,http://siab.datasus.gov.br/DATASUS/index.php?acao=41&area=0901&item=1,ftp_dbc
country,br,br,Brazil,BR,Brazil,D200,Trachoma,沙眼,Bacterial,2016-11-01,2016-11,3626,818.7741935483871,0,1.784289765095177,wpp_computed,,sinan_datasus,Brazil DATASUS SINAN,http://siab.datasus.gov.br/DATASUS/index.php?acao=41&area=0901&item=1,ftp_dbc,sinan_datasus,Brazil DATASUS SINAN,http://siab.datasus.gov.br/DATASUS/index.php?acao=41&area=0901&item=1,ftp_dbc
country,br,br,Brazil,BR,Brazil,D201,Exanthematous diseases,出疹性疾病,Viral,2016-11-01,2016-11,173,39.06451612903226,0,0.08513020666339371,wpp_computed,,sinan_datasus,Brazil DATASUS SINAN,http://siab.datasus.gov.br/DATASUS/index.php?acao=41&area=0901&item=1,ftp_dbc,sinan_datasus,Brazil DATASUS SINAN,http://siab.datasus.gov.br/DATASUS/index.php?acao=41&area=0901&item=1,ftp_dbc
country,br,br,Brazil,BR,Brazil,D230,Child exposed to HIV,儿童HIV暴露,Other,2016-11-01,2016-11,510,115.16129032258065,0,0.25096188091520694,wpp_computed,,sinan_datasus,Brazil DATASUS SINAN,http://siab.datasus.gov.br/DATASUS/index.php?acao=41&area=0901&item=1,ftp_dbc,sinan_datasus,Brazil DATASUS SINAN,http://siab.datasus.gov.br/DATASUS/index.php?acao=41&area=0901&item=1,ftp_dbc
country,br,br,Brazil,BR,Brazil,D231,HIV infection in pregnancy surveillance event,孕产期HIV感染监测事件,Viral,2016-11-01,2016-11,637,143.83870967741933,0,0.3134563100842878,wpp_computed,,sinan_datasus,Brazil DATASUS SINAN,http://siab.datasus.gov.br/DATASUS/index.php?acao=41&area=0901&item=1,ftp_dbc,sinan_datasus,Brazil DATASUS SINAN,http://siab.datasus.gov.br/DATASUS/index.php?acao=41&area=0901&item=1,ftp_dbc
country,br,br,Brazil,BR,Brazil,D235,Meningitis (all reported etiologies),脑膜炎（全部报告病因）,Other,2016-11-01,2016-11,2578,582.1290322580645,0,1.2685877039203988,wpp_computed,,sinan_datasus,Brazil DATASUS SINAN,http://siab.datasus.gov.br/DATASUS/index.php?acao=41&area=0901&item=1,ftp_dbc,sinan_datasus,Brazil DATASUS SINAN,http://siab.datasus.gov.br/DATASUS/index.php?acao=41&area=0901&item=1,ftp_dbc
country,br,br,Brazil,BR,Brazil,D001,Plague,鼠疫,Bacterial,2016-12-01,2016-12,1,0.23333333333333334,0,0.0004920821194415822,wpp_computed,,sinan_datasus,Brazil DATASUS SINAN,http://siab.datasus.gov.br/DATASUS/index.php?acao=41&area=0901&item=1,ftp_dbc,sinan_datasus,Brazil DATASUS SINAN,http://siab.datasus.gov.br/DATASUS/index.php?acao=41&area=0901&item=1,ftp_dbc
country,br,br,Brazil,BR,Brazil,D005,AIDS,艾滋病,Viral,2016-12-01,2016-12,3874,903.9333333333333,0,1.9063261307166894,wpp_computed,,sinan_datasus,Brazil DATASUS SINAN,http://siab.datasus.gov.br/DATASUS/index.php?acao=41&area=0901&item=1,ftp_dbc,sinan_datasus,Brazil DATASUS SINAN,http://siab.datasus.gov.br/DATASUS/index.php?acao=41&area=0901&item=1,ftp_dbc
country,br,br,Brazil,BR,Brazil,D019,Rabies,狂犬病,Viral,2016-12-01,2016-12,12,2.8000000000000003,0,0.005904985433298986,wpp_computed,,sinan_datasus,Brazil DATASUS SINAN,http://siab.datasus.gov.br/DATASUS/index.php?acao=41&area=0901&item=1,ftp_dbc,sinan_datasus,Brazil DATASUS SINAN,http://siab.datasus.gov.br/DATASUS/index.php?acao=41&area=0901&item=1,ftp_dbc
country,br,br,Brazil,BR,Brazil,D021,Dengue,登革热,Viral,2016-12-01,2016-12,34804,8120.933333333334,0,17.126426085044823,wpp_computed,,sinan_datasus,Brazil DATASUS SINAN,http://siab.datasus.gov.br/DATASUS/index.php?acao=41&area=0901&item=1,ftp_dbc,sinan_datasus,Brazil DATASUS SINAN,http://siab.datasus.gov.br/DATASUS/index.php?acao=41&area=0901&item=1,ftp_dbc
country,br,br,Brazil,BR,Brazil,D025,Tuberculosis,肺结核,Bacterial,2016-12-01,2016-12,6565,1531.8333333333335,0,3.230519114133987,wpp_computed,,sinan_datasus,Brazil DATASUS SINAN,http://siab.datasus.gov.br/DATASUS/index.php?acao=41&area=0901&item=1,ftp_dbc,sinan_datasus,Brazil DATASUS SINAN,http://siab.datasus.gov.br/DATASUS/index.php?acao=41&area=0901&item=1,ftp_dbc
country,br,br,Brazil,BR,Brazil,D028,Pertussis,百日咳,Bacterial,2016-12-01,2016-12,348,81.2,0,0.1712445775656706,wpp_computed,,sinan_datasus,Brazil DATASUS SINAN,http://siab.datasus.gov.br/DATASUS/index.php?acao=41&area=0901&item=1,ftp_dbc,sinan_datasus,Brazil DATASUS SINAN,http://siab.datasus.gov.br/DATASUS/index.php?acao=41&area=0901&item=1,ftp_dbc
country,br,br,Brazil,BR,Brazil,D029,Diphtheria,白喉,Bacterial,2016-12-01,2016-12,1,0.23333333333333334,0,0.0004920821194415822,wpp_computed,,sinan_datasus,Brazil DATASUS SINAN,http://siab.datasus.gov.br/DATASUS/index.php?acao=41&area=0901&item=1,ftp_dbc,sinan_datasus,Brazil DATASUS SINAN,http://siab.datasus.gov.br/DATASUS/index.php?acao=41&area=0901&item=1,ftp_dbc
country,br,br,Brazil,BR,Brazil,D035,Leptospirosis,钩端螺旋体病,Bacterial,2016-12-01,2016-12,1110,259.0,0,0.5462111525801562,wpp_computed,,sinan_datasus,Brazil DATASUS SINAN,http://siab.datasus.gov.br/DATASUS/index.php?acao=41&area=0901&item=1,ftp_dbc,sinan_datasus,Brazil DATASUS SINAN,http://siab.datasus.gov.br/DATASUS/index.php?acao=41&area=0901&item=1,ftp_dbc
country,br,br,Brazil,BR,Brazil,D036,Schistosomiasis,血吸虫病,Parasitic,2016-12-01,2016-12,287,66.96666666666667,0,0.14122756827973407,wpp_computed,,sinan_datasus,Brazil DATASUS SINAN,http://siab.datasus.gov.br/DATASUS/index.php?acao=41&area=0901&item=1,ftp_dbc,sinan_datasus,Brazil DATASUS SINAN,http://siab.datasus.gov.br/DATASUS/index.php?acao=41&area=0901&item=1,ftp_dbc
country,br,br,Brazil,BR,Brazil,D037,Malaria,疟疾,Parasitic,2016-12-01,2016-12,134,31.266666666666666,0,0.06593900400517201,wpp_computed,,sinan_datasus,Brazil DATASUS SINAN,http://siab.datasus.gov.br/DATASUS/index.php?acao=41&area=0901&item=1,ftp_dbc,sinan_datasus,Brazil DATASUS SINAN,http://siab.datasus.gov.br/DATASUS/index.php?acao=41&area=0901&item=1,ftp_dbc
country,br,br,Brazil,BR,Brazil,D042,Leprosy,麻风病,Bacterial,2016-12-01,2016-12,2236,521.7333333333333,0,1.1002956190713777,wpp_computed,,sinan_datasus,Brazil DATASUS SINAN,http://siab.datasus.gov.br/DATASUS/index.php?acao=41&area=0901&item=1,ftp_dbc,sinan_datasus,Brazil DATASUS SINAN,http://siab.datasus.gov.br/DATASUS/index.php?acao=41&area=0901&item=1,ftp_dbc
country,br,br,Brazil,BR,Brazil,D044,Kala-azar,黑热病,Parasitic,2016-12-01,2016-12,729,170.1,0,0.3587278650729134,wpp_computed,,sinan_datasus,Brazil DATASUS SINAN,http://siab.datasus.gov.br/DATASUS/index.php?acao=41&area=0901&item=1,ftp_dbc,sinan_datasus,Brazil DATASUS SINAN,http://siab.datasus.gov.br/DATASUS/index.php?acao=41&area=0901&item=1,ftp_dbc
country,br,br,Brazil,BR,Brazil,D051,Zika virus disease,寨卡病毒病,Viral,2016-12-01,2016-12,2241,522.9,0,1.1027560296685857,wpp_computed,,sinan_datasus,Brazil DATASUS SINAN,http://siab.datasus.gov.br/DATASUS/index.php?acao=41&area=0901&item=1,ftp_dbc,sinan_datasus,Brazil DATASUS SINAN,http://siab.datasus.gov.br/DATASUS/index.php?acao=41&area=0901&item=1,ftp_dbc
country,br,br,Brazil,BR,Brazil,D052,Chikungunya,基孔肯雅热,Viral,2016-12-01,2016-12,4608,1075.2,0,2.2675144063868107,wpp_computed,,sinan_datasus,Brazil DATASUS SINAN,http://siab.datasus.gov.br/DATASUS/index.php?acao=41&area=0901&item=1,ftp_dbc,sinan_datasus,Brazil DATASUS SINAN,http://siab.datasus.gov.br/DATASUS/index.php?acao=41&area=0901&item=1,ftp_dbc
country,br,br,Brazil,BR,Brazil,D054,Varicella,水痘,Viral,2016-12-01,2016-12,5068,1182.5333333333333,0,2.4938721813299387,wpp_computed,,sinan_datasus,Brazil DATASUS SINAN,http://siab.datasus.gov.br/DATASUS/index.php?acao=41&area=0901&item=1,ftp_dbc,sinan_datasus,Brazil DATASUS SINAN,http://siab.datasus.gov.br/DATASUS/index.php?acao=41&area=0901&item=1,ftp_dbc
country,br,br,Brazil,BR,Brazil,D082,Leishmaniasis,利什曼病,Parasitic,2016-12-01,2016-12,1166,272.06666666666666,0,0.5737677512688848,wpp_computed,,sinan_datasus,Brazil DATASUS SINAN,http://siab.datasus.gov.br/DATASUS/index.php?acao=41&area=0901&item=1,ftp_dbc,sinan_datasus,Brazil DATASUS SINAN,http://siab.datasus.gov.br/DATASUS/index.php?acao=41&area=0901&item=1,ftp_dbc
country,br,br,Brazil,BR,Brazil,D084,Chagas disease,恰加斯病,Parasitic,2016-12-01,2016-12,292,68.13333333333333,0,0.14368797887694199,wpp_computed,,sinan_datasus,Brazil DATASUS SINAN,http://siab.datasus.gov.br/DATASUS/index.php?acao=41&area=0901&item=1,ftp_dbc,sinan_datasus,Brazil DATASUS SINAN,http://siab.datasus.gov.br/DATASUS/index.php?acao=41&area=0901&item=1,ftp_dbc
country,br,br,Brazil,BR,Brazil,D102,Hantavirus infection,汉坦病毒感染,Viral,2016-12-01,2016-12,86,20.066666666666666,0,0.042319062271976064,wpp_computed,,sinan_datasus,Brazil DATASUS SINAN,http://siab.datasus.gov.br/DATASUS/index.php?acao=41&area=0901&item=1,ftp_dbc,sinan_datasus,Brazil DATASUS SINAN,http://siab.datasus.gov.br/DATASUS/index.php?acao=41&area=0901&item=1,ftp_dbc
country,br,br,Brazil,BR,Brazil,D118,Spotted fever rickettsiosis,斑点热立克次体病,Bacterial,2016-12-01,2016-12,187,43.63333333333333,0,0.09201935633557587,wpp_computed,,sinan_datasus,Brazil DATASUS SINAN,http://siab.datasus.gov.br/DATASUS/index.php?acao=41&area=0901&item=1,ftp_dbc,sinan_datasus,Brazil DATASUS SINAN,http://siab.datasus.gov.br/DATASUS/index.php?acao=41&area=0901&item=1,ftp_dbc
country,br,br,Brazil,BR,Brazil,D120,Tetanus,破伤风,Bacterial,2016-12-01,2016-12,40,9.333333333333332,0,0.019683284777663287,wpp_computed,,sinan_datasus,Brazil DATASUS SINAN,http://siab.datasus.gov.br/DATASUS/index.php?acao=41&area=0901&item=1,ftp_dbc,sinan_datasus,Brazil DATASUS SINAN,http://siab.datasus.gov.br/DATASUS/index.php?acao=41&area=0901&item=1,ftp_dbc
country,br,br,Brazil,BR,Brazil,D124,Typhoid fever,伤寒,Bacterial,2016-12-01,2016-12,43,10.033333333333333,0,0.021159531135988032,wpp_computed,,sinan_datasus,Brazil DATASUS SINAN,http://siab.datasus.gov.br/DATASUS/index.php?acao=41&area=0901&item=1,ftp_dbc,sinan_datasus,Brazil DATASUS SINAN,http://siab.datasus.gov.br/DATASUS/index.php?acao=41&area=0901&item=1,ftp_dbc
country,br,br,Brazil,BR,Brazil,D144,Creutzfeldt-Jakob disease,克雅氏病,Prion,2016-12-01,2016-12,11,2.5666666666666664,0,0.005412903313857404,wpp_computed,,sinan_datasus,Brazil DATASUS SINAN,http://siab.datasus.gov.br/DATASUS/index.php?acao=41&area=0901&item=1,ftp_dbc,sinan_datasus,Brazil DATASUS SINAN,http://siab.datasus.gov.br/DATASUS/index.php?acao=41&area=0901&item=1,ftp_dbc
country,br,br,Brazil,BR,Brazil,D162,HIV infection,人类免疫缺乏病毒感染,Viral,2016-12-01,2016-12,4769,1112.7666666666667,0,2.346739627616905,wpp_computed,,sinan_datasus,Brazil DATASUS SINAN,http://siab.datasus.gov.br/DATASUS/index.php?acao=41&area=0901&item=1,ftp_dbc,sinan_datasus,Brazil DATASUS SINAN,http://siab.datasus.gov.br/DATASUS/index.php?acao=41&area=0901&item=1,ftp_dbc
country,br,br,Brazil,BR,Brazil,D168,Congenital rubella syndrome,先天性风疹综合征,Viral,2016-12-01,2016-12,4,0.9333333333333333,0,0.0019683284777663288,wpp_computed,,sinan_datasus,Brazil DATASUS SINAN,http://siab.datasus.gov.br/DATASUS/index.php?acao=41&area=0901&item=1,ftp_dbc,sinan_datasus,Brazil DATASUS SINAN,http://siab.datasus.gov.br/DATASUS/index.php?acao=41&area=0901&item=1,ftp_dbc
country,br,br,Brazil,BR,Brazil,D178,Acute flaccid paralysis,急性无力肢体麻痹,Other,2016-12-01,2016-12,44,10.266666666666666,0,0.021651613255429615,wpp_computed,,sinan_datasus,Brazil DATASUS SINAN,http://siab.datasus.gov.br/DATASUS/index.php?acao=41&area=0901&item=1,ftp_dbc,sinan_datasus,Brazil DATASUS SINAN,http://siab.datasus.gov.br/DATASUS/index.php?acao=41&area=0901&item=1,ftp_dbc
country,br,br,Brazil,BR,Brazil,D184,Accident caused by venomous animals,毒性动物伤害,Other,2016-12-01,2016-12,16897,3942.633333333333,0,8.314711572204414,wpp_computed,,sinan_datasus,Brazil DATASUS SINAN,http://siab.datasus.gov.br/DATASUS/index.php?acao=41&area=0901&item=1,ftp_dbc,sinan_datasus,Brazil DATASUS SINAN,http://siab.datasus.gov.br/DATASUS/index.php?acao=41&area=0901&item=1,ftp_dbc
country,br,br,Brazil,BR,Brazil,D185,Work accident with biological material,生物材料职业暴露事故,Other,2016-12-01,2016-12,4302,1003.8000000000001,0,2.1169372778376867,wpp_computed,,sinan_datasus,Brazil DATASUS SINAN,http://siab.datasus.gov.br/DATASUS/index.php?acao=41&area=0901&item=1,ftp_dbc,sinan_datasus,Brazil DATASUS SINAN,http://siab.datasus.gov.br/DATASUS/index.php?acao=41&area=0901&item=1,ftp_dbc
country,br,br,Brazil,BR,Brazil,D186,Serious work accident,严重工伤,Other,2016-12-01,2016-12,5885,1373.1666666666665,0,2.895903272913711,wpp_computed,,sinan_datasus,Brazil DATASUS SINAN,http://siab.datasus.gov.br/DATASUS/index.php?acao=41&area=0901&item=1,ftp_dbc,sinan_datasus,Brazil DATASUS SINAN,http://siab.datasus.gov.br/DATASUS/index.php?acao=41&area=0901&item=1,ftp_dbc
country,br,br,Brazil,BR,Brazil,D187,Rabies post-exposure prophylaxis,狂犬病暴露后处置,Other,2016-12-01,2016-12,49778,11614.866666666667,0,24.49486374156308,wpp_computed,,sinan_datasus,Brazil DATASUS SINAN,http://siab.datasus.gov.br/DATASUS/index.php?acao=41&area=0901&item=1,ftp_dbc,sinan_datasus,Brazil DATASUS SINAN,http://siab.datasus.gov.br/DATASUS/index.php?acao=41&area=0901&item=1,ftp_dbc
country,br,br,Brazil,BR,Brazil,D188,Work-related cancer,职业相关癌症,Other,2016-12-01,2016-12,15,3.5,0,0.007381231791623732,wpp_computed,,sinan_datasus,Brazil DATASUS SINAN,http://siab.datasus.gov.br/DATASUS/index.php?acao=41&area=0901&item=1,ftp_dbc,sinan_datasus,Brazil DATASUS SINAN,http://siab.datasus.gov.br/DATASUS/index.php?acao=41&area=0901&item=1,ftp_dbc
country,br,br,Brazil,BR,Brazil,D189,Work-related dermatosis,职业性皮肤病,Other,2016-12-01,2016-12,16,3.7333333333333334,0,0.007873313911065315,wpp_computed,,sinan_datasus,Brazil DATASUS SINAN,http://siab.datasus.gov.br/DATASUS/index.php?acao=41&area=0901&item=1,ftp_dbc,sinan_datasus,Brazil DATASUS SINAN,http://siab.datasus.gov.br/DATASUS/index.php?acao=41&area=0901&item=1,ftp_dbc
country,br,br,Brazil,BR,Brazil,D190,Sporotrichosis,孢子丝菌病,Fungal,2016-12-01,2016-12,159,37.1,0,0.07824105699121156,wpp_computed,,sinan_datasus,Brazil DATASUS SINAN,http://siab.datasus.gov.br/DATASUS/index.php?acao=41&area=0901&item=1,ftp_dbc,sinan_datasus,Brazil DATASUS SINAN,http://siab.datasus.gov.br/DATASUS/index.php?acao=41&area=0901&item=1,ftp_dbc
country,br,br,Brazil,BR,Brazil,D191,Exogenous poisoning,外源性中毒,Other,2016-12-01,2016-12,9705,2264.5,0,4.775656969180555,wpp_computed,,sinan_datasus,Brazil DATASUS SINAN,http://siab.datasus.gov.br/DATASUS/index.php?acao=41&area=0901&item=1,ftp_dbc,sinan_datasus,Brazil DATASUS SINAN,http://siab.datasus.gov.br/DATASUS/index.php?acao=41&area=0901&item=1,ftp_dbc
country,br,br,Brazil,BR,Brazil,D193,Work-related mental disorder,职业相关精神障碍,Other,2016-12-01,2016-12,87,20.3,0,0.04281114439141765,wpp_computed,,sinan_datasus,Brazil DATASUS SINAN,http://siab.datasus.gov.br/DATASUS/index.php?acao=41&area=0901&item=1,ftp_dbc,sinan_datasus,Brazil DATASUS SINAN,http://siab.datasus.gov.br/DATASUS/index.php?acao=41&area=0901&item=1,ftp_dbc
country,br,br,Brazil,BR,Brazil,D194,Noise-induced hearing loss,噪声性听力损失,Other,2016-12-01,2016-12,62,14.466666666666669,0,0.030509091405378094,wpp_computed,,sinan_datasus,Brazil DATASUS SINAN,http://siab.datasus.gov.br/DATASUS/index.php?acao=41&area=0901&item=1,ftp_dbc,sinan_datasus,Brazil DATASUS SINAN,http://siab.datasus.gov.br/DATASUS/index.php?acao=41&area=0901&item=1,ftp_dbc
country,br,br,Brazil,BR,Brazil,D195,Pneumoconiosis,尘肺病,Other,2016-12-01,2016-12,44,10.266666666666666,0,0.021651613255429615,wpp_computed,,sinan_datasus,Brazil DATASUS SINAN,http://siab.datasus.gov.br/DATASUS/index.php?acao=41&area=0901&item=1,ftp_dbc,sinan_datasus,Brazil DATASUS SINAN,http://siab.datasus.gov.br/DATASUS/index.php?acao=41&area=0901&item=1,ftp_dbc
country,br,br,Brazil,BR,Brazil,D199,Rotavirus infection,轮状病毒感染,Viral,2016-12-01,2016-12,88,20.53333333333333,0,0.04330322651085923,wpp_computed,,sinan_datasus,Brazil DATASUS SINAN,http://siab.datasus.gov.br/DATASUS/index.php?acao=41&area=0901&item=1,ftp_dbc,sinan_datasus,Brazil DATASUS SINAN,http://siab.datasus.gov.br/DATASUS/index.php?acao=41&area=0901&item=1,ftp_dbc
country,br,br,Brazil,BR,Brazil,D200,Trachoma,沙眼,Bacterial,2016-12-01,2016-12,1234,287.93333333333334,0,0.6072293353909124,wpp_computed,,sinan_datasus,Brazil DATASUS SINAN,http://siab.datasus.gov.br/DATASUS/index.php?acao=41&area=0901&item=1,ftp_dbc,sinan_datasus,Brazil DATASUS SINAN,http://siab.datasus.gov.br/DATASUS/index.php?acao=41&area=0901&item=1,ftp_dbc
country,br,br,Brazil,BR,Brazil,D201,Exanthematous diseases,出疹性疾病,Viral,2016-12-01,2016-12,129,30.099999999999998,0,0.06347859340796409,wpp_computed,,sinan_datasus,Brazil DATASUS SINAN,http://siab.datasus.gov.br/DATASUS/index.php?acao=41&area=0901&item=1,ftp_dbc,sinan_datasus,Brazil DATASUS SINAN,http://siab.datasus.gov.br/DATASUS/index.php?acao=41&area=0901&item=1,ftp_dbc
country,br,br,Brazil,BR,Brazil,D230,Child exposed to HIV,儿童HIV暴露,Other,2016-12-01,2016-12,503,117.36666666666666,0,0.24751730607911582,wpp_computed,,sinan_datasus,Brazil DATASUS SINAN,http://siab.datasus.gov.br/DATASUS/index.php?acao=41&area=0901&item=1,ftp_dbc,sinan_datasus,Brazil DATASUS SINAN,http://siab.datasus.gov.br/DATASUS/index.php?acao=41&area=0901&item=1,ftp_dbc
country,br,br,Brazil,BR,Brazil,D231,HIV infection in pregnancy surveillance event,孕产期HIV感染监测事件,Viral,2016-12-01,2016-12,553,129.03333333333333,0,0.27212141205119494,wpp_computed,,sinan_datasus,Brazil DATASUS SINAN,http://siab.datasus.gov.br/DATASUS/index.php?acao=41&area=0901&item=1,ftp_dbc,sinan_datasus,Brazil DATASUS SINAN,http://siab.datasus.gov.br/DATASUS/index.php?acao=41&area=0901&item=1,ftp_dbc
country,br,br,Brazil,BR,Brazil,D235,Meningitis (all reported etiologies),脑膜炎（全部报告病因）,Other,2016-12-01,2016-12,2437,568.6333333333333,0,1.1992041250791357,wpp_computed,,sinan_datasus,Brazil DATASUS SINAN,http://siab.datasus.gov.br/DATASUS/index.php?acao=41&area=0901&item=1,ftp_dbc,sinan_datasus,Brazil DATASUS SINAN,http://siab.datasus.gov.br/DATASUS/index.php?acao=41&area=0901&item=1,ftp_dbc
country,br,br,Brazil,BR,Brazil,D005,AIDS,艾滋病,Viral,2017-01-01,2017-01,3988,900.5161290322582,0,1.9481841158071374,wpp_computed,,sinan_datasus,Brazil DATASUS SINAN,http://siab.datasus.gov.br/DATASUS/index.php?acao=41&area=0901&item=1,ftp_dbc,sinan_datasus,Brazil DATASUS SINAN,http://siab.datasus.gov.br/DATASUS/index.php?acao=41&area=0901&item=1,ftp_dbc
country,br,br,Brazil,BR,Brazil,D054,Varicella,水痘,Viral,2017-01-01,2017-01,2588,584.3870967741935,0,1.26426792670734,wpp_computed,,sinan_datasus,Brazil DATASUS SINAN,http://siab.datasus.gov.br/DATASUS/index.php?acao=41&area=0901&item=1,ftp_dbc,sinan_datasus,Brazil DATASUS SINAN,http://siab.datasus.gov.br/DATASUS/index.php?acao=41&area=0901&item=1,ftp_dbc
country,br,br,Brazil,BR,Brazil,D162,HIV infection,人类免疫缺乏病毒感染,Viral,2017-01-01,2017-01,4919,1110.741935483871,0,2.4029883815585027,wpp_computed,,sinan_datasus,Brazil DATASUS SINAN,http://siab.datasus.gov.br/DATASUS/index.php?acao=41&area=0901&item=1,ftp_dbc,sinan_datasus,Brazil DATASUS SINAN,http://siab.datasus.gov.br/DATASUS/index.php?acao=41&area=0901&item=1,ftp_dbc
country,br,br,Brazil,BR,Brazil,D168,Congenital rubella syndrome,先天性风疹综合征,Viral,2017-01-01,2017-01,8,1.8064516129032258,0,0.0039080925091417,wpp_computed,,sinan_datasus,Brazil DATASUS SINAN,http://siab.datasus.gov.br/DATASUS/index.php?acao=41&area=0901&item=1,ftp_dbc,sinan_datasus,Brazil DATASUS SINAN,http://siab.datasus.gov.br/DATASUS/index.php?acao=41&area=0901&item=1,ftp_dbc
country,br,br,Brazil,BR,Brazil,D200,Trachoma,沙眼,Bacterial,2017-01-01,2017-01,355,80.16129032258064,0,0.17342160509316293,wpp_computed,,sinan_datasus,Brazil DATASUS SINAN,http://siab.datasus.gov.br/DATASUS/index.php?acao=41&area=0901&item=1,ftp_dbc,sinan_datasus,Brazil DATASUS SINAN,http://siab.datasus.gov.br/DATASUS/index.php?acao=41&area=0901&item=1,ftp_dbc
country,br,br,Brazil,BR,Brazil,D201,Exanthematous diseases,出疹性疾病,Viral,2017-01-01,2017-01,141,31.83870967741936,0,0.06888013047362247,wpp_computed,,sinan_datasus,Brazil DATASUS SINAN,http://siab.datasus.gov.br/DATASUS/index.php?acao=41&area=0901&item=1,ftp_dbc,sinan_datasus,Brazil DATASUS SINAN,http://siab.datasus.gov.br/DATASUS/index.php?acao=41&area=0901&item=1,ftp_dbc
country,br,br,Brazil,BR,Brazil,D230,Child exposed to HIV,儿童HIV暴露,Other,2017-01-01,2017-01,587,132.54838709677418,0,0.28675628785827223,wpp_computed,,sinan_datasus,Brazil DATASUS SINAN,http://siab.datasus.gov.br/DATASUS/index.php?acao=41&area=0901&item=1,ftp_dbc,sinan_datasus,Brazil DATASUS SINAN,http://siab.datasus.gov.br/DATASUS/index.php?acao=41&area=0901&item=1,ftp_dbc
country,br,br,Brazil,BR,Brazil,D231,HIV infection in pregnancy surveillance event,孕产期HIV感染监测事件,Viral,2017-01-01,2017-01,668,150.83870967741933,0,0.32632572451333197,wpp_computed,,sinan_datasus,Brazil DATASUS SINAN,http://siab.datasus.gov.br/DATASUS/index.php?acao=41&area=0901&item=1,ftp_dbc,sinan_datasus,Brazil DATASUS SINAN,http://siab.datasus.gov.br/DATASUS/index.php?acao=41&area=0901&item=1,ftp_dbc
country,br,br,Brazil,BR,Brazil,D005,AIDS,艾滋病,Viral,2017-02-01,2017-02,3510,792.5806451612902,0,1.7146755883859208,wpp_computed,,sinan_datasus,Brazil DATASUS SINAN,http://siab.datasus.gov.br/DATASUS/index.php?acao=41&area=0901&item=1,ftp_dbc,sinan_datasus,Brazil DATASUS SINAN,http://siab.datasus.gov.br/DATASUS/index.php?acao=41&area=0901&item=1,ftp_dbc
country,br,br,Brazil,BR,Brazil,D054,Varicella,水痘,Viral,2017-02-01,2017-02,1472,332.38709677419354,0,0.7190890216820729,wpp_computed,,sinan_datasus,Brazil DATASUS SINAN,http://siab.datasus.gov.br/DATASUS/index.php?acao=41&area=0901&item=1,ftp_dbc,sinan_datasus,Brazil DATASUS SINAN,http://siab.datasus.gov.br/DATASUS/index.php?acao=41&area=0901&item=1,ftp_dbc
country,br,br,Brazil,BR,Brazil,D162,HIV infection,人类免疫缺乏病毒感染,Viral,2017-02-01,2017-02,4196,947.4838709677418,0,2.049794521044822,wpp_computed,,sinan_datasus,Brazil DATASUS SINAN,http://siab.datasus.gov.br/DATASUS/index.php?acao=41&area=0901&item=1,ftp_dbc,sinan_datasus,Brazil DATASUS SINAN,http://siab.datasus.gov.br/DATASUS/index.php?acao=41&area=0901&item=1,ftp_dbc
country,br,br,Brazil,BR,Brazil,D168,Congenital rubella syndrome,先天性风疹综合征,Viral,2017-02-01,2017-02,4,0.9032258064516129,0,0.00195404625457085,wpp_computed,,sinan_datasus,Brazil DATASUS SINAN,http://siab.datasus.gov.br/DATASUS/index.php?acao=41&area=0901&item=1,ftp_dbc,sinan_datasus,Brazil DATASUS SINAN,http://siab.datasus.gov.br/DATASUS/index.php?acao=41&area=0901&item=1,ftp_dbc
country,br,br,Brazil,BR,Brazil,D200,Trachoma,沙眼,Bacterial,2017-02-01,2017-02,416,93.93548387096774,0,0.20322081047536839,wpp_computed,,sinan_datasus,Brazil DATASUS SINAN,http://siab.datasus.gov.br/DATASUS/index.php?acao=41&area=0901&item=1,ftp_dbc,sinan_datasus,Brazil DATASUS SINAN,http://siab.datasus.gov.br/DATASUS/index.php?acao=41&area=0901&item=1,ftp_dbc
country,br,br,Brazil,BR,Brazil,D201,Exanthematous diseases,出疹性疾病,Viral,2017-02-01,2017-02,127,28.677419354838708,0,0.062040968582624485,wpp_computed,,sinan_datasus,Brazil DATASUS SINAN,http://siab.datasus.gov.br/DATASUS/index.php?acao=41&area=0901&item=1,ftp_dbc,sinan_datasus,Brazil DATASUS SINAN,http://siab.datasus.gov.br/DATASUS/index.php?acao=41&area=0901&item=1,ftp_dbc
country,br,br,Brazil,BR,Brazil,D230,Child exposed to HIV,儿童HIV暴露,Other,2017-02-01,2017-02,563,127.12903225806451,0,0.2750320103308472,wpp_computed,,sinan_datasus,Brazil DATASUS SINAN,http://siab.datasus.gov.br/DATASUS/index.php?acao=41&area=0901&item=1,ftp_dbc,sinan_datasus,Brazil DATASUS SINAN,http://siab.datasus.gov.br/DATASUS/index.php?acao=41&area=0901&item=1,ftp_dbc
country,br,br,Brazil,BR,Brazil,D231,HIV infection in pregnancy surveillance event,孕产期HIV感染监测事件,Viral,2017-02-01,2017-02,641,144.74193548387095,0,0.3131359122949787,wpp_computed,,sinan_datasus,Brazil DATASUS SINAN,http://siab.datasus.gov.br/DATASUS/index.php?acao=41&area=0901&item=1,ftp_dbc,sinan_datasus,Brazil DATASUS SINAN,http://siab.datasus.gov.br/DATASUS/index.php?acao=41&area=0901&item=1,ftp_dbc
country,br,br,Brazil,BR,Brazil,D005,AIDS,艾滋病,Viral,2017-03-01,2017-03,3890,972.4999999999999,0,1.9003099825701515,wpp_computed,,sinan_datasus,Brazil DATASUS SINAN,http://siab.datasus.gov.br/DATASUS/index.php?acao=41&area=0901&item=1,ftp_dbc,sinan_datasus,Brazil DATASUS SINAN,http://siab.datasus.gov.br/DATASUS/index.php?acao=41&area=0901&item=1,ftp_dbc
country,br,br,Brazil,BR,Brazil,D054,Varicella,水痘,Viral,2017-03-01,2017-03,1925,481.25,0,0.9403847600122216,wpp_computed,,sinan_datasus,Brazil DATASUS SINAN,http://siab.datasus.gov.br/DATASUS/index.php?acao=41&area=0901&item=1,ftp_dbc,sinan_datasus,Brazil DATASUS SINAN,http://siab.datasus.gov.br/DATASUS/index.php?acao=41&area=0901&item=1,ftp_dbc
country,br,br,Brazil,BR,Brazil,D162,HIV infection,人类免疫缺乏病毒感染,Viral,2017-03-01,2017-03,5240,1310.0,0,2.5598005934878136,wpp_computed,,sinan_datasus,Brazil DATASUS SINAN,http://siab.datasus.gov.br/DATASUS/index.php?acao=41&area=0901&item=1,ftp_dbc,sinan_datasus,Brazil DATASUS SINAN,http://siab.datasus.gov.br/DATASUS/index.php?acao=41&area=0901&item=1,ftp_dbc
country,br,br,Brazil,BR,Brazil,D168,Congenital rubella syndrome,先天性风疹综合征,Viral,2017-03-01,2017-03,8,2.0,0,0.0039080925091417,wpp_computed,,sinan_datasus,Brazil DATASUS SINAN,http://siab.datasus.gov.br/DATASUS/index.php?acao=41&area=0901&item=1,ftp_dbc,sinan_datasus,Brazil DATASUS SINAN,http://siab.datasus.gov.br/DATASUS/index.php?acao=41&area=0901&item=1,ftp_dbc
country,br,br,Brazil,BR,Brazil,D200,Trachoma,沙眼,Bacterial,2017-03-01,2017-03,1884,471.00000000000006,0,0.9203557859028704,wpp_computed,,sinan_datasus,Brazil DATASUS SINAN,http://siab.datasus.gov.br/DATASUS/index.php?acao=41&area=0901&item=1,ftp_dbc,sinan_datasus,Brazil DATASUS SINAN,http://siab.datasus.gov.br/DATASUS/index.php?acao=41&area=0901&item=1,ftp_dbc
country,br,br,Brazil,BR,Brazil,D201,Exanthematous diseases,出疹性疾病,Viral,2017-03-01,2017-03,169,42.25,0,0.0825584542556184,wpp_computed,,sinan_datasus,Brazil DATASUS SINAN,http://siab.datasus.gov.br/DATASUS/index.php?acao=41&area=0901&item=1,ftp_dbc,sinan_datasus,Brazil DATASUS SINAN,http://siab.datasus.gov.br/DATASUS/index.php?acao=41&area=0901&item=1,ftp_dbc
country,br,br,Brazil,BR,Brazil,D230,Child exposed to HIV,儿童HIV暴露,Other,2017-03-01,2017-03,689,172.25,0,0.33658446734982894,wpp_computed,,sinan_datasus,Brazil DATASUS SINAN,http://siab.datasus.gov.br/DATASUS/index.php?acao=41&area=0901&item=1,ftp_dbc,sinan_datasus,Brazil DATASUS SINAN,http://siab.datasus.gov.br/DATASUS/index.php?acao=41&area=0901&item=1,ftp_dbc
country,br,br,Brazil,BR,Brazil,D231,HIV infection in pregnancy surveillance event,孕产期HIV感染监测事件,Viral,2017-03-01,2017-03,684,171.0,0,0.3341419095316154,wpp_computed,,sinan_datasus,Brazil DATASUS SINAN,http://siab.datasus.gov.br/DATASUS/index.php?acao=41&area=0901&item=1,ftp_dbc,sinan_datasus,Brazil DATASUS SINAN,http://siab.datasus.gov.br/DATASUS/index.php?acao=41&area=0901&item=1,ftp_dbc
country,br,br,Brazil,BR,Brazil,D005,AIDS,艾滋病,Viral,2017-04-01,2017-04,3466,782.6451612903227,0,1.6931810795856417,wpp_computed,,sinan_datasus,Brazil DATASUS SINAN,http://siab.datasus.gov.br/DATASUS/index.php?acao=41&area=0901&item=1,ftp_dbc,sinan_datasus,Brazil DATASUS SINAN,http://siab.datasus.gov.br/DATASUS/index.php?acao=41&area=0901&item=1,ftp_dbc
country,br,br,Brazil,BR,Brazil,D054,Varicella,水痘,Viral,2017-04-01,2017-04,2213,499.7096774193549,0,1.0810760903413228,wpp_computed,,sinan_datasus,Brazil DATASUS SINAN,http://siab.datasus.gov.br/DATASUS/index.php?acao=41&area=0901&item=1,ftp_dbc,sinan_datasus,Brazil DATASUS SINAN,http://siab.datasus.gov.br/DATASUS/index.php?acao=41&area=0901&item=1,ftp_dbc
country,br,br,Brazil,BR,Brazil,D162,HIV infection,人类免疫缺乏病毒感染,Viral,2017-04-01,2017-04,4196,947.4838709677418,0,2.049794521044822,wpp_computed,,sinan_datasus,Brazil DATASUS SINAN,http://siab.datasus.gov.br/DATASUS/index.php?acao=41&area=0901&item=1,ftp_dbc,sinan_datasus,Brazil DATASUS SINAN,http://siab.datasus.gov.br/DATASUS/index.php?acao=41&area=0901&item=1,ftp_dbc
country,br,br,Brazil,BR,Brazil,D168,Congenital rubella syndrome,先天性风疹综合征,Viral,2017-04-01,2017-04,8,1.8064516129032258,0,0.0039080925091417,wpp_computed,,sinan_datasus,Brazil DATASUS SINAN,http://siab.datasus.gov.br/DATASUS/index.php?acao=41&area=0901&item=1,ftp_dbc,sinan_datasus,Brazil DATASUS SINAN,http://siab.datasus.gov.br/DATASUS/index.php?acao=41&area=0901&item=1,ftp_dbc
country,br,br,Brazil,BR,Brazil,D200,Trachoma,沙眼,Bacterial,2017-04-01,2017-04,2138,482.7741935483871,0,1.0444377230681194,wpp_computed,,sinan_datasus,Brazil DATASUS SINAN,http://siab.datasus.gov.br/DATASUS/index.php?acao=41&area=0901&item=1,ftp_dbc,sinan_datasus,Brazil DATASUS SINAN,http://siab.datasus.gov.br/DATASUS/index.php?acao=41&area=0901&item=1,ftp_dbc
country,br,br,Brazil,BR,Brazil,D201,Exanthematous diseases,出疹性疾病,Viral,2017-04-01,2017-04,159,35.903225806451616,0,0.07767333861919129,wpp_computed,,sinan_datasus,Brazil DATASUS SINAN,http://siab.datasus.gov.br/DATASUS/index.php?acao=41&area=0901&item=1,ftp_dbc,sinan_datasus,Brazil DATASUS SINAN,http://siab.datasus.gov.br/DATASUS/index.php?acao=41&area=0901&item=1,ftp_dbc
country,br,br,Brazil,BR,Brazil,D230,Child exposed to HIV,儿童HIV暴露,Other,2017-04-01,2017-04,542,122.38709677419355,0,0.26477326749435015,wpp_computed,,sinan_datasus,Brazil DATASUS SINAN,http://siab.datasus.gov.br/DATASUS/index.php?acao=41&area=0901&item=1,ftp_dbc,sinan_datasus,Brazil DATASUS SINAN,http://siab.datasus.gov.br/DATASUS/index.php?acao=41&area=0901&item=1,ftp_dbc
country,br,br,Brazil,BR,Brazil,D231,HIV infection in pregnancy surveillance event,孕产期HIV感染监测事件,Viral,2017-04-01,2017-04,618,139.54838709677418,0,0.30190014633119633,wpp_computed,,sinan_datasus,Brazil DATASUS SINAN,http://siab.datasus.gov.br/DATASUS/index.php?acao=41&area=0901&item=1,ftp_dbc,sinan_datasus,Brazil DATASUS SINAN,http://siab.datasus.gov.br/DATASUS/index.php?acao=41&area=0901&item=1,ftp_dbc
country,br,br,Brazil,BR,Brazil,D005,AIDS,艾滋病,Viral,2017-05-01,2017-05,4230,987.0,0,2.066403914208674,wpp_computed,,sinan_datasus,Brazil DATASUS SINAN,http://siab.datasus.gov.br/DATASUS/index.php?acao=41&area=0901&item=1,ftp_dbc,sinan_datasus,Brazil DATASUS SINAN,http://siab.datasus.gov.br/DATASUS/index.php?acao=41&area=0901&item=1,ftp_dbc
country,br,br,Brazil,BR,Brazil,D054,Varicella,水痘,Viral,2017-05-01,2017-05,3512,819.4666666666667,0,1.7156526115132065,wpp_computed,,sinan_datasus,Brazil DATASUS SINAN,http://siab.datasus.gov.br/DATASUS/index.php?acao=41&area=0901&item=1,ftp_dbc,sinan_datasus,Brazil DATASUS SINAN,http://siab.datasus.gov.br/DATASUS/index.php?acao=41&area=0901&item=1,ftp_dbc
country,br,br,Brazil,BR,Brazil,D162,HIV infection,人类免疫缺乏病毒感染,Viral,2017-05-01,2017-05,5325,1242.5,0,2.601324076397444,wpp_computed,,sinan_datasus,Brazil DATASUS SINAN,http://siab.datasus.gov.br/DATASUS/index.php?acao=41&area=0901&item=1,ftp_dbc,sinan_datasus,Brazil DATASUS SINAN,http://siab.datasus.gov.br/DATASUS/index.php?acao=41&area=0901&item=1,ftp_dbc
country,br,br,Brazil,BR,Brazil,D168,Congenital rubella syndrome,先天性风疹综合征,Viral,2017-05-01,2017-05,7,1.6333333333333333,0,0.0034195809454989875,wpp_computed,,sinan_datasus,Brazil DATASUS SINAN,http://siab.datasus.gov.br/DATASUS/index.php?acao=41&area=0901&item=1,ftp_dbc,sinan_datasus,Brazil DATASUS SINAN,http://siab.datasus.gov.br/DATASUS/index.php?acao=41&area=0901&item=1,ftp_dbc
country,br,br,Brazil,BR,Brazil,D200,Trachoma,沙眼,Bacterial,2017-05-01,2017-05,2212,516.1333333333333,0,1.08058757877768,wpp_computed,,sinan_datasus,Brazil DATASUS SINAN,http://siab.datasus.gov.br/DATASUS/index.php?acao=41&area=0901&item=1,ftp_dbc,sinan_datasus,Brazil DATASUS SINAN,http://siab.datasus.gov.br/DATASUS/index.php?acao=41&area=0901&item=1,ftp_dbc
country,br,br,Brazil,BR,Brazil,D201,Exanthematous diseases,出疹性疾病,Viral,2017-05-01,2017-05,178,41.53333333333333,0,0.08695505832840282,wpp_computed,,sinan_datasus,Brazil DATASUS SINAN,http://siab.datasus.gov.br/DATASUS/index.php?acao=41&area=0901&item=1,ftp_dbc,sinan_datasus,Brazil DATASUS SINAN,http://siab.datasus.gov.br/DATASUS/index.php?acao=41&area=0901&item=1,ftp_dbc
country,br,br,Brazil,BR,Brazil,D230,Child exposed to HIV,儿童HIV暴露,Other,2017-05-01,2017-05,729,170.1,0,0.3561249298955374,wpp_computed,,sinan_datasus,Brazil DATASUS SINAN,http://siab.datasus.gov.br/DATASUS/index.php?acao=41&area=0901&item=1,ftp_dbc,sinan_datasus,Brazil DATASUS SINAN,http://siab.datasus.gov.br/DATASUS/index.php?acao=41&area=0901&item=1,ftp_dbc
country,br,br,Brazil,BR,Brazil,D231,HIV infection in pregnancy surveillance event,孕产期HIV感染监测事件,Viral,2017-05-01,2017-05,726,169.4,0,0.35465939520460926,wpp_computed,,sinan_datasus,Brazil DATASUS SINAN,http://siab.datasus.gov.br/DATASUS/index.php?acao=41&area=0901&item=1,ftp_dbc,sinan_datasus,Brazil DATASUS SINAN,http://siab.datasus.gov.br/DATASUS/index.php?acao=41&area=0901&item=1,ftp_dbc
country,br,br,Brazil,BR,Brazil,D005,AIDS,艾滋病,Viral,2017-06-01,2017-06,3453,779.7096774193549,0,1.6868304292582863,wpp_computed,,sinan_datasus,Brazil DATASUS SINAN,http://siab.datasus.gov.br/DATASUS/index.php?acao=41&area=0901&item=1,ftp_dbc,sinan_datasus,Brazil DATASUS SINAN,http://siab.datasus.gov.br/DATASUS/index.php?acao=41&area=0901&item=1,ftp_dbc
country,br,br,Brazil,BR,Brazil,D054,Varicella,水痘,Viral,2017-06-01,2017-06,4210,950.6451612903227,0,2.0566336829358196,wpp_computed,,sinan_datasus,Brazil DATASUS SINAN,http://siab.datasus.gov.br/DATASUS/index.php?acao=41&area=0901&item=1,ftp_dbc,sinan_datasus,Brazil DATASUS SINAN,http://siab.datasus.gov.br/DATASUS/index.php?acao=41&area=0901&item=1,ftp_dbc
country,br,br,Brazil,BR,Brazil,D162,HIV infection,人类免疫缺乏病毒感染,Viral,2017-06-01,2017-06,4570,1031.9354838709676,0,2.2324978458471962,wpp_computed,,sinan_datasus,Brazil DATASUS SINAN,http://siab.datasus.gov.br/DATASUS/index.php?acao=41&area=0901&item=1,ftp_dbc,sinan_datasus,Brazil DATASUS SINAN,http://siab.datasus.gov.br/DATASUS/index.php?acao=41&area=0901&item=1,ftp_dbc
country,br,br,Brazil,BR,Brazil,D168,Congenital rubella syndrome,先天性风疹综合征,Viral,2017-06-01,2017-06,10,2.258064516129032,0,0.004885115636427125,wpp_computed,,sinan_datasus,Brazil DATASUS SINAN,http://siab.datasus.gov.br/DATASUS/index.php?acao=41&area=0901&item=1,ftp_dbc,sinan_datasus,Brazil DATASUS SINAN,http://siab.datasus.gov.br/DATASUS/index.php?acao=41&area=0901&item=1,ftp_dbc
country,br,br,Brazil,BR,Brazil,D200,Trachoma,沙眼,Bacterial,2017-06-01,2017-06,760,171.61290322580646,0,0.3712687883684615,wpp_computed,,sinan_datasus,Brazil DATASUS SINAN,http://siab.datasus.gov.br/DATASUS/index.php?acao=41&area=0901&item=1,ftp_dbc,sinan_datasus,Brazil DATASUS SINAN,http://siab.datasus.gov.br/DATASUS/index.php?acao=41&area=0901&item=1,ftp_dbc
country,br,br,Brazil,BR,Brazil,D201,Exanthematous diseases,出疹性疾病,Viral,2017-06-01,2017-06,167,37.70967741935483,0,0.08158143112833299,wpp_computed,,sinan_datasus,Brazil DATASUS SINAN,http://siab.datasus.gov.br/DATASUS/index.php?acao=41&area=0901&item=1,ftp_dbc,sinan_datasus,Brazil DATASUS SINAN,http://siab.datasus.gov.br/DATASUS/index.php?acao=41&area=0901&item=1,ftp_dbc
country,br,br,Brazil,BR,Brazil,D230,Child exposed to HIV,儿童HIV暴露,Other,2017-06-01,2017-06,618,139.54838709677418,0,0.30190014633119633,wpp_computed,,sinan_datasus,Brazil DATASUS SINAN,http://siab.datasus.gov.br/DATASUS/index.php?acao=41&area=0901&item=1,ftp_dbc,sinan_datasus,Brazil DATASUS SINAN,http://siab.datasus.gov.br/DATASUS/index.php?acao=41&area=0901&item=1,ftp_dbc
country,br,br,Brazil,BR,Brazil,D231,HIV infection in pregnancy surveillance event,孕产期HIV感染监测事件,Viral,2017-06-01,2017-06,688,155.35483870967744,0,0.33609595578618623,wpp_computed,,sinan_datasus,Brazil DATASUS SINAN,http://siab.datasus.gov.br/DATASUS/index.php?acao=41&area=0901&item=1,ftp_dbc,sinan_datasus,Brazil DATASUS SINAN,http://siab.datasus.gov.br/DATASUS/index.php?acao=41&area=0901&item=1,ftp_dbc
country,br,br,Brazil,BR,Brazil,D005,AIDS,艾滋病,Viral,2017-07-01,2017-07,3486,813.4,0,1.7029513108584957,wpp_computed,,sinan_datasus,Brazil DATASUS SINAN,http://siab.datasus.gov.br/DATASUS/index.php?acao=41&area=0901&item=1,ftp_dbc,sinan_datasus,Brazil DATASUS SINAN,http://siab.datasus.gov.br/DATASUS/index.php?acao=41&area=0901&item=1,ftp_dbc
country,br,br,Brazil,BR,Brazil,D054,Varicella,水痘,Viral,2017-07-01,2017-07,5057,1179.9666666666667,0,2.4704029773411973,wpp_computed,,sinan_datasus,Brazil DATASUS SINAN,http://siab.datasus.gov.br/DATASUS/index.php?acao=41&area=0901&item=1,ftp_dbc,sinan_datasus,Brazil DATASUS SINAN,http://siab.datasus.gov.br/DATASUS/index.php?acao=41&area=0901&item=1,ftp_dbc
country,br,br,Brazil,BR,Brazil,D162,HIV infection,人类免疫缺乏病毒感染,Viral,2017-07-01,2017-07,4506,1051.3999999999999,0,2.2012331057740626,wpp_computed,,sinan_datasus,Brazil DATASUS SINAN,http://siab.datasus.gov.br/DATASUS/index.php?acao=41&area=0901&item=1,ftp_dbc,sinan_datasus,Brazil DATASUS SINAN,http://siab.datasus.gov.br/DATASUS/index.php?acao=41&area=0901&item=1,ftp_dbc
country,br,br,Brazil,BR,Brazil,D168,Congenital rubella syndrome,先天性风疹综合征,Viral,2017-07-01,2017-07,7,1.6333333333333333,0,0.0034195809454989875,wpp_computed,,sinan_datasus,Brazil DATASUS SINAN,http://siab.datasus.gov.br/DATASUS/index.php?acao=41&area=0901&item=1,ftp_dbc,sinan_datasus,Brazil DATASUS SINAN,http://siab.datasus.gov.br/DATASUS/index.php?acao=41&area=0901&item=1,ftp_dbc
country,br,br,Brazil,BR,Brazil,D200,Trachoma,沙眼,Bacterial,2017-07-01,2017-07,256,59.733333333333334,0,0.1250589602925344,wpp_computed,,sinan_datasus,Brazil DATASUS SINAN,http://siab.datasus.gov.br/DATASUS/index.php?acao=41&area=0901&item=1,ftp_dbc,sinan_datasus,Brazil DATASUS SINAN,http://siab.datasus.gov.br/DATASUS/index.php?acao=41&area=0901&item=1,ftp_dbc
country,br,br,Brazil,BR,Brazil,D201,Exanthematous diseases,出疹性疾病,Viral,2017-07-01,2017-07,145,33.83333333333333,0,0.07083417672819332,wpp_computed,,sinan_datasus,Brazil DATASUS SINAN,http://siab.datasus.gov.br/DATASUS/index.php?acao=41&area=0901&item=1,ftp_dbc,sinan_datasus,Brazil DATASUS SINAN,http://siab.datasus.gov.br/DATASUS/index.php?acao=41&area=0901&item=1,ftp_dbc
country,br,br,Brazil,BR,Brazil,D230,Child exposed to HIV,儿童HIV暴露,Other,2017-07-01,2017-07,616,143.73333333333335,0,0.3009231232039109,wpp_computed,,sinan_datasus,Brazil DATASUS SINAN,http://siab.datasus.gov.br/DATASUS/index.php?acao=41&area=0901&item=1,ftp_dbc,sinan_datasus,Brazil DATASUS SINAN,http://siab.datasus.gov.br/DATASUS/index.php?acao=41&area=0901&item=1,ftp_dbc
country,br,br,Brazil,BR,Brazil,D231,HIV infection in pregnancy surveillance event,孕产期HIV感染监测事件,Viral,2017-07-01,2017-07,719,167.76666666666665,0,0.35123981425911033,wpp_computed,,sinan_datasus,Brazil DATASUS SINAN,http://siab.datasus.gov.br/DATASUS/index.php?acao=41&area=0901&item=1,ftp_dbc,sinan_datasus,Brazil DATASUS SINAN,http://siab.datasus.gov.br/DATASUS/index.php?acao=41&area=0901&item=1,ftp_dbc
country,br,br,Brazil,BR,Brazil,D005,AIDS,艾滋病,Viral,2017-08-01,2017-08,4862,1097.8709677419356,0,2.3751432224308684,wpp_computed,,sinan_datasus,Brazil DATASUS SINAN,http://siab.datasus.gov.br/DATASUS/index.php?acao=41&area=0901&item=1,ftp_dbc,sinan_datasus,Brazil DATASUS SINAN,http://siab.datasus.gov.br/DATASUS/index.php?acao=41&area=0901&item=1,ftp_dbc
country,br,br,Brazil,BR,Brazil,D054,Varicella,水痘,Viral,2017-08-01,2017-08,7382,1666.9032258064517,0,3.6061923628105035,wpp_computed,,sinan_datasus,Brazil DATASUS SINAN,http://siab.datasus.gov.br/DATASUS/index.php?acao=41&area=0901&item=1,ftp_dbc,sinan_datasus,Brazil DATASUS SINAN,http://siab.datasus.gov.br/DATASUS/index.php?acao=41&area=0901&item=1,ftp_dbc
country,br,br,Brazil,BR,Brazil,D162,HIV infection,人类免疫缺乏病毒感染,Viral,2017-08-01,2017-08,5403,1220.032258064516,0,2.6394279783615757,wpp_computed,,sinan_datasus,Brazil DATASUS SINAN,http://siab.datasus.gov.br/DATASUS/index.php?acao=41&area=0901&item=1,ftp_dbc,sinan_datasus,Brazil DATASUS SINAN,http://siab.datasus.gov.br/DATASUS/index.php?acao=41&area=0901&item=1,ftp_dbc
country,br,br,Brazil,BR,Brazil,D168,Congenital rubella syndrome,先天性风疹综合征,Viral,2017-08-01,2017-08,9,2.032258064516129,0,0.004396604072784412,wpp_computed,,sinan_datasus,Brazil DATASUS SINAN,http://siab.datasus.gov.br/DATASUS/index.php?acao=41&area=0901&item=1,ftp_dbc,sinan_datasus,Brazil DATASUS SINAN,http://siab.datasus.gov.br/DATASUS/index.php?acao=41&area=0901&item=1,ftp_dbc
country,br,br,Brazil,BR,Brazil,D200,Trachoma,沙眼,Bacterial,2017-08-01,2017-08,923,208.41935483870967,0,0.45089617324222364,wpp_computed,,sinan_datasus,Brazil DATASUS SINAN,http://siab.datasus.gov.br/DATASUS/index.php?acao=41&area=0901&item=1,ftp_dbc,sinan_datasus,Brazil DATASUS SINAN,http://siab.datasus.gov.br/DATASUS/index.php?acao=41&area=0901&item=1,ftp_dbc
country,br,br,Brazil,BR,Brazil,D201,Exanthematous diseases,出疹性疾病,Viral,2017-08-01,2017-08,191,43.12903225806451,0,0.09330570865575809,wpp_computed,,sinan_datasus,Brazil DATASUS SINAN,http://siab.datasus.gov.br/DATASUS/index.php?acao=41&area=0901&item=1,ftp_dbc,sinan_datasus,Brazil DATASUS SINAN,http://siab.datasus.gov.br/DATASUS/index.php?acao=41&area=0901&item=1,ftp_dbc
country,br,br,Brazil,BR,Brazil,D230,Child exposed to HIV,儿童HIV暴露,Other,2017-08-01,2017-08,813,183.58064516129033,0,0.3971599012415252,wpp_computed,,sinan_datasus,Brazil DATASUS SINAN,http://siab.datasus.gov.br/DATASUS/index.php?acao=41&area=0901&item=1,ftp_dbc,sinan_datasus,Brazil DATASUS SINAN,http://siab.datasus.gov.br/DATASUS/index.php?acao=41&area=0901&item=1,ftp_dbc
country,br,br,Brazil,BR,Brazil,D231,HIV infection in pregnancy surveillance event,孕产期HIV感染监测事件,Viral,2017-08-01,2017-08,1018,229.87096774193546,0,0.4973047717882813,wpp_computed,,sinan_datasus,Brazil DATASUS SINAN,http://siab.datasus.gov.br/DATASUS/index.php?acao=41&area=0901&item=1,ftp_dbc,sinan_datasus,Brazil DATASUS SINAN,http://siab.datasus.gov.br/DATASUS/index.php?acao=41&area=0901&item=1,ftp_dbc
country,br,br,Brazil,BR,Brazil,D005,AIDS,艾滋病,Viral,2017-09-01,2017-09,3531,797.3225806451613,0,1.724934331222418,wpp_computed,,sinan_datasus,Brazil DATASUS SINAN,http://siab.datasus.gov.br/DATASUS/index.php?acao=41&area=0901&item=1,ftp_dbc,sinan_datasus,Brazil DATASUS SINAN,http://siab.datasus.gov.br/DATASUS/index.php?acao=41&area=0901&item=1,ftp_dbc
country,br,br,Brazil,BR,Brazil,D054,Varicella,水痘,Viral,2017-09-01,2017-09,9639,2176.548387096774,0,4.7087629619521065,wpp_computed,,sinan_datasus,Brazil DATASUS SINAN,http://siab.datasus.gov.br/DATASUS/index.php?acao=41&area=0901&item=1,ftp_dbc,sinan_datasus,Brazil DATASUS SINAN,http://siab.datasus.gov.br/DATASUS/index.php?acao=41&area=0901&item=1,ftp_dbc
country,br,br,Brazil,BR,Brazil,D162,HIV infection,人类免疫缺乏病毒感染,Viral,2017-09-01,2017-09,4607,1040.2903225806454,0,2.2505727737019767,wpp_computed,,sinan_datasus,Brazil DATASUS SINAN,http://siab.datasus.gov.br/DATASUS/index.php?acao=41&area=0901&item=1,ftp_dbc,sinan_datasus,Brazil DATASUS SINAN,http://siab.datasus.gov.br/DATASUS/index.php?acao=41&area=0901&item=1,ftp_dbc
country,br,br,Brazil,BR,Brazil,D168,Congenital rubella syndrome,先天性风疹综合征,Viral,2017-09-01,2017-09,7,1.5806451612903225,0,0.0034195809454989875,wpp_computed,,sinan_datasus,Brazil DATASUS SINAN,http://siab.datasus.gov.br/DATASUS/index.php?acao=41&area=0901&item=1,ftp_dbc,sinan_datasus,Brazil DATASUS SINAN,http://siab.datasus.gov.br/DATASUS/index.php?acao=41&area=0901&item=1,ftp_dbc
country,br,br,Brazil,BR,Brazil,D200,Trachoma,沙眼,Bacterial,2017-09-01,2017-09,945,213.38709677419354,0,0.4616434276423633,wpp_computed,,sinan_datasus,Brazil DATASUS SINAN,http://siab.datasus.gov.br/DATASUS/index.php?acao=41&area=0901&item=1,ftp_dbc,sinan_datasus,Brazil DATASUS SINAN,http://siab.datasus.gov.br/DATASUS/index.php?acao=41&area=0901&item=1,ftp_dbc
country,br,br,Brazil,BR,Brazil,D201,Exanthematous diseases,出疹性疾病,Viral,2017-09-01,2017-09,179,40.41935483870968,0,0.08744356989204553,wpp_computed,,sinan_datasus,Brazil DATASUS SINAN,http://siab.datasus.gov.br/DATASUS/index.php?acao=41&area=0901&item=1,ftp_dbc,sinan_datasus,Brazil DATASUS SINAN,http://siab.datasus.gov.br/DATASUS/index.php?acao=41&area=0901&item=1,ftp_dbc
country,br,br,Brazil,BR,Brazil,D230,Child exposed to HIV,儿童HIV暴露,Other,2017-09-01,2017-09,683,154.2258064516129,0,0.33365339796797266,wpp_computed,,sinan_datasus,Brazil DATASUS SINAN,http://siab.datasus.gov.br/DATASUS/index.php?acao=41&area=0901&item=1,ftp_dbc,sinan_datasus,Brazil DATASUS SINAN,http://siab.datasus.gov.br/DATASUS/index.php?acao=41&area=0901&item=1,ftp_dbc
country,br,br,Brazil,BR,Brazil,D231,HIV infection in pregnancy surveillance event,孕产期HIV感染监测事件,Viral,2017-09-01,2017-09,687,155.1290322580645,0,0.3356074442225435,wpp_computed,,sinan_datasus,Brazil DATASUS SINAN,http://siab.datasus.gov.br/DATASUS/index.php?acao=41&area=0901&item=1,ftp_dbc,sinan_datasus,Brazil DATASUS SINAN,http://siab.datasus.gov.br/DATASUS/index.php?acao=41&area=0901&item=1,ftp_dbc
country,br,br,Brazil,BR,Brazil,D005,AIDS,艾滋病,Viral,2017-10-01,2017-10,3820,891.3333333333333,0,1.8661141731151618,wpp_computed,,sinan_datasus,Brazil DATASUS SINAN,http://siab.datasus.gov.br/DATASUS/index.php?acao=41&area=0901&item=1,ftp_dbc,sinan_datasus,Brazil DATASUS SINAN,http://siab.datasus.gov.br/DATASUS/index.php?acao=41&area=0901&item=1,ftp_dbc
country,br,br,Brazil,BR,Brazil,D054,Varicella,水痘,Viral,2017-10-01,2017-10,10071,2349.9,0,4.919799957445758,wpp_computed,,sinan_datasus,Brazil DATASUS SINAN,http://siab.datasus.gov.br/DATASUS/index.php?acao=41&area=0901&item=1,ftp_dbc,sinan_datasus,Brazil DATASUS SINAN,http://siab.datasus.gov.br/DATASUS/index.php?acao=41&area=0901&item=1,ftp_dbc
country,br,br,Brazil,BR,Brazil,D162,HIV infection,人类免疫缺乏病毒感染,Viral,2017-10-01,2017-10,4664,1088.2666666666667,0,2.278417932829611,wpp_computed,,sinan_datasus,Brazil DATASUS SINAN,http://siab.datasus.gov.br/DATASUS/index.php?acao=41&area=0901&item=1,ftp_dbc,sinan_datasus,Brazil DATASUS SINAN,http://siab.datasus.gov.br/DATASUS/index.php?acao=41&area=0901&item=1,ftp_dbc
country,br,br,Brazil,BR,Brazil,D168,Congenital rubella syndrome,先天性风疹综合征,Viral,2017-10-01,2017-10,4,0.9333333333333333,0,0.00195404625457085,wpp_computed,,sinan_datasus,Brazil DATASUS SINAN,http://siab.datasus.gov.br/DATASUS/index.php?acao=41&area=0901&item=1,ftp_dbc,sinan_datasus,Brazil DATASUS SINAN,http://siab.datasus.gov.br/DATASUS/index.php?acao=41&area=0901&item=1,ftp_dbc
country,br,br,Brazil,BR,Brazil,D200,Trachoma,沙眼,Bacterial,2017-10-01,2017-10,1393,325.0333333333333,0,0.6804966081542986,wpp_computed,,sinan_datasus,Brazil DATASUS SINAN,http://siab.datasus.gov.br/DATASUS/index.php?acao=41&area=0901&item=1,ftp_dbc,sinan_datasus,Brazil DATASUS SINAN,http://siab.datasus.gov.br/DATASUS/index.php?acao=41&area=0901&item=1,ftp_dbc
country,br,br,Brazil,BR,Brazil,D201,Exanthematous diseases,出疹性疾病,Viral,2017-10-01,2017-10,238,55.53333333333333,0,0.11626575214696556,wpp_computed,,sinan_datasus,Brazil DATASUS SINAN,http://siab.datasus.gov.br/DATASUS/index.php?acao=41&area=0901&item=1,ftp_dbc,sinan_datasus,Brazil DATASUS SINAN,http://siab.datasus.gov.br/DATASUS/index.php?acao=41&area=0901&item=1,ftp_dbc
country,br,br,Brazil,BR,Brazil,D230,Child exposed to HIV,儿童HIV暴露,Other,2017-10-01,2017-10,532,124.13333333333334,0,0.2598881518579231,wpp_computed,,sinan_datasus,Brazil DATASUS SINAN,http://siab.datasus.gov.br/DATASUS/index.php?acao=41&area=0901&item=1,ftp_dbc,sinan_datasus,Brazil DATASUS SINAN,http://siab.datasus.gov.br/DATASUS/index.php?acao=41&area=0901&item=1,ftp_dbc
country,br,br,Brazil,BR,Brazil,D231,HIV infection in pregnancy surveillance event,孕产期HIV感染监测事件,Viral,2017-10-01,2017-10,691,161.23333333333335,0,0.33756149047711437,wpp_computed,,sinan_datasus,Brazil DATASUS SINAN,http://siab.datasus.gov.br/DATASUS/index.php?acao=41&area=0901&item=1,ftp_dbc,sinan_datasus,Brazil DATASUS SINAN,http://siab.datasus.gov.br/DATASUS/index.php?acao=41&area=0901&item=1,ftp_dbc
country,br,br,Brazil,BR,Brazil,D005,AIDS,艾滋病,Viral,2017-11-01,2017-11,3390,765.483870967742,0,1.6560542007487955,wpp_computed,,sinan_datasus,Brazil DATASUS SINAN,http://siab.datasus.gov.br/DATASUS/index.php?acao=41&area=0901&item=1,ftp_dbc,sinan_datasus,Brazil DATASUS SINAN,http://siab.datasus.gov.br/DATASUS/index.php?acao=41&area=0901&item=1,ftp_dbc
country,br,br,Brazil,BR,Brazil,D054,Varicella,水痘,Viral,2017-11-01,2017-11,7245,1635.967741935484,0,3.539266278591452,wpp_computed,,sinan_datasus,Brazil DATASUS SINAN,http://siab.datasus.gov.br/DATASUS/index.php?acao=41&area=0901&item=1,ftp_dbc,sinan_datasus,Brazil DATASUS SINAN,http://siab.datasus.gov.br/DATASUS/index.php?acao=41&area=0901&item=1,ftp_dbc
country,br,br,Brazil,BR,Brazil,D162,HIV infection,人类免疫缺乏病毒感染,Viral,2017-11-01,2017-11,4242,957.8709677419355,0,2.0722660529723864,wpp_computed,,sinan_datasus,Brazil DATASUS SINAN,http://siab.datasus.gov.br/DATASUS/index.php?acao=41&area=0901&item=1,ftp_dbc,sinan_datasus,Brazil DATASUS SINAN,http://siab.datasus.gov.br/DATASUS/index.php?acao=41&area=0901&item=1,ftp_dbc
country,br,br,Brazil,BR,Brazil,D168,Congenital rubella syndrome,先天性风疹综合征,Viral,2017-11-01,2017-11,6,1.3548387096774193,0,0.002931069381856275,wpp_computed,,sinan_datasus,Brazil DATASUS SINAN,http://siab.datasus.gov.br/DATASUS/index.php?acao=41&area=0901&item=1,ftp_dbc,sinan_datasus,Brazil DATASUS SINAN,http://siab.datasus.gov.br/DATASUS/index.php?acao=41&area=0901&item=1,ftp_dbc
country,br,br,Brazil,BR,Brazil,D200,Trachoma,沙眼,Bacterial,2017-11-01,2017-11,2923,660.0322580645162,0,1.4279193005276487,wpp_computed,,sinan_datasus,Brazil DATASUS SINAN,http://siab.datasus.gov.br/DATASUS/index.php?acao=41&area=0901&item=1,ftp_dbc,sinan_datasus,Brazil DATASUS SINAN,http://siab.datasus.gov.br/DATASUS/index.php?acao=41&area=0901&item=1,ftp_dbc
country,br,br,Brazil,BR,Brazil,D201,Exanthematous diseases,出疹性疾病,Viral,2017-11-01,2017-11,177,39.96774193548387,0,0.08646654676476011,wpp_computed,,sinan_datasus,Brazil DATASUS SINAN,http://siab.datasus.gov.br/DATASUS/index.php?acao=41&area=0901&item=1,ftp_dbc,sinan_datasus,Brazil DATASUS SINAN,http://siab.datasus.gov.br/DATASUS/index.php?acao=41&area=0901&item=1,ftp_dbc
country,br,br,Brazil,BR,Brazil,D230,Child exposed to HIV,儿童HIV暴露,Other,2017-11-01,2017-11,621,140.2258064516129,0,0.30336568102212447,wpp_computed,,sinan_datasus,Brazil DATASUS SINAN,http://siab.datasus.gov.br/DATASUS/index.php?acao=41&area=0901&item=1,ftp_dbc,sinan_datasus,Brazil DATASUS SINAN,http://siab.datasus.gov.br/DATASUS/index.php?acao=41&area=0901&item=1,ftp_dbc
country,br,br,Brazil,BR,Brazil,D231,HIV infection in pregnancy surveillance event,孕产期HIV感染监测事件,Viral,2017-11-01,2017-11,699,157.83870967741933,0,0.34146958298625607,wpp_computed,,sinan_datasus,Brazil DATASUS SINAN,http://siab.datasus.gov.br/DATASUS/index.php?acao=41&area=0901&item=1,ftp_dbc,sinan_datasus,Brazil DATASUS SINAN,http://siab.datasus.gov.br/DATASUS/index.php?acao=41&area=0901&item=1,ftp_dbc
country,br,br,Brazil,BR,Brazil,D005,AIDS,艾滋病,Viral,2017-12-01,2017-12,3024,705.6,0,1.4772589684555626,wpp_computed,,sinan_datasus,Brazil DATASUS SINAN,http://siab.datasus.gov.br/DATASUS/index.php?acao=41&area=0901&item=1,ftp_dbc,sinan_datasus,Brazil DATASUS SINAN,http://siab.datasus.gov.br/DATASUS/index.php?acao=41&area=0901&item=1,ftp_dbc
country,br,br,Brazil,BR,Brazil,D054,Varicella,水痘,Viral,2017-12-01,2017-12,2998,699.5333333333333,0,1.464557667800852,wpp_computed,,sinan_datasus,Brazil DATASUS SINAN,http://siab.datasus.gov.br/DATASUS/index.php?acao=41&area=0901&item=1,ftp_dbc,sinan_datasus,Brazil DATASUS SINAN,http://siab.datasus.gov.br/DATASUS/index.php?acao=41&area=0901&item=1,ftp_dbc
country,br,br,Brazil,BR,Brazil,D162,HIV infection,人类免疫缺乏病毒感染,Viral,2017-12-01,2017-12,4069,949.4333333333333,0,1.9877535524621972,wpp_computed,,sinan_datasus,Brazil DATASUS SINAN,http://siab.datasus.gov.br/DATASUS/index.php?acao=41&area=0901&item=1,ftp_dbc,sinan_datasus,Brazil DATASUS SINAN,http://siab.datasus.gov.br/DATASUS/index.php?acao=41&area=0901&item=1,ftp_dbc
country,br,br,Brazil,BR,Brazil,D168,Congenital rubella syndrome,先天性风疹综合征,Viral,2017-12-01,2017-12,5,1.1666666666666665,0,0.0024425578182135626,wpp_computed,,sinan_datasus,Brazil DATASUS SINAN,http://siab.datasus.gov.br/DATASUS/index.php?acao=41&area=0901&item=1,ftp_dbc,sinan_datasus,Brazil DATASUS SINAN,http://siab.datasus.gov.br/DATASUS/index.php?acao=41&area=0901&item=1,ftp_dbc
country,br,br,Brazil,BR,Brazil,D200,Trachoma,沙眼,Bacterial,2017-12-01,2017-12,690,161.0,0,0.33707297891347165,wpp_computed,,sinan_datasus,Brazil DATASUS SINAN,http://siab.datasus.gov.br/DATASUS/index.php?acao=41&area=0901&item=1,ftp_dbc,sinan_datasus,Brazil DATASUS SINAN,http://siab.datasus.gov.br/DATASUS/index.php?acao=41&area=0901&item=1,ftp_dbc
country,br,br,Brazil,BR,Brazil,D201,Exanthematous diseases,出疹性疾病,Viral,2017-12-01,2017-12,158,36.86666666666667,0,0.07718482705554858,wpp_computed,,sinan_datasus,Brazil DATASUS SINAN,http://siab.datasus.gov.br/DATASUS/index.php?acao=41&area=0901&item=1,ftp_dbc,sinan_datasus,Brazil DATASUS SINAN,http://siab.datasus.gov.br/DATASUS/index.php?acao=41&area=0901&item=1,ftp_dbc
country,br,br,Brazil,BR,Brazil,D230,Child exposed to HIV,儿童HIV暴露,Other,2017-12-01,2017-12,510,119.0,0,0.24914089745778337,wpp_computed,,sinan_datasus,Brazil DATASUS SINAN,http://siab.datasus.gov.br/DATASUS/index.php?acao=41&area=0901&item=1,ftp_dbc,sinan_datasus,Brazil DATASUS SINAN,http://siab.datasus.gov.br/DATASUS/index.php?acao=41&area=0901&item=1,ftp_dbc
country,br,br,Brazil,BR,Brazil,D231,HIV infection in pregnancy surveillance event,孕产期HIV感染监测事件,Viral,2017-12-01,2017-12,565,131.83333333333331,0,0.2760090334581326,wpp_computed,,sinan_datasus,Brazil DATASUS SINAN,http://siab.datasus.gov.br/DATASUS/index.php?acao=41&area=0901&item=1,ftp_dbc,sinan_datasus,Brazil DATASUS SINAN,http://siab.datasus.gov.br/DATASUS/index.php?acao=41&area=0901&item=1,ftp_dbc
country,br,br,Brazil,BR,Brazil,D005,AIDS,艾滋病,Viral,2018-01-01,2018-01,3702,835.9354838709678,0,1.7961521544749268,wpp_computed,,sinan_datasus,Brazil DATASUS SINAN,http://siab.datasus.gov.br/DATASUS/index.php?acao=41&area=0901&item=1,ftp_dbc,sinan_datasus,Brazil DATASUS SINAN,http://siab.datasus.gov.br/DATASUS/index.php?acao=41&area=0901&item=1,ftp_dbc
country,br,br,Brazil,BR,Brazil,D021,Dengue,登革热,Viral,2018-01-01,2018-01,16821,297.34090909090907,0,8.161284546305442,wpp_computed,,sinan_datasus,Brazil DATASUS SINAN,http://siab.datasus.gov.br/DATASUS/index.php?acao=41&area=0901&item=1,ftp_dbc,sinan_datasus,Brazil DATASUS SINAN,http://siab.datasus.gov.br/DATASUS/index.php?acao=41&area=0901&item=1,ftp_dbc
country,br,br,Brazil,BR,Brazil,D025,Tuberculosis,肺结核,Bacterial,2018-01-01,2018-01,6338,112.03535353535354,0,3.0750978808919736,wpp_computed,,sinan_datasus,Brazil DATASUS SINAN,http://siab.datasus.gov.br/DATASUS/index.php?acao=41&area=0901&item=1,ftp_dbc,sinan_datasus,Brazil DATASUS SINAN,http://siab.datasus.gov.br/DATASUS/index.php?acao=41&area=0901&item=1,ftp_dbc
country,br,br,Brazil,BR,Brazil,D028,Pertussis,百日咳,Bacterial,2018-01-01,2018-01,682,12.055555555555557,0,0.33089566973309026,wpp_computed,,sinan_datasus,Brazil DATASUS SINAN,http://siab.datasus.gov.br/DATASUS/index.php?acao=41&area=0901&item=1,ftp_dbc,sinan_datasus,Brazil DATASUS SINAN,http://siab.datasus.gov.br/DATASUS/index.php?acao=41&area=0901&item=1,ftp_dbc
country,br,br,Brazil,BR,Brazil,D029,Diphtheria,白喉,Bacterial,2018-01-01,2018-01,2,0.03535353535353536,0,0.0009703685329416137,wpp_computed,,sinan_datasus,Brazil DATASUS SINAN,http://siab.datasus.gov.br/DATASUS/index.php?acao=41&area=0901&item=1,ftp_dbc,sinan_datasus,Brazil DATASUS SINAN,http://siab.datasus.gov.br/DATASUS/index.php?acao=41&area=0901&item=1,ftp_dbc
country,br,br,Brazil,BR,Brazil,D035,Leptospirosis,钩端螺旋体病,Bacterial,2018-01-01,2018-01,1904,33.656565656565654,0,0.9237908433604162,wpp_computed,,sinan_datasus,Brazil DATASUS SINAN,http://siab.datasus.gov.br/DATASUS/index.php?acao=41&area=0901&item=1,ftp_dbc,sinan_datasus,Brazil DATASUS SINAN,http://siab.datasus.gov.br/DATASUS/index.php?acao=41&area=0901&item=1,ftp_dbc
country,br,br,Brazil,BR,Brazil,D036,Schistosomiasis,血吸虫病,Parasitic,2018-01-01,2018-01,321,5.674242424242424,0,0.15574414953712898,wpp_computed,,sinan_datasus,Brazil DATASUS SINAN,http://siab.datasus.gov.br/DATASUS/index.php?acao=41&area=0901&item=1,ftp_dbc,sinan_datasus,Brazil DATASUS SINAN,http://siab.datasus.gov.br/DATASUS/index.php?acao=41&area=0901&item=1,ftp_dbc
country,br,br,Brazil,BR,Brazil,D037,Malaria,疟疾,Parasitic,2018-01-01,2018-01,797,14.088383838383837,0,0.3866918603772331,wpp_computed,,sinan_datasus,Brazil DATASUS SINAN,http://siab.datasus.gov.br/DATASUS/index.php?acao=41&area=0901&item=1,ftp_dbc,sinan_datasus,Brazil DATASUS SINAN,http://siab.datasus.gov.br/DATASUS/index.php?acao=41&area=0901&item=1,ftp_dbc
country,br,br,Brazil,BR,Brazil,D042,Leprosy,麻风病,Bacterial,2018-01-01,2018-01,2840,50.20202020202021,0,1.3779233167770912,wpp_computed,,sinan_datasus,Brazil DATASUS SINAN,http://siab.datasus.gov.br/DATASUS/index.php?acao=41&area=0901&item=1,ftp_dbc,sinan_datasus,Brazil DATASUS SINAN,http://siab.datasus.gov.br/DATASUS/index.php?acao=41&area=0901&item=1,ftp_dbc
country,br,br,Brazil,BR,Brazil,D044,Kala-azar,黑热病,Parasitic,2018-01-01,2018-01,945,16.704545454545453,0,0.4584991318149125,wpp_computed,,sinan_datasus,Brazil DATASUS SINAN,http://siab.datasus.gov.br/DATASUS/index.php?acao=41&area=0901&item=1,ftp_dbc,sinan_datasus,Brazil DATASUS SINAN,http://siab.datasus.gov.br/DATASUS/index.php?acao=41&area=0901&item=1,ftp_dbc
country,br,br,Brazil,BR,Brazil,D051,Zika virus disease,寨卡病毒病,Viral,2018-01-01,2018-01,1495,26.426767676767675,0,0.7253504783738562,wpp_computed,,sinan_datasus,Brazil DATASUS SINAN,http://siab.datasus.gov.br/DATASUS/index.php?acao=41&area=0901&item=1,ftp_dbc,sinan_datasus,Brazil DATASUS SINAN,http://siab.datasus.gov.br/DATASUS/index.php?acao=41&area=0901&item=1,ftp_dbc
country,br,br,Brazil,BR,Brazil,D052,Chikungunya,基孔肯雅热,Viral,2018-01-01,2018-01,8053,142.3510101010101,0,3.907188897889407,wpp_computed,,sinan_datasus,Brazil DATASUS SINAN,http://siab.datasus.gov.br/DATASUS/index.php?acao=41&area=0901&item=1,ftp_dbc,sinan_datasus,Brazil DATASUS SINAN,http://siab.datasus.gov.br/DATASUS/index.php?acao=41&area=0901&item=1,ftp_dbc
country,br,br,Brazil,BR,Brazil,D054,Varicella,水痘,Viral,2018-01-01,2018-01,1149,259.4516129032258,0,0.557476722174957,wpp_computed,,sinan_datasus,Brazil DATASUS SINAN,http://siab.datasus.gov.br/DATASUS/index.php?acao=41&area=0901&item=1,ftp_dbc,sinan_datasus,Brazil DATASUS SINAN,http://siab.datasus.gov.br/DATASUS/index.php?acao=41&area=0901&item=1,ftp_dbc
country,br,br,Brazil,BR,Brazil,D082,Leishmaniasis,利什曼病,Parasitic,2018-01-01,2018-01,2148,37.96969696969697,0,1.042175804379293,wpp_computed,,sinan_datasus,Brazil DATASUS SINAN,http://siab.datasus.gov.br/DATASUS/index.php?acao=41&area=0901&item=1,ftp_dbc,sinan_datasus,Brazil DATASUS SINAN,http://siab.datasus.gov.br/DATASUS/index.php?acao=41&area=0901&item=1,ftp_dbc
country,br,br,Brazil,BR,Brazil,D084,Chagas disease,恰加斯病,Parasitic,2018-01-01,2018-01,378,6.681818181818182,0,0.18339965272596498,wpp_computed,,sinan_datasus,Brazil DATASUS SINAN,http://siab.datasus.gov.br/DATASUS/index.php?acao=41&area=0901&item=1,ftp_dbc,sinan_datasus,Brazil DATASUS SINAN,http://siab.datasus.gov.br/DATASUS/index.php?acao=41&area=0901&item=1,ftp_dbc
country,br,br,Brazil,BR,Brazil,D118,Spotted fever rickettsiosis,斑点热立克次体病,Bacterial,2018-01-01,2018-01,274,4.843434343434343,0,0.13294048901300107,wpp_computed,,sinan_datasus,Brazil DATASUS SINAN,http://siab.datasus.gov.br/DATASUS/index.php?acao=41&area=0901&item=1,ftp_dbc,sinan_datasus,Brazil DATASUS SINAN,http://siab.datasus.gov.br/DATASUS/index.php?acao=41&area=0901&item=1,ftp_dbc
country,br,br,Brazil,BR,Brazil,D120,Tetanus,破伤风,Bacterial,2018-01-01,2018-01,31,0.547979797979798,0,0.01504071226059501,wpp_computed,,sinan_datasus,Brazil DATASUS SINAN,http://siab.datasus.gov.br/DATASUS/index.php?acao=41&area=0901&item=1,ftp_dbc,sinan_datasus,Brazil DATASUS SINAN,http://siab.datasus.gov.br/DATASUS/index.php?acao=41&area=0901&item=1,ftp_dbc
country,br,br,Brazil,BR,Brazil,D124,Typhoid fever,伤寒,Bacterial,2018-01-01,2018-01,39,0.6893939393939393,0,0.018922186392361467,wpp_computed,,sinan_datasus,Brazil DATASUS SINAN,http://siab.datasus.gov.br/DATASUS/index.php?acao=41&area=0901&item=1,ftp_dbc,sinan_datasus,Brazil DATASUS SINAN,http://siab.datasus.gov.br/DATASUS/index.php?acao=41&area=0901&item=1,ftp_dbc
country,br,br,Brazil,BR,Brazil,D144,Creutzfeldt-Jakob disease,克雅氏病,Prion,2018-01-01,2018-01,15,0.26515151515151514,0,0.007277763997062103,wpp_computed,,sinan_datasus,Brazil DATASUS SINAN,http://siab.datasus.gov.br/DATASUS/index.php?acao=41&area=0901&item=1,ftp_dbc,sinan_datasus,Brazil DATASUS SINAN,http://siab.datasus.gov.br/DATASUS/index.php?acao=41&area=0901&item=1,ftp_dbc
country,br,br,Brazil,BR,Brazil,D162,HIV infection,人类免疫缺乏病毒感染,Viral,2018-01-01,2018-01,4359,984.2903225806452,0,2.114918217546247,wpp_computed,,sinan_datasus,Brazil DATASUS SINAN,http://siab.datasus.gov.br/DATASUS/index.php?acao=41&area=0901&item=1,ftp_dbc,sinan_datasus,Brazil DATASUS SINAN,http://siab.datasus.gov.br/DATASUS/index.php?acao=41&area=0901&item=1,ftp_dbc
country,br,br,Brazil,BR,Brazil,D168,Congenital rubella syndrome,先天性风疹综合征,Viral,2018-01-01,2018-01,8,1.8064516129032258,0,0.0038814741317664547,wpp_computed,,sinan_datasus,Brazil DATASUS SINAN,http://siab.datasus.gov.br/DATASUS/index.php?acao=41&area=0901&item=1,ftp_dbc,sinan_datasus,Brazil DATASUS SINAN,http://siab.datasus.gov.br/DATASUS/index.php?acao=41&area=0901&item=1,ftp_dbc
country,br,br,Brazil,BR,Brazil,D178,Acute flaccid paralysis,急性无力肢体麻痹,Other,2018-01-01,2018-01,40,0.7070707070707071,0,0.019407370658832274,wpp_computed,,sinan_datasus,Brazil DATASUS SINAN,http://siab.datasus.gov.br/DATASUS/index.php?acao=41&area=0901&item=1,ftp_dbc,sinan_datasus,Brazil DATASUS SINAN,http://siab.datasus.gov.br/DATASUS/index.php?acao=41&area=0901&item=1,ftp_dbc
country,br,br,Brazil,BR,Brazil,D184,Accident caused by venomous animals,毒性动物伤害,Other,2018-01-01,2018-01,23507,415.5277777777778,0,11.405226551929255,wpp_computed,,sinan_datasus,Brazil DATASUS SINAN,http://siab.datasus.gov.br/DATASUS/index.php?acao=41&area=0901&item=1,ftp_dbc,sinan_datasus,Brazil DATASUS SINAN,http://siab.datasus.gov.br/DATASUS/index.php?acao=41&area=0901&item=1,ftp_dbc
country,br,br,Brazil,BR,Brazil,D185,Work accident with biological material,生物材料职业暴露事故,Other,2018-01-01,2018-01,5137,90.80555555555554,0,2.492391576860535,wpp_computed,,sinan_datasus,Brazil DATASUS SINAN,http://siab.datasus.gov.br/DATASUS/index.php?acao=41&area=0901&item=1,ftp_dbc,sinan_datasus,Brazil DATASUS SINAN,http://siab.datasus.gov.br/DATASUS/index.php?acao=41&area=0901&item=1,ftp_dbc
country,br,br,Brazil,BR,Brazil,D186,Serious work accident,严重工伤,Other,2018-01-01,2018-01,7845,138.67424242424244,0,3.806270570463479,wpp_computed,,sinan_datasus,Brazil DATASUS SINAN,http://siab.datasus.gov.br/DATASUS/index.php?acao=41&area=0901&item=1,ftp_dbc,sinan_datasus,Brazil DATASUS SINAN,http://siab.datasus.gov.br/DATASUS/index.php?acao=41&area=0901&item=1,ftp_dbc
country,br,br,Brazil,BR,Brazil,D187,Rabies post-exposure prophylaxis,狂犬病暴露后处置,Other,2018-01-01,2018-01,63225,1117.6136363636363,0,30.675775247616766,wpp_computed,,sinan_datasus,Brazil DATASUS SINAN,http://siab.datasus.gov.br/DATASUS/index.php?acao=41&area=0901&item=1,ftp_dbc,sinan_datasus,Brazil DATASUS SINAN,http://siab.datasus.gov.br/DATASUS/index.php?acao=41&area=0901&item=1,ftp_dbc
country,br,br,Brazil,BR,Brazil,D188,Work-related cancer,职业相关癌症,Other,2018-01-01,2018-01,45,0.7954545454545454,0,0.021833291991186308,wpp_computed,,sinan_datasus,Brazil DATASUS SINAN,http://siab.datasus.gov.br/DATASUS/index.php?acao=41&area=0901&item=1,ftp_dbc,sinan_datasus,Brazil DATASUS SINAN,http://siab.datasus.gov.br/DATASUS/index.php?acao=41&area=0901&item=1,ftp_dbc
country,br,br,Brazil,BR,Brazil,D189,Work-related dermatosis,职业性皮肤病,Other,2018-01-01,2018-01,22,0.38888888888888884,0,0.01067405386235775,wpp_computed,,sinan_datasus,Brazil DATASUS SINAN,http://siab.datasus.gov.br/DATASUS/index.php?acao=41&area=0901&item=1,ftp_dbc,sinan_datasus,Brazil DATASUS SINAN,http://siab.datasus.gov.br/DATASUS/index.php?acao=41&area=0901&item=1,ftp_dbc
country,br,br,Brazil,BR,Brazil,D190,Sporotrichosis,孢子丝菌病,Fungal,2018-01-01,2018-01,64,1.1313131313131315,0,0.031051793054131638,wpp_computed,,sinan_datasus,Brazil DATASUS SINAN,http://siab.datasus.gov.br/DATASUS/index.php?acao=41&area=0901&item=1,ftp_dbc,sinan_datasus,Brazil DATASUS SINAN,http://siab.datasus.gov.br/DATASUS/index.php?acao=41&area=0901&item=1,ftp_dbc
country,br,br,Brazil,BR,Brazil,D191,Exogenous poisoning,外源性中毒,Other,2018-01-01,2018-01,12959,229.07323232323233,0,6.287502909195186,wpp_computed,,sinan_datasus,Brazil DATASUS SINAN,http://siab.datasus.gov.br/DATASUS/index.php?acao=41&area=0901&item=1,ftp_dbc,sinan_datasus,Brazil DATASUS SINAN,http://siab.datasus.gov.br/DATASUS/index.php?acao=41&area=0901&item=1,ftp_dbc
country,br,br,Brazil,BR,Brazil,D192,Work-related repetitive strain injury,职业相关重复性劳损,Other,2018-01-01,2018-01,709,4.403726708074534,0,0.34399564492780205,wpp_computed,,sinan_datasus,Brazil DATASUS SINAN,http://siab.datasus.gov.br/DATASUS/index.php?acao=41&area=0901&item=1,ftp_dbc,sinan_datasus,Brazil DATASUS SINAN,http://siab.datasus.gov.br/DATASUS/index.php?acao=41&area=0901&item=1,ftp_dbc
country,br,br,Brazil,BR,Brazil,D193,Work-related mental disorder,职业相关精神障碍,Other,2018-01-01,2018-01,150,2.6515151515151514,0,0.07277763997062102,wpp_computed,,sinan_datasus,Brazil DATASUS SINAN,http://siab.datasus.gov.br/DATASUS/index.php?acao=41&area=0901&item=1,ftp_dbc,sinan_datasus,Brazil DATASUS SINAN,http://siab.datasus.gov.br/DATASUS/index.php?acao=41&area=0901&item=1,ftp_dbc
country,br,br,Brazil,BR,Brazil,D194,Noise-induced hearing loss,噪声性听力损失,Other,2018-01-01,2018-01,56,0.9898989898989898,0,0.02717031892236518,wpp_computed,,sinan_datasus,Brazil DATASUS SINAN,http://siab.datasus.gov.br/DATASUS/index.php?acao=41&area=0901&item=1,ftp_dbc,sinan_datasus,Brazil DATASUS SINAN,http://siab.datasus.gov.br/DATASUS/index.php?acao=41&area=0901&item=1,ftp_dbc
country,br,br,Brazil,BR,Brazil,D195,Pneumoconiosis,尘肺病,Other,2018-01-01,2018-01,8,0.14141414141414144,0,0.0038814741317664547,wpp_computed,,sinan_datasus,Brazil DATASUS SINAN,http://siab.datasus.gov.br/DATASUS/index.php?acao=41&area=0901&item=1,ftp_dbc,sinan_datasus,Brazil DATASUS SINAN,http://siab.datasus.gov.br/DATASUS/index.php?acao=41&area=0901&item=1,ftp_dbc
country,br,br,Brazil,BR,Brazil,D196,Foodborne disease outbreak,食源性疾病暴发,Bacterial,2018-01-01,2018-01,65,0.2450188476036618,0,0.03153697732060244,wpp_computed,,sinan_datasus,Brazil DATASUS SINAN,http://siab.datasus.gov.br/DATASUS/index.php?acao=41&area=0901&item=1,ftp_dbc,sinan_datasus,Brazil DATASUS SINAN,http://siab.datasus.gov.br/DATASUS/index.php?acao=41&area=0901&item=1,ftp_dbc
country,br,br,Brazil,BR,Brazil,D199,Rotavirus infection,轮状病毒感染,Viral,2018-01-01,2018-01,133,2.351010101010101,0,0.0645295074406173,wpp_computed,,sinan_datasus,Brazil DATASUS SINAN,http://siab.datasus.gov.br/DATASUS/index.php?acao=41&area=0901&item=1,ftp_dbc,sinan_datasus,Brazil DATASUS SINAN,http://siab.datasus.gov.br/DATASUS/index.php?acao=41&area=0901&item=1,ftp_dbc
country,br,br,Brazil,BR,Brazil,D200,Trachoma,沙眼,Bacterial,2018-01-01,2018-01,42,9.483870967741934,0,0.020377739191773887,wpp_computed,,sinan_datasus,Brazil DATASUS SINAN,http://siab.datasus.gov.br/DATASUS/index.php?acao=41&area=0901&item=1,ftp_dbc,sinan_datasus,Brazil DATASUS SINAN,http://siab.datasus.gov.br/DATASUS/index.php?acao=41&area=0901&item=1,ftp_dbc
country,br,br,Brazil,BR,Brazil,D201,Exanthematous diseases,出疹性疾病,Viral,2018-01-01,2018-01,116,26.193548387096772,0,0.056281374910613594,wpp_computed,,sinan_datasus,Brazil DATASUS SINAN,http://siab.datasus.gov.br/DATASUS/index.php?acao=41&area=0901&item=1,ftp_dbc,sinan_datasus,Brazil DATASUS SINAN,http://siab.datasus.gov.br/DATASUS/index.php?acao=41&area=0901&item=1,ftp_dbc
country,br,br,Brazil,BR,Brazil,D202,Domestic sexual and other violence,家庭/性及其他暴力,Other,2018-01-01,2018-01,27948,173.59006211180125,0,13.559929879326111,wpp_computed,,sinan_datasus,Brazil DATASUS SINAN,http://siab.datasus.gov.br/DATASUS/index.php?acao=41&area=0901&item=1,ftp_dbc,sinan_datasus,Brazil DATASUS SINAN,http://siab.datasus.gov.br/DATASUS/index.php?acao=41&area=0901&item=1,ftp_dbc
country,br,br,Brazil,BR,Brazil,D230,Child exposed to HIV,儿童HIV暴露,Other,2018-01-01,2018-01,622,140.45161290322582,0,0.30178461374484183,wpp_computed,,sinan_datasus,Brazil DATASUS SINAN,http://siab.datasus.gov.br/DATASUS/index.php?acao=41&area=0901&item=1,ftp_dbc,sinan_datasus,Brazil DATASUS SINAN,http://siab.datasus.gov.br/DATASUS/index.php?acao=41&area=0901&item=1,ftp_dbc
country,br,br,Brazil,BR,Brazil,D231,HIV infection in pregnancy surveillance event,孕产期HIV感染监测事件,Viral,2018-01-01,2018-01,641,144.74193548387095,0,0.3110031148077872,wpp_computed,,sinan_datasus,Brazil DATASUS SINAN,http://siab.datasus.gov.br/DATASUS/index.php?acao=41&area=0901&item=1,ftp_dbc,sinan_datasus,Brazil DATASUS SINAN,http://siab.datasus.gov.br/DATASUS/index.php?acao=41&area=0901&item=1,ftp_dbc
country,br,br,Brazil,BR,Brazil,D235,Meningitis (all reported etiologies),脑膜炎（全部报告病因）,Other,2018-01-01,2018-01,2016,35.63636363636363,0,0.9781314812051466,wpp_computed,,sinan_datasus,Brazil DATASUS SINAN,http://siab.datasus.gov.br/DATASUS/index.php?acao=41&area=0901&item=1,ftp_dbc,sinan_datasus,Brazil DATASUS SINAN,http://siab.datasus.gov.br/DATASUS/index.php?acao=41&area=0901&item=1,ftp_dbc
country,br,br,Brazil,BR,Brazil,D005,AIDS,艾滋病,Viral,2018-02-01,2018-02,3052,689.1612903225806,0,1.4807823812689025,wpp_computed,,sinan_datasus,Brazil DATASUS SINAN,http://siab.datasus.gov.br/DATASUS/index.php?acao=41&area=0901&item=1,ftp_dbc,sinan_datasus,Brazil DATASUS SINAN,http://siab.datasus.gov.br/DATASUS/index.php?acao=41&area=0901&item=1,ftp_dbc
country,br,br,Brazil,BR,Brazil,D021,Dengue,登革热,Viral,2018-02-01,2018-02,22431,5065.064516129032,0,10.883168281206668,wpp_computed,,sinan_datasus,Brazil DATASUS SINAN,http://siab.datasus.gov.br/DATASUS/index.php?acao=41&area=0901&item=1,ftp_dbc,sinan_datasus,Brazil DATASUS SINAN,http://siab.datasus.gov.br/DATASUS/index.php?acao=41&area=0901&item=1,ftp_dbc
country,br,br,Brazil,BR,Brazil,D025,Tuberculosis,肺结核,Bacterial,2018-02-01,2018-02,6354,1434.774193548387,0,3.082860829155507,wpp_computed,,sinan_datasus,Brazil DATASUS SINAN,http://siab.datasus.gov.br/DATASUS/index.php?acao=41&area=0901&item=1,ftp_dbc,sinan_datasus,Brazil DATASUS SINAN,http://siab.datasus.gov.br/DATASUS/index.php?acao=41&area=0901&item=1,ftp_dbc
country,br,br,Brazil,BR,Brazil,D028,Pertussis,百日咳,Bacterial,2018-02-01,2018-02,553,124.87096774193549,0,0.26830689935835617,wpp_computed,,sinan_datasus,Brazil DATASUS SINAN,http://siab.datasus.gov.br/DATASUS/index.php?acao=41&area=0901&item=1,ftp_dbc,sinan_datasus,Brazil DATASUS SINAN,http://siab.datasus.gov.br/DATASUS/index.php?acao=41&area=0901&item=1,ftp_dbc
country,br,br,Brazil,BR,Brazil,D029,Diphtheria,白喉,Bacterial,2018-02-01,2018-02,2,0.45161290322580644,0,0.0009703685329416137,wpp_computed,,sinan_datasus,Brazil DATASUS SINAN,http://siab.datasus.gov.br/DATASUS/index.php?acao=41&area=0901&item=1,ftp_dbc,sinan_datasus,Brazil DATASUS SINAN,http://siab.datasus.gov.br/DATASUS/index.php?acao=41&area=0901&item=1,ftp_dbc
country,br,br,Brazil,BR,Brazil,D035,Leptospirosis,钩端螺旋体病,Bacterial,2018-02-01,2018-02,1867,421.5806451612903,0,0.9058390255009964,wpp_computed,,sinan_datasus,Brazil DATASUS SINAN,http://siab.datasus.gov.br/DATASUS/index.php?acao=41&area=0901&item=1,ftp_dbc,sinan_datasus,Brazil DATASUS SINAN,http://siab.datasus.gov.br/DATASUS/index.php?acao=41&area=0901&item=1,ftp_dbc
country,br,br,Brazil,BR,Brazil,D036,Schistosomiasis,血吸虫病,Parasitic,2018-02-01,2018-02,328,74.06451612903226,0,0.15914043940242464,wpp_computed,,sinan_datasus,Brazil DATASUS SINAN,http://siab.datasus.gov.br/DATASUS/index.php?acao=41&area=0901&item=1,ftp_dbc,sinan_datasus,Brazil DATASUS SINAN,http://siab.datasus.gov.br/DATASUS/index.php?acao=41&area=0901&item=1,ftp_dbc
country,br,br,Brazil,BR,Brazil,D037,Malaria,疟疾,Parasitic,2018-02-01,2018-02,1268,286.32258064516134,0,0.6152136498849831,wpp_computed,,sinan_datasus,Brazil DATASUS SINAN,http://siab.datasus.gov.br/DATASUS/index.php?acao=41&area=0901&item=1,ftp_dbc,sinan_datasus,Brazil DATASUS SINAN,http://siab.datasus.gov.br/DATASUS/index.php?acao=41&area=0901&item=1,ftp_dbc
country,br,br,Brazil,BR,Brazil,D042,Leprosy,麻风病,Bacterial,2018-02-01,2018-02,2830,639.0322580645162,0,1.3730714741123835,wpp_computed,,sinan_datasus,Brazil DATASUS SINAN,http://siab.datasus.gov.br/DATASUS/index.php?acao=41&area=0901&item=1,ftp_dbc,sinan_datasus,Brazil DATASUS SINAN,http://siab.datasus.gov.br/DATASUS/index.php?acao=41&area=0901&item=1,ftp_dbc
country,br,br,Brazil,BR,Brazil,D044,Kala-azar,黑热病,Parasitic,2018-02-01,2018-02,810,182.90322580645162,0,0.3929992558413535,wpp_computed,,sinan_datasus,Brazil DATASUS SINAN,http://siab.datasus.gov.br/DATASUS/index.php?acao=41&area=0901&item=1,ftp_dbc,sinan_datasus,Brazil DATASUS SINAN,http://siab.datasus.gov.br/DATASUS/index.php?acao=41&area=0901&item=1,ftp_dbc
country,br,br,Brazil,BR,Brazil,D051,Zika virus disease,寨卡病毒病,Viral,2018-02-01,2018-02,1795,405.32258064516134,0,0.8709057583150983,wpp_computed,,sinan_datasus,Brazil DATASUS SINAN,http://siab.datasus.gov.br/DATASUS/index.php?acao=41&area=0901&item=1,ftp_dbc,sinan_datasus,Brazil DATASUS SINAN,http://siab.datasus.gov.br/DATASUS/index.php?acao=41&area=0901&item=1,ftp_dbc
country,br,br,Brazil,BR,Brazil,D052,Chikungunya,基孔肯雅热,Viral,2018-02-01,2018-02,10442,2357.870967741935,0,5.066294110488165,wpp_computed,,sinan_datasus,Brazil DATASUS SINAN,http://siab.datasus.gov.br/DATASUS/index.php?acao=41&area=0901&item=1,ftp_dbc,sinan_datasus,Brazil DATASUS SINAN,http://siab.datasus.gov.br/DATASUS/index.php?acao=41&area=0901&item=1,ftp_dbc
country,br,br,Brazil,BR,Brazil,D054,Varicella,水痘,Viral,2018-02-01,2018-02,403,91.0,0,0.19552925938773516,wpp_computed,,sinan_datasus,Brazil DATASUS SINAN,http://siab.datasus.gov.br/DATASUS/index.php?acao=41&area=0901&item=1,ftp_dbc,sinan_datasus,Brazil DATASUS SINAN,http://siab.datasus.gov.br/DATASUS/index.php?acao=41&area=0901&item=1,ftp_dbc
country,br,br,Brazil,BR,Brazil,D082,Leishmaniasis,利什曼病,Parasitic,2018-02-01,2018-02,1657,374.16129032258067,0,0.803950329542127,wpp_computed,,sinan_datasus,Brazil DATASUS SINAN,http://siab.datasus.gov.br/DATASUS/index.php?acao=41&area=0901&item=1,ftp_dbc,sinan_datasus,Brazil DATASUS SINAN,http://siab.datasus.gov.br/DATASUS/index.php?acao=41&area=0901&item=1,ftp_dbc
country,br,br,Brazil,BR,Brazil,D084,Chagas disease,恰加斯病,Parasitic,2018-02-01,2018-02,396,89.41935483870967,0,0.1921329695224395,wpp_computed,,sinan_datasus,Brazil DATASUS SINAN,http://siab.datasus.gov.br/DATASUS/index.php?acao=41&area=0901&item=1,ftp_dbc,sinan_datasus,Brazil DATASUS SINAN,http://siab.datasus.gov.br/DATASUS/index.php?acao=41&area=0901&item=1,ftp_dbc
country,br,br,Brazil,BR,Brazil,D118,Spotted fever rickettsiosis,斑点热立克次体病,Bacterial,2018-02-01,2018-02,172,38.83870967741936,0,0.08345169383297878,wpp_computed,,sinan_datasus,Brazil DATASUS SINAN,http://siab.datasus.gov.br/DATASUS/index.php?acao=41&area=0901&item=1,ftp_dbc,sinan_datasus,Brazil DATASUS SINAN,http://siab.datasus.gov.br/DATASUS/index.php?acao=41&area=0901&item=1,ftp_dbc
country,br,br,Brazil,BR,Brazil,D120,Tetanus,破伤风,Bacterial,2018-02-01,2018-02,26,5.870967741935484,0,0.012614790928240978,wpp_computed,,sinan_datasus,Brazil DATASUS SINAN,http://siab.datasus.gov.br/DATASUS/index.php?acao=41&area=0901&item=1,ftp_dbc,sinan_datasus,Brazil DATASUS SINAN,http://siab.datasus.gov.br/DATASUS/index.php?acao=41&area=0901&item=1,ftp_dbc
country,br,br,Brazil,BR,Brazil,D124,Typhoid fever,伤寒,Bacterial,2018-02-01,2018-02,51,11.516129032258066,0,0.02474439759001115,wpp_computed,,sinan_datasus,Brazil DATASUS SINAN,http://siab.datasus.gov.br/DATASUS/index.php?acao=41&area=0901&item=1,ftp_dbc,sinan_datasus,Brazil DATASUS SINAN,http://siab.datasus.gov.br/DATASUS/index.php?acao=41&area=0901&item=1,ftp_dbc
country,br,br,Brazil,BR,Brazil,D144,Creutzfeldt-Jakob disease,克雅氏病,Prion,2018-02-01,2018-02,8,1.8064516129032258,0,0.0038814741317664547,wpp_computed,,sinan_datasus,Brazil DATASUS SINAN,http://siab.datasus.gov.br/DATASUS/index.php?acao=41&area=0901&item=1,ftp_dbc,sinan_datasus,Brazil DATASUS SINAN,http://siab.datasus.gov.br/DATASUS/index.php?acao=41&area=0901&item=1,ftp_dbc
country,br,br,Brazil,BR,Brazil,D162,HIV infection,人类免疫缺乏病毒感染,Viral,2018-02-01,2018-02,3939,889.4516129032259,0,1.911140825628508,wpp_computed,,sinan_datasus,Brazil DATASUS SINAN,http://siab.datasus.gov.br/DATASUS/index.php?acao=41&area=0901&item=1,ftp_dbc,sinan_datasus,Brazil DATASUS SINAN,http://siab.datasus.gov.br/DATASUS/index.php?acao=41&area=0901&item=1,ftp_dbc
country,br,br,Brazil,BR,Brazil,D168,Congenital rubella syndrome,先天性风疹综合征,Viral,2018-02-01,2018-02,6,1.3548387096774193,0,0.002911105598824841,wpp_computed,,sinan_datasus,Brazil DATASUS SINAN,http://siab.datasus.gov.br/DATASUS/index.php?acao=41&area=0901&item=1,ftp_dbc,sinan_datasus,Brazil DATASUS SINAN,http://siab.datasus.gov.br/DATASUS/index.php?acao=41&area=0901&item=1,ftp_dbc
country,br,br,Brazil,BR,Brazil,D178,Acute flaccid paralysis,急性无力肢体麻痹,Other,2018-02-01,2018-02,39,8.806451612903226,0,0.018922186392361467,wpp_computed,,sinan_datasus,Brazil DATASUS SINAN,http://siab.datasus.gov.br/DATASUS/index.php?acao=41&area=0901&item=1,ftp_dbc,sinan_datasus,Brazil DATASUS SINAN,http://siab.datasus.gov.br/DATASUS/index.php?acao=41&area=0901&item=1,ftp_dbc
country,br,br,Brazil,BR,Brazil,D184,Accident caused by venomous animals,毒性动物伤害,Other,2018-02-01,2018-02,21060,4755.483870967742,0,10.217980651875191,wpp_computed,,sinan_datasus,Brazil DATASUS SINAN,http://siab.datasus.gov.br/DATASUS/index.php?acao=41&area=0901&item=1,ftp_dbc,sinan_datasus,Brazil DATASUS SINAN,http://siab.datasus.gov.br/DATASUS/index.php?acao=41&area=0901&item=1,ftp_dbc
country,br,br,Brazil,BR,Brazil,D185,Work accident with biological material,生物材料职业暴露事故,Other,2018-02-01,2018-02,4590,1036.4516129032259,0,2.226995783101003,wpp_computed,,sinan_datasus,Brazil DATASUS SINAN,http://siab.datasus.gov.br/DATASUS/index.php?acao=41&area=0901&item=1,ftp_dbc,sinan_datasus,Brazil DATASUS SINAN,http://siab.datasus.gov.br/DATASUS/index.php?acao=41&area=0901&item=1,ftp_dbc
country,br,br,Brazil,BR,Brazil,D186,Serious work accident,严重工伤,Other,2018-02-01,2018-02,7321,1653.1290322580644,0,3.552034014832777,wpp_computed,,sinan_datasus,Brazil DATASUS SINAN,http://siab.datasus.gov.br/DATASUS/index.php?acao=41&area=0901&item=1,ftp_dbc,sinan_datasus,Brazil DATASUS SINAN,http://siab.datasus.gov.br/DATASUS/index.php?acao=41&area=0901&item=1,ftp_dbc
country,br,br,Brazil,BR,Brazil,D187,Rabies post-exposure prophylaxis,狂犬病暴露后处置,Other,2018-02-01,2018-02,51641,11660.870967741936,0,25.055400704818933,wpp_computed,,sinan_datasus,Brazil DATASUS SINAN,http://siab.datasus.gov.br/DATASUS/index.php?acao=41&area=0901&item=1,ftp_dbc,sinan_datasus,Brazil DATASUS SINAN,http://siab.datasus.gov.br/DATASUS/index.php?acao=41&area=0901&item=1,ftp_dbc
country,br,br,Brazil,BR,Brazil,D188,Work-related cancer,职业相关癌症,Other,2018-02-01,2018-02,31,7.0,0,0.01504071226059501,wpp_computed,,sinan_datasus,Brazil DATASUS SINAN,http://siab.datasus.gov.br/DATASUS/index.php?acao=41&area=0901&item=1,ftp_dbc,sinan_datasus,Brazil DATASUS SINAN,http://siab.datasus.gov.br/DATASUS/index.php?acao=41&area=0901&item=1,ftp_dbc
country,br,br,Brazil,BR,Brazil,D189,Work-related dermatosis,职业性皮肤病,Other,2018-02-01,2018-02,17,3.8387096774193545,0,0.008248132530003716,wpp_computed,,sinan_datasus,Brazil DATASUS SINAN,http://siab.datasus.gov.br/DATASUS/index.php?acao=41&area=0901&item=1,ftp_dbc,sinan_datasus,Brazil DATASUS SINAN,http://siab.datasus.gov.br/DATASUS/index.php?acao=41&area=0901&item=1,ftp_dbc
country,br,br,Brazil,BR,Brazil,D190,Sporotrichosis,孢子丝菌病,Fungal,2018-02-01,2018-02,107,24.161290322580644,0,0.05191471651237633,wpp_computed,,sinan_datasus,Brazil DATASUS SINAN,http://siab.datasus.gov.br/DATASUS/index.php?acao=41&area=0901&item=1,ftp_dbc,sinan_datasus,Brazil DATASUS SINAN,http://siab.datasus.gov.br/DATASUS/index.php?acao=41&area=0901&item=1,ftp_dbc
country,br,br,Brazil,BR,Brazil,D191,Exogenous poisoning,外源性中毒,Other,2018-02-01,2018-02,11722,2646.9032258064517,0,5.687329971570798,wpp_computed,,sinan_datasus,Brazil DATASUS SINAN,http://siab.datasus.gov.br/DATASUS/index.php?acao=41&area=0901&item=1,ftp_dbc,sinan_datasus,Brazil DATASUS SINAN,http://siab.datasus.gov.br/DATASUS/index.php?acao=41&area=0901&item=1,ftp_dbc
country,br,br,Brazil,BR,Brazil,D192,Work-related repetitive strain injury,职业相关重复性劳损,Other,2018-02-01,2018-02,595,134.35483870967744,0,0.2886846385501301,wpp_computed,,sinan_datasus,Brazil DATASUS SINAN,http://siab.datasus.gov.br/DATASUS/index.php?acao=41&area=0901&item=1,ftp_dbc,sinan_datasus,Brazil DATASUS SINAN,http://siab.datasus.gov.br/DATASUS/index.php?acao=41&area=0901&item=1,ftp_dbc
country,br,br,Brazil,BR,Brazil,D193,Work-related mental disorder,职业相关精神障碍,Other,2018-02-01,2018-02,89,20.096774193548388,0,0.04318139971590181,wpp_computed,,sinan_datasus,Brazil DATASUS SINAN,http://siab.datasus.gov.br/DATASUS/index.php?acao=41&area=0901&item=1,ftp_dbc,sinan_datasus,Brazil DATASUS SINAN,http://siab.datasus.gov.br/DATASUS/index.php?acao=41&area=0901&item=1,ftp_dbc
country,br,br,Brazil,BR,Brazil,D194,Noise-induced hearing loss,噪声性听力损失,Other,2018-02-01,2018-02,44,9.935483870967742,0,0.0213481077247155,wpp_computed,,sinan_datasus,Brazil DATASUS SINAN,http://siab.datasus.gov.br/DATASUS/index.php?acao=41&area=0901&item=1,ftp_dbc,sinan_datasus,Brazil DATASUS SINAN,http://siab.datasus.gov.br/DATASUS/index.php?acao=41&area=0901&item=1,ftp_dbc
country,br,br,Brazil,BR,Brazil,D195,Pneumoconiosis,尘肺病,Other,2018-02-01,2018-02,44,9.935483870967742,0,0.0213481077247155,wpp_computed,,sinan_datasus,Brazil DATASUS SINAN,http://siab.datasus.gov.br/DATASUS/index.php?acao=41&area=0901&item=1,ftp_dbc,sinan_datasus,Brazil DATASUS SINAN,http://siab.datasus.gov.br/DATASUS/index.php?acao=41&area=0901&item=1,ftp_dbc
country,br,br,Brazil,BR,Brazil,D196,Foodborne disease outbreak,食源性疾病暴发,Bacterial,2018-02-01,2018-02,49,11.064516129032258,0,0.023774029057069535,wpp_computed,,sinan_datasus,Brazil DATASUS SINAN,http://siab.datasus.gov.br/DATASUS/index.php?acao=41&area=0901&item=1,ftp_dbc,sinan_datasus,Brazil DATASUS SINAN,http://siab.datasus.gov.br/DATASUS/index.php?acao=41&area=0901&item=1,ftp_dbc
country,br,br,Brazil,BR,Brazil,D199,Rotavirus infection,轮状病毒感染,Viral,2018-02-01,2018-02,95,21.451612903225808,0,0.04609250531472665,wpp_computed,,sinan_datasus,Brazil DATASUS SINAN,http://siab.datasus.gov.br/DATASUS/index.php?acao=41&area=0901&item=1,ftp_dbc,sinan_datasus,Brazil DATASUS SINAN,http://siab.datasus.gov.br/DATASUS/index.php?acao=41&area=0901&item=1,ftp_dbc
country,br,br,Brazil,BR,Brazil,D200,Trachoma,沙眼,Bacterial,2018-02-01,2018-02,192,43.354838709677416,0,0.09315537916239491,wpp_computed,,sinan_datasus,Brazil DATASUS SINAN,http://siab.datasus.gov.br/DATASUS/index.php?acao=41&area=0901&item=1,ftp_dbc,sinan_datasus,Brazil DATASUS SINAN,http://siab.datasus.gov.br/DATASUS/index.php?acao=41&area=0901&item=1,ftp_dbc
country,br,br,Brazil,BR,Brazil,D201,Exanthematous diseases,出疹性疾病,Viral,2018-02-01,2018-02,132,29.806451612903224,0,0.0640443231741465,wpp_computed,,sinan_datasus,Brazil DATASUS SINAN,http://siab.datasus.gov.br/DATASUS/index.php?acao=41&area=0901&item=1,ftp_dbc,sinan_datasus,Brazil DATASUS SINAN,http://siab.datasus.gov.br/DATASUS/index.php?acao=41&area=0901&item=1,ftp_dbc
country,br,br,Brazil,BR,Brazil,D202,Domestic sexual and other violence,家庭/性及其他暴力,Other,2018-02-01,2018-02,25101,5667.967741935484,0,12.178610272683722,wpp_computed,,sinan_datasus,Brazil DATASUS SINAN,http://siab.datasus.gov.br/DATASUS/index.php?acao=41&area=0901&item=1,ftp_dbc,sinan_datasus,Brazil DATASUS SINAN,http://siab.datasus.gov.br/DATASUS/index.php?acao=41&area=0901&item=1,ftp_dbc
country,br,br,Brazil,BR,Brazil,D230,Child exposed to HIV,儿童HIV暴露,Other,2018-02-01,2018-02,680,153.54838709677418,0,0.3299253012001487,wpp_computed,,sinan_datasus,Brazil DATASUS SINAN,http://siab.datasus.gov.br/DATASUS/index.php?acao=41&area=0901&item=1,ftp_dbc,sinan_datasus,Brazil DATASUS SINAN,http://siab.datasus.gov.br/DATASUS/index.php?acao=41&area=0901&item=1,ftp_dbc
country,br,br,Brazil,BR,Brazil,D231,HIV infection in pregnancy surveillance event,孕产期HIV感染监测事件,Viral,2018-02-01,2018-02,628,141.80645161290323,0,0.3046957193436667,wpp_computed,,sinan_datasus,Brazil DATASUS SINAN,http://siab.datasus.gov.br/DATASUS/index.php?acao=41&area=0901&item=1,ftp_dbc,sinan_datasus,Brazil DATASUS SINAN,http://siab.datasus.gov.br/DATASUS/index.php?acao=41&area=0901&item=1,ftp_dbc
country,br,br,Brazil,BR,Brazil,D235,Meningitis (all reported etiologies),脑膜炎（全部报告病因）,Other,2018-02-01,2018-02,2169,489.7741935483871,0,1.0523646739751802,wpp_computed,,sinan_datasus,Brazil DATASUS SINAN,http://siab.datasus.gov.br/DATASUS/index.php?acao=41&area=0901&item=1,ftp_dbc,sinan_datasus,Brazil DATASUS SINAN,http://siab.datasus.gov.br/DATASUS/index.php?acao=41&area=0901&item=1,ftp_dbc
country,br,br,Brazil,BR,Brazil,D005,AIDS,艾滋病,Viral,2018-03-01,2018-03,3458,864.5,0,1.67776719345605,wpp_computed,,sinan_datasus,Brazil DATASUS SINAN,http://siab.datasus.gov.br/DATASUS/index.php?acao=41&area=0901&item=1,ftp_dbc,sinan_datasus,Brazil DATASUS SINAN,http://siab.datasus.gov.br/DATASUS/index.php?acao=41&area=0901&item=1,ftp_dbc
country,br,br,Brazil,BR,Brazil,D021,Dengue,登革热,Viral,2018-03-01,2018-03,34227,8556.75,0,16.606401888496308,wpp_computed,,sinan_datasus,Brazil DATASUS SINAN,http://siab.datasus.gov.br/DATASUS/index.php?acao=41&area=0901&item=1,ftp_dbc,sinan_datasus,Brazil DATASUS SINAN,http://siab.datasus.gov.br/DATASUS/index.php?acao=41&area=0901&item=1,ftp_dbc
country,br,br,Brazil,BR,Brazil,D025,Tuberculosis,肺结核,Bacterial,2018-03-01,2018-03,7540,1885.0,0,3.6582893691898835,wpp_computed,,sinan_datasus,Brazil DATASUS SINAN,http://siab.datasus.gov.br/DATASUS/index.php?acao=41&area=0901&item=1,ftp_dbc,sinan_datasus,Brazil DATASUS SINAN,http://siab.datasus.gov.br/DATASUS/index.php?acao=41&area=0901&item=1,ftp_dbc
country,br,br,Brazil,BR,Brazil,D028,Pertussis,百日咳,Bacterial,2018-03-01,2018-03,562,140.5,0,0.2726735577565934,wpp_computed,,sinan_datasus,Brazil DATASUS SINAN,http://siab.datasus.gov.br/DATASUS/index.php?acao=41&area=0901&item=1,ftp_dbc,sinan_datasus,Brazil DATASUS SINAN,http://siab.datasus.gov.br/DATASUS/index.php?acao=41&area=0901&item=1,ftp_dbc
country,br,br,Brazil,BR,Brazil,D029,Diphtheria,白喉,Bacterial,2018-03-01,2018-03,2,0.5,0,0.0009703685329416137,wpp_computed,,sinan_datasus,Brazil DATASUS SINAN,http://siab.datasus.gov.br/DATASUS/index.php?acao=41&area=0901&item=1,ftp_dbc,sinan_datasus,Brazil DATASUS SINAN,http://siab.datasus.gov.br/DATASUS/index.php?acao=41&area=0901&item=1,ftp_dbc
country,br,br,Brazil,BR,Brazil,D035,Leptospirosis,钩端螺旋体病,Bacterial,2018-03-01,2018-03,2209,552.25,0,1.0717720446340122,wpp_computed,,sinan_datasus,Brazil DATASUS SINAN,http://siab.datasus.gov.br/DATASUS/index.php?acao=41&area=0901&item=1,ftp_dbc,sinan_datasus,Brazil DATASUS SINAN,http://siab.datasus.gov.br/DATASUS/index.php?acao=41&area=0901&item=1,ftp_dbc
country,br,br,Brazil,BR,Brazil,D036,Schistosomiasis,血吸虫病,Parasitic,2018-03-01,2018-03,373,93.25,0,0.18097373139361095,wpp_computed,,sinan_datasus,Brazil DATASUS SINAN,http://siab.datasus.gov.br/DATASUS/index.php?acao=41&area=0901&item=1,ftp_dbc,sinan_datasus,Brazil DATASUS SINAN,http://siab.datasus.gov.br/DATASUS/index.php?acao=41&area=0901&item=1,ftp_dbc
country,br,br,Brazil,BR,Brazil,D037,Malaria,疟疾,Parasitic,2018-03-01,2018-03,569,142.25,0,0.2760698476218891,wpp_computed,,sinan_datasus,Brazil DATASUS SINAN,http://siab.datasus.gov.br/DATASUS/index.php?acao=41&area=0901&item=1,ftp_dbc,sinan_datasus,Brazil DATASUS SINAN,http://siab.datasus.gov.br/DATASUS/index.php?acao=41&area=0901&item=1,ftp_dbc
country,br,br,Brazil,BR,Brazil,D042,Leprosy,麻风病,Bacterial,2018-03-01,2018-03,3320,830.0,0,1.6108117646830786,wpp_computed,,sinan_datasus,Brazil DATASUS SINAN,http://siab.datasus.gov.br/DATASUS/index.php?acao=41&area=0901&item=1,ftp_dbc,sinan_datasus,Brazil DATASUS SINAN,http://siab.datasus.gov.br/DATASUS/index.php?acao=41&area=0901&item=1,ftp_dbc
country,br,br,Brazil,BR,Brazil,D044,Kala-azar,黑热病,Parasitic,2018-03-01,2018-03,967,241.75,0,0.46917318567727023,wpp_computed,,sinan_datasus,Brazil DATASUS SINAN,http://siab.datasus.gov.br/DATASUS/index.php?acao=41&area=0901&item=1,ftp_dbc,sinan_datasus,Brazil DATASUS SINAN,http://siab.datasus.gov.br/DATASUS/index.php?acao=41&area=0901&item=1,ftp_dbc
country,br,br,Brazil,BR,Brazil,D051,Zika virus disease,寨卡病毒病,Viral,2018-03-01,2018-03,2401,600.25,0,1.1649274237964071,wpp_computed,,sinan_datasus,Brazil DATASUS SINAN,http://siab.datasus.gov.br/DATASUS/index.php?acao=41&area=0901&item=1,ftp_dbc,sinan_datasus,Brazil DATASUS SINAN,http://siab.datasus.gov.br/DATASUS/index.php?acao=41&area=0901&item=1,ftp_dbc
country,br,br,Brazil,BR,Brazil,D052,Chikungunya,基孔肯雅热,Viral,2018-03-01,2018-03,15833,3958.2499999999995,0,7.681922491032284,wpp_computed,,sinan_datasus,Brazil DATASUS SINAN,http://siab.datasus.gov.br/DATASUS/index.php?acao=41&area=0901&item=1,ftp_dbc,sinan_datasus,Brazil DATASUS SINAN,http://siab.datasus.gov.br/DATASUS/index.php?acao=41&area=0901&item=1,ftp_dbc
country,br,br,Brazil,BR,Brazil,D054,Varicella,水痘,Viral,2018-03-01,2018-03,492,123.00000000000001,0,0.23871065910363698,wpp_computed,,sinan_datasus,Brazil DATASUS SINAN,http://siab.datasus.gov.br/DATASUS/index.php?acao=41&area=0901&item=1,ftp_dbc,sinan_datasus,Brazil DATASUS SINAN,http://siab.datasus.gov.br/DATASUS/index.php?acao=41&area=0901&item=1,ftp_dbc
country,br,br,Brazil,BR,Brazil,D082,Leishmaniasis,利什曼病,Parasitic,2018-03-01,2018-03,1626,406.5,0,0.7889096172815319,wpp_computed,,sinan_datasus,Brazil DATASUS SINAN,http://siab.datasus.gov.br/DATASUS/index.php?acao=41&area=0901&item=1,ftp_dbc,sinan_datasus,Brazil DATASUS SINAN,http://siab.datasus.gov.br/DATASUS/index.php?acao=41&area=0901&item=1,ftp_dbc
country,br,br,Brazil,BR,Brazil,D084,Chagas disease,恰加斯病,Parasitic,2018-03-01,2018-03,324,81.0,0,0.1571997023365414,wpp_computed,,sinan_datasus,Brazil DATASUS SINAN,http://siab.datasus.gov.br/DATASUS/index.php?acao=41&area=0901&item=1,ftp_dbc,sinan_datasus,Brazil DATASUS SINAN,http://siab.datasus.gov.br/DATASUS/index.php?acao=41&area=0901&item=1,ftp_dbc
country,br,br,Brazil,BR,Brazil,D118,Spotted fever rickettsiosis,斑点热立克次体病,Bacterial,2018-03-01,2018-03,203,50.75,0,0.09849240609357379,wpp_computed,,sinan_datasus,Brazil DATASUS SINAN,http://siab.datasus.gov.br/DATASUS/index.php?acao=41&area=0901&item=1,ftp_dbc,sinan_datasus,Brazil DATASUS SINAN,http://siab.datasus.gov.br/DATASUS/index.php?acao=41&area=0901&item=1,ftp_dbc
country,br,br,Brazil,BR,Brazil,D120,Tetanus,破伤风,Bacterial,2018-03-01,2018-03,22,5.5,0,0.01067405386235775,wpp_computed,,sinan_datasus,Brazil DATASUS SINAN,http://siab.datasus.gov.br/DATASUS/index.php?acao=41&area=0901&item=1,ftp_dbc,sinan_datasus,Brazil DATASUS SINAN,http://siab.datasus.gov.br/DATASUS/index.php?acao=41&area=0901&item=1,ftp_dbc
country,br,br,Brazil,BR,Brazil,D124,Typhoid fever,伤寒,Bacterial,2018-03-01,2018-03,44,11.0,0,0.0213481077247155,wpp_computed,,sinan_datasus,Brazil DATASUS SINAN,http://siab.datasus.gov.br/DATASUS/index.php?acao=41&area=0901&item=1,ftp_dbc,sinan_datasus,Brazil DATASUS SINAN,http://siab.datasus.gov.br/DATASUS/index.php?acao=41&area=0901&item=1,ftp_dbc
country,br,br,Brazil,BR,Brazil,D144,Creutzfeldt-Jakob disease,克雅氏病,Prion,2018-03-01,2018-03,13,3.25,0,0.006307395464120489,wpp_computed,,sinan_datasus,Brazil DATASUS SINAN,http://siab.datasus.gov.br/DATASUS/index.php?acao=41&area=0901&item=1,ftp_dbc,sinan_datasus,Brazil DATASUS SINAN,http://siab.datasus.gov.br/DATASUS/index.php?acao=41&area=0901&item=1,ftp_dbc
country,br,br,Brazil,BR,Brazil,D162,HIV infection,人类免疫缺乏病毒感染,Viral,2018-03-01,2018-03,4431,1107.75,0,2.149851484732145,wpp_computed,,sinan_datasus,Brazil DATASUS SINAN,http://siab.datasus.gov.br/DATASUS/index.php?acao=41&area=0901&item=1,ftp_dbc,sinan_datasus,Brazil DATASUS SINAN,http://siab.datasus.gov.br/DATASUS/index.php?acao=41&area=0901&item=1,ftp_dbc
country,br,br,Brazil,BR,Brazil,D168,Congenital rubella syndrome,先天性风疹综合征,Viral,2018-03-01,2018-03,1,0.25,0,0.00048518426647080684,wpp_computed,,sinan_datasus,Brazil DATASUS SINAN,http://siab.datasus.gov.br/DATASUS/index.php?acao=41&area=0901&item=1,ftp_dbc,sinan_datasus,Brazil DATASUS SINAN,http://siab.datasus.gov.br/DATASUS/index.php?acao=41&area=0901&item=1,ftp_dbc
country,br,br,Brazil,BR,Brazil,D178,Acute flaccid paralysis,急性无力肢体麻痹,Other,2018-03-01,2018-03,55,13.75,0,0.026685134655894376,wpp_computed,,sinan_datasus,Brazil DATASUS SINAN,http://siab.datasus.gov.br/DATASUS/index.php?acao=41&area=0901&item=1,ftp_dbc,sinan_datasus,Brazil DATASUS SINAN,http://siab.datasus.gov.br/DATASUS/index.php?acao=41&area=0901&item=1,ftp_dbc
country,br,br,Brazil,BR,Brazil,D184,Accident caused by venomous animals,毒性动物伤害,Other,2018-03-01,2018-03,24196,6049.0,0,11.739518511527642,wpp_computed,,sinan_datasus,Brazil DATASUS SINAN,http://siab.datasus.gov.br/DATASUS/index.php?acao=41&area=0901&item=1,ftp_dbc,sinan_datasus,Brazil DATASUS SINAN,http://siab.datasus.gov.br/DATASUS/index.php?acao=41&area=0901&item=1,ftp_dbc
country,br,br,Brazil,BR,Brazil,D185,Work accident with biological material,生物材料职业暴露事故,Other,2018-03-01,2018-03,5510,1377.5,0,2.6733653082541458,wpp_computed,,sinan_datasus,Brazil DATASUS SINAN,http://siab.datasus.gov.br/DATASUS/index.php?acao=41&area=0901&item=1,ftp_dbc,sinan_datasus,Brazil DATASUS SINAN,http://siab.datasus.gov.br/DATASUS/index.php?acao=41&area=0901&item=1,ftp_dbc
country,br,br,Brazil,BR,Brazil,D186,Serious work accident,严重工伤,Other,2018-03-01,2018-03,8548,2137.0,0,4.147355109792456,wpp_computed,,sinan_datasus,Brazil DATASUS SINAN,http://siab.datasus.gov.br/DATASUS/index.php?acao=41&area=0901&item=1,ftp_dbc,sinan_datasus,Brazil DATASUS SINAN,http://siab.datasus.gov.br/DATASUS/index.php?acao=41&area=0901&item=1,ftp_dbc
country,br,br,Brazil,BR,Brazil,D187,Rabies post-exposure prophylaxis,狂犬病暴露后处置,Other,2018-03-01,2018-03,57105,14276.25,0,27.70644753681542,wpp_computed,,sinan_datasus,Brazil DATASUS SINAN,http://siab.datasus.gov.br/DATASUS/index.php?acao=41&area=0901&item=1,ftp_dbc,sinan_datasus,Brazil DATASUS SINAN,http://siab.datasus.gov.br/DATASUS/index.php?acao=41&area=0901&item=1,ftp_dbc
country,br,br,Brazil,BR,Brazil,D188,Work-related cancer,职业相关癌症,Other,2018-03-01,2018-03,47,11.75,0,0.02280366052412792,wpp_computed,,sinan_datasus,Brazil DATASUS SINAN,http://siab.datasus.gov.br/DATASUS/index.php?acao=41&area=0901&item=1,ftp_dbc,sinan_datasus,Brazil DATASUS SINAN,http://siab.datasus.gov.br/DATASUS/index.php?acao=41&area=0901&item=1,ftp_dbc
country,br,br,Brazil,BR,Brazil,D189,Work-related dermatosis,职业性皮肤病,Other,2018-03-01,2018-03,25,6.25,0,0.012129606661770173,wpp_computed,,sinan_datasus,Brazil DATASUS SINAN,http://siab.datasus.gov.br/DATASUS/index.php?acao=41&area=0901&item=1,ftp_dbc,sinan_datasus,Brazil DATASUS SINAN,http://siab.datasus.gov.br/DATASUS/index.php?acao=41&area=0901&item=1,ftp_dbc
country,br,br,Brazil,BR,Brazil,D190,Sporotrichosis,孢子丝菌病,Fungal,2018-03-01,2018-03,89,22.25,0,0.04318139971590181,wpp_computed,,sinan_datasus,Brazil DATASUS SINAN,http://siab.datasus.gov.br/DATASUS/index.php?acao=41&area=0901&item=1,ftp_dbc,sinan_datasus,Brazil DATASUS SINAN,http://siab.datasus.gov.br/DATASUS/index.php?acao=41&area=0901&item=1,ftp_dbc
country,br,br,Brazil,BR,Brazil,D191,Exogenous poisoning,外源性中毒,Other,2018-03-01,2018-03,13120,3280.0,0,6.3656175760969855,wpp_computed,,sinan_datasus,Brazil DATASUS SINAN,http://siab.datasus.gov.br/DATASUS/index.php?acao=41&area=0901&item=1,ftp_dbc,sinan_datasus,Brazil DATASUS SINAN,http://siab.datasus.gov.br/DATASUS/index.php?acao=41&area=0901&item=1,ftp_dbc
country,br,br,Brazil,BR,Brazil,D192,Work-related repetitive strain injury,职业相关重复性劳损,Other,2018-03-01,2018-03,839,209.75,0,0.4070695995690069,wpp_computed,,sinan_datasus,Brazil DATASUS SINAN,http://siab.datasus.gov.br/DATASUS/index.php?acao=41&area=0901&item=1,ftp_dbc,sinan_datasus,Brazil DATASUS SINAN,http://siab.datasus.gov.br/DATASUS/index.php?acao=41&area=0901&item=1,ftp_dbc
country,br,br,Brazil,BR,Brazil,D193,Work-related mental disorder,职业相关精神障碍,Other,2018-03-01,2018-03,149,37.25,0,0.07229245570415022,wpp_computed,,sinan_datasus,Brazil DATASUS SINAN,http://siab.datasus.gov.br/DATASUS/index.php?acao=41&area=0901&item=1,ftp_dbc,sinan_datasus,Brazil DATASUS SINAN,http://siab.datasus.gov.br/DATASUS/index.php?acao=41&area=0901&item=1,ftp_dbc
country,br,br,Brazil,BR,Brazil,D194,Noise-induced hearing loss,噪声性听力损失,Other,2018-03-01,2018-03,70,17.5,0,0.03396289865295648,wpp_computed,,sinan_datasus,Brazil DATASUS SINAN,http://siab.datasus.gov.br/DATASUS/index.php?acao=41&area=0901&item=1,ftp_dbc,sinan_datasus,Brazil DATASUS SINAN,http://siab.datasus.gov.br/DATASUS/index.php?acao=41&area=0901&item=1,ftp_dbc
country,br,br,Brazil,BR,Brazil,D195,Pneumoconiosis,尘肺病,Other,2018-03-01,2018-03,76,19.0,0,0.03687400425178132,wpp_computed,,sinan_datasus,Brazil DATASUS SINAN,http://siab.datasus.gov.br/DATASUS/index.php?acao=41&area=0901&item=1,ftp_dbc,sinan_datasus,Brazil DATASUS SINAN,http://siab.datasus.gov.br/DATASUS/index.php?acao=41&area=0901&item=1,ftp_dbc
country,br,br,Brazil,BR,Brazil,D196,Foodborne disease outbreak,食源性疾病暴发,Bacterial,2018-03-01,2018-03,73,18.25,0,0.0354184514523689,wpp_computed,,sinan_datasus,Brazil DATASUS SINAN,http://siab.datasus.gov.br/DATASUS/index.php?acao=41&area=0901&item=1,ftp_dbc,sinan_datasus,Brazil DATASUS SINAN,http://siab.datasus.gov.br/DATASUS/index.php?acao=41&area=0901&item=1,ftp_dbc
country,br,br,Brazil,BR,Brazil,D199,Rotavirus infection,轮状病毒感染,Viral,2018-03-01,2018-03,124,31.0,0,0.06016284904238004,wpp_computed,,sinan_datasus,Brazil DATASUS SINAN,http://siab.datasus.gov.br/DATASUS/index.php?acao=41&area=0901&item=1,ftp_dbc,sinan_datasus,Brazil DATASUS SINAN,http://siab.datasus.gov.br/DATASUS/index.php?acao=41&area=0901&item=1,ftp_dbc
country,br,br,Brazil,BR,Brazil,D200,Trachoma,沙眼,Bacterial,2018-03-01,2018-03,1145,286.25,0,0.5555359851090738,wpp_computed,,sinan_datasus,Brazil DATASUS SINAN,http://siab.datasus.gov.br/DATASUS/index.php?acao=41&area=0901&item=1,ftp_dbc,sinan_datasus,Brazil DATASUS SINAN,http://siab.datasus.gov.br/DATASUS/index.php?acao=41&area=0901&item=1,ftp_dbc
country,br,br,Brazil,BR,Brazil,D201,Exanthematous diseases,出疹性疾病,Viral,2018-03-01,2018-03,501,125.25,0,0.24307731750187422,wpp_computed,,sinan_datasus,Brazil DATASUS SINAN,http://siab.datasus.gov.br/DATASUS/index.php?acao=41&area=0901&item=1,ftp_dbc,sinan_datasus,Brazil DATASUS SINAN,http://siab.datasus.gov.br/DATASUS/index.php?acao=41&area=0901&item=1,ftp_dbc
country,br,br,Brazil,BR,Brazil,D202,Domestic sexual and other violence,家庭/性及其他暴力,Other,2018-03-01,2018-03,28906,7226.5,0,14.024736406605141,wpp_computed,,sinan_datasus,Brazil DATASUS SINAN,http://siab.datasus.gov.br/DATASUS/index.php?acao=41&area=0901&item=1,ftp_dbc,sinan_datasus,Brazil DATASUS SINAN,http://siab.datasus.gov.br/DATASUS/index.php?acao=41&area=0901&item=1,ftp_dbc
country,br,br,Brazil,BR,Brazil,D230,Child exposed to HIV,儿童HIV暴露,Other,2018-03-01,2018-03,664,166.0,0,0.3221623529366157,wpp_computed,,sinan_datasus,Brazil DATASUS SINAN,http://siab.datasus.gov.br/DATASUS/index.php?acao=41&area=0901&item=1,ftp_dbc,sinan_datasus,Brazil DATASUS SINAN,http://siab.datasus.gov.br/DATASUS/index.php?acao=41&area=0901&item=1,ftp_dbc
country,br,br,Brazil,BR,Brazil,D231,HIV infection in pregnancy surveillance event,孕产期HIV感染监测事件,Viral,2018-03-01,2018-03,794,198.5,0,0.3852363075778206,wpp_computed,,sinan_datasus,Brazil DATASUS SINAN,http://siab.datasus.gov.br/DATASUS/index.php?acao=41&area=0901&item=1,ftp_dbc,sinan_datasus,Brazil DATASUS SINAN,http://siab.datasus.gov.br/DATASUS/index.php?acao=41&area=0901&item=1,ftp_dbc
country,br,br,Brazil,BR,Brazil,D235,Meningitis (all reported etiologies),脑膜炎（全部报告病因）,Other,2018-03-01,2018-03,2457,614.25,0,1.1920977427187724,wpp_computed,,sinan_datasus,Brazil DATASUS SINAN,http://siab.datasus.gov.br/DATASUS/index.php?acao=41&area=0901&item=1,ftp_dbc,sinan_datasus,Brazil DATASUS SINAN,http://siab.datasus.gov.br/DATASUS/index.php?acao=41&area=0901&item=1,ftp_dbc
country,br,br,Brazil,BR,Brazil,D005,AIDS,艾滋病,Viral,2018-04-01,2018-04,3530,797.0967741935484,0,1.712700460641948,wpp_computed,,sinan_datasus,Brazil DATASUS SINAN,http://siab.datasus.gov.br/DATASUS/index.php?acao=41&area=0901&item=1,ftp_dbc,sinan_datasus,Brazil DATASUS SINAN,http://siab.datasus.gov.br/DATASUS/index.php?acao=41&area=0901&item=1,ftp_dbc
country,br,br,Brazil,BR,Brazil,D021,Dengue,登革热,Viral,2018-04-01,2018-04,45784,10338.322580645163,0,22.213676456099417,wpp_computed,,sinan_datasus,Brazil DATASUS SINAN,http://siab.datasus.gov.br/DATASUS/index.php?acao=41&area=0901&item=1,ftp_dbc,sinan_datasus,Brazil DATASUS SINAN,http://siab.datasus.gov.br/DATASUS/index.php?acao=41&area=0901&item=1,ftp_dbc
country,br,br,Brazil,BR,Brazil,D025,Tuberculosis,肺结核,Bacterial,2018-04-01,2018-04,7856,1773.9354838709676,0,3.8116075973946586,wpp_computed,,sinan_datasus,Brazil DATASUS SINAN,http://siab.datasus.gov.br/DATASUS/index.php?acao=41&area=0901&item=1,ftp_dbc,sinan_datasus,Brazil DATASUS SINAN,http://siab.datasus.gov.br/DATASUS/index.php?acao=41&area=0901&item=1,ftp_dbc
country,br,br,Brazil,BR,Brazil,D028,Pertussis,百日咳,Bacterial,2018-04-01,2018-04,695,156.93548387096774,0,0.33720306519721077,wpp_computed,,sinan_datasus,Brazil DATASUS SINAN,http://siab.datasus.gov.br/DATASUS/index.php?acao=41&area=0901&item=1,ftp_dbc,sinan_datasus,Brazil DATASUS SINAN,http://siab.datasus.gov.br/DATASUS/index.php?acao=41&area=0901&item=1,ftp_dbc
country,br,br,Brazil,BR,Brazil,D029,Diphtheria,白喉,Bacterial,2018-04-01,2018-04,2,0.45161290322580644,0,0.0009703685329416137,wpp_computed,,sinan_datasus,Brazil DATASUS SINAN,http://siab.datasus.gov.br/DATASUS/index.php?acao=41&area=0901&item=1,ftp_dbc,sinan_datasus,Brazil DATASUS SINAN,http://siab.datasus.gov.br/DATASUS/index.php?acao=41&area=0901&item=1,ftp_dbc
country,br,br,Brazil,BR,Brazil,D035,Leptospirosis,钩端螺旋体病,Bacterial,2018-04-01,2018-04,1985,448.2258064516129,0,0.9630907689445516,wpp_computed,,sinan_datasus,Brazil DATASUS SINAN,http://siab.datasus.gov.br/DATASUS/index.php?acao=41&area=0901&item=1,ftp_dbc,sinan_datasus,Brazil DATASUS SINAN,http://siab.datasus.gov.br/DATASUS/index.php?acao=41&area=0901&item=1,ftp_dbc
country,br,br,Brazil,BR,Brazil,D036,Schistosomiasis,血吸虫病,Parasitic,2018-04-01,2018-04,406,91.67741935483872,0,0.19698481218714758,wpp_computed,,sinan_datasus,Brazil DATASUS SINAN,http://siab.datasus.gov.br/DATASUS/index.php?acao=41&area=0901&item=1,ftp_dbc,sinan_datasus,Brazil DATASUS SINAN,http://siab.datasus.gov.br/DATASUS/index.php?acao=41&area=0901&item=1,ftp_dbc
country,br,br,Brazil,BR,Brazil,D037,Malaria,疟疾,Parasitic,2018-04-01,2018-04,283,63.903225806451616,0,0.13730714741123834,wpp_computed,,sinan_datasus,Brazil DATASUS SINAN,http://siab.datasus.gov.br/DATASUS/index.php?acao=41&area=0901&item=1,ftp_dbc,sinan_datasus,Brazil DATASUS SINAN,http://siab.datasus.gov.br/DATASUS/index.php?acao=41&area=0901&item=1,ftp_dbc
country,br,br,Brazil,BR,Brazil,D042,Leprosy,麻风病,Bacterial,2018-04-01,2018-04,3206,723.9354838709678,0,1.5555007583054068,wpp_computed,,sinan_datasus,Brazil DATASUS SINAN,http://siab.datasus.gov.br/DATASUS/index.php?acao=41&area=0901&item=1,ftp_dbc,sinan_datasus,Brazil DATASUS SINAN,http://siab.datasus.gov.br/DATASUS/index.php?acao=41&area=0901&item=1,ftp_dbc
country,br,br,Brazil,BR,Brazil,D044,Kala-azar,黑热病,Parasitic,2018-04-01,2018-04,966,218.1290322580645,0,0.46868800141079936,wpp_computed,,sinan_datasus,Brazil DATASUS SINAN,http://siab.datasus.gov.br/DATASUS/index.php?acao=41&area=0901&item=1,ftp_dbc,sinan_datasus,Brazil DATASUS SINAN,http://siab.datasus.gov.br/DATASUS/index.php?acao=41&area=0901&item=1,ftp_dbc
country,br,br,Brazil,BR,Brazil,D051,Zika virus disease,寨卡病毒病,Viral,2018-04-01,2018-04,3007,679.0,0,1.4589490892777162,wpp_computed,,sinan_datasus,Brazil DATASUS SINAN,http://siab.datasus.gov.br/DATASUS/index.php?acao=41&area=0901&item=1,ftp_dbc,sinan_datasus,Brazil DATASUS SINAN,http://siab.datasus.gov.br/DATASUS/index.php?acao=41&area=0901&item=1,ftp_dbc
country,br,br,Brazil,BR,Brazil,D052,Chikungunya,基孔肯雅热,Viral,2018-04-01,2018-04,19872,4487.225806451613,0,9.641581743307874,wpp_computed,,sinan_datasus,Brazil DATASUS SINAN,http://siab.datasus.gov.br/DATASUS/index.php?acao=41&area=0901&item=1,ftp_dbc,sinan_datasus,Brazil DATASUS SINAN,http://siab.datasus.gov.br/DATASUS/index.php?acao=41&area=0901&item=1,ftp_dbc
country,br,br,Brazil,BR,Brazil,D054,Varicella,水痘,Viral,2018-04-01,2018-04,522,117.87096774193549,0,0.25326618709776116,wpp_computed,,sinan_datasus,Brazil DATASUS SINAN,http://siab.datasus.gov.br/DATASUS/index.php?acao=41&area=0901&item=1,ftp_dbc,sinan_datasus,Brazil DATASUS SINAN,http://siab.datasus.gov.br/DATASUS/index.php?acao=41&area=0901&item=1,ftp_dbc
country,br,br,Brazil,BR,Brazil,D082,Leishmaniasis,利什曼病,Parasitic,2018-04-01,2018-04,1570,354.5161290322581,0,0.7617392983591668,wpp_computed,,sinan_datasus,Brazil DATASUS SINAN,http://siab.datasus.gov.br/DATASUS/index.php?acao=41&area=0901&item=1,ftp_dbc,sinan_datasus,Brazil DATASUS SINAN,http://siab.datasus.gov.br/DATASUS/index.php?acao=41&area=0901&item=1,ftp_dbc
country,br,br,Brazil,BR,Brazil,D084,Chagas disease,恰加斯病,Parasitic,2018-04-01,2018-04,312,70.45161290322581,0,0.15137749113889173,wpp_computed,,sinan_datasus,Brazil DATASUS SINAN,http://siab.datasus.gov.br/DATASUS/index.php?acao=41&area=0901&item=1,ftp_dbc,sinan_datasus,Brazil DATASUS SINAN,http://siab.datasus.gov.br/DATASUS/index.php?acao=41&area=0901&item=1,ftp_dbc
country,br,br,Brazil,BR,Brazil,D118,Spotted fever rickettsiosis,斑点热立克次体病,Bacterial,2018-04-01,2018-04,147,33.193548387096776,0,0.0713220871712086,wpp_computed,,sinan_datasus,Brazil DATASUS SINAN,http://siab.datasus.gov.br/DATASUS/index.php?acao=41&area=0901&item=1,ftp_dbc,sinan_datasus,Brazil DATASUS SINAN,http://siab.datasus.gov.br/DATASUS/index.php?acao=41&area=0901&item=1,ftp_dbc
country,br,br,Brazil,BR,Brazil,D120,Tetanus,破伤风,Bacterial,2018-04-01,2018-04,24,5.419354838709677,0,0.011644422395299364,wpp_computed,,sinan_datasus,Brazil DATASUS SINAN,http://siab.datasus.gov.br/DATASUS/index.php?acao=41&area=0901&item=1,ftp_dbc,sinan_datasus,Brazil DATASUS SINAN,http://siab.datasus.gov.br/DATASUS/index.php?acao=41&area=0901&item=1,ftp_dbc
country,br,br,Brazil,BR,Brazil,D124,Typhoid fever,伤寒,Bacterial,2018-04-01,2018-04,29,6.548387096774193,0,0.014070343727653398,wpp_computed,,sinan_datasus,Brazil DATASUS SINAN,http://siab.datasus.gov.br/DATASUS/index.php?acao=41&area=0901&item=1,ftp_dbc,sinan_datasus,Brazil DATASUS SINAN,http://siab.datasus.gov.br/DATASUS/index.php?acao=41&area=0901&item=1,ftp_dbc
country,br,br,Brazil,BR,Brazil,D144,Creutzfeldt-Jakob disease,克雅氏病,Prion,2018-04-01,2018-04,8,1.8064516129032258,0,0.0038814741317664547,wpp_computed,,sinan_datasus,Brazil DATASUS SINAN,http://siab.datasus.gov.br/DATASUS/index.php?acao=41&area=0901&item=1,ftp_dbc,sinan_datasus,Brazil DATASUS SINAN,http://siab.datasus.gov.br/DATASUS/index.php?acao=41&area=0901&item=1,ftp_dbc
country,br,br,Brazil,BR,Brazil,D162,HIV infection,人类免疫缺乏病毒感染,Viral,2018-04-01,2018-04,4346,981.3548387096773,0,2.1086108220821265,wpp_computed,,sinan_datasus,Brazil DATASUS SINAN,http://siab.datasus.gov.br/DATASUS/index.php?acao=41&area=0901&item=1,ftp_dbc,sinan_datasus,Brazil DATASUS SINAN,http://siab.datasus.gov.br/DATASUS/index.php?acao=41&area=0901&item=1,ftp_dbc
country,br,br,Brazil,BR,Brazil,D168,Congenital rubella syndrome,先天性风疹综合征,Viral,2018-04-01,2018-04,4,0.9032258064516129,0,0.0019407370658832274,wpp_computed,,sinan_datasus,Brazil DATASUS SINAN,http://siab.datasus.gov.br/DATASUS/index.php?acao=41&area=0901&item=1,ftp_dbc,sinan_datasus,Brazil DATASUS SINAN,http://siab.datasus.gov.br/DATASUS/index.php?acao=41&area=0901&item=1,ftp_dbc
country,br,br,Brazil,BR,Brazil,D178,Acute flaccid paralysis,急性无力肢体麻痹,Other,2018-04-01,2018-04,44,9.935483870967742,0,0.0213481077247155,wpp_computed,,sinan_datasus,Brazil DATASUS SINAN,http://siab.datasus.gov.br/DATASUS/index.php?acao=41&area=0901&item=1,ftp_dbc,sinan_datasus,Brazil DATASUS SINAN,http://siab.datasus.gov.br/DATASUS/index.php?acao=41&area=0901&item=1,ftp_dbc
country,br,br,Brazil,BR,Brazil,D184,Accident caused by venomous animals,毒性动物伤害,Other,2018-04-01,2018-04,21994,4966.387096774193,0,10.671142756758925,wpp_computed,,sinan_datasus,Brazil DATASUS SINAN,http://siab.datasus.gov.br/DATASUS/index.php?acao=41&area=0901&item=1,ftp_dbc,sinan_datasus,Brazil DATASUS SINAN,http://siab.datasus.gov.br/DATASUS/index.php?acao=41&area=0901&item=1,ftp_dbc
country,br,br,Brazil,BR,Brazil,D185,Work accident with biological material,生物材料职业暴露事故,Other,2018-04-01,2018-04,5511,1244.4193548387098,0,2.6738504925206166,wpp_computed,,sinan_datasus,Brazil DATASUS SINAN,http://siab.datasus.gov.br/DATASUS/index.php?acao=41&area=0901&item=1,ftp_dbc,sinan_datasus,Brazil DATASUS SINAN,http://siab.datasus.gov.br/DATASUS/index.php?acao=41&area=0901&item=1,ftp_dbc
country,br,br,Brazil,BR,Brazil,D186,Serious work accident,严重工伤,Other,2018-04-01,2018-04,8304,1875.0967741935483,0,4.02897014877358,wpp_computed,,sinan_datasus,Brazil DATASUS SINAN,http://siab.datasus.gov.br/DATASUS/index.php?acao=41&area=0901&item=1,ftp_dbc,sinan_datasus,Brazil DATASUS SINAN,http://siab.datasus.gov.br/DATASUS/index.php?acao=41&area=0901&item=1,ftp_dbc
country,br,br,Brazil,BR,Brazil,D187,Rabies post-exposure prophylaxis,狂犬病暴露后处置,Other,2018-04-01,2018-04,55216,12468.129032258064,0,26.78993445745207,wpp_computed,,sinan_datasus,Brazil DATASUS SINAN,http://siab.datasus.gov.br/DATASUS/index.php?acao=41&area=0901&item=1,ftp_dbc,sinan_datasus,Brazil DATASUS SINAN,http://siab.datasus.gov.br/DATASUS/index.php?acao=41&area=0901&item=1,ftp_dbc
country,br,br,Brazil,BR,Brazil,D188,Work-related cancer,职业相关癌症,Other,2018-04-01,2018-04,35,7.903225806451614,0,0.01698144932647824,wpp_computed,,sinan_datasus,Brazil DATASUS SINAN,http://siab.datasus.gov.br/DATASUS/index.php?acao=41&area=0901&item=1,ftp_dbc,sinan_datasus,Brazil DATASUS SINAN,http://siab.datasus.gov.br/DATASUS/index.php?acao=41&area=0901&item=1,ftp_dbc
country,br,br,Brazil,BR,Brazil,D189,Work-related dermatosis,职业性皮肤病,Other,2018-04-01,2018-04,29,6.548387096774193,0,0.014070343727653398,wpp_computed,,sinan_datasus,Brazil DATASUS SINAN,http://siab.datasus.gov.br/DATASUS/index.php?acao=41&area=0901&item=1,ftp_dbc,sinan_datasus,Brazil DATASUS SINAN,http://siab.datasus.gov.br/DATASUS/index.php?acao=41&area=0901&item=1,ftp_dbc
country,br,br,Brazil,BR,Brazil,D190,Sporotrichosis,孢子丝菌病,Fungal,2018-04-01,2018-04,86,19.41935483870968,0,0.04172584691648939,wpp_computed,,sinan_datasus,Brazil DATASUS SINAN,http://siab.datasus.gov.br/DATASUS/index.php?acao=41&area=0901&item=1,ftp_dbc,sinan_datasus,Brazil DATASUS SINAN,http://siab.datasus.gov.br/DATASUS/index.php?acao=41&area=0901&item=1,ftp_dbc
country,br,br,Brazil,BR,Brazil,D191,Exogenous poisoning,外源性中毒,Other,2018-04-01,2018-04,11978,2704.7096774193546,0,5.811537143787325,wpp_computed,,sinan_datasus,Brazil DATASUS SINAN,http://siab.datasus.gov.br/DATASUS/index.php?acao=41&area=0901&item=1,ftp_dbc,sinan_datasus,Brazil DATASUS SINAN,http://siab.datasus.gov.br/DATASUS/index.php?acao=41&area=0901&item=1,ftp_dbc
country,br,br,Brazil,BR,Brazil,D192,Work-related repetitive strain injury,职业相关重复性劳损,Other,2018-04-01,2018-04,914,206.38709677419354,0,0.4434584195543175,wpp_computed,,sinan_datasus,Brazil DATASUS SINAN,http://siab.datasus.gov.br/DATASUS/index.php?acao=41&area=0901&item=1,ftp_dbc,sinan_datasus,Brazil DATASUS SINAN,http://siab.datasus.gov.br/DATASUS/index.php?acao=41&area=0901&item=1,ftp_dbc
country,br,br,Brazil,BR,Brazil,D193,Work-related mental disorder,职业相关精神障碍,Other,2018-04-01,2018-04,204,46.06451612903226,0,0.0989775903600446,wpp_computed,,sinan_datasus,Brazil DATASUS SINAN,http://siab.datasus.gov.br/DATASUS/index.php?acao=41&area=0901&item=1,ftp_dbc,sinan_datasus,Brazil DATASUS SINAN,http://siab.datasus.gov.br/DATASUS/index.php?acao=41&area=0901&item=1,ftp_dbc
country,br,br,Brazil,BR,Brazil,D194,Noise-induced hearing loss,噪声性听力损失,Other,2018-04-01,2018-04,67,15.129032258064516,0,0.03250734585354406,wpp_computed,,sinan_datasus,Brazil DATASUS SINAN,http://siab.datasus.gov.br/DATASUS/index.php?acao=41&area=0901&item=1,ftp_dbc,sinan_datasus,Brazil DATASUS SINAN,http://siab.datasus.gov.br/DATASUS/index.php?acao=41&area=0901&item=1,ftp_dbc
country,br,br,Brazil,BR,Brazil,D195,Pneumoconiosis,尘肺病,Other,2018-04-01,2018-04,26,5.870967741935484,0,0.012614790928240978,wpp_computed,,sinan_datasus,Brazil DATASUS SINAN,http://siab.datasus.gov.br/DATASUS/index.php?acao=41&area=0901&item=1,ftp_dbc,sinan_datasus,Brazil DATASUS SINAN,http://siab.datasus.gov.br/DATASUS/index.php?acao=41&area=0901&item=1,ftp_dbc
country,br,br,Brazil,BR,Brazil,D196,Foodborne disease outbreak,食源性疾病暴发,Bacterial,2018-04-01,2018-04,51,11.516129032258066,0,0.02474439759001115,wpp_computed,,sinan_datasus,Brazil DATASUS SINAN,http://siab.datasus.gov.br/DATASUS/index.php?acao=41&area=0901&item=1,ftp_dbc,sinan_datasus,Brazil DATASUS SINAN,http://siab.datasus.gov.br/DATASUS/index.php?acao=41&area=0901&item=1,ftp_dbc
country,br,br,Brazil,BR,Brazil,D199,Rotavirus infection,轮状病毒感染,Viral,2018-04-01,2018-04,59,13.322580645161292,0,0.0286258717217776,wpp_computed,,sinan_datasus,Brazil DATASUS SINAN,http://siab.datasus.gov.br/DATASUS/index.php?acao=41&area=0901&item=1,ftp_dbc,sinan_datasus,Brazil DATASUS SINAN,http://siab.datasus.gov.br/DATASUS/index.php?acao=41&area=0901&item=1,ftp_dbc
country,br,br,Brazil,BR,Brazil,D200,Trachoma,沙眼,Bacterial,2018-04-01,2018-04,1876,423.61290322580646,0,0.9102056838992336,wpp_computed,,sinan_datasus,Brazil DATASUS SINAN,http://siab.datasus.gov.br/DATASUS/index.php?acao=41&area=0901&item=1,ftp_dbc,sinan_datasus,Brazil DATASUS SINAN,http://siab.datasus.gov.br/DATASUS/index.php?acao=41&area=0901&item=1,ftp_dbc
country,br,br,Brazil,BR,Brazil,D201,Exanthematous diseases,出疹性疾病,Viral,2018-04-01,2018-04,603,136.16129032258067,0,0.29256611268189653,wpp_computed,,sinan_datasus,Brazil DATASUS SINAN,http://siab.datasus.gov.br/DATASUS/index.php?acao=41&area=0901&item=1,ftp_dbc,sinan_datasus,Brazil DATASUS SINAN,http://siab.datasus.gov.br/DATASUS/index.php?acao=41&area=0901&item=1,ftp_dbc
country,br,br,Brazil,BR,Brazil,D202,Domestic sexual and other violence,家庭/性及其他暴力,Other,2018-04-01,2018-04,27767,6269.967741935484,0,13.472111527094892,wpp_computed,,sinan_datasus,Brazil DATASUS SINAN,http://siab.datasus.gov.br/DATASUS/index.php?acao=41&area=0901&item=1,ftp_dbc,sinan_datasus,Brazil DATASUS SINAN,http://siab.datasus.gov.br/DATASUS/index.php?acao=41&area=0901&item=1,ftp_dbc
country,br,br,Brazil,BR,Brazil,D230,Child exposed to HIV,儿童HIV暴露,Other,2018-04-01,2018-04,710,160.32258064516128,0,0.3444808291942728,wpp_computed,,sinan_datasus,Brazil DATASUS SINAN,http://siab.datasus.gov.br/DATASUS/index.php?acao=41&area=0901&item=1,ftp_dbc,sinan_datasus,Brazil DATASUS SINAN,http://siab.datasus.gov.br/DATASUS/index.php?acao=41&area=0901&item=1,ftp_dbc
country,br,br,Brazil,BR,Brazil,D231,HIV infection in pregnancy surveillance event,孕产期HIV感染监测事件,Viral,2018-04-01,2018-04,780,176.1290322580645,0,0.37844372784722935,wpp_computed,,sinan_datasus,Brazil DATASUS SINAN,http://siab.datasus.gov.br/DATASUS/index.php?acao=41&area=0901&item=1,ftp_dbc,sinan_datasus,Brazil DATASUS SINAN,http://siab.datasus.gov.br/DATASUS/index.php?acao=41&area=0901&item=1,ftp_dbc
country,br,br,Brazil,BR,Brazil,D235,Meningitis (all reported etiologies),脑膜炎（全部报告病因）,Other,2018-04-01,2018-04,2177,491.58064516129025,0,1.0562461481069465,wpp_computed,,sinan_datasus,Brazil DATASUS SINAN,http://siab.datasus.gov.br/DATASUS/index.php?acao=41&area=0901&item=1,ftp_dbc,sinan_datasus,Brazil DATASUS SINAN,http://siab.datasus.gov.br/DATASUS/index.php?acao=41&area=0901&item=1,ftp_dbc
country,br,br,Brazil,BR,Brazil,D005,AIDS,艾滋病,Viral,2018-05-01,2018-05,3440,802.6666666666667,0,1.6690338766595756,wpp_computed,,sinan_datasus,Brazil DATASUS SINAN,http://siab.datasus.gov.br/DATASUS/index.php?acao=41&area=0901&item=1,ftp_dbc,sinan_datasus,Brazil DATASUS SINAN,http://siab.datasus.gov.br/DATASUS/index.php?acao=41&area=0901&item=1,ftp_dbc
country,br,br,Brazil,BR,Brazil,D021,Dengue,登革热,Viral,2018-05-01,2018-05,41001,9566.9,0,19.89304010956955,wpp_computed,,sinan_datasus,Brazil DATASUS SINAN,http://siab.datasus.gov.br/DATASUS/index.php?acao=41&area=0901&item=1,ftp_dbc,sinan_datasus,Brazil DATASUS SINAN,http://siab.datasus.gov.br/DATASUS/index.php?acao=41&area=0901&item=1,ftp_dbc
country,br,br,Brazil,BR,Brazil,D025,Tuberculosis,肺结核,Bacterial,2018-05-01,2018-05,7743,1806.7000000000003,0,3.756781775283457,wpp_computed,,sinan_datasus,Brazil DATASUS SINAN,http://siab.datasus.gov.br/DATASUS/index.php?acao=41&area=0901&item=1,ftp_dbc,sinan_datasus,Brazil DATASUS SINAN,http://siab.datasus.gov.br/DATASUS/index.php?acao=41&area=0901&item=1,ftp_dbc
country,br,br,Brazil,BR,Brazil,D028,Pertussis,百日咳,Bacterial,2018-05-01,2018-05,820,191.33333333333331,0,0.3978510985060616,wpp_computed,,sinan_datasus,Brazil DATASUS SINAN,http://siab.datasus.gov.br/DATASUS/index.php?acao=41&area=0901&item=1,ftp_dbc,sinan_datasus,Brazil DATASUS SINAN,http://siab.datasus.gov.br/DATASUS/index.php?acao=41&area=0901&item=1,ftp_dbc
country,br,br,Brazil,BR,Brazil,D029,Diphtheria,白喉,Bacterial,2018-05-01,2018-05,1,0.23333333333333334,0,0.00048518426647080684,wpp_computed,,sinan_datasus,Brazil DATASUS SINAN,http://siab.datasus.gov.br/DATASUS/index.php?acao=41&area=0901&item=1,ftp_dbc,sinan_datasus,Brazil DATASUS SINAN,http://siab.datasus.gov.br/DATASUS/index.php?acao=41&area=0901&item=1,ftp_dbc
country,br,br,Brazil,BR,Brazil,D035,Leptospirosis,钩端螺旋体病,Bacterial,2018-05-01,2018-05,1620,378.0,0,0.785998511682707,wpp_computed,,sinan_datasus,Brazil DATASUS SINAN,http://siab.datasus.gov.br/DATASUS/index.php?acao=41&area=0901&item=1,ftp_dbc,sinan_datasus,Brazil DATASUS SINAN,http://siab.datasus.gov.br/DATASUS/index.php?acao=41&area=0901&item=1,ftp_dbc
country,br,br,Brazil,BR,Brazil,D036,Schistosomiasis,血吸虫病,Parasitic,2018-05-01,2018-05,403,94.03333333333333,0,0.19552925938773516,wpp_computed,,sinan_datasus,Brazil DATASUS SINAN,http://siab.datasus.gov.br/DATASUS/index.php?acao=41&area=0901&item=1,ftp_dbc,sinan_datasus,Brazil DATASUS SINAN,http://siab.datasus.gov.br/DATASUS/index.php?acao=41&area=0901&item=1,ftp_dbc
country,br,br,Brazil,BR,Brazil,D037,Malaria,疟疾,Parasitic,2018-05-01,2018-05,207,48.300000000000004,0,0.10043314315945702,wpp_computed,,sinan_datasus,Brazil DATASUS SINAN,http://siab.datasus.gov.br/DATASUS/index.php?acao=41&area=0901&item=1,ftp_dbc,sinan_datasus,Brazil DATASUS SINAN,http://siab.datasus.gov.br/DATASUS/index.php?acao=41&area=0901&item=1,ftp_dbc
country,br,br,Brazil,BR,Brazil,D042,Leprosy,麻风病,Bacterial,2018-05-01,2018-05,3252,758.8000000000001,0,1.5778192345630637,wpp_computed,,sinan_datasus,Brazil DATASUS SINAN,http://siab.datasus.gov.br/DATASUS/index.php?acao=41&area=0901&item=1,ftp_dbc,sinan_datasus,Brazil DATASUS SINAN,http://siab.datasus.gov.br/DATASUS/index.php?acao=41&area=0901&item=1,ftp_dbc
country,br,br,Brazil,BR,Brazil,D044,Kala-azar,黑热病,Parasitic,2018-05-01,2018-05,986,230.06666666666666,0,0.47839168674021554,wpp_computed,,sinan_datasus,Brazil DATASUS SINAN,http://siab.datasus.gov.br/DATASUS/index.php?acao=41&area=0901&item=1,ftp_dbc,sinan_datasus,Brazil DATASUS SINAN,http://siab.datasus.gov.br/DATASUS/index.php?acao=41&area=0901&item=1,ftp_dbc
country,br,br,Brazil,BR,Brazil,D051,Zika virus disease,寨卡病毒病,Viral,2018-05-01,2018-05,2465,575.1666666666667,0,1.195979216850539,wpp_computed,,sinan_datasus,Brazil DATASUS SINAN,http://siab.datasus.gov.br/DATASUS/index.php?acao=41&area=0901&item=1,ftp_dbc,sinan_datasus,Brazil DATASUS SINAN,http://siab.datasus.gov.br/DATASUS/index.php?acao=41&area=0901&item=1,ftp_dbc
country,br,br,Brazil,BR,Brazil,D052,Chikungunya,基孔肯雅热,Viral,2018-05-01,2018-05,17658,4120.2,0,8.567383777341508,wpp_computed,,sinan_datasus,Brazil DATASUS SINAN,http://siab.datasus.gov.br/DATASUS/index.php?acao=41&area=0901&item=1,ftp_dbc,sinan_datasus,Brazil DATASUS SINAN,http://siab.datasus.gov.br/DATASUS/index.php?acao=41&area=0901&item=1,ftp_dbc
country,br,br,Brazil,BR,Brazil,D054,Varicella,水痘,Viral,2018-05-01,2018-05,419,97.76666666666667,0,0.20329220765126807,wpp_computed,,sinan_datasus,Brazil DATASUS SINAN,http://siab.datasus.gov.br/DATASUS/index.php?acao=41&area=0901&item=1,ftp_dbc,sinan_datasus,Brazil DATASUS SINAN,http://siab.datasus.gov.br/DATASUS/index.php?acao=41&area=0901&item=1,ftp_dbc
country,br,br,Brazil,BR,Brazil,D082,Leishmaniasis,利什曼病,Parasitic,2018-05-01,2018-05,1404,327.59999999999997,0,0.6811987101250128,wpp_computed,,sinan_datasus,Brazil DATASUS SINAN,http://siab.datasus.gov.br/DATASUS/index.php?acao=41&area=0901&item=1,ftp_dbc,sinan_datasus,Brazil DATASUS SINAN,http://siab.datasus.gov.br/DATASUS/index.php?acao=41&area=0901&item=1,ftp_dbc
country,br,br,Brazil,BR,Brazil,D084,Chagas disease,恰加斯病,Parasitic,2018-05-01,2018-05,310,72.33333333333334,0,0.15040712260595013,wpp_computed,,sinan_datasus,Brazil DATASUS SINAN,http://siab.datasus.gov.br/DATASUS/index.php?acao=41&area=0901&item=1,ftp_dbc,sinan_datasus,Brazil DATASUS SINAN,http://siab.datasus.gov.br/DATASUS/index.php?acao=41&area=0901&item=1,ftp_dbc
country,br,br,Brazil,BR,Brazil,D118,Spotted fever rickettsiosis,斑点热立克次体病,Bacterial,2018-05-01,2018-05,228,53.199999999999996,0,0.11062201275534396,wpp_computed,,sinan_datasus,Brazil DATASUS SINAN,http://siab.datasus.gov.br/DATASUS/index.php?acao=41&area=0901&item=1,ftp_dbc,sinan_datasus,Brazil DATASUS SINAN,http://siab.datasus.gov.br/DATASUS/index.php?acao=41&area=0901&item=1,ftp_dbc
country,br,br,Brazil,BR,Brazil,D120,Tetanus,破伤风,Bacterial,2018-05-01,2018-05,44,10.266666666666666,0,0.0213481077247155,wpp_computed,,sinan_datasus,Brazil DATASUS SINAN,http://siab.datasus.gov.br/DATASUS/index.php?acao=41&area=0901&item=1,ftp_dbc,sinan_datasus,Brazil DATASUS SINAN,http://siab.datasus.gov.br/DATASUS/index.php?acao=41&area=0901&item=1,ftp_dbc
country,br,br,Brazil,BR,Brazil,D124,Typhoid fever,伤寒,Bacterial,2018-05-01,2018-05,35,8.166666666666668,0,0.01698144932647824,wpp_computed,,sinan_datasus,Brazil DATASUS SINAN,http://siab.datasus.gov.br/DATASUS/index.php?acao=41&area=0901&item=1,ftp_dbc,sinan_datasus,Brazil DATASUS SINAN,http://siab.datasus.gov.br/DATASUS/index.php?acao=41&area=0901&item=1,ftp_dbc
country,br,br,Brazil,BR,Brazil,D144,Creutzfeldt-Jakob disease,克雅氏病,Prion,2018-05-01,2018-05,10,2.333333333333333,0,0.004851842664708068,wpp_computed,,sinan_datasus,Brazil DATASUS SINAN,http://siab.datasus.gov.br/DATASUS/index.php?acao=41&area=0901&item=1,ftp_dbc,sinan_datasus,Brazil DATASUS SINAN,http://siab.datasus.gov.br/DATASUS/index.php?acao=41&area=0901&item=1,ftp_dbc
country,br,br,Brazil,BR,Brazil,D162,HIV infection,人类免疫缺乏病毒感染,Viral,2018-05-01,2018-05,4553,1062.3666666666668,0,2.2090439652415834,wpp_computed,,sinan_datasus,Brazil DATASUS SINAN,http://siab.datasus.gov.br/DATASUS/index.php?acao=41&area=0901&item=1,ftp_dbc,sinan_datasus,Brazil DATASUS SINAN,http://siab.datasus.gov.br/DATASUS/index.php?acao=41&area=0901&item=1,ftp_dbc
country,br,br,Brazil,BR,Brazil,D168,Congenital rubella syndrome,先天性风疹综合征,Viral,2018-05-01,2018-05,5,1.1666666666666665,0,0.002425921332354034,wpp_computed,,sinan_datasus,Brazil DATASUS SINAN,http://siab.datasus.gov.br/DATASUS/index.php?acao=41&area=0901&item=1,ftp_dbc,sinan_datasus,Brazil DATASUS SINAN,http://siab.datasus.gov.br/DATASUS/index.php?acao=41&area=0901&item=1,ftp_dbc
country,br,br,Brazil,BR,Brazil,D178,Acute flaccid paralysis,急性无力肢体麻痹,Other,2018-05-01,2018-05,38,8.866666666666667,0,0.01843700212589066,wpp_computed,,sinan_datasus,Brazil DATASUS SINAN,http://siab.datasus.gov.br/DATASUS/index.php?acao=41&area=0901&item=1,ftp_dbc,sinan_datasus,Brazil DATASUS SINAN,http://siab.datasus.gov.br/DATASUS/index.php?acao=41&area=0901&item=1,ftp_dbc
country,br,br,Brazil,BR,Brazil,D184,Accident caused by venomous animals,毒性动物伤害,Other,2018-05-01,2018-05,20396,4759.066666666667,0,9.895818298938577,wpp_computed,,sinan_datasus,Brazil DATASUS SINAN,http://siab.datasus.gov.br/DATASUS/index.php?acao=41&area=0901&item=1,ftp_dbc,sinan_datasus,Brazil DATASUS SINAN,http://siab.datasus.gov.br/DATASUS/index.php?acao=41&area=0901&item=1,ftp_dbc
country,br,br,Brazil,BR,Brazil,D185,Work accident with biological material,生物材料职业暴露事故,Other,2018-05-01,2018-05,5956,1389.7333333333333,0,2.889757491100126,wpp_computed,,sinan_datasus,Brazil DATASUS SINAN,http://siab.datasus.gov.br/DATASUS/index.php?acao=41&area=0901&item=1,ftp_dbc,sinan_datasus,Brazil DATASUS SINAN,http://siab.datasus.gov.br/DATASUS/index.php?acao=41&area=0901&item=1,ftp_dbc
country,br,br,Brazil,BR,Brazil,D186,Serious work accident,严重工伤,Other,2018-05-01,2018-05,8246,1924.0666666666666,0,4.000829461318274,wpp_computed,,sinan_datasus,Brazil DATASUS SINAN,http://siab.datasus.gov.br/DATASUS/index.php?acao=41&area=0901&item=1,ftp_dbc,sinan_datasus,Brazil DATASUS SINAN,http://siab.datasus.gov.br/DATASUS/index.php?acao=41&area=0901&item=1,ftp_dbc
country,br,br,Brazil,BR,Brazil,D187,Rabies post-exposure prophylaxis,狂犬病暴露后处置,Other,2018-05-01,2018-05,58406,13628.066666666666,0,28.337672267493943,wpp_computed,,sinan_datasus,Brazil DATASUS SINAN,http://siab.datasus.gov.br/DATASUS/index.php?acao=41&area=0901&item=1,ftp_dbc,sinan_datasus,Brazil DATASUS SINAN,http://siab.datasus.gov.br/DATASUS/index.php?acao=41&area=0901&item=1,ftp_dbc
country,br,br,Brazil,BR,Brazil,D188,Work-related cancer,职业相关癌症,Other,2018-05-01,2018-05,28,6.533333333333333,0,0.01358515946118259,wpp_computed,,sinan_datasus,Brazil DATASUS SINAN,http://siab.datasus.gov.br/DATASUS/index.php?acao=41&area=0901&item=1,ftp_dbc,sinan_datasus,Brazil DATASUS SINAN,http://siab.datasus.gov.br/DATASUS/index.php?acao=41&area=0901&item=1,ftp_dbc
country,br,br,Brazil,BR,Brazil,D189,Work-related dermatosis,职业性皮肤病,Other,2018-05-01,2018-05,31,7.233333333333334,0,0.01504071226059501,wpp_computed,,sinan_datasus,Brazil DATASUS SINAN,http://siab.datasus.gov.br/DATASUS/index.php?acao=41&area=0901&item=1,ftp_dbc,sinan_datasus,Brazil DATASUS SINAN,http://siab.datasus.gov.br/DATASUS/index.php?acao=41&area=0901&item=1,ftp_dbc
country,br,br,Brazil,BR,Brazil,D190,Sporotrichosis,孢子丝菌病,Fungal,2018-05-01,2018-05,393,91.7,0,0.1906774167230271,wpp_computed,,sinan_datasus,Brazil DATASUS SINAN,http://siab.datasus.gov.br/DATASUS/index.php?acao=41&area=0901&item=1,ftp_dbc,sinan_datasus,Brazil DATASUS SINAN,http://siab.datasus.gov.br/DATASUS/index.php?acao=41&area=0901&item=1,ftp_dbc
country,br,br,Brazil,BR,Brazil,D191,Exogenous poisoning,外源性中毒,Other,2018-05-01,2018-05,11666,2722.0666666666666,0,5.660159652648432,wpp_computed,,sinan_datasus,Brazil DATASUS SINAN,http://siab.datasus.gov.br/DATASUS/index.php?acao=41&area=0901&item=1,ftp_dbc,sinan_datasus,Brazil DATASUS SINAN,http://siab.datasus.gov.br/DATASUS/index.php?acao=41&area=0901&item=1,ftp_dbc
country,br,br,Brazil,BR,Brazil,D192,Work-related repetitive strain injury,职业相关重复性劳损,Other,2018-05-01,2018-05,850,198.33333333333331,0,0.41240662650018584,wpp_computed,,sinan_datasus,Brazil DATASUS SINAN,http://siab.datasus.gov.br/DATASUS/index.php?acao=41&area=0901&item=1,ftp_dbc,sinan_datasus,Brazil DATASUS SINAN,http://siab.datasus.gov.br/DATASUS/index.php?acao=41&area=0901&item=1,ftp_dbc
country,br,br,Brazil,BR,Brazil,D193,Work-related mental disorder,职业相关精神障碍,Other,2018-05-01,2018-05,207,48.300000000000004,0,0.10043314315945702,wpp_computed,,sinan_datasus,Brazil DATASUS SINAN,http://siab.datasus.gov.br/DATASUS/index.php?acao=41&area=0901&item=1,ftp_dbc,sinan_datasus,Brazil DATASUS SINAN,http://siab.datasus.gov.br/DATASUS/index.php?acao=41&area=0901&item=1,ftp_dbc
country,br,br,Brazil,BR,Brazil,D194,Noise-induced hearing loss,噪声性听力损失,Other,2018-05-01,2018-05,73,17.03333333333333,0,0.0354184514523689,wpp_computed,,sinan_datasus,Brazil DATASUS SINAN,http://siab.datasus.gov.br/DATASUS/index.php?acao=41&area=0901&item=1,ftp_dbc,sinan_datasus,Brazil DATASUS SINAN,http://siab.datasus.gov.br/DATASUS/index.php?acao=41&area=0901&item=1,ftp_dbc
country,br,br,Brazil,BR,Brazil,D195,Pneumoconiosis,尘肺病,Other,2018-05-01,2018-05,38,8.866666666666667,0,0.01843700212589066,wpp_computed,,sinan_datasus,Brazil DATASUS SINAN,http://siab.datasus.gov.br/DATASUS/index.php?acao=41&area=0901&item=1,ftp_dbc,sinan_datasus,Brazil DATASUS SINAN,http://siab.datasus.gov.br/DATASUS/index.php?acao=41&area=0901&item=1,ftp_dbc
country,br,br,Brazil,BR,Brazil,D196,Foodborne disease outbreak,食源性疾病暴发,Bacterial,2018-05-01,2018-05,37,8.633333333333333,0,0.017951817859419853,wpp_computed,,sinan_datasus,Brazil DATASUS SINAN,http://siab.datasus.gov.br/DATASUS/index.php?acao=41&area=0901&item=1,ftp_dbc,sinan_datasus,Brazil DATASUS SINAN,http://siab.datasus.gov.br/DATASUS/index.php?acao=41&area=0901&item=1,ftp_dbc
country,br,br,Brazil,BR,Brazil,D199,Rotavirus infection,轮状病毒感染,Viral,2018-05-01,2018-05,51,11.9,0,0.02474439759001115,wpp_computed,,sinan_datasus,Brazil DATASUS SINAN,http://siab.datasus.gov.br/DATASUS/index.php?acao=41&area=0901&item=1,ftp_dbc,sinan_datasus,Brazil DATASUS SINAN,http://siab.datasus.gov.br/DATASUS/index.php?acao=41&area=0901&item=1,ftp_dbc
country,br,br,Brazil,BR,Brazil,D200,Trachoma,沙眼,Bacterial,2018-05-01,2018-05,3917,913.9666666666667,0,1.9004667717661503,wpp_computed,,sinan_datasus,Brazil DATASUS SINAN,http://siab.datasus.gov.br/DATASUS/index.php?acao=41&area=0901&item=1,ftp_dbc,sinan_datasus,Brazil DATASUS SINAN,http://siab.datasus.gov.br/DATASUS/index.php?acao=41&area=0901&item=1,ftp_dbc
country,br,br,Brazil,BR,Brazil,D201,Exanthematous diseases,出疹性疾病,Viral,2018-05-01,2018-05,959,223.76666666666665,0,0.46529171154550375,wpp_computed,,sinan_datasus,Brazil DATASUS SINAN,http://siab.datasus.gov.br/DATASUS/index.php?acao=41&area=0901&item=1,ftp_dbc,sinan_datasus,Brazil DATASUS SINAN,http://siab.datasus.gov.br/DATASUS/index.php?acao=41&area=0901&item=1,ftp_dbc
country,br,br,Brazil,BR,Brazil,D202,Domestic sexual and other violence,家庭/性及其他暴力,Other,2018-05-01,2018-05,27755,6476.166666666666,0,13.466289315897244,wpp_computed,,sinan_datasus,Brazil DATASUS SINAN,http://siab.datasus.gov.br/DATASUS/index.php?acao=41&area=0901&item=1,ftp_dbc,sinan_datasus,Brazil DATASUS SINAN,http://siab.datasus.gov.br/DATASUS/index.php?acao=41&area=0901&item=1,ftp_dbc
country,br,br,Brazil,BR,Brazil,D230,Child exposed to HIV,儿童HIV暴露,Other,2018-05-01,2018-05,737,171.96666666666667,0,0.35758080438898465,wpp_computed,,sinan_datasus,Brazil DATASUS SINAN,http://siab.datasus.gov.br/DATASUS/index.php?acao=41&area=0901&item=1,ftp_dbc,sinan_datasus,Brazil DATASUS SINAN,http://siab.datasus.gov.br/DATASUS/index.php?acao=41&area=0901&item=1,ftp_dbc
country,br,br,Brazil,BR,Brazil,D231,HIV infection in pregnancy surveillance event,孕产期HIV感染监测事件,Viral,2018-05-01,2018-05,735,171.5,0,0.356610435856043,wpp_computed,,sinan_datasus,Brazil DATASUS SINAN,http://siab.datasus.gov.br/DATASUS/index.php?acao=41&area=0901&item=1,ftp_dbc,sinan_datasus,Brazil DATASUS SINAN,http://siab.datasus.gov.br/DATASUS/index.php?acao=41&area=0901&item=1,ftp_dbc
country,br,br,Brazil,BR,Brazil,D235,Meningitis (all reported etiologies),脑膜炎（全部报告病因）,Other,2018-05-01,2018-05,2096,489.0666666666666,0,1.0169462225228112,wpp_computed,,sinan_datasus,Brazil DATASUS SINAN,http://siab.datasus.gov.br/DATASUS/index.php?acao=41&area=0901&item=1,ftp_dbc,sinan_datasus,Brazil DATASUS SINAN,http://siab.datasus.gov.br/DATASUS/index.php?acao=41&area=0901&item=1,ftp_dbc
country,br,br,Brazil,BR,Brazil,D001,Plague,鼠疫,Bacterial,2018-06-01,2018-06,1,0.012797074954296161,0,0.00048518426647080684,wpp_computed,,sinan_datasus,Brazil DATASUS SINAN,http://siab.datasus.gov.br/DATASUS/index.php?acao=41&area=0901&item=1,ftp_dbc,sinan_datasus,Brazil DATASUS SINAN,http://siab.datasus.gov.br/DATASUS/index.php?acao=41&area=0901&item=1,ftp_dbc
country,br,br,Brazil,BR,Brazil,D005,AIDS,艾滋病,Viral,2018-06-01,2018-06,3243,732.2903225806451,0,1.5734525761648266,wpp_computed,,sinan_datasus,Brazil DATASUS SINAN,http://siab.datasus.gov.br/DATASUS/index.php?acao=41&area=0901&item=1,ftp_dbc,sinan_datasus,Brazil DATASUS SINAN,http://siab.datasus.gov.br/DATASUS/index.php?acao=41&area=0901&item=1,ftp_dbc
country,br,br,Brazil,BR,Brazil,D021,Dengue,登革热,Viral,2018-06-01,2018-06,22849,5159.451612903226,0,11.085975304591464,wpp_computed,,sinan_datasus,Brazil DATASUS SINAN,http://siab.datasus.gov.br/DATASUS/index.php?acao=41&area=0901&item=1,ftp_dbc,sinan_datasus,Brazil DATASUS SINAN,http://siab.datasus.gov.br/DATASUS/index.php?acao=41&area=0901&item=1,ftp_dbc
country,br,br,Brazil,BR,Brazil,D025,Tuberculosis,肺结核,Bacterial,2018-06-01,2018-06,7621,1720.8709677419356,0,3.6975892947740188,wpp_computed,,sinan_datasus,Brazil DATASUS SINAN,http://siab.datasus.gov.br/DATASUS/index.php?acao=41&area=0901&item=1,ftp_dbc,sinan_datasus,Brazil DATASUS SINAN,http://siab.datasus.gov.br/DATASUS/index.php?acao=41&area=0901&item=1,ftp_dbc
country,br,br,Brazil,BR,Brazil,D028,Pertussis,百日咳,Bacterial,2018-06-01,2018-06,783,176.80645161290323,0,0.37989928064664175,wpp_computed,,sinan_datasus,Brazil DATASUS SINAN,http://siab.datasus.gov.br/DATASUS/index.php?acao=41&area=0901&item=1,ftp_dbc,sinan_datasus,Brazil DATASUS SINAN,http://siab.datasus.gov.br/DATASUS/index.php?acao=41&area=0901&item=1,ftp_dbc
country,br,br,Brazil,BR,Brazil,D029,Diphtheria,白喉,Bacterial,2018-06-01,2018-06,3,0.6774193548387096,0,0.0014555527994124205,wpp_computed,,sinan_datasus,Brazil DATASUS SINAN,http://siab.datasus.gov.br/DATASUS/index.php?acao=41&area=0901&item=1,ftp_dbc,sinan_datasus,Brazil DATASUS SINAN,http://siab.datasus.gov.br/DATASUS/index.php?acao=41&area=0901&item=1,ftp_dbc
country,br,br,Brazil,BR,Brazil,D035,Leptospirosis,钩端螺旋体病,Bacterial,2018-06-01,2018-06,1117,252.2258064516129,0,0.5419508256478912,wpp_computed,,sinan_datasus,Brazil DATASUS SINAN,http://siab.datasus.gov.br/DATASUS/index.php?acao=41&area=0901&item=1,ftp_dbc,sinan_datasus,Brazil DATASUS SINAN,http://siab.datasus.gov.br/DATASUS/index.php?acao=41&area=0901&item=1,ftp_dbc
country,br,br,Brazil,BR,Brazil,D036,Schistosomiasis,血吸虫病,Parasitic,2018-06-01,2018-06,371,83.77419354838709,0,0.18000336286066934,wpp_computed,,sinan_datasus,Brazil DATASUS SINAN,http://siab.datasus.gov.br/DATASUS/index.php?acao=41&area=0901&item=1,ftp_dbc,sinan_datasus,Brazil DATASUS SINAN,http://siab.datasus.gov.br/DATASUS/index.php?acao=41&area=0901&item=1,ftp_dbc
country,br,br,Brazil,BR,Brazil,D037,Malaria,疟疾,Parasitic,2018-06-01,2018-06,228,51.483870967741936,0,0.11062201275534396,wpp_computed,,sinan_datasus,Brazil DATASUS SINAN,http://siab.datasus.gov.br/DATASUS/index.php?acao=41&area=0901&item=1,ftp_dbc,sinan_datasus,Brazil DATASUS SINAN,http://siab.datasus.gov.br/DATASUS/index.php?acao=41&area=0901&item=1,ftp_dbc
country,br,br,Brazil,BR,Brazil,D042,Leprosy,麻风病,Bacterial,2018-06-01,2018-06,2879,650.0967741935484,0,1.3968455031694529,wpp_computed,,sinan_datasus,Brazil DATASUS SINAN,http://siab.datasus.gov.br/DATASUS/index.php?acao=41&area=0901&item=1,ftp_dbc,sinan_datasus,Brazil DATASUS SINAN,http://siab.datasus.gov.br/DATASUS/index.php?acao=41&area=0901&item=1,ftp_dbc
country,br,br,Brazil,BR,Brazil,D044,Kala-azar,黑热病,Parasitic,2018-06-01,2018-06,970,219.03225806451613,0,0.4706287384766827,wpp_computed,,sinan_datasus,Brazil DATASUS SINAN,http://siab.datasus.gov.br/DATASUS/index.php?acao=41&area=0901&item=1,ftp_dbc,sinan_datasus,Brazil DATASUS SINAN,http://siab.datasus.gov.br/DATASUS/index.php?acao=41&area=0901&item=1,ftp_dbc
country,br,br,Brazil,BR,Brazil,D051,Zika virus disease,寨卡病毒病,Viral,2018-06-01,2018-06,1562,352.7096774193549,0,0.7578578242274002,wpp_computed,,sinan_datasus,Brazil DATASUS SINAN,http://siab.datasus.gov.br/DATASUS/index.php?acao=41&area=0901&item=1,ftp_dbc,sinan_datasus,Brazil DATASUS SINAN,http://siab.datasus.gov.br/DATASUS/index.php?acao=41&area=0901&item=1,ftp_dbc
country,br,br,Brazil,BR,Brazil,D052,Chikungunya,基孔肯雅热,Viral,2018-06-01,2018-06,11051,2495.3870967741937,0,5.361771328768886,wpp_computed,,sinan_datasus,Brazil DATASUS SINAN,http://siab.datasus.gov.br/DATASUS/index.php?acao=41&area=0901&item=1,ftp_dbc,sinan_datasus,Brazil DATASUS SINAN,http://siab.datasus.gov.br/DATASUS/index.php?acao=41&area=0901&item=1,ftp_dbc
country,br,br,Brazil,BR,Brazil,D054,Varicella,水痘,Viral,2018-06-01,2018-06,539,121.70967741935483,0,0.2615143196277649,wpp_computed,,sinan_datasus,Brazil DATASUS SINAN,http://siab.datasus.gov.br/DATASUS/index.php?acao=41&area=0901&item=1,ftp_dbc,sinan_datasus,Brazil DATASUS SINAN,http://siab.datasus.gov.br/DATASUS/index.php?acao=41&area=0901&item=1,ftp_dbc
country,br,br,Brazil,BR,Brazil,D082,Leishmaniasis,利什曼病,Parasitic,2018-06-01,2018-06,1228,277.2903225806451,0,0.5958062792261508,wpp_computed,,sinan_datasus,Brazil DATASUS SINAN,http://siab.datasus.gov.br/DATASUS/index.php?acao=41&area=0901&item=1,ftp_dbc,sinan_datasus,Brazil DATASUS SINAN,http://siab.datasus.gov.br/DATASUS/index.php?acao=41&area=0901&item=1,ftp_dbc
country,br,br,Brazil,BR,Brazil,D084,Chagas disease,恰加斯病,Parasitic,2018-06-01,2018-06,308,69.54838709677419,0,0.1494367540730085,wpp_computed,,sinan_datasus,Brazil DATASUS SINAN,http://siab.datasus.gov.br/DATASUS/index.php?acao=41&area=0901&item=1,ftp_dbc,sinan_datasus,Brazil DATASUS SINAN,http://siab.datasus.gov.br/DATASUS/index.php?acao=41&area=0901&item=1,ftp_dbc
country,br,br,Brazil,BR,Brazil,D118,Spotted fever rickettsiosis,斑点热立克次体病,Bacterial,2018-06-01,2018-06,294,66.38709677419355,0,0.1426441743424172,wpp_computed,,sinan_datasus,Brazil DATASUS SINAN,http://siab.datasus.gov.br/DATASUS/index.php?acao=41&area=0901&item=1,ftp_dbc,sinan_datasus,Brazil DATASUS SINAN,http://siab.datasus.gov.br/DATASUS/index.php?acao=41&area=0901&item=1,ftp_dbc
country,br,br,Brazil,BR,Brazil,D120,Tetanus,破伤风,Bacterial,2018-06-01,2018-06,31,7.0,0,0.01504071226059501,wpp_computed,,sinan_datasus,Brazil DATASUS SINAN,http://siab.datasus.gov.br/DATASUS/index.php?acao=41&area=0901&item=1,ftp_dbc,sinan_datasus,Brazil DATASUS SINAN,http://siab.datasus.gov.br/DATASUS/index.php?acao=41&area=0901&item=1,ftp_dbc
country,br,br,Brazil,BR,Brazil,D124,Typhoid fever,伤寒,Bacterial,2018-06-01,2018-06,34,7.677419354838709,0,0.016496265060007433,wpp_computed,,sinan_datasus,Brazil DATASUS SINAN,http://siab.datasus.gov.br/DATASUS/index.php?acao=41&area=0901&item=1,ftp_dbc,sinan_datasus,Brazil DATASUS SINAN,http://siab.datasus.gov.br/DATASUS/index.php?acao=41&area=0901&item=1,ftp_dbc
country,br,br,Brazil,BR,Brazil,D144,Creutzfeldt-Jakob disease,克雅氏病,Prion,2018-06-01,2018-06,8,1.8064516129032258,0,0.0038814741317664547,wpp_computed,,sinan_datasus,Brazil DATASUS SINAN,http://siab.datasus.gov.br/DATASUS/index.php?acao=41&area=0901&item=1,ftp_dbc,sinan_datasus,Brazil DATASUS SINAN,http://siab.datasus.gov.br/DATASUS/index.php?acao=41&area=0901&item=1,ftp_dbc
country,br,br,Brazil,BR,Brazil,D162,HIV infection,人类免疫缺乏病毒感染,Viral,2018-06-01,2018-06,4132,933.0322580645161,0,2.004781389057374,wpp_computed,,sinan_datasus,Brazil DATASUS SINAN,http://siab.datasus.gov.br/DATASUS/index.php?acao=41&area=0901&item=1,ftp_dbc,sinan_datasus,Brazil DATASUS SINAN,http://siab.datasus.gov.br/DATASUS/index.php?acao=41&area=0901&item=1,ftp_dbc
country,br,br,Brazil,BR,Brazil,D168,Congenital rubella syndrome,先天性风疹综合征,Viral,2018-06-01,2018-06,5,1.129032258064516,0,0.002425921332354034,wpp_computed,,sinan_datasus,Brazil DATASUS SINAN,http://siab.datasus.gov.br/DATASUS/index.php?acao=41&area=0901&item=1,ftp_dbc,sinan_datasus,Brazil DATASUS SINAN,http://siab.datasus.gov.br/DATASUS/index.php?acao=41&area=0901&item=1,ftp_dbc
country,br,br,Brazil,BR,Brazil,D178,Acute flaccid paralysis,急性无力肢体麻痹,Other,2018-06-01,2018-06,48,10.838709677419354,0,0.02328884479059873,wpp_computed,,sinan_datasus,Brazil DATASUS SINAN,http://siab.datasus.gov.br/DATASUS/index.php?acao=41&area=0901&item=1,ftp_dbc,sinan_datasus,Brazil DATASUS SINAN,http://siab.datasus.gov.br/DATASUS/index.php?acao=41&area=0901&item=1,ftp_dbc
country,br,br,Brazil,BR,Brazil,D184,Accident caused by venomous animals,毒性动物伤害,Other,2018-06-01,2018-06,18454,4167.032258064516,0,8.95359045345227,wpp_computed,,sinan_datasus,Brazil DATASUS SINAN,http://siab.datasus.gov.br/DATASUS/index.php?acao=41&area=0901&item=1,ftp_dbc,sinan_datasus,Brazil DATASUS SINAN,http://siab.datasus.gov.br/DATASUS/index.php?acao=41&area=0901&item=1,ftp_dbc
country,br,br,Brazil,BR,Brazil,D185,Work accident with biological material,生物材料职业暴露事故,Other,2018-06-01,2018-06,5232,1181.4193548387098,0,2.5384840821752612,wpp_computed,,sinan_datasus,Brazil DATASUS SINAN,http://siab.datasus.gov.br/DATASUS/index.php?acao=41&area=0901&item=1,ftp_dbc,sinan_datasus,Brazil DATASUS SINAN,http://siab.datasus.gov.br/DATASUS/index.php?acao=41&area=0901&item=1,ftp_dbc
country,br,br,Brazil,BR,Brazil,D186,Serious work accident,严重工伤,Other,2018-06-01,2018-06,7960,1797.4193548387095,0,3.8620667611076223,wpp_computed,,sinan_datasus,Brazil DATASUS SINAN,http://siab.datasus.gov.br/DATASUS/index.php?acao=41&area=0901&item=1,ftp_dbc,sinan_datasus,Brazil DATASUS SINAN,http://siab.datasus.gov.br/DATASUS/index.php?acao=41&area=0901&item=1,ftp_dbc
country,br,br,Brazil,BR,Brazil,D187,Rabies post-exposure prophylaxis,狂犬病暴露后处置,Other,2018-06-01,2018-06,53983,12189.709677419356,0,26.191702256893567,wpp_computed,,sinan_datasus,Brazil DATASUS SINAN,http://siab.datasus.gov.br/DATASUS/index.php?acao=41&area=0901&item=1,ftp_dbc,sinan_datasus,Brazil DATASUS SINAN,http://siab.datasus.gov.br/DATASUS/index.php?acao=41&area=0901&item=1,ftp_dbc
country,br,br,Brazil,BR,Brazil,D188,Work-related cancer,职业相关癌症,Other,2018-06-01,2018-06,32,7.225806451612903,0,0.015525896527065819,wpp_computed,,sinan_datasus,Brazil DATASUS SINAN,http://siab.datasus.gov.br/DATASUS/index.php?acao=41&area=0901&item=1,ftp_dbc,sinan_datasus,Brazil DATASUS SINAN,http://siab.datasus.gov.br/DATASUS/index.php?acao=41&area=0901&item=1,ftp_dbc
country,br,br,Brazil,BR,Brazil,D189,Work-related dermatosis,职业性皮肤病,Other,2018-06-01,2018-06,19,4.290322580645161,0,0.00921850106294533,wpp_computed,,sinan_datasus,Brazil DATASUS SINAN,http://siab.datasus.gov.br/DATASUS/index.php?acao=41&area=0901&item=1,ftp_dbc,sinan_datasus,Brazil DATASUS SINAN,http://siab.datasus.gov.br/DATASUS/index.php?acao=41&area=0901&item=1,ftp_dbc
country,br,br,Brazil,BR,Brazil,D190,Sporotrichosis,孢子丝菌病,Fungal,2018-06-01,2018-06,347,78.35483870967742,0,0.16835894046536998,wpp_computed,,sinan_datasus,Brazil DATASUS SINAN,http://siab.datasus.gov.br/DATASUS/index.php?acao=41&area=0901&item=1,ftp_dbc,sinan_datasus,Brazil DATASUS SINAN,http://siab.datasus.gov.br/DATASUS/index.php?acao=41&area=0901&item=1,ftp_dbc
country,br,br,Brazil,BR,Brazil,D191,Exogenous poisoning,外源性中毒,Other,2018-06-01,2018-06,11162,2520.451612903226,0,5.415626782347146,wpp_computed,,sinan_datasus,Brazil DATASUS SINAN,http://siab.datasus.gov.br/DATASUS/index.php?acao=41&area=0901&item=1,ftp_dbc,sinan_datasus,Brazil DATASUS SINAN,http://siab.datasus.gov.br/DATASUS/index.php?acao=41&area=0901&item=1,ftp_dbc
country,br,br,Brazil,BR,Brazil,D192,Work-related repetitive strain injury,职业相关重复性劳损,Other,2018-06-01,2018-06,731,165.06451612903226,0,0.3546696987901598,wpp_computed,,sinan_datasus,Brazil DATASUS SINAN,http://siab.datasus.gov.br/DATASUS/index.php?acao=41&area=0901&item=1,ftp_dbc,sinan_datasus,Brazil DATASUS SINAN,http://siab.datasus.gov.br/DATASUS/index.php?acao=41&area=0901&item=1,ftp_dbc
country,br,br,Brazil,BR,Brazil,D193,Work-related mental disorder,职业相关精神障碍,Other,2018-06-01,2018-06,123,27.774193548387096,0,0.059677664775909245,wpp_computed,,sinan_datasus,Brazil DATASUS SINAN,http://siab.datasus.gov.br/DATASUS/index.php?acao=41&area=0901&item=1,ftp_dbc,sinan_datasus,Brazil DATASUS SINAN,http://siab.datasus.gov.br/DATASUS/index.php?acao=41&area=0901&item=1,ftp_dbc
country,br,br,Brazil,BR,Brazil,D194,Noise-induced hearing loss,噪声性听力损失,Other,2018-06-01,2018-06,47,10.612903225806452,0,0.02280366052412792,wpp_computed,,sinan_datasus,Brazil DATASUS SINAN,http://siab.datasus.gov.br/DATASUS/index.php?acao=41&area=0901&item=1,ftp_dbc,sinan_datasus,Brazil DATASUS SINAN,http://siab.datasus.gov.br/DATASUS/index.php?acao=41&area=0901&item=1,ftp_dbc
country,br,br,Brazil,BR,Brazil,D195,Pneumoconiosis,尘肺病,Other,2018-06-01,2018-06,70,15.806451612903228,0,0.03396289865295648,wpp_computed,,sinan_datasus,Brazil DATASUS SINAN,http://siab.datasus.gov.br/DATASUS/index.php?acao=41&area=0901&item=1,ftp_dbc,sinan_datasus,Brazil DATASUS SINAN,http://siab.datasus.gov.br/DATASUS/index.php?acao=41&area=0901&item=1,ftp_dbc
country,br,br,Brazil,BR,Brazil,D196,Foodborne disease outbreak,食源性疾病暴发,Bacterial,2018-06-01,2018-06,40,9.032258064516128,0,0.019407370658832274,wpp_computed,,sinan_datasus,Brazil DATASUS SINAN,http://siab.datasus.gov.br/DATASUS/index.php?acao=41&area=0901&item=1,ftp_dbc,sinan_datasus,Brazil DATASUS SINAN,http://siab.datasus.gov.br/DATASUS/index.php?acao=41&area=0901&item=1,ftp_dbc
country,br,br,Brazil,BR,Brazil,D199,Rotavirus infection,轮状病毒感染,Viral,2018-06-01,2018-06,40,9.032258064516128,0,0.019407370658832274,wpp_computed,,sinan_datasus,Brazil DATASUS SINAN,http://siab.datasus.gov.br/DATASUS/index.php?acao=41&area=0901&item=1,ftp_dbc,sinan_datasus,Brazil DATASUS SINAN,http://siab.datasus.gov.br/DATASUS/index.php?acao=41&area=0901&item=1,ftp_dbc
country,br,br,Brazil,BR,Brazil,D200,Trachoma,沙眼,Bacterial,2018-06-01,2018-06,5490,1239.6774193548388,0,2.6636616229247294,wpp_computed,,sinan_datasus,Brazil DATASUS SINAN,http://siab.datasus.gov.br/DATASUS/index.php?acao=41&area=0901&item=1,ftp_dbc,sinan_datasus,Brazil DATASUS SINAN,http://siab.datasus.gov.br/DATASUS/index.php?acao=41&area=0901&item=1,ftp_dbc
country,br,br,Brazil,BR,Brazil,D201,Exanthematous diseases,出疹性疾病,Viral,2018-06-01,2018-06,2561,578.2903225806451,0,1.2425569064317363,wpp_computed,,sinan_datasus,Brazil DATASUS SINAN,http://siab.datasus.gov.br/DATASUS/index.php?acao=41&area=0901&item=1,ftp_dbc,sinan_datasus,Brazil DATASUS SINAN,http://siab.datasus.gov.br/DATASUS/index.php?acao=41&area=0901&item=1,ftp_dbc
country,br,br,Brazil,BR,Brazil,D202,Domestic sexual and other violence,家庭/性及其他暴力,Other,2018-06-01,2018-06,26552,5995.612903225807,0,12.882612643332864,wpp_computed,,sinan_datasus,Brazil DATASUS SINAN,http://siab.datasus.gov.br/DATASUS/index.php?acao=41&area=0901&item=1,ftp_dbc,sinan_datasus,Brazil DATASUS SINAN,http://siab.datasus.gov.br/DATASUS/index.php?acao=41&area=0901&item=1,ftp_dbc
country,br,br,Brazil,BR,Brazil,D230,Child exposed to HIV,儿童HIV暴露,Other,2018-06-01,2018-06,695,156.93548387096774,0,0.33720306519721077,wpp_computed,,sinan_datasus,Brazil DATASUS SINAN,http://siab.datasus.gov.br/DATASUS/index.php?acao=41&area=0901&item=1,ftp_dbc,sinan_datasus,Brazil DATASUS SINAN,http://siab.datasus.gov.br/DATASUS/index.php?acao=41&area=0901&item=1,ftp_dbc
country,br,br,Brazil,BR,Brazil,D231,HIV infection in pregnancy surveillance event,孕产期HIV感染监测事件,Viral,2018-06-01,2018-06,691,156.03225806451613,0,0.3352623281313275,wpp_computed,,sinan_datasus,Brazil DATASUS SINAN,http://siab.datasus.gov.br/DATASUS/index.php?acao=41&area=0901&item=1,ftp_dbc,sinan_datasus,Brazil DATASUS SINAN,http://siab.datasus.gov.br/DATASUS/index.php?acao=41&area=0901&item=1,ftp_dbc
country,br,br,Brazil,BR,Brazil,D235,Meningitis (all reported etiologies),脑膜炎（全部报告病因）,Other,2018-06-01,2018-06,2059,464.93548387096774,0,0.9989944046633913,wpp_computed,,sinan_datasus,Brazil DATASUS SINAN,http://siab.datasus.gov.br/DATASUS/index.php?acao=41&area=0901&item=1,ftp_dbc,sinan_datasus,Brazil DATASUS SINAN,http://siab.datasus.gov.br/DATASUS/index.php?acao=41&area=0901&item=1,ftp_dbc
country,br,br,Brazil,BR,Brazil,D005,AIDS,艾滋病,Viral,2018-07-01,2018-07,3379,788.4333333333334,0,1.6394376364048562,wpp_computed,,sinan_datasus,Brazil DATASUS SINAN,http://siab.datasus.gov.br/DATASUS/index.php?acao=41&area=0901&item=1,ftp_dbc,sinan_datasus,Brazil DATASUS SINAN,http://siab.datasus.gov.br/DATASUS/index.php?acao=41&area=0901&item=1,ftp_dbc
country,br,br,Brazil,BR,Brazil,D021,Dengue,登革热,Viral,2018-07-01,2018-07,14223,3318.7000000000003,0,6.900775822014285,wpp_computed,,sinan_datasus,Brazil DATASUS SINAN,http://siab.datasus.gov.br/DATASUS/index.php?acao=41&area=0901&item=1,ftp_dbc,sinan_datasus,Brazil DATASUS SINAN,http://siab.datasus.gov.br/DATASUS/index.php?acao=41&area=0901&item=1,ftp_dbc
country,br,br,Brazil,BR,Brazil,D025,Tuberculosis,肺结核,Bacterial,2018-07-01,2018-07,8067,1882.2999999999997,0,3.9139814776199984,wpp_computed,,sinan_datasus,Brazil DATASUS SINAN,http://siab.datasus.gov.br/DATASUS/index.php?acao=41&area=0901&item=1,ftp_dbc,sinan_datasus,Brazil DATASUS SINAN,http://siab.datasus.gov.br/DATASUS/index.php?acao=41&area=0901&item=1,ftp_dbc
country,br,br,Brazil,BR,Brazil,D028,Pertussis,百日咳,Bacterial,2018-07-01,2018-07,712,166.13333333333333,0,0.3454511977272145,wpp_computed,,sinan_datasus,Brazil DATASUS SINAN,http://siab.datasus.gov.br/DATASUS/index.php?acao=41&area=0901&item=1,ftp_dbc,sinan_datasus,Brazil DATASUS SINAN,http://siab.datasus.gov.br/DATASUS/index.php?acao=41&area=0901&item=1,ftp_dbc
country,br,br,Brazil,BR,Brazil,D029,Diphtheria,白喉,Bacterial,2018-07-01,2018-07,5,1.1666666666666665,0,0.002425921332354034,wpp_computed,,sinan_datasus,Brazil DATASUS SINAN,http://siab.datasus.gov.br/DATASUS/index.php?acao=41&area=0901&item=1,ftp_dbc,sinan_datasus,Brazil DATASUS SINAN,http://siab.datasus.gov.br/DATASUS/index.php?acao=41&area=0901&item=1,ftp_dbc
country,br,br,Brazil,BR,Brazil,D035,Leptospirosis,钩端螺旋体病,Bacterial,2018-07-01,2018-07,1033,241.0333333333333,0,0.5011953472643434,wpp_computed,,sinan_datasus,Brazil DATASUS SINAN,http://siab.datasus.gov.br/DATASUS/index.php?acao=41&area=0901&item=1,ftp_dbc,sinan_datasus,Brazil DATASUS SINAN,http://siab.datasus.gov.br/DATASUS/index.php?acao=41&area=0901&item=1,ftp_dbc
country,br,br,Brazil,BR,Brazil,D036,Schistosomiasis,血吸虫病,Parasitic,2018-07-01,2018-07,329,76.76666666666667,0,0.15962562366889546,wpp_computed,,sinan_datasus,Brazil DATASUS SINAN,http://siab.datasus.gov.br/DATASUS/index.php?acao=41&area=0901&item=1,ftp_dbc,sinan_datasus,Brazil DATASUS SINAN,http://siab.datasus.gov.br/DATASUS/index.php?acao=41&area=0901&item=1,ftp_dbc
country,br,br,Brazil,BR,Brazil,D037,Malaria,疟疾,Parasitic,2018-07-01,2018-07,198,46.199999999999996,0,0.09606648476121975,wpp_computed,,sinan_datasus,Brazil DATASUS SINAN,http://siab.datasus.gov.br/DATASUS/index.php?acao=41&area=0901&item=1,ftp_dbc,sinan_datasus,Brazil DATASUS SINAN,http://siab.datasus.gov.br/DATASUS/index.php?acao=41&area=0901&item=1,ftp_dbc
country,br,br,Brazil,BR,Brazil,D042,Leprosy,麻风病,Bacterial,2018-07-01,2018-07,2964,691.6,0,1.4380861658194715,wpp_computed,,sinan_datasus,Brazil DATASUS SINAN,http://siab.datasus.gov.br/DATASUS/index.php?acao=41&area=0901&item=1,ftp_dbc,sinan_datasus,Brazil DATASUS SINAN,http://siab.datasus.gov.br/DATASUS/index.php?acao=41&area=0901&item=1,ftp_dbc
country,br,br,Brazil,BR,Brazil,D044,Kala-azar,黑热病,Parasitic,2018-07-01,2018-07,854,199.26666666666665,0,0.41434736356606905,wpp_computed,,sinan_datasus,Brazil DATASUS SINAN,http://siab.datasus.gov.br/DATASUS/index.php?acao=41&area=0901&item=1,ftp_dbc,sinan_datasus,Brazil DATASUS SINAN,http://siab.datasus.gov.br/DATASUS/index.php?acao=41&area=0901&item=1,ftp_dbc
country,br,br,Brazil,BR,Brazil,D051,Zika virus disease,寨卡病毒病,Viral,2018-07-01,2018-07,1590,371.0,0,0.7714429836885829,wpp_computed,,sinan_datasus,Brazil DATASUS SINAN,http://siab.datasus.gov.br/DATASUS/index.php?acao=41&area=0901&item=1,ftp_dbc,sinan_datasus,Brazil DATASUS SINAN,http://siab.datasus.gov.br/DATASUS/index.php?acao=41&area=0901&item=1,ftp_dbc
country,br,br,Brazil,BR,Brazil,D052,Chikungunya,基孔肯雅热,Viral,2018-07-01,2018-07,9187,2143.633333333333,0,4.457387856067302,wpp_computed,,sinan_datasus,Brazil DATASUS SINAN,http://siab.datasus.gov.br/DATASUS/index.php?acao=41&area=0901&item=1,ftp_dbc,sinan_datasus,Brazil DATASUS SINAN,http://siab.datasus.gov.br/DATASUS/index.php?acao=41&area=0901&item=1,ftp_dbc
country,br,br,Brazil,BR,Brazil,D054,Varicella,水痘,Viral,2018-07-01,2018-07,668,155.86666666666667,0,0.324103090002499,wpp_computed,,sinan_datasus,Brazil DATASUS SINAN,http://siab.datasus.gov.br/DATASUS/index.php?acao=41&area=0901&item=1,ftp_dbc,sinan_datasus,Brazil DATASUS SINAN,http://siab.datasus.gov.br/DATASUS/index.php?acao=41&area=0901&item=1,ftp_dbc
country,br,br,Brazil,BR,Brazil,D082,Leishmaniasis,利什曼病,Parasitic,2018-07-01,2018-07,1416,330.40000000000003,0,0.6870209213226625,wpp_computed,,sinan_datasus,Brazil DATASUS SINAN,http://siab.datasus.gov.br/DATASUS/index.php?acao=41&area=0901&item=1,ftp_dbc,sinan_datasus,Brazil DATASUS SINAN,http://siab.datasus.gov.br/DATASUS/index.php?acao=41&area=0901&item=1,ftp_dbc
country,br,br,Brazil,BR,Brazil,D084,Chagas disease,恰加斯病,Parasitic,2018-07-01,2018-07,393,91.7,0,0.1906774167230271,wpp_computed,,sinan_datasus,Brazil DATASUS SINAN,http://siab.datasus.gov.br/DATASUS/index.php?acao=41&area=0901&item=1,ftp_dbc,sinan_datasus,Brazil DATASUS SINAN,http://siab.datasus.gov.br/DATASUS/index.php?acao=41&area=0901&item=1,ftp_dbc
country,br,br,Brazil,BR,Brazil,D118,Spotted fever rickettsiosis,斑点热立克次体病,Bacterial,2018-07-01,2018-07,492,114.79999999999998,0,0.23871065910363698,wpp_computed,,sinan_datasus,Brazil DATASUS SINAN,http://siab.datasus.gov.br/DATASUS/index.php?acao=41&area=0901&item=1,ftp_dbc,sinan_datasus,Brazil DATASUS SINAN,http://siab.datasus.gov.br/DATASUS/index.php?acao=41&area=0901&item=1,ftp_dbc
country,br,br,Brazil,BR,Brazil,D120,Tetanus,破伤风,Bacterial,2018-07-01,2018-07,23,5.366666666666667,0,0.011159238128828557,wpp_computed,,sinan_datasus,Brazil DATASUS SINAN,http://siab.datasus.gov.br/DATASUS/index.php?acao=41&area=0901&item=1,ftp_dbc,sinan_datasus,Brazil DATASUS SINAN,http://siab.datasus.gov.br/DATASUS/index.php?acao=41&area=0901&item=1,ftp_dbc
country,br,br,Brazil,BR,Brazil,D124,Typhoid fever,伤寒,Bacterial,2018-07-01,2018-07,16,3.7333333333333334,0,0.0077629482635329095,wpp_computed,,sinan_datasus,Brazil DATASUS SINAN,http://siab.datasus.gov.br/DATASUS/index.php?acao=41&area=0901&item=1,ftp_dbc,sinan_datasus,Brazil DATASUS SINAN,http://siab.datasus.gov.br/DATASUS/index.php?acao=41&area=0901&item=1,ftp_dbc
country,br,br,Brazil,BR,Brazil,D144,Creutzfeldt-Jakob disease,克雅氏病,Prion,2018-07-01,2018-07,14,3.2666666666666666,0,0.006792579730591295,wpp_computed,,sinan_datasus,Brazil DATASUS SINAN,http://siab.datasus.gov.br/DATASUS/index.php?acao=41&area=0901&item=1,ftp_dbc,sinan_datasus,Brazil DATASUS SINAN,http://siab.datasus.gov.br/DATASUS/index.php?acao=41&area=0901&item=1,ftp_dbc
country,br,br,Brazil,BR,Brazil,D162,HIV infection,人类免疫缺乏病毒感染,Viral,2018-07-01,2018-07,4273,997.0333333333333,0,2.0731923706297577,wpp_computed,,sinan_datasus,Brazil DATASUS SINAN,http://siab.datasus.gov.br/DATASUS/index.php?acao=41&area=0901&item=1,ftp_dbc,sinan_datasus,Brazil DATASUS SINAN,http://siab.datasus.gov.br/DATASUS/index.php?acao=41&area=0901&item=1,ftp_dbc
country,br,br,Brazil,BR,Brazil,D168,Congenital rubella syndrome,先天性风疹综合征,Viral,2018-07-01,2018-07,12,2.8000000000000003,0,0.005822211197649682,wpp_computed,,sinan_datasus,Brazil DATASUS SINAN,http://siab.datasus.gov.br/DATASUS/index.php?acao=41&area=0901&item=1,ftp_dbc,sinan_datasus,Brazil DATASUS SINAN,http://siab.datasus.gov.br/DATASUS/index.php?acao=41&area=0901&item=1,ftp_dbc
country,br,br,Brazil,BR,Brazil,D178,Acute flaccid paralysis,急性无力肢体麻痹,Other,2018-07-01,2018-07,41,9.566666666666666,0,0.01989255492530308,wpp_computed,,sinan_datasus,Brazil DATASUS SINAN,http://siab.datasus.gov.br/DATASUS/index.php?acao=41&area=0901&item=1,ftp_dbc,sinan_datasus,Brazil DATASUS SINAN,http://siab.datasus.gov.br/DATASUS/index.php?acao=41&area=0901&item=1,ftp_dbc
country,br,br,Brazil,BR,Brazil,D184,Accident caused by venomous animals,毒性动物伤害,Other,2018-07-01,2018-07,18910,4412.333333333334,0,9.174834478962957,wpp_computed,,sinan_datasus,Brazil DATASUS SINAN,http://siab.datasus.gov.br/DATASUS/index.php?acao=41&area=0901&item=1,ftp_dbc,sinan_datasus,Brazil DATASUS SINAN,http://siab.datasus.gov.br/DATASUS/index.php?acao=41&area=0901&item=1,ftp_dbc
country,br,br,Brazil,BR,Brazil,D185,Work accident with biological material,生物材料职业暴露事故,Other,2018-07-01,2018-07,5400,1260.0,0,2.619995038942357,wpp_computed,,sinan_datasus,Brazil DATASUS SINAN,http://siab.datasus.gov.br/DATASUS/index.php?acao=41&area=0901&item=1,ftp_dbc,sinan_datasus,Brazil DATASUS SINAN,http://siab.datasus.gov.br/DATASUS/index.php?acao=41&area=0901&item=1,ftp_dbc
country,br,br,Brazil,BR,Brazil,D186,Serious work accident,严重工伤,Other,2018-07-01,2018-07,8387,1956.9666666666667,0,4.069240442890657,wpp_computed,,sinan_datasus,Brazil DATASUS SINAN,http://siab.datasus.gov.br/DATASUS/index.php?acao=41&area=0901&item=1,ftp_dbc,sinan_datasus,Brazil DATASUS SINAN,http://siab.datasus.gov.br/DATASUS/index.php?acao=41&area=0901&item=1,ftp_dbc
country,br,br,Brazil,BR,Brazil,D187,Rabies post-exposure prophylaxis,狂犬病暴露后处置,Other,2018-07-01,2018-07,63514,14819.933333333332,0,30.815993500626824,wpp_computed,,sinan_datasus,Brazil DATASUS SINAN,http://siab.datasus.gov.br/DATASUS/index.php?acao=41&area=0901&item=1,ftp_dbc,sinan_datasus,Brazil DATASUS SINAN,http://siab.datasus.gov.br/DATASUS/index.php?acao=41&area=0901&item=1,ftp_dbc
country,br,br,Brazil,BR,Brazil,D188,Work-related cancer,职业相关癌症,Other,2018-07-01,2018-07,11,2.5666666666666664,0,0.005337026931178875,wpp_computed,,sinan_datasus,Brazil DATASUS SINAN,http://siab.datasus.gov.br/DATASUS/index.php?acao=41&area=0901&item=1,ftp_dbc,sinan_datasus,Brazil DATASUS SINAN,http://siab.datasus.gov.br/DATASUS/index.php?acao=41&area=0901&item=1,ftp_dbc
country,br,br,Brazil,BR,Brazil,D189,Work-related dermatosis,职业性皮肤病,Other,2018-07-01,2018-07,17,3.966666666666667,0,0.008248132530003716,wpp_computed,,sinan_datasus,Brazil DATASUS SINAN,http://siab.datasus.gov.br/DATASUS/index.php?acao=41&area=0901&item=1,ftp_dbc,sinan_datasus,Brazil DATASUS SINAN,http://siab.datasus.gov.br/DATASUS/index.php?acao=41&area=0901&item=1,ftp_dbc
country,br,br,Brazil,BR,Brazil,D190,Sporotrichosis,孢子丝菌病,Fungal,2018-07-01,2018-07,420,98.0,0,0.2037773919177389,wpp_computed,,sinan_datasus,Brazil DATASUS SINAN,http://siab.datasus.gov.br/DATASUS/index.php?acao=41&area=0901&item=1,ftp_dbc,sinan_datasus,Brazil DATASUS SINAN,http://siab.datasus.gov.br/DATASUS/index.php?acao=41&area=0901&item=1,ftp_dbc
country,br,br,Brazil,BR,Brazil,D191,Exogenous poisoning,外源性中毒,Other,2018-07-01,2018-07,12147,2834.2999999999997,0,5.893533284820891,wpp_computed,,sinan_datasus,Brazil DATASUS SINAN,http://siab.datasus.gov.br/DATASUS/index.php?acao=41&area=0901&item=1,ftp_dbc,sinan_datasus,Brazil DATASUS SINAN,http://siab.datasus.gov.br/DATASUS/index.php?acao=41&area=0901&item=1,ftp_dbc
country,br,br,Brazil,BR,Brazil,D192,Work-related repetitive strain injury,职业相关重复性劳损,Other,2018-07-01,2018-07,737,171.96666666666667,0,0.35758080438898465,wpp_computed,,sinan_datasus,Brazil DATASUS SINAN,http://siab.datasus.gov.br/DATASUS/index.php?acao=41&area=0901&item=1,ftp_dbc,sinan_datasus,Brazil DATASUS SINAN,http://siab.datasus.gov.br/DATASUS/index.php?acao=41&area=0901&item=1,ftp_dbc
country,br,br,Brazil,BR,Brazil,D193,Work-related mental disorder,职业相关精神障碍,Other,2018-07-01,2018-07,168,39.199999999999996,0,0.08151095676709555,wpp_computed,,sinan_datasus,Brazil DATASUS SINAN,http://siab.datasus.gov.br/DATASUS/index.php?acao=41&area=0901&item=1,ftp_dbc,sinan_datasus,Brazil DATASUS SINAN,http://siab.datasus.gov.br/DATASUS/index.php?acao=41&area=0901&item=1,ftp_dbc
country,br,br,Brazil,BR,Brazil,D194,Noise-induced hearing loss,噪声性听力损失,Other,2018-07-01,2018-07,49,11.433333333333334,0,0.023774029057069535,wpp_computed,,sinan_datasus,Brazil DATASUS SINAN,http://siab.datasus.gov.br/DATASUS/index.php?acao=41&area=0901&item=1,ftp_dbc,sinan_datasus,Brazil DATASUS SINAN,http://siab.datasus.gov.br/DATASUS/index.php?acao=41&area=0901&item=1,ftp_dbc
country,br,br,Brazil,BR,Brazil,D195,Pneumoconiosis,尘肺病,Other,2018-07-01,2018-07,19,4.433333333333334,0,0.00921850106294533,wpp_computed,,sinan_datasus,Brazil DATASUS SINAN,http://siab.datasus.gov.br/DATASUS/index.php?acao=41&area=0901&item=1,ftp_dbc,sinan_datasus,Brazil DATASUS SINAN,http://siab.datasus.gov.br/DATASUS/index.php?acao=41&area=0901&item=1,ftp_dbc
country,br,br,Brazil,BR,Brazil,D196,Foodborne disease outbreak,食源性疾病暴发,Bacterial,2018-07-01,2018-07,40,9.333333333333332,0,0.019407370658832274,wpp_computed,,sinan_datasus,Brazil DATASUS SINAN,http://siab.datasus.gov.br/DATASUS/index.php?acao=41&area=0901&item=1,ftp_dbc,sinan_datasus,Brazil DATASUS SINAN,http://siab.datasus.gov.br/DATASUS/index.php?acao=41&area=0901&item=1,ftp_dbc
country,br,br,Brazil,BR,Brazil,D199,Rotavirus infection,轮状病毒感染,Viral,2018-07-01,2018-07,37,8.633333333333333,0,0.017951817859419853,wpp_computed,,sinan_datasus,Brazil DATASUS SINAN,http://siab.datasus.gov.br/DATASUS/index.php?acao=41&area=0901&item=1,ftp_dbc,sinan_datasus,Brazil DATASUS SINAN,http://siab.datasus.gov.br/DATASUS/index.php?acao=41&area=0901&item=1,ftp_dbc
country,br,br,Brazil,BR,Brazil,D200,Trachoma,沙眼,Bacterial,2018-07-01,2018-07,1783,416.0333333333333,0,0.8650835471174485,wpp_computed,,sinan_datasus,Brazil DATASUS SINAN,http://siab.datasus.gov.br/DATASUS/index.php?acao=41&area=0901&item=1,ftp_dbc,sinan_datasus,Brazil DATASUS SINAN,http://siab.datasus.gov.br/DATASUS/index.php?acao=41&area=0901&item=1,ftp_dbc
country,br,br,Brazil,BR,Brazil,D201,Exanthematous diseases,出疹性疾病,Viral,2018-07-01,2018-07,6008,1401.8666666666668,0,2.9149870729566074,wpp_computed,,sinan_datasus,Brazil DATASUS SINAN,http://siab.datasus.gov.br/DATASUS/index.php?acao=41&area=0901&item=1,ftp_dbc,sinan_datasus,Brazil DATASUS SINAN,http://siab.datasus.gov.br/DATASUS/index.php?acao=41&area=0901&item=1,ftp_dbc
country,br,br,Brazil,BR,Brazil,D202,Domestic sexual and other violence,家庭/性及其他暴力,Other,2018-07-01,2018-07,27297,6369.3,0,13.244074921853613,wpp_computed,,sinan_datasus,Brazil DATASUS SINAN,http://siab.datasus.gov.br/DATASUS/index.php?acao=41&area=0901&item=1,ftp_dbc,sinan_datasus,Brazil DATASUS SINAN,http://siab.datasus.gov.br/DATASUS/index.php?acao=41&area=0901&item=1,ftp_dbc
country,br,br,Brazil,BR,Brazil,D230,Child exposed to HIV,儿童HIV暴露,Other,2018-07-01,2018-07,645,150.5,0,0.3129438518736704,wpp_computed,,sinan_datasus,Brazil DATASUS SINAN,http://siab.datasus.gov.br/DATASUS/index.php?acao=41&area=0901&item=1,ftp_dbc,sinan_datasus,Brazil DATASUS SINAN,http://siab.datasus.gov.br/DATASUS/index.php?acao=41&area=0901&item=1,ftp_dbc
country,br,br,Brazil,BR,Brazil,D231,HIV infection in pregnancy surveillance event,孕产期HIV感染监测事件,Viral,2018-07-01,2018-07,681,158.9,0,0.33041048546661944,wpp_computed,,sinan_datasus,Brazil DATASUS SINAN,http://siab.datasus.gov.br/DATASUS/index.php?acao=41&area=0901&item=1,ftp_dbc,sinan_datasus,Brazil DATASUS SINAN,http://siab.datasus.gov.br/DATASUS/index.php?acao=41&area=0901&item=1,ftp_dbc
country,br,br,Brazil,BR,Brazil,D235,Meningitis (all reported etiologies),脑膜炎（全部报告病因）,Other,2018-07-01,2018-07,2037,475.30000000000007,0,0.9883203508010334,wpp_computed,,sinan_datasus,Brazil DATASUS SINAN,http://siab.datasus.gov.br/DATASUS/index.php?acao=41&area=0901&item=1,ftp_dbc,sinan_datasus,Brazil DATASUS SINAN,http://siab.datasus.gov.br/DATASUS/index.php?acao=41&area=0901&item=1,ftp_dbc
country,br,br,Brazil,BR,Brazil,D005,AIDS,艾滋病,Viral,2018-08-01,2018-08,4021,907.9677419354839,0,1.9509259354791142,wpp_computed,,sinan_datasus,Brazil DATASUS SINAN,http://siab.datasus.gov.br/DATASUS/index.php?acao=41&area=0901&item=1,ftp_dbc,sinan_datasus,Brazil DATASUS SINAN,http://siab.datasus.gov.br/DATASUS/index.php?acao=41&area=0901&item=1,ftp_dbc
country,br,br,Brazil,BR,Brazil,D021,Dengue,登革热,Viral,2018-08-01,2018-08,11232,2536.258064516129,0,5.449589681000102,wpp_computed,,sinan_datasus,Brazil DATASUS SINAN,http://siab.datasus.gov.br/DATASUS/index.php?acao=41&area=0901&item=1,ftp_dbc,sinan_datasus,Brazil DATASUS SINAN,http://siab.datasus.gov.br/DATASUS/index.php?acao=41&area=0901&item=1,ftp_dbc
country,br,br,Brazil,BR,Brazil,D025,Tuberculosis,肺结核,Bacterial,2018-08-01,2018-08,8861,2000.8709677419354,0,4.299217785197819,wpp_computed,,sinan_datasus,Brazil DATASUS SINAN,http://siab.datasus.gov.br/DATASUS/index.php?acao=41&area=0901&item=1,ftp_dbc,sinan_datasus,Brazil DATASUS SINAN,http://siab.datasus.gov.br/DATASUS/index.php?acao=41&area=0901&item=1,ftp_dbc
country,br,br,Brazil,BR,Brazil,D028,Pertussis,百日咳,Bacterial,2018-08-01,2018-08,623,140.67741935483872,0,0.30226979801131265,wpp_computed,,sinan_datasus,Brazil DATASUS SINAN,http://siab.datasus.gov.br/DATASUS/index.php?acao=41&area=0901&item=1,ftp_dbc,sinan_datasus,Brazil DATASUS SINAN,http://siab.datasus.gov.br/DATASUS/index.php?acao=41&area=0901&item=1,ftp_dbc
country,br,br,Brazil,BR,Brazil,D029,Diphtheria,白喉,Bacterial,2018-08-01,2018-08,3,0.6774193548387096,0,0.0014555527994124205,wpp_computed,,sinan_datasus,Brazil DATASUS SINAN,http://siab.datasus.gov.br/DATASUS/index.php?acao=41&area=0901&item=1,ftp_dbc,sinan_datasus,Brazil DATASUS SINAN,http://siab.datasus.gov.br/DATASUS/index.php?acao=41&area=0901&item=1,ftp_dbc
country,br,br,Brazil,BR,Brazil,D035,Leptospirosis,钩端螺旋体病,Bacterial,2018-08-01,2018-08,1010,228.06451612903226,0,0.49003610913551493,wpp_computed,,sinan_datasus,Brazil DATASUS SINAN,http://siab.datasus.gov.br/DATASUS/index.php?acao=41&area=0901&item=1,ftp_dbc,sinan_datasus,Brazil DATASUS SINAN,http://siab.datasus.gov.br/DATASUS/index.php?acao=41&area=0901&item=1,ftp_dbc
country,br,br,Brazil,BR,Brazil,D036,Schistosomiasis,血吸虫病,Parasitic,2018-08-01,2018-08,360,81.29032258064517,0,0.17466633592949046,wpp_computed,,sinan_datasus,Brazil DATASUS SINAN,http://siab.datasus.gov.br/DATASUS/index.php?acao=41&area=0901&item=1,ftp_dbc,sinan_datasus,Brazil DATASUS SINAN,http://siab.datasus.gov.br/DATASUS/index.php?acao=41&area=0901&item=1,ftp_dbc
country,br,br,Brazil,BR,Brazil,D037,Malaria,疟疾,Parasitic,2018-08-01,2018-08,3258,735.6774193548387,0,1.5807303401618888,wpp_computed,,sinan_datasus,Brazil DATASUS SINAN,http://siab.datasus.gov.br/DATASUS/index.php?acao=41&area=0901&item=1,ftp_dbc,sinan_datasus,Brazil DATASUS SINAN,http://siab.datasus.gov.br/DATASUS/index.php?acao=41&area=0901&item=1,ftp_dbc
country,br,br,Brazil,BR,Brazil,D042,Leprosy,麻风病,Bacterial,2018-08-01,2018-08,3597,812.2258064516129,0,1.7452078064954923,wpp_computed,,sinan_datasus,Brazil DATASUS SINAN,http://siab.datasus.gov.br/DATASUS/index.php?acao=41&area=0901&item=1,ftp_dbc,sinan_datasus,Brazil DATASUS SINAN,http://siab.datasus.gov.br/DATASUS/index.php?acao=41&area=0901&item=1,ftp_dbc
country,br,br,Brazil,BR,Brazil,D044,Kala-azar,黑热病,Parasitic,2018-08-01,2018-08,992,224.0,0,0.48130279233904033,wpp_computed,,sinan_datasus,Brazil DATASUS SINAN,http://siab.datasus.gov.br/DATASUS/index.php?acao=41&area=0901&item=1,ftp_dbc,sinan_datasus,Brazil DATASUS SINAN,http://siab.datasus.gov.br/DATASUS/index.php?acao=41&area=0901&item=1,ftp_dbc
country,br,br,Brazil,BR,Brazil,D051,Zika virus disease,寨卡病毒病,Viral,2018-08-01,2018-08,1385,312.741935483871,0,0.6719802090620675,wpp_computed,,sinan_datasus,Brazil DATASUS SINAN,http://siab.datasus.gov.br/DATASUS/index.php?acao=41&area=0901&item=1,ftp_dbc,sinan_datasus,Brazil DATASUS SINAN,http://siab.datasus.gov.br/DATASUS/index.php?acao=41&area=0901&item=1,ftp_dbc
country,br,br,Brazil,BR,Brazil,D052,Chikungunya,基孔肯雅热,Viral,2018-08-01,2018-08,7013,1583.5806451612902,0,3.4025972607597685,wpp_computed,,sinan_datasus,Brazil DATASUS SINAN,http://siab.datasus.gov.br/DATASUS/index.php?acao=41&area=0901&item=1,ftp_dbc,sinan_datasus,Brazil DATASUS SINAN,http://siab.datasus.gov.br/DATASUS/index.php?acao=41&area=0901&item=1,ftp_dbc
country,br,br,Brazil,BR,Brazil,D054,Varicella,水痘,Viral,2018-08-01,2018-08,1374,310.258064516129,0,0.6666431821308886,wpp_computed,,sinan_datasus,Brazil DATASUS SINAN,http://siab.datasus.gov.br/DATASUS/index.php?acao=41&area=0901&item=1,ftp_dbc,sinan_datasus,Brazil DATASUS SINAN,http://siab.datasus.gov.br/DATASUS/index.php?acao=41&area=0901&item=1,ftp_dbc
country,br,br,Brazil,BR,Brazil,D082,Leishmaniasis,利什曼病,Parasitic,2018-08-01,2018-08,1374,310.258064516129,0,0.6666431821308886,wpp_computed,,sinan_datasus,Brazil DATASUS SINAN,http://siab.datasus.gov.br/DATASUS/index.php?acao=41&area=0901&item=1,ftp_dbc,sinan_datasus,Brazil DATASUS SINAN,http://siab.datasus.gov.br/DATASUS/index.php?acao=41&area=0901&item=1,ftp_dbc
country,br,br,Brazil,BR,Brazil,D084,Chagas disease,恰加斯病,Parasitic,2018-08-01,2018-08,583,131.64516129032256,0,0.2828624273524804,wpp_computed,,sinan_datasus,Brazil DATASUS SINAN,http://siab.datasus.gov.br/DATASUS/index.php?acao=41&area=0901&item=1,ftp_dbc,sinan_datasus,Brazil DATASUS SINAN,http://siab.datasus.gov.br/DATASUS/index.php?acao=41&area=0901&item=1,ftp_dbc
country,br,br,Brazil,BR,Brazil,D118,Spotted fever rickettsiosis,斑点热立克次体病,Bacterial,2018-08-01,2018-08,646,145.8709677419355,0,0.3134290361401412,wpp_computed,,sinan_datasus,Brazil DATASUS SINAN,http://siab.datasus.gov.br/DATASUS/index.php?acao=41&area=0901&item=1,ftp_dbc,sinan_datasus,Brazil DATASUS SINAN,http://siab.datasus.gov.br/DATASUS/index.php?acao=41&area=0901&item=1,ftp_dbc
country,br,br,Brazil,BR,Brazil,D120,Tetanus,破伤风,Bacterial,2018-08-01,2018-08,25,5.64516129032258,0,0.012129606661770173,wpp_computed,,sinan_datasus,Brazil DATASUS SINAN,http://siab.datasus.gov.br/DATASUS/index.php?acao=41&area=0901&item=1,ftp_dbc,sinan_datasus,Brazil DATASUS SINAN,http://siab.datasus.gov.br/DATASUS/index.php?acao=41&area=0901&item=1,ftp_dbc
country,br,br,Brazil,BR,Brazil,D124,Typhoid fever,伤寒,Bacterial,2018-08-01,2018-08,38,8.580645161290322,0,0.01843700212589066,wpp_computed,,sinan_datasus,Brazil DATASUS SINAN,http://siab.datasus.gov.br/DATASUS/index.php?acao=41&area=0901&item=1,ftp_dbc,sinan_datasus,Brazil DATASUS SINAN,http://siab.datasus.gov.br/DATASUS/index.php?acao=41&area=0901&item=1,ftp_dbc
country,br,br,Brazil,BR,Brazil,D144,Creutzfeldt-Jakob disease,克雅氏病,Prion,2018-08-01,2018-08,14,3.161290322580645,0,0.006792579730591295,wpp_computed,,sinan_datasus,Brazil DATASUS SINAN,http://siab.datasus.gov.br/DATASUS/index.php?acao=41&area=0901&item=1,ftp_dbc,sinan_datasus,Brazil DATASUS SINAN,http://siab.datasus.gov.br/DATASUS/index.php?acao=41&area=0901&item=1,ftp_dbc
country,br,br,Brazil,BR,Brazil,D162,HIV infection,人类免疫缺乏病毒感染,Viral,2018-08-01,2018-08,5058,1142.1290322580644,0,2.454062019809341,wpp_computed,,sinan_datasus,Brazil DATASUS SINAN,http://siab.datasus.gov.br/DATASUS/index.php?acao=41&area=0901&item=1,ftp_dbc,sinan_datasus,Brazil DATASUS SINAN,http://siab.datasus.gov.br/DATASUS/index.php?acao=41&area=0901&item=1,ftp_dbc
country,br,br,Brazil,BR,Brazil,D168,Congenital rubella syndrome,先天性风疹综合征,Viral,2018-08-01,2018-08,14,3.161290322580645,0,0.006792579730591295,wpp_computed,,sinan_datasus,Brazil DATASUS SINAN,http://siab.datasus.gov.br/DATASUS/index.php?acao=41&area=0901&item=1,ftp_dbc,sinan_datasus,Brazil DATASUS SINAN,http://siab.datasus.gov.br/DATASUS/index.php?acao=41&area=0901&item=1,ftp_dbc
country,br,br,Brazil,BR,Brazil,D178,Acute flaccid paralysis,急性无力肢体麻痹,Other,2018-08-01,2018-08,68,15.354838709677418,0,0.032992530120014865,wpp_computed,,sinan_datasus,Brazil DATASUS SINAN,http://siab.datasus.gov.br/DATASUS/index.php?acao=41&area=0901&item=1,ftp_dbc,sinan_datasus,Brazil DATASUS SINAN,http://siab.datasus.gov.br/DATASUS/index.php?acao=41&area=0901&item=1,ftp_dbc
country,br,br,Brazil,BR,Brazil,D184,Accident caused by venomous animals,毒性动物伤害,Other,2018-08-01,2018-08,20364,4598.322580645161,0,9.880292402411511,wpp_computed,,sinan_datasus,Brazil DATASUS SINAN,http://siab.datasus.gov.br/DATASUS/index.php?acao=41&area=0901&item=1,ftp_dbc,sinan_datasus,Brazil DATASUS SINAN,http://siab.datasus.gov.br/DATASUS/index.php?acao=41&area=0901&item=1,ftp_dbc
country,br,br,Brazil,BR,Brazil,D185,Work accident with biological material,生物材料职业暴露事故,Other,2018-08-01,2018-08,6055,1367.258064516129,0,2.9377907334807354,wpp_computed,,sinan_datasus,Brazil DATASUS SINAN,http://siab.datasus.gov.br/DATASUS/index.php?acao=41&area=0901&item=1,ftp_dbc,sinan_datasus,Brazil DATASUS SINAN,http://siab.datasus.gov.br/DATASUS/index.php?acao=41&area=0901&item=1,ftp_dbc
country,br,br,Brazil,BR,Brazil,D186,Serious work accident,严重工伤,Other,2018-08-01,2018-08,10147,2291.258064516129,0,4.923164751879277,wpp_computed,,sinan_datasus,Brazil DATASUS SINAN,http://siab.datasus.gov.br/DATASUS/index.php?acao=41&area=0901&item=1,ftp_dbc,sinan_datasus,Brazil DATASUS SINAN,http://siab.datasus.gov.br/DATASUS/index.php?acao=41&area=0901&item=1,ftp_dbc
country,br,br,Brazil,BR,Brazil,D187,Rabies post-exposure prophylaxis,狂犬病暴露后处置,Other,2018-08-01,2018-08,64387,14539.0,0,31.23955936525584,wpp_computed,,sinan_datasus,Brazil DATASUS SINAN,http://siab.datasus.gov.br/DATASUS/index.php?acao=41&area=0901&item=1,ftp_dbc,sinan_datasus,Brazil DATASUS SINAN,http://siab.datasus.gov.br/DATASUS/index.php?acao=41&area=0901&item=1,ftp_dbc
country,br,br,Brazil,BR,Brazil,D188,Work-related cancer,职业相关癌症,Other,2018-08-01,2018-08,64,14.451612903225806,0,0.031051793054131638,wpp_computed,,sinan_datasus,Brazil DATASUS SINAN,http://siab.datasus.gov.br/DATASUS/index.php?acao=41&area=0901&item=1,ftp_dbc,sinan_datasus,Brazil DATASUS SINAN,http://siab.datasus.gov.br/DATASUS/index.php?acao=41&area=0901&item=1,ftp_dbc
country,br,br,Brazil,BR,Brazil,D189,Work-related dermatosis,职业性皮肤病,Other,2018-08-01,2018-08,24,5.419354838709677,0,0.011644422395299364,wpp_computed,,sinan_datasus,Brazil DATASUS SINAN,http://siab.datasus.gov.br/DATASUS/index.php?acao=41&area=0901&item=1,ftp_dbc,sinan_datasus,Brazil DATASUS SINAN,http://siab.datasus.gov.br/DATASUS/index.php?acao=41&area=0901&item=1,ftp_dbc
country,br,br,Brazil,BR,Brazil,D190,Sporotrichosis,孢子丝菌病,Fungal,2018-08-01,2018-08,346,78.12903225806453,0,0.1678737561988992,wpp_computed,,sinan_datasus,Brazil DATASUS SINAN,http://siab.datasus.gov.br/DATASUS/index.php?acao=41&area=0901&item=1,ftp_dbc,sinan_datasus,Brazil DATASUS SINAN,http://siab.datasus.gov.br/DATASUS/index.php?acao=41&area=0901&item=1,ftp_dbc
country,br,br,Brazil,BR,Brazil,D191,Exogenous poisoning,外源性中毒,Other,2018-08-01,2018-08,13233,2988.0967741935483,0,6.420443398208186,wpp_computed,,sinan_datasus,Brazil DATASUS SINAN,http://siab.datasus.gov.br/DATASUS/index.php?acao=41&area=0901&item=1,ftp_dbc,sinan_datasus,Brazil DATASUS SINAN,http://siab.datasus.gov.br/DATASUS/index.php?acao=41&area=0901&item=1,ftp_dbc
country,br,br,Brazil,BR,Brazil,D192,Work-related repetitive strain injury,职业相关重复性劳损,Other,2018-08-01,2018-08,746,168.45161290322582,0,0.3619474627872219,wpp_computed,,sinan_datasus,Brazil DATASUS SINAN,http://siab.datasus.gov.br/DATASUS/index.php?acao=41&area=0901&item=1,ftp_dbc,sinan_datasus,Brazil DATASUS SINAN,http://siab.datasus.gov.br/DATASUS/index.php?acao=41&area=0901&item=1,ftp_dbc
country,br,br,Brazil,BR,Brazil,D193,Work-related mental disorder,职业相关精神障碍,Other,2018-08-01,2018-08,141,31.83870967741936,0,0.06841098157238377,wpp_computed,,sinan_datasus,Brazil DATASUS SINAN,http://siab.datasus.gov.br/DATASUS/index.php?acao=41&area=0901&item=1,ftp_dbc,sinan_datasus,Brazil DATASUS SINAN,http://siab.datasus.gov.br/DATASUS/index.php?acao=41&area=0901&item=1,ftp_dbc
country,br,br,Brazil,BR,Brazil,D194,Noise-induced hearing loss,噪声性听力损失,Other,2018-08-01,2018-08,52,11.741935483870968,0,0.025229581856481956,wpp_computed,,sinan_datasus,Brazil DATASUS SINAN,http://siab.datasus.gov.br/DATASUS/index.php?acao=41&area=0901&item=1,ftp_dbc,sinan_datasus,Brazil DATASUS SINAN,http://siab.datasus.gov.br/DATASUS/index.php?acao=41&area=0901&item=1,ftp_dbc
country,br,br,Brazil,BR,Brazil,D195,Pneumoconiosis,尘肺病,Other,2018-08-01,2018-08,19,4.290322580645161,0,0.00921850106294533,wpp_computed,,sinan_datasus,Brazil DATASUS SINAN,http://siab.datasus.gov.br/DATASUS/index.php?acao=41&area=0901&item=1,ftp_dbc,sinan_datasus,Brazil DATASUS SINAN,http://siab.datasus.gov.br/DATASUS/index.php?acao=41&area=0901&item=1,ftp_dbc
country,br,br,Brazil,BR,Brazil,D196,Foodborne disease outbreak,食源性疾病暴发,Bacterial,2018-08-01,2018-08,61,13.774193548387096,0,0.029596240254719217,wpp_computed,,sinan_datasus,Brazil DATASUS SINAN,http://siab.datasus.gov.br/DATASUS/index.php?acao=41&area=0901&item=1,ftp_dbc,sinan_datasus,Brazil DATASUS SINAN,http://siab.datasus.gov.br/DATASUS/index.php?acao=41&area=0901&item=1,ftp_dbc
country,br,br,Brazil,BR,Brazil,D199,Rotavirus infection,轮状病毒感染,Viral,2018-08-01,2018-08,76,17.161290322580644,0,0.03687400425178132,wpp_computed,,sinan_datasus,Brazil DATASUS SINAN,http://siab.datasus.gov.br/DATASUS/index.php?acao=41&area=0901&item=1,ftp_dbc,sinan_datasus,Brazil DATASUS SINAN,http://siab.datasus.gov.br/DATASUS/index.php?acao=41&area=0901&item=1,ftp_dbc
country,br,br,Brazil,BR,Brazil,D200,Trachoma,沙眼,Bacterial,2018-08-01,2018-08,1338,302.1290322580645,0,0.6491765485379396,wpp_computed,,sinan_datasus,Brazil DATASUS SINAN,http://siab.datasus.gov.br/DATASUS/index.php?acao=41&area=0901&item=1,ftp_dbc,sinan_datasus,Brazil DATASUS SINAN,http://siab.datasus.gov.br/DATASUS/index.php?acao=41&area=0901&item=1,ftp_dbc
country,br,br,Brazil,BR,Brazil,D201,Exanthematous diseases,出疹性疾病,Viral,2018-08-01,2018-08,4353,982.9354838709677,0,2.112007111947422,wpp_computed,,sinan_datasus,Brazil DATASUS SINAN,http://siab.datasus.gov.br/DATASUS/index.php?acao=41&area=0901&item=1,ftp_dbc,sinan_datasus,Brazil DATASUS SINAN,http://siab.datasus.gov.br/DATASUS/index.php?acao=41&area=0901&item=1,ftp_dbc
country,br,br,Brazil,BR,Brazil,D202,Domestic sexual and other violence,家庭/性及其他暴力,Other,2018-08-01,2018-08,30296,6841.032258064516,0,14.699142536999565,wpp_computed,,sinan_datasus,Brazil DATASUS SINAN,http://siab.datasus.gov.br/DATASUS/index.php?acao=41&area=0901&item=1,ftp_dbc,sinan_datasus,Brazil DATASUS SINAN,http://siab.datasus.gov.br/DATASUS/index.php?acao=41&area=0901&item=1,ftp_dbc
country,br,br,Brazil,BR,Brazil,D230,Child exposed to HIV,儿童HIV暴露,Other,2018-08-01,2018-08,746,168.45161290322582,0,0.3619474627872219,wpp_computed,,sinan_datasus,Brazil DATASUS SINAN,http://siab.datasus.gov.br/DATASUS/index.php?acao=41&area=0901&item=1,ftp_dbc,sinan_datasus,Brazil DATASUS SINAN,http://siab.datasus.gov.br/DATASUS/index.php?acao=41&area=0901&item=1,ftp_dbc
country,br,br,Brazil,BR,Brazil,D231,HIV infection in pregnancy surveillance event,孕产期HIV感染监测事件,Viral,2018-08-01,2018-08,849,191.70967741935485,0,0.411921442233715,wpp_computed,,sinan_datasus,Brazil DATASUS SINAN,http://siab.datasus.gov.br/DATASUS/index.php?acao=41&area=0901&item=1,ftp_dbc,sinan_datasus,Brazil DATASUS SINAN,http://siab.datasus.gov.br/DATASUS/index.php?acao=41&area=0901&item=1,ftp_dbc
country,br,br,Brazil,BR,Brazil,D235,Meningitis (all reported etiologies),脑膜炎（全部报告病因）,Other,2018-08-01,2018-08,2019,455.9032258064516,0,0.979587034004559,wpp_computed,,sinan_datasus,Brazil DATASUS SINAN,http://siab.datasus.gov.br/DATASUS/index.php?acao=41&area=0901&item=1,ftp_dbc,sinan_datasus,Brazil DATASUS SINAN,http://siab.datasus.gov.br/DATASUS/index.php?acao=41&area=0901&item=1,ftp_dbc
country,br,br,Brazil,BR,Brazil,D005,AIDS,艾滋病,Viral,2018-09-01,2018-09,3398,767.2903225806451,0,1.6486561374678017,wpp_computed,,sinan_datasus,Brazil DATASUS SINAN,http://siab.datasus.gov.br/DATASUS/index.php?acao=41&area=0901&item=1,ftp_dbc,sinan_datasus,Brazil DATASUS SINAN,http://siab.datasus.gov.br/DATASUS/index.php?acao=41&area=0901&item=1,ftp_dbc
country,br,br,Brazil,BR,Brazil,D021,Dengue,登革热,Viral,2018-09-01,2018-09,7721,1743.4516129032259,0,3.7461077214210996,wpp_computed,,sinan_datasus,Brazil DATASUS SINAN,http://siab.datasus.gov.br/DATASUS/index.php?acao=41&area=0901&item=1,ftp_dbc,sinan_datasus,Brazil DATASUS SINAN,http://siab.datasus.gov.br/DATASUS/index.php?acao=41&area=0901&item=1,ftp_dbc
country,br,br,Brazil,BR,Brazil,D025,Tuberculosis,肺结核,Bacterial,2018-09-01,2018-09,7632,1723.3548387096773,0,3.7029263217051978,wpp_computed,,sinan_datasus,Brazil DATASUS SINAN,http://siab.datasus.gov.br/DATASUS/index.php?acao=41&area=0901&item=1,ftp_dbc,sinan_datasus,Brazil DATASUS SINAN,http://siab.datasus.gov.br/DATASUS/index.php?acao=41&area=0901&item=1,ftp_dbc
country,br,br,Brazil,BR,Brazil,D028,Pertussis,百日咳,Bacterial,2018-09-01,2018-09,533,120.35483870967744,0,0.25860321402894004,wpp_computed,,sinan_datasus,Brazil DATASUS SINAN,http://siab.datasus.gov.br/DATASUS/index.php?acao=41&area=0901&item=1,ftp_dbc,sinan_datasus,Brazil DATASUS SINAN,http://siab.datasus.gov.br/DATASUS/index.php?acao=41&area=0901&item=1,ftp_dbc
country,br,br,Brazil,BR,Brazil,D035,Leptospirosis,钩端螺旋体病,Bacterial,2018-09-01,2018-09,907,204.80645161290323,0,0.4400621296890218,wpp_computed,,sinan_datasus,Brazil DATASUS SINAN,http://siab.datasus.gov.br/DATASUS/index.php?acao=41&area=0901&item=1,ftp_dbc,sinan_datasus,Brazil DATASUS SINAN,http://siab.datasus.gov.br/DATASUS/index.php?acao=41&area=0901&item=1,ftp_dbc
country,br,br,Brazil,BR,Brazil,D036,Schistosomiasis,血吸虫病,Parasitic,2018-09-01,2018-09,346,78.12903225806453,0,0.1678737561988992,wpp_computed,,sinan_datasus,Brazil DATASUS SINAN,http://siab.datasus.gov.br/DATASUS/index.php?acao=41&area=0901&item=1,ftp_dbc,sinan_datasus,Brazil DATASUS SINAN,http://siab.datasus.gov.br/DATASUS/index.php?acao=41&area=0901&item=1,ftp_dbc
country,br,br,Brazil,BR,Brazil,D037,Malaria,疟疾,Parasitic,2018-09-01,2018-09,321,72.48387096774194,0,0.15574414953712898,wpp_computed,,sinan_datasus,Brazil DATASUS SINAN,http://siab.datasus.gov.br/DATASUS/index.php?acao=41&area=0901&item=1,ftp_dbc,sinan_datasus,Brazil DATASUS SINAN,http://siab.datasus.gov.br/DATASUS/index.php?acao=41&area=0901&item=1,ftp_dbc
country,br,br,Brazil,BR,Brazil,D042,Leprosy,麻风病,Bacterial,2018-09-01,2018-09,3138,708.5806451612902,0,1.5225082281853919,wpp_computed,,sinan_datasus,Brazil DATASUS SINAN,http://siab.datasus.gov.br/DATASUS/index.php?acao=41&area=0901&item=1,ftp_dbc,sinan_datasus,Brazil DATASUS SINAN,http://siab.datasus.gov.br/DATASUS/index.php?acao=41&area=0901&item=1,ftp_dbc
country,br,br,Brazil,BR,Brazil,D044,Kala-azar,黑热病,Parasitic,2018-09-01,2018-09,876,197.80645161290323,0,0.4250214174284268,wpp_computed,,sinan_datasus,Brazil DATASUS SINAN,http://siab.datasus.gov.br/DATASUS/index.php?acao=41&area=0901&item=1,ftp_dbc,sinan_datasus,Brazil DATASUS SINAN,http://siab.datasus.gov.br/DATASUS/index.php?acao=41&area=0901&item=1,ftp_dbc
country,br,br,Brazil,BR,Brazil,D051,Zika virus disease,寨卡病毒病,Viral,2018-09-01,2018-09,925,208.8709677419355,0,0.4487954464854963,wpp_computed,,sinan_datasus,Brazil DATASUS SINAN,http://siab.datasus.gov.br/DATASUS/index.php?acao=41&area=0901&item=1,ftp_dbc,sinan_datasus,Brazil DATASUS SINAN,http://siab.datasus.gov.br/DATASUS/index.php?acao=41&area=0901&item=1,ftp_dbc
country,br,br,Brazil,BR,Brazil,D052,Chikungunya,基孔肯雅热,Viral,2018-09-01,2018-09,4457,1006.4193548387098,0,2.1624662756603863,wpp_computed,,sinan_datasus,Brazil DATASUS SINAN,http://siab.datasus.gov.br/DATASUS/index.php?acao=41&area=0901&item=1,ftp_dbc,sinan_datasus,Brazil DATASUS SINAN,http://siab.datasus.gov.br/DATASUS/index.php?acao=41&area=0901&item=1,ftp_dbc
country,br,br,Brazil,BR,Brazil,D054,Varicella,水痘,Viral,2018-09-01,2018-09,2427,548.0322580645162,0,1.1775422147246482,wpp_computed,,sinan_datasus,Brazil DATASUS SINAN,http://siab.datasus.gov.br/DATASUS/index.php?acao=41&area=0901&item=1,ftp_dbc,sinan_datasus,Brazil DATASUS SINAN,http://siab.datasus.gov.br/DATASUS/index.php?acao=41&area=0901&item=1,ftp_dbc
country,br,br,Brazil,BR,Brazil,D082,Leishmaniasis,利什曼病,Parasitic,2018-09-01,2018-09,1258,284.06451612903226,0,0.610361807220275,wpp_computed,,sinan_datasus,Brazil DATASUS SINAN,http://siab.datasus.gov.br/DATASUS/index.php?acao=41&area=0901&item=1,ftp_dbc,sinan_datasus,Brazil DATASUS SINAN,http://siab.datasus.gov.br/DATASUS/index.php?acao=41&area=0901&item=1,ftp_dbc
country,br,br,Brazil,BR,Brazil,D084,Chagas disease,恰加斯病,Parasitic,2018-09-01,2018-09,429,96.87096774193547,0,0.2081440503159761,wpp_computed,,sinan_datasus,Brazil DATASUS SINAN,http://siab.datasus.gov.br/DATASUS/index.php?acao=41&area=0901&item=1,ftp_dbc,sinan_datasus,Brazil DATASUS SINAN,http://siab.datasus.gov.br/DATASUS/index.php?acao=41&area=0901&item=1,ftp_dbc
country,br,br,Brazil,BR,Brazil,D118,Spotted fever rickettsiosis,斑点热立克次体病,Bacterial,2018-09-01,2018-09,773,174.54838709677418,0,0.3750474379819337,wpp_computed,,sinan_datasus,Brazil DATASUS SINAN,http://siab.datasus.gov.br/DATASUS/index.php?acao=41&area=0901&item=1,ftp_dbc,sinan_datasus,Brazil DATASUS SINAN,http://siab.datasus.gov.br/DATASUS/index.php?acao=41&area=0901&item=1,ftp_dbc
country,br,br,Brazil,BR,Brazil,D120,Tetanus,破伤风,Bacterial,2018-09-01,2018-09,32,7.225806451612903,0,0.015525896527065819,wpp_computed,,sinan_datasus,Brazil DATASUS SINAN,http://siab.datasus.gov.br/DATASUS/index.php?acao=41&area=0901&item=1,ftp_dbc,sinan_datasus,Brazil DATASUS SINAN,http://siab.datasus.gov.br/DATASUS/index.php?acao=41&area=0901&item=1,ftp_dbc
country,br,br,Brazil,BR,Brazil,D124,Typhoid fever,伤寒,Bacterial,2018-09-01,2018-09,24,5.419354838709677,0,0.011644422395299364,wpp_computed,,sinan_datasus,Brazil DATASUS SINAN,http://siab.datasus.gov.br/DATASUS/index.php?acao=41&area=0901&item=1,ftp_dbc,sinan_datasus,Brazil DATASUS SINAN,http://siab.datasus.gov.br/DATASUS/index.php?acao=41&area=0901&item=1,ftp_dbc
country,br,br,Brazil,BR,Brazil,D144,Creutzfeldt-Jakob disease,克雅氏病,Prion,2018-09-01,2018-09,11,2.4838709677419355,0,0.005337026931178875,wpp_computed,,sinan_datasus,Brazil DATASUS SINAN,http://siab.datasus.gov.br/DATASUS/index.php?acao=41&area=0901&item=1,ftp_dbc,sinan_datasus,Brazil DATASUS SINAN,http://siab.datasus.gov.br/DATASUS/index.php?acao=41&area=0901&item=1,ftp_dbc
country,br,br,Brazil,BR,Brazil,D162,HIV infection,人类免疫缺乏病毒感染,Viral,2018-09-01,2018-09,4260,961.9354838709677,0,2.066884975165637,wpp_computed,,sinan_datasus,Brazil DATASUS SINAN,http://siab.datasus.gov.br/DATASUS/index.php?acao=41&area=0901&item=1,ftp_dbc,sinan_datasus,Brazil DATASUS SINAN,http://siab.datasus.gov.br/DATASUS/index.php?acao=41&area=0901&item=1,ftp_dbc
country,br,br,Brazil,BR,Brazil,D168,Congenital rubella syndrome,先天性风疹综合征,Viral,2018-09-01,2018-09,7,1.5806451612903225,0,0.0033962898652956475,wpp_computed,,sinan_datasus,Brazil DATASUS SINAN,http://siab.datasus.gov.br/DATASUS/index.php?acao=41&area=0901&item=1,ftp_dbc,sinan_datasus,Brazil DATASUS SINAN,http://siab.datasus.gov.br/DATASUS/index.php?acao=41&area=0901&item=1,ftp_dbc
country,br,br,Brazil,BR,Brazil,D178,Acute flaccid paralysis,急性无力肢体麻痹,Other,2018-09-01,2018-09,40,9.032258064516128,0,0.019407370658832274,wpp_computed,,sinan_datasus,Brazil DATASUS SINAN,http://siab.datasus.gov.br/DATASUS/index.php?acao=41&area=0901&item=1,ftp_dbc,sinan_datasus,Brazil DATASUS SINAN,http://siab.datasus.gov.br/DATASUS/index.php?acao=41&area=0901&item=1,ftp_dbc
country,br,br,Brazil,BR,Brazil,D184,Accident caused by venomous animals,毒性动物伤害,Other,2018-09-01,2018-09,21887,4942.225806451613,0,10.619228040246549,wpp_computed,,sinan_datasus,Brazil DATASUS SINAN,http://siab.datasus.gov.br/DATASUS/index.php?acao=41&area=0901&item=1,ftp_dbc,sinan_datasus,Brazil DATASUS SINAN,http://siab.datasus.gov.br/DATASUS/index.php?acao=41&area=0901&item=1,ftp_dbc
country,br,br,Brazil,BR,Brazil,D185,Work accident with biological material,生物材料职业暴露事故,Other,2018-09-01,2018-09,5556,1254.5806451612902,0,2.6956837845118025,wpp_computed,,sinan_datasus,Brazil DATASUS SINAN,http://siab.datasus.gov.br/DATASUS/index.php?acao=41&area=0901&item=1,ftp_dbc,sinan_datasus,Brazil DATASUS SINAN,http://siab.datasus.gov.br/DATASUS/index.php?acao=41&area=0901&item=1,ftp_dbc
country,br,br,Brazil,BR,Brazil,D186,Serious work accident,严重工伤,Other,2018-09-01,2018-09,8259,1864.9354838709678,0,4.0071368567823935,wpp_computed,,sinan_datasus,Brazil DATASUS SINAN,http://siab.datasus.gov.br/DATASUS/index.php?acao=41&area=0901&item=1,ftp_dbc,sinan_datasus,Brazil DATASUS SINAN,http://siab.datasus.gov.br/DATASUS/index.php?acao=41&area=0901&item=1,ftp_dbc
country,br,br,Brazil,BR,Brazil,D187,Rabies post-exposure prophylaxis,狂犬病暴露后处置,Other,2018-09-01,2018-09,63259,14284.290322580644,0,30.69227151267677,wpp_computed,,sinan_datasus,Brazil DATASUS SINAN,http://siab.datasus.gov.br/DATASUS/index.php?acao=41&area=0901&item=1,ftp_dbc,sinan_datasus,Brazil DATASUS SINAN,http://siab.datasus.gov.br/DATASUS/index.php?acao=41&area=0901&item=1,ftp_dbc
country,br,br,Brazil,BR,Brazil,D188,Work-related cancer,职业相关癌症,Other,2018-09-01,2018-09,29,6.548387096774193,0,0.014070343727653398,wpp_computed,,sinan_datasus,Brazil DATASUS SINAN,http://siab.datasus.gov.br/DATASUS/index.php?acao=41&area=0901&item=1,ftp_dbc,sinan_datasus,Brazil DATASUS SINAN,http://siab.datasus.gov.br/DATASUS/index.php?acao=41&area=0901&item=1,ftp_dbc
country,br,br,Brazil,BR,Brazil,D189,Work-related dermatosis,职业性皮肤病,Other,2018-09-01,2018-09,37,8.35483870967742,0,0.017951817859419853,wpp_computed,,sinan_datasus,Brazil DATASUS SINAN,http://siab.datasus.gov.br/DATASUS/index.php?acao=41&area=0901&item=1,ftp_dbc,sinan_datasus,Brazil DATASUS SINAN,http://siab.datasus.gov.br/DATASUS/index.php?acao=41&area=0901&item=1,ftp_dbc
country,br,br,Brazil,BR,Brazil,D190,Sporotrichosis,孢子丝菌病,Fungal,2018-09-01,2018-09,352,79.48387096774194,0,0.170784861797724,wpp_computed,,sinan_datasus,Brazil DATASUS SINAN,http://siab.datasus.gov.br/DATASUS/index.php?acao=41&area=0901&item=1,ftp_dbc,sinan_datasus,Brazil DATASUS SINAN,http://siab.datasus.gov.br/DATASUS/index.php?acao=41&area=0901&item=1,ftp_dbc
country,br,br,Brazil,BR,Brazil,D191,Exogenous poisoning,外源性中毒,Other,2018-09-01,2018-09,14101,3184.0967741935483,0,6.841583341504847,wpp_computed,,sinan_datasus,Brazil DATASUS SINAN,http://siab.datasus.gov.br/DATASUS/index.php?acao=41&area=0901&item=1,ftp_dbc,sinan_datasus,Brazil DATASUS SINAN,http://siab.datasus.gov.br/DATASUS/index.php?acao=41&area=0901&item=1,ftp_dbc
country,br,br,Brazil,BR,Brazil,D192,Work-related repetitive strain injury,职业相关重复性劳损,Other,2018-09-01,2018-09,828,186.96774193548387,0,0.4017325726378281,wpp_computed,,sinan_datasus,Brazil DATASUS SINAN,http://siab.datasus.gov.br/DATASUS/index.php?acao=41&area=0901&item=1,ftp_dbc,sinan_datasus,Brazil DATASUS SINAN,http://siab.datasus.gov.br/DATASUS/index.php?acao=41&area=0901&item=1,ftp_dbc
country,br,br,Brazil,BR,Brazil,D193,Work-related mental disorder,职业相关精神障碍,Other,2018-09-01,2018-09,186,42.0,0,0.09024427356357007,wpp_computed,,sinan_datasus,Brazil DATASUS SINAN,http://siab.datasus.gov.br/DATASUS/index.php?acao=41&area=0901&item=1,ftp_dbc,sinan_datasus,Brazil DATASUS SINAN,http://siab.datasus.gov.br/DATASUS/index.php?acao=41&area=0901&item=1,ftp_dbc
country,br,br,Brazil,BR,Brazil,D194,Noise-induced hearing loss,噪声性听力损失,Other,2018-09-01,2018-09,46,10.387096774193548,0,0.022318476257657115,wpp_computed,,sinan_datasus,Brazil DATASUS SINAN,http://siab.datasus.gov.br/DATASUS/index.php?acao=41&area=0901&item=1,ftp_dbc,sinan_datasus,Brazil DATASUS SINAN,http://siab.datasus.gov.br/DATASUS/index.php?acao=41&area=0901&item=1,ftp_dbc
country,br,br,Brazil,BR,Brazil,D195,Pneumoconiosis,尘肺病,Other,2018-09-01,2018-09,103,23.258064516129032,0,0.04997397944649311,wpp_computed,,sinan_datasus,Brazil DATASUS SINAN,http://siab.datasus.gov.br/DATASUS/index.php?acao=41&area=0901&item=1,ftp_dbc,sinan_datasus,Brazil DATASUS SINAN,http://siab.datasus.gov.br/DATASUS/index.php?acao=41&area=0901&item=1,ftp_dbc
country,br,br,Brazil,BR,Brazil,D196,Foodborne disease outbreak,食源性疾病暴发,Bacterial,2018-09-01,2018-09,42,9.483870967741934,0,0.020377739191773887,wpp_computed,,sinan_datasus,Brazil DATASUS SINAN,http://siab.datasus.gov.br/DATASUS/index.php?acao=41&area=0901&item=1,ftp_dbc,sinan_datasus,Brazil DATASUS SINAN,http://siab.datasus.gov.br/DATASUS/index.php?acao=41&area=0901&item=1,ftp_dbc
country,br,br,Brazil,BR,Brazil,D199,Rotavirus infection,轮状病毒感染,Viral,2018-09-01,2018-09,72,16.258064516129032,0,0.03493326718589809,wpp_computed,,sinan_datasus,Brazil DATASUS SINAN,http://siab.datasus.gov.br/DATASUS/index.php?acao=41&area=0901&item=1,ftp_dbc,sinan_datasus,Brazil DATASUS SINAN,http://siab.datasus.gov.br/DATASUS/index.php?acao=41&area=0901&item=1,ftp_dbc
country,br,br,Brazil,BR,Brazil,D200,Trachoma,沙眼,Bacterial,2018-09-01,2018-09,562,126.90322580645162,0,0.2726735577565934,wpp_computed,,sinan_datasus,Brazil DATASUS SINAN,http://siab.datasus.gov.br/DATASUS/index.php?acao=41&area=0901&item=1,ftp_dbc,sinan_datasus,Brazil DATASUS SINAN,http://siab.datasus.gov.br/DATASUS/index.php?acao=41&area=0901&item=1,ftp_dbc
country,br,br,Brazil,BR,Brazil,D201,Exanthematous diseases,出疹性疾病,Viral,2018-09-01,2018-09,1497,338.0322580645161,0,0.7263208469067978,wpp_computed,,sinan_datasus,Brazil DATASUS SINAN,http://siab.datasus.gov.br/DATASUS/index.php?acao=41&area=0901&item=1,ftp_dbc,sinan_datasus,Brazil DATASUS SINAN,http://siab.datasus.gov.br/DATASUS/index.php?acao=41&area=0901&item=1,ftp_dbc
country,br,br,Brazil,BR,Brazil,D202,Domestic sexual and other violence,家庭/性及其他暴力,Other,2018-09-01,2018-09,31714,7161.225806451613,0,15.387133826855168,wpp_computed,,sinan_datasus,Brazil DATASUS SINAN,http://siab.datasus.gov.br/DATASUS/index.php?acao=41&area=0901&item=1,ftp_dbc,sinan_datasus,Brazil DATASUS SINAN,http://siab.datasus.gov.br/DATASUS/index.php?acao=41&area=0901&item=1,ftp_dbc
country,br,br,Brazil,BR,Brazil,D230,Child exposed to HIV,儿童HIV暴露,Other,2018-09-01,2018-09,630,142.25806451612905,0,0.3056660878766083,wpp_computed,,sinan_datasus,Brazil DATASUS SINAN,http://siab.datasus.gov.br/DATASUS/index.php?acao=41&area=0901&item=1,ftp_dbc,sinan_datasus,Brazil DATASUS SINAN,http://siab.datasus.gov.br/DATASUS/index.php?acao=41&area=0901&item=1,ftp_dbc
country,br,br,Brazil,BR,Brazil,D231,HIV infection in pregnancy surveillance event,孕产期HIV感染监测事件,Viral,2018-09-01,2018-09,716,161.67741935483872,0,0.34739193479309766,wpp_computed,,sinan_datasus,Brazil DATASUS SINAN,http://siab.datasus.gov.br/DATASUS/index.php?acao=41&area=0901&item=1,ftp_dbc,sinan_datasus,Brazil DATASUS SINAN,http://siab.datasus.gov.br/DATASUS/index.php?acao=41&area=0901&item=1,ftp_dbc
country,br,br,Brazil,BR,Brazil,D235,Meningitis (all reported etiologies),脑膜炎（全部报告病因）,Other,2018-09-01,2018-09,2090,471.93548387096774,0,1.0140351169239863,wpp_computed,,sinan_datasus,Brazil DATASUS SINAN,http://siab.datasus.gov.br/DATASUS/index.php?acao=41&area=0901&item=1,ftp_dbc,sinan_datasus,Brazil DATASUS SINAN,http://siab.datasus.gov.br/DATASUS/index.php?acao=41&area=0901&item=1,ftp_dbc
country,br,br,Brazil,BR,Brazil,D001,Plague,鼠疫,Bacterial,2018-10-01,2018-10,1,0.05737704918032787,0,0.00048518426647080684,wpp_computed,,sinan_datasus,Brazil DATASUS SINAN,http://siab.datasus.gov.br/DATASUS/index.php?acao=41&area=0901&item=1,ftp_dbc,sinan_datasus,Brazil DATASUS SINAN,http://siab.datasus.gov.br/DATASUS/index.php?acao=41&area=0901&item=1,ftp_dbc
country,br,br,Brazil,BR,Brazil,D002,Cholera,霍乱,Bacterial,2018-10-01,2018-10,1,0.007194244604316547,0,0.00048518426647080684,wpp_computed,,sinan_datasus,Brazil DATASUS SINAN,http://siab.datasus.gov.br/DATASUS/index.php?acao=41&area=0901&item=1,ftp_dbc,sinan_datasus,Brazil DATASUS SINAN,http://siab.datasus.gov.br/DATASUS/index.php?acao=41&area=0901&item=1,ftp_dbc
country,br,br,Brazil,BR,Brazil,D005,AIDS,艾滋病,Viral,2018-10-01,2018-10,3851,898.5666666666667,0,1.868444610179077,wpp_computed,,sinan_datasus,Brazil DATASUS SINAN,http://siab.datasus.gov.br/DATASUS/index.php?acao=41&area=0901&item=1,ftp_dbc,sinan_datasus,Brazil DATASUS SINAN,http://siab.datasus.gov.br/DATASUS/index.php?acao=41&area=0901&item=1,ftp_dbc
country,br,br,Brazil,BR,Brazil,D021,Dengue,登革热,Viral,2018-10-01,2018-10,10147,2367.633333333333,0,4.923164751879277,wpp_computed,,sinan_datasus,Brazil DATASUS SINAN,http://siab.datasus.gov.br/DATASUS/index.php?acao=41&area=0901&item=1,ftp_dbc,sinan_datasus,Brazil DATASUS SINAN,http://siab.datasus.gov.br/DATASUS/index.php?acao=41&area=0901&item=1,ftp_dbc
country,br,br,Brazil,BR,Brazil,D025,Tuberculosis,肺结核,Bacterial,2018-10-01,2018-10,8826,2059.4,0,4.282236335871341,wpp_computed,,sinan_datasus,Brazil DATASUS SINAN,http://siab.datasus.gov.br/DATASUS/index.php?acao=41&area=0901&item=1,ftp_dbc,sinan_datasus,Brazil DATASUS SINAN,http://siab.datasus.gov.br/DATASUS/index.php?acao=41&area=0901&item=1,ftp_dbc
country,br,br,Brazil,BR,Brazil,D028,Pertussis,百日咳,Bacterial,2018-10-01,2018-10,601,140.23333333333335,0,0.29159574414895495,wpp_computed,,sinan_datasus,Brazil DATASUS SINAN,http://siab.datasus.gov.br/DATASUS/index.php?acao=41&area=0901&item=1,ftp_dbc,sinan_datasus,Brazil DATASUS SINAN,http://siab.datasus.gov.br/DATASUS/index.php?acao=41&area=0901&item=1,ftp_dbc
country,br,br,Brazil,BR,Brazil,D029,Diphtheria,白喉,Bacterial,2018-10-01,2018-10,5,0.5737704918032787,0,0.002425921332354034,wpp_computed,,sinan_datasus,Brazil DATASUS SINAN,http://siab.datasus.gov.br/DATASUS/index.php?acao=41&area=0901&item=1,ftp_dbc,sinan_datasus,Brazil DATASUS SINAN,http://siab.datasus.gov.br/DATASUS/index.php?acao=41&area=0901&item=1,ftp_dbc
country,br,br,Brazil,BR,Brazil,D035,Leptospirosis,钩端螺旋体病,Bacterial,2018-10-01,2018-10,1115,260.16666666666663,0,0.5409804571149496,wpp_computed,,sinan_datasus,Brazil DATASUS SINAN,http://siab.datasus.gov.br/DATASUS/index.php?acao=41&area=0901&item=1,ftp_dbc,sinan_datasus,Brazil DATASUS SINAN,http://siab.datasus.gov.br/DATASUS/index.php?acao=41&area=0901&item=1,ftp_dbc
country,br,br,Brazil,BR,Brazil,D036,Schistosomiasis,血吸虫病,Parasitic,2018-10-01,2018-10,375,87.5,0,0.18194409992655255,wpp_computed,,sinan_datasus,Brazil DATASUS SINAN,http://siab.datasus.gov.br/DATASUS/index.php?acao=41&area=0901&item=1,ftp_dbc,sinan_datasus,Brazil DATASUS SINAN,http://siab.datasus.gov.br/DATASUS/index.php?acao=41&area=0901&item=1,ftp_dbc
country,br,br,Brazil,BR,Brazil,D037,Malaria,疟疾,Parasitic,2018-10-01,2018-10,276,64.39999999999999,0,0.1339108575459427,wpp_computed,,sinan_datasus,Brazil DATASUS SINAN,http://siab.datasus.gov.br/DATASUS/index.php?acao=41&area=0901&item=1,ftp_dbc,sinan_datasus,Brazil DATASUS SINAN,http://siab.datasus.gov.br/DATASUS/index.php?acao=41&area=0901&item=1,ftp_dbc
country,br,br,Brazil,BR,Brazil,D042,Leprosy,麻风病,Bacterial,2018-10-01,2018-10,3455,806.1666666666667,0,1.6763116406566374,wpp_computed,,sinan_datasus,Brazil DATASUS SINAN,http://siab.datasus.gov.br/DATASUS/index.php?acao=41&area=0901&item=1,ftp_dbc,sinan_datasus,Brazil DATASUS SINAN,http://siab.datasus.gov.br/DATASUS/index.php?acao=41&area=0901&item=1,ftp_dbc
country,br,br,Brazil,BR,Brazil,D044,Kala-azar,黑热病,Parasitic,2018-10-01,2018-10,896,209.06666666666666,0,0.4347251027578429,wpp_computed,,sinan_datasus,Brazil DATASUS SINAN,http://siab.datasus.gov.br/DATASUS/index.php?acao=41&area=0901&item=1,ftp_dbc,sinan_datasus,Brazil DATASUS SINAN,http://siab.datasus.gov.br/DATASUS/index.php?acao=41&area=0901&item=1,ftp_dbc
country,br,br,Brazil,BR,Brazil,D051,Zika virus disease,寨卡病毒病,Viral,2018-10-01,2018-10,1083,252.70000000000002,0,0.5254545605878838,wpp_computed,,sinan_datasus,Brazil DATASUS SINAN,http://siab.datasus.gov.br/DATASUS/index.php?acao=41&area=0901&item=1,ftp_dbc,sinan_datasus,Brazil DATASUS SINAN,http://siab.datasus.gov.br/DATASUS/index.php?acao=41&area=0901&item=1,ftp_dbc
country,br,br,Brazil,BR,Brazil,D052,Chikungunya,基孔肯雅热,Viral,2018-10-01,2018-10,4401,1026.8999999999999,0,2.135295956738021,wpp_computed,,sinan_datasus,Brazil DATASUS SINAN,http://siab.datasus.gov.br/DATASUS/index.php?acao=41&area=0901&item=1,ftp_dbc,sinan_datasus,Brazil DATASUS SINAN,http://siab.datasus.gov.br/DATASUS/index.php?acao=41&area=0901&item=1,ftp_dbc
country,br,br,Brazil,BR,Brazil,D054,Varicella,水痘,Viral,2018-10-01,2018-10,4094,955.2666666666667,0,1.9863443869314832,wpp_computed,,sinan_datasus,Brazil DATASUS SINAN,http://siab.datasus.gov.br/DATASUS/index.php?acao=41&area=0901&item=1,ftp_dbc,sinan_datasus,Brazil DATASUS SINAN,http://siab.datasus.gov.br/DATASUS/index.php?acao=41&area=0901&item=1,ftp_dbc
country,br,br,Brazil,BR,Brazil,D082,Leishmaniasis,利什曼病,Parasitic,2018-10-01,2018-10,1604,374.26666666666665,0,0.7782355634191742,wpp_computed,,sinan_datasus,Brazil DATASUS SINAN,http://siab.datasus.gov.br/DATASUS/index.php?acao=41&area=0901&item=1,ftp_dbc,sinan_datasus,Brazil DATASUS SINAN,http://siab.datasus.gov.br/DATASUS/index.php?acao=41&area=0901&item=1,ftp_dbc
country,br,br,Brazil,BR,Brazil,D084,Chagas disease,恰加斯病,Parasitic,2018-10-01,2018-10,498,116.20000000000002,0,0.24162176470246183,wpp_computed,,sinan_datasus,Brazil DATASUS SINAN,http://siab.datasus.gov.br/DATASUS/index.php?acao=41&area=0901&item=1,ftp_dbc,sinan_datasus,Brazil DATASUS SINAN,http://siab.datasus.gov.br/DATASUS/index.php?acao=41&area=0901&item=1,ftp_dbc
country,br,br,Brazil,BR,Brazil,D118,Spotted fever rickettsiosis,斑点热立克次体病,Bacterial,2018-10-01,2018-10,814,189.93333333333334,0,0.3949399929072368,wpp_computed,,sinan_datasus,Brazil DATASUS SINAN,http://siab.datasus.gov.br/DATASUS/index.php?acao=41&area=0901&item=1,ftp_dbc,sinan_datasus,Brazil DATASUS SINAN,http://siab.datasus.gov.br/DATASUS/index.php?acao=41&area=0901&item=1,ftp_dbc
country,br,br,Brazil,BR,Brazil,D120,Tetanus,破伤风,Bacterial,2018-10-01,2018-10,40,9.333333333333332,0,0.019407370658832274,wpp_computed,,sinan_datasus,Brazil DATASUS SINAN,http://siab.datasus.gov.br/DATASUS/index.php?acao=41&area=0901&item=1,ftp_dbc,sinan_datasus,Brazil DATASUS SINAN,http://siab.datasus.gov.br/DATASUS/index.php?acao=41&area=0901&item=1,ftp_dbc
country,br,br,Brazil,BR,Brazil,D124,Typhoid fever,伤寒,Bacterial,2018-10-01,2018-10,43,10.033333333333333,0,0.020862923458244694,wpp_computed,,sinan_datasus,Brazil DATASUS SINAN,http://siab.datasus.gov.br/DATASUS/index.php?acao=41&area=0901&item=1,ftp_dbc,sinan_datasus,Brazil DATASUS SINAN,http://siab.datasus.gov.br/DATASUS/index.php?acao=41&area=0901&item=1,ftp_dbc
country,br,br,Brazil,BR,Brazil,D144,Creutzfeldt-Jakob disease,克雅氏病,Prion,2018-10-01,2018-10,5,1.1666666666666665,0,0.002425921332354034,wpp_computed,,sinan_datasus,Brazil DATASUS SINAN,http://siab.datasus.gov.br/DATASUS/index.php?acao=41&area=0901&item=1,ftp_dbc,sinan_datasus,Brazil DATASUS SINAN,http://siab.datasus.gov.br/DATASUS/index.php?acao=41&area=0901&item=1,ftp_dbc
country,br,br,Brazil,BR,Brazil,D162,HIV infection,人类免疫缺乏病毒感染,Viral,2018-10-01,2018-10,4802,1120.4666666666667,0,2.3298548475928142,wpp_computed,,sinan_datasus,Brazil DATASUS SINAN,http://siab.datasus.gov.br/DATASUS/index.php?acao=41&area=0901&item=1,ftp_dbc,sinan_datasus,Brazil DATASUS SINAN,http://siab.datasus.gov.br/DATASUS/index.php?acao=41&area=0901&item=1,ftp_dbc
country,br,br,Brazil,BR,Brazil,D168,Congenital rubella syndrome,先天性风疹综合征,Viral,2018-10-01,2018-10,6,1.4000000000000001,0,0.002911105598824841,wpp_computed,,sinan_datasus,Brazil DATASUS SINAN,http://siab.datasus.gov.br/DATASUS/index.php?acao=41&area=0901&item=1,ftp_dbc,sinan_datasus,Brazil DATASUS SINAN,http://siab.datasus.gov.br/DATASUS/index.php?acao=41&area=0901&item=1,ftp_dbc
country,br,br,Brazil,BR,Brazil,D178,Acute flaccid paralysis,急性无力肢体麻痹,Other,2018-10-01,2018-10,50,11.666666666666668,0,0.024259213323540346,wpp_computed,,sinan_datasus,Brazil DATASUS SINAN,http://siab.datasus.gov.br/DATASUS/index.php?acao=41&area=0901&item=1,ftp_dbc,sinan_datasus,Brazil DATASUS SINAN,http://siab.datasus.gov.br/DATASUS/index.php?acao=41&area=0901&item=1,ftp_dbc
country,br,br,Brazil,BR,Brazil,D184,Accident caused by venomous animals,毒性动物伤害,Other,2018-10-01,2018-10,24740,5772.666666666666,0,12.003458752487761,wpp_computed,,sinan_datasus,Brazil DATASUS SINAN,http://siab.datasus.gov.br/DATASUS/index.php?acao=41&area=0901&item=1,ftp_dbc,sinan_datasus,Brazil DATASUS SINAN,http://siab.datasus.gov.br/DATASUS/index.php?acao=41&area=0901&item=1,ftp_dbc
country,br,br,Brazil,BR,Brazil,D185,Work accident with biological material,生物材料职业暴露事故,Other,2018-10-01,2018-10,6148,1434.5333333333333,0,2.9829128702625205,wpp_computed,,sinan_datasus,Brazil DATASUS SINAN,http://siab.datasus.gov.br/DATASUS/index.php?acao=41&area=0901&item=1,ftp_dbc,sinan_datasus,Brazil DATASUS SINAN,http://siab.datasus.gov.br/DATASUS/index.php?acao=41&area=0901&item=1,ftp_dbc
country,br,br,Brazil,BR,Brazil,D186,Serious work accident,严重工伤,Other,2018-10-01,2018-10,9499,2216.4333333333334,0,4.608765347206194,wpp_computed,,sinan_datasus,Brazil DATASUS SINAN,http://siab.datasus.gov.br/DATASUS/index.php?acao=41&area=0901&item=1,ftp_dbc,sinan_datasus,Brazil DATASUS SINAN,http://siab.datasus.gov.br/DATASUS/index.php?acao=41&area=0901&item=1,ftp_dbc
country,br,br,Brazil,BR,Brazil,D187,Rabies post-exposure prophylaxis,狂犬病暴露后处置,Other,2018-10-01,2018-10,63200,14746.666666666666,0,30.66364564095499,wpp_computed,,sinan_datasus,Brazil DATASUS SINAN,http://siab.datasus.gov.br/DATASUS/index.php?acao=41&area=0901&item=1,ftp_dbc,sinan_datasus,Brazil DATASUS SINAN,http://siab.datasus.gov.br/DATASUS/index.php?acao=41&area=0901&item=1,ftp_dbc
country,br,br,Brazil,BR,Brazil,D188,Work-related cancer,职业相关癌症,Other,2018-10-01,2018-10,31,7.233333333333334,0,0.01504071226059501,wpp_computed,,sinan_datasus,Brazil DATASUS SINAN,http://siab.datasus.gov.br/DATASUS/index.php?acao=41&area=0901&item=1,ftp_dbc,sinan_datasus,Brazil DATASUS SINAN,http://siab.datasus.gov.br/DATASUS/index.php?acao=41&area=0901&item=1,ftp_dbc
country,br,br,Brazil,BR,Brazil,D189,Work-related dermatosis,职业性皮肤病,Other,2018-10-01,2018-10,32,7.466666666666667,0,0.015525896527065819,wpp_computed,,sinan_datasus,Brazil DATASUS SINAN,http://siab.datasus.gov.br/DATASUS/index.php?acao=41&area=0901&item=1,ftp_dbc,sinan_datasus,Brazil DATASUS SINAN,http://siab.datasus.gov.br/DATASUS/index.php?acao=41&area=0901&item=1,ftp_dbc
country,br,br,Brazil,BR,Brazil,D190,Sporotrichosis,孢子丝菌病,Fungal,2018-10-01,2018-10,245,57.166666666666664,0,0.11887014528534767,wpp_computed,,sinan_datasus,Brazil DATASUS SINAN,http://siab.datasus.gov.br/DATASUS/index.php?acao=41&area=0901&item=1,ftp_dbc,sinan_datasus,Brazil DATASUS SINAN,http://siab.datasus.gov.br/DATASUS/index.php?acao=41&area=0901&item=1,ftp_dbc
country,br,br,Brazil,BR,Brazil,D191,Exogenous poisoning,外源性中毒,Other,2018-10-01,2018-10,15804,3687.5999999999995,0,7.6678521473046315,wpp_computed,,sinan_datasus,Brazil DATASUS SINAN,http://siab.datasus.gov.br/DATASUS/index.php?acao=41&area=0901&item=1,ftp_dbc,sinan_datasus,Brazil DATASUS SINAN,http://siab.datasus.gov.br/DATASUS/index.php?acao=41&area=0901&item=1,ftp_dbc
country,br,br,Brazil,BR,Brazil,D192,Work-related repetitive strain injury,职业相关重复性劳损,Other,2018-10-01,2018-10,732,170.79999999999998,0,0.3551548830566306,wpp_computed,,sinan_datasus,Brazil DATASUS SINAN,http://siab.datasus.gov.br/DATASUS/index.php?acao=41&area=0901&item=1,ftp_dbc,sinan_datasus,Brazil DATASUS SINAN,http://siab.datasus.gov.br/DATASUS/index.php?acao=41&area=0901&item=1,ftp_dbc
country,br,br,Brazil,BR,Brazil,D193,Work-related mental disorder,职业相关精神障碍,Other,2018-10-01,2018-10,128,29.866666666666667,0,0.062103586108263276,wpp_computed,,sinan_datasus,Brazil DATASUS SINAN,http://siab.datasus.gov.br/DATASUS/index.php?acao=41&area=0901&item=1,ftp_dbc,sinan_datasus,Brazil DATASUS SINAN,http://siab.datasus.gov.br/DATASUS/index.php?acao=41&area=0901&item=1,ftp_dbc
country,br,br,Brazil,BR,Brazil,D194,Noise-induced hearing loss,噪声性听力损失,Other,2018-10-01,2018-10,37,8.633333333333333,0,0.017951817859419853,wpp_computed,,sinan_datasus,Brazil DATASUS SINAN,http://siab.datasus.gov.br/DATASUS/index.php?acao=41&area=0901&item=1,ftp_dbc,sinan_datasus,Brazil DATASUS SINAN,http://siab.datasus.gov.br/DATASUS/index.php?acao=41&area=0901&item=1,ftp_dbc
country,br,br,Brazil,BR,Brazil,D195,Pneumoconiosis,尘肺病,Other,2018-10-01,2018-10,12,2.8000000000000003,0,0.005822211197649682,wpp_computed,,sinan_datasus,Brazil DATASUS SINAN,http://siab.datasus.gov.br/DATASUS/index.php?acao=41&area=0901&item=1,ftp_dbc,sinan_datasus,Brazil DATASUS SINAN,http://siab.datasus.gov.br/DATASUS/index.php?acao=41&area=0901&item=1,ftp_dbc
country,br,br,Brazil,BR,Brazil,D196,Foodborne disease outbreak,食源性疾病暴发,Bacterial,2018-10-01,2018-10,53,12.366666666666667,0,0.025714766122952766,wpp_computed,,sinan_datasus,Brazil DATASUS SINAN,http://siab.datasus.gov.br/DATASUS/index.php?acao=41&area=0901&item=1,ftp_dbc,sinan_datasus,Brazil DATASUS SINAN,http://siab.datasus.gov.br/DATASUS/index.php?acao=41&area=0901&item=1,ftp_dbc
country,br,br,Brazil,BR,Brazil,D199,Rotavirus infection,轮状病毒感染,Viral,2018-10-01,2018-10,48,11.200000000000001,0,0.02328884479059873,wpp_computed,,sinan_datasus,Brazil DATASUS SINAN,http://siab.datasus.gov.br/DATASUS/index.php?acao=41&area=0901&item=1,ftp_dbc,sinan_datasus,Brazil DATASUS SINAN,http://siab.datasus.gov.br/DATASUS/index.php?acao=41&area=0901&item=1,ftp_dbc
country,br,br,Brazil,BR,Brazil,D200,Trachoma,沙眼,Bacterial,2018-10-01,2018-10,622,145.13333333333333,0,0.30178461374484183,wpp_computed,,sinan_datasus,Brazil DATASUS SINAN,http://siab.datasus.gov.br/DATASUS/index.php?acao=41&area=0901&item=1,ftp_dbc,sinan_datasus,Brazil DATASUS SINAN,http://siab.datasus.gov.br/DATASUS/index.php?acao=41&area=0901&item=1,ftp_dbc
country,br,br,Brazil,BR,Brazil,D201,Exanthematous diseases,出疹性疾病,Viral,2018-10-01,2018-10,838,195.53333333333333,0,0.40658441530253614,wpp_computed,,sinan_datasus,Brazil DATASUS SINAN,http://siab.datasus.gov.br/DATASUS/index.php?acao=41&area=0901&item=1,ftp_dbc,sinan_datasus,Brazil DATASUS SINAN,http://siab.datasus.gov.br/DATASUS/index.php?acao=41&area=0901&item=1,ftp_dbc
country,br,br,Brazil,BR,Brazil,D202,Domestic sexual and other violence,家庭/性及其他暴力,Other,2018-10-01,2018-10,35014,8169.933333333334,0,16.98824190620883,wpp_computed,,sinan_datasus,Brazil DATASUS SINAN,http://siab.datasus.gov.br/DATASUS/index.php?acao=41&area=0901&item=1,ftp_dbc,sinan_datasus,Brazil DATASUS SINAN,http://siab.datasus.gov.br/DATASUS/index.php?acao=41&area=0901&item=1,ftp_dbc
country,br,br,Brazil,BR,Brazil,D230,Child exposed to HIV,儿童HIV暴露,Other,2018-10-01,2018-10,628,146.53333333333333,0,0.3046957193436667,wpp_computed,,sinan_datasus,Brazil DATASUS SINAN,http://siab.datasus.gov.br/DATASUS/index.php?acao=41&area=0901&item=1,ftp_dbc,sinan_datasus,Brazil DATASUS SINAN,http://siab.datasus.gov.br/DATASUS/index.php?acao=41&area=0901&item=1,ftp_dbc
country,br,br,Brazil,BR,Brazil,D231,HIV infection in pregnancy surveillance event,孕产期HIV感染监测事件,Viral,2018-10-01,2018-10,796,185.73333333333335,0,0.3862066761107622,wpp_computed,,sinan_datasus,Brazil DATASUS SINAN,http://siab.datasus.gov.br/DATASUS/index.php?acao=41&area=0901&item=1,ftp_dbc,sinan_datasus,Brazil DATASUS SINAN,http://siab.datasus.gov.br/DATASUS/index.php?acao=41&area=0901&item=1,ftp_dbc
country,br,br,Brazil,BR,Brazil,D235,Meningitis (all reported etiologies),脑膜炎（全部报告病因）,Other,2018-10-01,2018-10,2646,617.4,0,1.283797569081755,wpp_computed,,sinan_datasus,Brazil DATASUS SINAN,http://siab.datasus.gov.br/DATASUS/index.php?acao=41&area=0901&item=1,ftp_dbc,sinan_datasus,Brazil DATASUS SINAN,http://siab.datasus.gov.br/DATASUS/index.php?acao=41&area=0901&item=1,ftp_dbc
country,br,br,Brazil,BR,Brazil,D001,Plague,鼠疫,Bacterial,2018-11-01,2018-11,1,0.22580645161290322,0,0.00048518426647080684,wpp_computed,,sinan_datasus,Brazil DATASUS SINAN,http://siab.datasus.gov.br/DATASUS/index.php?acao=41&area=0901&item=1,ftp_dbc,sinan_datasus,Brazil DATASUS SINAN,http://siab.datasus.gov.br/DATASUS/index.php?acao=41&area=0901&item=1,ftp_dbc
country,br,br,Brazil,BR,Brazil,D005,AIDS,艾滋病,Viral,2018-11-01,2018-11,3290,742.9032258064516,0,1.5962562366889543,wpp_computed,,sinan_datasus,Brazil DATASUS SINAN,http://siab.datasus.gov.br/DATASUS/index.php?acao=41&area=0901&item=1,ftp_dbc,sinan_datasus,Brazil DATASUS SINAN,http://siab.datasus.gov.br/DATASUS/index.php?acao=41&area=0901&item=1,ftp_dbc
country,br,br,Brazil,BR,Brazil,D021,Dengue,登革热,Viral,2018-11-01,2018-11,14134,3191.548387096774,0,6.8575944222983845,wpp_computed,,sinan_datasus,Brazil DATASUS SINAN,http://siab.datasus.gov.br/DATASUS/index.php?acao=41&area=0901&item=1,ftp_dbc,sinan_datasus,Brazil DATASUS SINAN,http://siab.datasus.gov.br/DATASUS/index.php?acao=41&area=0901&item=1,ftp_dbc
country,br,br,Brazil,BR,Brazil,D025,Tuberculosis,肺结核,Bacterial,2018-11-01,2018-11,7647,1726.741935483871,0,3.7102040857022596,wpp_computed,,sinan_datasus,Brazil DATASUS SINAN,http://siab.datasus.gov.br/DATASUS/index.php?acao=41&area=0901&item=1,ftp_dbc,sinan_datasus,Brazil DATASUS SINAN,http://siab.datasus.gov.br/DATASUS/index.php?acao=41&area=0901&item=1,ftp_dbc
country,br,br,Brazil,BR,Brazil,D028,Pertussis,百日咳,Bacterial,2018-11-01,2018-11,646,145.8709677419355,0,0.3134290361401412,wpp_computed,,sinan_datasus,Brazil DATASUS SINAN,http://siab.datasus.gov.br/DATASUS/index.php?acao=41&area=0901&item=1,ftp_dbc,sinan_datasus,Brazil DATASUS SINAN,http://siab.datasus.gov.br/DATASUS/index.php?acao=41&area=0901&item=1,ftp_dbc
country,br,br,Brazil,BR,Brazil,D029,Diphtheria,白喉,Bacterial,2018-11-01,2018-11,5,1.129032258064516,0,0.002425921332354034,wpp_computed,,sinan_datasus,Brazil DATASUS SINAN,http://siab.datasus.gov.br/DATASUS/index.php?acao=41&area=0901&item=1,ftp_dbc,sinan_datasus,Brazil DATASUS SINAN,http://siab.datasus.gov.br/DATASUS/index.php?acao=41&area=0901&item=1,ftp_dbc
country,br,br,Brazil,BR,Brazil,D035,Leptospirosis,钩端螺旋体病,Bacterial,2018-11-01,2018-11,1055,238.2258064516129,0,0.5118694011267012,wpp_computed,,sinan_datasus,Brazil DATASUS SINAN,http://siab.datasus.gov.br/DATASUS/index.php?acao=41&area=0901&item=1,ftp_dbc,sinan_datasus,Brazil DATASUS SINAN,http://siab.datasus.gov.br/DATASUS/index.php?acao=41&area=0901&item=1,ftp_dbc
country,br,br,Brazil,BR,Brazil,D036,Schistosomiasis,血吸虫病,Parasitic,2018-11-01,2018-11,322,72.70967741935483,0,0.1562293338035998,wpp_computed,,sinan_datasus,Brazil DATASUS SINAN,http://siab.datasus.gov.br/DATASUS/index.php?acao=41&area=0901&item=1,ftp_dbc,sinan_datasus,Brazil DATASUS SINAN,http://siab.datasus.gov.br/DATASUS/index.php?acao=41&area=0901&item=1,ftp_dbc
country,br,br,Brazil,BR,Brazil,D037,Malaria,疟疾,Parasitic,2018-11-01,2018-11,326,73.61290322580645,0,0.15817007086948304,wpp_computed,,sinan_datasus,Brazil DATASUS SINAN,http://siab.datasus.gov.br/DATASUS/index.php?acao=41&area=0901&item=1,ftp_dbc,sinan_datasus,Brazil DATASUS SINAN,http://siab.datasus.gov.br/DATASUS/index.php?acao=41&area=0901&item=1,ftp_dbc
country,br,br,Brazil,BR,Brazil,D042,Leprosy,麻风病,Bacterial,2018-11-01,2018-11,2978,672.4516129032259,0,1.444878745550063,wpp_computed,,sinan_datasus,Brazil DATASUS SINAN,http://siab.datasus.gov.br/DATASUS/index.php?acao=41&area=0901&item=1,ftp_dbc,sinan_datasus,Brazil DATASUS SINAN,http://siab.datasus.gov.br/DATASUS/index.php?acao=41&area=0901&item=1,ftp_dbc
country,br,br,Brazil,BR,Brazil,D044,Kala-azar,黑热病,Parasitic,2018-11-01,2018-11,796,179.74193548387095,0,0.3862066761107622,wpp_computed,,sinan_datasus,Brazil DATASUS SINAN,http://siab.datasus.gov.br/DATASUS/index.php?acao=41&area=0901&item=1,ftp_dbc,sinan_datasus,Brazil DATASUS SINAN,http://siab.datasus.gov.br/DATASUS/index.php?acao=41&area=0901&item=1,ftp_dbc
country,br,br,Brazil,BR,Brazil,D051,Zika virus disease,寨卡病毒病,Viral,2018-11-01,2018-11,1071,241.83870967741933,0,0.5196323493902341,wpp_computed,,sinan_datasus,Brazil DATASUS SINAN,http://siab.datasus.gov.br/DATASUS/index.php?acao=41&area=0901&item=1,ftp_dbc,sinan_datasus,Brazil DATASUS SINAN,http://siab.datasus.gov.br/DATASUS/index.php?acao=41&area=0901&item=1,ftp_dbc
country,br,br,Brazil,BR,Brazil,D052,Chikungunya,基孔肯雅热,Viral,2018-11-01,2018-11,3986,900.0645161290323,0,1.9339444861526358,wpp_computed,,sinan_datasus,Brazil DATASUS SINAN,http://siab.datasus.gov.br/DATASUS/index.php?acao=41&area=0901&item=1,ftp_dbc,sinan_datasus,Brazil DATASUS SINAN,http://siab.datasus.gov.br/DATASUS/index.php?acao=41&area=0901&item=1,ftp_dbc
country,br,br,Brazil,BR,Brazil,D054,Varicella,水痘,Viral,2018-11-01,2018-11,3477,785.1290322580645,0,1.6869856945189954,wpp_computed,,sinan_datasus,Brazil DATASUS SINAN,http://siab.datasus.gov.br/DATASUS/index.php?acao=41&area=0901&item=1,ftp_dbc,sinan_datasus,Brazil DATASUS SINAN,http://siab.datasus.gov.br/DATASUS/index.php?acao=41&area=0901&item=1,ftp_dbc
country,br,br,Brazil,BR,Brazil,D082,Leishmaniasis,利什曼病,Parasitic,2018-11-01,2018-11,1399,315.90322580645164,0,0.6787727887926588,wpp_computed,,sinan_datasus,Brazil DATASUS SINAN,http://siab.datasus.gov.br/DATASUS/index.php?acao=41&area=0901&item=1,ftp_dbc,sinan_datasus,Brazil DATASUS SINAN,http://siab.datasus.gov.br/DATASUS/index.php?acao=41&area=0901&item=1,ftp_dbc
country,br,br,Brazil,BR,Brazil,D084,Chagas disease,恰加斯病,Parasitic,2018-11-01,2018-11,356,80.38709677419355,0,0.17272559886360725,wpp_computed,,sinan_datasus,Brazil DATASUS SINAN,http://siab.datasus.gov.br/DATASUS/index.php?acao=41&area=0901&item=1,ftp_dbc,sinan_datasus,Brazil DATASUS SINAN,http://siab.datasus.gov.br/DATASUS/index.php?acao=41&area=0901&item=1,ftp_dbc
country,br,br,Brazil,BR,Brazil,D118,Spotted fever rickettsiosis,斑点热立克次体病,Bacterial,2018-11-01,2018-11,452,102.06451612903226,0,0.21930328844480468,wpp_computed,,sinan_datasus,Brazil DATASUS SINAN,http://siab.datasus.gov.br/DATASUS/index.php?acao=41&area=0901&item=1,ftp_dbc,sinan_datasus,Brazil DATASUS SINAN,http://siab.datasus.gov.br/DATASUS/index.php?acao=41&area=0901&item=1,ftp_dbc
country,br,br,Brazil,BR,Brazil,D120,Tetanus,破伤风,Bacterial,2018-11-01,2018-11,30,6.774193548387097,0,0.014555527994124205,wpp_computed,,sinan_datasus,Brazil DATASUS SINAN,http://siab.datasus.gov.br/DATASUS/index.php?acao=41&area=0901&item=1,ftp_dbc,sinan_datasus,Brazil DATASUS SINAN,http://siab.datasus.gov.br/DATASUS/index.php?acao=41&area=0901&item=1,ftp_dbc
country,br,br,Brazil,BR,Brazil,D124,Typhoid fever,伤寒,Bacterial,2018-11-01,2018-11,20,4.516129032258064,0,0.009703685329416137,wpp_computed,,sinan_datasus,Brazil DATASUS SINAN,http://siab.datasus.gov.br/DATASUS/index.php?acao=41&area=0901&item=1,ftp_dbc,sinan_datasus,Brazil DATASUS SINAN,http://siab.datasus.gov.br/DATASUS/index.php?acao=41&area=0901&item=1,ftp_dbc
country,br,br,Brazil,BR,Brazil,D144,Creutzfeldt-Jakob disease,克雅氏病,Prion,2018-11-01,2018-11,5,1.129032258064516,0,0.002425921332354034,wpp_computed,,sinan_datasus,Brazil DATASUS SINAN,http://siab.datasus.gov.br/DATASUS/index.php?acao=41&area=0901&item=1,ftp_dbc,sinan_datasus,Brazil DATASUS SINAN,http://siab.datasus.gov.br/DATASUS/index.php?acao=41&area=0901&item=1,ftp_dbc
country,br,br,Brazil,BR,Brazil,D162,HIV infection,人类免疫缺乏病毒感染,Viral,2018-11-01,2018-11,3977,898.0322580645161,0,1.929577827754399,wpp_computed,,sinan_datasus,Brazil DATASUS SINAN,http://siab.datasus.gov.br/DATASUS/index.php?acao=41&area=0901&item=1,ftp_dbc,sinan_datasus,Brazil DATASUS SINAN,http://siab.datasus.gov.br/DATASUS/index.php?acao=41&area=0901&item=1,ftp_dbc
country,br,br,Brazil,BR,Brazil,D168,Congenital rubella syndrome,先天性风疹综合征,Viral,2018-11-01,2018-11,5,1.129032258064516,0,0.002425921332354034,wpp_computed,,sinan_datasus,Brazil DATASUS SINAN,http://siab.datasus.gov.br/DATASUS/index.php?acao=41&area=0901&item=1,ftp_dbc,sinan_datasus,Brazil DATASUS SINAN,http://siab.datasus.gov.br/DATASUS/index.php?acao=41&area=0901&item=1,ftp_dbc
country,br,br,Brazil,BR,Brazil,D178,Acute flaccid paralysis,急性无力肢体麻痹,Other,2018-11-01,2018-11,49,11.064516129032258,0,0.023774029057069535,wpp_computed,,sinan_datasus,Brazil DATASUS SINAN,http://siab.datasus.gov.br/DATASUS/index.php?acao=41&area=0901&item=1,ftp_dbc,sinan_datasus,Brazil DATASUS SINAN,http://siab.datasus.gov.br/DATASUS/index.php?acao=41&area=0901&item=1,ftp_dbc
country,br,br,Brazil,BR,Brazil,D184,Accident caused by venomous animals,毒性动物伤害,Other,2018-11-01,2018-11,25087,5664.806451612903,0,12.17181769295313,wpp_computed,,sinan_datasus,Brazil DATASUS SINAN,http://siab.datasus.gov.br/DATASUS/index.php?acao=41&area=0901&item=1,ftp_dbc,sinan_datasus,Brazil DATASUS SINAN,http://siab.datasus.gov.br/DATASUS/index.php?acao=41&area=0901&item=1,ftp_dbc
country,br,br,Brazil,BR,Brazil,D185,Work accident with biological material,生物材料职业暴露事故,Other,2018-11-01,2018-11,5022,1134.0,0,2.436595386216392,wpp_computed,,sinan_datasus,Brazil DATASUS SINAN,http://siab.datasus.gov.br/DATASUS/index.php?acao=41&area=0901&item=1,ftp_dbc,sinan_datasus,Brazil DATASUS SINAN,http://siab.datasus.gov.br/DATASUS/index.php?acao=41&area=0901&item=1,ftp_dbc
country,br,br,Brazil,BR,Brazil,D186,Serious work accident,严重工伤,Other,2018-11-01,2018-11,8342,1883.677419354839,0,4.0474071508994705,wpp_computed,,sinan_datasus,Brazil DATASUS SINAN,http://siab.datasus.gov.br/DATASUS/index.php?acao=41&area=0901&item=1,ftp_dbc,sinan_datasus,Brazil DATASUS SINAN,http://siab.datasus.gov.br/DATASUS/index.php?acao=41&area=0901&item=1,ftp_dbc
country,br,br,Brazil,BR,Brazil,D187,Rabies post-exposure prophylaxis,狂犬病暴露后处置,Other,2018-11-01,2018-11,59199,13367.51612903226,0,28.722423390805297,wpp_computed,,sinan_datasus,Brazil DATASUS SINAN,http://siab.datasus.gov.br/DATASUS/index.php?acao=41&area=0901&item=1,ftp_dbc,sinan_datasus,Brazil DATASUS SINAN,http://siab.datasus.gov.br/DATASUS/index.php?acao=41&area=0901&item=1,ftp_dbc
country,br,br,Brazil,BR,Brazil,D188,Work-related cancer,职业相关癌症,Other,2018-11-01,2018-11,15,3.3870967741935485,0,0.007277763997062103,wpp_computed,,sinan_datasus,Brazil DATASUS SINAN,http://siab.datasus.gov.br/DATASUS/index.php?acao=41&area=0901&item=1,ftp_dbc,sinan_datasus,Brazil DATASUS SINAN,http://siab.datasus.gov.br/DATASUS/index.php?acao=41&area=0901&item=1,ftp_dbc
country,br,br,Brazil,BR,Brazil,D189,Work-related dermatosis,职业性皮肤病,Other,2018-11-01,2018-11,97,21.903225806451612,0,0.04706287384766826,wpp_computed,,sinan_datasus,Brazil DATASUS SINAN,http://siab.datasus.gov.br/DATASUS/index.php?acao=41&area=0901&item=1,ftp_dbc,sinan_datasus,Brazil DATASUS SINAN,http://siab.datasus.gov.br/DATASUS/index.php?acao=41&area=0901&item=1,ftp_dbc
country,br,br,Brazil,BR,Brazil,D190,Sporotrichosis,孢子丝菌病,Fungal,2018-11-01,2018-11,218,49.225806451612904,0,0.1057701700906359,wpp_computed,,sinan_datasus,Brazil DATASUS SINAN,http://siab.datasus.gov.br/DATASUS/index.php?acao=41&area=0901&item=1,ftp_dbc,sinan_datasus,Brazil DATASUS SINAN,http://siab.datasus.gov.br/DATASUS/index.php?acao=41&area=0901&item=1,ftp_dbc
country,br,br,Brazil,BR,Brazil,D191,Exogenous poisoning,外源性中毒,Other,2018-11-01,2018-11,14691,3317.322580645161,0,7.127842058722623,wpp_computed,,sinan_datasus,Brazil DATASUS SINAN,http://siab.datasus.gov.br/DATASUS/index.php?acao=41&area=0901&item=1,ftp_dbc,sinan_datasus,Brazil DATASUS SINAN,http://siab.datasus.gov.br/DATASUS/index.php?acao=41&area=0901&item=1,ftp_dbc
country,br,br,Brazil,BR,Brazil,D192,Work-related repetitive strain injury,职业相关重复性劳损,Other,2018-11-01,2018-11,583,131.64516129032256,0,0.2828624273524804,wpp_computed,,sinan_datasus,Brazil DATASUS SINAN,http://siab.datasus.gov.br/DATASUS/index.php?acao=41&area=0901&item=1,ftp_dbc,sinan_datasus,Brazil DATASUS SINAN,http://siab.datasus.gov.br/DATASUS/index.php?acao=41&area=0901&item=1,ftp_dbc
country,br,br,Brazil,BR,Brazil,D193,Work-related mental disorder,职业相关精神障碍,Other,2018-11-01,2018-11,133,30.032258064516128,0,0.0645295074406173,wpp_computed,,sinan_datasus,Brazil DATASUS SINAN,http://siab.datasus.gov.br/DATASUS/index.php?acao=41&area=0901&item=1,ftp_dbc,sinan_datasus,Brazil DATASUS SINAN,http://siab.datasus.gov.br/DATASUS/index.php?acao=41&area=0901&item=1,ftp_dbc
country,br,br,Brazil,BR,Brazil,D194,Noise-induced hearing loss,噪声性听力损失,Other,2018-11-01,2018-11,43,9.70967741935484,0,0.020862923458244694,wpp_computed,,sinan_datasus,Brazil DATASUS SINAN,http://siab.datasus.gov.br/DATASUS/index.php?acao=41&area=0901&item=1,ftp_dbc,sinan_datasus,Brazil DATASUS SINAN,http://siab.datasus.gov.br/DATASUS/index.php?acao=41&area=0901&item=1,ftp_dbc
country,br,br,Brazil,BR,Brazil,D195,Pneumoconiosis,尘肺病,Other,2018-11-01,2018-11,16,3.6129032258064515,0,0.0077629482635329095,wpp_computed,,sinan_datasus,Brazil DATASUS SINAN,http://siab.datasus.gov.br/DATASUS/index.php?acao=41&area=0901&item=1,ftp_dbc,sinan_datasus,Brazil DATASUS SINAN,http://siab.datasus.gov.br/DATASUS/index.php?acao=41&area=0901&item=1,ftp_dbc
country,br,br,Brazil,BR,Brazil,D196,Foodborne disease outbreak,食源性疾病暴发,Bacterial,2018-11-01,2018-11,49,11.064516129032258,0,0.023774029057069535,wpp_computed,,sinan_datasus,Brazil DATASUS SINAN,http://siab.datasus.gov.br/DATASUS/index.php?acao=41&area=0901&item=1,ftp_dbc,sinan_datasus,Brazil DATASUS SINAN,http://siab.datasus.gov.br/DATASUS/index.php?acao=41&area=0901&item=1,ftp_dbc
country,br,br,Brazil,BR,Brazil,D199,Rotavirus infection,轮状病毒感染,Viral,2018-11-01,2018-11,52,11.741935483870968,0,0.025229581856481956,wpp_computed,,sinan_datasus,Brazil DATASUS SINAN,http://siab.datasus.gov.br/DATASUS/index.php?acao=41&area=0901&item=1,ftp_dbc,sinan_datasus,Brazil DATASUS SINAN,http://siab.datasus.gov.br/DATASUS/index.php?acao=41&area=0901&item=1,ftp_dbc
country,br,br,Brazil,BR,Brazil,D200,Trachoma,沙眼,Bacterial,2018-11-01,2018-11,828,186.96774193548387,0,0.4017325726378281,wpp_computed,,sinan_datasus,Brazil DATASUS SINAN,http://siab.datasus.gov.br/DATASUS/index.php?acao=41&area=0901&item=1,ftp_dbc,sinan_datasus,Brazil DATASUS SINAN,http://siab.datasus.gov.br/DATASUS/index.php?acao=41&area=0901&item=1,ftp_dbc
country,br,br,Brazil,BR,Brazil,D201,Exanthematous diseases,出疹性疾病,Viral,2018-11-01,2018-11,424,95.74193548387098,0,0.20571812898362213,wpp_computed,,sinan_datasus,Brazil DATASUS SINAN,http://siab.datasus.gov.br/DATASUS/index.php?acao=41&area=0901&item=1,ftp_dbc,sinan_datasus,Brazil DATASUS SINAN,http://siab.datasus.gov.br/DATASUS/index.php?acao=41&area=0901&item=1,ftp_dbc
country,br,br,Brazil,BR,Brazil,D202,Domestic sexual and other violence,家庭/性及其他暴力,Other,2018-11-01,2018-11,31043,7009.709677419355,0,15.061575184053256,wpp_computed,,sinan_datasus,Brazil DATASUS SINAN,http://siab.datasus.gov.br/DATASUS/index.php?acao=41&area=0901&item=1,ftp_dbc,sinan_datasus,Brazil DATASUS SINAN,http://siab.datasus.gov.br/DATASUS/index.php?acao=41&area=0901&item=1,ftp_dbc
country,br,br,Brazil,BR,Brazil,D230,Child exposed to HIV,儿童HIV暴露,Other,2018-11-01,2018-11,564,127.35483870967744,0,0.2736439262895351,wpp_computed,,sinan_datasus,Brazil DATASUS SINAN,http://siab.datasus.gov.br/DATASUS/index.php?acao=41&area=0901&item=1,ftp_dbc,sinan_datasus,Brazil DATASUS SINAN,http://siab.datasus.gov.br/DATASUS/index.php?acao=41&area=0901&item=1,ftp_dbc
country,br,br,Brazil,BR,Brazil,D231,HIV infection in pregnancy surveillance event,孕产期HIV感染监测事件,Viral,2018-11-01,2018-11,627,141.58064516129033,0,0.30421053507719586,wpp_computed,,sinan_datasus,Brazil DATASUS SINAN,http://siab.datasus.gov.br/DATASUS/index.php?acao=41&area=0901&item=1,ftp_dbc,sinan_datasus,Brazil DATASUS SINAN,http://siab.datasus.gov.br/DATASUS/index.php?acao=41&area=0901&item=1,ftp_dbc
country,br,br,Brazil,BR,Brazil,D235,Meningitis (all reported etiologies),脑膜炎（全部报告病因）,Other,2018-11-01,2018-11,2331,526.3548387096773,0,1.1309645251434508,wpp_computed,,sinan_datasus,Brazil DATASUS SINAN,http://siab.datasus.gov.br/DATASUS/index.php?acao=41&area=0901&item=1,ftp_dbc,sinan_datasus,Brazil DATASUS SINAN,http://siab.datasus.gov.br/DATASUS/index.php?acao=41&area=0901&item=1,ftp_dbc
country,br,br,Brazil,BR,Brazil,D005,AIDS,艾滋病,Viral,2018-12-01,2018-12,2947,687.6333333333333,0,1.4298380332894678,wpp_computed,,sinan_datasus,Brazil DATASUS SINAN,http://siab.datasus.gov.br/DATASUS/index.php?acao=41&area=0901&item=1,ftp_dbc,sinan_datasus,Brazil DATASUS SINAN,http://siab.datasus.gov.br/DATASUS/index.php?acao=41&area=0901&item=1,ftp_dbc
country,br,br,Brazil,BR,Brazil,D021,Dengue,登革热,Viral,2018-12-01,2018-12,22020,5138.0,0,10.683757547687167,wpp_computed,,sinan_datasus,Brazil DATASUS SINAN,http://siab.datasus.gov.br/DATASUS/index.php?acao=41&area=0901&item=1,ftp_dbc,sinan_datasus,Brazil DATASUS SINAN,http://siab.datasus.gov.br/DATASUS/index.php?acao=41&area=0901&item=1,ftp_dbc
country,br,br,Brazil,BR,Brazil,D025,Tuberculosis,肺结核,Bacterial,2018-12-01,2018-12,6922,1615.1333333333332,0,3.358445492510925,wpp_computed,,sinan_datasus,Brazil DATASUS SINAN,http://siab.datasus.gov.br/DATASUS/index.php?acao=41&area=0901&item=1,ftp_dbc,sinan_datasus,Brazil DATASUS SINAN,http://siab.datasus.gov.br/DATASUS/index.php?acao=41&area=0901&item=1,ftp_dbc
country,br,br,Brazil,BR,Brazil,D028,Pertussis,百日咳,Bacterial,2018-12-01,2018-12,624,145.6,0,0.30275498227778347,wpp_computed,,sinan_datasus,Brazil DATASUS SINAN,http://siab.datasus.gov.br/DATASUS/index.php?acao=41&area=0901&item=1,ftp_dbc,sinan_datasus,Brazil DATASUS SINAN,http://siab.datasus.gov.br/DATASUS/index.php?acao=41&area=0901&item=1,ftp_dbc
country,br,br,Brazil,BR,Brazil,D029,Diphtheria,白喉,Bacterial,2018-12-01,2018-12,1,0.23333333333333334,0,0.00048518426647080684,wpp_computed,,sinan_datasus,Brazil DATASUS SINAN,http://siab.datasus.gov.br/DATASUS/index.php?acao=41&area=0901&item=1,ftp_dbc,sinan_datasus,Brazil DATASUS SINAN,http://siab.datasus.gov.br/DATASUS/index.php?acao=41&area=0901&item=1,ftp_dbc
country,br,br,Brazil,BR,Brazil,D035,Leptospirosis,钩端螺旋体病,Bacterial,2018-12-01,2018-12,1050,245.0,0,0.5094434797943471,wpp_computed,,sinan_datasus,Brazil DATASUS SINAN,http://siab.datasus.gov.br/DATASUS/index.php?acao=41&area=0901&item=1,ftp_dbc,sinan_datasus,Brazil DATASUS SINAN,http://siab.datasus.gov.br/DATASUS/index.php?acao=41&area=0901&item=1,ftp_dbc
country,br,br,Brazil,BR,Brazil,D036,Schistosomiasis,血吸虫病,Parasitic,2018-12-01,2018-12,285,66.5,0,0.13827751594417995,wpp_computed,,sinan_datasus,Brazil DATASUS SINAN,http://siab.datasus.gov.br/DATASUS/index.php?acao=41&area=0901&item=1,ftp_dbc,sinan_datasus,Brazil DATASUS SINAN,http://siab.datasus.gov.br/DATASUS/index.php?acao=41&area=0901&item=1,ftp_dbc
country,br,br,Brazil,BR,Brazil,D037,Malaria,疟疾,Parasitic,2018-12-01,2018-12,208,48.53333333333333,0,0.10091832742592782,wpp_computed,,sinan_datasus,Brazil DATASUS SINAN,http://siab.datasus.gov.br/DATASUS/index.php?acao=41&area=0901&item=1,ftp_dbc,sinan_datasus,Brazil DATASUS SINAN,http://siab.datasus.gov.br/DATASUS/index.php?acao=41&area=0901&item=1,ftp_dbc
country,br,br,Brazil,BR,Brazil,D042,Leprosy,麻风病,Bacterial,2018-12-01,2018-12,2313,539.6999999999999,0,1.1222312083469763,wpp_computed,,sinan_datasus,Brazil DATASUS SINAN,http://siab.datasus.gov.br/DATASUS/index.php?acao=41&area=0901&item=1,ftp_dbc,sinan_datasus,Brazil DATASUS SINAN,http://siab.datasus.gov.br/DATASUS/index.php?acao=41&area=0901&item=1,ftp_dbc
country,br,br,Brazil,BR,Brazil,D044,Kala-azar,黑热病,Parasitic,2018-12-01,2018-12,738,172.20000000000002,0,0.35806598865545547,wpp_computed,,sinan_datasus,Brazil DATASUS SINAN,http://siab.datasus.gov.br/DATASUS/index.php?acao=41&area=0901&item=1,ftp_dbc,sinan_datasus,Brazil DATASUS SINAN,http://siab.datasus.gov.br/DATASUS/index.php?acao=41&area=0901&item=1,ftp_dbc
country,br,br,Brazil,BR,Brazil,D051,Zika virus disease,寨卡病毒病,Viral,2018-12-01,2018-12,1253,292.3666666666667,0,0.6079358858879209,wpp_computed,,sinan_datasus,Brazil DATASUS SINAN,http://siab.datasus.gov.br/DATASUS/index.php?acao=41&area=0901&item=1,ftp_dbc,sinan_datasus,Brazil DATASUS SINAN,http://siab.datasus.gov.br/DATASUS/index.php?acao=41&area=0901&item=1,ftp_dbc
country,br,br,Brazil,BR,Brazil,D052,Chikungunya,基孔肯雅热,Viral,2018-12-01,2018-12,4567,1065.6333333333332,0,2.215836544972175,wpp_computed,,sinan_datasus,Brazil DATASUS SINAN,http://siab.datasus.gov.br/DATASUS/index.php?acao=41&area=0901&item=1,ftp_dbc,sinan_datasus,Brazil DATASUS SINAN,http://siab.datasus.gov.br/DATASUS/index.php?acao=41&area=0901&item=1,ftp_dbc
country,br,br,Brazil,BR,Brazil,D054,Varicella,水痘,Viral,2018-12-01,2018-12,2087,486.96666666666664,0,1.0125795641245738,wpp_computed,,sinan_datasus,Brazil DATASUS SINAN,http://siab.datasus.gov.br/DATASUS/index.php?acao=41&area=0901&item=1,ftp_dbc,sinan_datasus,Brazil DATASUS SINAN,http://siab.datasus.gov.br/DATASUS/index.php?acao=41&area=0901&item=1,ftp_dbc
country,br,br,Brazil,BR,Brazil,D082,Leishmaniasis,利什曼病,Parasitic,2018-12-01,2018-12,1266,295.40000000000003,0,0.6142432813520414,wpp_computed,,sinan_datasus,Brazil DATASUS SINAN,http://siab.datasus.gov.br/DATASUS/index.php?acao=41&area=0901&item=1,ftp_dbc,sinan_datasus,Brazil DATASUS SINAN,http://siab.datasus.gov.br/DATASUS/index.php?acao=41&area=0901&item=1,ftp_dbc
country,br,br,Brazil,BR,Brazil,D084,Chagas disease,恰加斯病,Parasitic,2018-12-01,2018-12,398,92.86666666666667,0,0.1931033380553811,wpp_computed,,sinan_datasus,Brazil DATASUS SINAN,http://siab.datasus.gov.br/DATASUS/index.php?acao=41&area=0901&item=1,ftp_dbc,sinan_datasus,Brazil DATASUS SINAN,http://siab.datasus.gov.br/DATASUS/index.php?acao=41&area=0901&item=1,ftp_dbc
country,br,br,Brazil,BR,Brazil,D118,Spotted fever rickettsiosis,斑点热立克次体病,Bacterial,2018-12-01,2018-12,238,55.53333333333333,0,0.11547385542005202,wpp_computed,,sinan_datasus,Brazil DATASUS SINAN,http://siab.datasus.gov.br/DATASUS/index.php?acao=41&area=0901&item=1,ftp_dbc,sinan_datasus,Brazil DATASUS SINAN,http://siab.datasus.gov.br/DATASUS/index.php?acao=41&area=0901&item=1,ftp_dbc
country,br,br,Brazil,BR,Brazil,D120,Tetanus,破伤风,Bacterial,2018-12-01,2018-12,36,8.4,0,0.017466633592949046,wpp_computed,,sinan_datasus,Brazil DATASUS SINAN,http://siab.datasus.gov.br/DATASUS/index.php?acao=41&area=0901&item=1,ftp_dbc,sinan_datasus,Brazil DATASUS SINAN,http://siab.datasus.gov.br/DATASUS/index.php?acao=41&area=0901&item=1,ftp_dbc
country,br,br,Brazil,BR,Brazil,D124,Typhoid fever,伤寒,Bacterial,2018-12-01,2018-12,13,3.033333333333333,0,0.006307395464120489,wpp_computed,,sinan_datasus,Brazil DATASUS SINAN,http://siab.datasus.gov.br/DATASUS/index.php?acao=41&area=0901&item=1,ftp_dbc,sinan_datasus,Brazil DATASUS SINAN,http://siab.datasus.gov.br/DATASUS/index.php?acao=41&area=0901&item=1,ftp_dbc
country,br,br,Brazil,BR,Brazil,D144,Creutzfeldt-Jakob disease,克雅氏病,Prion,2018-12-01,2018-12,10,2.333333333333333,0,0.004851842664708068,wpp_computed,,sinan_datasus,Brazil DATASUS SINAN,http://siab.datasus.gov.br/DATASUS/index.php?acao=41&area=0901&item=1,ftp_dbc,sinan_datasus,Brazil DATASUS SINAN,http://siab.datasus.gov.br/DATASUS/index.php?acao=41&area=0901&item=1,ftp_dbc
country,br,br,Brazil,BR,Brazil,D162,HIV infection,人类免疫缺乏病毒感染,Viral,2018-12-01,2018-12,3905,911.1666666666666,0,1.8946445605685005,wpp_computed,,sinan_datasus,Brazil DATASUS SINAN,http://siab.datasus.gov.br/DATASUS/index.php?acao=41&area=0901&item=1,ftp_dbc,sinan_datasus,Brazil DATASUS SINAN,http://siab.datasus.gov.br/DATASUS/index.php?acao=41&area=0901&item=1,ftp_dbc
country,br,br,Brazil,BR,Brazil,D168,Congenital rubella syndrome,先天性风疹综合征,Viral,2018-12-01,2018-12,7,1.6333333333333333,0,0.0033962898652956475,wpp_computed,,sinan_datasus,Brazil DATASUS SINAN,http://siab.datasus.gov.br/DATASUS/index.php?acao=41&area=0901&item=1,ftp_dbc,sinan_datasus,Brazil DATASUS SINAN,http://siab.datasus.gov.br/DATASUS/index.php?acao=41&area=0901&item=1,ftp_dbc
country,br,br,Brazil,BR,Brazil,D178,Acute flaccid paralysis,急性无力肢体麻痹,Other,2018-12-01,2018-12,33,7.700000000000001,0,0.016011080793536626,wpp_computed,,sinan_datasus,Brazil DATASUS SINAN,http://siab.datasus.gov.br/DATASUS/index.php?acao=41&area=0901&item=1,ftp_dbc,sinan_datasus,Brazil DATASUS SINAN,http://siab.datasus.gov.br/DATASUS/index.php?acao=41&area=0901&item=1,ftp_dbc
country,br,br,Brazil,BR,Brazil,D184,Accident caused by venomous animals,毒性动物伤害,Other,2018-12-01,2018-12,26615,6210.166666666666,0,12.913179252120523,wpp_computed,,sinan_datasus,Brazil DATASUS SINAN,http://siab.datasus.gov.br/DATASUS/index.php?acao=41&area=0901&item=1,ftp_dbc,sinan_datasus,Brazil DATASUS SINAN,http://siab.datasus.gov.br/DATASUS/index.php?acao=41&area=0901&item=1,ftp_dbc
country,br,br,Brazil,BR,Brazil,D185,Work accident with biological material,生物材料职业暴露事故,Other,2018-12-01,2018-12,4461,1040.8999999999999,0,2.164407012726269,wpp_computed,,sinan_datasus,Brazil DATASUS SINAN,http://siab.datasus.gov.br/DATASUS/index.php?acao=41&area=0901&item=1,ftp_dbc,sinan_datasus,Brazil DATASUS SINAN,http://siab.datasus.gov.br/DATASUS/index.php?acao=41&area=0901&item=1,ftp_dbc
country,br,br,Brazil,BR,Brazil,D186,Serious work accident,严重工伤,Other,2018-12-01,2018-12,7546,1760.7333333333333,0,3.6612004747887084,wpp_computed,,sinan_datasus,Brazil DATASUS SINAN,http://siab.datasus.gov.br/DATASUS/index.php?acao=41&area=0901&item=1,ftp_dbc,sinan_datasus,Brazil DATASUS SINAN,http://siab.datasus.gov.br/DATASUS/index.php?acao=41&area=0901&item=1,ftp_dbc
country,br,br,Brazil,BR,Brazil,D187,Rabies post-exposure prophylaxis,狂犬病暴露后处置,Other,2018-12-01,2018-12,61319,14307.766666666666,0,29.751014035723404,wpp_computed,,sinan_datasus,Brazil DATASUS SINAN,http://siab.datasus.gov.br/DATASUS/index.php?acao=41&area=0901&item=1,ftp_dbc,sinan_datasus,Brazil DATASUS SINAN,http://siab.datasus.gov.br/DATASUS/index.php?acao=41&area=0901&item=1,ftp_dbc
country,br,br,Brazil,BR,Brazil,D188,Work-related cancer,职业相关癌症,Other,2018-12-01,2018-12,30,7.0,0,0.014555527994124205,wpp_computed,,sinan_datasus,Brazil DATASUS SINAN,http://siab.datasus.gov.br/DATASUS/index.php?acao=41&area=0901&item=1,ftp_dbc,sinan_datasus,Brazil DATASUS SINAN,http://siab.datasus.gov.br/DATASUS/index.php?acao=41&area=0901&item=1,ftp_dbc
country,br,br,Brazil,BR,Brazil,D189,Work-related dermatosis,职业性皮肤病,Other,2018-12-01,2018-12,24,5.6000000000000005,0,0.011644422395299364,wpp_computed,,sinan_datasus,Brazil DATASUS SINAN,http://siab.datasus.gov.br/DATASUS/index.php?acao=41&area=0901&item=1,ftp_dbc,sinan_datasus,Brazil DATASUS SINAN,http://siab.datasus.gov.br/DATASUS/index.php?acao=41&area=0901&item=1,ftp_dbc
country,br,br,Brazil,BR,Brazil,D190,Sporotrichosis,孢子丝菌病,Fungal,2018-12-01,2018-12,216,50.4,0,0.10479980155769428,wpp_computed,,sinan_datasus,Brazil DATASUS SINAN,http://siab.datasus.gov.br/DATASUS/index.php?acao=41&area=0901&item=1,ftp_dbc,sinan_datasus,Brazil DATASUS SINAN,http://siab.datasus.gov.br/DATASUS/index.php?acao=41&area=0901&item=1,ftp_dbc
country,br,br,Brazil,BR,Brazil,D191,Exogenous poisoning,外源性中毒,Other,2018-12-01,2018-12,14982,3495.7999999999997,0,7.269030680265628,wpp_computed,,sinan_datasus,Brazil DATASUS SINAN,http://siab.datasus.gov.br/DATASUS/index.php?acao=41&area=0901&item=1,ftp_dbc,sinan_datasus,Brazil DATASUS SINAN,http://siab.datasus.gov.br/DATASUS/index.php?acao=41&area=0901&item=1,ftp_dbc
country,br,br,Brazil,BR,Brazil,D192,Work-related repetitive strain injury,职业相关重复性劳损,Other,2018-12-01,2018-12,523,122.03333333333333,0,0.253751371364232,wpp_computed,,sinan_datasus,Brazil DATASUS SINAN,http://siab.datasus.gov.br/DATASUS/index.php?acao=41&area=0901&item=1,ftp_dbc,sinan_datasus,Brazil DATASUS SINAN,http://siab.datasus.gov.br/DATASUS/index.php?acao=41&area=0901&item=1,ftp_dbc
country,br,br,Brazil,BR,Brazil,D193,Work-related mental disorder,职业相关精神障碍,Other,2018-12-01,2018-12,138,32.199999999999996,0,0.06695542877297135,wpp_computed,,sinan_datasus,Brazil DATASUS SINAN,http://siab.datasus.gov.br/DATASUS/index.php?acao=41&area=0901&item=1,ftp_dbc,sinan_datasus,Brazil DATASUS SINAN,http://siab.datasus.gov.br/DATASUS/index.php?acao=41&area=0901&item=1,ftp_dbc
country,br,br,Brazil,BR,Brazil,D194,Noise-induced hearing loss,噪声性听力损失,Other,2018-12-01,2018-12,42,9.799999999999999,0,0.020377739191773887,wpp_computed,,sinan_datasus,Brazil DATASUS SINAN,http://siab.datasus.gov.br/DATASUS/index.php?acao=41&area=0901&item=1,ftp_dbc,sinan_datasus,Brazil DATASUS SINAN,http://siab.datasus.gov.br/DATASUS/index.php?acao=41&area=0901&item=1,ftp_dbc
country,br,br,Brazil,BR,Brazil,D195,Pneumoconiosis,尘肺病,Other,2018-12-01,2018-12,43,10.033333333333333,0,0.020862923458244694,wpp_computed,,sinan_datasus,Brazil DATASUS SINAN,http://siab.datasus.gov.br/DATASUS/index.php?acao=41&area=0901&item=1,ftp_dbc,sinan_datasus,Brazil DATASUS SINAN,http://siab.datasus.gov.br/DATASUS/index.php?acao=41&area=0901&item=1,ftp_dbc
country,br,br,Brazil,BR,Brazil,D196,Foodborne disease outbreak,食源性疾病暴发,Bacterial,2018-12-01,2018-12,37,8.633333333333333,0,0.017951817859419853,wpp_computed,,sinan_datasus,Brazil DATASUS SINAN,http://siab.datasus.gov.br/DATASUS/index.php?acao=41&area=0901&item=1,ftp_dbc,sinan_datasus,Brazil DATASUS SINAN,http://siab.datasus.gov.br/DATASUS/index.php?acao=41&area=0901&item=1,ftp_dbc
country,br,br,Brazil,BR,Brazil,D199,Rotavirus infection,轮状病毒感染,Viral,2018-12-01,2018-12,52,12.133333333333333,0,0.025229581856481956,wpp_computed,,sinan_datasus,Brazil DATASUS SINAN,http://siab.datasus.gov.br/DATASUS/index.php?acao=41&area=0901&item=1,ftp_dbc,sinan_datasus,Brazil DATASUS SINAN,http://siab.datasus.gov.br/DATASUS/index.php?acao=41&area=0901&item=1,ftp_dbc
country,br,br,Brazil,BR,Brazil,D200,Trachoma,沙眼,Bacterial,2018-12-01,2018-12,165,38.5,0,0.08005540396768313,wpp_computed,,sinan_datasus,Brazil DATASUS SINAN,http://siab.datasus.gov.br/DATASUS/index.php?acao=41&area=0901&item=1,ftp_dbc,sinan_datasus,Brazil DATASUS SINAN,http://siab.datasus.gov.br/DATASUS/index.php?acao=41&area=0901&item=1,ftp_dbc
country,br,br,Brazil,BR,Brazil,D201,Exanthematous diseases,出疹性疾病,Viral,2018-12-01,2018-12,241,56.233333333333334,0,0.11692940821946445,wpp_computed,,sinan_datasus,Brazil DATASUS SINAN,http://siab.datasus.gov.br/DATASUS/index.php?acao=41&area=0901&item=1,ftp_dbc,sinan_datasus,Brazil DATASUS SINAN,http://siab.datasus.gov.br/DATASUS/index.php?acao=41&area=0901&item=1,ftp_dbc
country,br,br,Brazil,BR,Brazil,D202,Domestic sexual and other violence,家庭/性及其他暴力,Other,2018-12-01,2018-12,30961,7224.233333333334,0,15.02179007420265,wpp_computed,,sinan_datasus,Brazil DATASUS SINAN,http://siab.datasus.gov.br/DATASUS/index.php?acao=41&area=0901&item=1,ftp_dbc,sinan_datasus,Brazil DATASUS SINAN,http://siab.datasus.gov.br/DATASUS/index.php?acao=41&area=0901&item=1,ftp_dbc
country,br,br,Brazil,BR,Brazil,D230,Child exposed to HIV,儿童HIV暴露,Other,2018-12-01,2018-12,494,115.26666666666665,0,0.2396810276365786,wpp_computed,,sinan_datasus,Brazil DATASUS SINAN,http://siab.datasus.gov.br/DATASUS/index.php?acao=41&area=0901&item=1,ftp_dbc,sinan_datasus,Brazil DATASUS SINAN,http://siab.datasus.gov.br/DATASUS/index.php?acao=41&area=0901&item=1,ftp_dbc
country,br,br,Brazil,BR,Brazil,D231,HIV infection in pregnancy surveillance event,孕产期HIV感染监测事件,Viral,2018-12-01,2018-12,595,138.83333333333331,0,0.2886846385501301,wpp_computed,,sinan_datasus,Brazil DATASUS SINAN,http://siab.datasus.gov.br/DATASUS/index.php?acao=41&area=0901&item=1,ftp_dbc,sinan_datasus,Brazil DATASUS SINAN,http://siab.datasus.gov.br/DATASUS/index.php?acao=41&area=0901&item=1,ftp_dbc
country,br,br,Brazil,BR,Brazil,D235,Meningitis (all reported etiologies),脑膜炎（全部报告病因）,Other,2018-12-01,2018-12,1946,454.0666666666666,0,0.94416858255219,wpp_computed,,sinan_datasus,Brazil DATASUS SINAN,http://siab.datasus.gov.br/DATASUS/index.php?acao=41&area=0901&item=1,ftp_dbc,sinan_datasus,Brazil DATASUS SINAN,http://siab.datasus.gov.br/DATASUS/index.php?acao=41&area=0901&item=1,ftp_dbc
country,br,br,Brazil,BR,Brazil,D001,Plague,鼠疫,Bacterial,2019-01-01,2019-01,1,0.11475409836065574,0,0.0004820311802881235,wpp_computed,,sinan_datasus,Brazil DATASUS SINAN,http://siab.datasus.gov.br/DATASUS/index.php?acao=41&area=0901&item=1,ftp_dbc,sinan_datasus,Brazil DATASUS SINAN,http://siab.datasus.gov.br/DATASUS/index.php?acao=41&area=0901&item=1,ftp_dbc
country,br,br,Brazil,BR,Brazil,D005,AIDS,艾滋病,Viral,2019-01-01,2019-01,3629,819.4516129032259,0,1.7492911532656001,wpp_computed,,sinan_datasus,Brazil DATASUS SINAN,http://siab.datasus.gov.br/DATASUS/index.php?acao=41&area=0901&item=1,ftp_dbc,sinan_datasus,Brazil DATASUS SINAN,http://siab.datasus.gov.br/DATASUS/index.php?acao=41&area=0901&item=1,ftp_dbc
country,br,br,Brazil,BR,Brazil,D019,Rabies,狂犬病,Viral,2019-01-01,2019-01,13,0.11957950065703021,0,0.006266405343745605,wpp_computed,,sinan_datasus,Brazil DATASUS SINAN,http://siab.datasus.gov.br/DATASUS/index.php?acao=41&area=0901&item=1,ftp_dbc,sinan_datasus,Brazil DATASUS SINAN,http://siab.datasus.gov.br/DATASUS/index.php?acao=41&area=0901&item=1,ftp_dbc
country,br,br,Brazil,BR,Brazil,D021,Dengue,登革热,Viral,2019-01-01,2019-01,58696,13253.935483870968,0,28.293302158191693,wpp_computed,,sinan_datasus,Brazil DATASUS SINAN,http://siab.datasus.gov.br/DATASUS/index.php?acao=41&area=0901&item=1,ftp_dbc,sinan_datasus,Brazil DATASUS SINAN,http://siab.datasus.gov.br/DATASUS/index.php?acao=41&area=0901&item=1,ftp_dbc
country,br,br,Brazil,BR,Brazil,D025,Tuberculosis,肺结核,Bacterial,2019-01-01,2019-01,6801,1535.7096774193546,0,3.2782940571395276,wpp_computed,,sinan_datasus,Brazil DATASUS SINAN,http://siab.datasus.gov.br/DATASUS/index.php?acao=41&area=0901&item=1,ftp_dbc,sinan_datasus,Brazil DATASUS SINAN,http://siab.datasus.gov.br/DATASUS/index.php?acao=41&area=0901&item=1,ftp_dbc
country,br,br,Brazil,BR,Brazil,D028,Pertussis,百日咳,Bacterial,2019-01-01,2019-01,552,124.64516129032256,0,0.2660812115190442,wpp_computed,,sinan_datasus,Brazil DATASUS SINAN,http://siab.datasus.gov.br/DATASUS/index.php?acao=41&area=0901&item=1,ftp_dbc,sinan_datasus,Brazil DATASUS SINAN,http://siab.datasus.gov.br/DATASUS/index.php?acao=41&area=0901&item=1,ftp_dbc
country,br,br,Brazil,BR,Brazil,D036,Schistosomiasis,血吸虫病,Parasitic,2019-01-01,2019-01,303,68.41935483870967,0,0.14605544762730144,wpp_computed,,sinan_datasus,Brazil DATASUS SINAN,http://siab.datasus.gov.br/DATASUS/index.php?acao=41&area=0901&item=1,ftp_dbc,sinan_datasus,Brazil DATASUS SINAN,http://siab.datasus.gov.br/DATASUS/index.php?acao=41&area=0901&item=1,ftp_dbc
country,br,br,Brazil,BR,Brazil,D042,Leprosy,麻风病,Bacterial,2019-01-01,2019-01,3019,681.7096774193549,0,1.455252133289845,wpp_computed,,sinan_datasus,Brazil DATASUS SINAN,http://siab.datasus.gov.br/DATASUS/index.php?acao=41&area=0901&item=1,ftp_dbc,sinan_datasus,Brazil DATASUS SINAN,http://siab.datasus.gov.br/DATASUS/index.php?acao=41&area=0901&item=1,ftp_dbc
country,br,br,Brazil,BR,Brazil,D052,Chikungunya,基孔肯雅热,Viral,2019-01-01,2019-01,7175,1620.1612903225805,0,3.458573718567286,wpp_computed,,sinan_datasus,Brazil DATASUS SINAN,http://siab.datasus.gov.br/DATASUS/index.php?acao=41&area=0901&item=1,ftp_dbc,sinan_datasus,Brazil DATASUS SINAN,http://siab.datasus.gov.br/DATASUS/index.php?acao=41&area=0901&item=1,ftp_dbc
country,br,br,Brazil,BR,Brazil,D054,Varicella,水痘,Viral,2019-01-01,2019-01,1560,352.258064516129,0,0.7519686412494726,wpp_computed,,sinan_datasus,Brazil DATASUS SINAN,http://siab.datasus.gov.br/DATASUS/index.php?acao=41&area=0901&item=1,ftp_dbc,sinan_datasus,Brazil DATASUS SINAN,http://siab.datasus.gov.br/DATASUS/index.php?acao=41&area=0901&item=1,ftp_dbc
country,br,br,Brazil,BR,Brazil,D082,Leishmaniasis,利什曼病,Parasitic,2019-01-01,2019-01,1837,414.80645161290323,0,0.8854912781892829,wpp_computed,,sinan_datasus,Brazil DATASUS SINAN,http://siab.datasus.gov.br/DATASUS/index.php?acao=41&area=0901&item=1,ftp_dbc,sinan_datasus,Brazil DATASUS SINAN,http://siab.datasus.gov.br/DATASUS/index.php?acao=41&area=0901&item=1,ftp_dbc
country,br,br,Brazil,BR,Brazil,D084,Chagas disease,恰加斯病,Parasitic,2019-01-01,2019-01,362,81.74193548387098,0,0.1744952872643007,wpp_computed,,sinan_datasus,Brazil DATASUS SINAN,http://siab.datasus.gov.br/DATASUS/index.php?acao=41&area=0901&item=1,ftp_dbc,sinan_datasus,Brazil DATASUS SINAN,http://siab.datasus.gov.br/DATASUS/index.php?acao=41&area=0901&item=1,ftp_dbc
country,br,br,Brazil,BR,Brazil,D085,Toxoplasmosis,弓形体病,Parasitic,2019-01-01,2019-01,167,37.70967741935483,0,0.08049920710811663,wpp_computed,,sinan_datasus,Brazil DATASUS SINAN,http://siab.datasus.gov.br/DATASUS/index.php?acao=41&area=0901&item=1,ftp_dbc,sinan_datasus,Brazil DATASUS SINAN,http://siab.datasus.gov.br/DATASUS/index.php?acao=41&area=0901&item=1,ftp_dbc
country,br,br,Brazil,BR,Brazil,D091,Botulism,肉毒杆菌中毒,Bacterial,2019-01-01,2019-01,2,0.00938337801608579,0,0.000964062360576247,wpp_computed,,sinan_datasus,Brazil DATASUS SINAN,http://siab.datasus.gov.br/DATASUS/index.php?acao=41&area=0901&item=1,ftp_dbc,sinan_datasus,Brazil DATASUS SINAN,http://siab.datasus.gov.br/DATASUS/index.php?acao=41&area=0901&item=1,ftp_dbc
country,br,br,Brazil,BR,Brazil,D102,Hantavirus infection,汉坦病毒感染,Viral,2019-01-01,2019-01,117,1.076215505913272,0,0.056397648093710444,wpp_computed,,sinan_datasus,Brazil DATASUS SINAN,http://siab.datasus.gov.br/DATASUS/index.php?acao=41&area=0901&item=1,ftp_dbc,sinan_datasus,Brazil DATASUS SINAN,http://siab.datasus.gov.br/DATASUS/index.php?acao=41&area=0901&item=1,ftp_dbc
country,br,br,Brazil,BR,Brazil,D118,Spotted fever rickettsiosis,斑点热立克次体病,Bacterial,2019-01-01,2019-01,288,65.03225806451613,0,0.13882497992297957,wpp_computed,,sinan_datasus,Brazil DATASUS SINAN,http://siab.datasus.gov.br/DATASUS/index.php?acao=41&area=0901&item=1,ftp_dbc,sinan_datasus,Brazil DATASUS SINAN,http://siab.datasus.gov.br/DATASUS/index.php?acao=41&area=0901&item=1,ftp_dbc
country,br,br,Brazil,BR,Brazil,D124,Typhoid fever,伤寒,Bacterial,2019-01-01,2019-01,35,7.903225806451614,0,0.016871091310084324,wpp_computed,,sinan_datasus,Brazil DATASUS SINAN,http://siab.datasus.gov.br/DATASUS/index.php?acao=41&area=0901&item=1,ftp_dbc,sinan_datasus,Brazil DATASUS SINAN,http://siab.datasus.gov.br/DATASUS/index.php?acao=41&area=0901&item=1,ftp_dbc
country,br,br,Brazil,BR,Brazil,D144,Creutzfeldt-Jakob disease,克雅氏病,Prion,2019-01-01,2019-01,12,2.7096774193548385,0,0.005784374163457482,wpp_computed,,sinan_datasus,Brazil DATASUS SINAN,http://siab.datasus.gov.br/DATASUS/index.php?acao=41&area=0901&item=1,ftp_dbc,sinan_datasus,Brazil DATASUS SINAN,http://siab.datasus.gov.br/DATASUS/index.php?acao=41&area=0901&item=1,ftp_dbc
country,br,br,Brazil,BR,Brazil,D162,HIV infection,人类免疫缺乏病毒感染,Viral,2019-01-01,2019-01,4389,991.0645161290323,0,2.1156348502845743,wpp_computed,,sinan_datasus,Brazil DATASUS SINAN,http://siab.datasus.gov.br/DATASUS/index.php?acao=41&area=0901&item=1,ftp_dbc,sinan_datasus,Brazil DATASUS SINAN,http://siab.datasus.gov.br/DATASUS/index.php?acao=41&area=0901&item=1,ftp_dbc
country,br,br,Brazil,BR,Brazil,D178,Acute flaccid paralysis,急性无力肢体麻痹,Other,2019-01-01,2019-01,25,5.64516129032258,0,0.012050779507203086,wpp_computed,,sinan_datasus,Brazil DATASUS SINAN,http://siab.datasus.gov.br/DATASUS/index.php?acao=41&area=0901&item=1,ftp_dbc,sinan_datasus,Brazil DATASUS SINAN,http://siab.datasus.gov.br/DATASUS/index.php?acao=41&area=0901&item=1,ftp_dbc
country,br,br,Brazil,BR,Brazil,D184,Accident caused by venomous animals,毒性动物伤害,Other,2019-01-01,2019-01,30185,6815.967741935484,0,14.550111176997007,wpp_computed,,sinan_datasus,Brazil DATASUS SINAN,http://siab.datasus.gov.br/DATASUS/index.php?acao=41&area=0901&item=1,ftp_dbc,sinan_datasus,Brazil DATASUS SINAN,http://siab.datasus.gov.br/DATASUS/index.php?acao=41&area=0901&item=1,ftp_dbc
country,br,br,Brazil,BR,Brazil,D185,Work accident with biological material,生物材料职业暴露事故,Other,2019-01-01,2019-01,5442,1228.8387096774195,0,2.623213683127968,wpp_computed,,sinan_datasus,Brazil DATASUS SINAN,http://siab.datasus.gov.br/DATASUS/index.php?acao=41&area=0901&item=1,ftp_dbc,sinan_datasus,Brazil DATASUS SINAN,http://siab.datasus.gov.br/DATASUS/index.php?acao=41&area=0901&item=1,ftp_dbc
country,br,br,Brazil,BR,Brazil,D186,Serious work accident,严重工伤,Other,2019-01-01,2019-01,8646,1952.322580645161,0,4.167641584771116,wpp_computed,,sinan_datasus,Brazil DATASUS SINAN,http://siab.datasus.gov.br/DATASUS/index.php?acao=41&area=0901&item=1,ftp_dbc,sinan_datasus,Brazil DATASUS SINAN,http://siab.datasus.gov.br/DATASUS/index.php?acao=41&area=0901&item=1,ftp_dbc
country,br,br,Brazil,BR,Brazil,D187,Rabies post-exposure prophylaxis,狂犬病暴露后处置,Other,2019-01-01,2019-01,66654,15050.90322580645,0,32.12930629092458,wpp_computed,,sinan_datasus,Brazil DATASUS SINAN,http://siab.datasus.gov.br/DATASUS/index.php?acao=41&area=0901&item=1,ftp_dbc,sinan_datasus,Brazil DATASUS SINAN,http://siab.datasus.gov.br/DATASUS/index.php?acao=41&area=0901&item=1,ftp_dbc
country,br,br,Brazil,BR,Brazil,D188,Work-related cancer,职业相关癌症,Other,2019-01-01,2019-01,56,12.64516129032258,0,0.026993746096134915,wpp_computed,,sinan_datasus,Brazil DATASUS SINAN,http://siab.datasus.gov.br/DATASUS/index.php?acao=41&area=0901&item=1,ftp_dbc,sinan_datasus,Brazil DATASUS SINAN,http://siab.datasus.gov.br/DATASUS/index.php?acao=41&area=0901&item=1,ftp_dbc
country,br,br,Brazil,BR,Brazil,D189,Work-related dermatosis,职业性皮肤病,Other,2019-01-01,2019-01,43,9.70967741935484,0,0.02072734075238931,wpp_computed,,sinan_datasus,Brazil DATASUS SINAN,http://siab.datasus.gov.br/DATASUS/index.php?acao=41&area=0901&item=1,ftp_dbc,sinan_datasus,Brazil DATASUS SINAN,http://siab.datasus.gov.br/DATASUS/index.php?acao=41&area=0901&item=1,ftp_dbc
country,br,br,Brazil,BR,Brazil,D194,Noise-induced hearing loss,噪声性听力损失,Other,2019-01-01,2019-01,75,16.935483870967744,0,0.03615233852160926,wpp_computed,,sinan_datasus,Brazil DATASUS SINAN,http://siab.datasus.gov.br/DATASUS/index.php?acao=41&area=0901&item=1,ftp_dbc,sinan_datasus,Brazil DATASUS SINAN,http://siab.datasus.gov.br/DATASUS/index.php?acao=41&area=0901&item=1,ftp_dbc
country,br,br,Brazil,BR,Brazil,D195,Pneumoconiosis,尘肺病,Other,2019-01-01,2019-01,50,11.29032258064516,0,0.024101559014406172,wpp_computed,,sinan_datasus,Brazil DATASUS SINAN,http://siab.datasus.gov.br/DATASUS/index.php?acao=41&area=0901&item=1,ftp_dbc,sinan_datasus,Brazil DATASUS SINAN,http://siab.datasus.gov.br/DATASUS/index.php?acao=41&area=0901&item=1,ftp_dbc
country,br,br,Brazil,BR,Brazil,D198,Toxoplasmosis in pregnancy,妊娠期弓形虫病,Parasitic,2019-01-01,2019-01,555,125.32258064516128,0,0.26752730505990857,wpp_computed,,sinan_datasus,Brazil DATASUS SINAN,http://siab.datasus.gov.br/DATASUS/index.php?acao=41&area=0901&item=1,ftp_dbc,sinan_datasus,Brazil DATASUS SINAN,http://siab.datasus.gov.br/DATASUS/index.php?acao=41&area=0901&item=1,ftp_dbc
country,br,br,Brazil,BR,Brazil,D199,Rotavirus infection,轮状病毒感染,Viral,2019-01-01,2019-01,75,16.935483870967744,0,0.03615233852160926,wpp_computed,,sinan_datasus,Brazil DATASUS SINAN,http://siab.datasus.gov.br/DATASUS/index.php?acao=41&area=0901&item=1,ftp_dbc,sinan_datasus,Brazil DATASUS SINAN,http://siab.datasus.gov.br/DATASUS/index.php?acao=41&area=0901&item=1,ftp_dbc
country,br,br,Brazil,BR,Brazil,D200,Trachoma,沙眼,Bacterial,2019-01-01,2019-01,10,2.258064516129032,0,0.004820311802881235,wpp_computed,,sinan_datasus,Brazil DATASUS SINAN,http://siab.datasus.gov.br/DATASUS/index.php?acao=41&area=0901&item=1,ftp_dbc,sinan_datasus,Brazil DATASUS SINAN,http://siab.datasus.gov.br/DATASUS/index.php?acao=41&area=0901&item=1,ftp_dbc
country,br,br,Brazil,BR,Brazil,D201,Exanthematous diseases,出疹性疾病,Viral,2019-01-01,2019-01,246,55.54838709677419,0,0.11857967035087838,wpp_computed,,sinan_datasus,Brazil DATASUS SINAN,http://siab.datasus.gov.br/DATASUS/index.php?acao=41&area=0901&item=1,ftp_dbc,sinan_datasus,Brazil DATASUS SINAN,http://siab.datasus.gov.br/DATASUS/index.php?acao=41&area=0901&item=1,ftp_dbc
country,br,br,Brazil,BR,Brazil,D202,Domestic sexual and other violence,家庭/性及其他暴力,Other,2019-01-01,2019-01,34135,7707.903225806453,0,16.454134339135095,wpp_computed,,sinan_datasus,Brazil DATASUS SINAN,http://siab.datasus.gov.br/DATASUS/index.php?acao=41&area=0901&item=1,ftp_dbc,sinan_datasus,Brazil DATASUS SINAN,http://siab.datasus.gov.br/DATASUS/index.php?acao=41&area=0901&item=1,ftp_dbc
country,br,br,Brazil,BR,Brazil,D230,Child exposed to HIV,儿童HIV暴露,Other,2019-01-01,2019-01,666,150.38709677419354,0,0.32103276607189024,wpp_computed,,sinan_datasus,Brazil DATASUS SINAN,http://siab.datasus.gov.br/DATASUS/index.php?acao=41&area=0901&item=1,ftp_dbc,sinan_datasus,Brazil DATASUS SINAN,http://siab.datasus.gov.br/DATASUS/index.php?acao=41&area=0901&item=1,ftp_dbc
country,br,br,Brazil,BR,Brazil,D231,HIV infection in pregnancy surveillance event,孕产期HIV感染监测事件,Viral,2019-01-01,2019-01,735,165.96774193548387,0,0.3542929175117708,wpp_computed,,sinan_datasus,Brazil DATASUS SINAN,http://siab.datasus.gov.br/DATASUS/index.php?acao=41&area=0901&item=1,ftp_dbc,sinan_datasus,Brazil DATASUS SINAN,http://siab.datasus.gov.br/DATASUS/index.php?acao=41&area=0901&item=1,ftp_dbc
country,br,br,Brazil,BR,Brazil,D235,Meningitis (all reported etiologies),脑膜炎（全部报告病因）,Other,2019-01-01,2019-01,2025,457.2580645161291,0,0.9761131400834501,wpp_computed,,sinan_datasus,Brazil DATASUS SINAN,http://siab.datasus.gov.br/DATASUS/index.php?acao=41&area=0901&item=1,ftp_dbc,sinan_datasus,Brazil DATASUS SINAN,http://siab.datasus.gov.br/DATASUS/index.php?acao=41&area=0901&item=1,ftp_dbc
country,br,br,Brazil,BR,Brazil,D005,AIDS,艾滋病,Viral,2019-02-01,2019-02,3484,786.7096774193549,0,1.6793966321238223,wpp_computed,,sinan_datasus,Brazil DATASUS SINAN,http://siab.datasus.gov.br/DATASUS/index.php?acao=41&area=0901&item=1,ftp_dbc,sinan_datasus,Brazil DATASUS SINAN,http://siab.datasus.gov.br/DATASUS/index.php?acao=41&area=0901&item=1,ftp_dbc
country,br,br,Brazil,BR,Brazil,D019,Rabies,狂犬病,Viral,2019-02-01,2019-02,17,3.8387096774193545,0,0.0081945300648981,wpp_computed,,sinan_datasus,Brazil DATASUS SINAN,http://siab.datasus.gov.br/DATASUS/index.php?acao=41&area=0901&item=1,ftp_dbc,sinan_datasus,Brazil DATASUS SINAN,http://siab.datasus.gov.br/DATASUS/index.php?acao=41&area=0901&item=1,ftp_dbc
country,br,br,Brazil,BR,Brazil,D021,Dengue,登革热,Viral,2019-02-01,2019-02,120776,27272.0,0,58.217797830478396,wpp_computed,,sinan_datasus,Brazil DATASUS SINAN,http://siab.datasus.gov.br/DATASUS/index.php?acao=41&area=0901&item=1,ftp_dbc,sinan_datasus,Brazil DATASUS SINAN,http://siab.datasus.gov.br/DATASUS/index.php?acao=41&area=0901&item=1,ftp_dbc
country,br,br,Brazil,BR,Brazil,D025,Tuberculosis,肺结核,Bacterial,2019-02-01,2019-02,7267,1640.9354838709676,0,3.5029205871537936,wpp_computed,,sinan_datasus,Brazil DATASUS SINAN,http://siab.datasus.gov.br/DATASUS/index.php?acao=41&area=0901&item=1,ftp_dbc,sinan_datasus,Brazil DATASUS SINAN,http://siab.datasus.gov.br/DATASUS/index.php?acao=41&area=0901&item=1,ftp_dbc
country,br,br,Brazil,BR,Brazil,D028,Pertussis,百日咳,Bacterial,2019-02-01,2019-02,583,131.64516129032256,0,0.28102417810797603,wpp_computed,,sinan_datasus,Brazil DATASUS SINAN,http://siab.datasus.gov.br/DATASUS/index.php?acao=41&area=0901&item=1,ftp_dbc,sinan_datasus,Brazil DATASUS SINAN,http://siab.datasus.gov.br/DATASUS/index.php?acao=41&area=0901&item=1,ftp_dbc
country,br,br,Brazil,BR,Brazil,D036,Schistosomiasis,血吸虫病,Parasitic,2019-02-01,2019-02,287,64.80645161290323,0,0.13834294874269146,wpp_computed,,sinan_datasus,Brazil DATASUS SINAN,http://siab.datasus.gov.br/DATASUS/index.php?acao=41&area=0901&item=1,ftp_dbc,sinan_datasus,Brazil DATASUS SINAN,http://siab.datasus.gov.br/DATASUS/index.php?acao=41&area=0901&item=1,ftp_dbc
country,br,br,Brazil,BR,Brazil,D042,Leprosy,麻风病,Bacterial,2019-02-01,2019-02,3459,781.0645161290322,0,1.6673458526166192,wpp_computed,,sinan_datasus,Brazil DATASUS SINAN,http://siab.datasus.gov.br/DATASUS/index.php?acao=41&area=0901&item=1,ftp_dbc,sinan_datasus,Brazil DATASUS SINAN,http://siab.datasus.gov.br/DATASUS/index.php?acao=41&area=0901&item=1,ftp_dbc
country,br,br,Brazil,BR,Brazil,D052,Chikungunya,基孔肯雅热,Viral,2019-02-01,2019-02,9311,2102.483870967742,0,4.488192319662717,wpp_computed,,sinan_datasus,Brazil DATASUS SINAN,http://siab.datasus.gov.br/DATASUS/index.php?acao=41&area=0901&item=1,ftp_dbc,sinan_datasus,Brazil DATASUS SINAN,http://siab.datasus.gov.br/DATASUS/index.php?acao=41&area=0901&item=1,ftp_dbc
country,br,br,Brazil,BR,Brazil,D054,Varicella,水痘,Viral,2019-02-01,2019-02,1504,339.61290322580646,0,0.7249748951533377,wpp_computed,,sinan_datasus,Brazil DATASUS SINAN,http://siab.datasus.gov.br/DATASUS/index.php?acao=41&area=0901&item=1,ftp_dbc,sinan_datasus,Brazil DATASUS SINAN,http://siab.datasus.gov.br/DATASUS/index.php?acao=41&area=0901&item=1,ftp_dbc
country,br,br,Brazil,BR,Brazil,D082,Leishmaniasis,利什曼病,Parasitic,2019-02-01,2019-02,1534,346.38709677419354,0,0.7394358305619815,wpp_computed,,sinan_datasus,Brazil DATASUS SINAN,http://siab.datasus.gov.br/DATASUS/index.php?acao=41&area=0901&item=1,ftp_dbc,sinan_datasus,Brazil DATASUS SINAN,http://siab.datasus.gov.br/DATASUS/index.php?acao=41&area=0901&item=1,ftp_dbc
country,br,br,Brazil,BR,Brazil,D084,Chagas disease,恰加斯病,Parasitic,2019-02-01,2019-02,416,93.93548387096774,0,0.20052497099985936,wpp_computed,,sinan_datasus,Brazil DATASUS SINAN,http://siab.datasus.gov.br/DATASUS/index.php?acao=41&area=0901&item=1,ftp_dbc,sinan_datasus,Brazil DATASUS SINAN,http://siab.datasus.gov.br/DATASUS/index.php?acao=41&area=0901&item=1,ftp_dbc
country,br,br,Brazil,BR,Brazil,D085,Toxoplasmosis,弓形体病,Parasitic,2019-02-01,2019-02,190,42.903225806451616,0,0.09158592425474346,wpp_computed,,sinan_datasus,Brazil DATASUS SINAN,http://siab.datasus.gov.br/DATASUS/index.php?acao=41&area=0901&item=1,ftp_dbc,sinan_datasus,Brazil DATASUS SINAN,http://siab.datasus.gov.br/DATASUS/index.php?acao=41&area=0901&item=1,ftp_dbc
country,br,br,Brazil,BR,Brazil,D091,Botulism,肉毒杆菌中毒,Bacterial,2019-02-01,2019-02,7,1.5806451612903225,0,0.0033742182620168644,wpp_computed,,sinan_datasus,Brazil DATASUS SINAN,http://siab.datasus.gov.br/DATASUS/index.php?acao=41&area=0901&item=1,ftp_dbc,sinan_datasus,Brazil DATASUS SINAN,http://siab.datasus.gov.br/DATASUS/index.php?acao=41&area=0901&item=1,ftp_dbc
country,br,br,Brazil,BR,Brazil,D102,Hantavirus infection,汉坦病毒感染,Viral,2019-02-01,2019-02,96,21.677419354838708,0,0.046274993307659856,wpp_computed,,sinan_datasus,Brazil DATASUS SINAN,http://siab.datasus.gov.br/DATASUS/index.php?acao=41&area=0901&item=1,ftp_dbc,sinan_datasus,Brazil DATASUS SINAN,http://siab.datasus.gov.br/DATASUS/index.php?acao=41&area=0901&item=1,ftp_dbc
country,br,br,Brazil,BR,Brazil,D118,Spotted fever rickettsiosis,斑点热立克次体病,Bacterial,2019-02-01,2019-02,261,58.935483870967744,0,0.12581013805520022,wpp_computed,,sinan_datasus,Brazil DATASUS SINAN,http://siab.datasus.gov.br/DATASUS/index.php?acao=41&area=0901&item=1,ftp_dbc,sinan_datasus,Brazil DATASUS SINAN,http://siab.datasus.gov.br/DATASUS/index.php?acao=41&area=0901&item=1,ftp_dbc
country,br,br,Brazil,BR,Brazil,D124,Typhoid fever,伤寒,Bacterial,2019-02-01,2019-02,49,11.064516129032258,0,0.02361952783411805,wpp_computed,,sinan_datasus,Brazil DATASUS SINAN,http://siab.datasus.gov.br/DATASUS/index.php?acao=41&area=0901&item=1,ftp_dbc,sinan_datasus,Brazil DATASUS SINAN,http://siab.datasus.gov.br/DATASUS/index.php?acao=41&area=0901&item=1,ftp_dbc
country,br,br,Brazil,BR,Brazil,D144,Creutzfeldt-Jakob disease,克雅氏病,Prion,2019-02-01,2019-02,15,3.3870967741935485,0,0.0072304677043218525,wpp_computed,,sinan_datasus,Brazil DATASUS SINAN,http://siab.datasus.gov.br/DATASUS/index.php?acao=41&area=0901&item=1,ftp_dbc,sinan_datasus,Brazil DATASUS SINAN,http://siab.datasus.gov.br/DATASUS/index.php?acao=41&area=0901&item=1,ftp_dbc
country,br,br,Brazil,BR,Brazil,D162,HIV infection,人类免疫缺乏病毒感染,Viral,2019-02-01,2019-02,4307,972.5483870967741,0,2.076108293500948,wpp_computed,,sinan_datasus,Brazil DATASUS SINAN,http://siab.datasus.gov.br/DATASUS/index.php?acao=41&area=0901&item=1,ftp_dbc,sinan_datasus,Brazil DATASUS SINAN,http://siab.datasus.gov.br/DATASUS/index.php?acao=41&area=0901&item=1,ftp_dbc
country,br,br,Brazil,BR,Brazil,D178,Acute flaccid paralysis,急性无力肢体麻痹,Other,2019-02-01,2019-02,41,9.258064516129032,0,0.019763278391813063,wpp_computed,,sinan_datasus,Brazil DATASUS SINAN,http://siab.datasus.gov.br/DATASUS/index.php?acao=41&area=0901&item=1,ftp_dbc,sinan_datasus,Brazil DATASUS SINAN,http://siab.datasus.gov.br/DATASUS/index.php?acao=41&area=0901&item=1,ftp_dbc
country,br,br,Brazil,BR,Brazil,D184,Accident caused by venomous animals,毒性动物伤害,Other,2019-02-01,2019-02,25517,5761.903225806452,0,12.299989627412048,wpp_computed,,sinan_datasus,Brazil DATASUS SINAN,http://siab.datasus.gov.br/DATASUS/index.php?acao=41&area=0901&item=1,ftp_dbc,sinan_datasus,Brazil DATASUS SINAN,http://siab.datasus.gov.br/DATASUS/index.php?acao=41&area=0901&item=1,ftp_dbc
country,br,br,Brazil,BR,Brazil,D185,Work accident with biological material,生物材料职业暴露事故,Other,2019-02-01,2019-02,5298,1196.3225806451612,0,2.5538011931664784,wpp_computed,,sinan_datasus,Brazil DATASUS SINAN,http://siab.datasus.gov.br/DATASUS/index.php?acao=41&area=0901&item=1,ftp_dbc,sinan_datasus,Brazil DATASUS SINAN,http://siab.datasus.gov.br/DATASUS/index.php?acao=41&area=0901&item=1,ftp_dbc
country,br,br,Brazil,BR,Brazil,D186,Serious work accident,严重工伤,Other,2019-02-01,2019-02,8636,1950.0645161290322,0,4.162821272968234,wpp_computed,,sinan_datasus,Brazil DATASUS SINAN,http://siab.datasus.gov.br/DATASUS/index.php?acao=41&area=0901&item=1,ftp_dbc,sinan_datasus,Brazil DATASUS SINAN,http://siab.datasus.gov.br/DATASUS/index.php?acao=41&area=0901&item=1,ftp_dbc
country,br,br,Brazil,BR,Brazil,D187,Rabies post-exposure prophylaxis,狂犬病暴露后处置,Other,2019-02-01,2019-02,57339,12947.51612903226,0,27.639185846540713,wpp_computed,,sinan_datasus,Brazil DATASUS SINAN,http://siab.datasus.gov.br/DATASUS/index.php?acao=41&area=0901&item=1,ftp_dbc,sinan_datasus,Brazil DATASUS SINAN,http://siab.datasus.gov.br/DATASUS/index.php?acao=41&area=0901&item=1,ftp_dbc
country,br,br,Brazil,BR,Brazil,D188,Work-related cancer,职业相关癌症,Other,2019-02-01,2019-02,67,15.129032258064516,0,0.03229608907930427,wpp_computed,,sinan_datasus,Brazil DATASUS SINAN,http://siab.datasus.gov.br/DATASUS/index.php?acao=41&area=0901&item=1,ftp_dbc,sinan_datasus,Brazil DATASUS SINAN,http://siab.datasus.gov.br/DATASUS/index.php?acao=41&area=0901&item=1,ftp_dbc
country,br,br,Brazil,BR,Brazil,D189,Work-related dermatosis,职业性皮肤病,Other,2019-02-01,2019-02,29,6.548387096774193,0,0.013978904228355583,wpp_computed,,sinan_datasus,Brazil DATASUS SINAN,http://siab.datasus.gov.br/DATASUS/index.php?acao=41&area=0901&item=1,ftp_dbc,sinan_datasus,Brazil DATASUS SINAN,http://siab.datasus.gov.br/DATASUS/index.php?acao=41&area=0901&item=1,ftp_dbc
country,br,br,Brazil,BR,Brazil,D194,Noise-induced hearing loss,噪声性听力损失,Other,2019-02-01,2019-02,54,12.193548387096774,0,0.026029683735558667,wpp_computed,,sinan_datasus,Brazil DATASUS SINAN,http://siab.datasus.gov.br/DATASUS/index.php?acao=41&area=0901&item=1,ftp_dbc,sinan_datasus,Brazil DATASUS SINAN,http://siab.datasus.gov.br/DATASUS/index.php?acao=41&area=0901&item=1,ftp_dbc
country,br,br,Brazil,BR,Brazil,D195,Pneumoconiosis,尘肺病,Other,2019-02-01,2019-02,12,2.7096774193548385,0,0.005784374163457482,wpp_computed,,sinan_datasus,Brazil DATASUS SINAN,http://siab.datasus.gov.br/DATASUS/index.php?acao=41&area=0901&item=1,ftp_dbc,sinan_datasus,Brazil DATASUS SINAN,http://siab.datasus.gov.br/DATASUS/index.php?acao=41&area=0901&item=1,ftp_dbc
country,br,br,Brazil,BR,Brazil,D198,Toxoplasmosis in pregnancy,妊娠期弓形虫病,Parasitic,2019-02-01,2019-02,625,141.1290322580645,0,0.30126948768007716,wpp_computed,,sinan_datasus,Brazil DATASUS SINAN,http://siab.datasus.gov.br/DATASUS/index.php?acao=41&area=0901&item=1,ftp_dbc,sinan_datasus,Brazil DATASUS SINAN,http://siab.datasus.gov.br/DATASUS/index.php?acao=41&area=0901&item=1,ftp_dbc
country,br,br,Brazil,BR,Brazil,D199,Rotavirus infection,轮状病毒感染,Viral,2019-02-01,2019-02,70,15.806451612903228,0,0.03374218262016865,wpp_computed,,sinan_datasus,Brazil DATASUS SINAN,http://siab.datasus.gov.br/DATASUS/index.php?acao=41&area=0901&item=1,ftp_dbc,sinan_datasus,Brazil DATASUS SINAN,http://siab.datasus.gov.br/DATASUS/index.php?acao=41&area=0901&item=1,ftp_dbc
country,br,br,Brazil,BR,Brazil,D200,Trachoma,沙眼,Bacterial,2019-02-01,2019-02,113,25.516129032258064,0,0.054469523372557956,wpp_computed,,sinan_datasus,Brazil DATASUS SINAN,http://siab.datasus.gov.br/DATASUS/index.php?acao=41&area=0901&item=1,ftp_dbc,sinan_datasus,Brazil DATASUS SINAN,http://siab.datasus.gov.br/DATASUS/index.php?acao=41&area=0901&item=1,ftp_dbc
country,br,br,Brazil,BR,Brazil,D201,Exanthematous diseases,出疹性疾病,Viral,2019-02-01,2019-02,272,61.41935483870967,0,0.1311124810383696,wpp_computed,,sinan_datasus,Brazil DATASUS SINAN,http://siab.datasus.gov.br/DATASUS/index.php?acao=41&area=0901&item=1,ftp_dbc,sinan_datasus,Brazil DATASUS SINAN,http://siab.datasus.gov.br/DATASUS/index.php?acao=41&area=0901&item=1,ftp_dbc
country,br,br,Brazil,BR,Brazil,D202,Domestic sexual and other violence,家庭/性及其他暴力,Other,2019-02-01,2019-02,31055,7012.419354838709,0,14.969478303847675,wpp_computed,,sinan_datasus,Brazil DATASUS SINAN,http://siab.datasus.gov.br/DATASUS/index.php?acao=41&area=0901&item=1,ftp_dbc,sinan_datasus,Brazil DATASUS SINAN,http://siab.datasus.gov.br/DATASUS/index.php?acao=41&area=0901&item=1,ftp_dbc
country,br,br,Brazil,BR,Brazil,D230,Child exposed to HIV,儿童HIV暴露,Other,2019-02-01,2019-02,596,134.58064516129033,0,0.2872905834517216,wpp_computed,,sinan_datasus,Brazil DATASUS SINAN,http://siab.datasus.gov.br/DATASUS/index.php?acao=41&area=0901&item=1,ftp_dbc,sinan_datasus,Brazil DATASUS SINAN,http://siab.datasus.gov.br/DATASUS/index.php?acao=41&area=0901&item=1,ftp_dbc
country,br,br,Brazil,BR,Brazil,D231,HIV infection in pregnancy surveillance event,孕产期HIV感染监测事件,Viral,2019-02-01,2019-02,755,170.48387096774195,0,0.36393354111753323,wpp_computed,,sinan_datasus,Brazil DATASUS SINAN,http://siab.datasus.gov.br/DATASUS/index.php?acao=41&area=0901&item=1,ftp_dbc,sinan_datasus,Brazil DATASUS SINAN,http://siab.datasus.gov.br/DATASUS/index.php?acao=41&area=0901&item=1,ftp_dbc
country,br,br,Brazil,BR,Brazil,D235,Meningitis (all reported etiologies),脑膜炎（全部报告病因）,Other,2019-02-01,2019-02,1698,383.4193548387097,0,0.8184889441292336,wpp_computed,,sinan_datasus,Brazil DATASUS SINAN,http://siab.datasus.gov.br/DATASUS/index.php?acao=41&area=0901&item=1,ftp_dbc,sinan_datasus,Brazil DATASUS SINAN,http://siab.datasus.gov.br/DATASUS/index.php?acao=41&area=0901&item=1,ftp_dbc
country,br,br,Brazil,BR,Brazil,D005,AIDS,艾滋病,Viral,2019-03-01,2019-03,3318,829.5,0,1.5993794561959935,wpp_computed,,sinan_datasus,Brazil DATASUS SINAN,http://siab.datasus.gov.br/DATASUS/index.php?acao=41&area=0901&item=1,ftp_dbc,sinan_datasus,Brazil DATASUS SINAN,http://siab.datasus.gov.br/DATASUS/index.php?acao=41&area=0901&item=1,ftp_dbc
country,br,br,Brazil,BR,Brazil,D019,Rabies,狂犬病,Viral,2019-03-01,2019-03,14,3.5,0,0.006748436524033729,wpp_computed,,sinan_datasus,Brazil DATASUS SINAN,http://siab.datasus.gov.br/DATASUS/index.php?acao=41&area=0901&item=1,ftp_dbc,sinan_datasus,Brazil DATASUS SINAN,http://siab.datasus.gov.br/DATASUS/index.php?acao=41&area=0901&item=1,ftp_dbc
country,br,br,Brazil,BR,Brazil,D021,Dengue,登革热,Viral,2019-03-01,2019-03,202734,50683.5,0,97.72410930453243,wpp_computed,,sinan_datasus,Brazil DATASUS SINAN,http://siab.datasus.gov.br/DATASUS/index.php?acao=41&area=0901&item=1,ftp_dbc,sinan_datasus,Brazil DATASUS SINAN,http://siab.datasus.gov.br/DATASUS/index.php?acao=41&area=0901&item=1,ftp_dbc
country,br,br,Brazil,BR,Brazil,D025,Tuberculosis,肺结核,Bacterial,2019-03-01,2019-03,7091,1772.75,0,3.4180830994230837,wpp_computed,,sinan_datasus,Brazil DATASUS SINAN,http://siab.datasus.gov.br/DATASUS/index.php?acao=41&area=0901&item=1,ftp_dbc,sinan_datasus,Brazil DATASUS SINAN,http://siab.datasus.gov.br/DATASUS/index.php?acao=41&area=0901&item=1,ftp_dbc
country,br,br,Brazil,BR,Brazil,D028,Pertussis,百日咳,Bacterial,2019-03-01,2019-03,686,171.5,0,0.3306733896776527,wpp_computed,,sinan_datasus,Brazil DATASUS SINAN,http://siab.datasus.gov.br/DATASUS/index.php?acao=41&area=0901&item=1,ftp_dbc,sinan_datasus,Brazil DATASUS SINAN,http://siab.datasus.gov.br/DATASUS/index.php?acao=41&area=0901&item=1,ftp_dbc
country,br,br,Brazil,BR,Brazil,D036,Schistosomiasis,血吸虫病,Parasitic,2019-03-01,2019-03,301,75.25,0,0.14509138526672516,wpp_computed,,sinan_datasus,Brazil DATASUS SINAN,http://siab.datasus.gov.br/DATASUS/index.php?acao=41&area=0901&item=1,ftp_dbc,sinan_datasus,Brazil DATASUS SINAN,http://siab.datasus.gov.br/DATASUS/index.php?acao=41&area=0901&item=1,ftp_dbc
country,br,br,Brazil,BR,Brazil,D042,Leprosy,麻风病,Bacterial,2019-03-01,2019-03,2846,711.5,0,1.3718607390999993,wpp_computed,,sinan_datasus,Brazil DATASUS SINAN,http://siab.datasus.gov.br/DATASUS/index.php?acao=41&area=0901&item=1,ftp_dbc,sinan_datasus,Brazil DATASUS SINAN,http://siab.datasus.gov.br/DATASUS/index.php?acao=41&area=0901&item=1,ftp_dbc
country,br,br,Brazil,BR,Brazil,D052,Chikungunya,基孔肯雅热,Viral,2019-03-01,2019-03,13382,3345.5,0,6.450541254615668,wpp_computed,,sinan_datasus,Brazil DATASUS SINAN,http://siab.datasus.gov.br/DATASUS/index.php?acao=41&area=0901&item=1,ftp_dbc,sinan_datasus,Brazil DATASUS SINAN,http://siab.datasus.gov.br/DATASUS/index.php?acao=41&area=0901&item=1,ftp_dbc
country,br,br,Brazil,BR,Brazil,D054,Varicella,水痘,Viral,2019-03-01,2019-03,2349,587.25,0,1.1322912424968021,wpp_computed,,sinan_datasus,Brazil DATASUS SINAN,http://siab.datasus.gov.br/DATASUS/index.php?acao=41&area=0901&item=1,ftp_dbc,sinan_datasus,Brazil DATASUS SINAN,http://siab.datasus.gov.br/DATASUS/index.php?acao=41&area=0901&item=1,ftp_dbc
country,br,br,Brazil,BR,Brazil,D082,Leishmaniasis,利什曼病,Parasitic,2019-03-01,2019-03,1160,290.0,0,0.5591561691342233,wpp_computed,,sinan_datasus,Brazil DATASUS SINAN,http://siab.datasus.gov.br/DATASUS/index.php?acao=41&area=0901&item=1,ftp_dbc,sinan_datasus,Brazil DATASUS SINAN,http://siab.datasus.gov.br/DATASUS/index.php?acao=41&area=0901&item=1,ftp_dbc
country,br,br,Brazil,BR,Brazil,D084,Chagas disease,恰加斯病,Parasitic,2019-03-01,2019-03,313,78.25,0,0.15087575943018267,wpp_computed,,sinan_datasus,Brazil DATASUS SINAN,http://siab.datasus.gov.br/DATASUS/index.php?acao=41&area=0901&item=1,ftp_dbc,sinan_datasus,Brazil DATASUS SINAN,http://siab.datasus.gov.br/DATASUS/index.php?acao=41&area=0901&item=1,ftp_dbc
country,br,br,Brazil,BR,Brazil,D085,Toxoplasmosis,弓形体病,Parasitic,2019-03-01,2019-03,219,54.75,0,0.10556482848309905,wpp_computed,,sinan_datasus,Brazil DATASUS SINAN,http://siab.datasus.gov.br/DATASUS/index.php?acao=41&area=0901&item=1,ftp_dbc,sinan_datasus,Brazil DATASUS SINAN,http://siab.datasus.gov.br/DATASUS/index.php?acao=41&area=0901&item=1,ftp_dbc
country,br,br,Brazil,BR,Brazil,D091,Botulism,肉毒杆菌中毒,Bacterial,2019-03-01,2019-03,3,0.75,0,0.0014460935408643705,wpp_computed,,sinan_datasus,Brazil DATASUS SINAN,http://siab.datasus.gov.br/DATASUS/index.php?acao=41&area=0901&item=1,ftp_dbc,sinan_datasus,Brazil DATASUS SINAN,http://siab.datasus.gov.br/DATASUS/index.php?acao=41&area=0901&item=1,ftp_dbc
country,br,br,Brazil,BR,Brazil,D102,Hantavirus infection,汉坦病毒感染,Viral,2019-03-01,2019-03,110,27.5,0,0.053023429831693586,wpp_computed,,sinan_datasus,Brazil DATASUS SINAN,http://siab.datasus.gov.br/DATASUS/index.php?acao=41&area=0901&item=1,ftp_dbc,sinan_datasus,Brazil DATASUS SINAN,http://siab.datasus.gov.br/DATASUS/index.php?acao=41&area=0901&item=1,ftp_dbc
country,br,br,Brazil,BR,Brazil,D118,Spotted fever rickettsiosis,斑点热立克次体病,Bacterial,2019-03-01,2019-03,239,59.75000000000001,0,0.11520545208886152,wpp_computed,,sinan_datasus,Brazil DATASUS SINAN,http://siab.datasus.gov.br/DATASUS/index.php?acao=41&area=0901&item=1,ftp_dbc,sinan_datasus,Brazil DATASUS SINAN,http://siab.datasus.gov.br/DATASUS/index.php?acao=41&area=0901&item=1,ftp_dbc
country,br,br,Brazil,BR,Brazil,D124,Typhoid fever,伤寒,Bacterial,2019-03-01,2019-03,27,6.75,0,0.013014841867779334,wpp_computed,,sinan_datasus,Brazil DATASUS SINAN,http://siab.datasus.gov.br/DATASUS/index.php?acao=41&area=0901&item=1,ftp_dbc,sinan_datasus,Brazil DATASUS SINAN,http://siab.datasus.gov.br/DATASUS/index.php?acao=41&area=0901&item=1,ftp_dbc
country,br,br,Brazil,BR,Brazil,D144,Creutzfeldt-Jakob disease,克雅氏病,Prion,2019-03-01,2019-03,7,1.75,0,0.0033742182620168644,wpp_computed,,sinan_datasus,Brazil DATASUS SINAN,http://siab.datasus.gov.br/DATASUS/index.php?acao=41&area=0901&item=1,ftp_dbc,sinan_datasus,Brazil DATASUS SINAN,http://siab.datasus.gov.br/DATASUS/index.php?acao=41&area=0901&item=1,ftp_dbc
country,br,br,Brazil,BR,Brazil,D162,HIV infection,人类免疫缺乏病毒感染,Viral,2019-03-01,2019-03,4153,1038.25,0,2.001875491736577,wpp_computed,,sinan_datasus,Brazil DATASUS SINAN,http://siab.datasus.gov.br/DATASUS/index.php?acao=41&area=0901&item=1,ftp_dbc,sinan_datasus,Brazil DATASUS SINAN,http://siab.datasus.gov.br/DATASUS/index.php?acao=41&area=0901&item=1,ftp_dbc
country,br,br,Brazil,BR,Brazil,D178,Acute flaccid paralysis,急性无力肢体麻痹,Other,2019-03-01,2019-03,34,8.5,0,0.0163890601297962,wpp_computed,,sinan_datasus,Brazil DATASUS SINAN,http://siab.datasus.gov.br/DATASUS/index.php?acao=41&area=0901&item=1,ftp_dbc,sinan_datasus,Brazil DATASUS SINAN,http://siab.datasus.gov.br/DATASUS/index.php?acao=41&area=0901&item=1,ftp_dbc
country,br,br,Brazil,BR,Brazil,D184,Accident caused by venomous animals,毒性动物伤害,Other,2019-03-01,2019-03,26634,6658.5,0,12.83841845579388,wpp_computed,,sinan_datasus,Brazil DATASUS SINAN,http://siab.datasus.gov.br/DATASUS/index.php?acao=41&area=0901&item=1,ftp_dbc,sinan_datasus,Brazil DATASUS SINAN,http://siab.datasus.gov.br/DATASUS/index.php?acao=41&area=0901&item=1,ftp_dbc
country,br,br,Brazil,BR,Brazil,D185,Work accident with biological material,生物材料职业暴露事故,Other,2019-03-01,2019-03,5502,1375.5,0,2.6521355539452554,wpp_computed,,sinan_datasus,Brazil DATASUS SINAN,http://siab.datasus.gov.br/DATASUS/index.php?acao=41&area=0901&item=1,ftp_dbc,sinan_datasus,Brazil DATASUS SINAN,http://siab.datasus.gov.br/DATASUS/index.php?acao=41&area=0901&item=1,ftp_dbc
country,br,br,Brazil,BR,Brazil,D186,Serious work accident,严重工伤,Other,2019-03-01,2019-03,8358,2089.5,0,4.028816604848136,wpp_computed,,sinan_datasus,Brazil DATASUS SINAN,http://siab.datasus.gov.br/DATASUS/index.php?acao=41&area=0901&item=1,ftp_dbc,sinan_datasus,Brazil DATASUS SINAN,http://siab.datasus.gov.br/DATASUS/index.php?acao=41&area=0901&item=1,ftp_dbc
country,br,br,Brazil,BR,Brazil,D187,Rabies post-exposure prophylaxis,狂犬病暴露后处置,Other,2019-03-01,2019-03,58077,14519.25,0,27.994924857593347,wpp_computed,,sinan_datasus,Brazil DATASUS SINAN,http://siab.datasus.gov.br/DATASUS/index.php?acao=41&area=0901&item=1,ftp_dbc,sinan_datasus,Brazil DATASUS SINAN,http://siab.datasus.gov.br/DATASUS/index.php?acao=41&area=0901&item=1,ftp_dbc
country,br,br,Brazil,BR,Brazil,D188,Work-related cancer,职业相关癌症,Other,2019-03-01,2019-03,80,20.0,0,0.03856249442304988,wpp_computed,,sinan_datasus,Brazil DATASUS SINAN,http://siab.datasus.gov.br/DATASUS/index.php?acao=41&area=0901&item=1,ftp_dbc,sinan_datasus,Brazil DATASUS SINAN,http://siab.datasus.gov.br/DATASUS/index.php?acao=41&area=0901&item=1,ftp_dbc
country,br,br,Brazil,BR,Brazil,D189,Work-related dermatosis,职业性皮肤病,Other,2019-03-01,2019-03,35,8.75,0,0.016871091310084324,wpp_computed,,sinan_datasus,Brazil DATASUS SINAN,http://siab.datasus.gov.br/DATASUS/index.php?acao=41&area=0901&item=1,ftp_dbc,sinan_datasus,Brazil DATASUS SINAN,http://siab.datasus.gov.br/DATASUS/index.php?acao=41&area=0901&item=1,ftp_dbc
country,br,br,Brazil,BR,Brazil,D194,Noise-induced hearing loss,噪声性听力损失,Other,2019-03-01,2019-03,24,6.0,0,0.011568748326914964,wpp_computed,,sinan_datasus,Brazil DATASUS SINAN,http://siab.datasus.gov.br/DATASUS/index.php?acao=41&area=0901&item=1,ftp_dbc,sinan_datasus,Brazil DATASUS SINAN,http://siab.datasus.gov.br/DATASUS/index.php?acao=41&area=0901&item=1,ftp_dbc
country,br,br,Brazil,BR,Brazil,D195,Pneumoconiosis,尘肺病,Other,2019-03-01,2019-03,88,22.0,0,0.042418743865354866,wpp_computed,,sinan_datasus,Brazil DATASUS SINAN,http://siab.datasus.gov.br/DATASUS/index.php?acao=41&area=0901&item=1,ftp_dbc,sinan_datasus,Brazil DATASUS SINAN,http://siab.datasus.gov.br/DATASUS/index.php?acao=41&area=0901&item=1,ftp_dbc
country,br,br,Brazil,BR,Brazil,D198,Toxoplasmosis in pregnancy,妊娠期弓形虫病,Parasitic,2019-03-01,2019-03,666,166.5,0,0.32103276607189024,wpp_computed,,sinan_datasus,Brazil DATASUS SINAN,http://siab.datasus.gov.br/DATASUS/index.php?acao=41&area=0901&item=1,ftp_dbc,sinan_datasus,Brazil DATASUS SINAN,http://siab.datasus.gov.br/DATASUS/index.php?acao=41&area=0901&item=1,ftp_dbc
country,br,br,Brazil,BR,Brazil,D199,Rotavirus infection,轮状病毒感染,Viral,2019-03-01,2019-03,63,15.75,0,0.030367964358151776,wpp_computed,,sinan_datasus,Brazil DATASUS SINAN,http://siab.datasus.gov.br/DATASUS/index.php?acao=41&area=0901&item=1,ftp_dbc,sinan_datasus,Brazil DATASUS SINAN,http://siab.datasus.gov.br/DATASUS/index.php?acao=41&area=0901&item=1,ftp_dbc
country,br,br,Brazil,BR,Brazil,D200,Trachoma,沙眼,Bacterial,2019-03-01,2019-03,297,74.25,0,0.14316326054557268,wpp_computed,,sinan_datasus,Brazil DATASUS SINAN,http://siab.datasus.gov.br/DATASUS/index.php?acao=41&area=0901&item=1,ftp_dbc,sinan_datasus,Brazil DATASUS SINAN,http://siab.datasus.gov.br/DATASUS/index.php?acao=41&area=0901&item=1,ftp_dbc
country,br,br,Brazil,BR,Brazil,D201,Exanthematous diseases,出疹性疾病,Viral,2019-03-01,2019-03,424,106.0,0,0.20438122044216436,wpp_computed,,sinan_datasus,Brazil DATASUS SINAN,http://siab.datasus.gov.br/DATASUS/index.php?acao=41&area=0901&item=1,ftp_dbc,sinan_datasus,Brazil DATASUS SINAN,http://siab.datasus.gov.br/DATASUS/index.php?acao=41&area=0901&item=1,ftp_dbc
country,br,br,Brazil,BR,Brazil,D202,Domestic sexual and other violence,家庭/性及其他暴力,Other,2019-03-01,2019-03,33108,8277.0,0,15.959088316979193,wpp_computed,,sinan_datasus,Brazil DATASUS SINAN,http://siab.datasus.gov.br/DATASUS/index.php?acao=41&area=0901&item=1,ftp_dbc,sinan_datasus,Brazil DATASUS SINAN,http://siab.datasus.gov.br/DATASUS/index.php?acao=41&area=0901&item=1,ftp_dbc
country,br,br,Brazil,BR,Brazil,D230,Child exposed to HIV,儿童HIV暴露,Other,2019-03-01,2019-03,682,170.5,0,0.32874526495650025,wpp_computed,,sinan_datasus,Brazil DATASUS SINAN,http://siab.datasus.gov.br/DATASUS/index.php?acao=41&area=0901&item=1,ftp_dbc,sinan_datasus,Brazil DATASUS SINAN,http://siab.datasus.gov.br/DATASUS/index.php?acao=41&area=0901&item=1,ftp_dbc
country,br,br,Brazil,BR,Brazil,D231,HIV infection in pregnancy surveillance event,孕产期HIV感染监测事件,Viral,2019-03-01,2019-03,707,176.75,0,0.3407960444637033,wpp_computed,,sinan_datasus,Brazil DATASUS SINAN,http://siab.datasus.gov.br/DATASUS/index.php?acao=41&area=0901&item=1,ftp_dbc,sinan_datasus,Brazil DATASUS SINAN,http://siab.datasus.gov.br/DATASUS/index.php?acao=41&area=0901&item=1,ftp_dbc
country,br,br,Brazil,BR,Brazil,D235,Meningitis (all reported etiologies),脑膜炎（全部报告病因）,Other,2019-03-01,2019-03,2320,580.0,0,1.1183123382684466,wpp_computed,,sinan_datasus,Brazil DATASUS SINAN,http://siab.datasus.gov.br/DATASUS/index.php?acao=41&area=0901&item=1,ftp_dbc,sinan_datasus,Brazil DATASUS SINAN,http://siab.datasus.gov.br/DATASUS/index.php?acao=41&area=0901&item=1,ftp_dbc
country,br,br,Brazil,BR,Brazil,D001,Plague,鼠疫,Bacterial,2019-04-01,2019-04,1,0.07777777777777778,0,0.0004820311802881235,wpp_computed,,sinan_datasus,Brazil DATASUS SINAN,http://siab.datasus.gov.br/DATASUS/index.php?acao=41&area=0901&item=1,ftp_dbc,sinan_datasus,Brazil DATASUS SINAN,http://siab.datasus.gov.br/DATASUS/index.php?acao=41&area=0901&item=1,ftp_dbc
country,br,br,Brazil,BR,Brazil,D005,AIDS,艾滋病,Viral,2019-04-01,2019-04,3585,809.516129032258,0,1.7280817813329228,wpp_computed,,sinan_datasus,Brazil DATASUS SINAN,http://siab.datasus.gov.br/DATASUS/index.php?acao=41&area=0901&item=1,ftp_dbc,sinan_datasus,Brazil DATASUS SINAN,http://siab.datasus.gov.br/DATASUS/index.php?acao=41&area=0901&item=1,ftp_dbc
country,br,br,Brazil,BR,Brazil,D019,Rabies,狂犬病,Viral,2019-04-01,2019-04,18,4.064516129032258,0,0.008676561245186223,wpp_computed,,sinan_datasus,Brazil DATASUS SINAN,http://siab.datasus.gov.br/DATASUS/index.php?acao=41&area=0901&item=1,ftp_dbc,sinan_datasus,Brazil DATASUS SINAN,http://siab.datasus.gov.br/DATASUS/index.php?acao=41&area=0901&item=1,ftp_dbc
country,br,br,Brazil,BR,Brazil,D021,Dengue,登革热,Viral,2019-04-01,2019-04,357226,80663.93548387097,0,172.1940704096052,wpp_computed,,sinan_datasus,Brazil DATASUS SINAN,http://siab.datasus.gov.br/DATASUS/index.php?acao=41&area=0901&item=1,ftp_dbc,sinan_datasus,Brazil DATASUS SINAN,http://siab.datasus.gov.br/DATASUS/index.php?acao=41&area=0901&item=1,ftp_dbc
country,br,br,Brazil,BR,Brazil,D025,Tuberculosis,肺结核,Bacterial,2019-04-01,2019-04,8077,1823.8387096774195,0,3.8933658431871736,wpp_computed,,sinan_datasus,Brazil DATASUS SINAN,http://siab.datasus.gov.br/DATASUS/index.php?acao=41&area=0901&item=1,ftp_dbc,sinan_datasus,Brazil DATASUS SINAN,http://siab.datasus.gov.br/DATASUS/index.php?acao=41&area=0901&item=1,ftp_dbc
country,br,br,Brazil,BR,Brazil,D028,Pertussis,百日咳,Bacterial,2019-04-01,2019-04,796,179.74193548387095,0,0.3836968195093463,wpp_computed,,sinan_datasus,Brazil DATASUS SINAN,http://siab.datasus.gov.br/DATASUS/index.php?acao=41&area=0901&item=1,ftp_dbc,sinan_datasus,Brazil DATASUS SINAN,http://siab.datasus.gov.br/DATASUS/index.php?acao=41&area=0901&item=1,ftp_dbc
country,br,br,Brazil,BR,Brazil,D036,Schistosomiasis,血吸虫病,Parasitic,2019-04-01,2019-04,302,68.19354838709677,0,0.1455734164470133,wpp_computed,,sinan_datasus,Brazil DATASUS SINAN,http://siab.datasus.gov.br/DATASUS/index.php?acao=41&area=0901&item=1,ftp_dbc,sinan_datasus,Brazil DATASUS SINAN,http://siab.datasus.gov.br/DATASUS/index.php?acao=41&area=0901&item=1,ftp_dbc
country,br,br,Brazil,BR,Brazil,D042,Leprosy,麻风病,Bacterial,2019-04-01,2019-04,3185,719.1935483870967,0,1.5352693092176735,wpp_computed,,sinan_datasus,Brazil DATASUS SINAN,http://siab.datasus.gov.br/DATASUS/index.php?acao=41&area=0901&item=1,ftp_dbc,sinan_datasus,Brazil DATASUS SINAN,http://siab.datasus.gov.br/DATASUS/index.php?acao=41&area=0901&item=1,ftp_dbc
country,br,br,Brazil,BR,Brazil,D052,Chikungunya,基孔肯雅热,Viral,2019-04-01,2019-04,28797,6502.548387096774,0,13.881051898757091,wpp_computed,,sinan_datasus,Brazil DATASUS SINAN,http://siab.datasus.gov.br/DATASUS/index.php?acao=41&area=0901&item=1,ftp_dbc,sinan_datasus,Brazil DATASUS SINAN,http://siab.datasus.gov.br/DATASUS/index.php?acao=41&area=0901&item=1,ftp_dbc
country,br,br,Brazil,BR,Brazil,D054,Varicella,水痘,Viral,2019-04-01,2019-04,2610,589.3548387096773,0,1.2581013805520023,wpp_computed,,sinan_datasus,Brazil DATASUS SINAN,http://siab.datasus.gov.br/DATASUS/index.php?acao=41&area=0901&item=1,ftp_dbc,sinan_datasus,Brazil DATASUS SINAN,http://siab.datasus.gov.br/DATASUS/index.php?acao=41&area=0901&item=1,ftp_dbc
country,br,br,Brazil,BR,Brazil,D082,Leishmaniasis,利什曼病,Parasitic,2019-04-01,2019-04,1302,294.0,0,0.6276045967351368,wpp_computed,,sinan_datasus,Brazil DATASUS SINAN,http://siab.datasus.gov.br/DATASUS/index.php?acao=41&area=0901&item=1,ftp_dbc,sinan_datasus,Brazil DATASUS SINAN,http://siab.datasus.gov.br/DATASUS/index.php?acao=41&area=0901&item=1,ftp_dbc
country,br,br,Brazil,BR,Brazil,D084,Chagas disease,恰加斯病,Parasitic,2019-04-01,2019-04,367,82.87096774193547,0,0.1769054431657413,wpp_computed,,sinan_datasus,Brazil DATASUS SINAN,http://siab.datasus.gov.br/DATASUS/index.php?acao=41&area=0901&item=1,ftp_dbc,sinan_datasus,Brazil DATASUS SINAN,http://siab.datasus.gov.br/DATASUS/index.php?acao=41&area=0901&item=1,ftp_dbc
country,br,br,Brazil,BR,Brazil,D085,Toxoplasmosis,弓形体病,Parasitic,2019-04-01,2019-04,206,46.516129032258064,0,0.09929842313935344,wpp_computed,,sinan_datasus,Brazil DATASUS SINAN,http://siab.datasus.gov.br/DATASUS/index.php?acao=41&area=0901&item=1,ftp_dbc,sinan_datasus,Brazil DATASUS SINAN,http://siab.datasus.gov.br/DATASUS/index.php?acao=41&area=0901&item=1,ftp_dbc
country,br,br,Brazil,BR,Brazil,D091,Botulism,肉毒杆菌中毒,Bacterial,2019-04-01,2019-04,2,0.45161290322580644,0,0.000964062360576247,wpp_computed,,sinan_datasus,Brazil DATASUS SINAN,http://siab.datasus.gov.br/DATASUS/index.php?acao=41&area=0901&item=1,ftp_dbc,sinan_datasus,Brazil DATASUS SINAN,http://siab.datasus.gov.br/DATASUS/index.php?acao=41&area=0901&item=1,ftp_dbc
country,br,br,Brazil,BR,Brazil,D102,Hantavirus infection,汉坦病毒感染,Viral,2019-04-01,2019-04,127,28.677419354838708,0,0.061217959896591685,wpp_computed,,sinan_datasus,Brazil DATASUS SINAN,http://siab.datasus.gov.br/DATASUS/index.php?acao=41&area=0901&item=1,ftp_dbc,sinan_datasus,Brazil DATASUS SINAN,http://siab.datasus.gov.br/DATASUS/index.php?acao=41&area=0901&item=1,ftp_dbc
country,br,br,Brazil,BR,Brazil,D118,Spotted fever rickettsiosis,斑点热立克次体病,Bacterial,2019-04-01,2019-04,212,47.87096774193549,0,0.10219061022108218,wpp_computed,,sinan_datasus,Brazil DATASUS SINAN,http://siab.datasus.gov.br/DATASUS/index.php?acao=41&area=0901&item=1,ftp_dbc,sinan_datasus,Brazil DATASUS SINAN,http://siab.datasus.gov.br/DATASUS/index.php?acao=41&area=0901&item=1,ftp_dbc
country,br,br,Brazil,BR,Brazil,D124,Typhoid fever,伤寒,Bacterial,2019-04-01,2019-04,16,3.6129032258064515,0,0.007712498884609976,wpp_computed,,sinan_datasus,Brazil DATASUS SINAN,http://siab.datasus.gov.br/DATASUS/index.php?acao=41&area=0901&item=1,ftp_dbc,sinan_datasus,Brazil DATASUS SINAN,http://siab.datasus.gov.br/DATASUS/index.php?acao=41&area=0901&item=1,ftp_dbc
country,br,br,Brazil,BR,Brazil,D144,Creutzfeldt-Jakob disease,克雅氏病,Prion,2019-04-01,2019-04,18,4.064516129032258,0,0.008676561245186223,wpp_computed,,sinan_datasus,Brazil DATASUS SINAN,http://siab.datasus.gov.br/DATASUS/index.php?acao=41&area=0901&item=1,ftp_dbc,sinan_datasus,Brazil DATASUS SINAN,http://siab.datasus.gov.br/DATASUS/index.php?acao=41&area=0901&item=1,ftp_dbc
country,br,br,Brazil,BR,Brazil,D162,HIV infection,人类免疫缺乏病毒感染,Viral,2019-04-01,2019-04,4659,1052.032258064516,0,2.2457832689623674,wpp_computed,,sinan_datasus,Brazil DATASUS SINAN,http://siab.datasus.gov.br/DATASUS/index.php?acao=41&area=0901&item=1,ftp_dbc,sinan_datasus,Brazil DATASUS SINAN,http://siab.datasus.gov.br/DATASUS/index.php?acao=41&area=0901&item=1,ftp_dbc
country,br,br,Brazil,BR,Brazil,D178,Acute flaccid paralysis,急性无力肢体麻痹,Other,2019-04-01,2019-04,44,9.935483870967742,0,0.021209371932677433,wpp_computed,,sinan_datasus,Brazil DATASUS SINAN,http://siab.datasus.gov.br/DATASUS/index.php?acao=41&area=0901&item=1,ftp_dbc,sinan_datasus,Brazil DATASUS SINAN,http://siab.datasus.gov.br/DATASUS/index.php?acao=41&area=0901&item=1,ftp_dbc
country,br,br,Brazil,BR,Brazil,D184,Accident caused by venomous animals,毒性动物伤害,Other,2019-04-01,2019-04,25022,5650.129032258064,0,12.061384193169426,wpp_computed,,sinan_datasus,Brazil DATASUS SINAN,http://siab.datasus.gov.br/DATASUS/index.php?acao=41&area=0901&item=1,ftp_dbc,sinan_datasus,Brazil DATASUS SINAN,http://siab.datasus.gov.br/DATASUS/index.php?acao=41&area=0901&item=1,ftp_dbc
country,br,br,Brazil,BR,Brazil,D185,Work accident with biological material,生物材料职业暴露事故,Other,2019-04-01,2019-04,5876,1326.8387096774195,0,2.8324152153730133,wpp_computed,,sinan_datasus,Brazil DATASUS SINAN,http://siab.datasus.gov.br/DATASUS/index.php?acao=41&area=0901&item=1,ftp_dbc,sinan_datasus,Brazil DATASUS SINAN,http://siab.datasus.gov.br/DATASUS/index.php?acao=41&area=0901&item=1,ftp_dbc
country,br,br,Brazil,BR,Brazil,D186,Serious work accident,严重工伤,Other,2019-04-01,2019-04,8877,2004.483870967742,0,4.278990787417672,wpp_computed,,sinan_datasus,Brazil DATASUS SINAN,http://siab.datasus.gov.br/DATASUS/index.php?acao=41&area=0901&item=1,ftp_dbc,sinan_datasus,Brazil DATASUS SINAN,http://siab.datasus.gov.br/DATASUS/index.php?acao=41&area=0901&item=1,ftp_dbc
country,br,br,Brazil,BR,Brazil,D187,Rabies post-exposure prophylaxis,狂犬病暴露后处置,Other,2019-04-01,2019-04,57663,13020.677419354837,0,27.795363948954066,wpp_computed,,sinan_datasus,Brazil DATASUS SINAN,http://siab.datasus.gov.br/DATASUS/index.php?acao=41&area=0901&item=1,ftp_dbc,sinan_datasus,Brazil DATASUS SINAN,http://siab.datasus.gov.br/DATASUS/index.php?acao=41&area=0901&item=1,ftp_dbc
country,br,br,Brazil,BR,Brazil,D188,Work-related cancer,职业相关癌症,Other,2019-04-01,2019-04,95,21.451612903225808,0,0.04579296212737173,wpp_computed,,sinan_datasus,Brazil DATASUS SINAN,http://siab.datasus.gov.br/DATASUS/index.php?acao=41&area=0901&item=1,ftp_dbc,sinan_datasus,Brazil DATASUS SINAN,http://siab.datasus.gov.br/DATASUS/index.php?acao=41&area=0901&item=1,ftp_dbc
country,br,br,Brazil,BR,Brazil,D189,Work-related dermatosis,职业性皮肤病,Other,2019-04-01,2019-04,28,6.32258064516129,0,0.013496873048067458,wpp_computed,,sinan_datasus,Brazil DATASUS SINAN,http://siab.datasus.gov.br/DATASUS/index.php?acao=41&area=0901&item=1,ftp_dbc,sinan_datasus,Brazil DATASUS SINAN,http://siab.datasus.gov.br/DATASUS/index.php?acao=41&area=0901&item=1,ftp_dbc
country,br,br,Brazil,BR,Brazil,D194,Noise-induced hearing loss,噪声性听力损失,Other,2019-04-01,2019-04,67,15.129032258064516,0,0.03229608907930427,wpp_computed,,sinan_datasus,Brazil DATASUS SINAN,http://siab.datasus.gov.br/DATASUS/index.php?acao=41&area=0901&item=1,ftp_dbc,sinan_datasus,Brazil DATASUS SINAN,http://siab.datasus.gov.br/DATASUS/index.php?acao=41&area=0901&item=1,ftp_dbc
country,br,br,Brazil,BR,Brazil,D195,Pneumoconiosis,尘肺病,Other,2019-04-01,2019-04,26,5.870967741935484,0,0.01253281068749121,wpp_computed,,sinan_datasus,Brazil DATASUS SINAN,http://siab.datasus.gov.br/DATASUS/index.php?acao=41&area=0901&item=1,ftp_dbc,sinan_datasus,Brazil DATASUS SINAN,http://siab.datasus.gov.br/DATASUS/index.php?acao=41&area=0901&item=1,ftp_dbc
country,br,br,Brazil,BR,Brazil,D198,Toxoplasmosis in pregnancy,妊娠期弓形虫病,Parasitic,2019-04-01,2019-04,664,149.93548387096774,0,0.32006870371131396,wpp_computed,,sinan_datasus,Brazil DATASUS SINAN,http://siab.datasus.gov.br/DATASUS/index.php?acao=41&area=0901&item=1,ftp_dbc,sinan_datasus,Brazil DATASUS SINAN,http://siab.datasus.gov.br/DATASUS/index.php?acao=41&area=0901&item=1,ftp_dbc
country,br,br,Brazil,BR,Brazil,D199,Rotavirus infection,轮状病毒感染,Viral,2019-04-01,2019-04,53,11.967741935483872,0,0.025547652555270545,wpp_computed,,sinan_datasus,Brazil DATASUS SINAN,http://siab.datasus.gov.br/DATASUS/index.php?acao=41&area=0901&item=1,ftp_dbc,sinan_datasus,Brazil DATASUS SINAN,http://siab.datasus.gov.br/DATASUS/index.php?acao=41&area=0901&item=1,ftp_dbc
country,br,br,Brazil,BR,Brazil,D200,Trachoma,沙眼,Bacterial,2019-04-01,2019-04,504,113.80645161290323,0,0.2429437148652142,wpp_computed,,sinan_datasus,Brazil DATASUS SINAN,http://siab.datasus.gov.br/DATASUS/index.php?acao=41&area=0901&item=1,ftp_dbc,sinan_datasus,Brazil DATASUS SINAN,http://siab.datasus.gov.br/DATASUS/index.php?acao=41&area=0901&item=1,ftp_dbc
country,br,br,Brazil,BR,Brazil,D201,Exanthematous diseases,出疹性疾病,Viral,2019-04-01,2019-04,532,120.12903225806451,0,0.2564405879132817,wpp_computed,,sinan_datasus,Brazil DATASUS SINAN,http://siab.datasus.gov.br/DATASUS/index.php?acao=41&area=0901&item=1,ftp_dbc,sinan_datasus,Brazil DATASUS SINAN,http://siab.datasus.gov.br/DATASUS/index.php?acao=41&area=0901&item=1,ftp_dbc
country,br,br,Brazil,BR,Brazil,D202,Domestic sexual and other violence,家庭/性及其他暴力,Other,2019-04-01,2019-04,33429,7548.4838709677415,0,16.11382032585168,wpp_computed,,sinan_datasus,Brazil DATASUS SINAN,http://siab.datasus.gov.br/DATASUS/index.php?acao=41&area=0901&item=1,ftp_dbc,sinan_datasus,Brazil DATASUS SINAN,http://siab.datasus.gov.br/DATASUS/index.php?acao=41&area=0901&item=1,ftp_dbc
country,br,br,Brazil,BR,Brazil,D230,Child exposed to HIV,儿童HIV暴露,Other,2019-04-01,2019-04,810,182.90322580645162,0,0.39044525603338,wpp_computed,,sinan_datasus,Brazil DATASUS SINAN,http://siab.datasus.gov.br/DATASUS/index.php?acao=41&area=0901&item=1,ftp_dbc,sinan_datasus,Brazil DATASUS SINAN,http://siab.datasus.gov.br/DATASUS/index.php?acao=41&area=0901&item=1,ftp_dbc
country,br,br,Brazil,BR,Brazil,D231,HIV infection in pregnancy surveillance event,孕产期HIV感染监测事件,Viral,2019-04-01,2019-04,703,158.74193548387095,0,0.3388679197425508,wpp_computed,,sinan_datasus,Brazil DATASUS SINAN,http://siab.datasus.gov.br/DATASUS/index.php?acao=41&area=0901&item=1,ftp_dbc,sinan_datasus,Brazil DATASUS SINAN,http://siab.datasus.gov.br/DATASUS/index.php?acao=41&area=0901&item=1,ftp_dbc
country,br,br,Brazil,BR,Brazil,D235,Meningitis (all reported etiologies),脑膜炎（全部报告病因）,Other,2019-04-01,2019-04,2316,522.9677419354838,0,1.116384213547294,wpp_computed,,sinan_datasus,Brazil DATASUS SINAN,http://siab.datasus.gov.br/DATASUS/index.php?acao=41&area=0901&item=1,ftp_dbc,sinan_datasus,Brazil DATASUS SINAN,http://siab.datasus.gov.br/DATASUS/index.php?acao=41&area=0901&item=1,ftp_dbc
country,br,br,Brazil,BR,Brazil,D001,Plague,鼠疫,Bacterial,2019-05-01,2019-05,1,0.23333333333333334,0,0.0004820311802881235,wpp_computed,,sinan_datasus,Brazil DATASUS SINAN,http://siab.datasus.gov.br/DATASUS/index.php?acao=41&area=0901&item=1,ftp_dbc,sinan_datasus,Brazil DATASUS SINAN,http://siab.datasus.gov.br/DATASUS/index.php?acao=41&area=0901&item=1,ftp_dbc
country,br,br,Brazil,BR,Brazil,D005,AIDS,艾滋病,Viral,2019-05-01,2019-05,3770,879.6666666666667,0,1.8172575496862258,wpp_computed,,sinan_datasus,Brazil DATASUS SINAN,http://siab.datasus.gov.br/DATASUS/index.php?acao=41&area=0901&item=1,ftp_dbc,sinan_datasus,Brazil DATASUS SINAN,http://siab.datasus.gov.br/DATASUS/index.php?acao=41&area=0901&item=1,ftp_dbc
country,br,br,Brazil,BR,Brazil,D019,Rabies,狂犬病,Viral,2019-05-01,2019-05,13,3.033333333333333,0,0.006266405343745605,wpp_computed,,sinan_datasus,Brazil DATASUS SINAN,http://siab.datasus.gov.br/DATASUS/index.php?acao=41&area=0901&item=1,ftp_dbc,sinan_datasus,Brazil DATASUS SINAN,http://siab.datasus.gov.br/DATASUS/index.php?acao=41&area=0901&item=1,ftp_dbc
country,br,br,Brazil,BR,Brazil,D021,Dengue,登革热,Viral,2019-05-01,2019-05,413645,96517.16666666666,0,199.38978757028084,wpp_computed,,sinan_datasus,Brazil DATASUS SINAN,http://siab.datasus.gov.br/DATASUS/index.php?acao=41&area=0901&item=1,ftp_dbc,sinan_datasus,Brazil DATASUS SINAN,http://siab.datasus.gov.br/DATASUS/index.php?acao=41&area=0901&item=1,ftp_dbc
country,br,br,Brazil,BR,Brazil,D025,Tuberculosis,肺结核,Bacterial,2019-05-01,2019-05,8281,1932.2333333333336,0,3.991700203965951,wpp_computed,,sinan_datasus,Brazil DATASUS SINAN,http://siab.datasus.gov.br/DATASUS/index.php?acao=41&area=0901&item=1,ftp_dbc,sinan_datasus,Brazil DATASUS SINAN,http://siab.datasus.gov.br/DATASUS/index.php?acao=41&area=0901&item=1,ftp_dbc
country,br,br,Brazil,BR,Brazil,D028,Pertussis,百日咳,Bacterial,2019-05-01,2019-05,663,154.70000000000002,0,0.31958667253102585,wpp_computed,,sinan_datasus,Brazil DATASUS SINAN,http://siab.datasus.gov.br/DATASUS/index.php?acao=41&area=0901&item=1,ftp_dbc,sinan_datasus,Brazil DATASUS SINAN,http://siab.datasus.gov.br/DATASUS/index.php?acao=41&area=0901&item=1,ftp_dbc
country,br,br,Brazil,BR,Brazil,D036,Schistosomiasis,血吸虫病,Parasitic,2019-05-01,2019-05,328,76.53333333333333,0,0.1581062271345045,wpp_computed,,sinan_datasus,Brazil DATASUS SINAN,http://siab.datasus.gov.br/DATASUS/index.php?acao=41&area=0901&item=1,ftp_dbc,sinan_datasus,Brazil DATASUS SINAN,http://siab.datasus.gov.br/DATASUS/index.php?acao=41&area=0901&item=1,ftp_dbc
country,br,br,Brazil,BR,Brazil,D042,Leprosy,麻风病,Bacterial,2019-05-01,2019-05,3192,744.8000000000001,0,1.53864352747969,wpp_computed,,sinan_datasus,Brazil DATASUS SINAN,http://siab.datasus.gov.br/DATASUS/index.php?acao=41&area=0901&item=1,ftp_dbc,sinan_datasus,Brazil DATASUS SINAN,http://siab.datasus.gov.br/DATASUS/index.php?acao=41&area=0901&item=1,ftp_dbc
country,br,br,Brazil,BR,Brazil,D052,Chikungunya,基孔肯雅热,Viral,2019-05-01,2019-05,40106,9358.066666666666,0,19.33234251663548,wpp_computed,,sinan_datasus,Brazil DATASUS SINAN,http://siab.datasus.gov.br/DATASUS/index.php?acao=41&area=0901&item=1,ftp_dbc,sinan_datasus,Brazil DATASUS SINAN,http://siab.datasus.gov.br/DATASUS/index.php?acao=41&area=0901&item=1,ftp_dbc
country,br,br,Brazil,BR,Brazil,D054,Varicella,水痘,Viral,2019-05-01,2019-05,2084,486.26666666666665,0,1.0045529797204493,wpp_computed,,sinan_datasus,Brazil DATASUS SINAN,http://siab.datasus.gov.br/DATASUS/index.php?acao=41&area=0901&item=1,ftp_dbc,sinan_datasus,Brazil DATASUS SINAN,http://siab.datasus.gov.br/DATASUS/index.php?acao=41&area=0901&item=1,ftp_dbc
country,br,br,Brazil,BR,Brazil,D082,Leishmaniasis,利什曼病,Parasitic,2019-05-01,2019-05,1204,280.93333333333334,0,0.5803655410669006,wpp_computed,,sinan_datasus,Brazil DATASUS SINAN,http://siab.datasus.gov.br/DATASUS/index.php?acao=41&area=0901&item=1,ftp_dbc,sinan_datasus,Brazil DATASUS SINAN,http://siab.datasus.gov.br/DATASUS/index.php?acao=41&area=0901&item=1,ftp_dbc
country,br,br,Brazil,BR,Brazil,D084,Chagas disease,恰加斯病,Parasitic,2019-05-01,2019-05,400,93.33333333333334,0,0.19281247211524938,wpp_computed,,sinan_datasus,Brazil DATASUS SINAN,http://siab.datasus.gov.br/DATASUS/index.php?acao=41&area=0901&item=1,ftp_dbc,sinan_datasus,Brazil DATASUS SINAN,http://siab.datasus.gov.br/DATASUS/index.php?acao=41&area=0901&item=1,ftp_dbc
country,br,br,Brazil,BR,Brazil,D085,Toxoplasmosis,弓形体病,Parasitic,2019-05-01,2019-05,219,51.1,0,0.10556482848309905,wpp_computed,,sinan_datasus,Brazil DATASUS SINAN,http://siab.datasus.gov.br/DATASUS/index.php?acao=41&area=0901&item=1,ftp_dbc,sinan_datasus,Brazil DATASUS SINAN,http://siab.datasus.gov.br/DATASUS/index.php?acao=41&area=0901&item=1,ftp_dbc
country,br,br,Brazil,BR,Brazil,D091,Botulism,肉毒杆菌中毒,Bacterial,2019-05-01,2019-05,1,0.23333333333333334,0,0.0004820311802881235,wpp_computed,,sinan_datasus,Brazil DATASUS SINAN,http://siab.datasus.gov.br/DATASUS/index.php?acao=41&area=0901&item=1,ftp_dbc,sinan_datasus,Brazil DATASUS SINAN,http://siab.datasus.gov.br/DATASUS/index.php?acao=41&area=0901&item=1,ftp_dbc
country,br,br,Brazil,BR,Brazil,D102,Hantavirus infection,汉坦病毒感染,Viral,2019-05-01,2019-05,129,30.099999999999998,0,0.06218202225716793,wpp_computed,,sinan_datasus,Brazil DATASUS SINAN,http://siab.datasus.gov.br/DATASUS/index.php?acao=41&area=0901&item=1,ftp_dbc,sinan_datasus,Brazil DATASUS SINAN,http://siab.datasus.gov.br/DATASUS/index.php?acao=41&area=0901&item=1,ftp_dbc
country,br,br,Brazil,BR,Brazil,D118,Spotted fever rickettsiosis,斑点热立克次体病,Bacterial,2019-05-01,2019-05,265,61.833333333333336,0,0.12773826277635272,wpp_computed,,sinan_datasus,Brazil DATASUS SINAN,http://siab.datasus.gov.br/DATASUS/index.php?acao=41&area=0901&item=1,ftp_dbc,sinan_datasus,Brazil DATASUS SINAN,http://siab.datasus.gov.br/DATASUS/index.php?acao=41&area=0901&item=1,ftp_dbc
country,br,br,Brazil,BR,Brazil,D124,Typhoid fever,伤寒,Bacterial,2019-05-01,2019-05,44,10.266666666666666,0,0.021209371932677433,wpp_computed,,sinan_datasus,Brazil DATASUS SINAN,http://siab.datasus.gov.br/DATASUS/index.php?acao=41&area=0901&item=1,ftp_dbc,sinan_datasus,Brazil DATASUS SINAN,http://siab.datasus.gov.br/DATASUS/index.php?acao=41&area=0901&item=1,ftp_dbc
country,br,br,Brazil,BR,Brazil,D144,Creutzfeldt-Jakob disease,克雅氏病,Prion,2019-05-01,2019-05,14,3.2666666666666666,0,0.006748436524033729,wpp_computed,,sinan_datasus,Brazil DATASUS SINAN,http://siab.datasus.gov.br/DATASUS/index.php?acao=41&area=0901&item=1,ftp_dbc,sinan_datasus,Brazil DATASUS SINAN,http://siab.datasus.gov.br/DATASUS/index.php?acao=41&area=0901&item=1,ftp_dbc
country,br,br,Brazil,BR,Brazil,D162,HIV infection,人类免疫缺乏病毒感染,Viral,2019-05-01,2019-05,4696,1095.7333333333333,0,2.263618422633028,wpp_computed,,sinan_datasus,Brazil DATASUS SINAN,http://siab.datasus.gov.br/DATASUS/index.php?acao=41&area=0901&item=1,ftp_dbc,sinan_datasus,Brazil DATASUS SINAN,http://siab.datasus.gov.br/DATASUS/index.php?acao=41&area=0901&item=1,ftp_dbc
country,br,br,Brazil,BR,Brazil,D178,Acute flaccid paralysis,急性无力肢体麻痹,Other,2019-05-01,2019-05,54,12.6,0,0.026029683735558667,wpp_computed,,sinan_datasus,Brazil DATASUS SINAN,http://siab.datasus.gov.br/DATASUS/index.php?acao=41&area=0901&item=1,ftp_dbc,sinan_datasus,Brazil DATASUS SINAN,http://siab.datasus.gov.br/DATASUS/index.php?acao=41&area=0901&item=1,ftp_dbc
country,br,br,Brazil,BR,Brazil,D184,Accident caused by venomous animals,毒性动物伤害,Other,2019-05-01,2019-05,23426,5466.066666666667,0,11.292062429429581,wpp_computed,,sinan_datasus,Brazil DATASUS SINAN,http://siab.datasus.gov.br/DATASUS/index.php?acao=41&area=0901&item=1,ftp_dbc,sinan_datasus,Brazil DATASUS SINAN,http://siab.datasus.gov.br/DATASUS/index.php?acao=41&area=0901&item=1,ftp_dbc
country,br,br,Brazil,BR,Brazil,D185,Work accident with biological material,生物材料职业暴露事故,Other,2019-05-01,2019-05,6508,1518.5333333333333,0,3.1370589213151074,wpp_computed,,sinan_datasus,Brazil DATASUS SINAN,http://siab.datasus.gov.br/DATASUS/index.php?acao=41&area=0901&item=1,ftp_dbc,sinan_datasus,Brazil DATASUS SINAN,http://siab.datasus.gov.br/DATASUS/index.php?acao=41&area=0901&item=1,ftp_dbc
country,br,br,Brazil,BR,Brazil,D186,Serious work accident,严重工伤,Other,2019-05-01,2019-05,9150,2135.0,0,4.41058529963633,wpp_computed,,sinan_datasus,Brazil DATASUS SINAN,http://siab.datasus.gov.br/DATASUS/index.php?acao=41&area=0901&item=1,ftp_dbc,sinan_datasus,Brazil DATASUS SINAN,http://siab.datasus.gov.br/DATASUS/index.php?acao=41&area=0901&item=1,ftp_dbc
country,br,br,Brazil,BR,Brazil,D187,Rabies post-exposure prophylaxis,狂犬病暴露后处置,Other,2019-05-01,2019-05,59824,13958.933333333334,0,28.8370333295567,wpp_computed,,sinan_datasus,Brazil DATASUS SINAN,http://siab.datasus.gov.br/DATASUS/index.php?acao=41&area=0901&item=1,ftp_dbc,sinan_datasus,Brazil DATASUS SINAN,http://siab.datasus.gov.br/DATASUS/index.php?acao=41&area=0901&item=1,ftp_dbc
country,br,br,Brazil,BR,Brazil,D188,Work-related cancer,职业相关癌症,Other,2019-05-01,2019-05,91,21.233333333333334,0,0.04386483740621924,wpp_computed,,sinan_datasus,Brazil DATASUS SINAN,http://siab.datasus.gov.br/DATASUS/index.php?acao=41&area=0901&item=1,ftp_dbc,sinan_datasus,Brazil DATASUS SINAN,http://siab.datasus.gov.br/DATASUS/index.php?acao=41&area=0901&item=1,ftp_dbc
country,br,br,Brazil,BR,Brazil,D189,Work-related dermatosis,职业性皮肤病,Other,2019-05-01,2019-05,43,10.033333333333333,0,0.02072734075238931,wpp_computed,,sinan_datasus,Brazil DATASUS SINAN,http://siab.datasus.gov.br/DATASUS/index.php?acao=41&area=0901&item=1,ftp_dbc,sinan_datasus,Brazil DATASUS SINAN,http://siab.datasus.gov.br/DATASUS/index.php?acao=41&area=0901&item=1,ftp_dbc
country,br,br,Brazil,BR,Brazil,D194,Noise-induced hearing loss,噪声性听力损失,Other,2019-05-01,2019-05,45,10.5,0,0.021691403112965555,wpp_computed,,sinan_datasus,Brazil DATASUS SINAN,http://siab.datasus.gov.br/DATASUS/index.php?acao=41&area=0901&item=1,ftp_dbc,sinan_datasus,Brazil DATASUS SINAN,http://siab.datasus.gov.br/DATASUS/index.php?acao=41&area=0901&item=1,ftp_dbc
country,br,br,Brazil,BR,Brazil,D195,Pneumoconiosis,尘肺病,Other,2019-05-01,2019-05,98,22.866666666666667,0,0.0472390556682361,wpp_computed,,sinan_datasus,Brazil DATASUS SINAN,http://siab.datasus.gov.br/DATASUS/index.php?acao=41&area=0901&item=1,ftp_dbc,sinan_datasus,Brazil DATASUS SINAN,http://siab.datasus.gov.br/DATASUS/index.php?acao=41&area=0901&item=1,ftp_dbc
country,br,br,Brazil,BR,Brazil,D198,Toxoplasmosis in pregnancy,妊娠期弓形虫病,Parasitic,2019-05-01,2019-05,767,178.96666666666667,0,0.36971791528099074,wpp_computed,,sinan_datasus,Brazil DATASUS SINAN,http://siab.datasus.gov.br/DATASUS/index.php?acao=41&area=0901&item=1,ftp_dbc,sinan_datasus,Brazil DATASUS SINAN,http://siab.datasus.gov.br/DATASUS/index.php?acao=41&area=0901&item=1,ftp_dbc
country,br,br,Brazil,BR,Brazil,D199,Rotavirus infection,轮状病毒感染,Viral,2019-05-01,2019-05,40,9.333333333333332,0,0.01928124721152494,wpp_computed,,sinan_datasus,Brazil DATASUS SINAN,http://siab.datasus.gov.br/DATASUS/index.php?acao=41&area=0901&item=1,ftp_dbc,sinan_datasus,Brazil DATASUS SINAN,http://siab.datasus.gov.br/DATASUS/index.php?acao=41&area=0901&item=1,ftp_dbc
country,br,br,Brazil,BR,Brazil,D200,Trachoma,沙眼,Bacterial,2019-05-01,2019-05,463,108.03333333333333,0,0.2231804364734012,wpp_computed,,sinan_datasus,Brazil DATASUS SINAN,http://siab.datasus.gov.br/DATASUS/index.php?acao=41&area=0901&item=1,ftp_dbc,sinan_datasus,Brazil DATASUS SINAN,http://siab.datasus.gov.br/DATASUS/index.php?acao=41&area=0901&item=1,ftp_dbc
country,br,br,Brazil,BR,Brazil,D201,Exanthematous diseases,出疹性疾病,Viral,2019-05-01,2019-05,526,122.73333333333335,0,0.25354840083155294,wpp_computed,,sinan_datasus,Brazil DATASUS SINAN,http://siab.datasus.gov.br/DATASUS/index.php?acao=41&area=0901&item=1,ftp_dbc,sinan_datasus,Brazil DATASUS SINAN,http://siab.datasus.gov.br/DATASUS/index.php?acao=41&area=0901&item=1,ftp_dbc
country,br,br,Brazil,BR,Brazil,D202,Domestic sexual and other violence,家庭/性及其他暴力,Other,2019-05-01,2019-05,33570,7833.0,0,16.181786722272307,wpp_computed,,sinan_datasus,Brazil DATASUS SINAN,http://siab.datasus.gov.br/DATASUS/index.php?acao=41&area=0901&item=1,ftp_dbc,sinan_datasus,Brazil DATASUS SINAN,http://siab.datasus.gov.br/DATASUS/index.php?acao=41&area=0901&item=1,ftp_dbc
country,br,br,Brazil,BR,Brazil,D230,Child exposed to HIV,儿童HIV暴露,Other,2019-05-01,2019-05,726,169.4,0,0.34995463688917766,wpp_computed,,sinan_datasus,Brazil DATASUS SINAN,http://siab.datasus.gov.br/DATASUS/index.php?acao=41&area=0901&item=1,ftp_dbc,sinan_datasus,Brazil DATASUS SINAN,http://siab.datasus.gov.br/DATASUS/index.php?acao=41&area=0901&item=1,ftp_dbc
country,br,br,Brazil,BR,Brazil,D231,HIV infection in pregnancy surveillance event,孕产期HIV感染监测事件,Viral,2019-05-01,2019-05,763,178.03333333333333,0,0.3677897905598382,wpp_computed,,sinan_datasus,Brazil DATASUS SINAN,http://siab.datasus.gov.br/DATASUS/index.php?acao=41&area=0901&item=1,ftp_dbc,sinan_datasus,Brazil DATASUS SINAN,http://siab.datasus.gov.br/DATASUS/index.php?acao=41&area=0901&item=1,ftp_dbc
country,br,br,Brazil,BR,Brazil,D235,Meningitis (all reported etiologies),脑膜炎（全部报告病因）,Other,2019-05-01,2019-05,2225,519.1666666666667,0,1.0725193761410747,wpp_computed,,sinan_datasus,Brazil DATASUS SINAN,http://siab.datasus.gov.br/DATASUS/index.php?acao=41&area=0901&item=1,ftp_dbc,sinan_datasus,Brazil DATASUS SINAN,http://siab.datasus.gov.br/DATASUS/index.php?acao=41&area=0901&item=1,ftp_dbc
country,br,br,Brazil,BR,Brazil,D005,AIDS,艾滋病,Viral,2019-06-01,2019-06,3129,706.5483870967741,0,1.5082755631215383,wpp_computed,,sinan_datasus,Brazil DATASUS SINAN,http://siab.datasus.gov.br/DATASUS/index.php?acao=41&area=0901&item=1,ftp_dbc,sinan_datasus,Brazil DATASUS SINAN,http://siab.datasus.gov.br/DATASUS/index.php?acao=41&area=0901&item=1,ftp_dbc
country,br,br,Brazil,BR,Brazil,D019,Rabies,狂犬病,Viral,2019-06-01,2019-06,22,4.967741935483871,0,0.010604685966338716,wpp_computed,,sinan_datasus,Brazil DATASUS SINAN,http://siab.datasus.gov.br/DATASUS/index.php?acao=41&area=0901&item=1,ftp_dbc,sinan_datasus,Brazil DATASUS SINAN,http://siab.datasus.gov.br/DATASUS/index.php?acao=41&area=0901&item=1,ftp_dbc
country,br,br,Brazil,BR,Brazil,D021,Dengue,登革热,Viral,2019-06-01,2019-06,175650,39662.903225806454,0,84.66877681760889,wpp_computed,,sinan_datasus,Brazil DATASUS SINAN,http://siab.datasus.gov.br/DATASUS/index.php?acao=41&area=0901&item=1,ftp_dbc,sinan_datasus,Brazil DATASUS SINAN,http://siab.datasus.gov.br/DATASUS/index.php?acao=41&area=0901&item=1,ftp_dbc
country,br,br,Brazil,BR,Brazil,D025,Tuberculosis,肺结核,Bacterial,2019-06-01,2019-06,7133,1610.6774193548388,0,3.4383284089951847,wpp_computed,,sinan_datasus,Brazil DATASUS SINAN,http://siab.datasus.gov.br/DATASUS/index.php?acao=41&area=0901&item=1,ftp_dbc,sinan_datasus,Brazil DATASUS SINAN,http://siab.datasus.gov.br/DATASUS/index.php?acao=41&area=0901&item=1,ftp_dbc
country,br,br,Brazil,BR,Brazil,D028,Pertussis,百日咳,Bacterial,2019-06-01,2019-06,520,117.41935483870967,0,0.2506562137498242,wpp_computed,,sinan_datasus,Brazil DATASUS SINAN,http://siab.datasus.gov.br/DATASUS/index.php?acao=41&area=0901&item=1,ftp_dbc,sinan_datasus,Brazil DATASUS SINAN,http://siab.datasus.gov.br/DATASUS/index.php?acao=41&area=0901&item=1,ftp_dbc
country,br,br,Brazil,BR,Brazil,D036,Schistosomiasis,血吸虫病,Parasitic,2019-06-01,2019-06,214,48.32258064516129,0,0.10315467258165842,wpp_computed,,sinan_datasus,Brazil DATASUS SINAN,http://siab.datasus.gov.br/DATASUS/index.php?acao=41&area=0901&item=1,ftp_dbc,sinan_datasus,Brazil DATASUS SINAN,http://siab.datasus.gov.br/DATASUS/index.php?acao=41&area=0901&item=1,ftp_dbc
country,br,br,Brazil,BR,Brazil,D042,Leprosy,麻风病,Bacterial,2019-06-01,2019-06,2660,600.6451612903227,0,1.2822029395664085,wpp_computed,,sinan_datasus,Brazil DATASUS SINAN,http://siab.datasus.gov.br/DATASUS/index.php?acao=41&area=0901&item=1,ftp_dbc,sinan_datasus,Brazil DATASUS SINAN,http://siab.datasus.gov.br/DATASUS/index.php?acao=41&area=0901&item=1,ftp_dbc
country,br,br,Brazil,BR,Brazil,D052,Chikungunya,基孔肯雅热,Viral,2019-06-01,2019-06,25720,5807.74193548387,0,12.397841957010536,wpp_computed,,sinan_datasus,Brazil DATASUS SINAN,http://siab.datasus.gov.br/DATASUS/index.php?acao=41&area=0901&item=1,ftp_dbc,sinan_datasus,Brazil DATASUS SINAN,http://siab.datasus.gov.br/DATASUS/index.php?acao=41&area=0901&item=1,ftp_dbc
country,br,br,Brazil,BR,Brazil,D054,Varicella,水痘,Viral,2019-06-01,2019-06,1969,444.61290322580646,0,0.9491193939873152,wpp_computed,,sinan_datasus,Brazil DATASUS SINAN,http://siab.datasus.gov.br/DATASUS/index.php?acao=41&area=0901&item=1,ftp_dbc,sinan_datasus,Brazil DATASUS SINAN,http://siab.datasus.gov.br/DATASUS/index.php?acao=41&area=0901&item=1,ftp_dbc
country,br,br,Brazil,BR,Brazil,D082,Leishmaniasis,利什曼病,Parasitic,2019-06-01,2019-06,1019,230.09677419354836,0,0.49118977271359787,wpp_computed,,sinan_datasus,Brazil DATASUS SINAN,http://siab.datasus.gov.br/DATASUS/index.php?acao=41&area=0901&item=1,ftp_dbc,sinan_datasus,Brazil DATASUS SINAN,http://siab.datasus.gov.br/DATASUS/index.php?acao=41&area=0901&item=1,ftp_dbc
country,br,br,Brazil,BR,Brazil,D084,Chagas disease,恰加斯病,Parasitic,2019-06-01,2019-06,339,76.54838709677419,0,0.16340857011767385,wpp_computed,,sinan_datasus,Brazil DATASUS SINAN,http://siab.datasus.gov.br/DATASUS/index.php?acao=41&area=0901&item=1,ftp_dbc,sinan_datasus,Brazil DATASUS SINAN,http://siab.datasus.gov.br/DATASUS/index.php?acao=41&area=0901&item=1,ftp_dbc
country,br,br,Brazil,BR,Brazil,D085,Toxoplasmosis,弓形体病,Parasitic,2019-06-01,2019-06,214,48.32258064516129,0,0.10315467258165842,wpp_computed,,sinan_datasus,Brazil DATASUS SINAN,http://siab.datasus.gov.br/DATASUS/index.php?acao=41&area=0901&item=1,ftp_dbc,sinan_datasus,Brazil DATASUS SINAN,http://siab.datasus.gov.br/DATASUS/index.php?acao=41&area=0901&item=1,ftp_dbc
country,br,br,Brazil,BR,Brazil,D102,Hantavirus infection,汉坦病毒感染,Viral,2019-06-01,2019-06,88,19.870967741935484,0,0.042418743865354866,wpp_computed,,sinan_datasus,Brazil DATASUS SINAN,http://siab.datasus.gov.br/DATASUS/index.php?acao=41&area=0901&item=1,ftp_dbc,sinan_datasus,Brazil DATASUS SINAN,http://siab.datasus.gov.br/DATASUS/index.php?acao=41&area=0901&item=1,ftp_dbc
country,br,br,Brazil,BR,Brazil,D118,Spotted fever rickettsiosis,斑点热立克次体病,Bacterial,2019-06-01,2019-06,628,141.80645161290323,0,0.30271558122094155,wpp_computed,,sinan_datasus,Brazil DATASUS SINAN,http://siab.datasus.gov.br/DATASUS/index.php?acao=41&area=0901&item=1,ftp_dbc,sinan_datasus,Brazil DATASUS SINAN,http://siab.datasus.gov.br/DATASUS/index.php?acao=41&area=0901&item=1,ftp_dbc
country,br,br,Brazil,BR,Brazil,D124,Typhoid fever,伤寒,Bacterial,2019-06-01,2019-06,31,7.0,0,0.014942966588931827,wpp_computed,,sinan_datasus,Brazil DATASUS SINAN,http://siab.datasus.gov.br/DATASUS/index.php?acao=41&area=0901&item=1,ftp_dbc,sinan_datasus,Brazil DATASUS SINAN,http://siab.datasus.gov.br/DATASUS/index.php?acao=41&area=0901&item=1,ftp_dbc
country,br,br,Brazil,BR,Brazil,D144,Creutzfeldt-Jakob disease,克雅氏病,Prion,2019-06-01,2019-06,13,2.935483870967742,0,0.006266405343745605,wpp_computed,,sinan_datasus,Brazil DATASUS SINAN,http://siab.datasus.gov.br/DATASUS/index.php?acao=41&area=0901&item=1,ftp_dbc,sinan_datasus,Brazil DATASUS SINAN,http://siab.datasus.gov.br/DATASUS/index.php?acao=41&area=0901&item=1,ftp_dbc
country,br,br,Brazil,BR,Brazil,D162,HIV infection,人类免疫缺乏病毒感染,Viral,2019-06-01,2019-06,3559,803.6451612903227,0,1.7155489706454317,wpp_computed,,sinan_datasus,Brazil DATASUS SINAN,http://siab.datasus.gov.br/DATASUS/index.php?acao=41&area=0901&item=1,ftp_dbc,sinan_datasus,Brazil DATASUS SINAN,http://siab.datasus.gov.br/DATASUS/index.php?acao=41&area=0901&item=1,ftp_dbc
country,br,br,Brazil,BR,Brazil,D178,Acute flaccid paralysis,急性无力肢体麻痹,Other,2019-06-01,2019-06,49,11.064516129032258,0,0.02361952783411805,wpp_computed,,sinan_datasus,Brazil DATASUS SINAN,http://siab.datasus.gov.br/DATASUS/index.php?acao=41&area=0901&item=1,ftp_dbc,sinan_datasus,Brazil DATASUS SINAN,http://siab.datasus.gov.br/DATASUS/index.php?acao=41&area=0901&item=1,ftp_dbc
country,br,br,Brazil,BR,Brazil,D184,Accident caused by venomous animals,毒性动物伤害,Other,2019-06-01,2019-06,20026,4522.0,0,9.653156416449962,wpp_computed,,sinan_datasus,Brazil DATASUS SINAN,http://siab.datasus.gov.br/DATASUS/index.php?acao=41&area=0901&item=1,ftp_dbc,sinan_datasus,Brazil DATASUS SINAN,http://siab.datasus.gov.br/DATASUS/index.php?acao=41&area=0901&item=1,ftp_dbc
country,br,br,Brazil,BR,Brazil,D185,Work accident with biological material,生物材料职业暴露事故,Other,2019-06-01,2019-06,5335,1204.6774193548388,0,2.571636346837139,wpp_computed,,sinan_datasus,Brazil DATASUS SINAN,http://siab.datasus.gov.br/DATASUS/index.php?acao=41&area=0901&item=1,ftp_dbc,sinan_datasus,Brazil DATASUS SINAN,http://siab.datasus.gov.br/DATASUS/index.php?acao=41&area=0901&item=1,ftp_dbc
country,br,br,Brazil,BR,Brazil,D186,Serious work accident,严重工伤,Other,2019-06-01,2019-06,7901,1784.0967741935483,0,3.8085283554564633,wpp_computed,,sinan_datasus,Brazil DATASUS SINAN,http://siab.datasus.gov.br/DATASUS/index.php?acao=41&area=0901&item=1,ftp_dbc,sinan_datasus,Brazil DATASUS SINAN,http://siab.datasus.gov.br/DATASUS/index.php?acao=41&area=0901&item=1,ftp_dbc
country,br,br,Brazil,BR,Brazil,D187,Rabies post-exposure prophylaxis,狂犬病暴露后处置,Other,2019-06-01,2019-06,55019,12423.645161290322,0,26.520873508272267,wpp_computed,,sinan_datasus,Brazil DATASUS SINAN,http://siab.datasus.gov.br/DATASUS/index.php?acao=41&area=0901&item=1,ftp_dbc,sinan_datasus,Brazil DATASUS SINAN,http://siab.datasus.gov.br/DATASUS/index.php?acao=41&area=0901&item=1,ftp_dbc
country,br,br,Brazil,BR,Brazil,D188,Work-related cancer,职业相关癌症,Other,2019-06-01,2019-06,82,18.516129032258064,0,0.03952655678362613,wpp_computed,,sinan_datasus,Brazil DATASUS SINAN,http://siab.datasus.gov.br/DATASUS/index.php?acao=41&area=0901&item=1,ftp_dbc,sinan_datasus,Brazil DATASUS SINAN,http://siab.datasus.gov.br/DATASUS/index.php?acao=41&area=0901&item=1,ftp_dbc
country,br,br,Brazil,BR,Brazil,D189,Work-related dermatosis,职业性皮肤病,Other,2019-06-01,2019-06,55,12.419354838709678,0,0.026511714915846793,wpp_computed,,sinan_datasus,Brazil DATASUS SINAN,http://siab.datasus.gov.br/DATASUS/index.php?acao=41&area=0901&item=1,ftp_dbc,sinan_datasus,Brazil DATASUS SINAN,http://siab.datasus.gov.br/DATASUS/index.php?acao=41&area=0901&item=1,ftp_dbc
country,br,br,Brazil,BR,Brazil,D194,Noise-induced hearing loss,噪声性听力损失,Other,2019-06-01,2019-06,45,10.161290322580646,0,0.021691403112965555,wpp_computed,,sinan_datasus,Brazil DATASUS SINAN,http://siab.datasus.gov.br/DATASUS/index.php?acao=41&area=0901&item=1,ftp_dbc,sinan_datasus,Brazil DATASUS SINAN,http://siab.datasus.gov.br/DATASUS/index.php?acao=41&area=0901&item=1,ftp_dbc
country,br,br,Brazil,BR,Brazil,D195,Pneumoconiosis,尘肺病,Other,2019-06-01,2019-06,20,4.516129032258064,0,0.00964062360576247,wpp_computed,,sinan_datasus,Brazil DATASUS SINAN,http://siab.datasus.gov.br/DATASUS/index.php?acao=41&area=0901&item=1,ftp_dbc,sinan_datasus,Brazil DATASUS SINAN,http://siab.datasus.gov.br/DATASUS/index.php?acao=41&area=0901&item=1,ftp_dbc
country,br,br,Brazil,BR,Brazil,D198,Toxoplasmosis in pregnancy,妊娠期弓形虫病,Parasitic,2019-06-01,2019-06,598,135.03225806451613,0,0.2882546458122978,wpp_computed,,sinan_datasus,Brazil DATASUS SINAN,http://siab.datasus.gov.br/DATASUS/index.php?acao=41&area=0901&item=1,ftp_dbc,sinan_datasus,Brazil DATASUS SINAN,http://siab.datasus.gov.br/DATASUS/index.php?acao=41&area=0901&item=1,ftp_dbc
country,br,br,Brazil,BR,Brazil,D199,Rotavirus infection,轮状病毒感染,Viral,2019-06-01,2019-06,43,9.70967741935484,0,0.02072734075238931,wpp_computed,,sinan_datasus,Brazil DATASUS SINAN,http://siab.datasus.gov.br/DATASUS/index.php?acao=41&area=0901&item=1,ftp_dbc,sinan_datasus,Brazil DATASUS SINAN,http://siab.datasus.gov.br/DATASUS/index.php?acao=41&area=0901&item=1,ftp_dbc
country,br,br,Brazil,BR,Brazil,D200,Trachoma,沙眼,Bacterial,2019-06-01,2019-06,607,137.06451612903226,0,0.29259292643489093,wpp_computed,,sinan_datasus,Brazil DATASUS SINAN,http://siab.datasus.gov.br/DATASUS/index.php?acao=41&area=0901&item=1,ftp_dbc,sinan_datasus,Brazil DATASUS SINAN,http://siab.datasus.gov.br/DATASUS/index.php?acao=41&area=0901&item=1,ftp_dbc
country,br,br,Brazil,BR,Brazil,D201,Exanthematous diseases,出疹性疾病,Viral,2019-06-01,2019-06,935,211.1290322580645,0,0.45069915356939544,wpp_computed,,sinan_datasus,Brazil DATASUS SINAN,http://siab.datasus.gov.br/DATASUS/index.php?acao=41&area=0901&item=1,ftp_dbc,sinan_datasus,Brazil DATASUS SINAN,http://siab.datasus.gov.br/DATASUS/index.php?acao=41&area=0901&item=1,ftp_dbc
country,br,br,Brazil,BR,Brazil,D202,Domestic sexual and other violence,家庭/性及其他暴力,Other,2019-06-01,2019-06,30408,6866.322580645161,0,14.657604130201257,wpp_computed,,sinan_datasus,Brazil DATASUS SINAN,http://siab.datasus.gov.br/DATASUS/index.php?acao=41&area=0901&item=1,ftp_dbc,sinan_datasus,Brazil DATASUS SINAN,http://siab.datasus.gov.br/DATASUS/index.php?acao=41&area=0901&item=1,ftp_dbc
country,br,br,Brazil,BR,Brazil,D230,Child exposed to HIV,儿童HIV暴露,Other,2019-06-01,2019-06,668,150.83870967741933,0,0.3219968284324665,wpp_computed,,sinan_datasus,Brazil DATASUS SINAN,http://siab.datasus.gov.br/DATASUS/index.php?acao=41&area=0901&item=1,ftp_dbc,sinan_datasus,Brazil DATASUS SINAN,http://siab.datasus.gov.br/DATASUS/index.php?acao=41&area=0901&item=1,ftp_dbc
country,br,br,Brazil,BR,Brazil,D231,HIV infection in pregnancy surveillance event,孕产期HIV感染监测事件,Viral,2019-06-01,2019-06,644,145.41935483870967,0,0.3104280801055515,wpp_computed,,sinan_datasus,Brazil DATASUS SINAN,http://siab.datasus.gov.br/DATASUS/index.php?acao=41&area=0901&item=1,ftp_dbc,sinan_datasus,Brazil DATASUS SINAN,http://siab.datasus.gov.br/DATASUS/index.php?acao=41&area=0901&item=1,ftp_dbc
country,br,br,Brazil,BR,Brazil,D235,Meningitis (all reported etiologies),脑膜炎（全部报告病因）,Other,2019-06-01,2019-06,2078,469.2258064516129,0,1.0016607926387207,wpp_computed,,sinan_datasus,Brazil DATASUS SINAN,http://siab.datasus.gov.br/DATASUS/index.php?acao=41&area=0901&item=1,ftp_dbc,sinan_datasus,Brazil DATASUS SINAN,http://siab.datasus.gov.br/DATASUS/index.php?acao=41&area=0901&item=1,ftp_dbc
country,br,br,Brazil,BR,Brazil,D005,AIDS,艾滋病,Viral,2019-07-01,2019-07,3671,856.5666666666666,0,1.7695364628377015,wpp_computed,,sinan_datasus,Brazil DATASUS SINAN,http://siab.datasus.gov.br/DATASUS/index.php?acao=41&area=0901&item=1,ftp_dbc,sinan_datasus,Brazil DATASUS SINAN,http://siab.datasus.gov.br/DATASUS/index.php?acao=41&area=0901&item=1,ftp_dbc
country,br,br,Brazil,BR,Brazil,D019,Rabies,狂犬病,Viral,2019-07-01,2019-07,21,4.8999999999999995,0,0.010122654786050593,wpp_computed,,sinan_datasus,Brazil DATASUS SINAN,http://siab.datasus.gov.br/DATASUS/index.php?acao=41&area=0901&item=1,ftp_dbc,sinan_datasus,Brazil DATASUS SINAN,http://siab.datasus.gov.br/DATASUS/index.php?acao=41&area=0901&item=1,ftp_dbc
country,br,br,Brazil,BR,Brazil,D021,Dengue,登革热,Viral,2019-07-01,2019-07,74970,17493.0,0,36.13787758620062,wpp_computed,,sinan_datasus,Brazil DATASUS SINAN,http://siab.datasus.gov.br/DATASUS/index.php?acao=41&area=0901&item=1,ftp_dbc,sinan_datasus,Brazil DATASUS SINAN,http://siab.datasus.gov.br/DATASUS/index.php?acao=41&area=0901&item=1,ftp_dbc
country,br,br,Brazil,BR,Brazil,D025,Tuberculosis,肺结核,Bacterial,2019-07-01,2019-07,8326,1942.7333333333336,0,4.013391607078916,wpp_computed,,sinan_datasus,Brazil DATASUS SINAN,http://siab.datasus.gov.br/DATASUS/index.php?acao=41&area=0901&item=1,ftp_dbc,sinan_datasus,Brazil DATASUS SINAN,http://siab.datasus.gov.br/DATASUS/index.php?acao=41&area=0901&item=1,ftp_dbc
country,br,br,Brazil,BR,Brazil,D028,Pertussis,百日咳,Bacterial,2019-07-01,2019-07,456,106.39999999999999,0,0.2198062182113843,wpp_computed,,sinan_datasus,Brazil DATASUS SINAN,http://siab.datasus.gov.br/DATASUS/index.php?acao=41&area=0901&item=1,ftp_dbc,sinan_datasus,Brazil DATASUS SINAN,http://siab.datasus.gov.br/DATASUS/index.php?acao=41&area=0901&item=1,ftp_dbc
country,br,br,Brazil,BR,Brazil,D036,Schistosomiasis,血吸虫病,Parasitic,2019-07-01,2019-07,378,88.2,0,0.18220778614891067,wpp_computed,,sinan_datasus,Brazil DATASUS SINAN,http://siab.datasus.gov.br/DATASUS/index.php?acao=41&area=0901&item=1,ftp_dbc,sinan_datasus,Brazil DATASUS SINAN,http://siab.datasus.gov.br/DATASUS/index.php?acao=41&area=0901&item=1,ftp_dbc
country,br,br,Brazil,BR,Brazil,D042,Leprosy,麻风病,Bacterial,2019-07-01,2019-07,2924,682.2666666666667,0,1.409459171162473,wpp_computed,,sinan_datasus,Brazil DATASUS SINAN,http://siab.datasus.gov.br/DATASUS/index.php?acao=41&area=0901&item=1,ftp_dbc,sinan_datasus,Brazil DATASUS SINAN,http://siab.datasus.gov.br/DATASUS/index.php?acao=41&area=0901&item=1,ftp_dbc
country,br,br,Brazil,BR,Brazil,D052,Chikungunya,基孔肯雅热,Viral,2019-07-01,2019-07,20149,4701.433333333333,0,9.7124462516254,wpp_computed,,sinan_datasus,Brazil DATASUS SINAN,http://siab.datasus.gov.br/DATASUS/index.php?acao=41&area=0901&item=1,ftp_dbc,sinan_datasus,Brazil DATASUS SINAN,http://siab.datasus.gov.br/DATASUS/index.php?acao=41&area=0901&item=1,ftp_dbc
country,br,br,Brazil,BR,Brazil,D054,Varicella,水痘,Viral,2019-07-01,2019-07,2071,483.23333333333335,0,0.9982865743767038,wpp_computed,,sinan_datasus,Brazil DATASUS SINAN,http://siab.datasus.gov.br/DATASUS/index.php?acao=41&area=0901&item=1,ftp_dbc,sinan_datasus,Brazil DATASUS SINAN,http://siab.datasus.gov.br/DATASUS/index.php?acao=41&area=0901&item=1,ftp_dbc
country,br,br,Brazil,BR,Brazil,D082,Leishmaniasis,利什曼病,Parasitic,2019-07-01,2019-07,1228,286.5333333333333,0,0.5919342893938156,wpp_computed,,sinan_datasus,Brazil DATASUS SINAN,http://siab.datasus.gov.br/DATASUS/index.php?acao=41&area=0901&item=1,ftp_dbc,sinan_datasus,Brazil DATASUS SINAN,http://siab.datasus.gov.br/DATASUS/index.php?acao=41&area=0901&item=1,ftp_dbc
country,br,br,Brazil,BR,Brazil,D084,Chagas disease,恰加斯病,Parasitic,2019-07-01,2019-07,273,63.699999999999996,0,0.13159451221865773,wpp_computed,,sinan_datasus,Brazil DATASUS SINAN,http://siab.datasus.gov.br/DATASUS/index.php?acao=41&area=0901&item=1,ftp_dbc,sinan_datasus,Brazil DATASUS SINAN,http://siab.datasus.gov.br/DATASUS/index.php?acao=41&area=0901&item=1,ftp_dbc
country,br,br,Brazil,BR,Brazil,D085,Toxoplasmosis,弓形体病,Parasitic,2019-07-01,2019-07,245,57.166666666666664,0,0.11809763917059024,wpp_computed,,sinan_datasus,Brazil DATASUS SINAN,http://siab.datasus.gov.br/DATASUS/index.php?acao=41&area=0901&item=1,ftp_dbc,sinan_datasus,Brazil DATASUS SINAN,http://siab.datasus.gov.br/DATASUS/index.php?acao=41&area=0901&item=1,ftp_dbc
country,br,br,Brazil,BR,Brazil,D091,Botulism,肉毒杆菌中毒,Bacterial,2019-07-01,2019-07,2,0.22950819672131148,0,0.000964062360576247,wpp_computed,,sinan_datasus,Brazil DATASUS SINAN,http://siab.datasus.gov.br/DATASUS/index.php?acao=41&area=0901&item=1,ftp_dbc,sinan_datasus,Brazil DATASUS SINAN,http://siab.datasus.gov.br/DATASUS/index.php?acao=41&area=0901&item=1,ftp_dbc
country,br,br,Brazil,BR,Brazil,D102,Hantavirus infection,汉坦病毒感染,Viral,2019-07-01,2019-07,109,25.433333333333334,0,0.05254139865140545,wpp_computed,,sinan_datasus,Brazil DATASUS SINAN,http://siab.datasus.gov.br/DATASUS/index.php?acao=41&area=0901&item=1,ftp_dbc,sinan_datasus,Brazil DATASUS SINAN,http://siab.datasus.gov.br/DATASUS/index.php?acao=41&area=0901&item=1,ftp_dbc
country,br,br,Brazil,BR,Brazil,D118,Spotted fever rickettsiosis,斑点热立克次体病,Bacterial,2019-07-01,2019-07,431,100.56666666666666,0,0.2077554387041812,wpp_computed,,sinan_datasus,Brazil DATASUS SINAN,http://siab.datasus.gov.br/DATASUS/index.php?acao=41&area=0901&item=1,ftp_dbc,sinan_datasus,Brazil DATASUS SINAN,http://siab.datasus.gov.br/DATASUS/index.php?acao=41&area=0901&item=1,ftp_dbc
country,br,br,Brazil,BR,Brazil,D124,Typhoid fever,伤寒,Bacterial,2019-07-01,2019-07,47,10.966666666666667,0,0.022655465473541803,wpp_computed,,sinan_datasus,Brazil DATASUS SINAN,http://siab.datasus.gov.br/DATASUS/index.php?acao=41&area=0901&item=1,ftp_dbc,sinan_datasus,Brazil DATASUS SINAN,http://siab.datasus.gov.br/DATASUS/index.php?acao=41&area=0901&item=1,ftp_dbc
country,br,br,Brazil,BR,Brazil,D144,Creutzfeldt-Jakob disease,克雅氏病,Prion,2019-07-01,2019-07,15,3.5,0,0.0072304677043218525,wpp_computed,,sinan_datasus,Brazil DATASUS SINAN,http://siab.datasus.gov.br/DATASUS/index.php?acao=41&area=0901&item=1,ftp_dbc,sinan_datasus,Brazil DATASUS SINAN,http://siab.datasus.gov.br/DATASUS/index.php?acao=41&area=0901&item=1,ftp_dbc
country,br,br,Brazil,BR,Brazil,D162,HIV infection,人类免疫缺乏病毒感染,Viral,2019-07-01,2019-07,4408,1028.5333333333333,0,2.1247934427100486,wpp_computed,,sinan_datasus,Brazil DATASUS SINAN,http://siab.datasus.gov.br/DATASUS/index.php?acao=41&area=0901&item=1,ftp_dbc,sinan_datasus,Brazil DATASUS SINAN,http://siab.datasus.gov.br/DATASUS/index.php?acao=41&area=0901&item=1,ftp_dbc
country,br,br,Brazil,BR,Brazil,D178,Acute flaccid paralysis,急性无力肢体麻痹,Other,2019-07-01,2019-07,36,8.4,0,0.017353122490372446,wpp_computed,,sinan_datasus,Brazil DATASUS SINAN,http://siab.datasus.gov.br/DATASUS/index.php?acao=41&area=0901&item=1,ftp_dbc,sinan_datasus,Brazil DATASUS SINAN,http://siab.datasus.gov.br/DATASUS/index.php?acao=41&area=0901&item=1,ftp_dbc
country,br,br,Brazil,BR,Brazil,D184,Accident caused by venomous animals,毒性动物伤害,Other,2019-07-01,2019-07,19457,4539.966666666667,0,9.37888067486602,wpp_computed,,sinan_datasus,Brazil DATASUS SINAN,http://siab.datasus.gov.br/DATASUS/index.php?acao=41&area=0901&item=1,ftp_dbc,sinan_datasus,Brazil DATASUS SINAN,http://siab.datasus.gov.br/DATASUS/index.php?acao=41&area=0901&item=1,ftp_dbc
country,br,br,Brazil,BR,Brazil,D185,Work accident with biological material,生物材料职业暴露事故,Other,2019-07-01,2019-07,5913,1379.7,0,2.8502503690436742,wpp_computed,,sinan_datasus,Brazil DATASUS SINAN,http://siab.datasus.gov.br/DATASUS/index.php?acao=41&area=0901&item=1,ftp_dbc,sinan_datasus,Brazil DATASUS SINAN,http://siab.datasus.gov.br/DATASUS/index.php?acao=41&area=0901&item=1,ftp_dbc
country,br,br,Brazil,BR,Brazil,D186,Serious work accident,严重工伤,Other,2019-07-01,2019-07,9169,2139.4333333333334,0,4.419743892061804,wpp_computed,,sinan_datasus,Brazil DATASUS SINAN,http://siab.datasus.gov.br/DATASUS/index.php?acao=41&area=0901&item=1,ftp_dbc,sinan_datasus,Brazil DATASUS SINAN,http://siab.datasus.gov.br/DATASUS/index.php?acao=41&area=0901&item=1,ftp_dbc
country,br,br,Brazil,BR,Brazil,D187,Rabies post-exposure prophylaxis,狂犬病暴露后处置,Other,2019-07-01,2019-07,63487,14813.633333333331,0,30.602713542952095,wpp_computed,,sinan_datasus,Brazil DATASUS SINAN,http://siab.datasus.gov.br/DATASUS/index.php?acao=41&area=0901&item=1,ftp_dbc,sinan_datasus,Brazil DATASUS SINAN,http://siab.datasus.gov.br/DATASUS/index.php?acao=41&area=0901&item=1,ftp_dbc
country,br,br,Brazil,BR,Brazil,D188,Work-related cancer,职业相关癌症,Other,2019-07-01,2019-07,57,13.299999999999999,0,0.027475777276423037,wpp_computed,,sinan_datasus,Brazil DATASUS SINAN,http://siab.datasus.gov.br/DATASUS/index.php?acao=41&area=0901&item=1,ftp_dbc,sinan_datasus,Brazil DATASUS SINAN,http://siab.datasus.gov.br/DATASUS/index.php?acao=41&area=0901&item=1,ftp_dbc
country,br,br,Brazil,BR,Brazil,D189,Work-related dermatosis,职业性皮肤病,Other,2019-07-01,2019-07,52,12.133333333333333,0,0.02506562137498242,wpp_computed,,sinan_datasus,Brazil DATASUS SINAN,http://siab.datasus.gov.br/DATASUS/index.php?acao=41&area=0901&item=1,ftp_dbc,sinan_datasus,Brazil DATASUS SINAN,http://siab.datasus.gov.br/DATASUS/index.php?acao=41&area=0901&item=1,ftp_dbc
country,br,br,Brazil,BR,Brazil,D194,Noise-induced hearing loss,噪声性听力损失,Other,2019-07-01,2019-07,51,11.9,0,0.024583590194694298,wpp_computed,,sinan_datasus,Brazil DATASUS SINAN,http://siab.datasus.gov.br/DATASUS/index.php?acao=41&area=0901&item=1,ftp_dbc,sinan_datasus,Brazil DATASUS SINAN,http://siab.datasus.gov.br/DATASUS/index.php?acao=41&area=0901&item=1,ftp_dbc
country,br,br,Brazil,BR,Brazil,D195,Pneumoconiosis,尘肺病,Other,2019-07-01,2019-07,58,13.533333333333333,0,0.027957808456711166,wpp_computed,,sinan_datasus,Brazil DATASUS SINAN,http://siab.datasus.gov.br/DATASUS/index.php?acao=41&area=0901&item=1,ftp_dbc,sinan_datasus,Brazil DATASUS SINAN,http://siab.datasus.gov.br/DATASUS/index.php?acao=41&area=0901&item=1,ftp_dbc
country,br,br,Brazil,BR,Brazil,D198,Toxoplasmosis in pregnancy,妊娠期弓形虫病,Parasitic,2019-07-01,2019-07,735,171.5,0,0.3542929175117708,wpp_computed,,sinan_datasus,Brazil DATASUS SINAN,http://siab.datasus.gov.br/DATASUS/index.php?acao=41&area=0901&item=1,ftp_dbc,sinan_datasus,Brazil DATASUS SINAN,http://siab.datasus.gov.br/DATASUS/index.php?acao=41&area=0901&item=1,ftp_dbc
country,br,br,Brazil,BR,Brazil,D199,Rotavirus infection,轮状病毒感染,Viral,2019-07-01,2019-07,42,9.799999999999999,0,0.020245309572101185,wpp_computed,,sinan_datasus,Brazil DATASUS SINAN,http://siab.datasus.gov.br/DATASUS/index.php?acao=41&area=0901&item=1,ftp_dbc,sinan_datasus,Brazil DATASUS SINAN,http://siab.datasus.gov.br/DATASUS/index.php?acao=41&area=0901&item=1,ftp_dbc
country,br,br,Brazil,BR,Brazil,D200,Trachoma,沙眼,Bacterial,2019-07-01,2019-07,434,101.26666666666667,0,0.2092015322450456,wpp_computed,,sinan_datasus,Brazil DATASUS SINAN,http://siab.datasus.gov.br/DATASUS/index.php?acao=41&area=0901&item=1,ftp_dbc,sinan_datasus,Brazil DATASUS SINAN,http://siab.datasus.gov.br/DATASUS/index.php?acao=41&area=0901&item=1,ftp_dbc
country,br,br,Brazil,BR,Brazil,D201,Exanthematous diseases,出疹性疾病,Viral,2019-07-01,2019-07,7000,1633.3333333333335,0,3.3742182620168646,wpp_computed,,sinan_datasus,Brazil DATASUS SINAN,http://siab.datasus.gov.br/DATASUS/index.php?acao=41&area=0901&item=1,ftp_dbc,sinan_datasus,Brazil DATASUS SINAN,http://siab.datasus.gov.br/DATASUS/index.php?acao=41&area=0901&item=1,ftp_dbc
country,br,br,Brazil,BR,Brazil,D202,Domestic sexual and other violence,家庭/性及其他暴力,Other,2019-07-01,2019-07,31562,7364.466666666666,0,15.213868112253753,wpp_computed,,sinan_datasus,Brazil DATASUS SINAN,http://siab.datasus.gov.br/DATASUS/index.php?acao=41&area=0901&item=1,ftp_dbc,sinan_datasus,Brazil DATASUS SINAN,http://siab.datasus.gov.br/DATASUS/index.php?acao=41&area=0901&item=1,ftp_dbc
country,br,br,Brazil,BR,Brazil,D230,Child exposed to HIV,儿童HIV暴露,Other,2019-07-01,2019-07,730,170.33333333333331,0,0.35188276161033016,wpp_computed,,sinan_datasus,Brazil DATASUS SINAN,http://siab.datasus.gov.br/DATASUS/index.php?acao=41&area=0901&item=1,ftp_dbc,sinan_datasus,Brazil DATASUS SINAN,http://siab.datasus.gov.br/DATASUS/index.php?acao=41&area=0901&item=1,ftp_dbc
country,br,br,Brazil,BR,Brazil,D231,HIV infection in pregnancy surveillance event,孕产期HIV感染监测事件,Viral,2019-07-01,2019-07,716,167.06666666666666,0,0.34513432508629643,wpp_computed,,sinan_datasus,Brazil DATASUS SINAN,http://siab.datasus.gov.br/DATASUS/index.php?acao=41&area=0901&item=1,ftp_dbc,sinan_datasus,Brazil DATASUS SINAN,http://siab.datasus.gov.br/DATASUS/index.php?acao=41&area=0901&item=1,ftp_dbc
country,br,br,Brazil,BR,Brazil,D235,Meningitis (all reported etiologies),脑膜炎（全部报告病因）,Other,2019-07-01,2019-07,2113,493.03333333333336,0,1.018531883948805,wpp_computed,,sinan_datasus,Brazil DATASUS SINAN,http://siab.datasus.gov.br/DATASUS/index.php?acao=41&area=0901&item=1,ftp_dbc,sinan_datasus,Brazil DATASUS SINAN,http://siab.datasus.gov.br/DATASUS/index.php?acao=41&area=0901&item=1,ftp_dbc
country,br,br,Brazil,BR,Brazil,D005,AIDS,艾滋病,Viral,2019-08-01,2019-08,3687,832.5483870967741,0,1.7772489617223113,wpp_computed,,sinan_datasus,Brazil DATASUS SINAN,http://siab.datasus.gov.br/DATASUS/index.php?acao=41&area=0901&item=1,ftp_dbc,sinan_datasus,Brazil DATASUS SINAN,http://siab.datasus.gov.br/DATASUS/index.php?acao=41&area=0901&item=1,ftp_dbc
country,br,br,Brazil,BR,Brazil,D019,Rabies,狂犬病,Viral,2019-08-01,2019-08,9,2.032258064516129,0,0.0043382806225931115,wpp_computed,,sinan_datasus,Brazil DATASUS SINAN,http://siab.datasus.gov.br/DATASUS/index.php?acao=41&area=0901&item=1,ftp_dbc,sinan_datasus,Brazil DATASUS SINAN,http://siab.datasus.gov.br/DATASUS/index.php?acao=41&area=0901&item=1,ftp_dbc
country,br,br,Brazil,BR,Brazil,D021,Dengue,登革热,Viral,2019-08-01,2019-08,36583,8260.677419354837,0,17.634146668480422,wpp_computed,,sinan_datasus,Brazil DATASUS SINAN,http://siab.datasus.gov.br/DATASUS/index.php?acao=41&area=0901&item=1,ftp_dbc,sinan_datasus,Brazil DATASUS SINAN,http://siab.datasus.gov.br/DATASUS/index.php?acao=41&area=0901&item=1,ftp_dbc
country,br,br,Brazil,BR,Brazil,D025,Tuberculosis,肺结核,Bacterial,2019-08-01,2019-08,8119,1833.322580645161,0,3.9136111527592745,wpp_computed,,sinan_datasus,Brazil DATASUS SINAN,http://siab.datasus.gov.br/DATASUS/index.php?acao=41&area=0901&item=1,ftp_dbc,sinan_datasus,Brazil DATASUS SINAN,http://siab.datasus.gov.br/DATASUS/index.php?acao=41&area=0901&item=1,ftp_dbc
country,br,br,Brazil,BR,Brazil,D028,Pertussis,百日咳,Bacterial,2019-08-01,2019-08,387,87.38709677419355,0,0.1865460667715038,wpp_computed,,sinan_datasus,Brazil DATASUS SINAN,http://siab.datasus.gov.br/DATASUS/index.php?acao=41&area=0901&item=1,ftp_dbc,sinan_datasus,Brazil DATASUS SINAN,http://siab.datasus.gov.br/DATASUS/index.php?acao=41&area=0901&item=1,ftp_dbc
country,br,br,Brazil,BR,Brazil,D036,Schistosomiasis,血吸虫病,Parasitic,2019-08-01,2019-08,324,73.16129032258064,0,0.156178102413352,wpp_computed,,sinan_datasus,Brazil DATASUS SINAN,http://siab.datasus.gov.br/DATASUS/index.php?acao=41&area=0901&item=1,ftp_dbc,sinan_datasus,Brazil DATASUS SINAN,http://siab.datasus.gov.br/DATASUS/index.php?acao=41&area=0901&item=1,ftp_dbc
country,br,br,Brazil,BR,Brazil,D042,Leprosy,麻风病,Bacterial,2019-08-01,2019-08,3142,709.483870967742,0,1.5145419684652839,wpp_computed,,sinan_datasus,Brazil DATASUS SINAN,http://siab.datasus.gov.br/DATASUS/index.php?acao=41&area=0901&item=1,ftp_dbc,sinan_datasus,Brazil DATASUS SINAN,http://siab.datasus.gov.br/DATASUS/index.php?acao=41&area=0901&item=1,ftp_dbc
country,br,br,Brazil,BR,Brazil,D052,Chikungunya,基孔肯雅热,Viral,2019-08-01,2019-08,11813,2667.451612903226,0,5.694234332743602,wpp_computed,,sinan_datasus,Brazil DATASUS SINAN,http://siab.datasus.gov.br/DATASUS/index.php?acao=41&area=0901&item=1,ftp_dbc,sinan_datasus,Brazil DATASUS SINAN,http://siab.datasus.gov.br/DATASUS/index.php?acao=41&area=0901&item=1,ftp_dbc
country,br,br,Brazil,BR,Brazil,D054,Varicella,水痘,Viral,2019-08-01,2019-08,2493,562.9354838709678,0,1.2017037324582918,wpp_computed,,sinan_datasus,Brazil DATASUS SINAN,http://siab.datasus.gov.br/DATASUS/index.php?acao=41&area=0901&item=1,ftp_dbc,sinan_datasus,Brazil DATASUS SINAN,http://siab.datasus.gov.br/DATASUS/index.php?acao=41&area=0901&item=1,ftp_dbc
country,br,br,Brazil,BR,Brazil,D082,Leishmaniasis,利什曼病,Parasitic,2019-08-01,2019-08,1250,282.258064516129,0,0.6025389753601543,wpp_computed,,sinan_datasus,Brazil DATASUS SINAN,http://siab.datasus.gov.br/DATASUS/index.php?acao=41&area=0901&item=1,ftp_dbc,sinan_datasus,Brazil DATASUS SINAN,http://siab.datasus.gov.br/DATASUS/index.php?acao=41&area=0901&item=1,ftp_dbc
country,br,br,Brazil,BR,Brazil,D084,Chagas disease,恰加斯病,Parasitic,2019-08-01,2019-08,292,65.93548387096774,0,0.14075310464413204,wpp_computed,,sinan_datasus,Brazil DATASUS SINAN,http://siab.datasus.gov.br/DATASUS/index.php?acao=41&area=0901&item=1,ftp_dbc,sinan_datasus,Brazil DATASUS SINAN,http://siab.datasus.gov.br/DATASUS/index.php?acao=41&area=0901&item=1,ftp_dbc
country,br,br,Brazil,BR,Brazil,D085,Toxoplasmosis,弓形体病,Parasitic,2019-08-01,2019-08,329,74.29032258064517,0,0.15858825831479262,wpp_computed,,sinan_datasus,Brazil DATASUS SINAN,http://siab.datasus.gov.br/DATASUS/index.php?acao=41&area=0901&item=1,ftp_dbc,sinan_datasus,Brazil DATASUS SINAN,http://siab.datasus.gov.br/DATASUS/index.php?acao=41&area=0901&item=1,ftp_dbc
country,br,br,Brazil,BR,Brazil,D091,Botulism,肉毒杆菌中毒,Bacterial,2019-08-01,2019-08,1,0.22580645161290322,0,0.0004820311802881235,wpp_computed,,sinan_datasus,Brazil DATASUS SINAN,http://siab.datasus.gov.br/DATASUS/index.php?acao=41&area=0901&item=1,ftp_dbc,sinan_datasus,Brazil DATASUS SINAN,http://siab.datasus.gov.br/DATASUS/index.php?acao=41&area=0901&item=1,ftp_dbc
country,br,br,Brazil,BR,Brazil,D102,Hantavirus infection,汉坦病毒感染,Viral,2019-08-01,2019-08,78,17.612903225806452,0,0.03759843206247363,wpp_computed,,sinan_datasus,Brazil DATASUS SINAN,http://siab.datasus.gov.br/DATASUS/index.php?acao=41&area=0901&item=1,ftp_dbc,sinan_datasus,Brazil DATASUS SINAN,http://siab.datasus.gov.br/DATASUS/index.php?acao=41&area=0901&item=1,ftp_dbc
country,br,br,Brazil,BR,Brazil,D118,Spotted fever rickettsiosis,斑点热立克次体病,Bacterial,2019-08-01,2019-08,471,106.35483870967742,0,0.22703668591570617,wpp_computed,,sinan_datasus,Brazil DATASUS SINAN,http://siab.datasus.gov.br/DATASUS/index.php?acao=41&area=0901&item=1,ftp_dbc,sinan_datasus,Brazil DATASUS SINAN,http://siab.datasus.gov.br/DATASUS/index.php?acao=41&area=0901&item=1,ftp_dbc
country,br,br,Brazil,BR,Brazil,D124,Typhoid fever,伤寒,Bacterial,2019-08-01,2019-08,38,8.580645161290322,0,0.018317184850948694,wpp_computed,,sinan_datasus,Brazil DATASUS SINAN,http://siab.datasus.gov.br/DATASUS/index.php?acao=41&area=0901&item=1,ftp_dbc,sinan_datasus,Brazil DATASUS SINAN,http://siab.datasus.gov.br/DATASUS/index.php?acao=41&area=0901&item=1,ftp_dbc
country,br,br,Brazil,BR,Brazil,D144,Creutzfeldt-Jakob disease,克雅氏病,Prion,2019-08-01,2019-08,17,3.8387096774193545,0,0.0081945300648981,wpp_computed,,sinan_datasus,Brazil DATASUS SINAN,http://siab.datasus.gov.br/DATASUS/index.php?acao=41&area=0901&item=1,ftp_dbc,sinan_datasus,Brazil DATASUS SINAN,http://siab.datasus.gov.br/DATASUS/index.php?acao=41&area=0901&item=1,ftp_dbc
country,br,br,Brazil,BR,Brazil,D162,HIV infection,人类免疫缺乏病毒感染,Viral,2019-08-01,2019-08,4412,996.258064516129,0,2.126721567431201,wpp_computed,,sinan_datasus,Brazil DATASUS SINAN,http://siab.datasus.gov.br/DATASUS/index.php?acao=41&area=0901&item=1,ftp_dbc,sinan_datasus,Brazil DATASUS SINAN,http://siab.datasus.gov.br/DATASUS/index.php?acao=41&area=0901&item=1,ftp_dbc
country,br,br,Brazil,BR,Brazil,D178,Acute flaccid paralysis,急性无力肢体麻痹,Other,2019-08-01,2019-08,48,10.838709677419354,0,0.023137496653829928,wpp_computed,,sinan_datasus,Brazil DATASUS SINAN,http://siab.datasus.gov.br/DATASUS/index.php?acao=41&area=0901&item=1,ftp_dbc,sinan_datasus,Brazil DATASUS SINAN,http://siab.datasus.gov.br/DATASUS/index.php?acao=41&area=0901&item=1,ftp_dbc
country,br,br,Brazil,BR,Brazil,D184,Accident caused by venomous animals,毒性动物伤害,Other,2019-08-01,2019-08,20403,4607.129032258064,0,9.834882171418583,wpp_computed,,sinan_datasus,Brazil DATASUS SINAN,http://siab.datasus.gov.br/DATASUS/index.php?acao=41&area=0901&item=1,ftp_dbc,sinan_datasus,Brazil DATASUS SINAN,http://siab.datasus.gov.br/DATASUS/index.php?acao=41&area=0901&item=1,ftp_dbc
country,br,br,Brazil,BR,Brazil,D185,Work accident with biological material,生物材料职业暴露事故,Other,2019-08-01,2019-08,6002,1355.2903225806454,0,2.893151144089317,wpp_computed,,sinan_datasus,Brazil DATASUS SINAN,http://siab.datasus.gov.br/DATASUS/index.php?acao=41&area=0901&item=1,ftp_dbc,sinan_datasus,Brazil DATASUS SINAN,http://siab.datasus.gov.br/DATASUS/index.php?acao=41&area=0901&item=1,ftp_dbc
country,br,br,Brazil,BR,Brazil,D186,Serious work accident,严重工伤,Other,2019-08-01,2019-08,9923,2240.677419354839,0,4.783195401999049,wpp_computed,,sinan_datasus,Brazil DATASUS SINAN,http://siab.datasus.gov.br/DATASUS/index.php?acao=41&area=0901&item=1,ftp_dbc,sinan_datasus,Brazil DATASUS SINAN,http://siab.datasus.gov.br/DATASUS/index.php?acao=41&area=0901&item=1,ftp_dbc
country,br,br,Brazil,BR,Brazil,D187,Rabies post-exposure prophylaxis,狂犬病暴露后处置,Other,2019-08-01,2019-08,65529,14796.870967741936,0,31.587021213100442,wpp_computed,,sinan_datasus,Brazil DATASUS SINAN,http://siab.datasus.gov.br/DATASUS/index.php?acao=41&area=0901&item=1,ftp_dbc,sinan_datasus,Brazil DATASUS SINAN,http://siab.datasus.gov.br/DATASUS/index.php?acao=41&area=0901&item=1,ftp_dbc
country,br,br,Brazil,BR,Brazil,D188,Work-related cancer,职业相关癌症,Other,2019-08-01,2019-08,44,9.935483870967742,0,0.021209371932677433,wpp_computed,,sinan_datasus,Brazil DATASUS SINAN,http://siab.datasus.gov.br/DATASUS/index.php?acao=41&area=0901&item=1,ftp_dbc,sinan_datasus,Brazil DATASUS SINAN,http://siab.datasus.gov.br/DATASUS/index.php?acao=41&area=0901&item=1,ftp_dbc
country,br,br,Brazil,BR,Brazil,D189,Work-related dermatosis,职业性皮肤病,Other,2019-08-01,2019-08,47,10.612903225806452,0,0.022655465473541803,wpp_computed,,sinan_datasus,Brazil DATASUS SINAN,http://siab.datasus.gov.br/DATASUS/index.php?acao=41&area=0901&item=1,ftp_dbc,sinan_datasus,Brazil DATASUS SINAN,http://siab.datasus.gov.br/DATASUS/index.php?acao=41&area=0901&item=1,ftp_dbc
country,br,br,Brazil,BR,Brazil,D194,Noise-induced hearing loss,噪声性听力损失,Other,2019-08-01,2019-08,81,18.29032258064516,0,0.039044525603338,wpp_computed,,sinan_datasus,Brazil DATASUS SINAN,http://siab.datasus.gov.br/DATASUS/index.php?acao=41&area=0901&item=1,ftp_dbc,sinan_datasus,Brazil DATASUS SINAN,http://siab.datasus.gov.br/DATASUS/index.php?acao=41&area=0901&item=1,ftp_dbc
country,br,br,Brazil,BR,Brazil,D195,Pneumoconiosis,尘肺病,Other,2019-08-01,2019-08,48,10.838709677419354,0,0.023137496653829928,wpp_computed,,sinan_datasus,Brazil DATASUS SINAN,http://siab.datasus.gov.br/DATASUS/index.php?acao=41&area=0901&item=1,ftp_dbc,sinan_datasus,Brazil DATASUS SINAN,http://siab.datasus.gov.br/DATASUS/index.php?acao=41&area=0901&item=1,ftp_dbc
country,br,br,Brazil,BR,Brazil,D198,Toxoplasmosis in pregnancy,妊娠期弓形虫病,Parasitic,2019-08-01,2019-08,821,185.38709677419354,0,0.3957475990165493,wpp_computed,,sinan_datasus,Brazil DATASUS SINAN,http://siab.datasus.gov.br/DATASUS/index.php?acao=41&area=0901&item=1,ftp_dbc,sinan_datasus,Brazil DATASUS SINAN,http://siab.datasus.gov.br/DATASUS/index.php?acao=41&area=0901&item=1,ftp_dbc
country,br,br,Brazil,BR,Brazil,D199,Rotavirus infection,轮状病毒感染,Viral,2019-08-01,2019-08,71,16.03225806451613,0,0.03422421380045677,wpp_computed,,sinan_datasus,Brazil DATASUS SINAN,http://siab.datasus.gov.br/DATASUS/index.php?acao=41&area=0901&item=1,ftp_dbc,sinan_datasus,Brazil DATASUS SINAN,http://siab.datasus.gov.br/DATASUS/index.php?acao=41&area=0901&item=1,ftp_dbc
country,br,br,Brazil,BR,Brazil,D200,Trachoma,沙眼,Bacterial,2019-08-01,2019-08,893,201.64516129032256,0,0.4304538439972943,wpp_computed,,sinan_datasus,Brazil DATASUS SINAN,http://siab.datasus.gov.br/DATASUS/index.php?acao=41&area=0901&item=1,ftp_dbc,sinan_datasus,Brazil DATASUS SINAN,http://siab.datasus.gov.br/DATASUS/index.php?acao=41&area=0901&item=1,ftp_dbc
country,br,br,Brazil,BR,Brazil,D201,Exanthematous diseases,出疹性疾病,Viral,2019-08-01,2019-08,18322,4137.225806451613,0,8.831775285238999,wpp_computed,,sinan_datasus,Brazil DATASUS SINAN,http://siab.datasus.gov.br/DATASUS/index.php?acao=41&area=0901&item=1,ftp_dbc,sinan_datasus,Brazil DATASUS SINAN,http://siab.datasus.gov.br/DATASUS/index.php?acao=41&area=0901&item=1,ftp_dbc
country,br,br,Brazil,BR,Brazil,D202,Domestic sexual and other violence,家庭/性及其他暴力,Other,2019-08-01,2019-08,34745,7845.645161290322,0,16.74817335911085,wpp_computed,,sinan_datasus,Brazil DATASUS SINAN,http://siab.datasus.gov.br/DATASUS/index.php?acao=41&area=0901&item=1,ftp_dbc,sinan_datasus,Brazil DATASUS SINAN,http://siab.datasus.gov.br/DATASUS/index.php?acao=41&area=0901&item=1,ftp_dbc
country,br,br,Brazil,BR,Brazil,D230,Child exposed to HIV,儿童HIV暴露,Other,2019-08-01,2019-08,669,151.06451612903226,0,0.3224788596127546,wpp_computed,,sinan_datasus,Brazil DATASUS SINAN,http://siab.datasus.gov.br/DATASUS/index.php?acao=41&area=0901&item=1,ftp_dbc,sinan_datasus,Brazil DATASUS SINAN,http://siab.datasus.gov.br/DATASUS/index.php?acao=41&area=0901&item=1,ftp_dbc
country,br,br,Brazil,BR,Brazil,D231,HIV infection in pregnancy surveillance event,孕产期HIV感染监测事件,Viral,2019-08-01,2019-08,798,180.19354838709677,0,0.3846608818699225,wpp_computed,,sinan_datasus,Brazil DATASUS SINAN,http://siab.datasus.gov.br/DATASUS/index.php?acao=41&area=0901&item=1,ftp_dbc,sinan_datasus,Brazil DATASUS SINAN,http://siab.datasus.gov.br/DATASUS/index.php?acao=41&area=0901&item=1,ftp_dbc
country,br,br,Brazil,BR,Brazil,D235,Meningitis (all reported etiologies),脑膜炎（全部报告病因）,Other,2019-08-01,2019-08,1953,441.0,0,0.9414068951027053,wpp_computed,,sinan_datasus,Brazil DATASUS SINAN,http://siab.datasus.gov.br/DATASUS/index.php?acao=41&area=0901&item=1,ftp_dbc,sinan_datasus,Brazil DATASUS SINAN,http://siab.datasus.gov.br/DATASUS/index.php?acao=41&area=0901&item=1,ftp_dbc
country,br,br,Brazil,BR,Brazil,D001,Plague,鼠疫,Bacterial,2019-09-01,2019-09,1,0.05691056910569106,0,0.0004820311802881235,wpp_computed,,sinan_datasus,Brazil DATASUS SINAN,http://siab.datasus.gov.br/DATASUS/index.php?acao=41&area=0901&item=1,ftp_dbc,sinan_datasus,Brazil DATASUS SINAN,http://siab.datasus.gov.br/DATASUS/index.php?acao=41&area=0901&item=1,ftp_dbc
country,br,br,Brazil,BR,Brazil,D005,AIDS,艾滋病,Viral,2019-09-01,2019-09,3628,819.2258064516129,0,1.748809122085312,wpp_computed,,sinan_datasus,Brazil DATASUS SINAN,http://siab.datasus.gov.br/DATASUS/index.php?acao=41&area=0901&item=1,ftp_dbc,sinan_datasus,Brazil DATASUS SINAN,http://siab.datasus.gov.br/DATASUS/index.php?acao=41&area=0901&item=1,ftp_dbc
country,br,br,Brazil,BR,Brazil,D021,Dengue,登革热,Viral,2019-09-01,2019-09,24890,5620.322580645161,0,11.997756077371394,wpp_computed,,sinan_datasus,Brazil DATASUS SINAN,http://siab.datasus.gov.br/DATASUS/index.php?acao=41&area=0901&item=1,ftp_dbc,sinan_datasus,Brazil DATASUS SINAN,http://siab.datasus.gov.br/DATASUS/index.php?acao=41&area=0901&item=1,ftp_dbc
country,br,br,Brazil,BR,Brazil,D025,Tuberculosis,肺结核,Bacterial,2019-09-01,2019-09,8109,1831.0645161290322,0,3.9087908409563936,wpp_computed,,sinan_datasus,Brazil DATASUS SINAN,http://siab.datasus.gov.br/DATASUS/index.php?acao=41&area=0901&item=1,ftp_dbc,sinan_datasus,Brazil DATASUS SINAN,http://siab.datasus.gov.br/DATASUS/index.php?acao=41&area=0901&item=1,ftp_dbc
country,br,br,Brazil,BR,Brazil,D028,Pertussis,百日咳,Bacterial,2019-09-01,2019-09,455,102.74193548387098,0,0.21932418703109618,wpp_computed,,sinan_datasus,Brazil DATASUS SINAN,http://siab.datasus.gov.br/DATASUS/index.php?acao=41&area=0901&item=1,ftp_dbc,sinan_datasus,Brazil DATASUS SINAN,http://siab.datasus.gov.br/DATASUS/index.php?acao=41&area=0901&item=1,ftp_dbc
country,br,br,Brazil,BR,Brazil,D036,Schistosomiasis,血吸虫病,Parasitic,2019-09-01,2019-09,375,84.67741935483872,0,0.1807616926080463,wpp_computed,,sinan_datasus,Brazil DATASUS SINAN,http://siab.datasus.gov.br/DATASUS/index.php?acao=41&area=0901&item=1,ftp_dbc,sinan_datasus,Brazil DATASUS SINAN,http://siab.datasus.gov.br/DATASUS/index.php?acao=41&area=0901&item=1,ftp_dbc
country,br,br,Brazil,BR,Brazil,D042,Leprosy,麻风病,Bacterial,2019-09-01,2019-09,3220,727.0967741935484,0,1.5521404005277575,wpp_computed,,sinan_datasus,Brazil DATASUS SINAN,http://siab.datasus.gov.br/DATASUS/index.php?acao=41&area=0901&item=1,ftp_dbc,sinan_datasus,Brazil DATASUS SINAN,http://siab.datasus.gov.br/DATASUS/index.php?acao=41&area=0901&item=1,ftp_dbc
country,br,br,Brazil,BR,Brazil,D052,Chikungunya,基孔肯雅热,Viral,2019-09-01,2019-09,7255,1638.225806451613,0,3.4971362129903354,wpp_computed,,sinan_datasus,Brazil DATASUS SINAN,http://siab.datasus.gov.br/DATASUS/index.php?acao=41&area=0901&item=1,ftp_dbc,sinan_datasus,Brazil DATASUS SINAN,http://siab.datasus.gov.br/DATASUS/index.php?acao=41&area=0901&item=1,ftp_dbc
country,br,br,Brazil,BR,Brazil,D054,Varicella,水痘,Viral,2019-09-01,2019-09,3535,798.2258064516129,0,1.7039802223185168,wpp_computed,,sinan_datasus,Brazil DATASUS SINAN,http://siab.datasus.gov.br/DATASUS/index.php?acao=41&area=0901&item=1,ftp_dbc,sinan_datasus,Brazil DATASUS SINAN,http://siab.datasus.gov.br/DATASUS/index.php?acao=41&area=0901&item=1,ftp_dbc
country,br,br,Brazil,BR,Brazil,D082,Leishmaniasis,利什曼病,Parasitic,2019-09-01,2019-09,1502,339.16129032258067,0,0.7240108327927615,wpp_computed,,sinan_datasus,Brazil DATASUS SINAN,http://siab.datasus.gov.br/DATASUS/index.php?acao=41&area=0901&item=1,ftp_dbc,sinan_datasus,Brazil DATASUS SINAN,http://siab.datasus.gov.br/DATASUS/index.php?acao=41&area=0901&item=1,ftp_dbc
country,br,br,Brazil,BR,Brazil,D084,Chagas disease,恰加斯病,Parasitic,2019-09-01,2019-09,492,111.09677419354838,0,0.23715934070175676,wpp_computed,,sinan_datasus,Brazil DATASUS SINAN,http://siab.datasus.gov.br/DATASUS/index.php?acao=41&area=0901&item=1,ftp_dbc,sinan_datasus,Brazil DATASUS SINAN,http://siab.datasus.gov.br/DATASUS/index.php?acao=41&area=0901&item=1,ftp_dbc
country,br,br,Brazil,BR,Brazil,D085,Toxoplasmosis,弓形体病,Parasitic,2019-09-01,2019-09,281,63.45161290322581,0,0.1354507616609627,wpp_computed,,sinan_datasus,Brazil DATASUS SINAN,http://siab.datasus.gov.br/DATASUS/index.php?acao=41&area=0901&item=1,ftp_dbc,sinan_datasus,Brazil DATASUS SINAN,http://siab.datasus.gov.br/DATASUS/index.php?acao=41&area=0901&item=1,ftp_dbc
country,br,br,Brazil,BR,Brazil,D091,Botulism,肉毒杆菌中毒,Bacterial,2019-09-01,2019-09,3,0.6774193548387096,0,0.0014460935408643705,wpp_computed,,sinan_datasus,Brazil DATASUS SINAN,http://siab.datasus.gov.br/DATASUS/index.php?acao=41&area=0901&item=1,ftp_dbc,sinan_datasus,Brazil DATASUS SINAN,http://siab.datasus.gov.br/DATASUS/index.php?acao=41&area=0901&item=1,ftp_dbc
country,br,br,Brazil,BR,Brazil,D102,Hantavirus infection,汉坦病毒感染,Viral,2019-09-01,2019-09,62,14.0,0,0.029885933177863654,wpp_computed,,sinan_datasus,Brazil DATASUS SINAN,http://siab.datasus.gov.br/DATASUS/index.php?acao=41&area=0901&item=1,ftp_dbc,sinan_datasus,Brazil DATASUS SINAN,http://siab.datasus.gov.br/DATASUS/index.php?acao=41&area=0901&item=1,ftp_dbc
country,br,br,Brazil,BR,Brazil,D118,Spotted fever rickettsiosis,斑点热立克次体病,Bacterial,2019-09-01,2019-09,670,151.29032258064515,0,0.32296089079304274,wpp_computed,,sinan_datasus,Brazil DATASUS SINAN,http://siab.datasus.gov.br/DATASUS/index.php?acao=41&area=0901&item=1,ftp_dbc,sinan_datasus,Brazil DATASUS SINAN,http://siab.datasus.gov.br/DATASUS/index.php?acao=41&area=0901&item=1,ftp_dbc
country,br,br,Brazil,BR,Brazil,D124,Typhoid fever,伤寒,Bacterial,2019-09-01,2019-09,33,7.451612903225806,0,0.015907028949508076,wpp_computed,,sinan_datasus,Brazil DATASUS SINAN,http://siab.datasus.gov.br/DATASUS/index.php?acao=41&area=0901&item=1,ftp_dbc,sinan_datasus,Brazil DATASUS SINAN,http://siab.datasus.gov.br/DATASUS/index.php?acao=41&area=0901&item=1,ftp_dbc
country,br,br,Brazil,BR,Brazil,D144,Creutzfeldt-Jakob disease,克雅氏病,Prion,2019-09-01,2019-09,10,2.258064516129032,0,0.004820311802881235,wpp_computed,,sinan_datasus,Brazil DATASUS SINAN,http://siab.datasus.gov.br/DATASUS/index.php?acao=41&area=0901&item=1,ftp_dbc,sinan_datasus,Brazil DATASUS SINAN,http://siab.datasus.gov.br/DATASUS/index.php?acao=41&area=0901&item=1,ftp_dbc
country,br,br,Brazil,BR,Brazil,D162,HIV infection,人类免疫缺乏病毒感染,Viral,2019-09-01,2019-09,4225,954.0322580645161,0,2.036581736717322,wpp_computed,,sinan_datasus,Brazil DATASUS SINAN,http://siab.datasus.gov.br/DATASUS/index.php?acao=41&area=0901&item=1,ftp_dbc,sinan_datasus,Brazil DATASUS SINAN,http://siab.datasus.gov.br/DATASUS/index.php?acao=41&area=0901&item=1,ftp_dbc
country,br,br,Brazil,BR,Brazil,D178,Acute flaccid paralysis,急性无力肢体麻痹,Other,2019-09-01,2019-09,36,8.129032258064516,0,0.017353122490372446,wpp_computed,,sinan_datasus,Brazil DATASUS SINAN,http://siab.datasus.gov.br/DATASUS/index.php?acao=41&area=0901&item=1,ftp_dbc,sinan_datasus,Brazil DATASUS SINAN,http://siab.datasus.gov.br/DATASUS/index.php?acao=41&area=0901&item=1,ftp_dbc
country,br,br,Brazil,BR,Brazil,D184,Accident caused by venomous animals,毒性动物伤害,Other,2019-09-01,2019-09,23262,5252.709677419355,0,11.213009315862328,wpp_computed,,sinan_datasus,Brazil DATASUS SINAN,http://siab.datasus.gov.br/DATASUS/index.php?acao=41&area=0901&item=1,ftp_dbc,sinan_datasus,Brazil DATASUS SINAN,http://siab.datasus.gov.br/DATASUS/index.php?acao=41&area=0901&item=1,ftp_dbc
country,br,br,Brazil,BR,Brazil,D185,Work accident with biological material,生物材料职业暴露事故,Other,2019-09-01,2019-09,5971,1348.2903225806454,0,2.8782081775003854,wpp_computed,,sinan_datasus,Brazil DATASUS SINAN,http://siab.datasus.gov.br/DATASUS/index.php?acao=41&area=0901&item=1,ftp_dbc,sinan_datasus,Brazil DATASUS SINAN,http://siab.datasus.gov.br/DATASUS/index.php?acao=41&area=0901&item=1,ftp_dbc
country,br,br,Brazil,BR,Brazil,D186,Serious work accident,严重工伤,Other,2019-09-01,2019-09,11041,2493.129032258065,0,5.322106261561172,wpp_computed,,sinan_datasus,Brazil DATASUS SINAN,http://siab.datasus.gov.br/DATASUS/index.php?acao=41&area=0901&item=1,ftp_dbc,sinan_datasus,Brazil DATASUS SINAN,http://siab.datasus.gov.br/DATASUS/index.php?acao=41&area=0901&item=1,ftp_dbc
country,br,br,Brazil,BR,Brazil,D187,Rabies post-exposure prophylaxis,狂犬病暴露后处置,Other,2019-09-01,2019-09,65395,14766.612903225807,0,31.522429034941837,wpp_computed,,sinan_datasus,Brazil DATASUS SINAN,http://siab.datasus.gov.br/DATASUS/index.php?acao=41&area=0901&item=1,ftp_dbc,sinan_datasus,Brazil DATASUS SINAN,http://siab.datasus.gov.br/DATASUS/index.php?acao=41&area=0901&item=1,ftp_dbc
country,br,br,Brazil,BR,Brazil,D188,Work-related cancer,职业相关癌症,Other,2019-09-01,2019-09,52,11.741935483870968,0,0.02506562137498242,wpp_computed,,sinan_datasus,Brazil DATASUS SINAN,http://siab.datasus.gov.br/DATASUS/index.php?acao=41&area=0901&item=1,ftp_dbc,sinan_datasus,Brazil DATASUS SINAN,http://siab.datasus.gov.br/DATASUS/index.php?acao=41&area=0901&item=1,ftp_dbc
country,br,br,Brazil,BR,Brazil,D189,Work-related dermatosis,职业性皮肤病,Other,2019-09-01,2019-09,36,8.129032258064516,0,0.017353122490372446,wpp_computed,,sinan_datasus,Brazil DATASUS SINAN,http://siab.datasus.gov.br/DATASUS/index.php?acao=41&area=0901&item=1,ftp_dbc,sinan_datasus,Brazil DATASUS SINAN,http://siab.datasus.gov.br/DATASUS/index.php?acao=41&area=0901&item=1,ftp_dbc
country,br,br,Brazil,BR,Brazil,D194,Noise-induced hearing loss,噪声性听力损失,Other,2019-09-01,2019-09,121,27.322580645161292,0,0.058325772814862946,wpp_computed,,sinan_datasus,Brazil DATASUS SINAN,http://siab.datasus.gov.br/DATASUS/index.php?acao=41&area=0901&item=1,ftp_dbc,sinan_datasus,Brazil DATASUS SINAN,http://siab.datasus.gov.br/DATASUS/index.php?acao=41&area=0901&item=1,ftp_dbc
country,br,br,Brazil,BR,Brazil,D195,Pneumoconiosis,尘肺病,Other,2019-09-01,2019-09,22,4.967741935483871,0,0.010604685966338716,wpp_computed,,sinan_datasus,Brazil DATASUS SINAN,http://siab.datasus.gov.br/DATASUS/index.php?acao=41&area=0901&item=1,ftp_dbc,sinan_datasus,Brazil DATASUS SINAN,http://siab.datasus.gov.br/DATASUS/index.php?acao=41&area=0901&item=1,ftp_dbc
country,br,br,Brazil,BR,Brazil,D198,Toxoplasmosis in pregnancy,妊娠期弓形虫病,Parasitic,2019-09-01,2019-09,757,170.93548387096774,0,0.36489760347810946,wpp_computed,,sinan_datasus,Brazil DATASUS SINAN,http://siab.datasus.gov.br/DATASUS/index.php?acao=41&area=0901&item=1,ftp_dbc,sinan_datasus,Brazil DATASUS SINAN,http://siab.datasus.gov.br/DATASUS/index.php?acao=41&area=0901&item=1,ftp_dbc
country,br,br,Brazil,BR,Brazil,D199,Rotavirus infection,轮状病毒感染,Viral,2019-09-01,2019-09,47,10.612903225806452,0,0.022655465473541803,wpp_computed,,sinan_datasus,Brazil DATASUS SINAN,http://siab.datasus.gov.br/DATASUS/index.php?acao=41&area=0901&item=1,ftp_dbc,sinan_datasus,Brazil DATASUS SINAN,http://siab.datasus.gov.br/DATASUS/index.php?acao=41&area=0901&item=1,ftp_dbc
country,br,br,Brazil,BR,Brazil,D200,Trachoma,沙眼,Bacterial,2019-09-01,2019-09,1086,245.2258064516129,0,0.5234858617929021,wpp_computed,,sinan_datasus,Brazil DATASUS SINAN,http://siab.datasus.gov.br/DATASUS/index.php?acao=41&area=0901&item=1,ftp_dbc,sinan_datasus,Brazil DATASUS SINAN,http://siab.datasus.gov.br/DATASUS/index.php?acao=41&area=0901&item=1,ftp_dbc
country,br,br,Brazil,BR,Brazil,D201,Exanthematous diseases,出疹性疾病,Viral,2019-09-01,2019-09,17564,3966.0645161290327,0,8.466395650580601,wpp_computed,,sinan_datasus,Brazil DATASUS SINAN,http://siab.datasus.gov.br/DATASUS/index.php?acao=41&area=0901&item=1,ftp_dbc,sinan_datasus,Brazil DATASUS SINAN,http://siab.datasus.gov.br/DATASUS/index.php?acao=41&area=0901&item=1,ftp_dbc
country,br,br,Brazil,BR,Brazil,D202,Domestic sexual and other violence,家庭/性及其他暴力,Other,2019-09-01,2019-09,38322,8653.354838709678,0,18.47239889100147,wpp_computed,,sinan_datasus,Brazil DATASUS SINAN,http://siab.datasus.gov.br/DATASUS/index.php?acao=41&area=0901&item=1,ftp_dbc,sinan_datasus,Brazil DATASUS SINAN,http://siab.datasus.gov.br/DATASUS/index.php?acao=41&area=0901&item=1,ftp_dbc
country,br,br,Brazil,BR,Brazil,D230,Child exposed to HIV,儿童HIV暴露,Other,2019-09-01,2019-09,655,147.90322580645162,0,0.31573042308872085,wpp_computed,,sinan_datasus,Brazil DATASUS SINAN,http://siab.datasus.gov.br/DATASUS/index.php?acao=41&area=0901&item=1,ftp_dbc,sinan_datasus,Brazil DATASUS SINAN,http://siab.datasus.gov.br/DATASUS/index.php?acao=41&area=0901&item=1,ftp_dbc
country,br,br,Brazil,BR,Brazil,D231,HIV infection in pregnancy surveillance event,孕产期HIV感染监测事件,Viral,2019-09-01,2019-09,677,152.8709677419355,0,0.32633510905505964,wpp_computed,,sinan_datasus,Brazil DATASUS SINAN,http://siab.datasus.gov.br/DATASUS/index.php?acao=41&area=0901&item=1,ftp_dbc,sinan_datasus,Brazil DATASUS SINAN,http://siab.datasus.gov.br/DATASUS/index.php?acao=41&area=0901&item=1,ftp_dbc
country,br,br,Brazil,BR,Brazil,D235,Meningitis (all reported etiologies),脑膜炎（全部报告病因）,Other,2019-09-01,2019-09,2245,506.93548387096774,0,1.0821599997468372,wpp_computed,,sinan_datasus,Brazil DATASUS SINAN,http://siab.datasus.gov.br/DATASUS/index.php?acao=41&area=0901&item=1,ftp_dbc,sinan_datasus,Brazil DATASUS SINAN,http://siab.datasus.gov.br/DATASUS/index.php?acao=41&area=0901&item=1,ftp_dbc
country,br,br,Brazil,BR,Brazil,D005,AIDS,艾滋病,Viral,2019-10-01,2019-10,3631,847.2333333333333,0,1.7502552156261761,wpp_computed,,sinan_datasus,Brazil DATASUS SINAN,http://siab.datasus.gov.br/DATASUS/index.php?acao=41&area=0901&item=1,ftp_dbc,sinan_datasus,Brazil DATASUS SINAN,http://siab.datasus.gov.br/DATASUS/index.php?acao=41&area=0901&item=1,ftp_dbc
country,br,br,Brazil,BR,Brazil,D021,Dengue,登革热,Viral,2019-10-01,2019-10,22449,5238.099999999999,0,10.821117966288085,wpp_computed,,sinan_datasus,Brazil DATASUS SINAN,http://siab.datasus.gov.br/DATASUS/index.php?acao=41&area=0901&item=1,ftp_dbc,sinan_datasus,Brazil DATASUS SINAN,http://siab.datasus.gov.br/DATASUS/index.php?acao=41&area=0901&item=1,ftp_dbc
country,br,br,Brazil,BR,Brazil,D025,Tuberculosis,肺结核,Bacterial,2019-10-01,2019-10,8577,2001.2999999999997,0,4.134381433331235,wpp_computed,,sinan_datasus,Brazil DATASUS SINAN,http://siab.datasus.gov.br/DATASUS/index.php?acao=41&area=0901&item=1,ftp_dbc,sinan_datasus,Brazil DATASUS SINAN,http://siab.datasus.gov.br/DATASUS/index.php?acao=41&area=0901&item=1,ftp_dbc
country,br,br,Brazil,BR,Brazil,D028,Pertussis,百日咳,Bacterial,2019-10-01,2019-10,404,94.26666666666667,0,0.1947405968364019,wpp_computed,,sinan_datasus,Brazil DATASUS SINAN,http://siab.datasus.gov.br/DATASUS/index.php?acao=41&area=0901&item=1,ftp_dbc,sinan_datasus,Brazil DATASUS SINAN,http://siab.datasus.gov.br/DATASUS/index.php?acao=41&area=0901&item=1,ftp_dbc
country,br,br,Brazil,BR,Brazil,D036,Schistosomiasis,血吸虫病,Parasitic,2019-10-01,2019-10,307,71.63333333333333,0,0.1479835723484539,wpp_computed,,sinan_datasus,Brazil DATASUS SINAN,http://siab.datasus.gov.br/DATASUS/index.php?acao=41&area=0901&item=1,ftp_dbc,sinan_datasus,Brazil DATASUS SINAN,http://siab.datasus.gov.br/DATASUS/index.php?acao=41&area=0901&item=1,ftp_dbc
country,br,br,Brazil,BR,Brazil,D042,Leprosy,麻风病,Bacterial,2019-10-01,2019-10,3356,783.0666666666666,0,1.6176966410469424,wpp_computed,,sinan_datasus,Brazil DATASUS SINAN,http://siab.datasus.gov.br/DATASUS/index.php?acao=41&area=0901&item=1,ftp_dbc,sinan_datasus,Brazil DATASUS SINAN,http://siab.datasus.gov.br/DATASUS/index.php?acao=41&area=0901&item=1,ftp_dbc
country,br,br,Brazil,BR,Brazil,D052,Chikungunya,基孔肯雅热,Viral,2019-10-01,2019-10,6173,1440.3666666666668,0,2.9755784759185864,wpp_computed,,sinan_datasus,Brazil DATASUS SINAN,http://siab.datasus.gov.br/DATASUS/index.php?acao=41&area=0901&item=1,ftp_dbc,sinan_datasus,Brazil DATASUS SINAN,http://siab.datasus.gov.br/DATASUS/index.php?acao=41&area=0901&item=1,ftp_dbc
country,br,br,Brazil,BR,Brazil,D054,Varicella,水痘,Viral,2019-10-01,2019-10,3505,817.8333333333333,0,1.6895192869098727,wpp_computed,,sinan_datasus,Brazil DATASUS SINAN,http://siab.datasus.gov.br/DATASUS/index.php?acao=41&area=0901&item=1,ftp_dbc,sinan_datasus,Brazil DATASUS SINAN,http://siab.datasus.gov.br/DATASUS/index.php?acao=41&area=0901&item=1,ftp_dbc
country,br,br,Brazil,BR,Brazil,D082,Leishmaniasis,利什曼病,Parasitic,2019-10-01,2019-10,1776,414.40000000000003,0,0.8560873761917074,wpp_computed,,sinan_datasus,Brazil DATASUS SINAN,http://siab.datasus.gov.br/DATASUS/index.php?acao=41&area=0901&item=1,ftp_dbc,sinan_datasus,Brazil DATASUS SINAN,http://siab.datasus.gov.br/DATASUS/index.php?acao=41&area=0901&item=1,ftp_dbc
country,br,br,Brazil,BR,Brazil,D084,Chagas disease,恰加斯病,Parasitic,2019-10-01,2019-10,605,141.16666666666669,0,0.2916288640743147,wpp_computed,,sinan_datasus,Brazil DATASUS SINAN,http://siab.datasus.gov.br/DATASUS/index.php?acao=41&area=0901&item=1,ftp_dbc,sinan_datasus,Brazil DATASUS SINAN,http://siab.datasus.gov.br/DATASUS/index.php?acao=41&area=0901&item=1,ftp_dbc
country,br,br,Brazil,BR,Brazil,D085,Toxoplasmosis,弓形体病,Parasitic,2019-10-01,2019-10,284,66.26666666666667,0,0.13689685520182707,wpp_computed,,sinan_datasus,Brazil DATASUS SINAN,http://siab.datasus.gov.br/DATASUS/index.php?acao=41&area=0901&item=1,ftp_dbc,sinan_datasus,Brazil DATASUS SINAN,http://siab.datasus.gov.br/DATASUS/index.php?acao=41&area=0901&item=1,ftp_dbc
country,br,br,Brazil,BR,Brazil,D091,Botulism,肉毒杆菌中毒,Bacterial,2019-10-01,2019-10,2,0.4666666666666667,0,0.000964062360576247,wpp_computed,,sinan_datasus,Brazil DATASUS SINAN,http://siab.datasus.gov.br/DATASUS/index.php?acao=41&area=0901&item=1,ftp_dbc,sinan_datasus,Brazil DATASUS SINAN,http://siab.datasus.gov.br/DATASUS/index.php?acao=41&area=0901&item=1,ftp_dbc
country,br,br,Brazil,BR,Brazil,D102,Hantavirus infection,汉坦病毒感染,Viral,2019-10-01,2019-10,74,17.266666666666666,0,0.035670307341321136,wpp_computed,,sinan_datasus,Brazil DATASUS SINAN,http://siab.datasus.gov.br/DATASUS/index.php?acao=41&area=0901&item=1,ftp_dbc,sinan_datasus,Brazil DATASUS SINAN,http://siab.datasus.gov.br/DATASUS/index.php?acao=41&area=0901&item=1,ftp_dbc
country,br,br,Brazil,BR,Brazil,D118,Spotted fever rickettsiosis,斑点热立克次体病,Bacterial,2019-10-01,2019-10,724,168.93333333333334,0,0.3489905745286014,wpp_computed,,sinan_datasus,Brazil DATASUS SINAN,http://siab.datasus.gov.br/DATASUS/index.php?acao=41&area=0901&item=1,ftp_dbc,sinan_datasus,Brazil DATASUS SINAN,http://siab.datasus.gov.br/DATASUS/index.php?acao=41&area=0901&item=1,ftp_dbc
country,br,br,Brazil,BR,Brazil,D124,Typhoid fever,伤寒,Bacterial,2019-10-01,2019-10,25,5.833333333333334,0,0.012050779507203086,wpp_computed,,sinan_datasus,Brazil DATASUS SINAN,http://siab.datasus.gov.br/DATASUS/index.php?acao=41&area=0901&item=1,ftp_dbc,sinan_datasus,Brazil DATASUS SINAN,http://siab.datasus.gov.br/DATASUS/index.php?acao=41&area=0901&item=1,ftp_dbc
country,br,br,Brazil,BR,Brazil,D144,Creutzfeldt-Jakob disease,克雅氏病,Prion,2019-10-01,2019-10,17,3.966666666666667,0,0.0081945300648981,wpp_computed,,sinan_datasus,Brazil DATASUS SINAN,http://siab.datasus.gov.br/DATASUS/index.php?acao=41&area=0901&item=1,ftp_dbc,sinan_datasus,Brazil DATASUS SINAN,http://siab.datasus.gov.br/DATASUS/index.php?acao=41&area=0901&item=1,ftp_dbc
country,br,br,Brazil,BR,Brazil,D162,HIV infection,人类免疫缺乏病毒感染,Viral,2019-10-01,2019-10,4575,1067.5,0,2.205292649818165,wpp_computed,,sinan_datasus,Brazil DATASUS SINAN,http://siab.datasus.gov.br/DATASUS/index.php?acao=41&area=0901&item=1,ftp_dbc,sinan_datasus,Brazil DATASUS SINAN,http://siab.datasus.gov.br/DATASUS/index.php?acao=41&area=0901&item=1,ftp_dbc
country,br,br,Brazil,BR,Brazil,D178,Acute flaccid paralysis,急性无力肢体麻痹,Other,2019-10-01,2019-10,57,13.299999999999999,0,0.027475777276423037,wpp_computed,,sinan_datasus,Brazil DATASUS SINAN,http://siab.datasus.gov.br/DATASUS/index.php?acao=41&area=0901&item=1,ftp_dbc,sinan_datasus,Brazil DATASUS SINAN,http://siab.datasus.gov.br/DATASUS/index.php?acao=41&area=0901&item=1,ftp_dbc
country,br,br,Brazil,BR,Brazil,D184,Accident caused by venomous animals,毒性动物伤害,Other,2019-10-01,2019-10,26776,6247.733333333334,0,12.906866883394795,wpp_computed,,sinan_datasus,Brazil DATASUS SINAN,http://siab.datasus.gov.br/DATASUS/index.php?acao=41&area=0901&item=1,ftp_dbc,sinan_datasus,Brazil DATASUS SINAN,http://siab.datasus.gov.br/DATASUS/index.php?acao=41&area=0901&item=1,ftp_dbc
country,br,br,Brazil,BR,Brazil,D185,Work accident with biological material,生物材料职业暴露事故,Other,2019-10-01,2019-10,6333,1477.7,0,3.052703464764686,wpp_computed,,sinan_datasus,Brazil DATASUS SINAN,http://siab.datasus.gov.br/DATASUS/index.php?acao=41&area=0901&item=1,ftp_dbc,sinan_datasus,Brazil DATASUS SINAN,http://siab.datasus.gov.br/DATASUS/index.php?acao=41&area=0901&item=1,ftp_dbc
country,br,br,Brazil,BR,Brazil,D186,Serious work accident,严重工伤,Other,2019-10-01,2019-10,12588,2937.2000000000003,0,6.067808497466898,wpp_computed,,sinan_datasus,Brazil DATASUS SINAN,http://siab.datasus.gov.br/DATASUS/index.php?acao=41&area=0901&item=1,ftp_dbc,sinan_datasus,Brazil DATASUS SINAN,http://siab.datasus.gov.br/DATASUS/index.php?acao=41&area=0901&item=1,ftp_dbc
country,br,br,Brazil,BR,Brazil,D187,Rabies post-exposure prophylaxis,狂犬病暴露后处置,Other,2019-10-01,2019-10,66082,15419.133333333331,0,31.853584455799776,wpp_computed,,sinan_datasus,Brazil DATASUS SINAN,http://siab.datasus.gov.br/DATASUS/index.php?acao=41&area=0901&item=1,ftp_dbc,sinan_datasus,Brazil DATASUS SINAN,http://siab.datasus.gov.br/DATASUS/index.php?acao=41&area=0901&item=1,ftp_dbc
country,br,br,Brazil,BR,Brazil,D188,Work-related cancer,职业相关癌症,Other,2019-10-01,2019-10,55,12.833333333333332,0,0.026511714915846793,wpp_computed,,sinan_datasus,Brazil DATASUS SINAN,http://siab.datasus.gov.br/DATASUS/index.php?acao=41&area=0901&item=1,ftp_dbc,sinan_datasus,Brazil DATASUS SINAN,http://siab.datasus.gov.br/DATASUS/index.php?acao=41&area=0901&item=1,ftp_dbc
country,br,br,Brazil,BR,Brazil,D189,Work-related dermatosis,职业性皮肤病,Other,2019-10-01,2019-10,41,9.566666666666666,0,0.019763278391813063,wpp_computed,,sinan_datasus,Brazil DATASUS SINAN,http://siab.datasus.gov.br/DATASUS/index.php?acao=41&area=0901&item=1,ftp_dbc,sinan_datasus,Brazil DATASUS SINAN,http://siab.datasus.gov.br/DATASUS/index.php?acao=41&area=0901&item=1,ftp_dbc
country,br,br,Brazil,BR,Brazil,D194,Noise-induced hearing loss,噪声性听力损失,Other,2019-10-01,2019-10,79,18.433333333333334,0,0.03808046324276175,wpp_computed,,sinan_datasus,Brazil DATASUS SINAN,http://siab.datasus.gov.br/DATASUS/index.php?acao=41&area=0901&item=1,ftp_dbc,sinan_datasus,Brazil DATASUS SINAN,http://siab.datasus.gov.br/DATASUS/index.php?acao=41&area=0901&item=1,ftp_dbc
country,br,br,Brazil,BR,Brazil,D195,Pneumoconiosis,尘肺病,Other,2019-10-01,2019-10,38,8.866666666666667,0,0.018317184850948694,wpp_computed,,sinan_datasus,Brazil DATASUS SINAN,http://siab.datasus.gov.br/DATASUS/index.php?acao=41&area=0901&item=1,ftp_dbc,sinan_datasus,Brazil DATASUS SINAN,http://siab.datasus.gov.br/DATASUS/index.php?acao=41&area=0901&item=1,ftp_dbc
country,br,br,Brazil,BR,Brazil,D198,Toxoplasmosis in pregnancy,妊娠期弓形虫病,Parasitic,2019-10-01,2019-10,786,183.4,0,0.378876507706465,wpp_computed,,sinan_datasus,Brazil DATASUS SINAN,http://siab.datasus.gov.br/DATASUS/index.php?acao=41&area=0901&item=1,ftp_dbc,sinan_datasus,Brazil DATASUS SINAN,http://siab.datasus.gov.br/DATASUS/index.php?acao=41&area=0901&item=1,ftp_dbc
country,br,br,Brazil,BR,Brazil,D199,Rotavirus infection,轮状病毒感染,Viral,2019-10-01,2019-10,46,10.733333333333334,0,0.02217343429325368,wpp_computed,,sinan_datasus,Brazil DATASUS SINAN,http://siab.datasus.gov.br/DATASUS/index.php?acao=41&area=0901&item=1,ftp_dbc,sinan_datasus,Brazil DATASUS SINAN,http://siab.datasus.gov.br/DATASUS/index.php?acao=41&area=0901&item=1,ftp_dbc
country,br,br,Brazil,BR,Brazil,D200,Trachoma,沙眼,Bacterial,2019-10-01,2019-10,516,120.39999999999999,0,0.24872808902867172,wpp_computed,,sinan_datasus,Brazil DATASUS SINAN,http://siab.datasus.gov.br/DATASUS/index.php?acao=41&area=0901&item=1,ftp_dbc,sinan_datasus,Brazil DATASUS SINAN,http://siab.datasus.gov.br/DATASUS/index.php?acao=41&area=0901&item=1,ftp_dbc
country,br,br,Brazil,BR,Brazil,D201,Exanthematous diseases,出疹性疾病,Viral,2019-10-01,2019-10,12331,2877.2333333333336,0,5.9439264841328505,wpp_computed,,sinan_datasus,Brazil DATASUS SINAN,http://siab.datasus.gov.br/DATASUS/index.php?acao=41&area=0901&item=1,ftp_dbc,sinan_datasus,Brazil DATASUS SINAN,http://siab.datasus.gov.br/DATASUS/index.php?acao=41&area=0901&item=1,ftp_dbc
country,br,br,Brazil,BR,Brazil,D202,Domestic sexual and other violence,家庭/性及其他暴力,Other,2019-10-01,2019-10,40094,9355.266666666666,0,19.32655814247202,wpp_computed,,sinan_datasus,Brazil DATASUS SINAN,http://siab.datasus.gov.br/DATASUS/index.php?acao=41&area=0901&item=1,ftp_dbc,sinan_datasus,Brazil DATASUS SINAN,http://siab.datasus.gov.br/DATASUS/index.php?acao=41&area=0901&item=1,ftp_dbc
country,br,br,Brazil,BR,Brazil,D230,Child exposed to HIV,儿童HIV暴露,Other,2019-10-01,2019-10,671,156.56666666666666,0,0.32344292197333085,wpp_computed,,sinan_datasus,Brazil DATASUS SINAN,http://siab.datasus.gov.br/DATASUS/index.php?acao=41&area=0901&item=1,ftp_dbc,sinan_datasus,Brazil DATASUS SINAN,http://siab.datasus.gov.br/DATASUS/index.php?acao=41&area=0901&item=1,ftp_dbc
country,br,br,Brazil,BR,Brazil,D231,HIV infection in pregnancy surveillance event,孕产期HIV感染监测事件,Viral,2019-10-01,2019-10,759,177.1,0,0.36586166583868573,wpp_computed,,sinan_datasus,Brazil DATASUS SINAN,http://siab.datasus.gov.br/DATASUS/index.php?acao=41&area=0901&item=1,ftp_dbc,sinan_datasus,Brazil DATASUS SINAN,http://siab.datasus.gov.br/DATASUS/index.php?acao=41&area=0901&item=1,ftp_dbc
country,br,br,Brazil,BR,Brazil,D235,Meningitis (all reported etiologies),脑膜炎（全部报告病因）,Other,2019-10-01,2019-10,2420,564.6666666666667,0,1.1665154562972588,wpp_computed,,sinan_datasus,Brazil DATASUS SINAN,http://siab.datasus.gov.br/DATASUS/index.php?acao=41&area=0901&item=1,ftp_dbc,sinan_datasus,Brazil DATASUS SINAN,http://siab.datasus.gov.br/DATASUS/index.php?acao=41&area=0901&item=1,ftp_dbc
country,br,br,Brazil,BR,Brazil,D005,AIDS,艾滋病,Viral,2019-11-01,2019-11,3214,725.741935483871,0,1.5492482134460288,wpp_computed,,sinan_datasus,Brazil DATASUS SINAN,http://siab.datasus.gov.br/DATASUS/index.php?acao=41&area=0901&item=1,ftp_dbc,sinan_datasus,Brazil DATASUS SINAN,http://siab.datasus.gov.br/DATASUS/index.php?acao=41&area=0901&item=1,ftp_dbc
country,br,br,Brazil,BR,Brazil,D021,Dengue,登革热,Viral,2019-11-01,2019-11,24944,5632.516129032258,0,12.023785761106952,wpp_computed,,sinan_datasus,Brazil DATASUS SINAN,http://siab.datasus.gov.br/DATASUS/index.php?acao=41&area=0901&item=1,ftp_dbc,sinan_datasus,Brazil DATASUS SINAN,http://siab.datasus.gov.br/DATASUS/index.php?acao=41&area=0901&item=1,ftp_dbc
country,br,br,Brazil,BR,Brazil,D025,Tuberculosis,肺结核,Bacterial,2019-11-01,2019-11,7600,1716.1290322580644,0,3.6634369701897387,wpp_computed,,sinan_datasus,Brazil DATASUS SINAN,http://siab.datasus.gov.br/DATASUS/index.php?acao=41&area=0901&item=1,ftp_dbc,sinan_datasus,Brazil DATASUS SINAN,http://siab.datasus.gov.br/DATASUS/index.php?acao=41&area=0901&item=1,ftp_dbc
country,br,br,Brazil,BR,Brazil,D028,Pertussis,百日咳,Bacterial,2019-11-01,2019-11,411,92.80645161290323,0,0.19811481509841875,wpp_computed,,sinan_datasus,Brazil DATASUS SINAN,http://siab.datasus.gov.br/DATASUS/index.php?acao=41&area=0901&item=1,ftp_dbc,sinan_datasus,Brazil DATASUS SINAN,http://siab.datasus.gov.br/DATASUS/index.php?acao=41&area=0901&item=1,ftp_dbc
country,br,br,Brazil,BR,Brazil,D036,Schistosomiasis,血吸虫病,Parasitic,2019-11-01,2019-11,264,59.61290322580645,0,0.1272562315960646,wpp_computed,,sinan_datasus,Brazil DATASUS SINAN,http://siab.datasus.gov.br/DATASUS/index.php?acao=41&area=0901&item=1,ftp_dbc,sinan_datasus,Brazil DATASUS SINAN,http://siab.datasus.gov.br/DATASUS/index.php?acao=41&area=0901&item=1,ftp_dbc
country,br,br,Brazil,BR,Brazil,D042,Leprosy,麻风病,Bacterial,2019-11-01,2019-11,3116,703.6129032258065,0,1.5020091577777928,wpp_computed,,sinan_datasus,Brazil DATASUS SINAN,http://siab.datasus.gov.br/DATASUS/index.php?acao=41&area=0901&item=1,ftp_dbc,sinan_datasus,Brazil DATASUS SINAN,http://siab.datasus.gov.br/DATASUS/index.php?acao=41&area=0901&item=1,ftp_dbc
country,br,br,Brazil,BR,Brazil,D052,Chikungunya,基孔肯雅热,Viral,2019-11-01,2019-11,4498,1015.6774193548387,0,2.1681762489359793,wpp_computed,,sinan_datasus,Brazil DATASUS SINAN,http://siab.datasus.gov.br/DATASUS/index.php?acao=41&area=0901&item=1,ftp_dbc,sinan_datasus,Brazil DATASUS SINAN,http://siab.datasus.gov.br/DATASUS/index.php?acao=41&area=0901&item=1,ftp_dbc
country,br,br,Brazil,BR,Brazil,D054,Varicella,水痘,Viral,2019-11-01,2019-11,2690,607.4193548387098,0,1.296663874975052,wpp_computed,,sinan_datasus,Brazil DATASUS SINAN,http://siab.datasus.gov.br/DATASUS/index.php?acao=41&area=0901&item=1,ftp_dbc,sinan_datasus,Brazil DATASUS SINAN,http://siab.datasus.gov.br/DATASUS/index.php?acao=41&area=0901&item=1,ftp_dbc
country,br,br,Brazil,BR,Brazil,D082,Leishmaniasis,利什曼病,Parasitic,2019-11-01,2019-11,1725,389.5161290322581,0,0.831503785997013,wpp_computed,,sinan_datasus,Brazil DATASUS SINAN,http://siab.datasus.gov.br/DATASUS/index.php?acao=41&area=0901&item=1,ftp_dbc,sinan_datasus,Brazil DATASUS SINAN,http://siab.datasus.gov.br/DATASUS/index.php?acao=41&area=0901&item=1,ftp_dbc
country,br,br,Brazil,BR,Brazil,D084,Chagas disease,恰加斯病,Parasitic,2019-11-01,2019-11,327,73.83870967741936,0,0.1576241959542164,wpp_computed,,sinan_datasus,Brazil DATASUS SINAN,http://siab.datasus.gov.br/DATASUS/index.php?acao=41&area=0901&item=1,ftp_dbc,sinan_datasus,Brazil DATASUS SINAN,http://siab.datasus.gov.br/DATASUS/index.php?acao=41&area=0901&item=1,ftp_dbc
country,br,br,Brazil,BR,Brazil,D085,Toxoplasmosis,弓形体病,Parasitic,2019-11-01,2019-11,260,58.70967741935483,0,0.1253281068749121,wpp_computed,,sinan_datasus,Brazil DATASUS SINAN,http://siab.datasus.gov.br/DATASUS/index.php?acao=41&area=0901&item=1,ftp_dbc,sinan_datasus,Brazil DATASUS SINAN,http://siab.datasus.gov.br/DATASUS/index.php?acao=41&area=0901&item=1,ftp_dbc
country,br,br,Brazil,BR,Brazil,D091,Botulism,肉毒杆菌中毒,Bacterial,2019-11-01,2019-11,2,0.45161290322580644,0,0.000964062360576247,wpp_computed,,sinan_datasus,Brazil DATASUS SINAN,http://siab.datasus.gov.br/DATASUS/index.php?acao=41&area=0901&item=1,ftp_dbc,sinan_datasus,Brazil DATASUS SINAN,http://siab.datasus.gov.br/DATASUS/index.php?acao=41&area=0901&item=1,ftp_dbc
country,br,br,Brazil,BR,Brazil,D102,Hantavirus infection,汉坦病毒感染,Viral,2019-11-01,2019-11,65,14.677419354838708,0,0.03133202671872803,wpp_computed,,sinan_datasus,Brazil DATASUS SINAN,http://siab.datasus.gov.br/DATASUS/index.php?acao=41&area=0901&item=1,ftp_dbc,sinan_datasus,Brazil DATASUS SINAN,http://siab.datasus.gov.br/DATASUS/index.php?acao=41&area=0901&item=1,ftp_dbc
country,br,br,Brazil,BR,Brazil,D118,Spotted fever rickettsiosis,斑点热立克次体病,Bacterial,2019-11-01,2019-11,423,95.51612903225806,0,0.20389918926187622,wpp_computed,,sinan_datasus,Brazil DATASUS SINAN,http://siab.datasus.gov.br/DATASUS/index.php?acao=41&area=0901&item=1,ftp_dbc,sinan_datasus,Brazil DATASUS SINAN,http://siab.datasus.gov.br/DATASUS/index.php?acao=41&area=0901&item=1,ftp_dbc
country,br,br,Brazil,BR,Brazil,D124,Typhoid fever,伤寒,Bacterial,2019-11-01,2019-11,21,4.741935483870967,0,0.010122654786050593,wpp_computed,,sinan_datasus,Brazil DATASUS SINAN,http://siab.datasus.gov.br/DATASUS/index.php?acao=41&area=0901&item=1,ftp_dbc,sinan_datasus,Brazil DATASUS SINAN,http://siab.datasus.gov.br/DATASUS/index.php?acao=41&area=0901&item=1,ftp_dbc
country,br,br,Brazil,BR,Brazil,D144,Creutzfeldt-Jakob disease,克雅氏病,Prion,2019-11-01,2019-11,14,3.161290322580645,0,0.006748436524033729,wpp_computed,,sinan_datasus,Brazil DATASUS SINAN,http://siab.datasus.gov.br/DATASUS/index.php?acao=41&area=0901&item=1,ftp_dbc,sinan_datasus,Brazil DATASUS SINAN,http://siab.datasus.gov.br/DATASUS/index.php?acao=41&area=0901&item=1,ftp_dbc
country,br,br,Brazil,BR,Brazil,D162,HIV infection,人类免疫缺乏病毒感染,Viral,2019-11-01,2019-11,3929,887.1935483870967,0,1.8939005073520372,wpp_computed,,sinan_datasus,Brazil DATASUS SINAN,http://siab.datasus.gov.br/DATASUS/index.php?acao=41&area=0901&item=1,ftp_dbc,sinan_datasus,Brazil DATASUS SINAN,http://siab.datasus.gov.br/DATASUS/index.php?acao=41&area=0901&item=1,ftp_dbc
country,br,br,Brazil,BR,Brazil,D178,Acute flaccid paralysis,急性无力肢体麻痹,Other,2019-11-01,2019-11,32,7.225806451612903,0,0.015424997769219953,wpp_computed,,sinan_datasus,Brazil DATASUS SINAN,http://siab.datasus.gov.br/DATASUS/index.php?acao=41&area=0901&item=1,ftp_dbc,sinan_datasus,Brazil DATASUS SINAN,http://siab.datasus.gov.br/DATASUS/index.php?acao=41&area=0901&item=1,ftp_dbc
country,br,br,Brazil,BR,Brazil,D184,Accident caused by venomous animals,毒性动物伤害,Other,2019-11-01,2019-11,27270,6157.74193548387,0,13.144990286457128,wpp_computed,,sinan_datasus,Brazil DATASUS SINAN,http://siab.datasus.gov.br/DATASUS/index.php?acao=41&area=0901&item=1,ftp_dbc,sinan_datasus,Brazil DATASUS SINAN,http://siab.datasus.gov.br/DATASUS/index.php?acao=41&area=0901&item=1,ftp_dbc
country,br,br,Brazil,BR,Brazil,D185,Work accident with biological material,生物材料职业暴露事故,Other,2019-11-01,2019-11,5760,1300.6451612903227,0,2.776499598459591,wpp_computed,,sinan_datasus,Brazil DATASUS SINAN,http://siab.datasus.gov.br/DATASUS/index.php?acao=41&area=0901&item=1,ftp_dbc,sinan_datasus,Brazil DATASUS SINAN,http://siab.datasus.gov.br/DATASUS/index.php?acao=41&area=0901&item=1,ftp_dbc
country,br,br,Brazil,BR,Brazil,D186,Serious work accident,严重工伤,Other,2019-11-01,2019-11,11629,2625.9032258064517,0,5.605540595570588,wpp_computed,,sinan_datasus,Brazil DATASUS SINAN,http://siab.datasus.gov.br/DATASUS/index.php?acao=41&area=0901&item=1,ftp_dbc,sinan_datasus,Brazil DATASUS SINAN,http://siab.datasus.gov.br/DATASUS/index.php?acao=41&area=0901&item=1,ftp_dbc
country,br,br,Brazil,BR,Brazil,D187,Rabies post-exposure prophylaxis,狂犬病暴露后处置,Other,2019-11-01,2019-11,61137,13805.129032258064,0,29.469940269275007,wpp_computed,,sinan_datasus,Brazil DATASUS SINAN,http://siab.datasus.gov.br/DATASUS/index.php?acao=41&area=0901&item=1,ftp_dbc,sinan_datasus,Brazil DATASUS SINAN,http://siab.datasus.gov.br/DATASUS/index.php?acao=41&area=0901&item=1,ftp_dbc
country,br,br,Brazil,BR,Brazil,D188,Work-related cancer,职业相关癌症,Other,2019-11-01,2019-11,50,11.29032258064516,0,0.024101559014406172,wpp_computed,,sinan_datasus,Brazil DATASUS SINAN,http://siab.datasus.gov.br/DATASUS/index.php?acao=41&area=0901&item=1,ftp_dbc,sinan_datasus,Brazil DATASUS SINAN,http://siab.datasus.gov.br/DATASUS/index.php?acao=41&area=0901&item=1,ftp_dbc
country,br,br,Brazil,BR,Brazil,D189,Work-related dermatosis,职业性皮肤病,Other,2019-11-01,2019-11,28,6.32258064516129,0,0.013496873048067458,wpp_computed,,sinan_datasus,Brazil DATASUS SINAN,http://siab.datasus.gov.br/DATASUS/index.php?acao=41&area=0901&item=1,ftp_dbc,sinan_datasus,Brazil DATASUS SINAN,http://siab.datasus.gov.br/DATASUS/index.php?acao=41&area=0901&item=1,ftp_dbc
country,br,br,Brazil,BR,Brazil,D194,Noise-induced hearing loss,噪声性听力损失,Other,2019-11-01,2019-11,64,14.451612903225806,0,0.030849995538439905,wpp_computed,,sinan_datasus,Brazil DATASUS SINAN,http://siab.datasus.gov.br/DATASUS/index.php?acao=41&area=0901&item=1,ftp_dbc,sinan_datasus,Brazil DATASUS SINAN,http://siab.datasus.gov.br/DATASUS/index.php?acao=41&area=0901&item=1,ftp_dbc
country,br,br,Brazil,BR,Brazil,D195,Pneumoconiosis,尘肺病,Other,2019-11-01,2019-11,59,13.322580645161292,0,0.028439839636999288,wpp_computed,,sinan_datasus,Brazil DATASUS SINAN,http://siab.datasus.gov.br/DATASUS/index.php?acao=41&area=0901&item=1,ftp_dbc,sinan_datasus,Brazil DATASUS SINAN,http://siab.datasus.gov.br/DATASUS/index.php?acao=41&area=0901&item=1,ftp_dbc
country,br,br,Brazil,BR,Brazil,D198,Toxoplasmosis in pregnancy,妊娠期弓形虫病,Parasitic,2019-11-01,2019-11,799,180.41935483870967,0,0.38514291305021064,wpp_computed,,sinan_datasus,Brazil DATASUS SINAN,http://siab.datasus.gov.br/DATASUS/index.php?acao=41&area=0901&item=1,ftp_dbc,sinan_datasus,Brazil DATASUS SINAN,http://siab.datasus.gov.br/DATASUS/index.php?acao=41&area=0901&item=1,ftp_dbc
country,br,br,Brazil,BR,Brazil,D199,Rotavirus infection,轮状病毒感染,Viral,2019-11-01,2019-11,43,9.70967741935484,0,0.02072734075238931,wpp_computed,,sinan_datasus,Brazil DATASUS SINAN,http://siab.datasus.gov.br/DATASUS/index.php?acao=41&area=0901&item=1,ftp_dbc,sinan_datasus,Brazil DATASUS SINAN,http://siab.datasus.gov.br/DATASUS/index.php?acao=41&area=0901&item=1,ftp_dbc
country,br,br,Brazil,BR,Brazil,D200,Trachoma,沙眼,Bacterial,2019-11-01,2019-11,854,192.83870967741933,0,0.4116546279660575,wpp_computed,,sinan_datasus,Brazil DATASUS SINAN,http://siab.datasus.gov.br/DATASUS/index.php?acao=41&area=0901&item=1,ftp_dbc,sinan_datasus,Brazil DATASUS SINAN,http://siab.datasus.gov.br/DATASUS/index.php?acao=41&area=0901&item=1,ftp_dbc
country,br,br,Brazil,BR,Brazil,D201,Exanthematous diseases,出疹性疾病,Viral,2019-11-01,2019-11,6623,1495.516129032258,0,3.1924925070482417,wpp_computed,,sinan_datasus,Brazil DATASUS SINAN,http://siab.datasus.gov.br/DATASUS/index.php?acao=41&area=0901&item=1,ftp_dbc,sinan_datasus,Brazil DATASUS SINAN,http://siab.datasus.gov.br/DATASUS/index.php?acao=41&area=0901&item=1,ftp_dbc
country,br,br,Brazil,BR,Brazil,D202,Domestic sexual and other violence,家庭/性及其他暴力,Other,2019-11-01,2019-11,32809,7408.4838709677415,0,15.814960994073044,wpp_computed,,sinan_datasus,Brazil DATASUS SINAN,http://siab.datasus.gov.br/DATASUS/index.php?acao=41&area=0901&item=1,ftp_dbc,sinan_datasus,Brazil DATASUS SINAN,http://siab.datasus.gov.br/DATASUS/index.php?acao=41&area=0901&item=1,ftp_dbc
country,br,br,Brazil,BR,Brazil,D230,Child exposed to HIV,儿童HIV暴露,Other,2019-11-01,2019-11,547,123.51612903225806,0,0.2636710556176035,wpp_computed,,sinan_datasus,Brazil DATASUS SINAN,http://siab.datasus.gov.br/DATASUS/index.php?acao=41&area=0901&item=1,ftp_dbc,sinan_datasus,Brazil DATASUS SINAN,http://siab.datasus.gov.br/DATASUS/index.php?acao=41&area=0901&item=1,ftp_dbc
country,br,br,Brazil,BR,Brazil,D231,HIV infection in pregnancy surveillance event,孕产期HIV感染监测事件,Viral,2019-11-01,2019-11,611,137.96774193548387,0,0.29452105115604343,wpp_computed,,sinan_datasus,Brazil DATASUS SINAN,http://siab.datasus.gov.br/DATASUS/index.php?acao=41&area=0901&item=1,ftp_dbc,sinan_datasus,Brazil DATASUS SINAN,http://siab.datasus.gov.br/DATASUS/index.php?acao=41&area=0901&item=1,ftp_dbc
country,br,br,Brazil,BR,Brazil,D235,Meningitis (all reported etiologies),脑膜炎（全部报告病因）,Other,2019-11-01,2019-11,2209,498.8064516129033,0,1.0648068772564647,wpp_computed,,sinan_datasus,Brazil DATASUS SINAN,http://siab.datasus.gov.br/DATASUS/index.php?acao=41&area=0901&item=1,ftp_dbc,sinan_datasus,Brazil DATASUS SINAN,http://siab.datasus.gov.br/DATASUS/index.php?acao=41&area=0901&item=1,ftp_dbc
country,br,br,Brazil,BR,Brazil,D001,Plague,鼠疫,Bacterial,2019-12-01,2019-12,1,0.07692307692307693,0,0.0004820311802881235,wpp_computed,,sinan_datasus,Brazil DATASUS SINAN,http://siab.datasus.gov.br/DATASUS/index.php?acao=41&area=0901&item=1,ftp_dbc,sinan_datasus,Brazil DATASUS SINAN,http://siab.datasus.gov.br/DATASUS/index.php?acao=41&area=0901&item=1,ftp_dbc
country,br,br,Brazil,BR,Brazil,D005,AIDS,艾滋病,Viral,2019-12-01,2019-12,2808,655.1999999999999,0,1.3535435542490508,wpp_computed,,sinan_datasus,Brazil DATASUS SINAN,http://siab.datasus.gov.br/DATASUS/index.php?acao=41&area=0901&item=1,ftp_dbc,sinan_datasus,Brazil DATASUS SINAN,http://siab.datasus.gov.br/DATASUS/index.php?acao=41&area=0901&item=1,ftp_dbc
country,br,br,Brazil,BR,Brazil,D021,Dengue,登革热,Viral,2019-12-01,2019-12,32987,7696.966666666666,0,15.90076254416433,wpp_computed,,sinan_datasus,Brazil DATASUS SINAN,http://siab.datasus.gov.br/DATASUS/index.php?acao=41&area=0901&item=1,ftp_dbc,sinan_datasus,Brazil DATASUS SINAN,http://siab.datasus.gov.br/DATASUS/index.php?acao=41&area=0901&item=1,ftp_dbc
country,br,br,Brazil,BR,Brazil,D025,Tuberculosis,肺结核,Bacterial,2019-12-01,2019-12,7275,1697.5,0,3.506776836596098,wpp_computed,,sinan_datasus,Brazil DATASUS SINAN,http://siab.datasus.gov.br/DATASUS/index.php?acao=41&area=0901&item=1,ftp_dbc,sinan_datasus,Brazil DATASUS SINAN,http://siab.datasus.gov.br/DATASUS/index.php?acao=41&area=0901&item=1,ftp_dbc
country,br,br,Brazil,BR,Brazil,D028,Pertussis,百日咳,Bacterial,2019-12-01,2019-12,372,86.8,0,0.17931559906718195,wpp_computed,,sinan_datasus,Brazil DATASUS SINAN,http://siab.datasus.gov.br/DATASUS/index.php?acao=41&area=0901&item=1,ftp_dbc,sinan_datasus,Brazil DATASUS SINAN,http://siab.datasus.gov.br/DATASUS/index.php?acao=41&area=0901&item=1,ftp_dbc
country,br,br,Brazil,BR,Brazil,D036,Schistosomiasis,血吸虫病,Parasitic,2019-12-01,2019-12,225,52.5,0,0.1084570155648278,wpp_computed,,sinan_datasus,Brazil DATASUS SINAN,http://siab.datasus.gov.br/DATASUS/index.php?acao=41&area=0901&item=1,ftp_dbc,sinan_datasus,Brazil DATASUS SINAN,http://siab.datasus.gov.br/DATASUS/index.php?acao=41&area=0901&item=1,ftp_dbc
country,br,br,Brazil,BR,Brazil,D042,Leprosy,麻风病,Bacterial,2019-12-01,2019-12,2507,584.9666666666667,0,1.2084521689823255,wpp_computed,,sinan_datasus,Brazil DATASUS SINAN,http://siab.datasus.gov.br/DATASUS/index.php?acao=41&area=0901&item=1,ftp_dbc,sinan_datasus,Brazil DATASUS SINAN,http://siab.datasus.gov.br/DATASUS/index.php?acao=41&area=0901&item=1,ftp_dbc
country,br,br,Brazil,BR,Brazil,D052,Chikungunya,基孔肯雅热,Viral,2019-12-01,2019-12,3791,884.5666666666666,0,1.827380204472276,wpp_computed,,sinan_datasus,Brazil DATASUS SINAN,http://siab.datasus.gov.br/DATASUS/index.php?acao=41&area=0901&item=1,ftp_dbc,sinan_datasus,Brazil DATASUS SINAN,http://siab.datasus.gov.br/DATASUS/index.php?acao=41&area=0901&item=1,ftp_dbc
country,br,br,Brazil,BR,Brazil,D054,Varicella,水痘,Viral,2019-12-01,2019-12,1706,398.06666666666666,0,0.8223451935715387,wpp_computed,,sinan_datasus,Brazil DATASUS SINAN,http://siab.datasus.gov.br/DATASUS/index.php?acao=41&area=0901&item=1,ftp_dbc,sinan_datasus,Brazil DATASUS SINAN,http://siab.datasus.gov.br/DATASUS/index.php?acao=41&area=0901&item=1,ftp_dbc
country,br,br,Brazil,BR,Brazil,D082,Leishmaniasis,利什曼病,Parasitic,2019-12-01,2019-12,1385,323.16666666666663,0,0.6676131846990511,wpp_computed,,sinan_datasus,Brazil DATASUS SINAN,http://siab.datasus.gov.br/DATASUS/index.php?acao=41&area=0901&item=1,ftp_dbc,sinan_datasus,Brazil DATASUS SINAN,http://siab.datasus.gov.br/DATASUS/index.php?acao=41&area=0901&item=1,ftp_dbc
country,br,br,Brazil,BR,Brazil,D084,Chagas disease,恰加斯病,Parasitic,2019-12-01,2019-12,296,69.06666666666666,0,0.14268122936528455,wpp_computed,,sinan_datasus,Brazil DATASUS SINAN,http://siab.datasus.gov.br/DATASUS/index.php?acao=41&area=0901&item=1,ftp_dbc,sinan_datasus,Brazil DATASUS SINAN,http://siab.datasus.gov.br/DATASUS/index.php?acao=41&area=0901&item=1,ftp_dbc
country,br,br,Brazil,BR,Brazil,D085,Toxoplasmosis,弓形体病,Parasitic,2019-12-01,2019-12,244,56.93333333333333,0,0.11761560799030213,wpp_computed,,sinan_datasus,Brazil DATASUS SINAN,http://siab.datasus.gov.br/DATASUS/index.php?acao=41&area=0901&item=1,ftp_dbc,sinan_datasus,Brazil DATASUS SINAN,http://siab.datasus.gov.br/DATASUS/index.php?acao=41&area=0901&item=1,ftp_dbc
country,br,br,Brazil,BR,Brazil,D091,Botulism,肉毒杆菌中毒,Bacterial,2019-12-01,2019-12,4,0.9333333333333333,0,0.001928124721152494,wpp_computed,,sinan_datasus,Brazil DATASUS SINAN,http://siab.datasus.gov.br/DATASUS/index.php?acao=41&area=0901&item=1,ftp_dbc,sinan_datasus,Brazil DATASUS SINAN,http://siab.datasus.gov.br/DATASUS/index.php?acao=41&area=0901&item=1,ftp_dbc
country,br,br,Brazil,BR,Brazil,D102,Hantavirus infection,汉坦病毒感染,Viral,2019-12-01,2019-12,53,12.366666666666667,0,0.025547652555270545,wpp_computed,,sinan_datasus,Brazil DATASUS SINAN,http://siab.datasus.gov.br/DATASUS/index.php?acao=41&area=0901&item=1,ftp_dbc,sinan_datasus,Brazil DATASUS SINAN,http://siab.datasus.gov.br/DATASUS/index.php?acao=41&area=0901&item=1,ftp_dbc
country,br,br,Brazil,BR,Brazil,D118,Spotted fever rickettsiosis,斑点热立克次体病,Bacterial,2019-12-01,2019-12,240,56.0,0,0.11568748326914964,wpp_computed,,sinan_datasus,Brazil DATASUS SINAN,http://siab.datasus.gov.br/DATASUS/index.php?acao=41&area=0901&item=1,ftp_dbc,sinan_datasus,Brazil DATASUS SINAN,http://siab.datasus.gov.br/DATASUS/index.php?acao=41&area=0901&item=1,ftp_dbc
country,br,br,Brazil,BR,Brazil,D124,Typhoid fever,伤寒,Bacterial,2019-12-01,2019-12,24,5.6000000000000005,0,0.011568748326914964,wpp_computed,,sinan_datasus,Brazil DATASUS SINAN,http://siab.datasus.gov.br/DATASUS/index.php?acao=41&area=0901&item=1,ftp_dbc,sinan_datasus,Brazil DATASUS SINAN,http://siab.datasus.gov.br/DATASUS/index.php?acao=41&area=0901&item=1,ftp_dbc
country,br,br,Brazil,BR,Brazil,D144,Creutzfeldt-Jakob disease,克雅氏病,Prion,2019-12-01,2019-12,16,3.7333333333333334,0,0.007712498884609976,wpp_computed,,sinan_datasus,Brazil DATASUS SINAN,http://siab.datasus.gov.br/DATASUS/index.php?acao=41&area=0901&item=1,ftp_dbc,sinan_datasus,Brazil DATASUS SINAN,http://siab.datasus.gov.br/DATASUS/index.php?acao=41&area=0901&item=1,ftp_dbc
country,br,br,Brazil,BR,Brazil,D162,HIV infection,人类免疫缺乏病毒感染,Viral,2019-12-01,2019-12,3741,872.9,0,1.80327864545787,wpp_computed,,sinan_datasus,Brazil DATASUS SINAN,http://siab.datasus.gov.br/DATASUS/index.php?acao=41&area=0901&item=1,ftp_dbc,sinan_datasus,Brazil DATASUS SINAN,http://siab.datasus.gov.br/DATASUS/index.php?acao=41&area=0901&item=1,ftp_dbc
country,br,br,Brazil,BR,Brazil,D178,Acute flaccid paralysis,急性无力肢体麻痹,Other,2019-12-01,2019-12,35,8.166666666666668,0,0.016871091310084324,wpp_computed,,sinan_datasus,Brazil DATASUS SINAN,http://siab.datasus.gov.br/DATASUS/index.php?acao=41&area=0901&item=1,ftp_dbc,sinan_datasus,Brazil DATASUS SINAN,http://siab.datasus.gov.br/DATASUS/index.php?acao=41&area=0901&item=1,ftp_dbc
country,br,br,Brazil,BR,Brazil,D184,Accident caused by venomous animals,毒性动物伤害,Other,2019-12-01,2019-12,26040,6076.0,0,12.552091934702736,wpp_computed,,sinan_datasus,Brazil DATASUS SINAN,http://siab.datasus.gov.br/DATASUS/index.php?acao=41&area=0901&item=1,ftp_dbc,sinan_datasus,Brazil DATASUS SINAN,http://siab.datasus.gov.br/DATASUS/index.php?acao=41&area=0901&item=1,ftp_dbc
country,br,br,Brazil,BR,Brazil,D185,Work accident with biological material,生物材料职业暴露事故,Other,2019-12-01,2019-12,4805,1121.1666666666665,0,2.316159821284433,wpp_computed,,sinan_datasus,Brazil DATASUS SINAN,http://siab.datasus.gov.br/DATASUS/index.php?acao=41&area=0901&item=1,ftp_dbc,sinan_datasus,Brazil DATASUS SINAN,http://siab.datasus.gov.br/DATASUS/index.php?acao=41&area=0901&item=1,ftp_dbc
country,br,br,Brazil,BR,Brazil,D186,Serious work accident,严重工伤,Other,2019-12-01,2019-12,10428,2433.2000000000003,0,5.026621148044552,wpp_computed,,sinan_datasus,Brazil DATASUS SINAN,http://siab.datasus.gov.br/DATASUS/index.php?acao=41&area=0901&item=1,ftp_dbc,sinan_datasus,Brazil DATASUS SINAN,http://siab.datasus.gov.br/DATASUS/index.php?acao=41&area=0901&item=1,ftp_dbc
country,br,br,Brazil,BR,Brazil,D187,Rabies post-exposure prophylaxis,狂犬病暴露后处置,Other,2019-12-01,2019-12,62053,14479.033333333333,0,29.911480830418927,wpp_computed,,sinan_datasus,Brazil DATASUS SINAN,http://siab.datasus.gov.br/DATASUS/index.php?acao=41&area=0901&item=1,ftp_dbc,sinan_datasus,Brazil DATASUS SINAN,http://siab.datasus.gov.br/DATASUS/index.php?acao=41&area=0901&item=1,ftp_dbc
country,br,br,Brazil,BR,Brazil,D188,Work-related cancer,职业相关癌症,Other,2019-12-01,2019-12,62,14.466666666666669,0,0.029885933177863654,wpp_computed,,sinan_datasus,Brazil DATASUS SINAN,http://siab.datasus.gov.br/DATASUS/index.php?acao=41&area=0901&item=1,ftp_dbc,sinan_datasus,Brazil DATASUS SINAN,http://siab.datasus.gov.br/DATASUS/index.php?acao=41&area=0901&item=1,ftp_dbc
country,br,br,Brazil,BR,Brazil,D189,Work-related dermatosis,职业性皮肤病,Other,2019-12-01,2019-12,50,11.666666666666668,0,0.024101559014406172,wpp_computed,,sinan_datasus,Brazil DATASUS SINAN,http://siab.datasus.gov.br/DATASUS/index.php?acao=41&area=0901&item=1,ftp_dbc,sinan_datasus,Brazil DATASUS SINAN,http://siab.datasus.gov.br/DATASUS/index.php?acao=41&area=0901&item=1,ftp_dbc
country,br,br,Brazil,BR,Brazil,D194,Noise-induced hearing loss,噪声性听力损失,Other,2019-12-01,2019-12,39,9.1,0,0.018799216031236816,wpp_computed,,sinan_datasus,Brazil DATASUS SINAN,http://siab.datasus.gov.br/DATASUS/index.php?acao=41&area=0901&item=1,ftp_dbc,sinan_datasus,Brazil DATASUS SINAN,http://siab.datasus.gov.br/DATASUS/index.php?acao=41&area=0901&item=1,ftp_dbc
country,br,br,Brazil,BR,Brazil,D195,Pneumoconiosis,尘肺病,Other,2019-12-01,2019-12,19,4.433333333333334,0,0.009158592425474347,wpp_computed,,sinan_datasus,Brazil DATASUS SINAN,http://siab.datasus.gov.br/DATASUS/index.php?acao=41&area=0901&item=1,ftp_dbc,sinan_datasus,Brazil DATASUS SINAN,http://siab.datasus.gov.br/DATASUS/index.php?acao=41&area=0901&item=1,ftp_dbc
country,br,br,Brazil,BR,Brazil,D198,Toxoplasmosis in pregnancy,妊娠期弓形虫病,Parasitic,2019-12-01,2019-12,663,154.70000000000002,0,0.31958667253102585,wpp_computed,,sinan_datasus,Brazil DATASUS SINAN,http://siab.datasus.gov.br/DATASUS/index.php?acao=41&area=0901&item=1,ftp_dbc,sinan_datasus,Brazil DATASUS SINAN,http://siab.datasus.gov.br/DATASUS/index.php?acao=41&area=0901&item=1,ftp_dbc
country,br,br,Brazil,BR,Brazil,D199,Rotavirus infection,轮状病毒感染,Viral,2019-12-01,2019-12,43,10.033333333333333,0,0.02072734075238931,wpp_computed,,sinan_datasus,Brazil DATASUS SINAN,http://siab.datasus.gov.br/DATASUS/index.php?acao=41&area=0901&item=1,ftp_dbc,sinan_datasus,Brazil DATASUS SINAN,http://siab.datasus.gov.br/DATASUS/index.php?acao=41&area=0901&item=1,ftp_dbc
country,br,br,Brazil,BR,Brazil,D200,Trachoma,沙眼,Bacterial,2019-12-01,2019-12,654,152.6,0,0.3152483919084328,wpp_computed,,sinan_datasus,Brazil DATASUS SINAN,http://siab.datasus.gov.br/DATASUS/index.php?acao=41&area=0901&item=1,ftp_dbc,sinan_datasus,Brazil DATASUS SINAN,http://siab.datasus.gov.br/DATASUS/index.php?acao=41&area=0901&item=1,ftp_dbc
country,br,br,Brazil,BR,Brazil,D201,Exanthematous diseases,出疹性疾病,Viral,2019-12-01,2019-12,3990,931.0,0,1.9233044093496128,wpp_computed,,sinan_datasus,Brazil DATASUS SINAN,http://siab.datasus.gov.br/DATASUS/index.php?acao=41&area=0901&item=1,ftp_dbc,sinan_datasus,Brazil DATASUS SINAN,http://siab.datasus.gov.br/DATASUS/index.php?acao=41&area=0901&item=1,ftp_dbc
country,br,br,Brazil,BR,Brazil,D202,Domestic sexual and other violence,家庭/性及其他暴力,Other,2019-12-01,2019-12,32260,7527.333333333333,0,15.550325876094863,wpp_computed,,sinan_datasus,Brazil DATASUS SINAN,http://siab.datasus.gov.br/DATASUS/index.php?acao=41&area=0901&item=1,ftp_dbc,sinan_datasus,Brazil DATASUS SINAN,http://siab.datasus.gov.br/DATASUS/index.php?acao=41&area=0901&item=1,ftp_dbc
country,br,br,Brazil,BR,Brazil,D230,Child exposed to HIV,儿童HIV暴露,Other,2019-12-01,2019-12,575,134.16666666666669,0,0.27716792866567097,wpp_computed,,sinan_datasus,Brazil DATASUS SINAN,http://siab.datasus.gov.br/DATASUS/index.php?acao=41&area=0901&item=1,ftp_dbc,sinan_datasus,Brazil DATASUS SINAN,http://siab.datasus.gov.br/DATASUS/index.php?acao=41&area=0901&item=1,ftp_dbc
country,br,br,Brazil,BR,Brazil,D231,HIV infection in pregnancy surveillance event,孕产期HIV感染监测事件,Viral,2019-12-01,2019-12,627,146.29999999999998,0,0.30223355004065344,wpp_computed,,sinan_datasus,Brazil DATASUS SINAN,http://siab.datasus.gov.br/DATASUS/index.php?acao=41&area=0901&item=1,ftp_dbc,sinan_datasus,Brazil DATASUS SINAN,http://siab.datasus.gov.br/DATASUS/index.php?acao=41&area=0901&item=1,ftp_dbc
country,br,br,Brazil,BR,Brazil,D235,Meningitis (all reported etiologies),脑膜炎（全部报告病因）,Other,2019-12-01,2019-12,1936,451.73333333333335,0,0.9332123650378071,wpp_computed,,sinan_datasus,Brazil DATASUS SINAN,http://siab.datasus.gov.br/DATASUS/index.php?acao=41&area=0901&item=1,ftp_dbc,sinan_datasus,Brazil DATASUS SINAN,http://siab.datasus.gov.br/DATASUS/index.php?acao=41&area=0901&item=1,ftp_dbc
