dataset_kind,dataset_id,dataset_slug,dataset_name,record_kind,country_code,country_name,disease_id,disease_name_en,disease_name_zh,category,date,year_month,value,cases,weekly_equiv_cases,deaths,incidence_rate_per_100k,incidence_rate_source,mortality_rate,series_code,source_series_code,source_system,source_label,metric_type,reporting_basis,temporal_granularity,unit,geography_key,dimension_key,mapping_relation,comparability,aggregation_policy,availability_status,missing_value_policy,definition_version,case_definition,case_definition_uri,quality_status,is_selected_series,data_layer,projection_policy,coverage_status,loss_risk,selected_series_codes,available_series_count,provenance_note,primary_source_scope,primary_source_label,primary_source_url,primary_source_type,source_scopes,source_labels,source_urls,source_types
disease,D096,cryptosporidiosis,Cryptosporidiosis,public_projection,AU,Australia,D096,Cryptosporidiosis,隐孢子虫病,Parasitic,2000-01-01,2000-01,0,0,,0,0.0,wpp_computed,,,,,,,,,,,,,,,,,,,,,,legacy_fallback,legacy_fallback,,legacy_identity_may_be_lossy,,0,No eligible registered case-count series facts are available for this disease and country; the public curve uses the legacy flat table.,all,Australia NINDSS,https://www.health.gov.au/topics/national-notifiable-diseases-surveillance-system-nndss,microsoft_bi,all,Australia NINDSS,https://www.health.gov.au/topics/national-notifiable-diseases-surveillance-system-nndss,microsoft_bi
disease,D096,cryptosporidiosis,Cryptosporidiosis,public_projection,AU-ACT,"Australian Capital Territory, Australia",D096,Cryptosporidiosis,隐孢子虫病,Parasitic,2000-01-01,2000-01,0,0,,,0.0,abs_computed,,,,,,,,,,,,,,,,,,,,,,legacy_fallback,legacy_fallback,,legacy_identity_may_be_lossy,,0,No eligible registered case-count series facts are available for this disease and country; the public curve uses the legacy flat table.,all,Australia NINDSS — Australian Capital Territory,https://www.cdc.gov.au/resources/apps-and-tools/nndss-data-visualisation-tool,microsoft_bi,all,Australia NINDSS — Australian Capital Territory,https://www.cdc.gov.au/resources/apps-and-tools/nndss-data-visualisation-tool,microsoft_bi
disease,D096,cryptosporidiosis,Cryptosporidiosis,public_projection,AU-NSW,"New South Wales, Australia",D096,Cryptosporidiosis,隐孢子虫病,Parasitic,2000-01-01,2000-01,0,0,,,0.0,abs_computed,,,,,,,,,,,,,,,,,,,,,,legacy_fallback,legacy_fallback,,legacy_identity_may_be_lossy,,0,No eligible registered case-count series facts are available for this disease and country; the public curve uses the legacy flat table.,all,Australia NINDSS — New South Wales,https://www.cdc.gov.au/resources/apps-and-tools/nndss-data-visualisation-tool,microsoft_bi,all,Australia NINDSS — New South Wales,https://www.cdc.gov.au/resources/apps-and-tools/nndss-data-visualisation-tool,microsoft_bi
disease,D096,cryptosporidiosis,Cryptosporidiosis,public_projection,AU-NT,"Northern Territory, Australia",D096,Cryptosporidiosis,隐孢子虫病,Parasitic,2000-01-01,2000-01,0,0,,,0.0,abs_computed,,,,,,,,,,,,,,,,,,,,,,legacy_fallback,legacy_fallback,,legacy_identity_may_be_lossy,,0,No eligible registered case-count series facts are available for this disease and country; the public curve uses the legacy flat table.,all,Australia NINDSS — Northern Territory,https://www.cdc.gov.au/resources/apps-and-tools/nndss-data-visualisation-tool,microsoft_bi,all,Australia NINDSS — Northern Territory,https://www.cdc.gov.au/resources/apps-and-tools/nndss-data-visualisation-tool,microsoft_bi
disease,D096,cryptosporidiosis,Cryptosporidiosis,public_projection,AU-QLD,"Queensland, Australia",D096,Cryptosporidiosis,隐孢子虫病,Parasitic,2000-01-01,2000-01,0,0,,,0.0,abs_computed,,,,,,,,,,,,,,,,,,,,,,legacy_fallback,legacy_fallback,,legacy_identity_may_be_lossy,,0,No eligible registered case-count series facts are available for this disease and country; the public curve uses the legacy flat table.,all,Australia NINDSS — Queensland,https://www.cdc.gov.au/resources/apps-and-tools/nndss-data-visualisation-tool,microsoft_bi,all,Australia NINDSS — Queensland,https://www.cdc.gov.au/resources/apps-and-tools/nndss-data-visualisation-tool,microsoft_bi
disease,D096,cryptosporidiosis,Cryptosporidiosis,public_projection,AU-SA,"South Australia, Australia",D096,Cryptosporidiosis,隐孢子虫病,Parasitic,2000-01-01,2000-01,0,0,,,0.0,abs_computed,,,,,,,,,,,,,,,,,,,,,,legacy_fallback,legacy_fallback,,legacy_identity_may_be_lossy,,0,No eligible registered case-count series facts are available for this disease and country; the public curve uses the legacy flat table.,all,Australia NINDSS — South Australia,https://www.cdc.gov.au/resources/apps-and-tools/nndss-data-visualisation-tool,microsoft_bi,all,Australia NINDSS — South Australia,https://www.cdc.gov.au/resources/apps-and-tools/nndss-data-visualisation-tool,microsoft_bi
disease,D096,cryptosporidiosis,Cryptosporidiosis,public_projection,AU-TAS,"Tasmania, Australia",D096,Cryptosporidiosis,隐孢子虫病,Parasitic,2000-01-01,2000-01,0,0,,,0.0,abs_computed,,,,,,,,,,,,,,,,,,,,,,legacy_fallback,legacy_fallback,,legacy_identity_may_be_lossy,,0,No eligible registered case-count series facts are available for this disease and country; the public curve uses the legacy flat table.,all,Australia NINDSS — Tasmania,https://www.cdc.gov.au/resources/apps-and-tools/nndss-data-visualisation-tool,microsoft_bi,all,Australia NINDSS — Tasmania,https://www.cdc.gov.au/resources/apps-and-tools/nndss-data-visualisation-tool,microsoft_bi
disease,D096,cryptosporidiosis,Cryptosporidiosis,public_projection,AU-VIC,"Victoria, Australia",D096,Cryptosporidiosis,隐孢子虫病,Parasitic,2000-01-01,2000-01,0,0,,,0.0,abs_computed,,,,,,,,,,,,,,,,,,,,,,legacy_fallback,legacy_fallback,,legacy_identity_may_be_lossy,,0,No eligible registered case-count series facts are available for this disease and country; the public curve uses the legacy flat table.,all,Australia NINDSS — Victoria,https://www.cdc.gov.au/resources/apps-and-tools/nndss-data-visualisation-tool,microsoft_bi,all,Australia NINDSS — Victoria,https://www.cdc.gov.au/resources/apps-and-tools/nndss-data-visualisation-tool,microsoft_bi
disease,D096,cryptosporidiosis,Cryptosporidiosis,public_projection,AU-WA,"Western Australia, Australia",D096,Cryptosporidiosis,隐孢子虫病,Parasitic,2000-01-01,2000-01,0,0,,,0.0,abs_computed,,,,,,,,,,,,,,,,,,,,,,legacy_fallback,legacy_fallback,,legacy_identity_may_be_lossy,,0,No eligible registered case-count series facts are available for this disease and country; the public curve uses the legacy flat table.,all,Australia NINDSS — Western Australia,https://www.cdc.gov.au/resources/apps-and-tools/nndss-data-visualisation-tool,microsoft_bi,all,Australia NINDSS — Western Australia,https://www.cdc.gov.au/resources/apps-and-tools/nndss-data-visualisation-tool,microsoft_bi
disease,D096,cryptosporidiosis,Cryptosporidiosis,public_projection,CA,Canada,D096,Cryptosporidiosis,隐孢子虫病,Parasitic,2000-01-01,2000-01,624,624,,,2.0199533190082817,wpp_computed,,SER_CA_PHAC_CNDSS_D176_ANNUAL,,,,,,annual,,,,,,,,,,,,,,series_registry,single_series,parity,,SER_CA_PHAC_CNDSS_D176_ANNUAL,1,The public curve is read directly from one registered source series.,all,Canada PHAC CNDSS Annual,https://diseases.canada.ca/notifiable/extract-dataset,web,all,Canada PHAC CNDSS Annual,https://diseases.canada.ca/notifiable/extract-dataset,web
disease,D096,cryptosporidiosis,Cryptosporidiosis,source_series_observation,CA,Canada,D096,Cryptosporidiosis,隐孢子虫病,Parasitic,2000-01-01,2000-01,624,624,,,,,,SER_CA_PHAC_CNDSS_D176_ANNUAL,SER_CA_PHAC_CNDSS_D176_ANNUAL,SRC_CA_PHAC_CNDSS,Cryptosporidiosis,case_notifications,provincial_territorial_voluntary_notifications_national,annual,count,country:CA:national,all,exact,conditional,non_additive,active,missing_is_unknown,CNDSS_NATIONAL_ANNUAL_2026_08,PHAC CNDSS national annual reported count assembled from voluntary provincial and territorial submissions. Disease-specific reporting coverage and definitions vary over time; null cells are unknown and explicit zeroes are retained.,,raw,True,series_registry,single_series,parity,,SER_CA_PHAC_CNDSS_D176_ANNUAL,1,The public curve is read directly from one registered source series.,all,Canada PHAC CNDSS Annual,https://diseases.canada.ca/notifiable/extract-dataset,web,all,Canada PHAC CNDSS Annual,https://diseases.canada.ca/notifiable/extract-dataset,web
disease,D096,cryptosporidiosis,Cryptosporidiosis,public_projection,FI,Finland,D096,Cryptosporidiosis,隐孢子虫病,Parasitic,2000-01-01,2000-01,0,0,,,0.0,wpp_computed,,SER_FI_THL_TTR_1270,,,,,,monthly,,,,,,,,,,,,,,series_registry,representative_series,legacy_gap_fill_blocked_incompatible,non_additive_series_not_rolled_up,SER_FI_THL_TTR_1270,2,Multiple registered series are not declared safely additive. The compatibility curve uses one representative series; inspect source_series for every retained definition. Legacy rows with a different reporting grain or comparison basis were not joined to this curve.,thl_ttr,Finland THL Infectious Diseases Register,https://sampo.thl.fi/pivot/prod/en/ttr/cases/fact_ttr_cases,cube_csv,thl_ttr,Finland THL Infectious Diseases Register,https://sampo.thl.fi/pivot/prod/en/ttr/cases/fact_ttr_cases,cube_csv
disease,D096,cryptosporidiosis,Cryptosporidiosis,source_series_observation,FI,Finland,D096,Cryptosporidiosis,隐孢子虫病,Parasitic,2000-01-01,2000-01,0,0,,,,,,SER_FI_THL_TTR_1270,SER_FI_THL_TTR_1270,SRC_FI_THL_TTR,Cryptosporidiosis,case_notifications,national_notifiable_disease_registry,monthly,count,country:FI:national,all,exact,conditional,non_additive,active,missing_is_unknown,FI_THL_TTR_reporting_group,Finland THL national monthly notification series; THL reporting group code 1270.,,provisional; raw,True,series_registry,representative_series,legacy_gap_fill_blocked_incompatible,non_additive_series_not_rolled_up,SER_FI_THL_TTR_1270,2,Multiple registered series are not declared safely additive. The compatibility curve uses one representative series; inspect source_series for every retained definition. Legacy rows with a different reporting grain or comparison basis were not joined to this curve.,thl_ttr,Finland THL Infectious Diseases Register,https://sampo.thl.fi/pivot/prod/en/ttr/cases/fact_ttr_cases,cube_csv,thl_ttr,Finland THL Infectious Diseases Register,https://sampo.thl.fi/pivot/prod/en/ttr/cases/fact_ttr_cases,cube_csv
disease,D096,cryptosporidiosis,Cryptosporidiosis,public_projection,AU,Australia,D096,Cryptosporidiosis,隐孢子虫病,Parasitic,2000-02-01,2000-02,0,0,,0,0.0,wpp_computed,,,,,,,,,,,,,,,,,,,,,,legacy_fallback,legacy_fallback,,legacy_identity_may_be_lossy,,0,No eligible registered case-count series facts are available for this disease and country; the public curve uses the legacy flat table.,all,Australia NINDSS,https://www.health.gov.au/topics/national-notifiable-diseases-surveillance-system-nndss,microsoft_bi,all,Australia NINDSS,https://www.health.gov.au/topics/national-notifiable-diseases-surveillance-system-nndss,microsoft_bi
disease,D096,cryptosporidiosis,Cryptosporidiosis,public_projection,AU-ACT,"Australian Capital Territory, Australia",D096,Cryptosporidiosis,隐孢子虫病,Parasitic,2000-02-01,2000-02,0,0,,,0.0,abs_computed,,,,,,,,,,,,,,,,,,,,,,legacy_fallback,legacy_fallback,,legacy_identity_may_be_lossy,,0,No eligible registered case-count series facts are available for this disease and country; the public curve uses the legacy flat table.,all,Australia NINDSS — Australian Capital Territory,https://www.cdc.gov.au/resources/apps-and-tools/nndss-data-visualisation-tool,microsoft_bi,all,Australia NINDSS — Australian Capital Territory,https://www.cdc.gov.au/resources/apps-and-tools/nndss-data-visualisation-tool,microsoft_bi
disease,D096,cryptosporidiosis,Cryptosporidiosis,public_projection,AU-NSW,"New South Wales, Australia",D096,Cryptosporidiosis,隐孢子虫病,Parasitic,2000-02-01,2000-02,0,0,,,0.0,abs_computed,,,,,,,,,,,,,,,,,,,,,,legacy_fallback,legacy_fallback,,legacy_identity_may_be_lossy,,0,No eligible registered case-count series facts are available for this disease and country; the public curve uses the legacy flat table.,all,Australia NINDSS — New South Wales,https://www.cdc.gov.au/resources/apps-and-tools/nndss-data-visualisation-tool,microsoft_bi,all,Australia NINDSS — New South Wales,https://www.cdc.gov.au/resources/apps-and-tools/nndss-data-visualisation-tool,microsoft_bi
disease,D096,cryptosporidiosis,Cryptosporidiosis,public_projection,AU-NT,"Northern Territory, Australia",D096,Cryptosporidiosis,隐孢子虫病,Parasitic,2000-02-01,2000-02,0,0,,,0.0,abs_computed,,,,,,,,,,,,,,,,,,,,,,legacy_fallback,legacy_fallback,,legacy_identity_may_be_lossy,,0,No eligible registered case-count series facts are available for this disease and country; the public curve uses the legacy flat table.,all,Australia NINDSS — Northern Territory,https://www.cdc.gov.au/resources/apps-and-tools/nndss-data-visualisation-tool,microsoft_bi,all,Australia NINDSS — Northern Territory,https://www.cdc.gov.au/resources/apps-and-tools/nndss-data-visualisation-tool,microsoft_bi
disease,D096,cryptosporidiosis,Cryptosporidiosis,public_projection,AU-QLD,"Queensland, Australia",D096,Cryptosporidiosis,隐孢子虫病,Parasitic,2000-02-01,2000-02,0,0,,,0.0,abs_computed,,,,,,,,,,,,,,,,,,,,,,legacy_fallback,legacy_fallback,,legacy_identity_may_be_lossy,,0,No eligible registered case-count series facts are available for this disease and country; the public curve uses the legacy flat table.,all,Australia NINDSS — Queensland,https://www.cdc.gov.au/resources/apps-and-tools/nndss-data-visualisation-tool,microsoft_bi,all,Australia NINDSS — Queensland,https://www.cdc.gov.au/resources/apps-and-tools/nndss-data-visualisation-tool,microsoft_bi
disease,D096,cryptosporidiosis,Cryptosporidiosis,public_projection,AU-SA,"South Australia, Australia",D096,Cryptosporidiosis,隐孢子虫病,Parasitic,2000-02-01,2000-02,0,0,,,0.0,abs_computed,,,,,,,,,,,,,,,,,,,,,,legacy_fallback,legacy_fallback,,legacy_identity_may_be_lossy,,0,No eligible registered case-count series facts are available for this disease and country; the public curve uses the legacy flat table.,all,Australia NINDSS — South Australia,https://www.cdc.gov.au/resources/apps-and-tools/nndss-data-visualisation-tool,microsoft_bi,all,Australia NINDSS — South Australia,https://www.cdc.gov.au/resources/apps-and-tools/nndss-data-visualisation-tool,microsoft_bi
disease,D096,cryptosporidiosis,Cryptosporidiosis,public_projection,AU-TAS,"Tasmania, Australia",D096,Cryptosporidiosis,隐孢子虫病,Parasitic,2000-02-01,2000-02,0,0,,,0.0,abs_computed,,,,,,,,,,,,,,,,,,,,,,legacy_fallback,legacy_fallback,,legacy_identity_may_be_lossy,,0,No eligible registered case-count series facts are available for this disease and country; the public curve uses the legacy flat table.,all,Australia NINDSS — Tasmania,https://www.cdc.gov.au/resources/apps-and-tools/nndss-data-visualisation-tool,microsoft_bi,all,Australia NINDSS — Tasmania,https://www.cdc.gov.au/resources/apps-and-tools/nndss-data-visualisation-tool,microsoft_bi
disease,D096,cryptosporidiosis,Cryptosporidiosis,public_projection,AU-VIC,"Victoria, Australia",D096,Cryptosporidiosis,隐孢子虫病,Parasitic,2000-02-01,2000-02,0,0,,,0.0,abs_computed,,,,,,,,,,,,,,,,,,,,,,legacy_fallback,legacy_fallback,,legacy_identity_may_be_lossy,,0,No eligible registered case-count series facts are available for this disease and country; the public curve uses the legacy flat table.,all,Australia NINDSS — Victoria,https://www.cdc.gov.au/resources/apps-and-tools/nndss-data-visualisation-tool,microsoft_bi,all,Australia NINDSS — Victoria,https://www.cdc.gov.au/resources/apps-and-tools/nndss-data-visualisation-tool,microsoft_bi
disease,D096,cryptosporidiosis,Cryptosporidiosis,public_projection,AU-WA,"Western Australia, Australia",D096,Cryptosporidiosis,隐孢子虫病,Parasitic,2000-02-01,2000-02,0,0,,,0.0,abs_computed,,,,,,,,,,,,,,,,,,,,,,legacy_fallback,legacy_fallback,,legacy_identity_may_be_lossy,,0,No eligible registered case-count series facts are available for this disease and country; the public curve uses the legacy flat table.,all,Australia NINDSS — Western Australia,https://www.cdc.gov.au/resources/apps-and-tools/nndss-data-visualisation-tool,microsoft_bi,all,Australia NINDSS — Western Australia,https://www.cdc.gov.au/resources/apps-and-tools/nndss-data-visualisation-tool,microsoft_bi
disease,D096,cryptosporidiosis,Cryptosporidiosis,public_projection,FI,Finland,D096,Cryptosporidiosis,隐孢子虫病,Parasitic,2000-02-01,2000-02,0,0,,,0.0,wpp_computed,,SER_FI_THL_TTR_1270,,,,,,monthly,,,,,,,,,,,,,,series_registry,representative_series,legacy_gap_fill_blocked_incompatible,non_additive_series_not_rolled_up,SER_FI_THL_TTR_1270,2,Multiple registered series are not declared safely additive. The compatibility curve uses one representative series; inspect source_series for every retained definition. Legacy rows with a different reporting grain or comparison basis were not joined to this curve.,thl_ttr,Finland THL Infectious Diseases Register,https://sampo.thl.fi/pivot/prod/en/ttr/cases/fact_ttr_cases,cube_csv,thl_ttr,Finland THL Infectious Diseases Register,https://sampo.thl.fi/pivot/prod/en/ttr/cases/fact_ttr_cases,cube_csv
disease,D096,cryptosporidiosis,Cryptosporidiosis,source_series_observation,FI,Finland,D096,Cryptosporidiosis,隐孢子虫病,Parasitic,2000-02-01,2000-02,0,0,,,,,,SER_FI_THL_TTR_1270,SER_FI_THL_TTR_1270,SRC_FI_THL_TTR,Cryptosporidiosis,case_notifications,national_notifiable_disease_registry,monthly,count,country:FI:national,all,exact,conditional,non_additive,active,missing_is_unknown,FI_THL_TTR_reporting_group,Finland THL national monthly notification series; THL reporting group code 1270.,,provisional; raw,True,series_registry,representative_series,legacy_gap_fill_blocked_incompatible,non_additive_series_not_rolled_up,SER_FI_THL_TTR_1270,2,Multiple registered series are not declared safely additive. The compatibility curve uses one representative series; inspect source_series for every retained definition. Legacy rows with a different reporting grain or comparison basis were not joined to this curve.,thl_ttr,Finland THL Infectious Diseases Register,https://sampo.thl.fi/pivot/prod/en/ttr/cases/fact_ttr_cases,cube_csv,thl_ttr,Finland THL Infectious Diseases Register,https://sampo.thl.fi/pivot/prod/en/ttr/cases/fact_ttr_cases,cube_csv
disease,D096,cryptosporidiosis,Cryptosporidiosis,public_projection,AU,Australia,D096,Cryptosporidiosis,隐孢子虫病,Parasitic,2000-03-01,2000-03,0,0,,0,0.0,wpp_computed,,,,,,,,,,,,,,,,,,,,,,legacy_fallback,legacy_fallback,,legacy_identity_may_be_lossy,,0,No eligible registered case-count series facts are available for this disease and country; the public curve uses the legacy flat table.,all,Australia NINDSS,https://www.health.gov.au/topics/national-notifiable-diseases-surveillance-system-nndss,microsoft_bi,all,Australia NINDSS,https://www.health.gov.au/topics/national-notifiable-diseases-surveillance-system-nndss,microsoft_bi
disease,D096,cryptosporidiosis,Cryptosporidiosis,public_projection,AU-ACT,"Australian Capital Territory, Australia",D096,Cryptosporidiosis,隐孢子虫病,Parasitic,2000-03-01,2000-03,0,0,,,0.0,abs_computed,,,,,,,,,,,,,,,,,,,,,,legacy_fallback,legacy_fallback,,legacy_identity_may_be_lossy,,0,No eligible registered case-count series facts are available for this disease and country; the public curve uses the legacy flat table.,all,Australia NINDSS — Australian Capital Territory,https://www.cdc.gov.au/resources/apps-and-tools/nndss-data-visualisation-tool,microsoft_bi,all,Australia NINDSS — Australian Capital Territory,https://www.cdc.gov.au/resources/apps-and-tools/nndss-data-visualisation-tool,microsoft_bi
disease,D096,cryptosporidiosis,Cryptosporidiosis,public_projection,AU-NSW,"New South Wales, Australia",D096,Cryptosporidiosis,隐孢子虫病,Parasitic,2000-03-01,2000-03,0,0,,,0.0,abs_computed,,,,,,,,,,,,,,,,,,,,,,legacy_fallback,legacy_fallback,,legacy_identity_may_be_lossy,,0,No eligible registered case-count series facts are available for this disease and country; the public curve uses the legacy flat table.,all,Australia NINDSS — New South Wales,https://www.cdc.gov.au/resources/apps-and-tools/nndss-data-visualisation-tool,microsoft_bi,all,Australia NINDSS — New South Wales,https://www.cdc.gov.au/resources/apps-and-tools/nndss-data-visualisation-tool,microsoft_bi
disease,D096,cryptosporidiosis,Cryptosporidiosis,public_projection,AU-NT,"Northern Territory, Australia",D096,Cryptosporidiosis,隐孢子虫病,Parasitic,2000-03-01,2000-03,0,0,,,0.0,abs_computed,,,,,,,,,,,,,,,,,,,,,,legacy_fallback,legacy_fallback,,legacy_identity_may_be_lossy,,0,No eligible registered case-count series facts are available for this disease and country; the public curve uses the legacy flat table.,all,Australia NINDSS — Northern Territory,https://www.cdc.gov.au/resources/apps-and-tools/nndss-data-visualisation-tool,microsoft_bi,all,Australia NINDSS — Northern Territory,https://www.cdc.gov.au/resources/apps-and-tools/nndss-data-visualisation-tool,microsoft_bi
disease,D096,cryptosporidiosis,Cryptosporidiosis,public_projection,AU-QLD,"Queensland, Australia",D096,Cryptosporidiosis,隐孢子虫病,Parasitic,2000-03-01,2000-03,0,0,,,0.0,abs_computed,,,,,,,,,,,,,,,,,,,,,,legacy_fallback,legacy_fallback,,legacy_identity_may_be_lossy,,0,No eligible registered case-count series facts are available for this disease and country; the public curve uses the legacy flat table.,all,Australia NINDSS — Queensland,https://www.cdc.gov.au/resources/apps-and-tools/nndss-data-visualisation-tool,microsoft_bi,all,Australia NINDSS — Queensland,https://www.cdc.gov.au/resources/apps-and-tools/nndss-data-visualisation-tool,microsoft_bi
disease,D096,cryptosporidiosis,Cryptosporidiosis,public_projection,AU-SA,"South Australia, Australia",D096,Cryptosporidiosis,隐孢子虫病,Parasitic,2000-03-01,2000-03,0,0,,,0.0,abs_computed,,,,,,,,,,,,,,,,,,,,,,legacy_fallback,legacy_fallback,,legacy_identity_may_be_lossy,,0,No eligible registered case-count series facts are available for this disease and country; the public curve uses the legacy flat table.,all,Australia NINDSS — South Australia,https://www.cdc.gov.au/resources/apps-and-tools/nndss-data-visualisation-tool,microsoft_bi,all,Australia NINDSS — South Australia,https://www.cdc.gov.au/resources/apps-and-tools/nndss-data-visualisation-tool,microsoft_bi
disease,D096,cryptosporidiosis,Cryptosporidiosis,public_projection,AU-TAS,"Tasmania, Australia",D096,Cryptosporidiosis,隐孢子虫病,Parasitic,2000-03-01,2000-03,0,0,,,0.0,abs_computed,,,,,,,,,,,,,,,,,,,,,,legacy_fallback,legacy_fallback,,legacy_identity_may_be_lossy,,0,No eligible registered case-count series facts are available for this disease and country; the public curve uses the legacy flat table.,all,Australia NINDSS — Tasmania,https://www.cdc.gov.au/resources/apps-and-tools/nndss-data-visualisation-tool,microsoft_bi,all,Australia NINDSS — Tasmania,https://www.cdc.gov.au/resources/apps-and-tools/nndss-data-visualisation-tool,microsoft_bi
disease,D096,cryptosporidiosis,Cryptosporidiosis,public_projection,AU-VIC,"Victoria, Australia",D096,Cryptosporidiosis,隐孢子虫病,Parasitic,2000-03-01,2000-03,0,0,,,0.0,abs_computed,,,,,,,,,,,,,,,,,,,,,,legacy_fallback,legacy_fallback,,legacy_identity_may_be_lossy,,0,No eligible registered case-count series facts are available for this disease and country; the public curve uses the legacy flat table.,all,Australia NINDSS — Victoria,https://www.cdc.gov.au/resources/apps-and-tools/nndss-data-visualisation-tool,microsoft_bi,all,Australia NINDSS — Victoria,https://www.cdc.gov.au/resources/apps-and-tools/nndss-data-visualisation-tool,microsoft_bi
disease,D096,cryptosporidiosis,Cryptosporidiosis,public_projection,AU-WA,"Western Australia, Australia",D096,Cryptosporidiosis,隐孢子虫病,Parasitic,2000-03-01,2000-03,0,0,,,0.0,abs_computed,,,,,,,,,,,,,,,,,,,,,,legacy_fallback,legacy_fallback,,legacy_identity_may_be_lossy,,0,No eligible registered case-count series facts are available for this disease and country; the public curve uses the legacy flat table.,all,Australia NINDSS — Western Australia,https://www.cdc.gov.au/resources/apps-and-tools/nndss-data-visualisation-tool,microsoft_bi,all,Australia NINDSS — Western Australia,https://www.cdc.gov.au/resources/apps-and-tools/nndss-data-visualisation-tool,microsoft_bi
disease,D096,cryptosporidiosis,Cryptosporidiosis,public_projection,FI,Finland,D096,Cryptosporidiosis,隐孢子虫病,Parasitic,2000-03-01,2000-03,0,0,,,0.0,wpp_computed,,SER_FI_THL_TTR_1270,,,,,,monthly,,,,,,,,,,,,,,series_registry,representative_series,legacy_gap_fill_blocked_incompatible,non_additive_series_not_rolled_up,SER_FI_THL_TTR_1270,2,Multiple registered series are not declared safely additive. The compatibility curve uses one representative series; inspect source_series for every retained definition. Legacy rows with a different reporting grain or comparison basis were not joined to this curve.,thl_ttr,Finland THL Infectious Diseases Register,https://sampo.thl.fi/pivot/prod/en/ttr/cases/fact_ttr_cases,cube_csv,thl_ttr,Finland THL Infectious Diseases Register,https://sampo.thl.fi/pivot/prod/en/ttr/cases/fact_ttr_cases,cube_csv
disease,D096,cryptosporidiosis,Cryptosporidiosis,source_series_observation,FI,Finland,D096,Cryptosporidiosis,隐孢子虫病,Parasitic,2000-03-01,2000-03,0,0,,,,,,SER_FI_THL_TTR_1270,SER_FI_THL_TTR_1270,SRC_FI_THL_TTR,Cryptosporidiosis,case_notifications,national_notifiable_disease_registry,monthly,count,country:FI:national,all,exact,conditional,non_additive,active,missing_is_unknown,FI_THL_TTR_reporting_group,Finland THL national monthly notification series; THL reporting group code 1270.,,provisional; raw,True,series_registry,representative_series,legacy_gap_fill_blocked_incompatible,non_additive_series_not_rolled_up,SER_FI_THL_TTR_1270,2,Multiple registered series are not declared safely additive. The compatibility curve uses one representative series; inspect source_series for every retained definition. Legacy rows with a different reporting grain or comparison basis were not joined to this curve.,thl_ttr,Finland THL Infectious Diseases Register,https://sampo.thl.fi/pivot/prod/en/ttr/cases/fact_ttr_cases,cube_csv,thl_ttr,Finland THL Infectious Diseases Register,https://sampo.thl.fi/pivot/prod/en/ttr/cases/fact_ttr_cases,cube_csv
disease,D096,cryptosporidiosis,Cryptosporidiosis,public_projection,AU,Australia,D096,Cryptosporidiosis,隐孢子虫病,Parasitic,2000-04-01,2000-04,0,0,,0,0.0,wpp_computed,,,,,,,,,,,,,,,,,,,,,,legacy_fallback,legacy_fallback,,legacy_identity_may_be_lossy,,0,No eligible registered case-count series facts are available for this disease and country; the public curve uses the legacy flat table.,all,Australia NINDSS,https://www.health.gov.au/topics/national-notifiable-diseases-surveillance-system-nndss,microsoft_bi,all,Australia NINDSS,https://www.health.gov.au/topics/national-notifiable-diseases-surveillance-system-nndss,microsoft_bi
disease,D096,cryptosporidiosis,Cryptosporidiosis,public_projection,AU-ACT,"Australian Capital Territory, Australia",D096,Cryptosporidiosis,隐孢子虫病,Parasitic,2000-04-01,2000-04,0,0,,,0.0,abs_computed,,,,,,,,,,,,,,,,,,,,,,legacy_fallback,legacy_fallback,,legacy_identity_may_be_lossy,,0,No eligible registered case-count series facts are available for this disease and country; the public curve uses the legacy flat table.,all,Australia NINDSS — Australian Capital Territory,https://www.cdc.gov.au/resources/apps-and-tools/nndss-data-visualisation-tool,microsoft_bi,all,Australia NINDSS — Australian Capital Territory,https://www.cdc.gov.au/resources/apps-and-tools/nndss-data-visualisation-tool,microsoft_bi
disease,D096,cryptosporidiosis,Cryptosporidiosis,public_projection,AU-NSW,"New South Wales, Australia",D096,Cryptosporidiosis,隐孢子虫病,Parasitic,2000-04-01,2000-04,0,0,,,0.0,abs_computed,,,,,,,,,,,,,,,,,,,,,,legacy_fallback,legacy_fallback,,legacy_identity_may_be_lossy,,0,No eligible registered case-count series facts are available for this disease and country; the public curve uses the legacy flat table.,all,Australia NINDSS — New South Wales,https://www.cdc.gov.au/resources/apps-and-tools/nndss-data-visualisation-tool,microsoft_bi,all,Australia NINDSS — New South Wales,https://www.cdc.gov.au/resources/apps-and-tools/nndss-data-visualisation-tool,microsoft_bi
disease,D096,cryptosporidiosis,Cryptosporidiosis,public_projection,AU-NT,"Northern Territory, Australia",D096,Cryptosporidiosis,隐孢子虫病,Parasitic,2000-04-01,2000-04,0,0,,,0.0,abs_computed,,,,,,,,,,,,,,,,,,,,,,legacy_fallback,legacy_fallback,,legacy_identity_may_be_lossy,,0,No eligible registered case-count series facts are available for this disease and country; the public curve uses the legacy flat table.,all,Australia NINDSS — Northern Territory,https://www.cdc.gov.au/resources/apps-and-tools/nndss-data-visualisation-tool,microsoft_bi,all,Australia NINDSS — Northern Territory,https://www.cdc.gov.au/resources/apps-and-tools/nndss-data-visualisation-tool,microsoft_bi
disease,D096,cryptosporidiosis,Cryptosporidiosis,public_projection,AU-QLD,"Queensland, Australia",D096,Cryptosporidiosis,隐孢子虫病,Parasitic,2000-04-01,2000-04,0,0,,,0.0,abs_computed,,,,,,,,,,,,,,,,,,,,,,legacy_fallback,legacy_fallback,,legacy_identity_may_be_lossy,,0,No eligible registered case-count series facts are available for this disease and country; the public curve uses the legacy flat table.,all,Australia NINDSS — Queensland,https://www.cdc.gov.au/resources/apps-and-tools/nndss-data-visualisation-tool,microsoft_bi,all,Australia NINDSS — Queensland,https://www.cdc.gov.au/resources/apps-and-tools/nndss-data-visualisation-tool,microsoft_bi
disease,D096,cryptosporidiosis,Cryptosporidiosis,public_projection,AU-SA,"South Australia, Australia",D096,Cryptosporidiosis,隐孢子虫病,Parasitic,2000-04-01,2000-04,0,0,,,0.0,abs_computed,,,,,,,,,,,,,,,,,,,,,,legacy_fallback,legacy_fallback,,legacy_identity_may_be_lossy,,0,No eligible registered case-count series facts are available for this disease and country; the public curve uses the legacy flat table.,all,Australia NINDSS — South Australia,https://www.cdc.gov.au/resources/apps-and-tools/nndss-data-visualisation-tool,microsoft_bi,all,Australia NINDSS — South Australia,https://www.cdc.gov.au/resources/apps-and-tools/nndss-data-visualisation-tool,microsoft_bi
disease,D096,cryptosporidiosis,Cryptosporidiosis,public_projection,AU-TAS,"Tasmania, Australia",D096,Cryptosporidiosis,隐孢子虫病,Parasitic,2000-04-01,2000-04,0,0,,,0.0,abs_computed,,,,,,,,,,,,,,,,,,,,,,legacy_fallback,legacy_fallback,,legacy_identity_may_be_lossy,,0,No eligible registered case-count series facts are available for this disease and country; the public curve uses the legacy flat table.,all,Australia NINDSS — Tasmania,https://www.cdc.gov.au/resources/apps-and-tools/nndss-data-visualisation-tool,microsoft_bi,all,Australia NINDSS — Tasmania,https://www.cdc.gov.au/resources/apps-and-tools/nndss-data-visualisation-tool,microsoft_bi
disease,D096,cryptosporidiosis,Cryptosporidiosis,public_projection,AU-VIC,"Victoria, Australia",D096,Cryptosporidiosis,隐孢子虫病,Parasitic,2000-04-01,2000-04,0,0,,,0.0,abs_computed,,,,,,,,,,,,,,,,,,,,,,legacy_fallback,legacy_fallback,,legacy_identity_may_be_lossy,,0,No eligible registered case-count series facts are available for this disease and country; the public curve uses the legacy flat table.,all,Australia NINDSS — Victoria,https://www.cdc.gov.au/resources/apps-and-tools/nndss-data-visualisation-tool,microsoft_bi,all,Australia NINDSS — Victoria,https://www.cdc.gov.au/resources/apps-and-tools/nndss-data-visualisation-tool,microsoft_bi
disease,D096,cryptosporidiosis,Cryptosporidiosis,public_projection,AU-WA,"Western Australia, Australia",D096,Cryptosporidiosis,隐孢子虫病,Parasitic,2000-04-01,2000-04,0,0,,,0.0,abs_computed,,,,,,,,,,,,,,,,,,,,,,legacy_fallback,legacy_fallback,,legacy_identity_may_be_lossy,,0,No eligible registered case-count series facts are available for this disease and country; the public curve uses the legacy flat table.,all,Australia NINDSS — Western Australia,https://www.cdc.gov.au/resources/apps-and-tools/nndss-data-visualisation-tool,microsoft_bi,all,Australia NINDSS — Western Australia,https://www.cdc.gov.au/resources/apps-and-tools/nndss-data-visualisation-tool,microsoft_bi
disease,D096,cryptosporidiosis,Cryptosporidiosis,public_projection,FI,Finland,D096,Cryptosporidiosis,隐孢子虫病,Parasitic,2000-04-01,2000-04,0,0,,,0.0,wpp_computed,,SER_FI_THL_TTR_1270,,,,,,monthly,,,,,,,,,,,,,,series_registry,representative_series,legacy_gap_fill_blocked_incompatible,non_additive_series_not_rolled_up,SER_FI_THL_TTR_1270,2,Multiple registered series are not declared safely additive. The compatibility curve uses one representative series; inspect source_series for every retained definition. Legacy rows with a different reporting grain or comparison basis were not joined to this curve.,thl_ttr,Finland THL Infectious Diseases Register,https://sampo.thl.fi/pivot/prod/en/ttr/cases/fact_ttr_cases,cube_csv,thl_ttr,Finland THL Infectious Diseases Register,https://sampo.thl.fi/pivot/prod/en/ttr/cases/fact_ttr_cases,cube_csv
disease,D096,cryptosporidiosis,Cryptosporidiosis,source_series_observation,FI,Finland,D096,Cryptosporidiosis,隐孢子虫病,Parasitic,2000-04-01,2000-04,0,0,,,,,,SER_FI_THL_TTR_1270,SER_FI_THL_TTR_1270,SRC_FI_THL_TTR,Cryptosporidiosis,case_notifications,national_notifiable_disease_registry,monthly,count,country:FI:national,all,exact,conditional,non_additive,active,missing_is_unknown,FI_THL_TTR_reporting_group,Finland THL national monthly notification series; THL reporting group code 1270.,,provisional; raw,True,series_registry,representative_series,legacy_gap_fill_blocked_incompatible,non_additive_series_not_rolled_up,SER_FI_THL_TTR_1270,2,Multiple registered series are not declared safely additive. The compatibility curve uses one representative series; inspect source_series for every retained definition. Legacy rows with a different reporting grain or comparison basis were not joined to this curve.,thl_ttr,Finland THL Infectious Diseases Register,https://sampo.thl.fi/pivot/prod/en/ttr/cases/fact_ttr_cases,cube_csv,thl_ttr,Finland THL Infectious Diseases Register,https://sampo.thl.fi/pivot/prod/en/ttr/cases/fact_ttr_cases,cube_csv
disease,D096,cryptosporidiosis,Cryptosporidiosis,public_projection,AU,Australia,D096,Cryptosporidiosis,隐孢子虫病,Parasitic,2000-05-01,2000-05,0,0,,0,0.0,wpp_computed,,,,,,,,,,,,,,,,,,,,,,legacy_fallback,legacy_fallback,,legacy_identity_may_be_lossy,,0,No eligible registered case-count series facts are available for this disease and country; the public curve uses the legacy flat table.,all,Australia NINDSS,https://www.health.gov.au/topics/national-notifiable-diseases-surveillance-system-nndss,microsoft_bi,all,Australia NINDSS,https://www.health.gov.au/topics/national-notifiable-diseases-surveillance-system-nndss,microsoft_bi
disease,D096,cryptosporidiosis,Cryptosporidiosis,public_projection,AU-ACT,"Australian Capital Territory, Australia",D096,Cryptosporidiosis,隐孢子虫病,Parasitic,2000-05-01,2000-05,0,0,,,0.0,abs_computed,,,,,,,,,,,,,,,,,,,,,,legacy_fallback,legacy_fallback,,legacy_identity_may_be_lossy,,0,No eligible registered case-count series facts are available for this disease and country; the public curve uses the legacy flat table.,all,Australia NINDSS — Australian Capital Territory,https://www.cdc.gov.au/resources/apps-and-tools/nndss-data-visualisation-tool,microsoft_bi,all,Australia NINDSS — Australian Capital Territory,https://www.cdc.gov.au/resources/apps-and-tools/nndss-data-visualisation-tool,microsoft_bi
disease,D096,cryptosporidiosis,Cryptosporidiosis,public_projection,AU-NSW,"New South Wales, Australia",D096,Cryptosporidiosis,隐孢子虫病,Parasitic,2000-05-01,2000-05,0,0,,,0.0,abs_computed,,,,,,,,,,,,,,,,,,,,,,legacy_fallback,legacy_fallback,,legacy_identity_may_be_lossy,,0,No eligible registered case-count series facts are available for this disease and country; the public curve uses the legacy flat table.,all,Australia NINDSS — New South Wales,https://www.cdc.gov.au/resources/apps-and-tools/nndss-data-visualisation-tool,microsoft_bi,all,Australia NINDSS — New South Wales,https://www.cdc.gov.au/resources/apps-and-tools/nndss-data-visualisation-tool,microsoft_bi
disease,D096,cryptosporidiosis,Cryptosporidiosis,public_projection,AU-NT,"Northern Territory, Australia",D096,Cryptosporidiosis,隐孢子虫病,Parasitic,2000-05-01,2000-05,0,0,,,0.0,abs_computed,,,,,,,,,,,,,,,,,,,,,,legacy_fallback,legacy_fallback,,legacy_identity_may_be_lossy,,0,No eligible registered case-count series facts are available for this disease and country; the public curve uses the legacy flat table.,all,Australia NINDSS — Northern Territory,https://www.cdc.gov.au/resources/apps-and-tools/nndss-data-visualisation-tool,microsoft_bi,all,Australia NINDSS — Northern Territory,https://www.cdc.gov.au/resources/apps-and-tools/nndss-data-visualisation-tool,microsoft_bi
disease,D096,cryptosporidiosis,Cryptosporidiosis,public_projection,AU-QLD,"Queensland, Australia",D096,Cryptosporidiosis,隐孢子虫病,Parasitic,2000-05-01,2000-05,0,0,,,0.0,abs_computed,,,,,,,,,,,,,,,,,,,,,,legacy_fallback,legacy_fallback,,legacy_identity_may_be_lossy,,0,No eligible registered case-count series facts are available for this disease and country; the public curve uses the legacy flat table.,all,Australia NINDSS — Queensland,https://www.cdc.gov.au/resources/apps-and-tools/nndss-data-visualisation-tool,microsoft_bi,all,Australia NINDSS — Queensland,https://www.cdc.gov.au/resources/apps-and-tools/nndss-data-visualisation-tool,microsoft_bi
disease,D096,cryptosporidiosis,Cryptosporidiosis,public_projection,AU-SA,"South Australia, Australia",D096,Cryptosporidiosis,隐孢子虫病,Parasitic,2000-05-01,2000-05,0,0,,,0.0,abs_computed,,,,,,,,,,,,,,,,,,,,,,legacy_fallback,legacy_fallback,,legacy_identity_may_be_lossy,,0,No eligible registered case-count series facts are available for this disease and country; the public curve uses the legacy flat table.,all,Australia NINDSS — South Australia,https://www.cdc.gov.au/resources/apps-and-tools/nndss-data-visualisation-tool,microsoft_bi,all,Australia NINDSS — South Australia,https://www.cdc.gov.au/resources/apps-and-tools/nndss-data-visualisation-tool,microsoft_bi
disease,D096,cryptosporidiosis,Cryptosporidiosis,public_projection,AU-TAS,"Tasmania, Australia",D096,Cryptosporidiosis,隐孢子虫病,Parasitic,2000-05-01,2000-05,0,0,,,0.0,abs_computed,,,,,,,,,,,,,,,,,,,,,,legacy_fallback,legacy_fallback,,legacy_identity_may_be_lossy,,0,No eligible registered case-count series facts are available for this disease and country; the public curve uses the legacy flat table.,all,Australia NINDSS — Tasmania,https://www.cdc.gov.au/resources/apps-and-tools/nndss-data-visualisation-tool,microsoft_bi,all,Australia NINDSS — Tasmania,https://www.cdc.gov.au/resources/apps-and-tools/nndss-data-visualisation-tool,microsoft_bi
disease,D096,cryptosporidiosis,Cryptosporidiosis,public_projection,AU-VIC,"Victoria, Australia",D096,Cryptosporidiosis,隐孢子虫病,Parasitic,2000-05-01,2000-05,0,0,,,0.0,abs_computed,,,,,,,,,,,,,,,,,,,,,,legacy_fallback,legacy_fallback,,legacy_identity_may_be_lossy,,0,No eligible registered case-count series facts are available for this disease and country; the public curve uses the legacy flat table.,all,Australia NINDSS — Victoria,https://www.cdc.gov.au/resources/apps-and-tools/nndss-data-visualisation-tool,microsoft_bi,all,Australia NINDSS — Victoria,https://www.cdc.gov.au/resources/apps-and-tools/nndss-data-visualisation-tool,microsoft_bi
disease,D096,cryptosporidiosis,Cryptosporidiosis,public_projection,AU-WA,"Western Australia, Australia",D096,Cryptosporidiosis,隐孢子虫病,Parasitic,2000-05-01,2000-05,0,0,,,0.0,abs_computed,,,,,,,,,,,,,,,,,,,,,,legacy_fallback,legacy_fallback,,legacy_identity_may_be_lossy,,0,No eligible registered case-count series facts are available for this disease and country; the public curve uses the legacy flat table.,all,Australia NINDSS — Western Australia,https://www.cdc.gov.au/resources/apps-and-tools/nndss-data-visualisation-tool,microsoft_bi,all,Australia NINDSS — Western Australia,https://www.cdc.gov.au/resources/apps-and-tools/nndss-data-visualisation-tool,microsoft_bi
disease,D096,cryptosporidiosis,Cryptosporidiosis,public_projection,FI,Finland,D096,Cryptosporidiosis,隐孢子虫病,Parasitic,2000-05-01,2000-05,0,0,,,0.0,wpp_computed,,SER_FI_THL_TTR_1270,,,,,,monthly,,,,,,,,,,,,,,series_registry,representative_series,legacy_gap_fill_blocked_incompatible,non_additive_series_not_rolled_up,SER_FI_THL_TTR_1270,2,Multiple registered series are not declared safely additive. The compatibility curve uses one representative series; inspect source_series for every retained definition. Legacy rows with a different reporting grain or comparison basis were not joined to this curve.,thl_ttr,Finland THL Infectious Diseases Register,https://sampo.thl.fi/pivot/prod/en/ttr/cases/fact_ttr_cases,cube_csv,thl_ttr,Finland THL Infectious Diseases Register,https://sampo.thl.fi/pivot/prod/en/ttr/cases/fact_ttr_cases,cube_csv
disease,D096,cryptosporidiosis,Cryptosporidiosis,source_series_observation,FI,Finland,D096,Cryptosporidiosis,隐孢子虫病,Parasitic,2000-05-01,2000-05,0,0,,,,,,SER_FI_THL_TTR_1270,SER_FI_THL_TTR_1270,SRC_FI_THL_TTR,Cryptosporidiosis,case_notifications,national_notifiable_disease_registry,monthly,count,country:FI:national,all,exact,conditional,non_additive,active,missing_is_unknown,FI_THL_TTR_reporting_group,Finland THL national monthly notification series; THL reporting group code 1270.,,provisional; raw,True,series_registry,representative_series,legacy_gap_fill_blocked_incompatible,non_additive_series_not_rolled_up,SER_FI_THL_TTR_1270,2,Multiple registered series are not declared safely additive. The compatibility curve uses one representative series; inspect source_series for every retained definition. Legacy rows with a different reporting grain or comparison basis were not joined to this curve.,thl_ttr,Finland THL Infectious Diseases Register,https://sampo.thl.fi/pivot/prod/en/ttr/cases/fact_ttr_cases,cube_csv,thl_ttr,Finland THL Infectious Diseases Register,https://sampo.thl.fi/pivot/prod/en/ttr/cases/fact_ttr_cases,cube_csv
disease,D096,cryptosporidiosis,Cryptosporidiosis,public_projection,AU,Australia,D096,Cryptosporidiosis,隐孢子虫病,Parasitic,2000-06-01,2000-06,0,0,,0,0.0,wpp_computed,,,,,,,,,,,,,,,,,,,,,,legacy_fallback,legacy_fallback,,legacy_identity_may_be_lossy,,0,No eligible registered case-count series facts are available for this disease and country; the public curve uses the legacy flat table.,all,Australia NINDSS,https://www.health.gov.au/topics/national-notifiable-diseases-surveillance-system-nndss,microsoft_bi,all,Australia NINDSS,https://www.health.gov.au/topics/national-notifiable-diseases-surveillance-system-nndss,microsoft_bi
disease,D096,cryptosporidiosis,Cryptosporidiosis,public_projection,AU-ACT,"Australian Capital Territory, Australia",D096,Cryptosporidiosis,隐孢子虫病,Parasitic,2000-06-01,2000-06,0,0,,,0.0,abs_computed,,,,,,,,,,,,,,,,,,,,,,legacy_fallback,legacy_fallback,,legacy_identity_may_be_lossy,,0,No eligible registered case-count series facts are available for this disease and country; the public curve uses the legacy flat table.,all,Australia NINDSS — Australian Capital Territory,https://www.cdc.gov.au/resources/apps-and-tools/nndss-data-visualisation-tool,microsoft_bi,all,Australia NINDSS — Australian Capital Territory,https://www.cdc.gov.au/resources/apps-and-tools/nndss-data-visualisation-tool,microsoft_bi
disease,D096,cryptosporidiosis,Cryptosporidiosis,public_projection,AU-NSW,"New South Wales, Australia",D096,Cryptosporidiosis,隐孢子虫病,Parasitic,2000-06-01,2000-06,0,0,,,0.0,abs_computed,,,,,,,,,,,,,,,,,,,,,,legacy_fallback,legacy_fallback,,legacy_identity_may_be_lossy,,0,No eligible registered case-count series facts are available for this disease and country; the public curve uses the legacy flat table.,all,Australia NINDSS — New South Wales,https://www.cdc.gov.au/resources/apps-and-tools/nndss-data-visualisation-tool,microsoft_bi,all,Australia NINDSS — New South Wales,https://www.cdc.gov.au/resources/apps-and-tools/nndss-data-visualisation-tool,microsoft_bi
disease,D096,cryptosporidiosis,Cryptosporidiosis,public_projection,AU-NT,"Northern Territory, Australia",D096,Cryptosporidiosis,隐孢子虫病,Parasitic,2000-06-01,2000-06,0,0,,,0.0,abs_computed,,,,,,,,,,,,,,,,,,,,,,legacy_fallback,legacy_fallback,,legacy_identity_may_be_lossy,,0,No eligible registered case-count series facts are available for this disease and country; the public curve uses the legacy flat table.,all,Australia NINDSS — Northern Territory,https://www.cdc.gov.au/resources/apps-and-tools/nndss-data-visualisation-tool,microsoft_bi,all,Australia NINDSS — Northern Territory,https://www.cdc.gov.au/resources/apps-and-tools/nndss-data-visualisation-tool,microsoft_bi
disease,D096,cryptosporidiosis,Cryptosporidiosis,public_projection,AU-QLD,"Queensland, Australia",D096,Cryptosporidiosis,隐孢子虫病,Parasitic,2000-06-01,2000-06,0,0,,,0.0,abs_computed,,,,,,,,,,,,,,,,,,,,,,legacy_fallback,legacy_fallback,,legacy_identity_may_be_lossy,,0,No eligible registered case-count series facts are available for this disease and country; the public curve uses the legacy flat table.,all,Australia NINDSS — Queensland,https://www.cdc.gov.au/resources/apps-and-tools/nndss-data-visualisation-tool,microsoft_bi,all,Australia NINDSS — Queensland,https://www.cdc.gov.au/resources/apps-and-tools/nndss-data-visualisation-tool,microsoft_bi
disease,D096,cryptosporidiosis,Cryptosporidiosis,public_projection,AU-SA,"South Australia, Australia",D096,Cryptosporidiosis,隐孢子虫病,Parasitic,2000-06-01,2000-06,0,0,,,0.0,abs_computed,,,,,,,,,,,,,,,,,,,,,,legacy_fallback,legacy_fallback,,legacy_identity_may_be_lossy,,0,No eligible registered case-count series facts are available for this disease and country; the public curve uses the legacy flat table.,all,Australia NINDSS — South Australia,https://www.cdc.gov.au/resources/apps-and-tools/nndss-data-visualisation-tool,microsoft_bi,all,Australia NINDSS — South Australia,https://www.cdc.gov.au/resources/apps-and-tools/nndss-data-visualisation-tool,microsoft_bi
disease,D096,cryptosporidiosis,Cryptosporidiosis,public_projection,AU-TAS,"Tasmania, Australia",D096,Cryptosporidiosis,隐孢子虫病,Parasitic,2000-06-01,2000-06,0,0,,,0.0,abs_computed,,,,,,,,,,,,,,,,,,,,,,legacy_fallback,legacy_fallback,,legacy_identity_may_be_lossy,,0,No eligible registered case-count series facts are available for this disease and country; the public curve uses the legacy flat table.,all,Australia NINDSS — Tasmania,https://www.cdc.gov.au/resources/apps-and-tools/nndss-data-visualisation-tool,microsoft_bi,all,Australia NINDSS — Tasmania,https://www.cdc.gov.au/resources/apps-and-tools/nndss-data-visualisation-tool,microsoft_bi
disease,D096,cryptosporidiosis,Cryptosporidiosis,public_projection,AU-VIC,"Victoria, Australia",D096,Cryptosporidiosis,隐孢子虫病,Parasitic,2000-06-01,2000-06,0,0,,,0.0,abs_computed,,,,,,,,,,,,,,,,,,,,,,legacy_fallback,legacy_fallback,,legacy_identity_may_be_lossy,,0,No eligible registered case-count series facts are available for this disease and country; the public curve uses the legacy flat table.,all,Australia NINDSS — Victoria,https://www.cdc.gov.au/resources/apps-and-tools/nndss-data-visualisation-tool,microsoft_bi,all,Australia NINDSS — Victoria,https://www.cdc.gov.au/resources/apps-and-tools/nndss-data-visualisation-tool,microsoft_bi
disease,D096,cryptosporidiosis,Cryptosporidiosis,public_projection,AU-WA,"Western Australia, Australia",D096,Cryptosporidiosis,隐孢子虫病,Parasitic,2000-06-01,2000-06,0,0,,,0.0,abs_computed,,,,,,,,,,,,,,,,,,,,,,legacy_fallback,legacy_fallback,,legacy_identity_may_be_lossy,,0,No eligible registered case-count series facts are available for this disease and country; the public curve uses the legacy flat table.,all,Australia NINDSS — Western Australia,https://www.cdc.gov.au/resources/apps-and-tools/nndss-data-visualisation-tool,microsoft_bi,all,Australia NINDSS — Western Australia,https://www.cdc.gov.au/resources/apps-and-tools/nndss-data-visualisation-tool,microsoft_bi
disease,D096,cryptosporidiosis,Cryptosporidiosis,public_projection,FI,Finland,D096,Cryptosporidiosis,隐孢子虫病,Parasitic,2000-06-01,2000-06,0,0,,,0.0,wpp_computed,,SER_FI_THL_TTR_1270,,,,,,monthly,,,,,,,,,,,,,,series_registry,representative_series,legacy_gap_fill_blocked_incompatible,non_additive_series_not_rolled_up,SER_FI_THL_TTR_1270,2,Multiple registered series are not declared safely additive. The compatibility curve uses one representative series; inspect source_series for every retained definition. Legacy rows with a different reporting grain or comparison basis were not joined to this curve.,thl_ttr,Finland THL Infectious Diseases Register,https://sampo.thl.fi/pivot/prod/en/ttr/cases/fact_ttr_cases,cube_csv,thl_ttr,Finland THL Infectious Diseases Register,https://sampo.thl.fi/pivot/prod/en/ttr/cases/fact_ttr_cases,cube_csv
disease,D096,cryptosporidiosis,Cryptosporidiosis,source_series_observation,FI,Finland,D096,Cryptosporidiosis,隐孢子虫病,Parasitic,2000-06-01,2000-06,0,0,,,,,,SER_FI_THL_TTR_1270,SER_FI_THL_TTR_1270,SRC_FI_THL_TTR,Cryptosporidiosis,case_notifications,national_notifiable_disease_registry,monthly,count,country:FI:national,all,exact,conditional,non_additive,active,missing_is_unknown,FI_THL_TTR_reporting_group,Finland THL national monthly notification series; THL reporting group code 1270.,,provisional; raw,True,series_registry,representative_series,legacy_gap_fill_blocked_incompatible,non_additive_series_not_rolled_up,SER_FI_THL_TTR_1270,2,Multiple registered series are not declared safely additive. The compatibility curve uses one representative series; inspect source_series for every retained definition. Legacy rows with a different reporting grain or comparison basis were not joined to this curve.,thl_ttr,Finland THL Infectious Diseases Register,https://sampo.thl.fi/pivot/prod/en/ttr/cases/fact_ttr_cases,cube_csv,thl_ttr,Finland THL Infectious Diseases Register,https://sampo.thl.fi/pivot/prod/en/ttr/cases/fact_ttr_cases,cube_csv
disease,D096,cryptosporidiosis,Cryptosporidiosis,public_projection,AU,Australia,D096,Cryptosporidiosis,隐孢子虫病,Parasitic,2000-07-01,2000-07,0,0,,0,0.0,wpp_computed,,,,,,,,,,,,,,,,,,,,,,legacy_fallback,legacy_fallback,,legacy_identity_may_be_lossy,,0,No eligible registered case-count series facts are available for this disease and country; the public curve uses the legacy flat table.,all,Australia NINDSS,https://www.health.gov.au/topics/national-notifiable-diseases-surveillance-system-nndss,microsoft_bi,all,Australia NINDSS,https://www.health.gov.au/topics/national-notifiable-diseases-surveillance-system-nndss,microsoft_bi
disease,D096,cryptosporidiosis,Cryptosporidiosis,public_projection,AU-ACT,"Australian Capital Territory, Australia",D096,Cryptosporidiosis,隐孢子虫病,Parasitic,2000-07-01,2000-07,0,0,,,0.0,abs_computed,,,,,,,,,,,,,,,,,,,,,,legacy_fallback,legacy_fallback,,legacy_identity_may_be_lossy,,0,No eligible registered case-count series facts are available for this disease and country; the public curve uses the legacy flat table.,all,Australia NINDSS — Australian Capital Territory,https://www.cdc.gov.au/resources/apps-and-tools/nndss-data-visualisation-tool,microsoft_bi,all,Australia NINDSS — Australian Capital Territory,https://www.cdc.gov.au/resources/apps-and-tools/nndss-data-visualisation-tool,microsoft_bi
disease,D096,cryptosporidiosis,Cryptosporidiosis,public_projection,AU-NSW,"New South Wales, Australia",D096,Cryptosporidiosis,隐孢子虫病,Parasitic,2000-07-01,2000-07,0,0,,,0.0,abs_computed,,,,,,,,,,,,,,,,,,,,,,legacy_fallback,legacy_fallback,,legacy_identity_may_be_lossy,,0,No eligible registered case-count series facts are available for this disease and country; the public curve uses the legacy flat table.,all,Australia NINDSS — New South Wales,https://www.cdc.gov.au/resources/apps-and-tools/nndss-data-visualisation-tool,microsoft_bi,all,Australia NINDSS — New South Wales,https://www.cdc.gov.au/resources/apps-and-tools/nndss-data-visualisation-tool,microsoft_bi
disease,D096,cryptosporidiosis,Cryptosporidiosis,public_projection,AU-NT,"Northern Territory, Australia",D096,Cryptosporidiosis,隐孢子虫病,Parasitic,2000-07-01,2000-07,0,0,,,0.0,abs_computed,,,,,,,,,,,,,,,,,,,,,,legacy_fallback,legacy_fallback,,legacy_identity_may_be_lossy,,0,No eligible registered case-count series facts are available for this disease and country; the public curve uses the legacy flat table.,all,Australia NINDSS — Northern Territory,https://www.cdc.gov.au/resources/apps-and-tools/nndss-data-visualisation-tool,microsoft_bi,all,Australia NINDSS — Northern Territory,https://www.cdc.gov.au/resources/apps-and-tools/nndss-data-visualisation-tool,microsoft_bi
disease,D096,cryptosporidiosis,Cryptosporidiosis,public_projection,AU-QLD,"Queensland, Australia",D096,Cryptosporidiosis,隐孢子虫病,Parasitic,2000-07-01,2000-07,0,0,,,0.0,abs_computed,,,,,,,,,,,,,,,,,,,,,,legacy_fallback,legacy_fallback,,legacy_identity_may_be_lossy,,0,No eligible registered case-count series facts are available for this disease and country; the public curve uses the legacy flat table.,all,Australia NINDSS — Queensland,https://www.cdc.gov.au/resources/apps-and-tools/nndss-data-visualisation-tool,microsoft_bi,all,Australia NINDSS — Queensland,https://www.cdc.gov.au/resources/apps-and-tools/nndss-data-visualisation-tool,microsoft_bi
disease,D096,cryptosporidiosis,Cryptosporidiosis,public_projection,AU-SA,"South Australia, Australia",D096,Cryptosporidiosis,隐孢子虫病,Parasitic,2000-07-01,2000-07,0,0,,,0.0,abs_computed,,,,,,,,,,,,,,,,,,,,,,legacy_fallback,legacy_fallback,,legacy_identity_may_be_lossy,,0,No eligible registered case-count series facts are available for this disease and country; the public curve uses the legacy flat table.,all,Australia NINDSS — South Australia,https://www.cdc.gov.au/resources/apps-and-tools/nndss-data-visualisation-tool,microsoft_bi,all,Australia NINDSS — South Australia,https://www.cdc.gov.au/resources/apps-and-tools/nndss-data-visualisation-tool,microsoft_bi
disease,D096,cryptosporidiosis,Cryptosporidiosis,public_projection,AU-TAS,"Tasmania, Australia",D096,Cryptosporidiosis,隐孢子虫病,Parasitic,2000-07-01,2000-07,0,0,,,0.0,abs_computed,,,,,,,,,,,,,,,,,,,,,,legacy_fallback,legacy_fallback,,legacy_identity_may_be_lossy,,0,No eligible registered case-count series facts are available for this disease and country; the public curve uses the legacy flat table.,all,Australia NINDSS — Tasmania,https://www.cdc.gov.au/resources/apps-and-tools/nndss-data-visualisation-tool,microsoft_bi,all,Australia NINDSS — Tasmania,https://www.cdc.gov.au/resources/apps-and-tools/nndss-data-visualisation-tool,microsoft_bi
disease,D096,cryptosporidiosis,Cryptosporidiosis,public_projection,AU-VIC,"Victoria, Australia",D096,Cryptosporidiosis,隐孢子虫病,Parasitic,2000-07-01,2000-07,0,0,,,0.0,abs_computed,,,,,,,,,,,,,,,,,,,,,,legacy_fallback,legacy_fallback,,legacy_identity_may_be_lossy,,0,No eligible registered case-count series facts are available for this disease and country; the public curve uses the legacy flat table.,all,Australia NINDSS — Victoria,https://www.cdc.gov.au/resources/apps-and-tools/nndss-data-visualisation-tool,microsoft_bi,all,Australia NINDSS — Victoria,https://www.cdc.gov.au/resources/apps-and-tools/nndss-data-visualisation-tool,microsoft_bi
disease,D096,cryptosporidiosis,Cryptosporidiosis,public_projection,AU-WA,"Western Australia, Australia",D096,Cryptosporidiosis,隐孢子虫病,Parasitic,2000-07-01,2000-07,0,0,,,0.0,abs_computed,,,,,,,,,,,,,,,,,,,,,,legacy_fallback,legacy_fallback,,legacy_identity_may_be_lossy,,0,No eligible registered case-count series facts are available for this disease and country; the public curve uses the legacy flat table.,all,Australia NINDSS — Western Australia,https://www.cdc.gov.au/resources/apps-and-tools/nndss-data-visualisation-tool,microsoft_bi,all,Australia NINDSS — Western Australia,https://www.cdc.gov.au/resources/apps-and-tools/nndss-data-visualisation-tool,microsoft_bi
disease,D096,cryptosporidiosis,Cryptosporidiosis,public_projection,FI,Finland,D096,Cryptosporidiosis,隐孢子虫病,Parasitic,2000-07-01,2000-07,1,1,,,0.019319186086554013,wpp_computed,,SER_FI_THL_TTR_1270,,,,,,monthly,,,,,,,,,,,,,,series_registry,representative_series,legacy_gap_fill_blocked_incompatible,non_additive_series_not_rolled_up,SER_FI_THL_TTR_1270,2,Multiple registered series are not declared safely additive. The compatibility curve uses one representative series; inspect source_series for every retained definition. Legacy rows with a different reporting grain or comparison basis were not joined to this curve.,thl_ttr,Finland THL Infectious Diseases Register,https://sampo.thl.fi/pivot/prod/en/ttr/cases/fact_ttr_cases,cube_csv,thl_ttr,Finland THL Infectious Diseases Register,https://sampo.thl.fi/pivot/prod/en/ttr/cases/fact_ttr_cases,cube_csv
disease,D096,cryptosporidiosis,Cryptosporidiosis,source_series_observation,FI,Finland,D096,Cryptosporidiosis,隐孢子虫病,Parasitic,2000-07-01,2000-07,1,1,,,,,,SER_FI_THL_TTR_1270,SER_FI_THL_TTR_1270,SRC_FI_THL_TTR,Cryptosporidiosis,case_notifications,national_notifiable_disease_registry,monthly,count,country:FI:national,all,exact,conditional,non_additive,active,missing_is_unknown,FI_THL_TTR_reporting_group,Finland THL national monthly notification series; THL reporting group code 1270.,,provisional; raw,True,series_registry,representative_series,legacy_gap_fill_blocked_incompatible,non_additive_series_not_rolled_up,SER_FI_THL_TTR_1270,2,Multiple registered series are not declared safely additive. The compatibility curve uses one representative series; inspect source_series for every retained definition. Legacy rows with a different reporting grain or comparison basis were not joined to this curve.,thl_ttr,Finland THL Infectious Diseases Register,https://sampo.thl.fi/pivot/prod/en/ttr/cases/fact_ttr_cases,cube_csv,thl_ttr,Finland THL Infectious Diseases Register,https://sampo.thl.fi/pivot/prod/en/ttr/cases/fact_ttr_cases,cube_csv
disease,D096,cryptosporidiosis,Cryptosporidiosis,public_projection,AU,Australia,D096,Cryptosporidiosis,隐孢子虫病,Parasitic,2000-08-01,2000-08,0,0,,0,0.0,wpp_computed,,,,,,,,,,,,,,,,,,,,,,legacy_fallback,legacy_fallback,,legacy_identity_may_be_lossy,,0,No eligible registered case-count series facts are available for this disease and country; the public curve uses the legacy flat table.,all,Australia NINDSS,https://www.health.gov.au/topics/national-notifiable-diseases-surveillance-system-nndss,microsoft_bi,all,Australia NINDSS,https://www.health.gov.au/topics/national-notifiable-diseases-surveillance-system-nndss,microsoft_bi
disease,D096,cryptosporidiosis,Cryptosporidiosis,public_projection,AU-ACT,"Australian Capital Territory, Australia",D096,Cryptosporidiosis,隐孢子虫病,Parasitic,2000-08-01,2000-08,0,0,,,0.0,abs_computed,,,,,,,,,,,,,,,,,,,,,,legacy_fallback,legacy_fallback,,legacy_identity_may_be_lossy,,0,No eligible registered case-count series facts are available for this disease and country; the public curve uses the legacy flat table.,all,Australia NINDSS — Australian Capital Territory,https://www.cdc.gov.au/resources/apps-and-tools/nndss-data-visualisation-tool,microsoft_bi,all,Australia NINDSS — Australian Capital Territory,https://www.cdc.gov.au/resources/apps-and-tools/nndss-data-visualisation-tool,microsoft_bi
disease,D096,cryptosporidiosis,Cryptosporidiosis,public_projection,AU-NSW,"New South Wales, Australia",D096,Cryptosporidiosis,隐孢子虫病,Parasitic,2000-08-01,2000-08,0,0,,,0.0,abs_computed,,,,,,,,,,,,,,,,,,,,,,legacy_fallback,legacy_fallback,,legacy_identity_may_be_lossy,,0,No eligible registered case-count series facts are available for this disease and country; the public curve uses the legacy flat table.,all,Australia NINDSS — New South Wales,https://www.cdc.gov.au/resources/apps-and-tools/nndss-data-visualisation-tool,microsoft_bi,all,Australia NINDSS — New South Wales,https://www.cdc.gov.au/resources/apps-and-tools/nndss-data-visualisation-tool,microsoft_bi
disease,D096,cryptosporidiosis,Cryptosporidiosis,public_projection,AU-NT,"Northern Territory, Australia",D096,Cryptosporidiosis,隐孢子虫病,Parasitic,2000-08-01,2000-08,0,0,,,0.0,abs_computed,,,,,,,,,,,,,,,,,,,,,,legacy_fallback,legacy_fallback,,legacy_identity_may_be_lossy,,0,No eligible registered case-count series facts are available for this disease and country; the public curve uses the legacy flat table.,all,Australia NINDSS — Northern Territory,https://www.cdc.gov.au/resources/apps-and-tools/nndss-data-visualisation-tool,microsoft_bi,all,Australia NINDSS — Northern Territory,https://www.cdc.gov.au/resources/apps-and-tools/nndss-data-visualisation-tool,microsoft_bi
disease,D096,cryptosporidiosis,Cryptosporidiosis,public_projection,AU-QLD,"Queensland, Australia",D096,Cryptosporidiosis,隐孢子虫病,Parasitic,2000-08-01,2000-08,0,0,,,0.0,abs_computed,,,,,,,,,,,,,,,,,,,,,,legacy_fallback,legacy_fallback,,legacy_identity_may_be_lossy,,0,No eligible registered case-count series facts are available for this disease and country; the public curve uses the legacy flat table.,all,Australia NINDSS — Queensland,https://www.cdc.gov.au/resources/apps-and-tools/nndss-data-visualisation-tool,microsoft_bi,all,Australia NINDSS — Queensland,https://www.cdc.gov.au/resources/apps-and-tools/nndss-data-visualisation-tool,microsoft_bi
disease,D096,cryptosporidiosis,Cryptosporidiosis,public_projection,AU-SA,"South Australia, Australia",D096,Cryptosporidiosis,隐孢子虫病,Parasitic,2000-08-01,2000-08,0,0,,,0.0,abs_computed,,,,,,,,,,,,,,,,,,,,,,legacy_fallback,legacy_fallback,,legacy_identity_may_be_lossy,,0,No eligible registered case-count series facts are available for this disease and country; the public curve uses the legacy flat table.,all,Australia NINDSS — South Australia,https://www.cdc.gov.au/resources/apps-and-tools/nndss-data-visualisation-tool,microsoft_bi,all,Australia NINDSS — South Australia,https://www.cdc.gov.au/resources/apps-and-tools/nndss-data-visualisation-tool,microsoft_bi
disease,D096,cryptosporidiosis,Cryptosporidiosis,public_projection,AU-TAS,"Tasmania, Australia",D096,Cryptosporidiosis,隐孢子虫病,Parasitic,2000-08-01,2000-08,0,0,,,0.0,abs_computed,,,,,,,,,,,,,,,,,,,,,,legacy_fallback,legacy_fallback,,legacy_identity_may_be_lossy,,0,No eligible registered case-count series facts are available for this disease and country; the public curve uses the legacy flat table.,all,Australia NINDSS — Tasmania,https://www.cdc.gov.au/resources/apps-and-tools/nndss-data-visualisation-tool,microsoft_bi,all,Australia NINDSS — Tasmania,https://www.cdc.gov.au/resources/apps-and-tools/nndss-data-visualisation-tool,microsoft_bi
disease,D096,cryptosporidiosis,Cryptosporidiosis,public_projection,AU-VIC,"Victoria, Australia",D096,Cryptosporidiosis,隐孢子虫病,Parasitic,2000-08-01,2000-08,0,0,,,0.0,abs_computed,,,,,,,,,,,,,,,,,,,,,,legacy_fallback,legacy_fallback,,legacy_identity_may_be_lossy,,0,No eligible registered case-count series facts are available for this disease and country; the public curve uses the legacy flat table.,all,Australia NINDSS — Victoria,https://www.cdc.gov.au/resources/apps-and-tools/nndss-data-visualisation-tool,microsoft_bi,all,Australia NINDSS — Victoria,https://www.cdc.gov.au/resources/apps-and-tools/nndss-data-visualisation-tool,microsoft_bi
disease,D096,cryptosporidiosis,Cryptosporidiosis,public_projection,AU-WA,"Western Australia, Australia",D096,Cryptosporidiosis,隐孢子虫病,Parasitic,2000-08-01,2000-08,0,0,,,0.0,abs_computed,,,,,,,,,,,,,,,,,,,,,,legacy_fallback,legacy_fallback,,legacy_identity_may_be_lossy,,0,No eligible registered case-count series facts are available for this disease and country; the public curve uses the legacy flat table.,all,Australia NINDSS — Western Australia,https://www.cdc.gov.au/resources/apps-and-tools/nndss-data-visualisation-tool,microsoft_bi,all,Australia NINDSS — Western Australia,https://www.cdc.gov.au/resources/apps-and-tools/nndss-data-visualisation-tool,microsoft_bi
disease,D096,cryptosporidiosis,Cryptosporidiosis,public_projection,FI,Finland,D096,Cryptosporidiosis,隐孢子虫病,Parasitic,2000-08-01,2000-08,1,1,,,0.019319186086554013,wpp_computed,,SER_FI_THL_TTR_1270,,,,,,monthly,,,,,,,,,,,,,,series_registry,representative_series,legacy_gap_fill_blocked_incompatible,non_additive_series_not_rolled_up,SER_FI_THL_TTR_1270,2,Multiple registered series are not declared safely additive. The compatibility curve uses one representative series; inspect source_series for every retained definition. Legacy rows with a different reporting grain or comparison basis were not joined to this curve.,thl_ttr,Finland THL Infectious Diseases Register,https://sampo.thl.fi/pivot/prod/en/ttr/cases/fact_ttr_cases,cube_csv,thl_ttr,Finland THL Infectious Diseases Register,https://sampo.thl.fi/pivot/prod/en/ttr/cases/fact_ttr_cases,cube_csv
disease,D096,cryptosporidiosis,Cryptosporidiosis,source_series_observation,FI,Finland,D096,Cryptosporidiosis,隐孢子虫病,Parasitic,2000-08-01,2000-08,1,1,,,,,,SER_FI_THL_TTR_1270,SER_FI_THL_TTR_1270,SRC_FI_THL_TTR,Cryptosporidiosis,case_notifications,national_notifiable_disease_registry,monthly,count,country:FI:national,all,exact,conditional,non_additive,active,missing_is_unknown,FI_THL_TTR_reporting_group,Finland THL national monthly notification series; THL reporting group code 1270.,,provisional; raw,True,series_registry,representative_series,legacy_gap_fill_blocked_incompatible,non_additive_series_not_rolled_up,SER_FI_THL_TTR_1270,2,Multiple registered series are not declared safely additive. The compatibility curve uses one representative series; inspect source_series for every retained definition. Legacy rows with a different reporting grain or comparison basis were not joined to this curve.,thl_ttr,Finland THL Infectious Diseases Register,https://sampo.thl.fi/pivot/prod/en/ttr/cases/fact_ttr_cases,cube_csv,thl_ttr,Finland THL Infectious Diseases Register,https://sampo.thl.fi/pivot/prod/en/ttr/cases/fact_ttr_cases,cube_csv
disease,D096,cryptosporidiosis,Cryptosporidiosis,public_projection,AU,Australia,D096,Cryptosporidiosis,隐孢子虫病,Parasitic,2000-09-01,2000-09,0,0,,0,0.0,wpp_computed,,,,,,,,,,,,,,,,,,,,,,legacy_fallback,legacy_fallback,,legacy_identity_may_be_lossy,,0,No eligible registered case-count series facts are available for this disease and country; the public curve uses the legacy flat table.,all,Australia NINDSS,https://www.health.gov.au/topics/national-notifiable-diseases-surveillance-system-nndss,microsoft_bi,all,Australia NINDSS,https://www.health.gov.au/topics/national-notifiable-diseases-surveillance-system-nndss,microsoft_bi
disease,D096,cryptosporidiosis,Cryptosporidiosis,public_projection,AU-ACT,"Australian Capital Territory, Australia",D096,Cryptosporidiosis,隐孢子虫病,Parasitic,2000-09-01,2000-09,0,0,,,0.0,abs_computed,,,,,,,,,,,,,,,,,,,,,,legacy_fallback,legacy_fallback,,legacy_identity_may_be_lossy,,0,No eligible registered case-count series facts are available for this disease and country; the public curve uses the legacy flat table.,all,Australia NINDSS — Australian Capital Territory,https://www.cdc.gov.au/resources/apps-and-tools/nndss-data-visualisation-tool,microsoft_bi,all,Australia NINDSS — Australian Capital Territory,https://www.cdc.gov.au/resources/apps-and-tools/nndss-data-visualisation-tool,microsoft_bi
disease,D096,cryptosporidiosis,Cryptosporidiosis,public_projection,AU-NSW,"New South Wales, Australia",D096,Cryptosporidiosis,隐孢子虫病,Parasitic,2000-09-01,2000-09,0,0,,,0.0,abs_computed,,,,,,,,,,,,,,,,,,,,,,legacy_fallback,legacy_fallback,,legacy_identity_may_be_lossy,,0,No eligible registered case-count series facts are available for this disease and country; the public curve uses the legacy flat table.,all,Australia NINDSS — New South Wales,https://www.cdc.gov.au/resources/apps-and-tools/nndss-data-visualisation-tool,microsoft_bi,all,Australia NINDSS — New South Wales,https://www.cdc.gov.au/resources/apps-and-tools/nndss-data-visualisation-tool,microsoft_bi
disease,D096,cryptosporidiosis,Cryptosporidiosis,public_projection,AU-NT,"Northern Territory, Australia",D096,Cryptosporidiosis,隐孢子虫病,Parasitic,2000-09-01,2000-09,0,0,,,0.0,abs_computed,,,,,,,,,,,,,,,,,,,,,,legacy_fallback,legacy_fallback,,legacy_identity_may_be_lossy,,0,No eligible registered case-count series facts are available for this disease and country; the public curve uses the legacy flat table.,all,Australia NINDSS — Northern Territory,https://www.cdc.gov.au/resources/apps-and-tools/nndss-data-visualisation-tool,microsoft_bi,all,Australia NINDSS — Northern Territory,https://www.cdc.gov.au/resources/apps-and-tools/nndss-data-visualisation-tool,microsoft_bi
disease,D096,cryptosporidiosis,Cryptosporidiosis,public_projection,AU-QLD,"Queensland, Australia",D096,Cryptosporidiosis,隐孢子虫病,Parasitic,2000-09-01,2000-09,0,0,,,0.0,abs_computed,,,,,,,,,,,,,,,,,,,,,,legacy_fallback,legacy_fallback,,legacy_identity_may_be_lossy,,0,No eligible registered case-count series facts are available for this disease and country; the public curve uses the legacy flat table.,all,Australia NINDSS — Queensland,https://www.cdc.gov.au/resources/apps-and-tools/nndss-data-visualisation-tool,microsoft_bi,all,Australia NINDSS — Queensland,https://www.cdc.gov.au/resources/apps-and-tools/nndss-data-visualisation-tool,microsoft_bi
disease,D096,cryptosporidiosis,Cryptosporidiosis,public_projection,AU-SA,"South Australia, Australia",D096,Cryptosporidiosis,隐孢子虫病,Parasitic,2000-09-01,2000-09,0,0,,,0.0,abs_computed,,,,,,,,,,,,,,,,,,,,,,legacy_fallback,legacy_fallback,,legacy_identity_may_be_lossy,,0,No eligible registered case-count series facts are available for this disease and country; the public curve uses the legacy flat table.,all,Australia NINDSS — South Australia,https://www.cdc.gov.au/resources/apps-and-tools/nndss-data-visualisation-tool,microsoft_bi,all,Australia NINDSS — South Australia,https://www.cdc.gov.au/resources/apps-and-tools/nndss-data-visualisation-tool,microsoft_bi
disease,D096,cryptosporidiosis,Cryptosporidiosis,public_projection,AU-TAS,"Tasmania, Australia",D096,Cryptosporidiosis,隐孢子虫病,Parasitic,2000-09-01,2000-09,0,0,,,0.0,abs_computed,,,,,,,,,,,,,,,,,,,,,,legacy_fallback,legacy_fallback,,legacy_identity_may_be_lossy,,0,No eligible registered case-count series facts are available for this disease and country; the public curve uses the legacy flat table.,all,Australia NINDSS — Tasmania,https://www.cdc.gov.au/resources/apps-and-tools/nndss-data-visualisation-tool,microsoft_bi,all,Australia NINDSS — Tasmania,https://www.cdc.gov.au/resources/apps-and-tools/nndss-data-visualisation-tool,microsoft_bi
disease,D096,cryptosporidiosis,Cryptosporidiosis,public_projection,AU-VIC,"Victoria, Australia",D096,Cryptosporidiosis,隐孢子虫病,Parasitic,2000-09-01,2000-09,0,0,,,0.0,abs_computed,,,,,,,,,,,,,,,,,,,,,,legacy_fallback,legacy_fallback,,legacy_identity_may_be_lossy,,0,No eligible registered case-count series facts are available for this disease and country; the public curve uses the legacy flat table.,all,Australia NINDSS — Victoria,https://www.cdc.gov.au/resources/apps-and-tools/nndss-data-visualisation-tool,microsoft_bi,all,Australia NINDSS — Victoria,https://www.cdc.gov.au/resources/apps-and-tools/nndss-data-visualisation-tool,microsoft_bi
disease,D096,cryptosporidiosis,Cryptosporidiosis,public_projection,AU-WA,"Western Australia, Australia",D096,Cryptosporidiosis,隐孢子虫病,Parasitic,2000-09-01,2000-09,0,0,,,0.0,abs_computed,,,,,,,,,,,,,,,,,,,,,,legacy_fallback,legacy_fallback,,legacy_identity_may_be_lossy,,0,No eligible registered case-count series facts are available for this disease and country; the public curve uses the legacy flat table.,all,Australia NINDSS — Western Australia,https://www.cdc.gov.au/resources/apps-and-tools/nndss-data-visualisation-tool,microsoft_bi,all,Australia NINDSS — Western Australia,https://www.cdc.gov.au/resources/apps-and-tools/nndss-data-visualisation-tool,microsoft_bi
disease,D096,cryptosporidiosis,Cryptosporidiosis,public_projection,FI,Finland,D096,Cryptosporidiosis,隐孢子虫病,Parasitic,2000-09-01,2000-09,1,1,,,0.019319186086554013,wpp_computed,,SER_FI_THL_TTR_1270,,,,,,monthly,,,,,,,,,,,,,,series_registry,representative_series,legacy_gap_fill_blocked_incompatible,non_additive_series_not_rolled_up,SER_FI_THL_TTR_1270,2,Multiple registered series are not declared safely additive. The compatibility curve uses one representative series; inspect source_series for every retained definition. Legacy rows with a different reporting grain or comparison basis were not joined to this curve.,thl_ttr,Finland THL Infectious Diseases Register,https://sampo.thl.fi/pivot/prod/en/ttr/cases/fact_ttr_cases,cube_csv,thl_ttr,Finland THL Infectious Diseases Register,https://sampo.thl.fi/pivot/prod/en/ttr/cases/fact_ttr_cases,cube_csv
disease,D096,cryptosporidiosis,Cryptosporidiosis,source_series_observation,FI,Finland,D096,Cryptosporidiosis,隐孢子虫病,Parasitic,2000-09-01,2000-09,1,1,,,,,,SER_FI_THL_TTR_1270,SER_FI_THL_TTR_1270,SRC_FI_THL_TTR,Cryptosporidiosis,case_notifications,national_notifiable_disease_registry,monthly,count,country:FI:national,all,exact,conditional,non_additive,active,missing_is_unknown,FI_THL_TTR_reporting_group,Finland THL national monthly notification series; THL reporting group code 1270.,,provisional; raw,True,series_registry,representative_series,legacy_gap_fill_blocked_incompatible,non_additive_series_not_rolled_up,SER_FI_THL_TTR_1270,2,Multiple registered series are not declared safely additive. The compatibility curve uses one representative series; inspect source_series for every retained definition. Legacy rows with a different reporting grain or comparison basis were not joined to this curve.,thl_ttr,Finland THL Infectious Diseases Register,https://sampo.thl.fi/pivot/prod/en/ttr/cases/fact_ttr_cases,cube_csv,thl_ttr,Finland THL Infectious Diseases Register,https://sampo.thl.fi/pivot/prod/en/ttr/cases/fact_ttr_cases,cube_csv
disease,D096,cryptosporidiosis,Cryptosporidiosis,public_projection,AU,Australia,D096,Cryptosporidiosis,隐孢子虫病,Parasitic,2000-10-01,2000-10,0,0,,0,0.0,wpp_computed,,,,,,,,,,,,,,,,,,,,,,legacy_fallback,legacy_fallback,,legacy_identity_may_be_lossy,,0,No eligible registered case-count series facts are available for this disease and country; the public curve uses the legacy flat table.,all,Australia NINDSS,https://www.health.gov.au/topics/national-notifiable-diseases-surveillance-system-nndss,microsoft_bi,all,Australia NINDSS,https://www.health.gov.au/topics/national-notifiable-diseases-surveillance-system-nndss,microsoft_bi
disease,D096,cryptosporidiosis,Cryptosporidiosis,public_projection,AU-ACT,"Australian Capital Territory, Australia",D096,Cryptosporidiosis,隐孢子虫病,Parasitic,2000-10-01,2000-10,0,0,,,0.0,abs_computed,,,,,,,,,,,,,,,,,,,,,,legacy_fallback,legacy_fallback,,legacy_identity_may_be_lossy,,0,No eligible registered case-count series facts are available for this disease and country; the public curve uses the legacy flat table.,all,Australia NINDSS — Australian Capital Territory,https://www.cdc.gov.au/resources/apps-and-tools/nndss-data-visualisation-tool,microsoft_bi,all,Australia NINDSS — Australian Capital Territory,https://www.cdc.gov.au/resources/apps-and-tools/nndss-data-visualisation-tool,microsoft_bi
disease,D096,cryptosporidiosis,Cryptosporidiosis,public_projection,AU-NSW,"New South Wales, Australia",D096,Cryptosporidiosis,隐孢子虫病,Parasitic,2000-10-01,2000-10,0,0,,,0.0,abs_computed,,,,,,,,,,,,,,,,,,,,,,legacy_fallback,legacy_fallback,,legacy_identity_may_be_lossy,,0,No eligible registered case-count series facts are available for this disease and country; the public curve uses the legacy flat table.,all,Australia NINDSS — New South Wales,https://www.cdc.gov.au/resources/apps-and-tools/nndss-data-visualisation-tool,microsoft_bi,all,Australia NINDSS — New South Wales,https://www.cdc.gov.au/resources/apps-and-tools/nndss-data-visualisation-tool,microsoft_bi
disease,D096,cryptosporidiosis,Cryptosporidiosis,public_projection,AU-NT,"Northern Territory, Australia",D096,Cryptosporidiosis,隐孢子虫病,Parasitic,2000-10-01,2000-10,0,0,,,0.0,abs_computed,,,,,,,,,,,,,,,,,,,,,,legacy_fallback,legacy_fallback,,legacy_identity_may_be_lossy,,0,No eligible registered case-count series facts are available for this disease and country; the public curve uses the legacy flat table.,all,Australia NINDSS — Northern Territory,https://www.cdc.gov.au/resources/apps-and-tools/nndss-data-visualisation-tool,microsoft_bi,all,Australia NINDSS — Northern Territory,https://www.cdc.gov.au/resources/apps-and-tools/nndss-data-visualisation-tool,microsoft_bi
disease,D096,cryptosporidiosis,Cryptosporidiosis,public_projection,AU-QLD,"Queensland, Australia",D096,Cryptosporidiosis,隐孢子虫病,Parasitic,2000-10-01,2000-10,0,0,,,0.0,abs_computed,,,,,,,,,,,,,,,,,,,,,,legacy_fallback,legacy_fallback,,legacy_identity_may_be_lossy,,0,No eligible registered case-count series facts are available for this disease and country; the public curve uses the legacy flat table.,all,Australia NINDSS — Queensland,https://www.cdc.gov.au/resources/apps-and-tools/nndss-data-visualisation-tool,microsoft_bi,all,Australia NINDSS — Queensland,https://www.cdc.gov.au/resources/apps-and-tools/nndss-data-visualisation-tool,microsoft_bi
disease,D096,cryptosporidiosis,Cryptosporidiosis,public_projection,AU-SA,"South Australia, Australia",D096,Cryptosporidiosis,隐孢子虫病,Parasitic,2000-10-01,2000-10,0,0,,,0.0,abs_computed,,,,,,,,,,,,,,,,,,,,,,legacy_fallback,legacy_fallback,,legacy_identity_may_be_lossy,,0,No eligible registered case-count series facts are available for this disease and country; the public curve uses the legacy flat table.,all,Australia NINDSS — South Australia,https://www.cdc.gov.au/resources/apps-and-tools/nndss-data-visualisation-tool,microsoft_bi,all,Australia NINDSS — South Australia,https://www.cdc.gov.au/resources/apps-and-tools/nndss-data-visualisation-tool,microsoft_bi
disease,D096,cryptosporidiosis,Cryptosporidiosis,public_projection,AU-TAS,"Tasmania, Australia",D096,Cryptosporidiosis,隐孢子虫病,Parasitic,2000-10-01,2000-10,0,0,,,0.0,abs_computed,,,,,,,,,,,,,,,,,,,,,,legacy_fallback,legacy_fallback,,legacy_identity_may_be_lossy,,0,No eligible registered case-count series facts are available for this disease and country; the public curve uses the legacy flat table.,all,Australia NINDSS — Tasmania,https://www.cdc.gov.au/resources/apps-and-tools/nndss-data-visualisation-tool,microsoft_bi,all,Australia NINDSS — Tasmania,https://www.cdc.gov.au/resources/apps-and-tools/nndss-data-visualisation-tool,microsoft_bi
disease,D096,cryptosporidiosis,Cryptosporidiosis,public_projection,AU-VIC,"Victoria, Australia",D096,Cryptosporidiosis,隐孢子虫病,Parasitic,2000-10-01,2000-10,0,0,,,0.0,abs_computed,,,,,,,,,,,,,,,,,,,,,,legacy_fallback,legacy_fallback,,legacy_identity_may_be_lossy,,0,No eligible registered case-count series facts are available for this disease and country; the public curve uses the legacy flat table.,all,Australia NINDSS — Victoria,https://www.cdc.gov.au/resources/apps-and-tools/nndss-data-visualisation-tool,microsoft_bi,all,Australia NINDSS — Victoria,https://www.cdc.gov.au/resources/apps-and-tools/nndss-data-visualisation-tool,microsoft_bi
disease,D096,cryptosporidiosis,Cryptosporidiosis,public_projection,AU-WA,"Western Australia, Australia",D096,Cryptosporidiosis,隐孢子虫病,Parasitic,2000-10-01,2000-10,0,0,,,0.0,abs_computed,,,,,,,,,,,,,,,,,,,,,,legacy_fallback,legacy_fallback,,legacy_identity_may_be_lossy,,0,No eligible registered case-count series facts are available for this disease and country; the public curve uses the legacy flat table.,all,Australia NINDSS — Western Australia,https://www.cdc.gov.au/resources/apps-and-tools/nndss-data-visualisation-tool,microsoft_bi,all,Australia NINDSS — Western Australia,https://www.cdc.gov.au/resources/apps-and-tools/nndss-data-visualisation-tool,microsoft_bi
disease,D096,cryptosporidiosis,Cryptosporidiosis,public_projection,FI,Finland,D096,Cryptosporidiosis,隐孢子虫病,Parasitic,2000-10-01,2000-10,0,0,,,0.0,wpp_computed,,SER_FI_THL_TTR_1270,,,,,,monthly,,,,,,,,,,,,,,series_registry,representative_series,legacy_gap_fill_blocked_incompatible,non_additive_series_not_rolled_up,SER_FI_THL_TTR_1270,2,Multiple registered series are not declared safely additive. The compatibility curve uses one representative series; inspect source_series for every retained definition. Legacy rows with a different reporting grain or comparison basis were not joined to this curve.,thl_ttr,Finland THL Infectious Diseases Register,https://sampo.thl.fi/pivot/prod/en/ttr/cases/fact_ttr_cases,cube_csv,thl_ttr,Finland THL Infectious Diseases Register,https://sampo.thl.fi/pivot/prod/en/ttr/cases/fact_ttr_cases,cube_csv
disease,D096,cryptosporidiosis,Cryptosporidiosis,source_series_observation,FI,Finland,D096,Cryptosporidiosis,隐孢子虫病,Parasitic,2000-10-01,2000-10,0,0,,,,,,SER_FI_THL_TTR_1270,SER_FI_THL_TTR_1270,SRC_FI_THL_TTR,Cryptosporidiosis,case_notifications,national_notifiable_disease_registry,monthly,count,country:FI:national,all,exact,conditional,non_additive,active,missing_is_unknown,FI_THL_TTR_reporting_group,Finland THL national monthly notification series; THL reporting group code 1270.,,provisional; raw,True,series_registry,representative_series,legacy_gap_fill_blocked_incompatible,non_additive_series_not_rolled_up,SER_FI_THL_TTR_1270,2,Multiple registered series are not declared safely additive. The compatibility curve uses one representative series; inspect source_series for every retained definition. Legacy rows with a different reporting grain or comparison basis were not joined to this curve.,thl_ttr,Finland THL Infectious Diseases Register,https://sampo.thl.fi/pivot/prod/en/ttr/cases/fact_ttr_cases,cube_csv,thl_ttr,Finland THL Infectious Diseases Register,https://sampo.thl.fi/pivot/prod/en/ttr/cases/fact_ttr_cases,cube_csv
disease,D096,cryptosporidiosis,Cryptosporidiosis,public_projection,AU,Australia,D096,Cryptosporidiosis,隐孢子虫病,Parasitic,2000-11-01,2000-11,0,0,,0,0.0,wpp_computed,,,,,,,,,,,,,,,,,,,,,,legacy_fallback,legacy_fallback,,legacy_identity_may_be_lossy,,0,No eligible registered case-count series facts are available for this disease and country; the public curve uses the legacy flat table.,all,Australia NINDSS,https://www.health.gov.au/topics/national-notifiable-diseases-surveillance-system-nndss,microsoft_bi,all,Australia NINDSS,https://www.health.gov.au/topics/national-notifiable-diseases-surveillance-system-nndss,microsoft_bi
disease,D096,cryptosporidiosis,Cryptosporidiosis,public_projection,AU-ACT,"Australian Capital Territory, Australia",D096,Cryptosporidiosis,隐孢子虫病,Parasitic,2000-11-01,2000-11,0,0,,,0.0,abs_computed,,,,,,,,,,,,,,,,,,,,,,legacy_fallback,legacy_fallback,,legacy_identity_may_be_lossy,,0,No eligible registered case-count series facts are available for this disease and country; the public curve uses the legacy flat table.,all,Australia NINDSS — Australian Capital Territory,https://www.cdc.gov.au/resources/apps-and-tools/nndss-data-visualisation-tool,microsoft_bi,all,Australia NINDSS — Australian Capital Territory,https://www.cdc.gov.au/resources/apps-and-tools/nndss-data-visualisation-tool,microsoft_bi
disease,D096,cryptosporidiosis,Cryptosporidiosis,public_projection,AU-NSW,"New South Wales, Australia",D096,Cryptosporidiosis,隐孢子虫病,Parasitic,2000-11-01,2000-11,0,0,,,0.0,abs_computed,,,,,,,,,,,,,,,,,,,,,,legacy_fallback,legacy_fallback,,legacy_identity_may_be_lossy,,0,No eligible registered case-count series facts are available for this disease and country; the public curve uses the legacy flat table.,all,Australia NINDSS — New South Wales,https://www.cdc.gov.au/resources/apps-and-tools/nndss-data-visualisation-tool,microsoft_bi,all,Australia NINDSS — New South Wales,https://www.cdc.gov.au/resources/apps-and-tools/nndss-data-visualisation-tool,microsoft_bi
disease,D096,cryptosporidiosis,Cryptosporidiosis,public_projection,AU-NT,"Northern Territory, Australia",D096,Cryptosporidiosis,隐孢子虫病,Parasitic,2000-11-01,2000-11,0,0,,,0.0,abs_computed,,,,,,,,,,,,,,,,,,,,,,legacy_fallback,legacy_fallback,,legacy_identity_may_be_lossy,,0,No eligible registered case-count series facts are available for this disease and country; the public curve uses the legacy flat table.,all,Australia NINDSS — Northern Territory,https://www.cdc.gov.au/resources/apps-and-tools/nndss-data-visualisation-tool,microsoft_bi,all,Australia NINDSS — Northern Territory,https://www.cdc.gov.au/resources/apps-and-tools/nndss-data-visualisation-tool,microsoft_bi
disease,D096,cryptosporidiosis,Cryptosporidiosis,public_projection,AU-QLD,"Queensland, Australia",D096,Cryptosporidiosis,隐孢子虫病,Parasitic,2000-11-01,2000-11,0,0,,,0.0,abs_computed,,,,,,,,,,,,,,,,,,,,,,legacy_fallback,legacy_fallback,,legacy_identity_may_be_lossy,,0,No eligible registered case-count series facts are available for this disease and country; the public curve uses the legacy flat table.,all,Australia NINDSS — Queensland,https://www.cdc.gov.au/resources/apps-and-tools/nndss-data-visualisation-tool,microsoft_bi,all,Australia NINDSS — Queensland,https://www.cdc.gov.au/resources/apps-and-tools/nndss-data-visualisation-tool,microsoft_bi
disease,D096,cryptosporidiosis,Cryptosporidiosis,public_projection,AU-SA,"South Australia, Australia",D096,Cryptosporidiosis,隐孢子虫病,Parasitic,2000-11-01,2000-11,0,0,,,0.0,abs_computed,,,,,,,,,,,,,,,,,,,,,,legacy_fallback,legacy_fallback,,legacy_identity_may_be_lossy,,0,No eligible registered case-count series facts are available for this disease and country; the public curve uses the legacy flat table.,all,Australia NINDSS — South Australia,https://www.cdc.gov.au/resources/apps-and-tools/nndss-data-visualisation-tool,microsoft_bi,all,Australia NINDSS — South Australia,https://www.cdc.gov.au/resources/apps-and-tools/nndss-data-visualisation-tool,microsoft_bi
disease,D096,cryptosporidiosis,Cryptosporidiosis,public_projection,AU-TAS,"Tasmania, Australia",D096,Cryptosporidiosis,隐孢子虫病,Parasitic,2000-11-01,2000-11,0,0,,,0.0,abs_computed,,,,,,,,,,,,,,,,,,,,,,legacy_fallback,legacy_fallback,,legacy_identity_may_be_lossy,,0,No eligible registered case-count series facts are available for this disease and country; the public curve uses the legacy flat table.,all,Australia NINDSS — Tasmania,https://www.cdc.gov.au/resources/apps-and-tools/nndss-data-visualisation-tool,microsoft_bi,all,Australia NINDSS — Tasmania,https://www.cdc.gov.au/resources/apps-and-tools/nndss-data-visualisation-tool,microsoft_bi
disease,D096,cryptosporidiosis,Cryptosporidiosis,public_projection,AU-VIC,"Victoria, Australia",D096,Cryptosporidiosis,隐孢子虫病,Parasitic,2000-11-01,2000-11,0,0,,,0.0,abs_computed,,,,,,,,,,,,,,,,,,,,,,legacy_fallback,legacy_fallback,,legacy_identity_may_be_lossy,,0,No eligible registered case-count series facts are available for this disease and country; the public curve uses the legacy flat table.,all,Australia NINDSS — Victoria,https://www.cdc.gov.au/resources/apps-and-tools/nndss-data-visualisation-tool,microsoft_bi,all,Australia NINDSS — Victoria,https://www.cdc.gov.au/resources/apps-and-tools/nndss-data-visualisation-tool,microsoft_bi
disease,D096,cryptosporidiosis,Cryptosporidiosis,public_projection,AU-WA,"Western Australia, Australia",D096,Cryptosporidiosis,隐孢子虫病,Parasitic,2000-11-01,2000-11,0,0,,,0.0,abs_computed,,,,,,,,,,,,,,,,,,,,,,legacy_fallback,legacy_fallback,,legacy_identity_may_be_lossy,,0,No eligible registered case-count series facts are available for this disease and country; the public curve uses the legacy flat table.,all,Australia NINDSS — Western Australia,https://www.cdc.gov.au/resources/apps-and-tools/nndss-data-visualisation-tool,microsoft_bi,all,Australia NINDSS — Western Australia,https://www.cdc.gov.au/resources/apps-and-tools/nndss-data-visualisation-tool,microsoft_bi
disease,D096,cryptosporidiosis,Cryptosporidiosis,public_projection,FI,Finland,D096,Cryptosporidiosis,隐孢子虫病,Parasitic,2000-11-01,2000-11,1,1,,,0.019319186086554013,wpp_computed,,SER_FI_THL_TTR_1270,,,,,,monthly,,,,,,,,,,,,,,series_registry,representative_series,legacy_gap_fill_blocked_incompatible,non_additive_series_not_rolled_up,SER_FI_THL_TTR_1270,2,Multiple registered series are not declared safely additive. The compatibility curve uses one representative series; inspect source_series for every retained definition. Legacy rows with a different reporting grain or comparison basis were not joined to this curve.,thl_ttr,Finland THL Infectious Diseases Register,https://sampo.thl.fi/pivot/prod/en/ttr/cases/fact_ttr_cases,cube_csv,thl_ttr,Finland THL Infectious Diseases Register,https://sampo.thl.fi/pivot/prod/en/ttr/cases/fact_ttr_cases,cube_csv
disease,D096,cryptosporidiosis,Cryptosporidiosis,source_series_observation,FI,Finland,D096,Cryptosporidiosis,隐孢子虫病,Parasitic,2000-11-01,2000-11,1,1,,,,,,SER_FI_THL_TTR_1270,SER_FI_THL_TTR_1270,SRC_FI_THL_TTR,Cryptosporidiosis,case_notifications,national_notifiable_disease_registry,monthly,count,country:FI:national,all,exact,conditional,non_additive,active,missing_is_unknown,FI_THL_TTR_reporting_group,Finland THL national monthly notification series; THL reporting group code 1270.,,provisional; raw,True,series_registry,representative_series,legacy_gap_fill_blocked_incompatible,non_additive_series_not_rolled_up,SER_FI_THL_TTR_1270,2,Multiple registered series are not declared safely additive. The compatibility curve uses one representative series; inspect source_series for every retained definition. Legacy rows with a different reporting grain or comparison basis were not joined to this curve.,thl_ttr,Finland THL Infectious Diseases Register,https://sampo.thl.fi/pivot/prod/en/ttr/cases/fact_ttr_cases,cube_csv,thl_ttr,Finland THL Infectious Diseases Register,https://sampo.thl.fi/pivot/prod/en/ttr/cases/fact_ttr_cases,cube_csv
disease,D096,cryptosporidiosis,Cryptosporidiosis,public_projection,AU,Australia,D096,Cryptosporidiosis,隐孢子虫病,Parasitic,2000-12-01,2000-12,0,0,,0,0.0,wpp_computed,,,,,,,,,,,,,,,,,,,,,,legacy_fallback,legacy_fallback,,legacy_identity_may_be_lossy,,0,No eligible registered case-count series facts are available for this disease and country; the public curve uses the legacy flat table.,all,Australia NINDSS,https://www.health.gov.au/topics/national-notifiable-diseases-surveillance-system-nndss,microsoft_bi,all,Australia NINDSS,https://www.health.gov.au/topics/national-notifiable-diseases-surveillance-system-nndss,microsoft_bi
disease,D096,cryptosporidiosis,Cryptosporidiosis,public_projection,AU-ACT,"Australian Capital Territory, Australia",D096,Cryptosporidiosis,隐孢子虫病,Parasitic,2000-12-01,2000-12,0,0,,,0.0,abs_computed,,,,,,,,,,,,,,,,,,,,,,legacy_fallback,legacy_fallback,,legacy_identity_may_be_lossy,,0,No eligible registered case-count series facts are available for this disease and country; the public curve uses the legacy flat table.,all,Australia NINDSS — Australian Capital Territory,https://www.cdc.gov.au/resources/apps-and-tools/nndss-data-visualisation-tool,microsoft_bi,all,Australia NINDSS — Australian Capital Territory,https://www.cdc.gov.au/resources/apps-and-tools/nndss-data-visualisation-tool,microsoft_bi
disease,D096,cryptosporidiosis,Cryptosporidiosis,public_projection,AU-NSW,"New South Wales, Australia",D096,Cryptosporidiosis,隐孢子虫病,Parasitic,2000-12-01,2000-12,0,0,,,0.0,abs_computed,,,,,,,,,,,,,,,,,,,,,,legacy_fallback,legacy_fallback,,legacy_identity_may_be_lossy,,0,No eligible registered case-count series facts are available for this disease and country; the public curve uses the legacy flat table.,all,Australia NINDSS — New South Wales,https://www.cdc.gov.au/resources/apps-and-tools/nndss-data-visualisation-tool,microsoft_bi,all,Australia NINDSS — New South Wales,https://www.cdc.gov.au/resources/apps-and-tools/nndss-data-visualisation-tool,microsoft_bi
disease,D096,cryptosporidiosis,Cryptosporidiosis,public_projection,AU-NT,"Northern Territory, Australia",D096,Cryptosporidiosis,隐孢子虫病,Parasitic,2000-12-01,2000-12,0,0,,,0.0,abs_computed,,,,,,,,,,,,,,,,,,,,,,legacy_fallback,legacy_fallback,,legacy_identity_may_be_lossy,,0,No eligible registered case-count series facts are available for this disease and country; the public curve uses the legacy flat table.,all,Australia NINDSS — Northern Territory,https://www.cdc.gov.au/resources/apps-and-tools/nndss-data-visualisation-tool,microsoft_bi,all,Australia NINDSS — Northern Territory,https://www.cdc.gov.au/resources/apps-and-tools/nndss-data-visualisation-tool,microsoft_bi
disease,D096,cryptosporidiosis,Cryptosporidiosis,public_projection,AU-QLD,"Queensland, Australia",D096,Cryptosporidiosis,隐孢子虫病,Parasitic,2000-12-01,2000-12,0,0,,,0.0,abs_computed,,,,,,,,,,,,,,,,,,,,,,legacy_fallback,legacy_fallback,,legacy_identity_may_be_lossy,,0,No eligible registered case-count series facts are available for this disease and country; the public curve uses the legacy flat table.,all,Australia NINDSS — Queensland,https://www.cdc.gov.au/resources/apps-and-tools/nndss-data-visualisation-tool,microsoft_bi,all,Australia NINDSS — Queensland,https://www.cdc.gov.au/resources/apps-and-tools/nndss-data-visualisation-tool,microsoft_bi
disease,D096,cryptosporidiosis,Cryptosporidiosis,public_projection,AU-SA,"South Australia, Australia",D096,Cryptosporidiosis,隐孢子虫病,Parasitic,2000-12-01,2000-12,0,0,,,0.0,abs_computed,,,,,,,,,,,,,,,,,,,,,,legacy_fallback,legacy_fallback,,legacy_identity_may_be_lossy,,0,No eligible registered case-count series facts are available for this disease and country; the public curve uses the legacy flat table.,all,Australia NINDSS — South Australia,https://www.cdc.gov.au/resources/apps-and-tools/nndss-data-visualisation-tool,microsoft_bi,all,Australia NINDSS — South Australia,https://www.cdc.gov.au/resources/apps-and-tools/nndss-data-visualisation-tool,microsoft_bi
disease,D096,cryptosporidiosis,Cryptosporidiosis,public_projection,AU-TAS,"Tasmania, Australia",D096,Cryptosporidiosis,隐孢子虫病,Parasitic,2000-12-01,2000-12,0,0,,,0.0,abs_computed,,,,,,,,,,,,,,,,,,,,,,legacy_fallback,legacy_fallback,,legacy_identity_may_be_lossy,,0,No eligible registered case-count series facts are available for this disease and country; the public curve uses the legacy flat table.,all,Australia NINDSS — Tasmania,https://www.cdc.gov.au/resources/apps-and-tools/nndss-data-visualisation-tool,microsoft_bi,all,Australia NINDSS — Tasmania,https://www.cdc.gov.au/resources/apps-and-tools/nndss-data-visualisation-tool,microsoft_bi
disease,D096,cryptosporidiosis,Cryptosporidiosis,public_projection,AU-VIC,"Victoria, Australia",D096,Cryptosporidiosis,隐孢子虫病,Parasitic,2000-12-01,2000-12,0,0,,,0.0,abs_computed,,,,,,,,,,,,,,,,,,,,,,legacy_fallback,legacy_fallback,,legacy_identity_may_be_lossy,,0,No eligible registered case-count series facts are available for this disease and country; the public curve uses the legacy flat table.,all,Australia NINDSS — Victoria,https://www.cdc.gov.au/resources/apps-and-tools/nndss-data-visualisation-tool,microsoft_bi,all,Australia NINDSS — Victoria,https://www.cdc.gov.au/resources/apps-and-tools/nndss-data-visualisation-tool,microsoft_bi
disease,D096,cryptosporidiosis,Cryptosporidiosis,public_projection,AU-WA,"Western Australia, Australia",D096,Cryptosporidiosis,隐孢子虫病,Parasitic,2000-12-01,2000-12,0,0,,,0.0,abs_computed,,,,,,,,,,,,,,,,,,,,,,legacy_fallback,legacy_fallback,,legacy_identity_may_be_lossy,,0,No eligible registered case-count series facts are available for this disease and country; the public curve uses the legacy flat table.,all,Australia NINDSS — Western Australia,https://www.cdc.gov.au/resources/apps-and-tools/nndss-data-visualisation-tool,microsoft_bi,all,Australia NINDSS — Western Australia,https://www.cdc.gov.au/resources/apps-and-tools/nndss-data-visualisation-tool,microsoft_bi
disease,D096,cryptosporidiosis,Cryptosporidiosis,public_projection,FI,Finland,D096,Cryptosporidiosis,隐孢子虫病,Parasitic,2000-12-01,2000-12,0,0,,,0.0,wpp_computed,,SER_FI_THL_TTR_1270,,,,,,monthly,,,,,,,,,,,,,,series_registry,representative_series,legacy_gap_fill_blocked_incompatible,non_additive_series_not_rolled_up,SER_FI_THL_TTR_1270,2,Multiple registered series are not declared safely additive. The compatibility curve uses one representative series; inspect source_series for every retained definition. Legacy rows with a different reporting grain or comparison basis were not joined to this curve.,thl_ttr,Finland THL Infectious Diseases Register,https://sampo.thl.fi/pivot/prod/en/ttr/cases/fact_ttr_cases,cube_csv,thl_ttr,Finland THL Infectious Diseases Register,https://sampo.thl.fi/pivot/prod/en/ttr/cases/fact_ttr_cases,cube_csv
disease,D096,cryptosporidiosis,Cryptosporidiosis,source_series_observation,FI,Finland,D096,Cryptosporidiosis,隐孢子虫病,Parasitic,2000-12-01,2000-12,0,0,,,,,,SER_FI_THL_TTR_1270,SER_FI_THL_TTR_1270,SRC_FI_THL_TTR,Cryptosporidiosis,case_notifications,national_notifiable_disease_registry,monthly,count,country:FI:national,all,exact,conditional,non_additive,active,missing_is_unknown,FI_THL_TTR_reporting_group,Finland THL national monthly notification series; THL reporting group code 1270.,,provisional; raw,True,series_registry,representative_series,legacy_gap_fill_blocked_incompatible,non_additive_series_not_rolled_up,SER_FI_THL_TTR_1270,2,Multiple registered series are not declared safely additive. The compatibility curve uses one representative series; inspect source_series for every retained definition. Legacy rows with a different reporting grain or comparison basis were not joined to this curve.,thl_ttr,Finland THL Infectious Diseases Register,https://sampo.thl.fi/pivot/prod/en/ttr/cases/fact_ttr_cases,cube_csv,thl_ttr,Finland THL Infectious Diseases Register,https://sampo.thl.fi/pivot/prod/en/ttr/cases/fact_ttr_cases,cube_csv
disease,D096,cryptosporidiosis,Cryptosporidiosis,public_projection,AU,Australia,D096,Cryptosporidiosis,隐孢子虫病,Parasitic,2001-01-01,2001-01,203,203,,0,1.0482595457586723,wpp_computed,,,,,,,,,,,,,,,,,,,,,,legacy_fallback,legacy_fallback,,legacy_identity_may_be_lossy,,0,No eligible registered case-count series facts are available for this disease and country; the public curve uses the legacy flat table.,all,Australia NINDSS,https://www.health.gov.au/topics/national-notifiable-diseases-surveillance-system-nndss,microsoft_bi,all,Australia NINDSS,https://www.health.gov.au/topics/national-notifiable-diseases-surveillance-system-nndss,microsoft_bi
disease,D096,cryptosporidiosis,Cryptosporidiosis,public_projection,AU-ACT,"Australian Capital Territory, Australia",D096,Cryptosporidiosis,隐孢子虫病,Parasitic,2001-01-01,2001-01,,,,,,missing_population,,,,,,,,,,,,,,,,,,,,,,legacy_fallback,legacy_fallback,,legacy_identity_may_be_lossy,,0,No eligible registered case-count series facts are available for this disease and country; the public curve uses the legacy flat table.,all,Australia NINDSS — Australian Capital Territory,https://www.cdc.gov.au/resources/apps-and-tools/nndss-data-visualisation-tool,microsoft_bi,all,Australia NINDSS — Australian Capital Territory,https://www.cdc.gov.au/resources/apps-and-tools/nndss-data-visualisation-tool,microsoft_bi
disease,D096,cryptosporidiosis,Cryptosporidiosis,public_projection,AU-NSW,"New South Wales, Australia",D096,Cryptosporidiosis,隐孢子虫病,Parasitic,2001-01-01,2001-01,24,24,,,0.3675148142924674,abs_computed,,,,,,,,,,,,,,,,,,,,,,legacy_fallback,legacy_fallback,,legacy_identity_may_be_lossy,,0,No eligible registered case-count series facts are available for this disease and country; the public curve uses the legacy flat table.,all,Australia NINDSS — New South Wales,https://www.cdc.gov.au/resources/apps-and-tools/nndss-data-visualisation-tool,microsoft_bi,all,Australia NINDSS — New South Wales,https://www.cdc.gov.au/resources/apps-and-tools/nndss-data-visualisation-tool,microsoft_bi
disease,D096,cryptosporidiosis,Cryptosporidiosis,public_projection,AU-NT,"Northern Territory, Australia",D096,Cryptosporidiosis,隐孢子虫病,Parasitic,2001-01-01,2001-01,35,35,,,17.348805163004418,abs_computed,,,,,,,,,,,,,,,,,,,,,,legacy_fallback,legacy_fallback,,legacy_identity_may_be_lossy,,0,No eligible registered case-count series facts are available for this disease and country; the public curve uses the legacy flat table.,all,Australia NINDSS — Northern Territory,https://www.cdc.gov.au/resources/apps-and-tools/nndss-data-visualisation-tool,microsoft_bi,all,Australia NINDSS — Northern Territory,https://www.cdc.gov.au/resources/apps-and-tools/nndss-data-visualisation-tool,microsoft_bi
disease,D096,cryptosporidiosis,Cryptosporidiosis,public_projection,AU-QLD,"Queensland, Australia",D096,Cryptosporidiosis,隐孢子虫病,Parasitic,2001-01-01,2001-01,32,32,,,0.8959898573948143,abs_computed,,,,,,,,,,,,,,,,,,,,,,legacy_fallback,legacy_fallback,,legacy_identity_may_be_lossy,,0,No eligible registered case-count series facts are available for this disease and country; the public curve uses the legacy flat table.,all,Australia NINDSS — Queensland,https://www.cdc.gov.au/resources/apps-and-tools/nndss-data-visualisation-tool,microsoft_bi,all,Australia NINDSS — Queensland,https://www.cdc.gov.au/resources/apps-and-tools/nndss-data-visualisation-tool,microsoft_bi
disease,D096,cryptosporidiosis,Cryptosporidiosis,public_projection,AU-SA,"South Australia, Australia",D096,Cryptosporidiosis,隐孢子虫病,Parasitic,2001-01-01,2001-01,10,10,,,0.6651319854655359,abs_computed,,,,,,,,,,,,,,,,,,,,,,legacy_fallback,legacy_fallback,,legacy_identity_may_be_lossy,,0,No eligible registered case-count series facts are available for this disease and country; the public curve uses the legacy flat table.,all,Australia NINDSS — South Australia,https://www.cdc.gov.au/resources/apps-and-tools/nndss-data-visualisation-tool,microsoft_bi,all,Australia NINDSS — South Australia,https://www.cdc.gov.au/resources/apps-and-tools/nndss-data-visualisation-tool,microsoft_bi
disease,D096,cryptosporidiosis,Cryptosporidiosis,public_projection,AU-TAS,"Tasmania, Australia",D096,Cryptosporidiosis,隐孢子虫病,Parasitic,2001-01-01,2001-01,5,5,,,1.055591680248613,abs_computed,,,,,,,,,,,,,,,,,,,,,,legacy_fallback,legacy_fallback,,legacy_identity_may_be_lossy,,0,No eligible registered case-count series facts are available for this disease and country; the public curve uses the legacy flat table.,all,Australia NINDSS — Tasmania,https://www.cdc.gov.au/resources/apps-and-tools/nndss-data-visualisation-tool,microsoft_bi,all,Australia NINDSS — Tasmania,https://www.cdc.gov.au/resources/apps-and-tools/nndss-data-visualisation-tool,microsoft_bi
disease,D096,cryptosporidiosis,Cryptosporidiosis,public_projection,AU-VIC,"Victoria, Australia",D096,Cryptosporidiosis,隐孢子虫病,Parasitic,2001-01-01,2001-01,55,55,,,1.1545853306784868,abs_computed,,,,,,,,,,,,,,,,,,,,,,legacy_fallback,legacy_fallback,,legacy_identity_may_be_lossy,,0,No eligible registered case-count series facts are available for this disease and country; the public curve uses the legacy flat table.,all,Australia NINDSS — Victoria,https://www.cdc.gov.au/resources/apps-and-tools/nndss-data-visualisation-tool,microsoft_bi,all,Australia NINDSS — Victoria,https://www.cdc.gov.au/resources/apps-and-tools/nndss-data-visualisation-tool,microsoft_bi
disease,D096,cryptosporidiosis,Cryptosporidiosis,public_projection,AU-WA,"Western Australia, Australia",D096,Cryptosporidiosis,隐孢子虫病,Parasitic,2001-01-01,2001-01,40,40,,,2.0983342373656675,abs_computed,,,,,,,,,,,,,,,,,,,,,,legacy_fallback,legacy_fallback,,legacy_identity_may_be_lossy,,0,No eligible registered case-count series facts are available for this disease and country; the public curve uses the legacy flat table.,all,Australia NINDSS — Western Australia,https://www.cdc.gov.au/resources/apps-and-tools/nndss-data-visualisation-tool,microsoft_bi,all,Australia NINDSS — Western Australia,https://www.cdc.gov.au/resources/apps-and-tools/nndss-data-visualisation-tool,microsoft_bi
disease,D096,cryptosporidiosis,Cryptosporidiosis,public_projection,CA,Canada,D096,Cryptosporidiosis,隐孢子虫病,Parasitic,2001-01-01,2001-01,1763,1763,,,5.648183160808516,wpp_computed,,SER_CA_PHAC_CNDSS_D176_ANNUAL,,,,,,annual,,,,,,,,,,,,,,series_registry,single_series,parity,,SER_CA_PHAC_CNDSS_D176_ANNUAL,1,The public curve is read directly from one registered source series.,all,Canada PHAC CNDSS Annual,https://diseases.canada.ca/notifiable/extract-dataset,web,all,Canada PHAC CNDSS Annual,https://diseases.canada.ca/notifiable/extract-dataset,web
disease,D096,cryptosporidiosis,Cryptosporidiosis,source_series_observation,CA,Canada,D096,Cryptosporidiosis,隐孢子虫病,Parasitic,2001-01-01,2001-01,1763,1763,,,,,,SER_CA_PHAC_CNDSS_D176_ANNUAL,SER_CA_PHAC_CNDSS_D176_ANNUAL,SRC_CA_PHAC_CNDSS,Cryptosporidiosis,case_notifications,provincial_territorial_voluntary_notifications_national,annual,count,country:CA:national,all,exact,conditional,non_additive,active,missing_is_unknown,CNDSS_NATIONAL_ANNUAL_2026_08,PHAC CNDSS national annual reported count assembled from voluntary provincial and territorial submissions. Disease-specific reporting coverage and definitions vary over time; null cells are unknown and explicit zeroes are retained.,,raw,True,series_registry,single_series,parity,,SER_CA_PHAC_CNDSS_D176_ANNUAL,1,The public curve is read directly from one registered source series.,all,Canada PHAC CNDSS Annual,https://diseases.canada.ca/notifiable/extract-dataset,web,all,Canada PHAC CNDSS Annual,https://diseases.canada.ca/notifiable/extract-dataset,web
disease,D096,cryptosporidiosis,Cryptosporidiosis,public_projection,FI,Finland,D096,Cryptosporidiosis,隐孢子虫病,Parasitic,2001-01-01,2001-01,1,1,,,0.019275358324092405,wpp_computed,,SER_FI_THL_TTR_1270,,,,,,monthly,,,,,,,,,,,,,,series_registry,representative_series,legacy_gap_fill_blocked_incompatible,non_additive_series_not_rolled_up,SER_FI_THL_TTR_1270,2,Multiple registered series are not declared safely additive. The compatibility curve uses one representative series; inspect source_series for every retained definition. Legacy rows with a different reporting grain or comparison basis were not joined to this curve.,thl_ttr,Finland THL Infectious Diseases Register,https://sampo.thl.fi/pivot/prod/en/ttr/cases/fact_ttr_cases,cube_csv,thl_ttr,Finland THL Infectious Diseases Register,https://sampo.thl.fi/pivot/prod/en/ttr/cases/fact_ttr_cases,cube_csv
disease,D096,cryptosporidiosis,Cryptosporidiosis,source_series_observation,FI,Finland,D096,Cryptosporidiosis,隐孢子虫病,Parasitic,2001-01-01,2001-01,1,1,,,,,,SER_FI_THL_TTR_1270,SER_FI_THL_TTR_1270,SRC_FI_THL_TTR,Cryptosporidiosis,case_notifications,national_notifiable_disease_registry,monthly,count,country:FI:national,all,exact,conditional,non_additive,active,missing_is_unknown,FI_THL_TTR_reporting_group,Finland THL national monthly notification series; THL reporting group code 1270.,,provisional; raw,True,series_registry,representative_series,legacy_gap_fill_blocked_incompatible,non_additive_series_not_rolled_up,SER_FI_THL_TTR_1270,2,Multiple registered series are not declared safely additive. The compatibility curve uses one representative series; inspect source_series for every retained definition. Legacy rows with a different reporting grain or comparison basis were not joined to this curve.,thl_ttr,Finland THL Infectious Diseases Register,https://sampo.thl.fi/pivot/prod/en/ttr/cases/fact_ttr_cases,cube_csv,thl_ttr,Finland THL Infectious Diseases Register,https://sampo.thl.fi/pivot/prod/en/ttr/cases/fact_ttr_cases,cube_csv
disease,D096,cryptosporidiosis,Cryptosporidiosis,public_projection,AU,Australia,D096,Cryptosporidiosis,隐孢子虫病,Parasitic,2001-02-01,2001-02,132,132,,0,0.6816268967494814,wpp_computed,,,,,,,,,,,,,,,,,,,,,,legacy_fallback,legacy_fallback,,legacy_identity_may_be_lossy,,0,No eligible registered case-count series facts are available for this disease and country; the public curve uses the legacy flat table.,all,Australia NINDSS,https://www.health.gov.au/topics/national-notifiable-diseases-surveillance-system-nndss,microsoft_bi,all,Australia NINDSS,https://www.health.gov.au/topics/national-notifiable-diseases-surveillance-system-nndss,microsoft_bi
disease,D096,cryptosporidiosis,Cryptosporidiosis,public_projection,AU-ACT,"Australian Capital Territory, Australia",D096,Cryptosporidiosis,隐孢子虫病,Parasitic,2001-02-01,2001-02,,,,,,missing_population,,,,,,,,,,,,,,,,,,,,,,legacy_fallback,legacy_fallback,,legacy_identity_may_be_lossy,,0,No eligible registered case-count series facts are available for this disease and country; the public curve uses the legacy flat table.,all,Australia NINDSS — Australian Capital Territory,https://www.cdc.gov.au/resources/apps-and-tools/nndss-data-visualisation-tool,microsoft_bi,all,Australia NINDSS — Australian Capital Territory,https://www.cdc.gov.au/resources/apps-and-tools/nndss-data-visualisation-tool,microsoft_bi
disease,D096,cryptosporidiosis,Cryptosporidiosis,public_projection,AU-NSW,"New South Wales, Australia",D096,Cryptosporidiosis,隐孢子虫病,Parasitic,2001-02-01,2001-02,15,15,,,0.2296967589327921,abs_computed,,,,,,,,,,,,,,,,,,,,,,legacy_fallback,legacy_fallback,,legacy_identity_may_be_lossy,,0,No eligible registered case-count series facts are available for this disease and country; the public curve uses the legacy flat table.,all,Australia NINDSS — New South Wales,https://www.cdc.gov.au/resources/apps-and-tools/nndss-data-visualisation-tool,microsoft_bi,all,Australia NINDSS — New South Wales,https://www.cdc.gov.au/resources/apps-and-tools/nndss-data-visualisation-tool,microsoft_bi
disease,D096,cryptosporidiosis,Cryptosporidiosis,public_projection,AU-NT,"Northern Territory, Australia",D096,Cryptosporidiosis,隐孢子虫病,Parasitic,2001-02-01,2001-02,35,35,,,17.348805163004418,abs_computed,,,,,,,,,,,,,,,,,,,,,,legacy_fallback,legacy_fallback,,legacy_identity_may_be_lossy,,0,No eligible registered case-count series facts are available for this disease and country; the public curve uses the legacy flat table.,all,Australia NINDSS — Northern Territory,https://www.cdc.gov.au/resources/apps-and-tools/nndss-data-visualisation-tool,microsoft_bi,all,Australia NINDSS — Northern Territory,https://www.cdc.gov.au/resources/apps-and-tools/nndss-data-visualisation-tool,microsoft_bi
disease,D096,cryptosporidiosis,Cryptosporidiosis,public_projection,AU-QLD,"Queensland, Australia",D096,Cryptosporidiosis,隐孢子虫病,Parasitic,2001-02-01,2001-02,34,34,,,0.9519892234819901,abs_computed,,,,,,,,,,,,,,,,,,,,,,legacy_fallback,legacy_fallback,,legacy_identity_may_be_lossy,,0,No eligible registered case-count series facts are available for this disease and country; the public curve uses the legacy flat table.,all,Australia NINDSS — Queensland,https://www.cdc.gov.au/resources/apps-and-tools/nndss-data-visualisation-tool,microsoft_bi,all,Australia NINDSS — Queensland,https://www.cdc.gov.au/resources/apps-and-tools/nndss-data-visualisation-tool,microsoft_bi
disease,D096,cryptosporidiosis,Cryptosporidiosis,public_projection,AU-SA,"South Australia, Australia",D096,Cryptosporidiosis,隐孢子虫病,Parasitic,2001-02-01,2001-02,5,5,,,0.33256599273276793,abs_computed,,,,,,,,,,,,,,,,,,,,,,legacy_fallback,legacy_fallback,,legacy_identity_may_be_lossy,,0,No eligible registered case-count series facts are available for this disease and country; the public curve uses the legacy flat table.,all,Australia NINDSS — South Australia,https://www.cdc.gov.au/resources/apps-and-tools/nndss-data-visualisation-tool,microsoft_bi,all,Australia NINDSS — South Australia,https://www.cdc.gov.au/resources/apps-and-tools/nndss-data-visualisation-tool,microsoft_bi
disease,D096,cryptosporidiosis,Cryptosporidiosis,public_projection,AU-TAS,"Tasmania, Australia",D096,Cryptosporidiosis,隐孢子虫病,Parasitic,2001-02-01,2001-02,,,,,,missing_population,,,,,,,,,,,,,,,,,,,,,,legacy_fallback,legacy_fallback,,legacy_identity_may_be_lossy,,0,No eligible registered case-count series facts are available for this disease and country; the public curve uses the legacy flat table.,all,Australia NINDSS — Tasmania,https://www.cdc.gov.au/resources/apps-and-tools/nndss-data-visualisation-tool,microsoft_bi,all,Australia NINDSS — Tasmania,https://www.cdc.gov.au/resources/apps-and-tools/nndss-data-visualisation-tool,microsoft_bi
disease,D096,cryptosporidiosis,Cryptosporidiosis,public_projection,AU-VIC,"Victoria, Australia",D096,Cryptosporidiosis,隐孢子虫病,Parasitic,2001-02-01,2001-02,35,35,,,0.7347361195226735,abs_computed,,,,,,,,,,,,,,,,,,,,,,legacy_fallback,legacy_fallback,,legacy_identity_may_be_lossy,,0,No eligible registered case-count series facts are available for this disease and country; the public curve uses the legacy flat table.,all,Australia NINDSS — Victoria,https://www.cdc.gov.au/resources/apps-and-tools/nndss-data-visualisation-tool,microsoft_bi,all,Australia NINDSS — Victoria,https://www.cdc.gov.au/resources/apps-and-tools/nndss-data-visualisation-tool,microsoft_bi
disease,D096,cryptosporidiosis,Cryptosporidiosis,public_projection,AU-WA,"Western Australia, Australia",D096,Cryptosporidiosis,隐孢子虫病,Parasitic,2001-02-01,2001-02,5,5,,,0.26229177967070844,abs_computed,,,,,,,,,,,,,,,,,,,,,,legacy_fallback,legacy_fallback,,legacy_identity_may_be_lossy,,0,No eligible registered case-count series facts are available for this disease and country; the public curve uses the legacy flat table.,all,Australia NINDSS — Western Australia,https://www.cdc.gov.au/resources/apps-and-tools/nndss-data-visualisation-tool,microsoft_bi,all,Australia NINDSS — Western Australia,https://www.cdc.gov.au/resources/apps-and-tools/nndss-data-visualisation-tool,microsoft_bi
disease,D096,cryptosporidiosis,Cryptosporidiosis,public_projection,FI,Finland,D096,Cryptosporidiosis,隐孢子虫病,Parasitic,2001-02-01,2001-02,2,2,,,0.03855071664818481,wpp_computed,,SER_FI_THL_TTR_1270,,,,,,monthly,,,,,,,,,,,,,,series_registry,representative_series,legacy_gap_fill_blocked_incompatible,non_additive_series_not_rolled_up,SER_FI_THL_TTR_1270,2,Multiple registered series are not declared safely additive. The compatibility curve uses one representative series; inspect source_series for every retained definition. Legacy rows with a different reporting grain or comparison basis were not joined to this curve.,thl_ttr,Finland THL Infectious Diseases Register,https://sampo.thl.fi/pivot/prod/en/ttr/cases/fact_ttr_cases,cube_csv,thl_ttr,Finland THL Infectious Diseases Register,https://sampo.thl.fi/pivot/prod/en/ttr/cases/fact_ttr_cases,cube_csv
disease,D096,cryptosporidiosis,Cryptosporidiosis,source_series_observation,FI,Finland,D096,Cryptosporidiosis,隐孢子虫病,Parasitic,2001-02-01,2001-02,2,2,,,,,,SER_FI_THL_TTR_1270,SER_FI_THL_TTR_1270,SRC_FI_THL_TTR,Cryptosporidiosis,case_notifications,national_notifiable_disease_registry,monthly,count,country:FI:national,all,exact,conditional,non_additive,active,missing_is_unknown,FI_THL_TTR_reporting_group,Finland THL national monthly notification series; THL reporting group code 1270.,,provisional; raw,True,series_registry,representative_series,legacy_gap_fill_blocked_incompatible,non_additive_series_not_rolled_up,SER_FI_THL_TTR_1270,2,Multiple registered series are not declared safely additive. The compatibility curve uses one representative series; inspect source_series for every retained definition. Legacy rows with a different reporting grain or comparison basis were not joined to this curve.,thl_ttr,Finland THL Infectious Diseases Register,https://sampo.thl.fi/pivot/prod/en/ttr/cases/fact_ttr_cases,cube_csv,thl_ttr,Finland THL Infectious Diseases Register,https://sampo.thl.fi/pivot/prod/en/ttr/cases/fact_ttr_cases,cube_csv
disease,D096,cryptosporidiosis,Cryptosporidiosis,public_projection,AU,Australia,D096,Cryptosporidiosis,隐孢子虫病,Parasitic,2001-03-01,2001-03,198,198,,0,1.022440345124222,wpp_computed,,,,,,,,,,,,,,,,,,,,,,legacy_fallback,legacy_fallback,,legacy_identity_may_be_lossy,,0,No eligible registered case-count series facts are available for this disease and country; the public curve uses the legacy flat table.,all,Australia NINDSS,https://www.health.gov.au/topics/national-notifiable-diseases-surveillance-system-nndss,microsoft_bi,all,Australia NINDSS,https://www.health.gov.au/topics/national-notifiable-diseases-surveillance-system-nndss,microsoft_bi
disease,D096,cryptosporidiosis,Cryptosporidiosis,public_projection,AU-ACT,"Australian Capital Territory, Australia",D096,Cryptosporidiosis,隐孢子虫病,Parasitic,2001-03-01,2001-03,,,,,,missing_population,,,,,,,,,,,,,,,,,,,,,,legacy_fallback,legacy_fallback,,legacy_identity_may_be_lossy,,0,No eligible registered case-count series facts are available for this disease and country; the public curve uses the legacy flat table.,all,Australia NINDSS — Australian Capital Territory,https://www.cdc.gov.au/resources/apps-and-tools/nndss-data-visualisation-tool,microsoft_bi,all,Australia NINDSS — Australian Capital Territory,https://www.cdc.gov.au/resources/apps-and-tools/nndss-data-visualisation-tool,microsoft_bi
disease,D096,cryptosporidiosis,Cryptosporidiosis,public_projection,AU-NSW,"New South Wales, Australia",D096,Cryptosporidiosis,隐孢子虫病,Parasitic,2001-03-01,2001-03,19,19,,,0.29094922798153666,abs_computed,,,,,,,,,,,,,,,,,,,,,,legacy_fallback,legacy_fallback,,legacy_identity_may_be_lossy,,0,No eligible registered case-count series facts are available for this disease and country; the public curve uses the legacy flat table.,all,Australia NINDSS — New South Wales,https://www.cdc.gov.au/resources/apps-and-tools/nndss-data-visualisation-tool,microsoft_bi,all,Australia NINDSS — New South Wales,https://www.cdc.gov.au/resources/apps-and-tools/nndss-data-visualisation-tool,microsoft_bi
disease,D096,cryptosporidiosis,Cryptosporidiosis,public_projection,AU-NT,"Northern Territory, Australia",D096,Cryptosporidiosis,隐孢子虫病,Parasitic,2001-03-01,2001-03,42,42,,,20.8185661956053,abs_computed,,,,,,,,,,,,,,,,,,,,,,legacy_fallback,legacy_fallback,,legacy_identity_may_be_lossy,,0,No eligible registered case-count series facts are available for this disease and country; the public curve uses the legacy flat table.,all,Australia NINDSS — Northern Territory,https://www.cdc.gov.au/resources/apps-and-tools/nndss-data-visualisation-tool,microsoft_bi,all,Australia NINDSS — Northern Territory,https://www.cdc.gov.au/resources/apps-and-tools/nndss-data-visualisation-tool,microsoft_bi
disease,D096,cryptosporidiosis,Cryptosporidiosis,public_projection,AU-QLD,"Queensland, Australia",D096,Cryptosporidiosis,隐孢子虫病,Parasitic,2001-03-01,2001-03,43,43,,,1.2039863708742817,abs_computed,,,,,,,,,,,,,,,,,,,,,,legacy_fallback,legacy_fallback,,legacy_identity_may_be_lossy,,0,No eligible registered case-count series facts are available for this disease and country; the public curve uses the legacy flat table.,all,Australia NINDSS — Queensland,https://www.cdc.gov.au/resources/apps-and-tools/nndss-data-visualisation-tool,microsoft_bi,all,Australia NINDSS — Queensland,https://www.cdc.gov.au/resources/apps-and-tools/nndss-data-visualisation-tool,microsoft_bi
disease,D096,cryptosporidiosis,Cryptosporidiosis,public_projection,AU-SA,"South Australia, Australia",D096,Cryptosporidiosis,隐孢子虫病,Parasitic,2001-03-01,2001-03,7,7,,,0.4655923898258751,abs_computed,,,,,,,,,,,,,,,,,,,,,,legacy_fallback,legacy_fallback,,legacy_identity_may_be_lossy,,0,No eligible registered case-count series facts are available for this disease and country; the public curve uses the legacy flat table.,all,Australia NINDSS — South Australia,https://www.cdc.gov.au/resources/apps-and-tools/nndss-data-visualisation-tool,microsoft_bi,all,Australia NINDSS — South Australia,https://www.cdc.gov.au/resources/apps-and-tools/nndss-data-visualisation-tool,microsoft_bi
disease,D096,cryptosporidiosis,Cryptosporidiosis,public_projection,AU-TAS,"Tasmania, Australia",D096,Cryptosporidiosis,隐孢子虫病,Parasitic,2001-03-01,2001-03,0,0,,,0.0,abs_computed,,,,,,,,,,,,,,,,,,,,,,legacy_fallback,legacy_fallback,,legacy_identity_may_be_lossy,,0,No eligible registered case-count series facts are available for this disease and country; the public curve uses the legacy flat table.,all,Australia NINDSS — Tasmania,https://www.cdc.gov.au/resources/apps-and-tools/nndss-data-visualisation-tool,microsoft_bi,all,Australia NINDSS — Tasmania,https://www.cdc.gov.au/resources/apps-and-tools/nndss-data-visualisation-tool,microsoft_bi
disease,D096,cryptosporidiosis,Cryptosporidiosis,public_projection,AU-VIC,"Victoria, Australia",D096,Cryptosporidiosis,隐孢子虫病,Parasitic,2001-03-01,2001-03,76,76,,,1.5954270023920911,abs_computed,,,,,,,,,,,,,,,,,,,,,,legacy_fallback,legacy_fallback,,legacy_identity_may_be_lossy,,0,No eligible registered case-count series facts are available for this disease and country; the public curve uses the legacy flat table.,all,Australia NINDSS — Victoria,https://www.cdc.gov.au/resources/apps-and-tools/nndss-data-visualisation-tool,microsoft_bi,all,Australia NINDSS — Victoria,https://www.cdc.gov.au/resources/apps-and-tools/nndss-data-visualisation-tool,microsoft_bi
disease,D096,cryptosporidiosis,Cryptosporidiosis,public_projection,AU-WA,"Western Australia, Australia",D096,Cryptosporidiosis,隐孢子虫病,Parasitic,2001-03-01,2001-03,10,10,,,0.5245835593414169,abs_computed,,,,,,,,,,,,,,,,,,,,,,legacy_fallback,legacy_fallback,,legacy_identity_may_be_lossy,,0,No eligible registered case-count series facts are available for this disease and country; the public curve uses the legacy flat table.,all,Australia NINDSS — Western Australia,https://www.cdc.gov.au/resources/apps-and-tools/nndss-data-visualisation-tool,microsoft_bi,all,Australia NINDSS — Western Australia,https://www.cdc.gov.au/resources/apps-and-tools/nndss-data-visualisation-tool,microsoft_bi
disease,D096,cryptosporidiosis,Cryptosporidiosis,public_projection,FI,Finland,D096,Cryptosporidiosis,隐孢子虫病,Parasitic,2001-03-01,2001-03,0,0,,,0.0,wpp_computed,,SER_FI_THL_TTR_1270,,,,,,monthly,,,,,,,,,,,,,,series_registry,representative_series,legacy_gap_fill_blocked_incompatible,non_additive_series_not_rolled_up,SER_FI_THL_TTR_1270,2,Multiple registered series are not declared safely additive. The compatibility curve uses one representative series; inspect source_series for every retained definition. Legacy rows with a different reporting grain or comparison basis were not joined to this curve.,thl_ttr,Finland THL Infectious Diseases Register,https://sampo.thl.fi/pivot/prod/en/ttr/cases/fact_ttr_cases,cube_csv,thl_ttr,Finland THL Infectious Diseases Register,https://sampo.thl.fi/pivot/prod/en/ttr/cases/fact_ttr_cases,cube_csv
disease,D096,cryptosporidiosis,Cryptosporidiosis,source_series_observation,FI,Finland,D096,Cryptosporidiosis,隐孢子虫病,Parasitic,2001-03-01,2001-03,0,0,,,,,,SER_FI_THL_TTR_1270,SER_FI_THL_TTR_1270,SRC_FI_THL_TTR,Cryptosporidiosis,case_notifications,national_notifiable_disease_registry,monthly,count,country:FI:national,all,exact,conditional,non_additive,active,missing_is_unknown,FI_THL_TTR_reporting_group,Finland THL national monthly notification series; THL reporting group code 1270.,,provisional; raw,True,series_registry,representative_series,legacy_gap_fill_blocked_incompatible,non_additive_series_not_rolled_up,SER_FI_THL_TTR_1270,2,Multiple registered series are not declared safely additive. The compatibility curve uses one representative series; inspect source_series for every retained definition. Legacy rows with a different reporting grain or comparison basis were not joined to this curve.,thl_ttr,Finland THL Infectious Diseases Register,https://sampo.thl.fi/pivot/prod/en/ttr/cases/fact_ttr_cases,cube_csv,thl_ttr,Finland THL Infectious Diseases Register,https://sampo.thl.fi/pivot/prod/en/ttr/cases/fact_ttr_cases,cube_csv
disease,D096,cryptosporidiosis,Cryptosporidiosis,public_projection,AU,Australia,D096,Cryptosporidiosis,隐孢子虫病,Parasitic,2001-04-01,2001-04,140,140,,0,0.7229376177646015,wpp_computed,,,,,,,,,,,,,,,,,,,,,,legacy_fallback,legacy_fallback,,legacy_identity_may_be_lossy,,0,No eligible registered case-count series facts are available for this disease and country; the public curve uses the legacy flat table.,all,Australia NINDSS,https://www.health.gov.au/topics/national-notifiable-diseases-surveillance-system-nndss,microsoft_bi,all,Australia NINDSS,https://www.health.gov.au/topics/national-notifiable-diseases-surveillance-system-nndss,microsoft_bi
disease,D096,cryptosporidiosis,Cryptosporidiosis,public_projection,AU-ACT,"Australian Capital Territory, Australia",D096,Cryptosporidiosis,隐孢子虫病,Parasitic,2001-04-01,2001-04,0,0,,,0.0,abs_computed,,,,,,,,,,,,,,,,,,,,,,legacy_fallback,legacy_fallback,,legacy_identity_may_be_lossy,,0,No eligible registered case-count series facts are available for this disease and country; the public curve uses the legacy flat table.,all,Australia NINDSS — Australian Capital Territory,https://www.cdc.gov.au/resources/apps-and-tools/nndss-data-visualisation-tool,microsoft_bi,all,Australia NINDSS — Australian Capital Territory,https://www.cdc.gov.au/resources/apps-and-tools/nndss-data-visualisation-tool,microsoft_bi
disease,D096,cryptosporidiosis,Cryptosporidiosis,public_projection,AU-NSW,"New South Wales, Australia",D096,Cryptosporidiosis,隐孢子虫病,Parasitic,2001-04-01,2001-04,17,17,,,0.26032299345716436,abs_computed,,,,,,,,,,,,,,,,,,,,,,legacy_fallback,legacy_fallback,,legacy_identity_may_be_lossy,,0,No eligible registered case-count series facts are available for this disease and country; the public curve uses the legacy flat table.,all,Australia NINDSS — New South Wales,https://www.cdc.gov.au/resources/apps-and-tools/nndss-data-visualisation-tool,microsoft_bi,all,Australia NINDSS — New South Wales,https://www.cdc.gov.au/resources/apps-and-tools/nndss-data-visualisation-tool,microsoft_bi
disease,D096,cryptosporidiosis,Cryptosporidiosis,public_projection,AU-NT,"Northern Territory, Australia",D096,Cryptosporidiosis,隐孢子虫病,Parasitic,2001-04-01,2001-04,36,36,,,17.844485310518827,abs_computed,,,,,,,,,,,,,,,,,,,,,,legacy_fallback,legacy_fallback,,legacy_identity_may_be_lossy,,0,No eligible registered case-count series facts are available for this disease and country; the public curve uses the legacy flat table.,all,Australia NINDSS — Northern Territory,https://www.cdc.gov.au/resources/apps-and-tools/nndss-data-visualisation-tool,microsoft_bi,all,Australia NINDSS — Northern Territory,https://www.cdc.gov.au/resources/apps-and-tools/nndss-data-visualisation-tool,microsoft_bi
disease,D096,cryptosporidiosis,Cryptosporidiosis,public_projection,AU-QLD,"Queensland, Australia",D096,Cryptosporidiosis,隐孢子虫病,Parasitic,2001-04-01,2001-04,33,33,,,0.9239895404384023,abs_computed,,,,,,,,,,,,,,,,,,,,,,legacy_fallback,legacy_fallback,,legacy_identity_may_be_lossy,,0,No eligible registered case-count series facts are available for this disease and country; the public curve uses the legacy flat table.,all,Australia NINDSS — Queensland,https://www.cdc.gov.au/resources/apps-and-tools/nndss-data-visualisation-tool,microsoft_bi,all,Australia NINDSS — Queensland,https://www.cdc.gov.au/resources/apps-and-tools/nndss-data-visualisation-tool,microsoft_bi
disease,D096,cryptosporidiosis,Cryptosporidiosis,public_projection,AU-SA,"South Australia, Australia",D096,Cryptosporidiosis,隐孢子虫病,Parasitic,2001-04-01,2001-04,8,8,,,0.5321055883724287,abs_computed,,,,,,,,,,,,,,,,,,,,,,legacy_fallback,legacy_fallback,,legacy_identity_may_be_lossy,,0,No eligible registered case-count series facts are available for this disease and country; the public curve uses the legacy flat table.,all,Australia NINDSS — South Australia,https://www.cdc.gov.au/resources/apps-and-tools/nndss-data-visualisation-tool,microsoft_bi,all,Australia NINDSS — South Australia,https://www.cdc.gov.au/resources/apps-and-tools/nndss-data-visualisation-tool,microsoft_bi
disease,D096,cryptosporidiosis,Cryptosporidiosis,public_projection,AU-TAS,"Tasmania, Australia",D096,Cryptosporidiosis,隐孢子虫病,Parasitic,2001-04-01,2001-04,0,0,,,0.0,abs_computed,,,,,,,,,,,,,,,,,,,,,,legacy_fallback,legacy_fallback,,legacy_identity_may_be_lossy,,0,No eligible registered case-count series facts are available for this disease and country; the public curve uses the legacy flat table.,all,Australia NINDSS — Tasmania,https://www.cdc.gov.au/resources/apps-and-tools/nndss-data-visualisation-tool,microsoft_bi,all,Australia NINDSS — Tasmania,https://www.cdc.gov.au/resources/apps-and-tools/nndss-data-visualisation-tool,microsoft_bi
disease,D096,cryptosporidiosis,Cryptosporidiosis,public_projection,AU-VIC,"Victoria, Australia",D096,Cryptosporidiosis,隐孢子虫病,Parasitic,2001-04-01,2001-04,43,43,,,0.9026758039849988,abs_computed,,,,,,,,,,,,,,,,,,,,,,legacy_fallback,legacy_fallback,,legacy_identity_may_be_lossy,,0,No eligible registered case-count series facts are available for this disease and country; the public curve uses the legacy flat table.,all,Australia NINDSS — Victoria,https://www.cdc.gov.au/resources/apps-and-tools/nndss-data-visualisation-tool,microsoft_bi,all,Australia NINDSS — Victoria,https://www.cdc.gov.au/resources/apps-and-tools/nndss-data-visualisation-tool,microsoft_bi
disease,D096,cryptosporidiosis,Cryptosporidiosis,public_projection,AU-WA,"Western Australia, Australia",D096,Cryptosporidiosis,隐孢子虫病,Parasitic,2001-04-01,2001-04,,,,,,missing_population,,,,,,,,,,,,,,,,,,,,,,legacy_fallback,legacy_fallback,,legacy_identity_may_be_lossy,,0,No eligible registered case-count series facts are available for this disease and country; the public curve uses the legacy flat table.,all,Australia NINDSS — Western Australia,https://www.cdc.gov.au/resources/apps-and-tools/nndss-data-visualisation-tool,microsoft_bi,all,Australia NINDSS — Western Australia,https://www.cdc.gov.au/resources/apps-and-tools/nndss-data-visualisation-tool,microsoft_bi
disease,D096,cryptosporidiosis,Cryptosporidiosis,public_projection,FI,Finland,D096,Cryptosporidiosis,隐孢子虫病,Parasitic,2001-04-01,2001-04,1,1,,,0.019275358324092405,wpp_computed,,SER_FI_THL_TTR_1270,,,,,,monthly,,,,,,,,,,,,,,series_registry,representative_series,legacy_gap_fill_blocked_incompatible,non_additive_series_not_rolled_up,SER_FI_THL_TTR_1270,2,Multiple registered series are not declared safely additive. The compatibility curve uses one representative series; inspect source_series for every retained definition. Legacy rows with a different reporting grain or comparison basis were not joined to this curve.,thl_ttr,Finland THL Infectious Diseases Register,https://sampo.thl.fi/pivot/prod/en/ttr/cases/fact_ttr_cases,cube_csv,thl_ttr,Finland THL Infectious Diseases Register,https://sampo.thl.fi/pivot/prod/en/ttr/cases/fact_ttr_cases,cube_csv
disease,D096,cryptosporidiosis,Cryptosporidiosis,source_series_observation,FI,Finland,D096,Cryptosporidiosis,隐孢子虫病,Parasitic,2001-04-01,2001-04,1,1,,,,,,SER_FI_THL_TTR_1270,SER_FI_THL_TTR_1270,SRC_FI_THL_TTR,Cryptosporidiosis,case_notifications,national_notifiable_disease_registry,monthly,count,country:FI:national,all,exact,conditional,non_additive,active,missing_is_unknown,FI_THL_TTR_reporting_group,Finland THL national monthly notification series; THL reporting group code 1270.,,provisional; raw,True,series_registry,representative_series,legacy_gap_fill_blocked_incompatible,non_additive_series_not_rolled_up,SER_FI_THL_TTR_1270,2,Multiple registered series are not declared safely additive. The compatibility curve uses one representative series; inspect source_series for every retained definition. Legacy rows with a different reporting grain or comparison basis were not joined to this curve.,thl_ttr,Finland THL Infectious Diseases Register,https://sampo.thl.fi/pivot/prod/en/ttr/cases/fact_ttr_cases,cube_csv,thl_ttr,Finland THL Infectious Diseases Register,https://sampo.thl.fi/pivot/prod/en/ttr/cases/fact_ttr_cases,cube_csv
disease,D096,cryptosporidiosis,Cryptosporidiosis,public_projection,AU,Australia,D096,Cryptosporidiosis,隐孢子虫病,Parasitic,2001-05-01,2001-05,123,123,,0,0.6351523356074713,wpp_computed,,,,,,,,,,,,,,,,,,,,,,legacy_fallback,legacy_fallback,,legacy_identity_may_be_lossy,,0,No eligible registered case-count series facts are available for this disease and country; the public curve uses the legacy flat table.,all,Australia NINDSS,https://www.health.gov.au/topics/national-notifiable-diseases-surveillance-system-nndss,microsoft_bi,all,Australia NINDSS,https://www.health.gov.au/topics/national-notifiable-diseases-surveillance-system-nndss,microsoft_bi
disease,D096,cryptosporidiosis,Cryptosporidiosis,public_projection,AU-ACT,"Australian Capital Territory, Australia",D096,Cryptosporidiosis,隐孢子虫病,Parasitic,2001-05-01,2001-05,0,0,,,0.0,abs_computed,,,,,,,,,,,,,,,,,,,,,,legacy_fallback,legacy_fallback,,legacy_identity_may_be_lossy,,0,No eligible registered case-count series facts are available for this disease and country; the public curve uses the legacy flat table.,all,Australia NINDSS — Australian Capital Territory,https://www.cdc.gov.au/resources/apps-and-tools/nndss-data-visualisation-tool,microsoft_bi,all,Australia NINDSS — Australian Capital Territory,https://www.cdc.gov.au/resources/apps-and-tools/nndss-data-visualisation-tool,microsoft_bi
disease,D096,cryptosporidiosis,Cryptosporidiosis,public_projection,AU-NSW,"New South Wales, Australia",D096,Cryptosporidiosis,隐孢子虫病,Parasitic,2001-05-01,2001-05,18,18,,,0.2756361107193505,abs_computed,,,,,,,,,,,,,,,,,,,,,,legacy_fallback,legacy_fallback,,legacy_identity_may_be_lossy,,0,No eligible registered case-count series facts are available for this disease and country; the public curve uses the legacy flat table.,all,Australia NINDSS — New South Wales,https://www.cdc.gov.au/resources/apps-and-tools/nndss-data-visualisation-tool,microsoft_bi,all,Australia NINDSS — New South Wales,https://www.cdc.gov.au/resources/apps-and-tools/nndss-data-visualisation-tool,microsoft_bi
disease,D096,cryptosporidiosis,Cryptosporidiosis,public_projection,AU-NT,"Northern Territory, Australia",D096,Cryptosporidiosis,隐孢子虫病,Parasitic,2001-05-01,2001-05,18,18,,,8.922242655259414,abs_computed,,,,,,,,,,,,,,,,,,,,,,legacy_fallback,legacy_fallback,,legacy_identity_may_be_lossy,,0,No eligible registered case-count series facts are available for this disease and country; the public curve uses the legacy flat table.,all,Australia NINDSS — Northern Territory,https://www.cdc.gov.au/resources/apps-and-tools/nndss-data-visualisation-tool,microsoft_bi,all,Australia NINDSS — Northern Territory,https://www.cdc.gov.au/resources/apps-and-tools/nndss-data-visualisation-tool,microsoft_bi
disease,D096,cryptosporidiosis,Cryptosporidiosis,public_projection,AU-QLD,"Queensland, Australia",D096,Cryptosporidiosis,隐孢子虫病,Parasitic,2001-05-01,2001-05,34,34,,,0.9519892234819901,abs_computed,,,,,,,,,,,,,,,,,,,,,,legacy_fallback,legacy_fallback,,legacy_identity_may_be_lossy,,0,No eligible registered case-count series facts are available for this disease and country; the public curve uses the legacy flat table.,all,Australia NINDSS — Queensland,https://www.cdc.gov.au/resources/apps-and-tools/nndss-data-visualisation-tool,microsoft_bi,all,Australia NINDSS — Queensland,https://www.cdc.gov.au/resources/apps-and-tools/nndss-data-visualisation-tool,microsoft_bi
disease,D096,cryptosporidiosis,Cryptosporidiosis,public_projection,AU-SA,"South Australia, Australia",D096,Cryptosporidiosis,隐孢子虫病,Parasitic,2001-05-01,2001-05,7,7,,,0.4655923898258751,abs_computed,,,,,,,,,,,,,,,,,,,,,,legacy_fallback,legacy_fallback,,legacy_identity_may_be_lossy,,0,No eligible registered case-count series facts are available for this disease and country; the public curve uses the legacy flat table.,all,Australia NINDSS — South Australia,https://www.cdc.gov.au/resources/apps-and-tools/nndss-data-visualisation-tool,microsoft_bi,all,Australia NINDSS — South Australia,https://www.cdc.gov.au/resources/apps-and-tools/nndss-data-visualisation-tool,microsoft_bi
disease,D096,cryptosporidiosis,Cryptosporidiosis,public_projection,AU-TAS,"Tasmania, Australia",D096,Cryptosporidiosis,隐孢子虫病,Parasitic,2001-05-01,2001-05,,,,,,missing_population,,,,,,,,,,,,,,,,,,,,,,legacy_fallback,legacy_fallback,,legacy_identity_may_be_lossy,,0,No eligible registered case-count series facts are available for this disease and country; the public curve uses the legacy flat table.,all,Australia NINDSS — Tasmania,https://www.cdc.gov.au/resources/apps-and-tools/nndss-data-visualisation-tool,microsoft_bi,all,Australia NINDSS — Tasmania,https://www.cdc.gov.au/resources/apps-and-tools/nndss-data-visualisation-tool,microsoft_bi
disease,D096,cryptosporidiosis,Cryptosporidiosis,public_projection,AU-VIC,"Victoria, Australia",D096,Cryptosporidiosis,隐孢子虫病,Parasitic,2001-05-01,2001-05,58,58,,,1.2175627123518589,abs_computed,,,,,,,,,,,,,,,,,,,,,,legacy_fallback,legacy_fallback,,legacy_identity_may_be_lossy,,0,No eligible registered case-count series facts are available for this disease and country; the public curve uses the legacy flat table.,all,Australia NINDSS — Victoria,https://www.cdc.gov.au/resources/apps-and-tools/nndss-data-visualisation-tool,microsoft_bi,all,Australia NINDSS — Victoria,https://www.cdc.gov.au/resources/apps-and-tools/nndss-data-visualisation-tool,microsoft_bi
disease,D096,cryptosporidiosis,Cryptosporidiosis,public_projection,AU-WA,"Western Australia, Australia",D096,Cryptosporidiosis,隐孢子虫病,Parasitic,2001-05-01,2001-05,5,5,,,0.26229177967070844,abs_computed,,,,,,,,,,,,,,,,,,,,,,legacy_fallback,legacy_fallback,,legacy_identity_may_be_lossy,,0,No eligible registered case-count series facts are available for this disease and country; the public curve uses the legacy flat table.,all,Australia NINDSS — Western Australia,https://www.cdc.gov.au/resources/apps-and-tools/nndss-data-visualisation-tool,microsoft_bi,all,Australia NINDSS — Western Australia,https://www.cdc.gov.au/resources/apps-and-tools/nndss-data-visualisation-tool,microsoft_bi
disease,D096,cryptosporidiosis,Cryptosporidiosis,public_projection,FI,Finland,D096,Cryptosporidiosis,隐孢子虫病,Parasitic,2001-05-01,2001-05,0,0,,,0.0,wpp_computed,,SER_FI_THL_TTR_1270,,,,,,monthly,,,,,,,,,,,,,,series_registry,representative_series,legacy_gap_fill_blocked_incompatible,non_additive_series_not_rolled_up,SER_FI_THL_TTR_1270,2,Multiple registered series are not declared safely additive. The compatibility curve uses one representative series; inspect source_series for every retained definition. Legacy rows with a different reporting grain or comparison basis were not joined to this curve.,thl_ttr,Finland THL Infectious Diseases Register,https://sampo.thl.fi/pivot/prod/en/ttr/cases/fact_ttr_cases,cube_csv,thl_ttr,Finland THL Infectious Diseases Register,https://sampo.thl.fi/pivot/prod/en/ttr/cases/fact_ttr_cases,cube_csv
disease,D096,cryptosporidiosis,Cryptosporidiosis,source_series_observation,FI,Finland,D096,Cryptosporidiosis,隐孢子虫病,Parasitic,2001-05-01,2001-05,0,0,,,,,,SER_FI_THL_TTR_1270,SER_FI_THL_TTR_1270,SRC_FI_THL_TTR,Cryptosporidiosis,case_notifications,national_notifiable_disease_registry,monthly,count,country:FI:national,all,exact,conditional,non_additive,active,missing_is_unknown,FI_THL_TTR_reporting_group,Finland THL national monthly notification series; THL reporting group code 1270.,,provisional; raw,True,series_registry,representative_series,legacy_gap_fill_blocked_incompatible,non_additive_series_not_rolled_up,SER_FI_THL_TTR_1270,2,Multiple registered series are not declared safely additive. The compatibility curve uses one representative series; inspect source_series for every retained definition. Legacy rows with a different reporting grain or comparison basis were not joined to this curve.,thl_ttr,Finland THL Infectious Diseases Register,https://sampo.thl.fi/pivot/prod/en/ttr/cases/fact_ttr_cases,cube_csv,thl_ttr,Finland THL Infectious Diseases Register,https://sampo.thl.fi/pivot/prod/en/ttr/cases/fact_ttr_cases,cube_csv
disease,D096,cryptosporidiosis,Cryptosporidiosis,public_projection,AU,Australia,D096,Cryptosporidiosis,隐孢子虫病,Parasitic,2001-06-01,2001-06,99,99,,0,0.511220172562111,wpp_computed,,,,,,,,,,,,,,,,,,,,,,legacy_fallback,legacy_fallback,,legacy_identity_may_be_lossy,,0,No eligible registered case-count series facts are available for this disease and country; the public curve uses the legacy flat table.,all,Australia NINDSS,https://www.health.gov.au/topics/national-notifiable-diseases-surveillance-system-nndss,microsoft_bi,all,Australia NINDSS,https://www.health.gov.au/topics/national-notifiable-diseases-surveillance-system-nndss,microsoft_bi
disease,D096,cryptosporidiosis,Cryptosporidiosis,public_projection,AU-ACT,"Australian Capital Territory, Australia",D096,Cryptosporidiosis,隐孢子虫病,Parasitic,2001-06-01,2001-06,,,,,,missing_population,,,,,,,,,,,,,,,,,,,,,,legacy_fallback,legacy_fallback,,legacy_identity_may_be_lossy,,0,No eligible registered case-count series facts are available for this disease and country; the public curve uses the legacy flat table.,all,Australia NINDSS — Australian Capital Territory,https://www.cdc.gov.au/resources/apps-and-tools/nndss-data-visualisation-tool,microsoft_bi,all,Australia NINDSS — Australian Capital Territory,https://www.cdc.gov.au/resources/apps-and-tools/nndss-data-visualisation-tool,microsoft_bi
disease,D096,cryptosporidiosis,Cryptosporidiosis,public_projection,AU-NSW,"New South Wales, Australia",D096,Cryptosporidiosis,隐孢子虫病,Parasitic,2001-06-01,2001-06,12,12,,,0.1837574071462337,abs_computed,,,,,,,,,,,,,,,,,,,,,,legacy_fallback,legacy_fallback,,legacy_identity_may_be_lossy,,0,No eligible registered case-count series facts are available for this disease and country; the public curve uses the legacy flat table.,all,Australia NINDSS — New South Wales,https://www.cdc.gov.au/resources/apps-and-tools/nndss-data-visualisation-tool,microsoft_bi,all,Australia NINDSS — New South Wales,https://www.cdc.gov.au/resources/apps-and-tools/nndss-data-visualisation-tool,microsoft_bi
disease,D096,cryptosporidiosis,Cryptosporidiosis,public_projection,AU-NT,"Northern Territory, Australia",D096,Cryptosporidiosis,隐孢子虫病,Parasitic,2001-06-01,2001-06,37,37,,,18.34016545803324,abs_computed,,,,,,,,,,,,,,,,,,,,,,legacy_fallback,legacy_fallback,,legacy_identity_may_be_lossy,,0,No eligible registered case-count series facts are available for this disease and country; the public curve uses the legacy flat table.,all,Australia NINDSS — Northern Territory,https://www.cdc.gov.au/resources/apps-and-tools/nndss-data-visualisation-tool,microsoft_bi,all,Australia NINDSS — Northern Territory,https://www.cdc.gov.au/resources/apps-and-tools/nndss-data-visualisation-tool,microsoft_bi
disease,D096,cryptosporidiosis,Cryptosporidiosis,public_projection,AU-QLD,"Queensland, Australia",D096,Cryptosporidiosis,隐孢子虫病,Parasitic,2001-06-01,2001-06,17,17,,,0.47599461174099506,abs_computed,,,,,,,,,,,,,,,,,,,,,,legacy_fallback,legacy_fallback,,legacy_identity_may_be_lossy,,0,No eligible registered case-count series facts are available for this disease and country; the public curve uses the legacy flat table.,all,Australia NINDSS — Queensland,https://www.cdc.gov.au/resources/apps-and-tools/nndss-data-visualisation-tool,microsoft_bi,all,Australia NINDSS — Queensland,https://www.cdc.gov.au/resources/apps-and-tools/nndss-data-visualisation-tool,microsoft_bi
disease,D096,cryptosporidiosis,Cryptosporidiosis,public_projection,AU-SA,"South Australia, Australia",D096,Cryptosporidiosis,隐孢子虫病,Parasitic,2001-06-01,2001-06,6,6,,,0.3990791912793215,abs_computed,,,,,,,,,,,,,,,,,,,,,,legacy_fallback,legacy_fallback,,legacy_identity_may_be_lossy,,0,No eligible registered case-count series facts are available for this disease and country; the public curve uses the legacy flat table.,all,Australia NINDSS — South Australia,https://www.cdc.gov.au/resources/apps-and-tools/nndss-data-visualisation-tool,microsoft_bi,all,Australia NINDSS — South Australia,https://www.cdc.gov.au/resources/apps-and-tools/nndss-data-visualisation-tool,microsoft_bi
disease,D096,cryptosporidiosis,Cryptosporidiosis,public_projection,AU-TAS,"Tasmania, Australia",D096,Cryptosporidiosis,隐孢子虫病,Parasitic,2001-06-01,2001-06,,,,,,missing_population,,,,,,,,,,,,,,,,,,,,,,legacy_fallback,legacy_fallback,,legacy_identity_may_be_lossy,,0,No eligible registered case-count series facts are available for this disease and country; the public curve uses the legacy flat table.,all,Australia NINDSS — Tasmania,https://www.cdc.gov.au/resources/apps-and-tools/nndss-data-visualisation-tool,microsoft_bi,all,Australia NINDSS — Tasmania,https://www.cdc.gov.au/resources/apps-and-tools/nndss-data-visualisation-tool,microsoft_bi
disease,D096,cryptosporidiosis,Cryptosporidiosis,public_projection,AU-VIC,"Victoria, Australia",D096,Cryptosporidiosis,隐孢子虫病,Parasitic,2001-06-01,2001-06,18,18,,,0.3778642900402321,abs_computed,,,,,,,,,,,,,,,,,,,,,,legacy_fallback,legacy_fallback,,legacy_identity_may_be_lossy,,0,No eligible registered case-count series facts are available for this disease and country; the public curve uses the legacy flat table.,all,Australia NINDSS — Victoria,https://www.cdc.gov.au/resources/apps-and-tools/nndss-data-visualisation-tool,microsoft_bi,all,Australia NINDSS — Victoria,https://www.cdc.gov.au/resources/apps-and-tools/nndss-data-visualisation-tool,microsoft_bi
disease,D096,cryptosporidiosis,Cryptosporidiosis,public_projection,AU-WA,"Western Australia, Australia",D096,Cryptosporidiosis,隐孢子虫病,Parasitic,2001-06-01,2001-06,6,6,,,0.3147501356048501,abs_computed,,,,,,,,,,,,,,,,,,,,,,legacy_fallback,legacy_fallback,,legacy_identity_may_be_lossy,,0,No eligible registered case-count series facts are available for this disease and country; the public curve uses the legacy flat table.,all,Australia NINDSS — Western Australia,https://www.cdc.gov.au/resources/apps-and-tools/nndss-data-visualisation-tool,microsoft_bi,all,Australia NINDSS — Western Australia,https://www.cdc.gov.au/resources/apps-and-tools/nndss-data-visualisation-tool,microsoft_bi
disease,D096,cryptosporidiosis,Cryptosporidiosis,public_projection,FI,Finland,D096,Cryptosporidiosis,隐孢子虫病,Parasitic,2001-06-01,2001-06,0,0,,,0.0,wpp_computed,,SER_FI_THL_TTR_1270,,,,,,monthly,,,,,,,,,,,,,,series_registry,representative_series,legacy_gap_fill_blocked_incompatible,non_additive_series_not_rolled_up,SER_FI_THL_TTR_1270,2,Multiple registered series are not declared safely additive. The compatibility curve uses one representative series; inspect source_series for every retained definition. Legacy rows with a different reporting grain or comparison basis were not joined to this curve.,thl_ttr,Finland THL Infectious Diseases Register,https://sampo.thl.fi/pivot/prod/en/ttr/cases/fact_ttr_cases,cube_csv,thl_ttr,Finland THL Infectious Diseases Register,https://sampo.thl.fi/pivot/prod/en/ttr/cases/fact_ttr_cases,cube_csv
disease,D096,cryptosporidiosis,Cryptosporidiosis,source_series_observation,FI,Finland,D096,Cryptosporidiosis,隐孢子虫病,Parasitic,2001-06-01,2001-06,0,0,,,,,,SER_FI_THL_TTR_1270,SER_FI_THL_TTR_1270,SRC_FI_THL_TTR,Cryptosporidiosis,case_notifications,national_notifiable_disease_registry,monthly,count,country:FI:national,all,exact,conditional,non_additive,active,missing_is_unknown,FI_THL_TTR_reporting_group,Finland THL national monthly notification series; THL reporting group code 1270.,,provisional; raw,True,series_registry,representative_series,legacy_gap_fill_blocked_incompatible,non_additive_series_not_rolled_up,SER_FI_THL_TTR_1270,2,Multiple registered series are not declared safely additive. The compatibility curve uses one representative series; inspect source_series for every retained definition. Legacy rows with a different reporting grain or comparison basis were not joined to this curve.,thl_ttr,Finland THL Infectious Diseases Register,https://sampo.thl.fi/pivot/prod/en/ttr/cases/fact_ttr_cases,cube_csv,thl_ttr,Finland THL Infectious Diseases Register,https://sampo.thl.fi/pivot/prod/en/ttr/cases/fact_ttr_cases,cube_csv
disease,D096,cryptosporidiosis,Cryptosporidiosis,public_projection,AU,Australia,D096,Cryptosporidiosis,隐孢子虫病,Parasitic,2001-07-01,2001-07,72,72,,0,0.37179648913608077,wpp_computed,,,,,,,,,,,,,,,,,,,,,,legacy_fallback,legacy_fallback,,legacy_identity_may_be_lossy,,0,No eligible registered case-count series facts are available for this disease and country; the public curve uses the legacy flat table.,all,Australia NINDSS,https://www.health.gov.au/topics/national-notifiable-diseases-surveillance-system-nndss,microsoft_bi,all,Australia NINDSS,https://www.health.gov.au/topics/national-notifiable-diseases-surveillance-system-nndss,microsoft_bi
disease,D096,cryptosporidiosis,Cryptosporidiosis,public_projection,AU-ACT,"Australian Capital Territory, Australia",D096,Cryptosporidiosis,隐孢子虫病,Parasitic,2001-07-01,2001-07,,,,,,missing_population,,,,,,,,,,,,,,,,,,,,,,legacy_fallback,legacy_fallback,,legacy_identity_may_be_lossy,,0,No eligible registered case-count series facts are available for this disease and country; the public curve uses the legacy flat table.,all,Australia NINDSS — Australian Capital Territory,https://www.cdc.gov.au/resources/apps-and-tools/nndss-data-visualisation-tool,microsoft_bi,all,Australia NINDSS — Australian Capital Territory,https://www.cdc.gov.au/resources/apps-and-tools/nndss-data-visualisation-tool,microsoft_bi
disease,D096,cryptosporidiosis,Cryptosporidiosis,public_projection,AU-NSW,"New South Wales, Australia",D096,Cryptosporidiosis,隐孢子虫病,Parasitic,2001-07-01,2001-07,13,13,,,0.19907052440841982,abs_computed,,,,,,,,,,,,,,,,,,,,,,legacy_fallback,legacy_fallback,,legacy_identity_may_be_lossy,,0,No eligible registered case-count series facts are available for this disease and country; the public curve uses the legacy flat table.,all,Australia NINDSS — New South Wales,https://www.cdc.gov.au/resources/apps-and-tools/nndss-data-visualisation-tool,microsoft_bi,all,Australia NINDSS — New South Wales,https://www.cdc.gov.au/resources/apps-and-tools/nndss-data-visualisation-tool,microsoft_bi
disease,D096,cryptosporidiosis,Cryptosporidiosis,public_projection,AU-NT,"Northern Territory, Australia",D096,Cryptosporidiosis,隐孢子虫病,Parasitic,2001-07-01,2001-07,5,5,,,2.4784007375720596,abs_computed,,,,,,,,,,,,,,,,,,,,,,legacy_fallback,legacy_fallback,,legacy_identity_may_be_lossy,,0,No eligible registered case-count series facts are available for this disease and country; the public curve uses the legacy flat table.,all,Australia NINDSS — Northern Territory,https://www.cdc.gov.au/resources/apps-and-tools/nndss-data-visualisation-tool,microsoft_bi,all,Australia NINDSS — Northern Territory,https://www.cdc.gov.au/resources/apps-and-tools/nndss-data-visualisation-tool,microsoft_bi
disease,D096,cryptosporidiosis,Cryptosporidiosis,public_projection,AU-QLD,"Queensland, Australia",D096,Cryptosporidiosis,隐孢子虫病,Parasitic,2001-07-01,2001-07,22,22,,,0.6159930269589349,abs_computed,,,,,,,,,,,,,,,,,,,,,,legacy_fallback,legacy_fallback,,legacy_identity_may_be_lossy,,0,No eligible registered case-count series facts are available for this disease and country; the public curve uses the legacy flat table.,all,Australia NINDSS — Queensland,https://www.cdc.gov.au/resources/apps-and-tools/nndss-data-visualisation-tool,microsoft_bi,all,Australia NINDSS — Queensland,https://www.cdc.gov.au/resources/apps-and-tools/nndss-data-visualisation-tool,microsoft_bi
disease,D096,cryptosporidiosis,Cryptosporidiosis,public_projection,AU-SA,"South Australia, Australia",D096,Cryptosporidiosis,隐孢子虫病,Parasitic,2001-07-01,2001-07,,,,,,missing_population,,,,,,,,,,,,,,,,,,,,,,legacy_fallback,legacy_fallback,,legacy_identity_may_be_lossy,,0,No eligible registered case-count series facts are available for this disease and country; the public curve uses the legacy flat table.,all,Australia NINDSS — South Australia,https://www.cdc.gov.au/resources/apps-and-tools/nndss-data-visualisation-tool,microsoft_bi,all,Australia NINDSS — South Australia,https://www.cdc.gov.au/resources/apps-and-tools/nndss-data-visualisation-tool,microsoft_bi
disease,D096,cryptosporidiosis,Cryptosporidiosis,public_projection,AU-TAS,"Tasmania, Australia",D096,Cryptosporidiosis,隐孢子虫病,Parasitic,2001-07-01,2001-07,,,,,,missing_population,,,,,,,,,,,,,,,,,,,,,,legacy_fallback,legacy_fallback,,legacy_identity_may_be_lossy,,0,No eligible registered case-count series facts are available for this disease and country; the public curve uses the legacy flat table.,all,Australia NINDSS — Tasmania,https://www.cdc.gov.au/resources/apps-and-tools/nndss-data-visualisation-tool,microsoft_bi,all,Australia NINDSS — Tasmania,https://www.cdc.gov.au/resources/apps-and-tools/nndss-data-visualisation-tool,microsoft_bi
disease,D096,cryptosporidiosis,Cryptosporidiosis,public_projection,AU-VIC,"Victoria, Australia",D096,Cryptosporidiosis,隐孢子虫病,Parasitic,2001-07-01,2001-07,22,22,,,0.46183413227139475,abs_computed,,,,,,,,,,,,,,,,,,,,,,legacy_fallback,legacy_fallback,,legacy_identity_may_be_lossy,,0,No eligible registered case-count series facts are available for this disease and country; the public curve uses the legacy flat table.,all,Australia NINDSS — Victoria,https://www.cdc.gov.au/resources/apps-and-tools/nndss-data-visualisation-tool,microsoft_bi,all,Australia NINDSS — Victoria,https://www.cdc.gov.au/resources/apps-and-tools/nndss-data-visualisation-tool,microsoft_bi
disease,D096,cryptosporidiosis,Cryptosporidiosis,public_projection,AU-WA,"Western Australia, Australia",D096,Cryptosporidiosis,隐孢子虫病,Parasitic,2001-07-01,2001-07,,,,,,missing_population,,,,,,,,,,,,,,,,,,,,,,legacy_fallback,legacy_fallback,,legacy_identity_may_be_lossy,,0,No eligible registered case-count series facts are available for this disease and country; the public curve uses the legacy flat table.,all,Australia NINDSS — Western Australia,https://www.cdc.gov.au/resources/apps-and-tools/nndss-data-visualisation-tool,microsoft_bi,all,Australia NINDSS — Western Australia,https://www.cdc.gov.au/resources/apps-and-tools/nndss-data-visualisation-tool,microsoft_bi
disease,D096,cryptosporidiosis,Cryptosporidiosis,public_projection,FI,Finland,D096,Cryptosporidiosis,隐孢子虫病,Parasitic,2001-07-01,2001-07,2,2,,,0.03855071664818481,wpp_computed,,SER_FI_THL_TTR_1270,,,,,,monthly,,,,,,,,,,,,,,series_registry,representative_series,legacy_gap_fill_blocked_incompatible,non_additive_series_not_rolled_up,SER_FI_THL_TTR_1270,2,Multiple registered series are not declared safely additive. The compatibility curve uses one representative series; inspect source_series for every retained definition. Legacy rows with a different reporting grain or comparison basis were not joined to this curve.,thl_ttr,Finland THL Infectious Diseases Register,https://sampo.thl.fi/pivot/prod/en/ttr/cases/fact_ttr_cases,cube_csv,thl_ttr,Finland THL Infectious Diseases Register,https://sampo.thl.fi/pivot/prod/en/ttr/cases/fact_ttr_cases,cube_csv
disease,D096,cryptosporidiosis,Cryptosporidiosis,source_series_observation,FI,Finland,D096,Cryptosporidiosis,隐孢子虫病,Parasitic,2001-07-01,2001-07,2,2,,,,,,SER_FI_THL_TTR_1270,SER_FI_THL_TTR_1270,SRC_FI_THL_TTR,Cryptosporidiosis,case_notifications,national_notifiable_disease_registry,monthly,count,country:FI:national,all,exact,conditional,non_additive,active,missing_is_unknown,FI_THL_TTR_reporting_group,Finland THL national monthly notification series; THL reporting group code 1270.,,provisional; raw,True,series_registry,representative_series,legacy_gap_fill_blocked_incompatible,non_additive_series_not_rolled_up,SER_FI_THL_TTR_1270,2,Multiple registered series are not declared safely additive. The compatibility curve uses one representative series; inspect source_series for every retained definition. Legacy rows with a different reporting grain or comparison basis were not joined to this curve.,thl_ttr,Finland THL Infectious Diseases Register,https://sampo.thl.fi/pivot/prod/en/ttr/cases/fact_ttr_cases,cube_csv,thl_ttr,Finland THL Infectious Diseases Register,https://sampo.thl.fi/pivot/prod/en/ttr/cases/fact_ttr_cases,cube_csv
disease,D096,cryptosporidiosis,Cryptosporidiosis,public_projection,AU,Australia,D096,Cryptosporidiosis,隐孢子虫病,Parasitic,2001-08-01,2001-08,68,68,,0,0.35114112862852076,wpp_computed,,,,,,,,,,,,,,,,,,,,,,legacy_fallback,legacy_fallback,,legacy_identity_may_be_lossy,,0,No eligible registered case-count series facts are available for this disease and country; the public curve uses the legacy flat table.,all,Australia NINDSS,https://www.health.gov.au/topics/national-notifiable-diseases-surveillance-system-nndss,microsoft_bi,all,Australia NINDSS,https://www.health.gov.au/topics/national-notifiable-diseases-surveillance-system-nndss,microsoft_bi
disease,D096,cryptosporidiosis,Cryptosporidiosis,public_projection,AU-ACT,"Australian Capital Territory, Australia",D096,Cryptosporidiosis,隐孢子虫病,Parasitic,2001-08-01,2001-08,,,,,,missing_population,,,,,,,,,,,,,,,,,,,,,,legacy_fallback,legacy_fallback,,legacy_identity_may_be_lossy,,0,No eligible registered case-count series facts are available for this disease and country; the public curve uses the legacy flat table.,all,Australia NINDSS — Australian Capital Territory,https://www.cdc.gov.au/resources/apps-and-tools/nndss-data-visualisation-tool,microsoft_bi,all,Australia NINDSS — Australian Capital Territory,https://www.cdc.gov.au/resources/apps-and-tools/nndss-data-visualisation-tool,microsoft_bi
disease,D096,cryptosporidiosis,Cryptosporidiosis,public_projection,AU-NSW,"New South Wales, Australia",D096,Cryptosporidiosis,隐孢子虫病,Parasitic,2001-08-01,2001-08,9,9,,,0.13781805535967526,abs_computed,,,,,,,,,,,,,,,,,,,,,,legacy_fallback,legacy_fallback,,legacy_identity_may_be_lossy,,0,No eligible registered case-count series facts are available for this disease and country; the public curve uses the legacy flat table.,all,Australia NINDSS — New South Wales,https://www.cdc.gov.au/resources/apps-and-tools/nndss-data-visualisation-tool,microsoft_bi,all,Australia NINDSS — New South Wales,https://www.cdc.gov.au/resources/apps-and-tools/nndss-data-visualisation-tool,microsoft_bi
disease,D096,cryptosporidiosis,Cryptosporidiosis,public_projection,AU-NT,"Northern Territory, Australia",D096,Cryptosporidiosis,隐孢子虫病,Parasitic,2001-08-01,2001-08,5,5,,,2.4784007375720596,abs_computed,,,,,,,,,,,,,,,,,,,,,,legacy_fallback,legacy_fallback,,legacy_identity_may_be_lossy,,0,No eligible registered case-count series facts are available for this disease and country; the public curve uses the legacy flat table.,all,Australia NINDSS — Northern Territory,https://www.cdc.gov.au/resources/apps-and-tools/nndss-data-visualisation-tool,microsoft_bi,all,Australia NINDSS — Northern Territory,https://www.cdc.gov.au/resources/apps-and-tools/nndss-data-visualisation-tool,microsoft_bi
disease,D096,cryptosporidiosis,Cryptosporidiosis,public_projection,AU-QLD,"Queensland, Australia",D096,Cryptosporidiosis,隐孢子虫病,Parasitic,2001-08-01,2001-08,23,23,,,0.6439927100025228,abs_computed,,,,,,,,,,,,,,,,,,,,,,legacy_fallback,legacy_fallback,,legacy_identity_may_be_lossy,,0,No eligible registered case-count series facts are available for this disease and country; the public curve uses the legacy flat table.,all,Australia NINDSS — Queensland,https://www.cdc.gov.au/resources/apps-and-tools/nndss-data-visualisation-tool,microsoft_bi,all,Australia NINDSS — Queensland,https://www.cdc.gov.au/resources/apps-and-tools/nndss-data-visualisation-tool,microsoft_bi
disease,D096,cryptosporidiosis,Cryptosporidiosis,public_projection,AU-SA,"South Australia, Australia",D096,Cryptosporidiosis,隐孢子虫病,Parasitic,2001-08-01,2001-08,,,,,,missing_population,,,,,,,,,,,,,,,,,,,,,,legacy_fallback,legacy_fallback,,legacy_identity_may_be_lossy,,0,No eligible registered case-count series facts are available for this disease and country; the public curve uses the legacy flat table.,all,Australia NINDSS — South Australia,https://www.cdc.gov.au/resources/apps-and-tools/nndss-data-visualisation-tool,microsoft_bi,all,Australia NINDSS — South Australia,https://www.cdc.gov.au/resources/apps-and-tools/nndss-data-visualisation-tool,microsoft_bi
disease,D096,cryptosporidiosis,Cryptosporidiosis,public_projection,AU-TAS,"Tasmania, Australia",D096,Cryptosporidiosis,隐孢子虫病,Parasitic,2001-08-01,2001-08,,,,,,missing_population,,,,,,,,,,,,,,,,,,,,,,legacy_fallback,legacy_fallback,,legacy_identity_may_be_lossy,,0,No eligible registered case-count series facts are available for this disease and country; the public curve uses the legacy flat table.,all,Australia NINDSS — Tasmania,https://www.cdc.gov.au/resources/apps-and-tools/nndss-data-visualisation-tool,microsoft_bi,all,Australia NINDSS — Tasmania,https://www.cdc.gov.au/resources/apps-and-tools/nndss-data-visualisation-tool,microsoft_bi
disease,D096,cryptosporidiosis,Cryptosporidiosis,public_projection,AU-VIC,"Victoria, Australia",D096,Cryptosporidiosis,隐孢子虫病,Parasitic,2001-08-01,2001-08,24,24,,,0.5038190533869761,abs_computed,,,,,,,,,,,,,,,,,,,,,,legacy_fallback,legacy_fallback,,legacy_identity_may_be_lossy,,0,No eligible registered case-count series facts are available for this disease and country; the public curve uses the legacy flat table.,all,Australia NINDSS — Victoria,https://www.cdc.gov.au/resources/apps-and-tools/nndss-data-visualisation-tool,microsoft_bi,all,Australia NINDSS — Victoria,https://www.cdc.gov.au/resources/apps-and-tools/nndss-data-visualisation-tool,microsoft_bi
disease,D096,cryptosporidiosis,Cryptosporidiosis,public_projection,AU-WA,"Western Australia, Australia",D096,Cryptosporidiosis,隐孢子虫病,Parasitic,2001-08-01,2001-08,,,,,,missing_population,,,,,,,,,,,,,,,,,,,,,,legacy_fallback,legacy_fallback,,legacy_identity_may_be_lossy,,0,No eligible registered case-count series facts are available for this disease and country; the public curve uses the legacy flat table.,all,Australia NINDSS — Western Australia,https://www.cdc.gov.au/resources/apps-and-tools/nndss-data-visualisation-tool,microsoft_bi,all,Australia NINDSS — Western Australia,https://www.cdc.gov.au/resources/apps-and-tools/nndss-data-visualisation-tool,microsoft_bi
disease,D096,cryptosporidiosis,Cryptosporidiosis,public_projection,FI,Finland,D096,Cryptosporidiosis,隐孢子虫病,Parasitic,2001-08-01,2001-08,4,4,,,0.07710143329636962,wpp_computed,,SER_FI_THL_TTR_1270,,,,,,monthly,,,,,,,,,,,,,,series_registry,representative_series,legacy_gap_fill_blocked_incompatible,non_additive_series_not_rolled_up,SER_FI_THL_TTR_1270,2,Multiple registered series are not declared safely additive. The compatibility curve uses one representative series; inspect source_series for every retained definition. Legacy rows with a different reporting grain or comparison basis were not joined to this curve.,thl_ttr,Finland THL Infectious Diseases Register,https://sampo.thl.fi/pivot/prod/en/ttr/cases/fact_ttr_cases,cube_csv,thl_ttr,Finland THL Infectious Diseases Register,https://sampo.thl.fi/pivot/prod/en/ttr/cases/fact_ttr_cases,cube_csv
disease,D096,cryptosporidiosis,Cryptosporidiosis,source_series_observation,FI,Finland,D096,Cryptosporidiosis,隐孢子虫病,Parasitic,2001-08-01,2001-08,4,4,,,,,,SER_FI_THL_TTR_1270,SER_FI_THL_TTR_1270,SRC_FI_THL_TTR,Cryptosporidiosis,case_notifications,national_notifiable_disease_registry,monthly,count,country:FI:national,all,exact,conditional,non_additive,active,missing_is_unknown,FI_THL_TTR_reporting_group,Finland THL national monthly notification series; THL reporting group code 1270.,,provisional; raw,True,series_registry,representative_series,legacy_gap_fill_blocked_incompatible,non_additive_series_not_rolled_up,SER_FI_THL_TTR_1270,2,Multiple registered series are not declared safely additive. The compatibility curve uses one representative series; inspect source_series for every retained definition. Legacy rows with a different reporting grain or comparison basis were not joined to this curve.,thl_ttr,Finland THL Infectious Diseases Register,https://sampo.thl.fi/pivot/prod/en/ttr/cases/fact_ttr_cases,cube_csv,thl_ttr,Finland THL Infectious Diseases Register,https://sampo.thl.fi/pivot/prod/en/ttr/cases/fact_ttr_cases,cube_csv
disease,D096,cryptosporidiosis,Cryptosporidiosis,public_projection,AU,Australia,D096,Cryptosporidiosis,隐孢子虫病,Parasitic,2001-09-01,2001-09,80,80,,0,0.41310721015120083,wpp_computed,,,,,,,,,,,,,,,,,,,,,,legacy_fallback,legacy_fallback,,legacy_identity_may_be_lossy,,0,No eligible registered case-count series facts are available for this disease and country; the public curve uses the legacy flat table.,all,Australia NINDSS,https://www.health.gov.au/topics/national-notifiable-diseases-surveillance-system-nndss,microsoft_bi,all,Australia NINDSS,https://www.health.gov.au/topics/national-notifiable-diseases-surveillance-system-nndss,microsoft_bi
disease,D096,cryptosporidiosis,Cryptosporidiosis,public_projection,AU-ACT,"Australian Capital Territory, Australia",D096,Cryptosporidiosis,隐孢子虫病,Parasitic,2001-09-01,2001-09,,,,,,missing_population,,,,,,,,,,,,,,,,,,,,,,legacy_fallback,legacy_fallback,,legacy_identity_may_be_lossy,,0,No eligible registered case-count series facts are available for this disease and country; the public curve uses the legacy flat table.,all,Australia NINDSS — Australian Capital Territory,https://www.cdc.gov.au/resources/apps-and-tools/nndss-data-visualisation-tool,microsoft_bi,all,Australia NINDSS — Australian Capital Territory,https://www.cdc.gov.au/resources/apps-and-tools/nndss-data-visualisation-tool,microsoft_bi
disease,D096,cryptosporidiosis,Cryptosporidiosis,public_projection,AU-NSW,"New South Wales, Australia",D096,Cryptosporidiosis,隐孢子虫病,Parasitic,2001-09-01,2001-09,11,11,,,0.16844428988404755,abs_computed,,,,,,,,,,,,,,,,,,,,,,legacy_fallback,legacy_fallback,,legacy_identity_may_be_lossy,,0,No eligible registered case-count series facts are available for this disease and country; the public curve uses the legacy flat table.,all,Australia NINDSS — New South Wales,https://www.cdc.gov.au/resources/apps-and-tools/nndss-data-visualisation-tool,microsoft_bi,all,Australia NINDSS — New South Wales,https://www.cdc.gov.au/resources/apps-and-tools/nndss-data-visualisation-tool,microsoft_bi
disease,D096,cryptosporidiosis,Cryptosporidiosis,public_projection,AU-NT,"Northern Territory, Australia",D096,Cryptosporidiosis,隐孢子虫病,Parasitic,2001-09-01,2001-09,,,,,,missing_population,,,,,,,,,,,,,,,,,,,,,,legacy_fallback,legacy_fallback,,legacy_identity_may_be_lossy,,0,No eligible registered case-count series facts are available for this disease and country; the public curve uses the legacy flat table.,all,Australia NINDSS — Northern Territory,https://www.cdc.gov.au/resources/apps-and-tools/nndss-data-visualisation-tool,microsoft_bi,all,Australia NINDSS — Northern Territory,https://www.cdc.gov.au/resources/apps-and-tools/nndss-data-visualisation-tool,microsoft_bi
disease,D096,cryptosporidiosis,Cryptosporidiosis,public_projection,AU-QLD,"Queensland, Australia",D096,Cryptosporidiosis,隐孢子虫病,Parasitic,2001-09-01,2001-09,14,14,,,0.3919955626102313,abs_computed,,,,,,,,,,,,,,,,,,,,,,legacy_fallback,legacy_fallback,,legacy_identity_may_be_lossy,,0,No eligible registered case-count series facts are available for this disease and country; the public curve uses the legacy flat table.,all,Australia NINDSS — Queensland,https://www.cdc.gov.au/resources/apps-and-tools/nndss-data-visualisation-tool,microsoft_bi,all,Australia NINDSS — Queensland,https://www.cdc.gov.au/resources/apps-and-tools/nndss-data-visualisation-tool,microsoft_bi
disease,D096,cryptosporidiosis,Cryptosporidiosis,public_projection,AU-SA,"South Australia, Australia",D096,Cryptosporidiosis,隐孢子虫病,Parasitic,2001-09-01,2001-09,7,7,,,0.4655923898258751,abs_computed,,,,,,,,,,,,,,,,,,,,,,legacy_fallback,legacy_fallback,,legacy_identity_may_be_lossy,,0,No eligible registered case-count series facts are available for this disease and country; the public curve uses the legacy flat table.,all,Australia NINDSS — South Australia,https://www.cdc.gov.au/resources/apps-and-tools/nndss-data-visualisation-tool,microsoft_bi,all,Australia NINDSS — South Australia,https://www.cdc.gov.au/resources/apps-and-tools/nndss-data-visualisation-tool,microsoft_bi
disease,D096,cryptosporidiosis,Cryptosporidiosis,public_projection,AU-TAS,"Tasmania, Australia",D096,Cryptosporidiosis,隐孢子虫病,Parasitic,2001-09-01,2001-09,,,,,,missing_population,,,,,,,,,,,,,,,,,,,,,,legacy_fallback,legacy_fallback,,legacy_identity_may_be_lossy,,0,No eligible registered case-count series facts are available for this disease and country; the public curve uses the legacy flat table.,all,Australia NINDSS — Tasmania,https://www.cdc.gov.au/resources/apps-and-tools/nndss-data-visualisation-tool,microsoft_bi,all,Australia NINDSS — Tasmania,https://www.cdc.gov.au/resources/apps-and-tools/nndss-data-visualisation-tool,microsoft_bi
disease,D096,cryptosporidiosis,Cryptosporidiosis,public_projection,AU-VIC,"Victoria, Australia",D096,Cryptosporidiosis,隐孢子虫病,Parasitic,2001-09-01,2001-09,40,40,,,0.8396984223116268,abs_computed,,,,,,,,,,,,,,,,,,,,,,legacy_fallback,legacy_fallback,,legacy_identity_may_be_lossy,,0,No eligible registered case-count series facts are available for this disease and country; the public curve uses the legacy flat table.,all,Australia NINDSS — Victoria,https://www.cdc.gov.au/resources/apps-and-tools/nndss-data-visualisation-tool,microsoft_bi,all,Australia NINDSS — Victoria,https://www.cdc.gov.au/resources/apps-and-tools/nndss-data-visualisation-tool,microsoft_bi
disease,D096,cryptosporidiosis,Cryptosporidiosis,public_projection,AU-WA,"Western Australia, Australia",D096,Cryptosporidiosis,隐孢子虫病,Parasitic,2001-09-01,2001-09,,,,,,missing_population,,,,,,,,,,,,,,,,,,,,,,legacy_fallback,legacy_fallback,,legacy_identity_may_be_lossy,,0,No eligible registered case-count series facts are available for this disease and country; the public curve uses the legacy flat table.,all,Australia NINDSS — Western Australia,https://www.cdc.gov.au/resources/apps-and-tools/nndss-data-visualisation-tool,microsoft_bi,all,Australia NINDSS — Western Australia,https://www.cdc.gov.au/resources/apps-and-tools/nndss-data-visualisation-tool,microsoft_bi
disease,D096,cryptosporidiosis,Cryptosporidiosis,public_projection,FI,Finland,D096,Cryptosporidiosis,隐孢子虫病,Parasitic,2001-09-01,2001-09,1,1,,,0.019275358324092405,wpp_computed,,SER_FI_THL_TTR_1270,,,,,,monthly,,,,,,,,,,,,,,series_registry,representative_series,legacy_gap_fill_blocked_incompatible,non_additive_series_not_rolled_up,SER_FI_THL_TTR_1270,2,Multiple registered series are not declared safely additive. The compatibility curve uses one representative series; inspect source_series for every retained definition. Legacy rows with a different reporting grain or comparison basis were not joined to this curve.,thl_ttr,Finland THL Infectious Diseases Register,https://sampo.thl.fi/pivot/prod/en/ttr/cases/fact_ttr_cases,cube_csv,thl_ttr,Finland THL Infectious Diseases Register,https://sampo.thl.fi/pivot/prod/en/ttr/cases/fact_ttr_cases,cube_csv
disease,D096,cryptosporidiosis,Cryptosporidiosis,source_series_observation,FI,Finland,D096,Cryptosporidiosis,隐孢子虫病,Parasitic,2001-09-01,2001-09,1,1,,,,,,SER_FI_THL_TTR_1270,SER_FI_THL_TTR_1270,SRC_FI_THL_TTR,Cryptosporidiosis,case_notifications,national_notifiable_disease_registry,monthly,count,country:FI:national,all,exact,conditional,non_additive,active,missing_is_unknown,FI_THL_TTR_reporting_group,Finland THL national monthly notification series; THL reporting group code 1270.,,provisional; raw,True,series_registry,representative_series,legacy_gap_fill_blocked_incompatible,non_additive_series_not_rolled_up,SER_FI_THL_TTR_1270,2,Multiple registered series are not declared safely additive. The compatibility curve uses one representative series; inspect source_series for every retained definition. Legacy rows with a different reporting grain or comparison basis were not joined to this curve.,thl_ttr,Finland THL Infectious Diseases Register,https://sampo.thl.fi/pivot/prod/en/ttr/cases/fact_ttr_cases,cube_csv,thl_ttr,Finland THL Infectious Diseases Register,https://sampo.thl.fi/pivot/prod/en/ttr/cases/fact_ttr_cases,cube_csv
disease,D096,cryptosporidiosis,Cryptosporidiosis,public_projection,AU,Australia,D096,Cryptosporidiosis,隐孢子虫病,Parasitic,2001-10-01,2001-10,127,127,,0,0.6558076961150313,wpp_computed,,,,,,,,,,,,,,,,,,,,,,legacy_fallback,legacy_fallback,,legacy_identity_may_be_lossy,,0,No eligible registered case-count series facts are available for this disease and country; the public curve uses the legacy flat table.,all,Australia NINDSS,https://www.health.gov.au/topics/national-notifiable-diseases-surveillance-system-nndss,microsoft_bi,all,Australia NINDSS,https://www.health.gov.au/topics/national-notifiable-diseases-surveillance-system-nndss,microsoft_bi
disease,D096,cryptosporidiosis,Cryptosporidiosis,public_projection,AU-ACT,"Australian Capital Territory, Australia",D096,Cryptosporidiosis,隐孢子虫病,Parasitic,2001-10-01,2001-10,0,0,,,0.0,abs_computed,,,,,,,,,,,,,,,,,,,,,,legacy_fallback,legacy_fallback,,legacy_identity_may_be_lossy,,0,No eligible registered case-count series facts are available for this disease and country; the public curve uses the legacy flat table.,all,Australia NINDSS — Australian Capital Territory,https://www.cdc.gov.au/resources/apps-and-tools/nndss-data-visualisation-tool,microsoft_bi,all,Australia NINDSS — Australian Capital Territory,https://www.cdc.gov.au/resources/apps-and-tools/nndss-data-visualisation-tool,microsoft_bi
disease,D096,cryptosporidiosis,Cryptosporidiosis,public_projection,AU-NSW,"New South Wales, Australia",D096,Cryptosporidiosis,隐孢子虫病,Parasitic,2001-10-01,2001-10,11,11,,,0.16844428988404755,abs_computed,,,,,,,,,,,,,,,,,,,,,,legacy_fallback,legacy_fallback,,legacy_identity_may_be_lossy,,0,No eligible registered case-count series facts are available for this disease and country; the public curve uses the legacy flat table.,all,Australia NINDSS — New South Wales,https://www.cdc.gov.au/resources/apps-and-tools/nndss-data-visualisation-tool,microsoft_bi,all,Australia NINDSS — New South Wales,https://www.cdc.gov.au/resources/apps-and-tools/nndss-data-visualisation-tool,microsoft_bi
disease,D096,cryptosporidiosis,Cryptosporidiosis,public_projection,AU-NT,"Northern Territory, Australia",D096,Cryptosporidiosis,隐孢子虫病,Parasitic,2001-10-01,2001-10,6,6,,,2.9740808850864715,abs_computed,,,,,,,,,,,,,,,,,,,,,,legacy_fallback,legacy_fallback,,legacy_identity_may_be_lossy,,0,No eligible registered case-count series facts are available for this disease and country; the public curve uses the legacy flat table.,all,Australia NINDSS — Northern Territory,https://www.cdc.gov.au/resources/apps-and-tools/nndss-data-visualisation-tool,microsoft_bi,all,Australia NINDSS — Northern Territory,https://www.cdc.gov.au/resources/apps-and-tools/nndss-data-visualisation-tool,microsoft_bi
disease,D096,cryptosporidiosis,Cryptosporidiosis,public_projection,AU-QLD,"Queensland, Australia",D096,Cryptosporidiosis,隐孢子虫病,Parasitic,2001-10-01,2001-10,30,30,,,0.8399904913076384,abs_computed,,,,,,,,,,,,,,,,,,,,,,legacy_fallback,legacy_fallback,,legacy_identity_may_be_lossy,,0,No eligible registered case-count series facts are available for this disease and country; the public curve uses the legacy flat table.,all,Australia NINDSS — Queensland,https://www.cdc.gov.au/resources/apps-and-tools/nndss-data-visualisation-tool,microsoft_bi,all,Australia NINDSS — Queensland,https://www.cdc.gov.au/resources/apps-and-tools/nndss-data-visualisation-tool,microsoft_bi
disease,D096,cryptosporidiosis,Cryptosporidiosis,public_projection,AU-SA,"South Australia, Australia",D096,Cryptosporidiosis,隐孢子虫病,Parasitic,2001-10-01,2001-10,6,6,,,0.3990791912793215,abs_computed,,,,,,,,,,,,,,,,,,,,,,legacy_fallback,legacy_fallback,,legacy_identity_may_be_lossy,,0,No eligible registered case-count series facts are available for this disease and country; the public curve uses the legacy flat table.,all,Australia NINDSS — South Australia,https://www.cdc.gov.au/resources/apps-and-tools/nndss-data-visualisation-tool,microsoft_bi,all,Australia NINDSS — South Australia,https://www.cdc.gov.au/resources/apps-and-tools/nndss-data-visualisation-tool,microsoft_bi
disease,D096,cryptosporidiosis,Cryptosporidiosis,public_projection,AU-TAS,"Tasmania, Australia",D096,Cryptosporidiosis,隐孢子虫病,Parasitic,2001-10-01,2001-10,37,37,,,7.811378433839736,abs_computed,,,,,,,,,,,,,,,,,,,,,,legacy_fallback,legacy_fallback,,legacy_identity_may_be_lossy,,0,No eligible registered case-count series facts are available for this disease and country; the public curve uses the legacy flat table.,all,Australia NINDSS — Tasmania,https://www.cdc.gov.au/resources/apps-and-tools/nndss-data-visualisation-tool,microsoft_bi,all,Australia NINDSS — Tasmania,https://www.cdc.gov.au/resources/apps-and-tools/nndss-data-visualisation-tool,microsoft_bi
disease,D096,cryptosporidiosis,Cryptosporidiosis,public_projection,AU-VIC,"Victoria, Australia",D096,Cryptosporidiosis,隐孢子虫病,Parasitic,2001-10-01,2001-10,36,36,,,0.7557285800804642,abs_computed,,,,,,,,,,,,,,,,,,,,,,legacy_fallback,legacy_fallback,,legacy_identity_may_be_lossy,,0,No eligible registered case-count series facts are available for this disease and country; the public curve uses the legacy flat table.,all,Australia NINDSS — Victoria,https://www.cdc.gov.au/resources/apps-and-tools/nndss-data-visualisation-tool,microsoft_bi,all,Australia NINDSS — Victoria,https://www.cdc.gov.au/resources/apps-and-tools/nndss-data-visualisation-tool,microsoft_bi
disease,D096,cryptosporidiosis,Cryptosporidiosis,public_projection,AU-WA,"Western Australia, Australia",D096,Cryptosporidiosis,隐孢子虫病,Parasitic,2001-10-01,2001-10,,,,,,missing_population,,,,,,,,,,,,,,,,,,,,,,legacy_fallback,legacy_fallback,,legacy_identity_may_be_lossy,,0,No eligible registered case-count series facts are available for this disease and country; the public curve uses the legacy flat table.,all,Australia NINDSS — Western Australia,https://www.cdc.gov.au/resources/apps-and-tools/nndss-data-visualisation-tool,microsoft_bi,all,Australia NINDSS — Western Australia,https://www.cdc.gov.au/resources/apps-and-tools/nndss-data-visualisation-tool,microsoft_bi
disease,D096,cryptosporidiosis,Cryptosporidiosis,public_projection,FI,Finland,D096,Cryptosporidiosis,隐孢子虫病,Parasitic,2001-10-01,2001-10,1,1,,,0.019275358324092405,wpp_computed,,SER_FI_THL_TTR_1270,,,,,,monthly,,,,,,,,,,,,,,series_registry,representative_series,legacy_gap_fill_blocked_incompatible,non_additive_series_not_rolled_up,SER_FI_THL_TTR_1270,2,Multiple registered series are not declared safely additive. The compatibility curve uses one representative series; inspect source_series for every retained definition. Legacy rows with a different reporting grain or comparison basis were not joined to this curve.,thl_ttr,Finland THL Infectious Diseases Register,https://sampo.thl.fi/pivot/prod/en/ttr/cases/fact_ttr_cases,cube_csv,thl_ttr,Finland THL Infectious Diseases Register,https://sampo.thl.fi/pivot/prod/en/ttr/cases/fact_ttr_cases,cube_csv
disease,D096,cryptosporidiosis,Cryptosporidiosis,source_series_observation,FI,Finland,D096,Cryptosporidiosis,隐孢子虫病,Parasitic,2001-10-01,2001-10,1,1,,,,,,SER_FI_THL_TTR_1270,SER_FI_THL_TTR_1270,SRC_FI_THL_TTR,Cryptosporidiosis,case_notifications,national_notifiable_disease_registry,monthly,count,country:FI:national,all,exact,conditional,non_additive,active,missing_is_unknown,FI_THL_TTR_reporting_group,Finland THL national monthly notification series; THL reporting group code 1270.,,provisional; raw,True,series_registry,representative_series,legacy_gap_fill_blocked_incompatible,non_additive_series_not_rolled_up,SER_FI_THL_TTR_1270,2,Multiple registered series are not declared safely additive. The compatibility curve uses one representative series; inspect source_series for every retained definition. Legacy rows with a different reporting grain or comparison basis were not joined to this curve.,thl_ttr,Finland THL Infectious Diseases Register,https://sampo.thl.fi/pivot/prod/en/ttr/cases/fact_ttr_cases,cube_csv,thl_ttr,Finland THL Infectious Diseases Register,https://sampo.thl.fi/pivot/prod/en/ttr/cases/fact_ttr_cases,cube_csv
disease,D096,cryptosporidiosis,Cryptosporidiosis,public_projection,AU,Australia,D096,Cryptosporidiosis,隐孢子虫病,Parasitic,2001-11-01,2001-11,128,128,,0,0.6609715362419214,wpp_computed,,,,,,,,,,,,,,,,,,,,,,legacy_fallback,legacy_fallback,,legacy_identity_may_be_lossy,,0,No eligible registered case-count series facts are available for this disease and country; the public curve uses the legacy flat table.,all,Australia NINDSS,https://www.health.gov.au/topics/national-notifiable-diseases-surveillance-system-nndss,microsoft_bi,all,Australia NINDSS,https://www.health.gov.au/topics/national-notifiable-diseases-surveillance-system-nndss,microsoft_bi
disease,D096,cryptosporidiosis,Cryptosporidiosis,public_projection,AU-ACT,"Australian Capital Territory, Australia",D096,Cryptosporidiosis,隐孢子虫病,Parasitic,2001-11-01,2001-11,0,0,,,0.0,abs_computed,,,,,,,,,,,,,,,,,,,,,,legacy_fallback,legacy_fallback,,legacy_identity_may_be_lossy,,0,No eligible registered case-count series facts are available for this disease and country; the public curve uses the legacy flat table.,all,Australia NINDSS — Australian Capital Territory,https://www.cdc.gov.au/resources/apps-and-tools/nndss-data-visualisation-tool,microsoft_bi,all,Australia NINDSS — Australian Capital Territory,https://www.cdc.gov.au/resources/apps-and-tools/nndss-data-visualisation-tool,microsoft_bi
disease,D096,cryptosporidiosis,Cryptosporidiosis,public_projection,AU-NSW,"New South Wales, Australia",D096,Cryptosporidiosis,隐孢子虫病,Parasitic,2001-11-01,2001-11,14,14,,,0.21438364167060597,abs_computed,,,,,,,,,,,,,,,,,,,,,,legacy_fallback,legacy_fallback,,legacy_identity_may_be_lossy,,0,No eligible registered case-count series facts are available for this disease and country; the public curve uses the legacy flat table.,all,Australia NINDSS — New South Wales,https://www.cdc.gov.au/resources/apps-and-tools/nndss-data-visualisation-tool,microsoft_bi,all,Australia NINDSS — New South Wales,https://www.cdc.gov.au/resources/apps-and-tools/nndss-data-visualisation-tool,microsoft_bi
disease,D096,cryptosporidiosis,Cryptosporidiosis,public_projection,AU-NT,"Northern Territory, Australia",D096,Cryptosporidiosis,隐孢子虫病,Parasitic,2001-11-01,2001-11,15,15,,,7.435202212716178,abs_computed,,,,,,,,,,,,,,,,,,,,,,legacy_fallback,legacy_fallback,,legacy_identity_may_be_lossy,,0,No eligible registered case-count series facts are available for this disease and country; the public curve uses the legacy flat table.,all,Australia NINDSS — Northern Territory,https://www.cdc.gov.au/resources/apps-and-tools/nndss-data-visualisation-tool,microsoft_bi,all,Australia NINDSS — Northern Territory,https://www.cdc.gov.au/resources/apps-and-tools/nndss-data-visualisation-tool,microsoft_bi
disease,D096,cryptosporidiosis,Cryptosporidiosis,public_projection,AU-QLD,"Queensland, Australia",D096,Cryptosporidiosis,隐孢子虫病,Parasitic,2001-11-01,2001-11,36,36,,,1.007988589569166,abs_computed,,,,,,,,,,,,,,,,,,,,,,legacy_fallback,legacy_fallback,,legacy_identity_may_be_lossy,,0,No eligible registered case-count series facts are available for this disease and country; the public curve uses the legacy flat table.,all,Australia NINDSS — Queensland,https://www.cdc.gov.au/resources/apps-and-tools/nndss-data-visualisation-tool,microsoft_bi,all,Australia NINDSS — Queensland,https://www.cdc.gov.au/resources/apps-and-tools/nndss-data-visualisation-tool,microsoft_bi
disease,D096,cryptosporidiosis,Cryptosporidiosis,public_projection,AU-SA,"South Australia, Australia",D096,Cryptosporidiosis,隐孢子虫病,Parasitic,2001-11-01,2001-11,,,,,,missing_population,,,,,,,,,,,,,,,,,,,,,,legacy_fallback,legacy_fallback,,legacy_identity_may_be_lossy,,0,No eligible registered case-count series facts are available for this disease and country; the public curve uses the legacy flat table.,all,Australia NINDSS — South Australia,https://www.cdc.gov.au/resources/apps-and-tools/nndss-data-visualisation-tool,microsoft_bi,all,Australia NINDSS — South Australia,https://www.cdc.gov.au/resources/apps-and-tools/nndss-data-visualisation-tool,microsoft_bi
disease,D096,cryptosporidiosis,Cryptosporidiosis,public_projection,AU-TAS,"Tasmania, Australia",D096,Cryptosporidiosis,隐孢子虫病,Parasitic,2001-11-01,2001-11,20,20,,,4.222366720994452,abs_computed,,,,,,,,,,,,,,,,,,,,,,legacy_fallback,legacy_fallback,,legacy_identity_may_be_lossy,,0,No eligible registered case-count series facts are available for this disease and country; the public curve uses the legacy flat table.,all,Australia NINDSS — Tasmania,https://www.cdc.gov.au/resources/apps-and-tools/nndss-data-visualisation-tool,microsoft_bi,all,Australia NINDSS — Tasmania,https://www.cdc.gov.au/resources/apps-and-tools/nndss-data-visualisation-tool,microsoft_bi
disease,D096,cryptosporidiosis,Cryptosporidiosis,public_projection,AU-VIC,"Victoria, Australia",D096,Cryptosporidiosis,隐孢子虫病,Parasitic,2001-11-01,2001-11,23,23,,,0.4828265928291854,abs_computed,,,,,,,,,,,,,,,,,,,,,,legacy_fallback,legacy_fallback,,legacy_identity_may_be_lossy,,0,No eligible registered case-count series facts are available for this disease and country; the public curve uses the legacy flat table.,all,Australia NINDSS — Victoria,https://www.cdc.gov.au/resources/apps-and-tools/nndss-data-visualisation-tool,microsoft_bi,all,Australia NINDSS — Victoria,https://www.cdc.gov.au/resources/apps-and-tools/nndss-data-visualisation-tool,microsoft_bi
disease,D096,cryptosporidiosis,Cryptosporidiosis,public_projection,AU-WA,"Western Australia, Australia",D096,Cryptosporidiosis,隐孢子虫病,Parasitic,2001-11-01,2001-11,17,17,,,0.8917920508804085,abs_computed,,,,,,,,,,,,,,,,,,,,,,legacy_fallback,legacy_fallback,,legacy_identity_may_be_lossy,,0,No eligible registered case-count series facts are available for this disease and country; the public curve uses the legacy flat table.,all,Australia NINDSS — Western Australia,https://www.cdc.gov.au/resources/apps-and-tools/nndss-data-visualisation-tool,microsoft_bi,all,Australia NINDSS — Western Australia,https://www.cdc.gov.au/resources/apps-and-tools/nndss-data-visualisation-tool,microsoft_bi
disease,D096,cryptosporidiosis,Cryptosporidiosis,public_projection,FI,Finland,D096,Cryptosporidiosis,隐孢子虫病,Parasitic,2001-11-01,2001-11,0,0,,,0.0,wpp_computed,,SER_FI_THL_TTR_1270,,,,,,monthly,,,,,,,,,,,,,,series_registry,representative_series,legacy_gap_fill_blocked_incompatible,non_additive_series_not_rolled_up,SER_FI_THL_TTR_1270,2,Multiple registered series are not declared safely additive. The compatibility curve uses one representative series; inspect source_series for every retained definition. Legacy rows with a different reporting grain or comparison basis were not joined to this curve.,thl_ttr,Finland THL Infectious Diseases Register,https://sampo.thl.fi/pivot/prod/en/ttr/cases/fact_ttr_cases,cube_csv,thl_ttr,Finland THL Infectious Diseases Register,https://sampo.thl.fi/pivot/prod/en/ttr/cases/fact_ttr_cases,cube_csv
disease,D096,cryptosporidiosis,Cryptosporidiosis,source_series_observation,FI,Finland,D096,Cryptosporidiosis,隐孢子虫病,Parasitic,2001-11-01,2001-11,0,0,,,,,,SER_FI_THL_TTR_1270,SER_FI_THL_TTR_1270,SRC_FI_THL_TTR,Cryptosporidiosis,case_notifications,national_notifiable_disease_registry,monthly,count,country:FI:national,all,exact,conditional,non_additive,active,missing_is_unknown,FI_THL_TTR_reporting_group,Finland THL national monthly notification series; THL reporting group code 1270.,,provisional; raw,True,series_registry,representative_series,legacy_gap_fill_blocked_incompatible,non_additive_series_not_rolled_up,SER_FI_THL_TTR_1270,2,Multiple registered series are not declared safely additive. The compatibility curve uses one representative series; inspect source_series for every retained definition. Legacy rows with a different reporting grain or comparison basis were not joined to this curve.,thl_ttr,Finland THL Infectious Diseases Register,https://sampo.thl.fi/pivot/prod/en/ttr/cases/fact_ttr_cases,cube_csv,thl_ttr,Finland THL Infectious Diseases Register,https://sampo.thl.fi/pivot/prod/en/ttr/cases/fact_ttr_cases,cube_csv
disease,D096,cryptosporidiosis,Cryptosporidiosis,public_projection,AU,Australia,D096,Cryptosporidiosis,隐孢子虫病,Parasitic,2001-12-01,2001-12,179,179,,0,0.9243273827133119,wpp_computed,,,,,,,,,,,,,,,,,,,,,,legacy_fallback,legacy_fallback,,legacy_identity_may_be_lossy,,0,No eligible registered case-count series facts are available for this disease and country; the public curve uses the legacy flat table.,all,Australia NINDSS,https://www.health.gov.au/topics/national-notifiable-diseases-surveillance-system-nndss,microsoft_bi,all,Australia NINDSS,https://www.health.gov.au/topics/national-notifiable-diseases-surveillance-system-nndss,microsoft_bi
disease,D096,cryptosporidiosis,Cryptosporidiosis,public_projection,AU-ACT,"Australian Capital Territory, Australia",D096,Cryptosporidiosis,隐孢子虫病,Parasitic,2001-12-01,2001-12,0,0,,,0.0,abs_computed,,,,,,,,,,,,,,,,,,,,,,legacy_fallback,legacy_fallback,,legacy_identity_may_be_lossy,,0,No eligible registered case-count series facts are available for this disease and country; the public curve uses the legacy flat table.,all,Australia NINDSS — Australian Capital Territory,https://www.cdc.gov.au/resources/apps-and-tools/nndss-data-visualisation-tool,microsoft_bi,all,Australia NINDSS — Australian Capital Territory,https://www.cdc.gov.au/resources/apps-and-tools/nndss-data-visualisation-tool,microsoft_bi
disease,D096,cryptosporidiosis,Cryptosporidiosis,public_projection,AU-NSW,"New South Wales, Australia",D096,Cryptosporidiosis,隐孢子虫病,Parasitic,2001-12-01,2001-12,32,32,,,0.4900197523899565,abs_computed,,,,,,,,,,,,,,,,,,,,,,legacy_fallback,legacy_fallback,,legacy_identity_may_be_lossy,,0,No eligible registered case-count series facts are available for this disease and country; the public curve uses the legacy flat table.,all,Australia NINDSS — New South Wales,https://www.cdc.gov.au/resources/apps-and-tools/nndss-data-visualisation-tool,microsoft_bi,all,Australia NINDSS — New South Wales,https://www.cdc.gov.au/resources/apps-and-tools/nndss-data-visualisation-tool,microsoft_bi
disease,D096,cryptosporidiosis,Cryptosporidiosis,public_projection,AU-NT,"Northern Territory, Australia",D096,Cryptosporidiosis,隐孢子虫病,Parasitic,2001-12-01,2001-12,21,21,,,10.40928309780265,abs_computed,,,,,,,,,,,,,,,,,,,,,,legacy_fallback,legacy_fallback,,legacy_identity_may_be_lossy,,0,No eligible registered case-count series facts are available for this disease and country; the public curve uses the legacy flat table.,all,Australia NINDSS — Northern Territory,https://www.cdc.gov.au/resources/apps-and-tools/nndss-data-visualisation-tool,microsoft_bi,all,Australia NINDSS — Northern Territory,https://www.cdc.gov.au/resources/apps-and-tools/nndss-data-visualisation-tool,microsoft_bi
disease,D096,cryptosporidiosis,Cryptosporidiosis,public_projection,AU-QLD,"Queensland, Australia",D096,Cryptosporidiosis,隐孢子虫病,Parasitic,2001-12-01,2001-12,97,97,,,2.715969255228031,abs_computed,,,,,,,,,,,,,,,,,,,,,,legacy_fallback,legacy_fallback,,legacy_identity_may_be_lossy,,0,No eligible registered case-count series facts are available for this disease and country; the public curve uses the legacy flat table.,all,Australia NINDSS — Queensland,https://www.cdc.gov.au/resources/apps-and-tools/nndss-data-visualisation-tool,microsoft_bi,all,Australia NINDSS — Queensland,https://www.cdc.gov.au/resources/apps-and-tools/nndss-data-visualisation-tool,microsoft_bi
disease,D096,cryptosporidiosis,Cryptosporidiosis,public_projection,AU-SA,"South Australia, Australia",D096,Cryptosporidiosis,隐孢子虫病,Parasitic,2001-12-01,2001-12,,,,,,missing_population,,,,,,,,,,,,,,,,,,,,,,legacy_fallback,legacy_fallback,,legacy_identity_may_be_lossy,,0,No eligible registered case-count series facts are available for this disease and country; the public curve uses the legacy flat table.,all,Australia NINDSS — South Australia,https://www.cdc.gov.au/resources/apps-and-tools/nndss-data-visualisation-tool,microsoft_bi,all,Australia NINDSS — South Australia,https://www.cdc.gov.au/resources/apps-and-tools/nndss-data-visualisation-tool,microsoft_bi
disease,D096,cryptosporidiosis,Cryptosporidiosis,public_projection,AU-TAS,"Tasmania, Australia",D096,Cryptosporidiosis,隐孢子虫病,Parasitic,2001-12-01,2001-12,,,,,,missing_population,,,,,,,,,,,,,,,,,,,,,,legacy_fallback,legacy_fallback,,legacy_identity_may_be_lossy,,0,No eligible registered case-count series facts are available for this disease and country; the public curve uses the legacy flat table.,all,Australia NINDSS — Tasmania,https://www.cdc.gov.au/resources/apps-and-tools/nndss-data-visualisation-tool,microsoft_bi,all,Australia NINDSS — Tasmania,https://www.cdc.gov.au/resources/apps-and-tools/nndss-data-visualisation-tool,microsoft_bi
disease,D096,cryptosporidiosis,Cryptosporidiosis,public_projection,AU-VIC,"Victoria, Australia",D096,Cryptosporidiosis,隐孢子虫病,Parasitic,2001-12-01,2001-12,10,10,,,0.2099246055779067,abs_computed,,,,,,,,,,,,,,,,,,,,,,legacy_fallback,legacy_fallback,,legacy_identity_may_be_lossy,,0,No eligible registered case-count series facts are available for this disease and country; the public curve uses the legacy flat table.,all,Australia NINDSS — Victoria,https://www.cdc.gov.au/resources/apps-and-tools/nndss-data-visualisation-tool,microsoft_bi,all,Australia NINDSS — Victoria,https://www.cdc.gov.au/resources/apps-and-tools/nndss-data-visualisation-tool,microsoft_bi
disease,D096,cryptosporidiosis,Cryptosporidiosis,public_projection,AU-WA,"Western Australia, Australia",D096,Cryptosporidiosis,隐孢子虫病,Parasitic,2001-12-01,2001-12,12,12,,,0.6295002712097002,abs_computed,,,,,,,,,,,,,,,,,,,,,,legacy_fallback,legacy_fallback,,legacy_identity_may_be_lossy,,0,No eligible registered case-count series facts are available for this disease and country; the public curve uses the legacy flat table.,all,Australia NINDSS — Western Australia,https://www.cdc.gov.au/resources/apps-and-tools/nndss-data-visualisation-tool,microsoft_bi,all,Australia NINDSS — Western Australia,https://www.cdc.gov.au/resources/apps-and-tools/nndss-data-visualisation-tool,microsoft_bi
disease,D096,cryptosporidiosis,Cryptosporidiosis,public_projection,FI,Finland,D096,Cryptosporidiosis,隐孢子虫病,Parasitic,2001-12-01,2001-12,0,0,,,0.0,wpp_computed,,SER_FI_THL_TTR_1270,,,,,,monthly,,,,,,,,,,,,,,series_registry,representative_series,legacy_gap_fill_blocked_incompatible,non_additive_series_not_rolled_up,SER_FI_THL_TTR_1270,2,Multiple registered series are not declared safely additive. The compatibility curve uses one representative series; inspect source_series for every retained definition. Legacy rows with a different reporting grain or comparison basis were not joined to this curve.,thl_ttr,Finland THL Infectious Diseases Register,https://sampo.thl.fi/pivot/prod/en/ttr/cases/fact_ttr_cases,cube_csv,thl_ttr,Finland THL Infectious Diseases Register,https://sampo.thl.fi/pivot/prod/en/ttr/cases/fact_ttr_cases,cube_csv
disease,D096,cryptosporidiosis,Cryptosporidiosis,source_series_observation,FI,Finland,D096,Cryptosporidiosis,隐孢子虫病,Parasitic,2001-12-01,2001-12,0,0,,,,,,SER_FI_THL_TTR_1270,SER_FI_THL_TTR_1270,SRC_FI_THL_TTR,Cryptosporidiosis,case_notifications,national_notifiable_disease_registry,monthly,count,country:FI:national,all,exact,conditional,non_additive,active,missing_is_unknown,FI_THL_TTR_reporting_group,Finland THL national monthly notification series; THL reporting group code 1270.,,provisional; raw,True,series_registry,representative_series,legacy_gap_fill_blocked_incompatible,non_additive_series_not_rolled_up,SER_FI_THL_TTR_1270,2,Multiple registered series are not declared safely additive. The compatibility curve uses one representative series; inspect source_series for every retained definition. Legacy rows with a different reporting grain or comparison basis were not joined to this curve.,thl_ttr,Finland THL Infectious Diseases Register,https://sampo.thl.fi/pivot/prod/en/ttr/cases/fact_ttr_cases,cube_csv,thl_ttr,Finland THL Infectious Diseases Register,https://sampo.thl.fi/pivot/prod/en/ttr/cases/fact_ttr_cases,cube_csv
disease,D096,cryptosporidiosis,Cryptosporidiosis,public_projection,AU,Australia,D096,Cryptosporidiosis,隐孢子虫病,Parasitic,2002-01-01,2002-01,676,676,,0,3.449797158561302,wpp_computed,,,,,,,,,,,,,,,,,,,,,,legacy_fallback,legacy_fallback,,legacy_identity_may_be_lossy,,0,No eligible registered case-count series facts are available for this disease and country; the public curve uses the legacy flat table.,all,Australia NINDSS,https://www.health.gov.au/topics/national-notifiable-diseases-surveillance-system-nndss,microsoft_bi,all,Australia NINDSS,https://www.health.gov.au/topics/national-notifiable-diseases-surveillance-system-nndss,microsoft_bi
disease,D096,cryptosporidiosis,Cryptosporidiosis,public_projection,AU-ACT,"Australian Capital Territory, Australia",D096,Cryptosporidiosis,隐孢子虫病,Parasitic,2002-01-01,2002-01,5,5,,,1.540229247721231,abs_computed,,,,,,,,,,,,,,,,,,,,,,legacy_fallback,legacy_fallback,,legacy_identity_may_be_lossy,,0,No eligible registered case-count series facts are available for this disease and country; the public curve uses the legacy flat table.,all,Australia NINDSS — Australian Capital Territory,https://www.cdc.gov.au/resources/apps-and-tools/nndss-data-visualisation-tool,microsoft_bi,all,Australia NINDSS — Australian Capital Territory,https://www.cdc.gov.au/resources/apps-and-tools/nndss-data-visualisation-tool,microsoft_bi
disease,D096,cryptosporidiosis,Cryptosporidiosis,public_projection,AU-NSW,"New South Wales, Australia",D096,Cryptosporidiosis,隐孢子虫病,Parasitic,2002-01-01,2002-01,41,41,,,0.6230238935741468,abs_computed,,,,,,,,,,,,,,,,,,,,,,legacy_fallback,legacy_fallback,,legacy_identity_may_be_lossy,,0,No eligible registered case-count series facts are available for this disease and country; the public curve uses the legacy flat table.,all,Australia NINDSS — New South Wales,https://www.cdc.gov.au/resources/apps-and-tools/nndss-data-visualisation-tool,microsoft_bi,all,Australia NINDSS — New South Wales,https://www.cdc.gov.au/resources/apps-and-tools/nndss-data-visualisation-tool,microsoft_bi
disease,D096,cryptosporidiosis,Cryptosporidiosis,public_projection,AU-NT,"Northern Territory, Australia",D096,Cryptosporidiosis,隐孢子虫病,Parasitic,2002-01-01,2002-01,32,32,,,15.821924242648985,abs_computed,,,,,,,,,,,,,,,,,,,,,,legacy_fallback,legacy_fallback,,legacy_identity_may_be_lossy,,0,No eligible registered case-count series facts are available for this disease and country; the public curve uses the legacy flat table.,all,Australia NINDSS — Northern Territory,https://www.cdc.gov.au/resources/apps-and-tools/nndss-data-visualisation-tool,microsoft_bi,all,Australia NINDSS — Northern Territory,https://www.cdc.gov.au/resources/apps-and-tools/nndss-data-visualisation-tool,microsoft_bi
disease,D096,cryptosporidiosis,Cryptosporidiosis,public_projection,AU-QLD,"Queensland, Australia",D096,Cryptosporidiosis,隐孢子虫病,Parasitic,2002-01-01,2002-01,422,422,,,11.551759959902801,abs_computed,,,,,,,,,,,,,,,,,,,,,,legacy_fallback,legacy_fallback,,legacy_identity_may_be_lossy,,0,No eligible registered case-count series facts are available for this disease and country; the public curve uses the legacy flat table.,all,Australia NINDSS — Queensland,https://www.cdc.gov.au/resources/apps-and-tools/nndss-data-visualisation-tool,microsoft_bi,all,Australia NINDSS — Queensland,https://www.cdc.gov.au/resources/apps-and-tools/nndss-data-visualisation-tool,microsoft_bi
disease,D096,cryptosporidiosis,Cryptosporidiosis,public_projection,AU-SA,"South Australia, Australia",D096,Cryptosporidiosis,隐孢子虫病,Parasitic,2002-01-01,2002-01,11,11,,,0.7277216292761088,abs_computed,,,,,,,,,,,,,,,,,,,,,,legacy_fallback,legacy_fallback,,legacy_identity_may_be_lossy,,0,No eligible registered case-count series facts are available for this disease and country; the public curve uses the legacy flat table.,all,Australia NINDSS — South Australia,https://www.cdc.gov.au/resources/apps-and-tools/nndss-data-visualisation-tool,microsoft_bi,all,Australia NINDSS — South Australia,https://www.cdc.gov.au/resources/apps-and-tools/nndss-data-visualisation-tool,microsoft_bi
disease,D096,cryptosporidiosis,Cryptosporidiosis,public_projection,AU-TAS,"Tasmania, Australia",D096,Cryptosporidiosis,隐孢子虫病,Parasitic,2002-01-01,2002-01,,,,,,missing_population,,,,,,,,,,,,,,,,,,,,,,legacy_fallback,legacy_fallback,,legacy_identity_may_be_lossy,,0,No eligible registered case-count series facts are available for this disease and country; the public curve uses the legacy flat table.,all,Australia NINDSS — Tasmania,https://www.cdc.gov.au/resources/apps-and-tools/nndss-data-visualisation-tool,microsoft_bi,all,Australia NINDSS — Tasmania,https://www.cdc.gov.au/resources/apps-and-tools/nndss-data-visualisation-tool,microsoft_bi
disease,D096,cryptosporidiosis,Cryptosporidiosis,public_projection,AU-VIC,"Victoria, Australia",D096,Cryptosporidiosis,隐孢子虫病,Parasitic,2002-01-01,2002-01,38,38,,,0.7887460059355212,abs_computed,,,,,,,,,,,,,,,,,,,,,,legacy_fallback,legacy_fallback,,legacy_identity_may_be_lossy,,0,No eligible registered case-count series facts are available for this disease and country; the public curve uses the legacy flat table.,all,Australia NINDSS — Victoria,https://www.cdc.gov.au/resources/apps-and-tools/nndss-data-visualisation-tool,microsoft_bi,all,Australia NINDSS — Victoria,https://www.cdc.gov.au/resources/apps-and-tools/nndss-data-visualisation-tool,microsoft_bi
disease,D096,cryptosporidiosis,Cryptosporidiosis,public_projection,AU-WA,"Western Australia, Australia",D096,Cryptosporidiosis,隐孢子虫病,Parasitic,2002-01-01,2002-01,125,125,,,6.481681213287757,abs_computed,,,,,,,,,,,,,,,,,,,,,,legacy_fallback,legacy_fallback,,legacy_identity_may_be_lossy,,0,No eligible registered case-count series facts are available for this disease and country; the public curve uses the legacy flat table.,all,Australia NINDSS — Western Australia,https://www.cdc.gov.au/resources/apps-and-tools/nndss-data-visualisation-tool,microsoft_bi,all,Australia NINDSS — Western Australia,https://www.cdc.gov.au/resources/apps-and-tools/nndss-data-visualisation-tool,microsoft_bi
disease,D096,cryptosporidiosis,Cryptosporidiosis,public_projection,CA,Canada,D096,Cryptosporidiosis,隐孢子虫病,Parasitic,2002-01-01,2002-01,588,588,,,1.8645607488875067,wpp_computed,,SER_CA_PHAC_CNDSS_D176_ANNUAL,,,,,,annual,,,,,,,,,,,,,,series_registry,single_series,parity,,SER_CA_PHAC_CNDSS_D176_ANNUAL,1,The public curve is read directly from one registered source series.,all,Canada PHAC CNDSS Annual,https://diseases.canada.ca/notifiable/extract-dataset,web,all,Canada PHAC CNDSS Annual,https://diseases.canada.ca/notifiable/extract-dataset,web
disease,D096,cryptosporidiosis,Cryptosporidiosis,source_series_observation,CA,Canada,D096,Cryptosporidiosis,隐孢子虫病,Parasitic,2002-01-01,2002-01,588,588,,,,,,SER_CA_PHAC_CNDSS_D176_ANNUAL,SER_CA_PHAC_CNDSS_D176_ANNUAL,SRC_CA_PHAC_CNDSS,Cryptosporidiosis,case_notifications,provincial_territorial_voluntary_notifications_national,annual,count,country:CA:national,all,exact,conditional,non_additive,active,missing_is_unknown,CNDSS_NATIONAL_ANNUAL_2026_08,PHAC CNDSS national annual reported count assembled from voluntary provincial and territorial submissions. Disease-specific reporting coverage and definitions vary over time; null cells are unknown and explicit zeroes are retained.,,raw,True,series_registry,single_series,parity,,SER_CA_PHAC_CNDSS_D176_ANNUAL,1,The public curve is read directly from one registered source series.,all,Canada PHAC CNDSS Annual,https://diseases.canada.ca/notifiable/extract-dataset,web,all,Canada PHAC CNDSS Annual,https://diseases.canada.ca/notifiable/extract-dataset,web
disease,D096,cryptosporidiosis,Cryptosporidiosis,public_projection,FI,Finland,D096,Cryptosporidiosis,隐孢子虫病,Parasitic,2002-01-01,2002-01,3,3,,,0.057686250635990914,wpp_computed,,SER_FI_THL_TTR_1270,,,,,,monthly,,,,,,,,,,,,,,series_registry,representative_series,legacy_gap_fill_blocked_incompatible,non_additive_series_not_rolled_up,SER_FI_THL_TTR_1270,2,Multiple registered series are not declared safely additive. The compatibility curve uses one representative series; inspect source_series for every retained definition. Legacy rows with a different reporting grain or comparison basis were not joined to this curve.,thl_ttr,Finland THL Infectious Diseases Register,https://sampo.thl.fi/pivot/prod/en/ttr/cases/fact_ttr_cases,cube_csv,thl_ttr,Finland THL Infectious Diseases Register,https://sampo.thl.fi/pivot/prod/en/ttr/cases/fact_ttr_cases,cube_csv
disease,D096,cryptosporidiosis,Cryptosporidiosis,source_series_observation,FI,Finland,D096,Cryptosporidiosis,隐孢子虫病,Parasitic,2002-01-01,2002-01,3,3,,,,,,SER_FI_THL_TTR_1270,SER_FI_THL_TTR_1270,SRC_FI_THL_TTR,Cryptosporidiosis,case_notifications,national_notifiable_disease_registry,monthly,count,country:FI:national,all,exact,conditional,non_additive,active,missing_is_unknown,FI_THL_TTR_reporting_group,Finland THL national monthly notification series; THL reporting group code 1270.,,provisional; raw,True,series_registry,representative_series,legacy_gap_fill_blocked_incompatible,non_additive_series_not_rolled_up,SER_FI_THL_TTR_1270,2,Multiple registered series are not declared safely additive. The compatibility curve uses one representative series; inspect source_series for every retained definition. Legacy rows with a different reporting grain or comparison basis were not joined to this curve.,thl_ttr,Finland THL Infectious Diseases Register,https://sampo.thl.fi/pivot/prod/en/ttr/cases/fact_ttr_cases,cube_csv,thl_ttr,Finland THL Infectious Diseases Register,https://sampo.thl.fi/pivot/prod/en/ttr/cases/fact_ttr_cases,cube_csv
disease,D096,cryptosporidiosis,Cryptosporidiosis,public_projection,AU,Australia,D096,Cryptosporidiosis,隐孢子虫病,Parasitic,2002-02-01,2002-02,912,912,,0,4.6541642139170225,wpp_computed,,,,,,,,,,,,,,,,,,,,,,legacy_fallback,legacy_fallback,,legacy_identity_may_be_lossy,,0,No eligible registered case-count series facts are available for this disease and country; the public curve uses the legacy flat table.,all,Australia NINDSS,https://www.health.gov.au/topics/national-notifiable-diseases-surveillance-system-nndss,microsoft_bi,all,Australia NINDSS,https://www.health.gov.au/topics/national-notifiable-diseases-surveillance-system-nndss,microsoft_bi
disease,D096,cryptosporidiosis,Cryptosporidiosis,public_projection,AU-ACT,"Australian Capital Territory, Australia",D096,Cryptosporidiosis,隐孢子虫病,Parasitic,2002-02-01,2002-02,8,8,,,2.464366796353969,abs_computed,,,,,,,,,,,,,,,,,,,,,,legacy_fallback,legacy_fallback,,legacy_identity_may_be_lossy,,0,No eligible registered case-count series facts are available for this disease and country; the public curve uses the legacy flat table.,all,Australia NINDSS — Australian Capital Territory,https://www.cdc.gov.au/resources/apps-and-tools/nndss-data-visualisation-tool,microsoft_bi,all,Australia NINDSS — Australian Capital Territory,https://www.cdc.gov.au/resources/apps-and-tools/nndss-data-visualisation-tool,microsoft_bi
disease,D096,cryptosporidiosis,Cryptosporidiosis,public_projection,AU-NSW,"New South Wales, Australia",D096,Cryptosporidiosis,隐孢子虫病,Parasitic,2002-02-01,2002-02,53,53,,,0.8053723502299946,abs_computed,,,,,,,,,,,,,,,,,,,,,,legacy_fallback,legacy_fallback,,legacy_identity_may_be_lossy,,0,No eligible registered case-count series facts are available for this disease and country; the public curve uses the legacy flat table.,all,Australia NINDSS — New South Wales,https://www.cdc.gov.au/resources/apps-and-tools/nndss-data-visualisation-tool,microsoft_bi,all,Australia NINDSS — New South Wales,https://www.cdc.gov.au/resources/apps-and-tools/nndss-data-visualisation-tool,microsoft_bi
disease,D096,cryptosporidiosis,Cryptosporidiosis,public_projection,AU-NT,"Northern Territory, Australia",D096,Cryptosporidiosis,隐孢子虫病,Parasitic,2002-02-01,2002-02,36,36,,,17.79966477298011,abs_computed,,,,,,,,,,,,,,,,,,,,,,legacy_fallback,legacy_fallback,,legacy_identity_may_be_lossy,,0,No eligible registered case-count series facts are available for this disease and country; the public curve uses the legacy flat table.,all,Australia NINDSS — Northern Territory,https://www.cdc.gov.au/resources/apps-and-tools/nndss-data-visualisation-tool,microsoft_bi,all,Australia NINDSS — Northern Territory,https://www.cdc.gov.au/resources/apps-and-tools/nndss-data-visualisation-tool,microsoft_bi
disease,D096,cryptosporidiosis,Cryptosporidiosis,public_projection,AU-QLD,"Queensland, Australia",D096,Cryptosporidiosis,隐孢子虫病,Parasitic,2002-02-01,2002-02,744,744,,,20.366136043051384,abs_computed,,,,,,,,,,,,,,,,,,,,,,legacy_fallback,legacy_fallback,,legacy_identity_may_be_lossy,,0,No eligible registered case-count series facts are available for this disease and country; the public curve uses the legacy flat table.,all,Australia NINDSS — Queensland,https://www.cdc.gov.au/resources/apps-and-tools/nndss-data-visualisation-tool,microsoft_bi,all,Australia NINDSS — Queensland,https://www.cdc.gov.au/resources/apps-and-tools/nndss-data-visualisation-tool,microsoft_bi
disease,D096,cryptosporidiosis,Cryptosporidiosis,public_projection,AU-SA,"South Australia, Australia",D096,Cryptosporidiosis,隐孢子虫病,Parasitic,2002-02-01,2002-02,12,12,,,0.7938781410284823,abs_computed,,,,,,,,,,,,,,,,,,,,,,legacy_fallback,legacy_fallback,,legacy_identity_may_be_lossy,,0,No eligible registered case-count series facts are available for this disease and country; the public curve uses the legacy flat table.,all,Australia NINDSS — South Australia,https://www.cdc.gov.au/resources/apps-and-tools/nndss-data-visualisation-tool,microsoft_bi,all,Australia NINDSS — South Australia,https://www.cdc.gov.au/resources/apps-and-tools/nndss-data-visualisation-tool,microsoft_bi
disease,D096,cryptosporidiosis,Cryptosporidiosis,public_projection,AU-TAS,"Tasmania, Australia",D096,Cryptosporidiosis,隐孢子虫病,Parasitic,2002-02-01,2002-02,,,,,,missing_population,,,,,,,,,,,,,,,,,,,,,,legacy_fallback,legacy_fallback,,legacy_identity_may_be_lossy,,0,No eligible registered case-count series facts are available for this disease and country; the public curve uses the legacy flat table.,all,Australia NINDSS — Tasmania,https://www.cdc.gov.au/resources/apps-and-tools/nndss-data-visualisation-tool,microsoft_bi,all,Australia NINDSS — Tasmania,https://www.cdc.gov.au/resources/apps-and-tools/nndss-data-visualisation-tool,microsoft_bi
disease,D096,cryptosporidiosis,Cryptosporidiosis,public_projection,AU-VIC,"Victoria, Australia",D096,Cryptosporidiosis,隐孢子虫病,Parasitic,2002-02-01,2002-02,38,38,,,0.7887460059355212,abs_computed,,,,,,,,,,,,,,,,,,,,,,legacy_fallback,legacy_fallback,,legacy_identity_may_be_lossy,,0,No eligible registered case-count series facts are available for this disease and country; the public curve uses the legacy flat table.,all,Australia NINDSS — Victoria,https://www.cdc.gov.au/resources/apps-and-tools/nndss-data-visualisation-tool,microsoft_bi,all,Australia NINDSS — Victoria,https://www.cdc.gov.au/resources/apps-and-tools/nndss-data-visualisation-tool,microsoft_bi
disease,D096,cryptosporidiosis,Cryptosporidiosis,public_projection,AU-WA,"Western Australia, Australia",D096,Cryptosporidiosis,隐孢子虫病,Parasitic,2002-02-01,2002-02,19,19,,,0.9852155444197391,abs_computed,,,,,,,,,,,,,,,,,,,,,,legacy_fallback,legacy_fallback,,legacy_identity_may_be_lossy,,0,No eligible registered case-count series facts are available for this disease and country; the public curve uses the legacy flat table.,all,Australia NINDSS — Western Australia,https://www.cdc.gov.au/resources/apps-and-tools/nndss-data-visualisation-tool,microsoft_bi,all,Australia NINDSS — Western Australia,https://www.cdc.gov.au/resources/apps-and-tools/nndss-data-visualisation-tool,microsoft_bi
disease,D096,cryptosporidiosis,Cryptosporidiosis,public_projection,FI,Finland,D096,Cryptosporidiosis,隐孢子虫病,Parasitic,2002-02-01,2002-02,1,1,,,0.01922875021199697,wpp_computed,,SER_FI_THL_TTR_1270,,,,,,monthly,,,,,,,,,,,,,,series_registry,representative_series,legacy_gap_fill_blocked_incompatible,non_additive_series_not_rolled_up,SER_FI_THL_TTR_1270,2,Multiple registered series are not declared safely additive. The compatibility curve uses one representative series; inspect source_series for every retained definition. Legacy rows with a different reporting grain or comparison basis were not joined to this curve.,thl_ttr,Finland THL Infectious Diseases Register,https://sampo.thl.fi/pivot/prod/en/ttr/cases/fact_ttr_cases,cube_csv,thl_ttr,Finland THL Infectious Diseases Register,https://sampo.thl.fi/pivot/prod/en/ttr/cases/fact_ttr_cases,cube_csv
disease,D096,cryptosporidiosis,Cryptosporidiosis,source_series_observation,FI,Finland,D096,Cryptosporidiosis,隐孢子虫病,Parasitic,2002-02-01,2002-02,1,1,,,,,,SER_FI_THL_TTR_1270,SER_FI_THL_TTR_1270,SRC_FI_THL_TTR,Cryptosporidiosis,case_notifications,national_notifiable_disease_registry,monthly,count,country:FI:national,all,exact,conditional,non_additive,active,missing_is_unknown,FI_THL_TTR_reporting_group,Finland THL national monthly notification series; THL reporting group code 1270.,,provisional; raw,True,series_registry,representative_series,legacy_gap_fill_blocked_incompatible,non_additive_series_not_rolled_up,SER_FI_THL_TTR_1270,2,Multiple registered series are not declared safely additive. The compatibility curve uses one representative series; inspect source_series for every retained definition. Legacy rows with a different reporting grain or comparison basis were not joined to this curve.,thl_ttr,Finland THL Infectious Diseases Register,https://sampo.thl.fi/pivot/prod/en/ttr/cases/fact_ttr_cases,cube_csv,thl_ttr,Finland THL Infectious Diseases Register,https://sampo.thl.fi/pivot/prod/en/ttr/cases/fact_ttr_cases,cube_csv
disease,D096,cryptosporidiosis,Cryptosporidiosis,public_projection,AU,Australia,D096,Cryptosporidiosis,隐孢子虫病,Parasitic,2002-03-01,2002-03,635,635,,0,3.240563898944418,wpp_computed,,,,,,,,,,,,,,,,,,,,,,legacy_fallback,legacy_fallback,,legacy_identity_may_be_lossy,,0,No eligible registered case-count series facts are available for this disease and country; the public curve uses the legacy flat table.,all,Australia NINDSS,https://www.health.gov.au/topics/national-notifiable-diseases-surveillance-system-nndss,microsoft_bi,all,Australia NINDSS,https://www.health.gov.au/topics/national-notifiable-diseases-surveillance-system-nndss,microsoft_bi
disease,D096,cryptosporidiosis,Cryptosporidiosis,public_projection,AU-ACT,"Australian Capital Territory, Australia",D096,Cryptosporidiosis,隐孢子虫病,Parasitic,2002-03-01,2002-03,9,9,,,2.7724126458982155,abs_computed,,,,,,,,,,,,,,,,,,,,,,legacy_fallback,legacy_fallback,,legacy_identity_may_be_lossy,,0,No eligible registered case-count series facts are available for this disease and country; the public curve uses the legacy flat table.,all,Australia NINDSS — Australian Capital Territory,https://www.cdc.gov.au/resources/apps-and-tools/nndss-data-visualisation-tool,microsoft_bi,all,Australia NINDSS — Australian Capital Territory,https://www.cdc.gov.au/resources/apps-and-tools/nndss-data-visualisation-tool,microsoft_bi
disease,D096,cryptosporidiosis,Cryptosporidiosis,public_projection,AU-NSW,"New South Wales, Australia",D096,Cryptosporidiosis,隐孢子虫病,Parasitic,2002-03-01,2002-03,56,56,,,0.8509594643939565,abs_computed,,,,,,,,,,,,,,,,,,,,,,legacy_fallback,legacy_fallback,,legacy_identity_may_be_lossy,,0,No eligible registered case-count series facts are available for this disease and country; the public curve uses the legacy flat table.,all,Australia NINDSS — New South Wales,https://www.cdc.gov.au/resources/apps-and-tools/nndss-data-visualisation-tool,microsoft_bi,all,Australia NINDSS — New South Wales,https://www.cdc.gov.au/resources/apps-and-tools/nndss-data-visualisation-tool,microsoft_bi
disease,D096,cryptosporidiosis,Cryptosporidiosis,public_projection,AU-NT,"Northern Territory, Australia",D096,Cryptosporidiosis,隐孢子虫病,Parasitic,2002-03-01,2002-03,42,42,,,20.766275568476793,abs_computed,,,,,,,,,,,,,,,,,,,,,,legacy_fallback,legacy_fallback,,legacy_identity_may_be_lossy,,0,No eligible registered case-count series facts are available for this disease and country; the public curve uses the legacy flat table.,all,Australia NINDSS — Northern Territory,https://www.cdc.gov.au/resources/apps-and-tools/nndss-data-visualisation-tool,microsoft_bi,all,Australia NINDSS — Northern Territory,https://www.cdc.gov.au/resources/apps-and-tools/nndss-data-visualisation-tool,microsoft_bi
disease,D096,cryptosporidiosis,Cryptosporidiosis,public_projection,AU-QLD,"Queensland, Australia",D096,Cryptosporidiosis,隐孢子虫病,Parasitic,2002-03-01,2002-03,466,466,,,12.756208865674656,abs_computed,,,,,,,,,,,,,,,,,,,,,,legacy_fallback,legacy_fallback,,legacy_identity_may_be_lossy,,0,No eligible registered case-count series facts are available for this disease and country; the public curve uses the legacy flat table.,all,Australia NINDSS — Queensland,https://www.cdc.gov.au/resources/apps-and-tools/nndss-data-visualisation-tool,microsoft_bi,all,Australia NINDSS — Queensland,https://www.cdc.gov.au/resources/apps-and-tools/nndss-data-visualisation-tool,microsoft_bi
disease,D096,cryptosporidiosis,Cryptosporidiosis,public_projection,AU-SA,"South Australia, Australia",D096,Cryptosporidiosis,隐孢子虫病,Parasitic,2002-03-01,2002-03,13,13,,,0.8600346527808559,abs_computed,,,,,,,,,,,,,,,,,,,,,,legacy_fallback,legacy_fallback,,legacy_identity_may_be_lossy,,0,No eligible registered case-count series facts are available for this disease and country; the public curve uses the legacy flat table.,all,Australia NINDSS — South Australia,https://www.cdc.gov.au/resources/apps-and-tools/nndss-data-visualisation-tool,microsoft_bi,all,Australia NINDSS — South Australia,https://www.cdc.gov.au/resources/apps-and-tools/nndss-data-visualisation-tool,microsoft_bi
disease,D096,cryptosporidiosis,Cryptosporidiosis,public_projection,AU-TAS,"Tasmania, Australia",D096,Cryptosporidiosis,隐孢子虫病,Parasitic,2002-03-01,2002-03,,,,,,missing_population,,,,,,,,,,,,,,,,,,,,,,legacy_fallback,legacy_fallback,,legacy_identity_may_be_lossy,,0,No eligible registered case-count series facts are available for this disease and country; the public curve uses the legacy flat table.,all,Australia NINDSS — Tasmania,https://www.cdc.gov.au/resources/apps-and-tools/nndss-data-visualisation-tool,microsoft_bi,all,Australia NINDSS — Tasmania,https://www.cdc.gov.au/resources/apps-and-tools/nndss-data-visualisation-tool,microsoft_bi
disease,D096,cryptosporidiosis,Cryptosporidiosis,public_projection,AU-VIC,"Victoria, Australia",D096,Cryptosporidiosis,隐孢子虫病,Parasitic,2002-03-01,2002-03,21,21,,,0.43588595064857755,abs_computed,,,,,,,,,,,,,,,,,,,,,,legacy_fallback,legacy_fallback,,legacy_identity_may_be_lossy,,0,No eligible registered case-count series facts are available for this disease and country; the public curve uses the legacy flat table.,all,Australia NINDSS — Victoria,https://www.cdc.gov.au/resources/apps-and-tools/nndss-data-visualisation-tool,microsoft_bi,all,Australia NINDSS — Victoria,https://www.cdc.gov.au/resources/apps-and-tools/nndss-data-visualisation-tool,microsoft_bi
disease,D096,cryptosporidiosis,Cryptosporidiosis,public_projection,AU-WA,"Western Australia, Australia",D096,Cryptosporidiosis,隐孢子虫病,Parasitic,2002-03-01,2002-03,26,26,,,1.3481896923638534,abs_computed,,,,,,,,,,,,,,,,,,,,,,legacy_fallback,legacy_fallback,,legacy_identity_may_be_lossy,,0,No eligible registered case-count series facts are available for this disease and country; the public curve uses the legacy flat table.,all,Australia NINDSS — Western Australia,https://www.cdc.gov.au/resources/apps-and-tools/nndss-data-visualisation-tool,microsoft_bi,all,Australia NINDSS — Western Australia,https://www.cdc.gov.au/resources/apps-and-tools/nndss-data-visualisation-tool,microsoft_bi
disease,D096,cryptosporidiosis,Cryptosporidiosis,public_projection,FI,Finland,D096,Cryptosporidiosis,隐孢子虫病,Parasitic,2002-03-01,2002-03,1,1,,,0.01922875021199697,wpp_computed,,SER_FI_THL_TTR_1270,,,,,,monthly,,,,,,,,,,,,,,series_registry,representative_series,legacy_gap_fill_blocked_incompatible,non_additive_series_not_rolled_up,SER_FI_THL_TTR_1270,2,Multiple registered series are not declared safely additive. The compatibility curve uses one representative series; inspect source_series for every retained definition. Legacy rows with a different reporting grain or comparison basis were not joined to this curve.,thl_ttr,Finland THL Infectious Diseases Register,https://sampo.thl.fi/pivot/prod/en/ttr/cases/fact_ttr_cases,cube_csv,thl_ttr,Finland THL Infectious Diseases Register,https://sampo.thl.fi/pivot/prod/en/ttr/cases/fact_ttr_cases,cube_csv
disease,D096,cryptosporidiosis,Cryptosporidiosis,source_series_observation,FI,Finland,D096,Cryptosporidiosis,隐孢子虫病,Parasitic,2002-03-01,2002-03,1,1,,,,,,SER_FI_THL_TTR_1270,SER_FI_THL_TTR_1270,SRC_FI_THL_TTR,Cryptosporidiosis,case_notifications,national_notifiable_disease_registry,monthly,count,country:FI:national,all,exact,conditional,non_additive,active,missing_is_unknown,FI_THL_TTR_reporting_group,Finland THL national monthly notification series; THL reporting group code 1270.,,provisional; raw,True,series_registry,representative_series,legacy_gap_fill_blocked_incompatible,non_additive_series_not_rolled_up,SER_FI_THL_TTR_1270,2,Multiple registered series are not declared safely additive. The compatibility curve uses one representative series; inspect source_series for every retained definition. Legacy rows with a different reporting grain or comparison basis were not joined to this curve.,thl_ttr,Finland THL Infectious Diseases Register,https://sampo.thl.fi/pivot/prod/en/ttr/cases/fact_ttr_cases,cube_csv,thl_ttr,Finland THL Infectious Diseases Register,https://sampo.thl.fi/pivot/prod/en/ttr/cases/fact_ttr_cases,cube_csv
disease,D096,cryptosporidiosis,Cryptosporidiosis,public_projection,AU,Australia,D096,Cryptosporidiosis,隐孢子虫病,Parasitic,2002-04-01,2002-04,290,290,,0,1.4799425680218603,wpp_computed,,,,,,,,,,,,,,,,,,,,,,legacy_fallback,legacy_fallback,,legacy_identity_may_be_lossy,,0,No eligible registered case-count series facts are available for this disease and country; the public curve uses the legacy flat table.,all,Australia NINDSS,https://www.health.gov.au/topics/national-notifiable-diseases-surveillance-system-nndss,microsoft_bi,all,Australia NINDSS,https://www.health.gov.au/topics/national-notifiable-diseases-surveillance-system-nndss,microsoft_bi
disease,D096,cryptosporidiosis,Cryptosporidiosis,public_projection,AU-ACT,"Australian Capital Territory, Australia",D096,Cryptosporidiosis,隐孢子虫病,Parasitic,2002-04-01,2002-04,,,,,,missing_population,,,,,,,,,,,,,,,,,,,,,,legacy_fallback,legacy_fallback,,legacy_identity_may_be_lossy,,0,No eligible registered case-count series facts are available for this disease and country; the public curve uses the legacy flat table.,all,Australia NINDSS — Australian Capital Territory,https://www.cdc.gov.au/resources/apps-and-tools/nndss-data-visualisation-tool,microsoft_bi,all,Australia NINDSS — Australian Capital Territory,https://www.cdc.gov.au/resources/apps-and-tools/nndss-data-visualisation-tool,microsoft_bi
disease,D096,cryptosporidiosis,Cryptosporidiosis,public_projection,AU-NSW,"New South Wales, Australia",D096,Cryptosporidiosis,隐孢子虫病,Parasitic,2002-04-01,2002-04,44,44,,,0.6686110077381087,abs_computed,,,,,,,,,,,,,,,,,,,,,,legacy_fallback,legacy_fallback,,legacy_identity_may_be_lossy,,0,No eligible registered case-count series facts are available for this disease and country; the public curve uses the legacy flat table.,all,Australia NINDSS — New South Wales,https://www.cdc.gov.au/resources/apps-and-tools/nndss-data-visualisation-tool,microsoft_bi,all,Australia NINDSS — New South Wales,https://www.cdc.gov.au/resources/apps-and-tools/nndss-data-visualisation-tool,microsoft_bi
disease,D096,cryptosporidiosis,Cryptosporidiosis,public_projection,AU-NT,"Northern Territory, Australia",D096,Cryptosporidiosis,隐孢子虫病,Parasitic,2002-04-01,2002-04,18,18,,,8.899832386490054,abs_computed,,,,,,,,,,,,,,,,,,,,,,legacy_fallback,legacy_fallback,,legacy_identity_may_be_lossy,,0,No eligible registered case-count series facts are available for this disease and country; the public curve uses the legacy flat table.,all,Australia NINDSS — Northern Territory,https://www.cdc.gov.au/resources/apps-and-tools/nndss-data-visualisation-tool,microsoft_bi,all,Australia NINDSS — Northern Territory,https://www.cdc.gov.au/resources/apps-and-tools/nndss-data-visualisation-tool,microsoft_bi
disease,D096,cryptosporidiosis,Cryptosporidiosis,public_projection,AU-QLD,"Queensland, Australia",D096,Cryptosporidiosis,隐孢子虫病,Parasitic,2002-04-01,2002-04,158,158,,,4.325066525271665,abs_computed,,,,,,,,,,,,,,,,,,,,,,legacy_fallback,legacy_fallback,,legacy_identity_may_be_lossy,,0,No eligible registered case-count series facts are available for this disease and country; the public curve uses the legacy flat table.,all,Australia NINDSS — Queensland,https://www.cdc.gov.au/resources/apps-and-tools/nndss-data-visualisation-tool,microsoft_bi,all,Australia NINDSS — Queensland,https://www.cdc.gov.au/resources/apps-and-tools/nndss-data-visualisation-tool,microsoft_bi
disease,D096,cryptosporidiosis,Cryptosporidiosis,public_projection,AU-SA,"South Australia, Australia",D096,Cryptosporidiosis,隐孢子虫病,Parasitic,2002-04-01,2002-04,9,9,,,0.5954086057713618,abs_computed,,,,,,,,,,,,,,,,,,,,,,legacy_fallback,legacy_fallback,,legacy_identity_may_be_lossy,,0,No eligible registered case-count series facts are available for this disease and country; the public curve uses the legacy flat table.,all,Australia NINDSS — South Australia,https://www.cdc.gov.au/resources/apps-and-tools/nndss-data-visualisation-tool,microsoft_bi,all,Australia NINDSS — South Australia,https://www.cdc.gov.au/resources/apps-and-tools/nndss-data-visualisation-tool,microsoft_bi
disease,D096,cryptosporidiosis,Cryptosporidiosis,public_projection,AU-TAS,"Tasmania, Australia",D096,Cryptosporidiosis,隐孢子虫病,Parasitic,2002-04-01,2002-04,5,5,,,1.054514164234254,abs_computed,,,,,,,,,,,,,,,,,,,,,,legacy_fallback,legacy_fallback,,legacy_identity_may_be_lossy,,0,No eligible registered case-count series facts are available for this disease and country; the public curve uses the legacy flat table.,all,Australia NINDSS — Tasmania,https://www.cdc.gov.au/resources/apps-and-tools/nndss-data-visualisation-tool,microsoft_bi,all,Australia NINDSS — Tasmania,https://www.cdc.gov.au/resources/apps-and-tools/nndss-data-visualisation-tool,microsoft_bi
disease,D096,cryptosporidiosis,Cryptosporidiosis,public_projection,AU-VIC,"Victoria, Australia",D096,Cryptosporidiosis,隐孢子虫病,Parasitic,2002-04-01,2002-04,37,37,,,0.7679895320951128,abs_computed,,,,,,,,,,,,,,,,,,,,,,legacy_fallback,legacy_fallback,,legacy_identity_may_be_lossy,,0,No eligible registered case-count series facts are available for this disease and country; the public curve uses the legacy flat table.,all,Australia NINDSS — Victoria,https://www.cdc.gov.au/resources/apps-and-tools/nndss-data-visualisation-tool,microsoft_bi,all,Australia NINDSS — Victoria,https://www.cdc.gov.au/resources/apps-and-tools/nndss-data-visualisation-tool,microsoft_bi
disease,D096,cryptosporidiosis,Cryptosporidiosis,public_projection,AU-WA,"Western Australia, Australia",D096,Cryptosporidiosis,隐孢子虫病,Parasitic,2002-04-01,2002-04,15,15,,,0.7778017455945309,abs_computed,,,,,,,,,,,,,,,,,,,,,,legacy_fallback,legacy_fallback,,legacy_identity_may_be_lossy,,0,No eligible registered case-count series facts are available for this disease and country; the public curve uses the legacy flat table.,all,Australia NINDSS — Western Australia,https://www.cdc.gov.au/resources/apps-and-tools/nndss-data-visualisation-tool,microsoft_bi,all,Australia NINDSS — Western Australia,https://www.cdc.gov.au/resources/apps-and-tools/nndss-data-visualisation-tool,microsoft_bi
disease,D096,cryptosporidiosis,Cryptosporidiosis,public_projection,FI,Finland,D096,Cryptosporidiosis,隐孢子虫病,Parasitic,2002-04-01,2002-04,2,2,,,0.03845750042399394,wpp_computed,,SER_FI_THL_TTR_1270,,,,,,monthly,,,,,,,,,,,,,,series_registry,representative_series,legacy_gap_fill_blocked_incompatible,non_additive_series_not_rolled_up,SER_FI_THL_TTR_1270,2,Multiple registered series are not declared safely additive. The compatibility curve uses one representative series; inspect source_series for every retained definition. Legacy rows with a different reporting grain or comparison basis were not joined to this curve.,thl_ttr,Finland THL Infectious Diseases Register,https://sampo.thl.fi/pivot/prod/en/ttr/cases/fact_ttr_cases,cube_csv,thl_ttr,Finland THL Infectious Diseases Register,https://sampo.thl.fi/pivot/prod/en/ttr/cases/fact_ttr_cases,cube_csv
disease,D096,cryptosporidiosis,Cryptosporidiosis,source_series_observation,FI,Finland,D096,Cryptosporidiosis,隐孢子虫病,Parasitic,2002-04-01,2002-04,2,2,,,,,,SER_FI_THL_TTR_1270,SER_FI_THL_TTR_1270,SRC_FI_THL_TTR,Cryptosporidiosis,case_notifications,national_notifiable_disease_registry,monthly,count,country:FI:national,all,exact,conditional,non_additive,active,missing_is_unknown,FI_THL_TTR_reporting_group,Finland THL national monthly notification series; THL reporting group code 1270.,,provisional; raw,True,series_registry,representative_series,legacy_gap_fill_blocked_incompatible,non_additive_series_not_rolled_up,SER_FI_THL_TTR_1270,2,Multiple registered series are not declared safely additive. The compatibility curve uses one representative series; inspect source_series for every retained definition. Legacy rows with a different reporting grain or comparison basis were not joined to this curve.,thl_ttr,Finland THL Infectious Diseases Register,https://sampo.thl.fi/pivot/prod/en/ttr/cases/fact_ttr_cases,cube_csv,thl_ttr,Finland THL Infectious Diseases Register,https://sampo.thl.fi/pivot/prod/en/ttr/cases/fact_ttr_cases,cube_csv
disease,D096,cryptosporidiosis,Cryptosporidiosis,public_projection,AU,Australia,D096,Cryptosporidiosis,隐孢子虫病,Parasitic,2002-05-01,2002-05,210,210,,0,1.0716825492572093,wpp_computed,,,,,,,,,,,,,,,,,,,,,,legacy_fallback,legacy_fallback,,legacy_identity_may_be_lossy,,0,No eligible registered case-count series facts are available for this disease and country; the public curve uses the legacy flat table.,all,Australia NINDSS,https://www.health.gov.au/topics/national-notifiable-diseases-surveillance-system-nndss,microsoft_bi,all,Australia NINDSS,https://www.health.gov.au/topics/national-notifiable-diseases-surveillance-system-nndss,microsoft_bi
disease,D096,cryptosporidiosis,Cryptosporidiosis,public_projection,AU-ACT,"Australian Capital Territory, Australia",D096,Cryptosporidiosis,隐孢子虫病,Parasitic,2002-05-01,2002-05,,,,,,missing_population,,,,,,,,,,,,,,,,,,,,,,legacy_fallback,legacy_fallback,,legacy_identity_may_be_lossy,,0,No eligible registered case-count series facts are available for this disease and country; the public curve uses the legacy flat table.,all,Australia NINDSS — Australian Capital Territory,https://www.cdc.gov.au/resources/apps-and-tools/nndss-data-visualisation-tool,microsoft_bi,all,Australia NINDSS — Australian Capital Territory,https://www.cdc.gov.au/resources/apps-and-tools/nndss-data-visualisation-tool,microsoft_bi
disease,D096,cryptosporidiosis,Cryptosporidiosis,public_projection,AU-NSW,"New South Wales, Australia",D096,Cryptosporidiosis,隐孢子虫病,Parasitic,2002-05-01,2002-05,27,27,,,0.41028402747565756,abs_computed,,,,,,,,,,,,,,,,,,,,,,legacy_fallback,legacy_fallback,,legacy_identity_may_be_lossy,,0,No eligible registered case-count series facts are available for this disease and country; the public curve uses the legacy flat table.,all,Australia NINDSS — New South Wales,https://www.cdc.gov.au/resources/apps-and-tools/nndss-data-visualisation-tool,microsoft_bi,all,Australia NINDSS — New South Wales,https://www.cdc.gov.au/resources/apps-and-tools/nndss-data-visualisation-tool,microsoft_bi
disease,D096,cryptosporidiosis,Cryptosporidiosis,public_projection,AU-NT,"Northern Territory, Australia",D096,Cryptosporidiosis,隐孢子虫病,Parasitic,2002-05-01,2002-05,15,15,,,7.416526988741712,abs_computed,,,,,,,,,,,,,,,,,,,,,,legacy_fallback,legacy_fallback,,legacy_identity_may_be_lossy,,0,No eligible registered case-count series facts are available for this disease and country; the public curve uses the legacy flat table.,all,Australia NINDSS — Northern Territory,https://www.cdc.gov.au/resources/apps-and-tools/nndss-data-visualisation-tool,microsoft_bi,all,Australia NINDSS — Northern Territory,https://www.cdc.gov.au/resources/apps-and-tools/nndss-data-visualisation-tool,microsoft_bi
disease,D096,cryptosporidiosis,Cryptosporidiosis,public_projection,AU-QLD,"Queensland, Australia",D096,Cryptosporidiosis,隐孢子虫病,Parasitic,2002-05-01,2002-05,91,91,,,2.4910193278463386,abs_computed,,,,,,,,,,,,,,,,,,,,,,legacy_fallback,legacy_fallback,,legacy_identity_may_be_lossy,,0,No eligible registered case-count series facts are available for this disease and country; the public curve uses the legacy flat table.,all,Australia NINDSS — Queensland,https://www.cdc.gov.au/resources/apps-and-tools/nndss-data-visualisation-tool,microsoft_bi,all,Australia NINDSS — Queensland,https://www.cdc.gov.au/resources/apps-and-tools/nndss-data-visualisation-tool,microsoft_bi
disease,D096,cryptosporidiosis,Cryptosporidiosis,public_projection,AU-SA,"South Australia, Australia",D096,Cryptosporidiosis,隐孢子虫病,Parasitic,2002-05-01,2002-05,15,15,,,0.9923476762856029,abs_computed,,,,,,,,,,,,,,,,,,,,,,legacy_fallback,legacy_fallback,,legacy_identity_may_be_lossy,,0,No eligible registered case-count series facts are available for this disease and country; the public curve uses the legacy flat table.,all,Australia NINDSS — South Australia,https://www.cdc.gov.au/resources/apps-and-tools/nndss-data-visualisation-tool,microsoft_bi,all,Australia NINDSS — South Australia,https://www.cdc.gov.au/resources/apps-and-tools/nndss-data-visualisation-tool,microsoft_bi
disease,D096,cryptosporidiosis,Cryptosporidiosis,public_projection,AU-TAS,"Tasmania, Australia",D096,Cryptosporidiosis,隐孢子虫病,Parasitic,2002-05-01,2002-05,,,,,,missing_population,,,,,,,,,,,,,,,,,,,,,,legacy_fallback,legacy_fallback,,legacy_identity_may_be_lossy,,0,No eligible registered case-count series facts are available for this disease and country; the public curve uses the legacy flat table.,all,Australia NINDSS — Tasmania,https://www.cdc.gov.au/resources/apps-and-tools/nndss-data-visualisation-tool,microsoft_bi,all,Australia NINDSS — Tasmania,https://www.cdc.gov.au/resources/apps-and-tools/nndss-data-visualisation-tool,microsoft_bi
disease,D096,cryptosporidiosis,Cryptosporidiosis,public_projection,AU-VIC,"Victoria, Australia",D096,Cryptosporidiosis,隐孢子虫病,Parasitic,2002-05-01,2002-05,31,31,,,0.6434506890526621,abs_computed,,,,,,,,,,,,,,,,,,,,,,legacy_fallback,legacy_fallback,,legacy_identity_may_be_lossy,,0,No eligible registered case-count series facts are available for this disease and country; the public curve uses the legacy flat table.,all,Australia NINDSS — Victoria,https://www.cdc.gov.au/resources/apps-and-tools/nndss-data-visualisation-tool,microsoft_bi,all,Australia NINDSS — Victoria,https://www.cdc.gov.au/resources/apps-and-tools/nndss-data-visualisation-tool,microsoft_bi
disease,D096,cryptosporidiosis,Cryptosporidiosis,public_projection,AU-WA,"Western Australia, Australia",D096,Cryptosporidiosis,隐孢子虫病,Parasitic,2002-05-01,2002-05,26,26,,,1.3481896923638534,abs_computed,,,,,,,,,,,,,,,,,,,,,,legacy_fallback,legacy_fallback,,legacy_identity_may_be_lossy,,0,No eligible registered case-count series facts are available for this disease and country; the public curve uses the legacy flat table.,all,Australia NINDSS — Western Australia,https://www.cdc.gov.au/resources/apps-and-tools/nndss-data-visualisation-tool,microsoft_bi,all,Australia NINDSS — Western Australia,https://www.cdc.gov.au/resources/apps-and-tools/nndss-data-visualisation-tool,microsoft_bi
disease,D096,cryptosporidiosis,Cryptosporidiosis,public_projection,FI,Finland,D096,Cryptosporidiosis,隐孢子虫病,Parasitic,2002-05-01,2002-05,2,2,,,0.03845750042399394,wpp_computed,,SER_FI_THL_TTR_1270,,,,,,monthly,,,,,,,,,,,,,,series_registry,representative_series,legacy_gap_fill_blocked_incompatible,non_additive_series_not_rolled_up,SER_FI_THL_TTR_1270,2,Multiple registered series are not declared safely additive. The compatibility curve uses one representative series; inspect source_series for every retained definition. Legacy rows with a different reporting grain or comparison basis were not joined to this curve.,thl_ttr,Finland THL Infectious Diseases Register,https://sampo.thl.fi/pivot/prod/en/ttr/cases/fact_ttr_cases,cube_csv,thl_ttr,Finland THL Infectious Diseases Register,https://sampo.thl.fi/pivot/prod/en/ttr/cases/fact_ttr_cases,cube_csv
disease,D096,cryptosporidiosis,Cryptosporidiosis,source_series_observation,FI,Finland,D096,Cryptosporidiosis,隐孢子虫病,Parasitic,2002-05-01,2002-05,2,2,,,,,,SER_FI_THL_TTR_1270,SER_FI_THL_TTR_1270,SRC_FI_THL_TTR,Cryptosporidiosis,case_notifications,national_notifiable_disease_registry,monthly,count,country:FI:national,all,exact,conditional,non_additive,active,missing_is_unknown,FI_THL_TTR_reporting_group,Finland THL national monthly notification series; THL reporting group code 1270.,,provisional; raw,True,series_registry,representative_series,legacy_gap_fill_blocked_incompatible,non_additive_series_not_rolled_up,SER_FI_THL_TTR_1270,2,Multiple registered series are not declared safely additive. The compatibility curve uses one representative series; inspect source_series for every retained definition. Legacy rows with a different reporting grain or comparison basis were not joined to this curve.,thl_ttr,Finland THL Infectious Diseases Register,https://sampo.thl.fi/pivot/prod/en/ttr/cases/fact_ttr_cases,cube_csv,thl_ttr,Finland THL Infectious Diseases Register,https://sampo.thl.fi/pivot/prod/en/ttr/cases/fact_ttr_cases,cube_csv
disease,D096,cryptosporidiosis,Cryptosporidiosis,public_projection,AU,Australia,D096,Cryptosporidiosis,隐孢子虫病,Parasitic,2002-06-01,2002-06,114,114,,0,0.5817705267396278,wpp_computed,,,,,,,,,,,,,,,,,,,,,,legacy_fallback,legacy_fallback,,legacy_identity_may_be_lossy,,0,No eligible registered case-count series facts are available for this disease and country; the public curve uses the legacy flat table.,all,Australia NINDSS,https://www.health.gov.au/topics/national-notifiable-diseases-surveillance-system-nndss,microsoft_bi,all,Australia NINDSS,https://www.health.gov.au/topics/national-notifiable-diseases-surveillance-system-nndss,microsoft_bi
disease,D096,cryptosporidiosis,Cryptosporidiosis,public_projection,AU-ACT,"Australian Capital Territory, Australia",D096,Cryptosporidiosis,隐孢子虫病,Parasitic,2002-06-01,2002-06,,,,,,missing_population,,,,,,,,,,,,,,,,,,,,,,legacy_fallback,legacy_fallback,,legacy_identity_may_be_lossy,,0,No eligible registered case-count series facts are available for this disease and country; the public curve uses the legacy flat table.,all,Australia NINDSS — Australian Capital Territory,https://www.cdc.gov.au/resources/apps-and-tools/nndss-data-visualisation-tool,microsoft_bi,all,Australia NINDSS — Australian Capital Territory,https://www.cdc.gov.au/resources/apps-and-tools/nndss-data-visualisation-tool,microsoft_bi
disease,D096,cryptosporidiosis,Cryptosporidiosis,public_projection,AU-NSW,"New South Wales, Australia",D096,Cryptosporidiosis,隐孢子虫病,Parasitic,2002-06-01,2002-06,15,15,,,0.22793557081980978,abs_computed,,,,,,,,,,,,,,,,,,,,,,legacy_fallback,legacy_fallback,,legacy_identity_may_be_lossy,,0,No eligible registered case-count series facts are available for this disease and country; the public curve uses the legacy flat table.,all,Australia NINDSS — New South Wales,https://www.cdc.gov.au/resources/apps-and-tools/nndss-data-visualisation-tool,microsoft_bi,all,Australia NINDSS — New South Wales,https://www.cdc.gov.au/resources/apps-and-tools/nndss-data-visualisation-tool,microsoft_bi
disease,D096,cryptosporidiosis,Cryptosporidiosis,public_projection,AU-NT,"Northern Territory, Australia",D096,Cryptosporidiosis,隐孢子虫病,Parasitic,2002-06-01,2002-06,7,7,,,3.461045928079466,abs_computed,,,,,,,,,,,,,,,,,,,,,,legacy_fallback,legacy_fallback,,legacy_identity_may_be_lossy,,0,No eligible registered case-count series facts are available for this disease and country; the public curve uses the legacy flat table.,all,Australia NINDSS — Northern Territory,https://www.cdc.gov.au/resources/apps-and-tools/nndss-data-visualisation-tool,microsoft_bi,all,Australia NINDSS — Northern Territory,https://www.cdc.gov.au/resources/apps-and-tools/nndss-data-visualisation-tool,microsoft_bi
disease,D096,cryptosporidiosis,Cryptosporidiosis,public_projection,AU-QLD,"Queensland, Australia",D096,Cryptosporidiosis,隐孢子虫病,Parasitic,2002-06-01,2002-06,34,34,,,0.9307105180964342,abs_computed,,,,,,,,,,,,,,,,,,,,,,legacy_fallback,legacy_fallback,,legacy_identity_may_be_lossy,,0,No eligible registered case-count series facts are available for this disease and country; the public curve uses the legacy flat table.,all,Australia NINDSS — Queensland,https://www.cdc.gov.au/resources/apps-and-tools/nndss-data-visualisation-tool,microsoft_bi,all,Australia NINDSS — Queensland,https://www.cdc.gov.au/resources/apps-and-tools/nndss-data-visualisation-tool,microsoft_bi
disease,D096,cryptosporidiosis,Cryptosporidiosis,public_projection,AU-SA,"South Australia, Australia",D096,Cryptosporidiosis,隐孢子虫病,Parasitic,2002-06-01,2002-06,18,18,,,1.1908172115427236,abs_computed,,,,,,,,,,,,,,,,,,,,,,legacy_fallback,legacy_fallback,,legacy_identity_may_be_lossy,,0,No eligible registered case-count series facts are available for this disease and country; the public curve uses the legacy flat table.,all,Australia NINDSS — South Australia,https://www.cdc.gov.au/resources/apps-and-tools/nndss-data-visualisation-tool,microsoft_bi,all,Australia NINDSS — South Australia,https://www.cdc.gov.au/resources/apps-and-tools/nndss-data-visualisation-tool,microsoft_bi
disease,D096,cryptosporidiosis,Cryptosporidiosis,public_projection,AU-TAS,"Tasmania, Australia",D096,Cryptosporidiosis,隐孢子虫病,Parasitic,2002-06-01,2002-06,,,,,,missing_population,,,,,,,,,,,,,,,,,,,,,,legacy_fallback,legacy_fallback,,legacy_identity_may_be_lossy,,0,No eligible registered case-count series facts are available for this disease and country; the public curve uses the legacy flat table.,all,Australia NINDSS — Tasmania,https://www.cdc.gov.au/resources/apps-and-tools/nndss-data-visualisation-tool,microsoft_bi,all,Australia NINDSS — Tasmania,https://www.cdc.gov.au/resources/apps-and-tools/nndss-data-visualisation-tool,microsoft_bi
disease,D096,cryptosporidiosis,Cryptosporidiosis,public_projection,AU-VIC,"Victoria, Australia",D096,Cryptosporidiosis,隐孢子虫病,Parasitic,2002-06-01,2002-06,17,17,,,0.35286005528694375,abs_computed,,,,,,,,,,,,,,,,,,,,,,legacy_fallback,legacy_fallback,,legacy_identity_may_be_lossy,,0,No eligible registered case-count series facts are available for this disease and country; the public curve uses the legacy flat table.,all,Australia NINDSS — Victoria,https://www.cdc.gov.au/resources/apps-and-tools/nndss-data-visualisation-tool,microsoft_bi,all,Australia NINDSS — Victoria,https://www.cdc.gov.au/resources/apps-and-tools/nndss-data-visualisation-tool,microsoft_bi
disease,D096,cryptosporidiosis,Cryptosporidiosis,public_projection,AU-WA,"Western Australia, Australia",D096,Cryptosporidiosis,隐孢子虫病,Parasitic,2002-06-01,2002-06,19,19,,,0.9852155444197391,abs_computed,,,,,,,,,,,,,,,,,,,,,,legacy_fallback,legacy_fallback,,legacy_identity_may_be_lossy,,0,No eligible registered case-count series facts are available for this disease and country; the public curve uses the legacy flat table.,all,Australia NINDSS — Western Australia,https://www.cdc.gov.au/resources/apps-and-tools/nndss-data-visualisation-tool,microsoft_bi,all,Australia NINDSS — Western Australia,https://www.cdc.gov.au/resources/apps-and-tools/nndss-data-visualisation-tool,microsoft_bi
disease,D096,cryptosporidiosis,Cryptosporidiosis,public_projection,FI,Finland,D096,Cryptosporidiosis,隐孢子虫病,Parasitic,2002-06-01,2002-06,1,1,,,0.01922875021199697,wpp_computed,,SER_FI_THL_TTR_1270,,,,,,monthly,,,,,,,,,,,,,,series_registry,representative_series,legacy_gap_fill_blocked_incompatible,non_additive_series_not_rolled_up,SER_FI_THL_TTR_1270,2,Multiple registered series are not declared safely additive. The compatibility curve uses one representative series; inspect source_series for every retained definition. Legacy rows with a different reporting grain or comparison basis were not joined to this curve.,thl_ttr,Finland THL Infectious Diseases Register,https://sampo.thl.fi/pivot/prod/en/ttr/cases/fact_ttr_cases,cube_csv,thl_ttr,Finland THL Infectious Diseases Register,https://sampo.thl.fi/pivot/prod/en/ttr/cases/fact_ttr_cases,cube_csv
disease,D096,cryptosporidiosis,Cryptosporidiosis,source_series_observation,FI,Finland,D096,Cryptosporidiosis,隐孢子虫病,Parasitic,2002-06-01,2002-06,1,1,,,,,,SER_FI_THL_TTR_1270,SER_FI_THL_TTR_1270,SRC_FI_THL_TTR,Cryptosporidiosis,case_notifications,national_notifiable_disease_registry,monthly,count,country:FI:national,all,exact,conditional,non_additive,active,missing_is_unknown,FI_THL_TTR_reporting_group,Finland THL national monthly notification series; THL reporting group code 1270.,,provisional; raw,True,series_registry,representative_series,legacy_gap_fill_blocked_incompatible,non_additive_series_not_rolled_up,SER_FI_THL_TTR_1270,2,Multiple registered series are not declared safely additive. The compatibility curve uses one representative series; inspect source_series for every retained definition. Legacy rows with a different reporting grain or comparison basis were not joined to this curve.,thl_ttr,Finland THL Infectious Diseases Register,https://sampo.thl.fi/pivot/prod/en/ttr/cases/fact_ttr_cases,cube_csv,thl_ttr,Finland THL Infectious Diseases Register,https://sampo.thl.fi/pivot/prod/en/ttr/cases/fact_ttr_cases,cube_csv
disease,D096,cryptosporidiosis,Cryptosporidiosis,public_projection,AU,Australia,D096,Cryptosporidiosis,隐孢子虫病,Parasitic,2002-07-01,2002-07,100,100,,0,0.5103250234558139,wpp_computed,,,,,,,,,,,,,,,,,,,,,,legacy_fallback,legacy_fallback,,legacy_identity_may_be_lossy,,0,No eligible registered case-count series facts are available for this disease and country; the public curve uses the legacy flat table.,all,Australia NINDSS,https://www.health.gov.au/topics/national-notifiable-diseases-surveillance-system-nndss,microsoft_bi,all,Australia NINDSS,https://www.health.gov.au/topics/national-notifiable-diseases-surveillance-system-nndss,microsoft_bi
disease,D096,cryptosporidiosis,Cryptosporidiosis,public_projection,AU-ACT,"Australian Capital Territory, Australia",D096,Cryptosporidiosis,隐孢子虫病,Parasitic,2002-07-01,2002-07,,,,,,missing_population,,,,,,,,,,,,,,,,,,,,,,legacy_fallback,legacy_fallback,,legacy_identity_may_be_lossy,,0,No eligible registered case-count series facts are available for this disease and country; the public curve uses the legacy flat table.,all,Australia NINDSS — Australian Capital Territory,https://www.cdc.gov.au/resources/apps-and-tools/nndss-data-visualisation-tool,microsoft_bi,all,Australia NINDSS — Australian Capital Territory,https://www.cdc.gov.au/resources/apps-and-tools/nndss-data-visualisation-tool,microsoft_bi
disease,D096,cryptosporidiosis,Cryptosporidiosis,public_projection,AU-NSW,"New South Wales, Australia",D096,Cryptosporidiosis,隐孢子虫病,Parasitic,2002-07-01,2002-07,8,8,,,0.12156563777056523,abs_computed,,,,,,,,,,,,,,,,,,,,,,legacy_fallback,legacy_fallback,,legacy_identity_may_be_lossy,,0,No eligible registered case-count series facts are available for this disease and country; the public curve uses the legacy flat table.,all,Australia NINDSS — New South Wales,https://www.cdc.gov.au/resources/apps-and-tools/nndss-data-visualisation-tool,microsoft_bi,all,Australia NINDSS — New South Wales,https://www.cdc.gov.au/resources/apps-and-tools/nndss-data-visualisation-tool,microsoft_bi
disease,D096,cryptosporidiosis,Cryptosporidiosis,public_projection,AU-NT,"Northern Territory, Australia",D096,Cryptosporidiosis,隐孢子虫病,Parasitic,2002-07-01,2002-07,8,8,,,3.955481060662246,abs_computed,,,,,,,,,,,,,,,,,,,,,,legacy_fallback,legacy_fallback,,legacy_identity_may_be_lossy,,0,No eligible registered case-count series facts are available for this disease and country; the public curve uses the legacy flat table.,all,Australia NINDSS — Northern Territory,https://www.cdc.gov.au/resources/apps-and-tools/nndss-data-visualisation-tool,microsoft_bi,all,Australia NINDSS — Northern Territory,https://www.cdc.gov.au/resources/apps-and-tools/nndss-data-visualisation-tool,microsoft_bi
disease,D096,cryptosporidiosis,Cryptosporidiosis,public_projection,AU-QLD,"Queensland, Australia",D096,Cryptosporidiosis,隐孢子虫病,Parasitic,2002-07-01,2002-07,24,24,,,0.6569721304210123,abs_computed,,,,,,,,,,,,,,,,,,,,,,legacy_fallback,legacy_fallback,,legacy_identity_may_be_lossy,,0,No eligible registered case-count series facts are available for this disease and country; the public curve uses the legacy flat table.,all,Australia NINDSS — Queensland,https://www.cdc.gov.au/resources/apps-and-tools/nndss-data-visualisation-tool,microsoft_bi,all,Australia NINDSS — Queensland,https://www.cdc.gov.au/resources/apps-and-tools/nndss-data-visualisation-tool,microsoft_bi
disease,D096,cryptosporidiosis,Cryptosporidiosis,public_projection,AU-SA,"South Australia, Australia",D096,Cryptosporidiosis,隐孢子虫病,Parasitic,2002-07-01,2002-07,22,22,,,1.4554432585522177,abs_computed,,,,,,,,,,,,,,,,,,,,,,legacy_fallback,legacy_fallback,,legacy_identity_may_be_lossy,,0,No eligible registered case-count series facts are available for this disease and country; the public curve uses the legacy flat table.,all,Australia NINDSS — South Australia,https://www.cdc.gov.au/resources/apps-and-tools/nndss-data-visualisation-tool,microsoft_bi,all,Australia NINDSS — South Australia,https://www.cdc.gov.au/resources/apps-and-tools/nndss-data-visualisation-tool,microsoft_bi
disease,D096,cryptosporidiosis,Cryptosporidiosis,public_projection,AU-TAS,"Tasmania, Australia",D096,Cryptosporidiosis,隐孢子虫病,Parasitic,2002-07-01,2002-07,,,,,,missing_population,,,,,,,,,,,,,,,,,,,,,,legacy_fallback,legacy_fallback,,legacy_identity_may_be_lossy,,0,No eligible registered case-count series facts are available for this disease and country; the public curve uses the legacy flat table.,all,Australia NINDSS — Tasmania,https://www.cdc.gov.au/resources/apps-and-tools/nndss-data-visualisation-tool,microsoft_bi,all,Australia NINDSS — Tasmania,https://www.cdc.gov.au/resources/apps-and-tools/nndss-data-visualisation-tool,microsoft_bi
disease,D096,cryptosporidiosis,Cryptosporidiosis,public_projection,AU-VIC,"Victoria, Australia",D096,Cryptosporidiosis,隐孢子虫病,Parasitic,2002-07-01,2002-07,25,25,,,0.5189118460102113,abs_computed,,,,,,,,,,,,,,,,,,,,,,legacy_fallback,legacy_fallback,,legacy_identity_may_be_lossy,,0,No eligible registered case-count series facts are available for this disease and country; the public curve uses the legacy flat table.,all,Australia NINDSS — Victoria,https://www.cdc.gov.au/resources/apps-and-tools/nndss-data-visualisation-tool,microsoft_bi,all,Australia NINDSS — Victoria,https://www.cdc.gov.au/resources/apps-and-tools/nndss-data-visualisation-tool,microsoft_bi
disease,D096,cryptosporidiosis,Cryptosporidiosis,public_projection,AU-WA,"Western Australia, Australia",D096,Cryptosporidiosis,隐孢子虫病,Parasitic,2002-07-01,2002-07,19,19,,,0.9852155444197391,abs_computed,,,,,,,,,,,,,,,,,,,,,,legacy_fallback,legacy_fallback,,legacy_identity_may_be_lossy,,0,No eligible registered case-count series facts are available for this disease and country; the public curve uses the legacy flat table.,all,Australia NINDSS — Western Australia,https://www.cdc.gov.au/resources/apps-and-tools/nndss-data-visualisation-tool,microsoft_bi,all,Australia NINDSS — Western Australia,https://www.cdc.gov.au/resources/apps-and-tools/nndss-data-visualisation-tool,microsoft_bi
disease,D096,cryptosporidiosis,Cryptosporidiosis,public_projection,FI,Finland,D096,Cryptosporidiosis,隐孢子虫病,Parasitic,2002-07-01,2002-07,1,1,,,0.01922875021199697,wpp_computed,,SER_FI_THL_TTR_1270,,,,,,monthly,,,,,,,,,,,,,,series_registry,representative_series,legacy_gap_fill_blocked_incompatible,non_additive_series_not_rolled_up,SER_FI_THL_TTR_1270,2,Multiple registered series are not declared safely additive. The compatibility curve uses one representative series; inspect source_series for every retained definition. Legacy rows with a different reporting grain or comparison basis were not joined to this curve.,thl_ttr,Finland THL Infectious Diseases Register,https://sampo.thl.fi/pivot/prod/en/ttr/cases/fact_ttr_cases,cube_csv,thl_ttr,Finland THL Infectious Diseases Register,https://sampo.thl.fi/pivot/prod/en/ttr/cases/fact_ttr_cases,cube_csv
disease,D096,cryptosporidiosis,Cryptosporidiosis,source_series_observation,FI,Finland,D096,Cryptosporidiosis,隐孢子虫病,Parasitic,2002-07-01,2002-07,1,1,,,,,,SER_FI_THL_TTR_1270,SER_FI_THL_TTR_1270,SRC_FI_THL_TTR,Cryptosporidiosis,case_notifications,national_notifiable_disease_registry,monthly,count,country:FI:national,all,exact,conditional,non_additive,active,missing_is_unknown,FI_THL_TTR_reporting_group,Finland THL national monthly notification series; THL reporting group code 1270.,,provisional; raw,True,series_registry,representative_series,legacy_gap_fill_blocked_incompatible,non_additive_series_not_rolled_up,SER_FI_THL_TTR_1270,2,Multiple registered series are not declared safely additive. The compatibility curve uses one representative series; inspect source_series for every retained definition. Legacy rows with a different reporting grain or comparison basis were not joined to this curve.,thl_ttr,Finland THL Infectious Diseases Register,https://sampo.thl.fi/pivot/prod/en/ttr/cases/fact_ttr_cases,cube_csv,thl_ttr,Finland THL Infectious Diseases Register,https://sampo.thl.fi/pivot/prod/en/ttr/cases/fact_ttr_cases,cube_csv
disease,D096,cryptosporidiosis,Cryptosporidiosis,public_projection,AU,Australia,D096,Cryptosporidiosis,隐孢子虫病,Parasitic,2002-08-01,2002-08,68,68,,0,0.3470210159499535,wpp_computed,,,,,,,,,,,,,,,,,,,,,,legacy_fallback,legacy_fallback,,legacy_identity_may_be_lossy,,0,No eligible registered case-count series facts are available for this disease and country; the public curve uses the legacy flat table.,all,Australia NINDSS,https://www.health.gov.au/topics/national-notifiable-diseases-surveillance-system-nndss,microsoft_bi,all,Australia NINDSS,https://www.health.gov.au/topics/national-notifiable-diseases-surveillance-system-nndss,microsoft_bi
disease,D096,cryptosporidiosis,Cryptosporidiosis,public_projection,AU-ACT,"Australian Capital Territory, Australia",D096,Cryptosporidiosis,隐孢子虫病,Parasitic,2002-08-01,2002-08,0,0,,,0.0,abs_computed,,,,,,,,,,,,,,,,,,,,,,legacy_fallback,legacy_fallback,,legacy_identity_may_be_lossy,,0,No eligible registered case-count series facts are available for this disease and country; the public curve uses the legacy flat table.,all,Australia NINDSS — Australian Capital Territory,https://www.cdc.gov.au/resources/apps-and-tools/nndss-data-visualisation-tool,microsoft_bi,all,Australia NINDSS — Australian Capital Territory,https://www.cdc.gov.au/resources/apps-and-tools/nndss-data-visualisation-tool,microsoft_bi
disease,D096,cryptosporidiosis,Cryptosporidiosis,public_projection,AU-NSW,"New South Wales, Australia",D096,Cryptosporidiosis,隐孢子虫病,Parasitic,2002-08-01,2002-08,8,8,,,0.12156563777056523,abs_computed,,,,,,,,,,,,,,,,,,,,,,legacy_fallback,legacy_fallback,,legacy_identity_may_be_lossy,,0,No eligible registered case-count series facts are available for this disease and country; the public curve uses the legacy flat table.,all,Australia NINDSS — New South Wales,https://www.cdc.gov.au/resources/apps-and-tools/nndss-data-visualisation-tool,microsoft_bi,all,Australia NINDSS — New South Wales,https://www.cdc.gov.au/resources/apps-and-tools/nndss-data-visualisation-tool,microsoft_bi
disease,D096,cryptosporidiosis,Cryptosporidiosis,public_projection,AU-NT,"Northern Territory, Australia",D096,Cryptosporidiosis,隐孢子虫病,Parasitic,2002-08-01,2002-08,,,,,,missing_population,,,,,,,,,,,,,,,,,,,,,,legacy_fallback,legacy_fallback,,legacy_identity_may_be_lossy,,0,No eligible registered case-count series facts are available for this disease and country; the public curve uses the legacy flat table.,all,Australia NINDSS — Northern Territory,https://www.cdc.gov.au/resources/apps-and-tools/nndss-data-visualisation-tool,microsoft_bi,all,Australia NINDSS — Northern Territory,https://www.cdc.gov.au/resources/apps-and-tools/nndss-data-visualisation-tool,microsoft_bi
disease,D096,cryptosporidiosis,Cryptosporidiosis,public_projection,AU-QLD,"Queensland, Australia",D096,Cryptosporidiosis,隐孢子虫病,Parasitic,2002-08-01,2002-08,14,14,,,0.3832337427455905,abs_computed,,,,,,,,,,,,,,,,,,,,,,legacy_fallback,legacy_fallback,,legacy_identity_may_be_lossy,,0,No eligible registered case-count series facts are available for this disease and country; the public curve uses the legacy flat table.,all,Australia NINDSS — Queensland,https://www.cdc.gov.au/resources/apps-and-tools/nndss-data-visualisation-tool,microsoft_bi,all,Australia NINDSS — Queensland,https://www.cdc.gov.au/resources/apps-and-tools/nndss-data-visualisation-tool,microsoft_bi
disease,D096,cryptosporidiosis,Cryptosporidiosis,public_projection,AU-SA,"South Australia, Australia",D096,Cryptosporidiosis,隐孢子虫病,Parasitic,2002-08-01,2002-08,7,7,,,0.4630955822666147,abs_computed,,,,,,,,,,,,,,,,,,,,,,legacy_fallback,legacy_fallback,,legacy_identity_may_be_lossy,,0,No eligible registered case-count series facts are available for this disease and country; the public curve uses the legacy flat table.,all,Australia NINDSS — South Australia,https://www.cdc.gov.au/resources/apps-and-tools/nndss-data-visualisation-tool,microsoft_bi,all,Australia NINDSS — South Australia,https://www.cdc.gov.au/resources/apps-and-tools/nndss-data-visualisation-tool,microsoft_bi
disease,D096,cryptosporidiosis,Cryptosporidiosis,public_projection,AU-TAS,"Tasmania, Australia",D096,Cryptosporidiosis,隐孢子虫病,Parasitic,2002-08-01,2002-08,,,,,,missing_population,,,,,,,,,,,,,,,,,,,,,,legacy_fallback,legacy_fallback,,legacy_identity_may_be_lossy,,0,No eligible registered case-count series facts are available for this disease and country; the public curve uses the legacy flat table.,all,Australia NINDSS — Tasmania,https://www.cdc.gov.au/resources/apps-and-tools/nndss-data-visualisation-tool,microsoft_bi,all,Australia NINDSS — Tasmania,https://www.cdc.gov.au/resources/apps-and-tools/nndss-data-visualisation-tool,microsoft_bi
disease,D096,cryptosporidiosis,Cryptosporidiosis,public_projection,AU-VIC,"Victoria, Australia",D096,Cryptosporidiosis,隐孢子虫病,Parasitic,2002-08-01,2002-08,21,21,,,0.43588595064857755,abs_computed,,,,,,,,,,,,,,,,,,,,,,legacy_fallback,legacy_fallback,,legacy_identity_may_be_lossy,,0,No eligible registered case-count series facts are available for this disease and country; the public curve uses the legacy flat table.,all,Australia NINDSS — Victoria,https://www.cdc.gov.au/resources/apps-and-tools/nndss-data-visualisation-tool,microsoft_bi,all,Australia NINDSS — Victoria,https://www.cdc.gov.au/resources/apps-and-tools/nndss-data-visualisation-tool,microsoft_bi
disease,D096,cryptosporidiosis,Cryptosporidiosis,public_projection,AU-WA,"Western Australia, Australia",D096,Cryptosporidiosis,隐孢子虫病,Parasitic,2002-08-01,2002-08,11,11,,,0.5703879467693227,abs_computed,,,,,,,,,,,,,,,,,,,,,,legacy_fallback,legacy_fallback,,legacy_identity_may_be_lossy,,0,No eligible registered case-count series facts are available for this disease and country; the public curve uses the legacy flat table.,all,Australia NINDSS — Western Australia,https://www.cdc.gov.au/resources/apps-and-tools/nndss-data-visualisation-tool,microsoft_bi,all,Australia NINDSS — Western Australia,https://www.cdc.gov.au/resources/apps-and-tools/nndss-data-visualisation-tool,microsoft_bi
disease,D096,cryptosporidiosis,Cryptosporidiosis,public_projection,FI,Finland,D096,Cryptosporidiosis,隐孢子虫病,Parasitic,2002-08-01,2002-08,4,4,,,0.07691500084798789,wpp_computed,,SER_FI_THL_TTR_1270,,,,,,monthly,,,,,,,,,,,,,,series_registry,representative_series,legacy_gap_fill_blocked_incompatible,non_additive_series_not_rolled_up,SER_FI_THL_TTR_1270,2,Multiple registered series are not declared safely additive. The compatibility curve uses one representative series; inspect source_series for every retained definition. Legacy rows with a different reporting grain or comparison basis were not joined to this curve.,thl_ttr,Finland THL Infectious Diseases Register,https://sampo.thl.fi/pivot/prod/en/ttr/cases/fact_ttr_cases,cube_csv,thl_ttr,Finland THL Infectious Diseases Register,https://sampo.thl.fi/pivot/prod/en/ttr/cases/fact_ttr_cases,cube_csv
disease,D096,cryptosporidiosis,Cryptosporidiosis,source_series_observation,FI,Finland,D096,Cryptosporidiosis,隐孢子虫病,Parasitic,2002-08-01,2002-08,4,4,,,,,,SER_FI_THL_TTR_1270,SER_FI_THL_TTR_1270,SRC_FI_THL_TTR,Cryptosporidiosis,case_notifications,national_notifiable_disease_registry,monthly,count,country:FI:national,all,exact,conditional,non_additive,active,missing_is_unknown,FI_THL_TTR_reporting_group,Finland THL national monthly notification series; THL reporting group code 1270.,,provisional; raw,True,series_registry,representative_series,legacy_gap_fill_blocked_incompatible,non_additive_series_not_rolled_up,SER_FI_THL_TTR_1270,2,Multiple registered series are not declared safely additive. The compatibility curve uses one representative series; inspect source_series for every retained definition. Legacy rows with a different reporting grain or comparison basis were not joined to this curve.,thl_ttr,Finland THL Infectious Diseases Register,https://sampo.thl.fi/pivot/prod/en/ttr/cases/fact_ttr_cases,cube_csv,thl_ttr,Finland THL Infectious Diseases Register,https://sampo.thl.fi/pivot/prod/en/ttr/cases/fact_ttr_cases,cube_csv
disease,D096,cryptosporidiosis,Cryptosporidiosis,public_projection,AU,Australia,D096,Cryptosporidiosis,隐孢子虫病,Parasitic,2002-09-01,2002-09,54,54,,0,0.2755755126661395,wpp_computed,,,,,,,,,,,,,,,,,,,,,,legacy_fallback,legacy_fallback,,legacy_identity_may_be_lossy,,0,No eligible registered case-count series facts are available for this disease and country; the public curve uses the legacy flat table.,all,Australia NINDSS,https://www.health.gov.au/topics/national-notifiable-diseases-surveillance-system-nndss,microsoft_bi,all,Australia NINDSS,https://www.health.gov.au/topics/national-notifiable-diseases-surveillance-system-nndss,microsoft_bi
disease,D096,cryptosporidiosis,Cryptosporidiosis,public_projection,AU-ACT,"Australian Capital Territory, Australia",D096,Cryptosporidiosis,隐孢子虫病,Parasitic,2002-09-01,2002-09,0,0,,,0.0,abs_computed,,,,,,,,,,,,,,,,,,,,,,legacy_fallback,legacy_fallback,,legacy_identity_may_be_lossy,,0,No eligible registered case-count series facts are available for this disease and country; the public curve uses the legacy flat table.,all,Australia NINDSS — Australian Capital Territory,https://www.cdc.gov.au/resources/apps-and-tools/nndss-data-visualisation-tool,microsoft_bi,all,Australia NINDSS — Australian Capital Territory,https://www.cdc.gov.au/resources/apps-and-tools/nndss-data-visualisation-tool,microsoft_bi
disease,D096,cryptosporidiosis,Cryptosporidiosis,public_projection,AU-NSW,"New South Wales, Australia",D096,Cryptosporidiosis,隐孢子虫病,Parasitic,2002-09-01,2002-09,7,7,,,0.10636993304924457,abs_computed,,,,,,,,,,,,,,,,,,,,,,legacy_fallback,legacy_fallback,,legacy_identity_may_be_lossy,,0,No eligible registered case-count series facts are available for this disease and country; the public curve uses the legacy flat table.,all,Australia NINDSS — New South Wales,https://www.cdc.gov.au/resources/apps-and-tools/nndss-data-visualisation-tool,microsoft_bi,all,Australia NINDSS — New South Wales,https://www.cdc.gov.au/resources/apps-and-tools/nndss-data-visualisation-tool,microsoft_bi
disease,D096,cryptosporidiosis,Cryptosporidiosis,public_projection,AU-NT,"Northern Territory, Australia",D096,Cryptosporidiosis,隐孢子虫病,Parasitic,2002-09-01,2002-09,,,,,,missing_population,,,,,,,,,,,,,,,,,,,,,,legacy_fallback,legacy_fallback,,legacy_identity_may_be_lossy,,0,No eligible registered case-count series facts are available for this disease and country; the public curve uses the legacy flat table.,all,Australia NINDSS — Northern Territory,https://www.cdc.gov.au/resources/apps-and-tools/nndss-data-visualisation-tool,microsoft_bi,all,Australia NINDSS — Northern Territory,https://www.cdc.gov.au/resources/apps-and-tools/nndss-data-visualisation-tool,microsoft_bi
disease,D096,cryptosporidiosis,Cryptosporidiosis,public_projection,AU-QLD,"Queensland, Australia",D096,Cryptosporidiosis,隐孢子虫病,Parasitic,2002-09-01,2002-09,12,12,,,0.32848606521050616,abs_computed,,,,,,,,,,,,,,,,,,,,,,legacy_fallback,legacy_fallback,,legacy_identity_may_be_lossy,,0,No eligible registered case-count series facts are available for this disease and country; the public curve uses the legacy flat table.,all,Australia NINDSS — Queensland,https://www.cdc.gov.au/resources/apps-and-tools/nndss-data-visualisation-tool,microsoft_bi,all,Australia NINDSS — Queensland,https://www.cdc.gov.au/resources/apps-and-tools/nndss-data-visualisation-tool,microsoft_bi
disease,D096,cryptosporidiosis,Cryptosporidiosis,public_projection,AU-SA,"South Australia, Australia",D096,Cryptosporidiosis,隐孢子虫病,Parasitic,2002-09-01,2002-09,6,6,,,0.39693907051424115,abs_computed,,,,,,,,,,,,,,,,,,,,,,legacy_fallback,legacy_fallback,,legacy_identity_may_be_lossy,,0,No eligible registered case-count series facts are available for this disease and country; the public curve uses the legacy flat table.,all,Australia NINDSS — South Australia,https://www.cdc.gov.au/resources/apps-and-tools/nndss-data-visualisation-tool,microsoft_bi,all,Australia NINDSS — South Australia,https://www.cdc.gov.au/resources/apps-and-tools/nndss-data-visualisation-tool,microsoft_bi
disease,D096,cryptosporidiosis,Cryptosporidiosis,public_projection,AU-TAS,"Tasmania, Australia",D096,Cryptosporidiosis,隐孢子虫病,Parasitic,2002-09-01,2002-09,12,12,,,2.5308339941622093,abs_computed,,,,,,,,,,,,,,,,,,,,,,legacy_fallback,legacy_fallback,,legacy_identity_may_be_lossy,,0,No eligible registered case-count series facts are available for this disease and country; the public curve uses the legacy flat table.,all,Australia NINDSS — Tasmania,https://www.cdc.gov.au/resources/apps-and-tools/nndss-data-visualisation-tool,microsoft_bi,all,Australia NINDSS — Tasmania,https://www.cdc.gov.au/resources/apps-and-tools/nndss-data-visualisation-tool,microsoft_bi
disease,D096,cryptosporidiosis,Cryptosporidiosis,public_projection,AU-VIC,"Victoria, Australia",D096,Cryptosporidiosis,隐孢子虫病,Parasitic,2002-09-01,2002-09,6,6,,,0.12453884304245072,abs_computed,,,,,,,,,,,,,,,,,,,,,,legacy_fallback,legacy_fallback,,legacy_identity_may_be_lossy,,0,No eligible registered case-count series facts are available for this disease and country; the public curve uses the legacy flat table.,all,Australia NINDSS — Victoria,https://www.cdc.gov.au/resources/apps-and-tools/nndss-data-visualisation-tool,microsoft_bi,all,Australia NINDSS — Victoria,https://www.cdc.gov.au/resources/apps-and-tools/nndss-data-visualisation-tool,microsoft_bi
disease,D096,cryptosporidiosis,Cryptosporidiosis,public_projection,AU-WA,"Western Australia, Australia",D096,Cryptosporidiosis,隐孢子虫病,Parasitic,2002-09-01,2002-09,9,9,,,0.4666810473567185,abs_computed,,,,,,,,,,,,,,,,,,,,,,legacy_fallback,legacy_fallback,,legacy_identity_may_be_lossy,,0,No eligible registered case-count series facts are available for this disease and country; the public curve uses the legacy flat table.,all,Australia NINDSS — Western Australia,https://www.cdc.gov.au/resources/apps-and-tools/nndss-data-visualisation-tool,microsoft_bi,all,Australia NINDSS — Western Australia,https://www.cdc.gov.au/resources/apps-and-tools/nndss-data-visualisation-tool,microsoft_bi
disease,D096,cryptosporidiosis,Cryptosporidiosis,public_projection,FI,Finland,D096,Cryptosporidiosis,隐孢子虫病,Parasitic,2002-09-01,2002-09,1,1,,,0.01922875021199697,wpp_computed,,SER_FI_THL_TTR_1270,,,,,,monthly,,,,,,,,,,,,,,series_registry,representative_series,legacy_gap_fill_blocked_incompatible,non_additive_series_not_rolled_up,SER_FI_THL_TTR_1270,2,Multiple registered series are not declared safely additive. The compatibility curve uses one representative series; inspect source_series for every retained definition. Legacy rows with a different reporting grain or comparison basis were not joined to this curve.,thl_ttr,Finland THL Infectious Diseases Register,https://sampo.thl.fi/pivot/prod/en/ttr/cases/fact_ttr_cases,cube_csv,thl_ttr,Finland THL Infectious Diseases Register,https://sampo.thl.fi/pivot/prod/en/ttr/cases/fact_ttr_cases,cube_csv
disease,D096,cryptosporidiosis,Cryptosporidiosis,source_series_observation,FI,Finland,D096,Cryptosporidiosis,隐孢子虫病,Parasitic,2002-09-01,2002-09,1,1,,,,,,SER_FI_THL_TTR_1270,SER_FI_THL_TTR_1270,SRC_FI_THL_TTR,Cryptosporidiosis,case_notifications,national_notifiable_disease_registry,monthly,count,country:FI:national,all,exact,conditional,non_additive,active,missing_is_unknown,FI_THL_TTR_reporting_group,Finland THL national monthly notification series; THL reporting group code 1270.,,provisional; raw,True,series_registry,representative_series,legacy_gap_fill_blocked_incompatible,non_additive_series_not_rolled_up,SER_FI_THL_TTR_1270,2,Multiple registered series are not declared safely additive. The compatibility curve uses one representative series; inspect source_series for every retained definition. Legacy rows with a different reporting grain or comparison basis were not joined to this curve.,thl_ttr,Finland THL Infectious Diseases Register,https://sampo.thl.fi/pivot/prod/en/ttr/cases/fact_ttr_cases,cube_csv,thl_ttr,Finland THL Infectious Diseases Register,https://sampo.thl.fi/pivot/prod/en/ttr/cases/fact_ttr_cases,cube_csv
disease,D096,cryptosporidiosis,Cryptosporidiosis,public_projection,AU,Australia,D096,Cryptosporidiosis,隐孢子虫病,Parasitic,2002-10-01,2002-10,92,92,,0,0.46949902157934875,wpp_computed,,,,,,,,,,,,,,,,,,,,,,legacy_fallback,legacy_fallback,,legacy_identity_may_be_lossy,,0,No eligible registered case-count series facts are available for this disease and country; the public curve uses the legacy flat table.,all,Australia NINDSS,https://www.health.gov.au/topics/national-notifiable-diseases-surveillance-system-nndss,microsoft_bi,all,Australia NINDSS,https://www.health.gov.au/topics/national-notifiable-diseases-surveillance-system-nndss,microsoft_bi
disease,D096,cryptosporidiosis,Cryptosporidiosis,public_projection,AU-ACT,"Australian Capital Territory, Australia",D096,Cryptosporidiosis,隐孢子虫病,Parasitic,2002-10-01,2002-10,,,,,,missing_population,,,,,,,,,,,,,,,,,,,,,,legacy_fallback,legacy_fallback,,legacy_identity_may_be_lossy,,0,No eligible registered case-count series facts are available for this disease and country; the public curve uses the legacy flat table.,all,Australia NINDSS — Australian Capital Territory,https://www.cdc.gov.au/resources/apps-and-tools/nndss-data-visualisation-tool,microsoft_bi,all,Australia NINDSS — Australian Capital Territory,https://www.cdc.gov.au/resources/apps-and-tools/nndss-data-visualisation-tool,microsoft_bi
disease,D096,cryptosporidiosis,Cryptosporidiosis,public_projection,AU-NSW,"New South Wales, Australia",D096,Cryptosporidiosis,隐孢子虫病,Parasitic,2002-10-01,2002-10,9,9,,,0.13676134249188587,abs_computed,,,,,,,,,,,,,,,,,,,,,,legacy_fallback,legacy_fallback,,legacy_identity_may_be_lossy,,0,No eligible registered case-count series facts are available for this disease and country; the public curve uses the legacy flat table.,all,Australia NINDSS — New South Wales,https://www.cdc.gov.au/resources/apps-and-tools/nndss-data-visualisation-tool,microsoft_bi,all,Australia NINDSS — New South Wales,https://www.cdc.gov.au/resources/apps-and-tools/nndss-data-visualisation-tool,microsoft_bi
disease,D096,cryptosporidiosis,Cryptosporidiosis,public_projection,AU-NT,"Northern Territory, Australia",D096,Cryptosporidiosis,隐孢子虫病,Parasitic,2002-10-01,2002-10,15,15,,,7.416526988741712,abs_computed,,,,,,,,,,,,,,,,,,,,,,legacy_fallback,legacy_fallback,,legacy_identity_may_be_lossy,,0,No eligible registered case-count series facts are available for this disease and country; the public curve uses the legacy flat table.,all,Australia NINDSS — Northern Territory,https://www.cdc.gov.au/resources/apps-and-tools/nndss-data-visualisation-tool,microsoft_bi,all,Australia NINDSS — Northern Territory,https://www.cdc.gov.au/resources/apps-and-tools/nndss-data-visualisation-tool,microsoft_bi
disease,D096,cryptosporidiosis,Cryptosporidiosis,public_projection,AU-QLD,"Queensland, Australia",D096,Cryptosporidiosis,隐孢子虫病,Parasitic,2002-10-01,2002-10,19,19,,,0.5201029365833015,abs_computed,,,,,,,,,,,,,,,,,,,,,,legacy_fallback,legacy_fallback,,legacy_identity_may_be_lossy,,0,No eligible registered case-count series facts are available for this disease and country; the public curve uses the legacy flat table.,all,Australia NINDSS — Queensland,https://www.cdc.gov.au/resources/apps-and-tools/nndss-data-visualisation-tool,microsoft_bi,all,Australia NINDSS — Queensland,https://www.cdc.gov.au/resources/apps-and-tools/nndss-data-visualisation-tool,microsoft_bi
disease,D096,cryptosporidiosis,Cryptosporidiosis,public_projection,AU-SA,"South Australia, Australia",D096,Cryptosporidiosis,隐孢子虫病,Parasitic,2002-10-01,2002-10,,,,,,missing_population,,,,,,,,,,,,,,,,,,,,,,legacy_fallback,legacy_fallback,,legacy_identity_may_be_lossy,,0,No eligible registered case-count series facts are available for this disease and country; the public curve uses the legacy flat table.,all,Australia NINDSS — South Australia,https://www.cdc.gov.au/resources/apps-and-tools/nndss-data-visualisation-tool,microsoft_bi,all,Australia NINDSS — South Australia,https://www.cdc.gov.au/resources/apps-and-tools/nndss-data-visualisation-tool,microsoft_bi
disease,D096,cryptosporidiosis,Cryptosporidiosis,public_projection,AU-TAS,"Tasmania, Australia",D096,Cryptosporidiosis,隐孢子虫病,Parasitic,2002-10-01,2002-10,12,12,,,2.5308339941622093,abs_computed,,,,,,,,,,,,,,,,,,,,,,legacy_fallback,legacy_fallback,,legacy_identity_may_be_lossy,,0,No eligible registered case-count series facts are available for this disease and country; the public curve uses the legacy flat table.,all,Australia NINDSS — Tasmania,https://www.cdc.gov.au/resources/apps-and-tools/nndss-data-visualisation-tool,microsoft_bi,all,Australia NINDSS — Tasmania,https://www.cdc.gov.au/resources/apps-and-tools/nndss-data-visualisation-tool,microsoft_bi
disease,D096,cryptosporidiosis,Cryptosporidiosis,public_projection,AU-VIC,"Victoria, Australia",D096,Cryptosporidiosis,隐孢子虫病,Parasitic,2002-10-01,2002-10,16,16,,,0.3321035814465353,abs_computed,,,,,,,,,,,,,,,,,,,,,,legacy_fallback,legacy_fallback,,legacy_identity_may_be_lossy,,0,No eligible registered case-count series facts are available for this disease and country; the public curve uses the legacy flat table.,all,Australia NINDSS — Victoria,https://www.cdc.gov.au/resources/apps-and-tools/nndss-data-visualisation-tool,microsoft_bi,all,Australia NINDSS — Victoria,https://www.cdc.gov.au/resources/apps-and-tools/nndss-data-visualisation-tool,microsoft_bi
disease,D096,cryptosporidiosis,Cryptosporidiosis,public_projection,AU-WA,"Western Australia, Australia",D096,Cryptosporidiosis,隐孢子虫病,Parasitic,2002-10-01,2002-10,17,17,,,0.8815086450071351,abs_computed,,,,,,,,,,,,,,,,,,,,,,legacy_fallback,legacy_fallback,,legacy_identity_may_be_lossy,,0,No eligible registered case-count series facts are available for this disease and country; the public curve uses the legacy flat table.,all,Australia NINDSS — Western Australia,https://www.cdc.gov.au/resources/apps-and-tools/nndss-data-visualisation-tool,microsoft_bi,all,Australia NINDSS — Western Australia,https://www.cdc.gov.au/resources/apps-and-tools/nndss-data-visualisation-tool,microsoft_bi
disease,D096,cryptosporidiosis,Cryptosporidiosis,public_projection,FI,Finland,D096,Cryptosporidiosis,隐孢子虫病,Parasitic,2002-10-01,2002-10,0,0,,,0.0,wpp_computed,,SER_FI_THL_TTR_1270,,,,,,monthly,,,,,,,,,,,,,,series_registry,representative_series,legacy_gap_fill_blocked_incompatible,non_additive_series_not_rolled_up,SER_FI_THL_TTR_1270,2,Multiple registered series are not declared safely additive. The compatibility curve uses one representative series; inspect source_series for every retained definition. Legacy rows with a different reporting grain or comparison basis were not joined to this curve.,thl_ttr,Finland THL Infectious Diseases Register,https://sampo.thl.fi/pivot/prod/en/ttr/cases/fact_ttr_cases,cube_csv,thl_ttr,Finland THL Infectious Diseases Register,https://sampo.thl.fi/pivot/prod/en/ttr/cases/fact_ttr_cases,cube_csv
disease,D096,cryptosporidiosis,Cryptosporidiosis,source_series_observation,FI,Finland,D096,Cryptosporidiosis,隐孢子虫病,Parasitic,2002-10-01,2002-10,0,0,,,,,,SER_FI_THL_TTR_1270,SER_FI_THL_TTR_1270,SRC_FI_THL_TTR,Cryptosporidiosis,case_notifications,national_notifiable_disease_registry,monthly,count,country:FI:national,all,exact,conditional,non_additive,active,missing_is_unknown,FI_THL_TTR_reporting_group,Finland THL national monthly notification series; THL reporting group code 1270.,,provisional; raw,True,series_registry,representative_series,legacy_gap_fill_blocked_incompatible,non_additive_series_not_rolled_up,SER_FI_THL_TTR_1270,2,Multiple registered series are not declared safely additive. The compatibility curve uses one representative series; inspect source_series for every retained definition. Legacy rows with a different reporting grain or comparison basis were not joined to this curve.,thl_ttr,Finland THL Infectious Diseases Register,https://sampo.thl.fi/pivot/prod/en/ttr/cases/fact_ttr_cases,cube_csv,thl_ttr,Finland THL Infectious Diseases Register,https://sampo.thl.fi/pivot/prod/en/ttr/cases/fact_ttr_cases,cube_csv
disease,D096,cryptosporidiosis,Cryptosporidiosis,public_projection,AU,Australia,D096,Cryptosporidiosis,隐孢子虫病,Parasitic,2002-11-01,2002-11,89,89,,0,0.45418927087567434,wpp_computed,,,,,,,,,,,,,,,,,,,,,,legacy_fallback,legacy_fallback,,legacy_identity_may_be_lossy,,0,No eligible registered case-count series facts are available for this disease and country; the public curve uses the legacy flat table.,all,Australia NINDSS,https://www.health.gov.au/topics/national-notifiable-diseases-surveillance-system-nndss,microsoft_bi,all,Australia NINDSS,https://www.health.gov.au/topics/national-notifiable-diseases-surveillance-system-nndss,microsoft_bi
disease,D096,cryptosporidiosis,Cryptosporidiosis,public_projection,AU-ACT,"Australian Capital Territory, Australia",D096,Cryptosporidiosis,隐孢子虫病,Parasitic,2002-11-01,2002-11,,,,,,missing_population,,,,,,,,,,,,,,,,,,,,,,legacy_fallback,legacy_fallback,,legacy_identity_may_be_lossy,,0,No eligible registered case-count series facts are available for this disease and country; the public curve uses the legacy flat table.,all,Australia NINDSS — Australian Capital Territory,https://www.cdc.gov.au/resources/apps-and-tools/nndss-data-visualisation-tool,microsoft_bi,all,Australia NINDSS — Australian Capital Territory,https://www.cdc.gov.au/resources/apps-and-tools/nndss-data-visualisation-tool,microsoft_bi
disease,D096,cryptosporidiosis,Cryptosporidiosis,public_projection,AU-NSW,"New South Wales, Australia",D096,Cryptosporidiosis,隐孢子虫病,Parasitic,2002-11-01,2002-11,13,13,,,0.1975441613771685,abs_computed,,,,,,,,,,,,,,,,,,,,,,legacy_fallback,legacy_fallback,,legacy_identity_may_be_lossy,,0,No eligible registered case-count series facts are available for this disease and country; the public curve uses the legacy flat table.,all,Australia NINDSS — New South Wales,https://www.cdc.gov.au/resources/apps-and-tools/nndss-data-visualisation-tool,microsoft_bi,all,Australia NINDSS — New South Wales,https://www.cdc.gov.au/resources/apps-and-tools/nndss-data-visualisation-tool,microsoft_bi
disease,D096,cryptosporidiosis,Cryptosporidiosis,public_projection,AU-NT,"Northern Territory, Australia",D096,Cryptosporidiosis,隐孢子虫病,Parasitic,2002-11-01,2002-11,19,19,,,9.394267519072836,abs_computed,,,,,,,,,,,,,,,,,,,,,,legacy_fallback,legacy_fallback,,legacy_identity_may_be_lossy,,0,No eligible registered case-count series facts are available for this disease and country; the public curve uses the legacy flat table.,all,Australia NINDSS — Northern Territory,https://www.cdc.gov.au/resources/apps-and-tools/nndss-data-visualisation-tool,microsoft_bi,all,Australia NINDSS — Northern Territory,https://www.cdc.gov.au/resources/apps-and-tools/nndss-data-visualisation-tool,microsoft_bi
disease,D096,cryptosporidiosis,Cryptosporidiosis,public_projection,AU-QLD,"Queensland, Australia",D096,Cryptosporidiosis,隐孢子虫病,Parasitic,2002-11-01,2002-11,23,23,,,0.6295982916534703,abs_computed,,,,,,,,,,,,,,,,,,,,,,legacy_fallback,legacy_fallback,,legacy_identity_may_be_lossy,,0,No eligible registered case-count series facts are available for this disease and country; the public curve uses the legacy flat table.,all,Australia NINDSS — Queensland,https://www.cdc.gov.au/resources/apps-and-tools/nndss-data-visualisation-tool,microsoft_bi,all,Australia NINDSS — Queensland,https://www.cdc.gov.au/resources/apps-and-tools/nndss-data-visualisation-tool,microsoft_bi
disease,D096,cryptosporidiosis,Cryptosporidiosis,public_projection,AU-SA,"South Australia, Australia",D096,Cryptosporidiosis,隐孢子虫病,Parasitic,2002-11-01,2002-11,,,,,,missing_population,,,,,,,,,,,,,,,,,,,,,,legacy_fallback,legacy_fallback,,legacy_identity_may_be_lossy,,0,No eligible registered case-count series facts are available for this disease and country; the public curve uses the legacy flat table.,all,Australia NINDSS — South Australia,https://www.cdc.gov.au/resources/apps-and-tools/nndss-data-visualisation-tool,microsoft_bi,all,Australia NINDSS — South Australia,https://www.cdc.gov.au/resources/apps-and-tools/nndss-data-visualisation-tool,microsoft_bi
disease,D096,cryptosporidiosis,Cryptosporidiosis,public_projection,AU-TAS,"Tasmania, Australia",D096,Cryptosporidiosis,隐孢子虫病,Parasitic,2002-11-01,2002-11,,,,,,missing_population,,,,,,,,,,,,,,,,,,,,,,legacy_fallback,legacy_fallback,,legacy_identity_may_be_lossy,,0,No eligible registered case-count series facts are available for this disease and country; the public curve uses the legacy flat table.,all,Australia NINDSS — Tasmania,https://www.cdc.gov.au/resources/apps-and-tools/nndss-data-visualisation-tool,microsoft_bi,all,Australia NINDSS — Tasmania,https://www.cdc.gov.au/resources/apps-and-tools/nndss-data-visualisation-tool,microsoft_bi
disease,D096,cryptosporidiosis,Cryptosporidiosis,public_projection,AU-VIC,"Victoria, Australia",D096,Cryptosporidiosis,隐孢子虫病,Parasitic,2002-11-01,2002-11,14,14,,,0.29059063376571836,abs_computed,,,,,,,,,,,,,,,,,,,,,,legacy_fallback,legacy_fallback,,legacy_identity_may_be_lossy,,0,No eligible registered case-count series facts are available for this disease and country; the public curve uses the legacy flat table.,all,Australia NINDSS — Victoria,https://www.cdc.gov.au/resources/apps-and-tools/nndss-data-visualisation-tool,microsoft_bi,all,Australia NINDSS — Victoria,https://www.cdc.gov.au/resources/apps-and-tools/nndss-data-visualisation-tool,microsoft_bi
disease,D096,cryptosporidiosis,Cryptosporidiosis,public_projection,AU-WA,"Western Australia, Australia",D096,Cryptosporidiosis,隐孢子虫病,Parasitic,2002-11-01,2002-11,13,13,,,0.6740948461819267,abs_computed,,,,,,,,,,,,,,,,,,,,,,legacy_fallback,legacy_fallback,,legacy_identity_may_be_lossy,,0,No eligible registered case-count series facts are available for this disease and country; the public curve uses the legacy flat table.,all,Australia NINDSS — Western Australia,https://www.cdc.gov.au/resources/apps-and-tools/nndss-data-visualisation-tool,microsoft_bi,all,Australia NINDSS — Western Australia,https://www.cdc.gov.au/resources/apps-and-tools/nndss-data-visualisation-tool,microsoft_bi
disease,D096,cryptosporidiosis,Cryptosporidiosis,public_projection,FI,Finland,D096,Cryptosporidiosis,隐孢子虫病,Parasitic,2002-11-01,2002-11,1,1,,,0.01922875021199697,wpp_computed,,SER_FI_THL_TTR_1270,,,,,,monthly,,,,,,,,,,,,,,series_registry,representative_series,legacy_gap_fill_blocked_incompatible,non_additive_series_not_rolled_up,SER_FI_THL_TTR_1270,2,Multiple registered series are not declared safely additive. The compatibility curve uses one representative series; inspect source_series for every retained definition. Legacy rows with a different reporting grain or comparison basis were not joined to this curve.,thl_ttr,Finland THL Infectious Diseases Register,https://sampo.thl.fi/pivot/prod/en/ttr/cases/fact_ttr_cases,cube_csv,thl_ttr,Finland THL Infectious Diseases Register,https://sampo.thl.fi/pivot/prod/en/ttr/cases/fact_ttr_cases,cube_csv
disease,D096,cryptosporidiosis,Cryptosporidiosis,source_series_observation,FI,Finland,D096,Cryptosporidiosis,隐孢子虫病,Parasitic,2002-11-01,2002-11,1,1,,,,,,SER_FI_THL_TTR_1270,SER_FI_THL_TTR_1270,SRC_FI_THL_TTR,Cryptosporidiosis,case_notifications,national_notifiable_disease_registry,monthly,count,country:FI:national,all,exact,conditional,non_additive,active,missing_is_unknown,FI_THL_TTR_reporting_group,Finland THL national monthly notification series; THL reporting group code 1270.,,provisional; raw,True,series_registry,representative_series,legacy_gap_fill_blocked_incompatible,non_additive_series_not_rolled_up,SER_FI_THL_TTR_1270,2,Multiple registered series are not declared safely additive. The compatibility curve uses one representative series; inspect source_series for every retained definition. Legacy rows with a different reporting grain or comparison basis were not joined to this curve.,thl_ttr,Finland THL Infectious Diseases Register,https://sampo.thl.fi/pivot/prod/en/ttr/cases/fact_ttr_cases,cube_csv,thl_ttr,Finland THL Infectious Diseases Register,https://sampo.thl.fi/pivot/prod/en/ttr/cases/fact_ttr_cases,cube_csv
disease,D096,cryptosporidiosis,Cryptosporidiosis,public_projection,AU,Australia,D096,Cryptosporidiosis,隐孢子虫病,Parasitic,2002-12-01,2002-12,114,114,,0,0.5817705267396278,wpp_computed,,,,,,,,,,,,,,,,,,,,,,legacy_fallback,legacy_fallback,,legacy_identity_may_be_lossy,,0,No eligible registered case-count series facts are available for this disease and country; the public curve uses the legacy flat table.,all,Australia NINDSS,https://www.health.gov.au/topics/national-notifiable-diseases-surveillance-system-nndss,microsoft_bi,all,Australia NINDSS,https://www.health.gov.au/topics/national-notifiable-diseases-surveillance-system-nndss,microsoft_bi
disease,D096,cryptosporidiosis,Cryptosporidiosis,public_projection,AU-ACT,"Australian Capital Territory, Australia",D096,Cryptosporidiosis,隐孢子虫病,Parasitic,2002-12-01,2002-12,,,,,,missing_population,,,,,,,,,,,,,,,,,,,,,,legacy_fallback,legacy_fallback,,legacy_identity_may_be_lossy,,0,No eligible registered case-count series facts are available for this disease and country; the public curve uses the legacy flat table.,all,Australia NINDSS — Australian Capital Territory,https://www.cdc.gov.au/resources/apps-and-tools/nndss-data-visualisation-tool,microsoft_bi,all,Australia NINDSS — Australian Capital Territory,https://www.cdc.gov.au/resources/apps-and-tools/nndss-data-visualisation-tool,microsoft_bi
disease,D096,cryptosporidiosis,Cryptosporidiosis,public_projection,AU-NSW,"New South Wales, Australia",D096,Cryptosporidiosis,隐孢子虫病,Parasitic,2002-12-01,2002-12,25,25,,,0.3798926180330163,abs_computed,,,,,,,,,,,,,,,,,,,,,,legacy_fallback,legacy_fallback,,legacy_identity_may_be_lossy,,0,No eligible registered case-count series facts are available for this disease and country; the public curve uses the legacy flat table.,all,Australia NINDSS — New South Wales,https://www.cdc.gov.au/resources/apps-and-tools/nndss-data-visualisation-tool,microsoft_bi,all,Australia NINDSS — New South Wales,https://www.cdc.gov.au/resources/apps-and-tools/nndss-data-visualisation-tool,microsoft_bi
disease,D096,cryptosporidiosis,Cryptosporidiosis,public_projection,AU-NT,"Northern Territory, Australia",D096,Cryptosporidiosis,隐孢子虫病,Parasitic,2002-12-01,2002-12,19,19,,,9.394267519072836,abs_computed,,,,,,,,,,,,,,,,,,,,,,legacy_fallback,legacy_fallback,,legacy_identity_may_be_lossy,,0,No eligible registered case-count series facts are available for this disease and country; the public curve uses the legacy flat table.,all,Australia NINDSS — Northern Territory,https://www.cdc.gov.au/resources/apps-and-tools/nndss-data-visualisation-tool,microsoft_bi,all,Australia NINDSS — Northern Territory,https://www.cdc.gov.au/resources/apps-and-tools/nndss-data-visualisation-tool,microsoft_bi
disease,D096,cryptosporidiosis,Cryptosporidiosis,public_projection,AU-QLD,"Queensland, Australia",D096,Cryptosporidiosis,隐孢子虫病,Parasitic,2002-12-01,2002-12,15,15,,,0.4106075815131327,abs_computed,,,,,,,,,,,,,,,,,,,,,,legacy_fallback,legacy_fallback,,legacy_identity_may_be_lossy,,0,No eligible registered case-count series facts are available for this disease and country; the public curve uses the legacy flat table.,all,Australia NINDSS — Queensland,https://www.cdc.gov.au/resources/apps-and-tools/nndss-data-visualisation-tool,microsoft_bi,all,Australia NINDSS — Queensland,https://www.cdc.gov.au/resources/apps-and-tools/nndss-data-visualisation-tool,microsoft_bi
disease,D096,cryptosporidiosis,Cryptosporidiosis,public_projection,AU-SA,"South Australia, Australia",D096,Cryptosporidiosis,隐孢子虫病,Parasitic,2002-12-01,2002-12,5,5,,,0.33078255876186763,abs_computed,,,,,,,,,,,,,,,,,,,,,,legacy_fallback,legacy_fallback,,legacy_identity_may_be_lossy,,0,No eligible registered case-count series facts are available for this disease and country; the public curve uses the legacy flat table.,all,Australia NINDSS — South Australia,https://www.cdc.gov.au/resources/apps-and-tools/nndss-data-visualisation-tool,microsoft_bi,all,Australia NINDSS — South Australia,https://www.cdc.gov.au/resources/apps-and-tools/nndss-data-visualisation-tool,microsoft_bi
disease,D096,cryptosporidiosis,Cryptosporidiosis,public_projection,AU-TAS,"Tasmania, Australia",D096,Cryptosporidiosis,隐孢子虫病,Parasitic,2002-12-01,2002-12,,,,,,missing_population,,,,,,,,,,,,,,,,,,,,,,legacy_fallback,legacy_fallback,,legacy_identity_may_be_lossy,,0,No eligible registered case-count series facts are available for this disease and country; the public curve uses the legacy flat table.,all,Australia NINDSS — Tasmania,https://www.cdc.gov.au/resources/apps-and-tools/nndss-data-visualisation-tool,microsoft_bi,all,Australia NINDSS — Tasmania,https://www.cdc.gov.au/resources/apps-and-tools/nndss-data-visualisation-tool,microsoft_bi
disease,D096,cryptosporidiosis,Cryptosporidiosis,public_projection,AU-VIC,"Victoria, Australia",D096,Cryptosporidiosis,隐孢子虫病,Parasitic,2002-12-01,2002-12,20,20,,,0.41512947680816903,abs_computed,,,,,,,,,,,,,,,,,,,,,,legacy_fallback,legacy_fallback,,legacy_identity_may_be_lossy,,0,No eligible registered case-count series facts are available for this disease and country; the public curve uses the legacy flat table.,all,Australia NINDSS — Victoria,https://www.cdc.gov.au/resources/apps-and-tools/nndss-data-visualisation-tool,microsoft_bi,all,Australia NINDSS — Victoria,https://www.cdc.gov.au/resources/apps-and-tools/nndss-data-visualisation-tool,microsoft_bi
disease,D096,cryptosporidiosis,Cryptosporidiosis,public_projection,AU-WA,"Western Australia, Australia",D096,Cryptosporidiosis,隐孢子虫病,Parasitic,2002-12-01,2002-12,26,26,,,1.3481896923638534,abs_computed,,,,,,,,,,,,,,,,,,,,,,legacy_fallback,legacy_fallback,,legacy_identity_may_be_lossy,,0,No eligible registered case-count series facts are available for this disease and country; the public curve uses the legacy flat table.,all,Australia NINDSS — Western Australia,https://www.cdc.gov.au/resources/apps-and-tools/nndss-data-visualisation-tool,microsoft_bi,all,Australia NINDSS — Western Australia,https://www.cdc.gov.au/resources/apps-and-tools/nndss-data-visualisation-tool,microsoft_bi
disease,D096,cryptosporidiosis,Cryptosporidiosis,public_projection,FI,Finland,D096,Cryptosporidiosis,隐孢子虫病,Parasitic,2002-12-01,2002-12,1,1,,,0.01922875021199697,wpp_computed,,SER_FI_THL_TTR_1270,,,,,,monthly,,,,,,,,,,,,,,series_registry,representative_series,legacy_gap_fill_blocked_incompatible,non_additive_series_not_rolled_up,SER_FI_THL_TTR_1270,2,Multiple registered series are not declared safely additive. The compatibility curve uses one representative series; inspect source_series for every retained definition. Legacy rows with a different reporting grain or comparison basis were not joined to this curve.,thl_ttr,Finland THL Infectious Diseases Register,https://sampo.thl.fi/pivot/prod/en/ttr/cases/fact_ttr_cases,cube_csv,thl_ttr,Finland THL Infectious Diseases Register,https://sampo.thl.fi/pivot/prod/en/ttr/cases/fact_ttr_cases,cube_csv
disease,D096,cryptosporidiosis,Cryptosporidiosis,source_series_observation,FI,Finland,D096,Cryptosporidiosis,隐孢子虫病,Parasitic,2002-12-01,2002-12,1,1,,,,,,SER_FI_THL_TTR_1270,SER_FI_THL_TTR_1270,SRC_FI_THL_TTR,Cryptosporidiosis,case_notifications,national_notifiable_disease_registry,monthly,count,country:FI:national,all,exact,conditional,non_additive,active,missing_is_unknown,FI_THL_TTR_reporting_group,Finland THL national monthly notification series; THL reporting group code 1270.,,provisional; raw,True,series_registry,representative_series,legacy_gap_fill_blocked_incompatible,non_additive_series_not_rolled_up,SER_FI_THL_TTR_1270,2,Multiple registered series are not declared safely additive. The compatibility curve uses one representative series; inspect source_series for every retained definition. Legacy rows with a different reporting grain or comparison basis were not joined to this curve.,thl_ttr,Finland THL Infectious Diseases Register,https://sampo.thl.fi/pivot/prod/en/ttr/cases/fact_ttr_cases,cube_csv,thl_ttr,Finland THL Infectious Diseases Register,https://sampo.thl.fi/pivot/prod/en/ttr/cases/fact_ttr_cases,cube_csv
disease,D096,cryptosporidiosis,Cryptosporidiosis,public_projection,AU,Australia,D096,Cryptosporidiosis,隐孢子虫病,Parasitic,2003-01-01,2003-01,193,193,,0,0.9737906762267347,wpp_computed,,,,,,,,,,,,,,,,,,,,,,legacy_fallback,legacy_fallback,,legacy_identity_may_be_lossy,,0,No eligible registered case-count series facts are available for this disease and country; the public curve uses the legacy flat table.,all,Australia NINDSS,https://www.health.gov.au/topics/national-notifiable-diseases-surveillance-system-nndss,microsoft_bi,all,Australia NINDSS,https://www.health.gov.au/topics/national-notifiable-diseases-surveillance-system-nndss,microsoft_bi
disease,D096,cryptosporidiosis,Cryptosporidiosis,public_projection,AU-ACT,"Australian Capital Territory, Australia",D096,Cryptosporidiosis,隐孢子虫病,Parasitic,2003-01-01,2003-01,,,,,,missing_population,,,,,,,,,,,,,,,,,,,,,,legacy_fallback,legacy_fallback,,legacy_identity_may_be_lossy,,0,No eligible registered case-count series facts are available for this disease and country; the public curve uses the legacy flat table.,all,Australia NINDSS — Australian Capital Territory,https://www.cdc.gov.au/resources/apps-and-tools/nndss-data-visualisation-tool,microsoft_bi,all,Australia NINDSS — Australian Capital Territory,https://www.cdc.gov.au/resources/apps-and-tools/nndss-data-visualisation-tool,microsoft_bi
disease,D096,cryptosporidiosis,Cryptosporidiosis,public_projection,AU-NSW,"New South Wales, Australia",D096,Cryptosporidiosis,隐孢子虫病,Parasitic,2003-01-01,2003-01,24,24,,,0.36249861230999975,abs_computed,,,,,,,,,,,,,,,,,,,,,,legacy_fallback,legacy_fallback,,legacy_identity_may_be_lossy,,0,No eligible registered case-count series facts are available for this disease and country; the public curve uses the legacy flat table.,all,Australia NINDSS — New South Wales,https://www.cdc.gov.au/resources/apps-and-tools/nndss-data-visualisation-tool,microsoft_bi,all,Australia NINDSS — New South Wales,https://www.cdc.gov.au/resources/apps-and-tools/nndss-data-visualisation-tool,microsoft_bi
disease,D096,cryptosporidiosis,Cryptosporidiosis,public_projection,AU-NT,"Northern Territory, Australia",D096,Cryptosporidiosis,隐孢子虫病,Parasitic,2003-01-01,2003-01,16,16,,,7.931590035940018,abs_computed,,,,,,,,,,,,,,,,,,,,,,legacy_fallback,legacy_fallback,,legacy_identity_may_be_lossy,,0,No eligible registered case-count series facts are available for this disease and country; the public curve uses the legacy flat table.,all,Australia NINDSS — Northern Territory,https://www.cdc.gov.au/resources/apps-and-tools/nndss-data-visualisation-tool,microsoft_bi,all,Australia NINDSS — Northern Territory,https://www.cdc.gov.au/resources/apps-and-tools/nndss-data-visualisation-tool,microsoft_bi
disease,D096,cryptosporidiosis,Cryptosporidiosis,public_projection,AU-QLD,"Queensland, Australia",D096,Cryptosporidiosis,隐孢子虫病,Parasitic,2003-01-01,2003-01,20,20,,,0.534313477977335,abs_computed,,,,,,,,,,,,,,,,,,,,,,legacy_fallback,legacy_fallback,,legacy_identity_may_be_lossy,,0,No eligible registered case-count series facts are available for this disease and country; the public curve uses the legacy flat table.,all,Australia NINDSS — Queensland,https://www.cdc.gov.au/resources/apps-and-tools/nndss-data-visualisation-tool,microsoft_bi,all,Australia NINDSS — Queensland,https://www.cdc.gov.au/resources/apps-and-tools/nndss-data-visualisation-tool,microsoft_bi
disease,D096,cryptosporidiosis,Cryptosporidiosis,public_projection,AU-SA,"South Australia, Australia",D096,Cryptosporidiosis,隐孢子虫病,Parasitic,2003-01-01,2003-01,6,6,,,0.394633250876908,abs_computed,,,,,,,,,,,,,,,,,,,,,,legacy_fallback,legacy_fallback,,legacy_identity_may_be_lossy,,0,No eligible registered case-count series facts are available for this disease and country; the public curve uses the legacy flat table.,all,Australia NINDSS — South Australia,https://www.cdc.gov.au/resources/apps-and-tools/nndss-data-visualisation-tool,microsoft_bi,all,Australia NINDSS — South Australia,https://www.cdc.gov.au/resources/apps-and-tools/nndss-data-visualisation-tool,microsoft_bi
disease,D096,cryptosporidiosis,Cryptosporidiosis,public_projection,AU-TAS,"Tasmania, Australia",D096,Cryptosporidiosis,隐孢子虫病,Parasitic,2003-01-01,2003-01,,,,,,missing_population,,,,,,,,,,,,,,,,,,,,,,legacy_fallback,legacy_fallback,,legacy_identity_may_be_lossy,,0,No eligible registered case-count series facts are available for this disease and country; the public curve uses the legacy flat table.,all,Australia NINDSS — Tasmania,https://www.cdc.gov.au/resources/apps-and-tools/nndss-data-visualisation-tool,microsoft_bi,all,Australia NINDSS — Tasmania,https://www.cdc.gov.au/resources/apps-and-tools/nndss-data-visualisation-tool,microsoft_bi
disease,D096,cryptosporidiosis,Cryptosporidiosis,public_projection,AU-VIC,"Victoria, Australia",D096,Cryptosporidiosis,隐孢子虫病,Parasitic,2003-01-01,2003-01,33,33,,,0.677088494850742,abs_computed,,,,,,,,,,,,,,,,,,,,,,legacy_fallback,legacy_fallback,,legacy_identity_may_be_lossy,,0,No eligible registered case-count series facts are available for this disease and country; the public curve uses the legacy flat table.,all,Australia NINDSS — Victoria,https://www.cdc.gov.au/resources/apps-and-tools/nndss-data-visualisation-tool,microsoft_bi,all,Australia NINDSS — Victoria,https://www.cdc.gov.au/resources/apps-and-tools/nndss-data-visualisation-tool,microsoft_bi
disease,D096,cryptosporidiosis,Cryptosporidiosis,public_projection,AU-WA,"Western Australia, Australia",D096,Cryptosporidiosis,隐孢子虫病,Parasitic,2003-01-01,2003-01,91,91,,,4.660116216129021,abs_computed,,,,,,,,,,,,,,,,,,,,,,legacy_fallback,legacy_fallback,,legacy_identity_may_be_lossy,,0,No eligible registered case-count series facts are available for this disease and country; the public curve uses the legacy flat table.,all,Australia NINDSS — Western Australia,https://www.cdc.gov.au/resources/apps-and-tools/nndss-data-visualisation-tool,microsoft_bi,all,Australia NINDSS — Western Australia,https://www.cdc.gov.au/resources/apps-and-tools/nndss-data-visualisation-tool,microsoft_bi
disease,D096,cryptosporidiosis,Cryptosporidiosis,public_projection,CA,Canada,D096,Cryptosporidiosis,隐孢子虫病,Parasitic,2003-01-01,2003-01,650,650,,,2.0416828718700764,wpp_computed,,SER_CA_PHAC_CNDSS_D176_ANNUAL,,,,,,annual,,,,,,,,,,,,,,series_registry,single_series,parity,,SER_CA_PHAC_CNDSS_D176_ANNUAL,1,The public curve is read directly from one registered source series.,all,Canada PHAC CNDSS Annual,https://diseases.canada.ca/notifiable/extract-dataset,web,all,Canada PHAC CNDSS Annual,https://diseases.canada.ca/notifiable/extract-dataset,web
disease,D096,cryptosporidiosis,Cryptosporidiosis,source_series_observation,CA,Canada,D096,Cryptosporidiosis,隐孢子虫病,Parasitic,2003-01-01,2003-01,650,650,,,,,,SER_CA_PHAC_CNDSS_D176_ANNUAL,SER_CA_PHAC_CNDSS_D176_ANNUAL,SRC_CA_PHAC_CNDSS,Cryptosporidiosis,case_notifications,provincial_territorial_voluntary_notifications_national,annual,count,country:CA:national,all,exact,conditional,non_additive,active,missing_is_unknown,CNDSS_NATIONAL_ANNUAL_2026_08,PHAC CNDSS national annual reported count assembled from voluntary provincial and territorial submissions. Disease-specific reporting coverage and definitions vary over time; null cells are unknown and explicit zeroes are retained.,,raw,True,series_registry,single_series,parity,,SER_CA_PHAC_CNDSS_D176_ANNUAL,1,The public curve is read directly from one registered source series.,all,Canada PHAC CNDSS Annual,https://diseases.canada.ca/notifiable/extract-dataset,web,all,Canada PHAC CNDSS Annual,https://diseases.canada.ca/notifiable/extract-dataset,web
disease,D096,cryptosporidiosis,Cryptosporidiosis,public_projection,FI,Finland,D096,Cryptosporidiosis,隐孢子虫病,Parasitic,2003-01-01,2003-01,0,0,,,0.0,wpp_computed,,SER_FI_THL_TTR_1270,,,,,,monthly,,,,,,,,,,,,,,series_registry,representative_series,legacy_gap_fill_blocked_incompatible,non_additive_series_not_rolled_up,SER_FI_THL_TTR_1270,2,Multiple registered series are not declared safely additive. The compatibility curve uses one representative series; inspect source_series for every retained definition. Legacy rows with a different reporting grain or comparison basis were not joined to this curve.,thl_ttr,Finland THL Infectious Diseases Register,https://sampo.thl.fi/pivot/prod/en/ttr/cases/fact_ttr_cases,cube_csv,thl_ttr,Finland THL Infectious Diseases Register,https://sampo.thl.fi/pivot/prod/en/ttr/cases/fact_ttr_cases,cube_csv
disease,D096,cryptosporidiosis,Cryptosporidiosis,source_series_observation,FI,Finland,D096,Cryptosporidiosis,隐孢子虫病,Parasitic,2003-01-01,2003-01,0,0,,,,,,SER_FI_THL_TTR_1270,SER_FI_THL_TTR_1270,SRC_FI_THL_TTR,Cryptosporidiosis,case_notifications,national_notifiable_disease_registry,monthly,count,country:FI:national,all,exact,conditional,non_additive,active,missing_is_unknown,FI_THL_TTR_reporting_group,Finland THL national monthly notification series; THL reporting group code 1270.,,provisional; raw,True,series_registry,representative_series,legacy_gap_fill_blocked_incompatible,non_additive_series_not_rolled_up,SER_FI_THL_TTR_1270,2,Multiple registered series are not declared safely additive. The compatibility curve uses one representative series; inspect source_series for every retained definition. Legacy rows with a different reporting grain or comparison basis were not joined to this curve.,thl_ttr,Finland THL Infectious Diseases Register,https://sampo.thl.fi/pivot/prod/en/ttr/cases/fact_ttr_cases,cube_csv,thl_ttr,Finland THL Infectious Diseases Register,https://sampo.thl.fi/pivot/prod/en/ttr/cases/fact_ttr_cases,cube_csv
disease,D096,cryptosporidiosis,Cryptosporidiosis,public_projection,AU,Australia,D096,Cryptosporidiosis,隐孢子虫病,Parasitic,2003-02-01,2003-02,122,122,,0,0.6155568005163815,wpp_computed,,,,,,,,,,,,,,,,,,,,,,legacy_fallback,legacy_fallback,,legacy_identity_may_be_lossy,,0,No eligible registered case-count series facts are available for this disease and country; the public curve uses the legacy flat table.,all,Australia NINDSS,https://www.health.gov.au/topics/national-notifiable-diseases-surveillance-system-nndss,microsoft_bi,all,Australia NINDSS,https://www.health.gov.au/topics/national-notifiable-diseases-surveillance-system-nndss,microsoft_bi
disease,D096,cryptosporidiosis,Cryptosporidiosis,public_projection,AU-ACT,"Australian Capital Territory, Australia",D096,Cryptosporidiosis,隐孢子虫病,Parasitic,2003-02-01,2003-02,0,0,,,0.0,abs_computed,,,,,,,,,,,,,,,,,,,,,,legacy_fallback,legacy_fallback,,legacy_identity_may_be_lossy,,0,No eligible registered case-count series facts are available for this disease and country; the public curve uses the legacy flat table.,all,Australia NINDSS — Australian Capital Territory,https://www.cdc.gov.au/resources/apps-and-tools/nndss-data-visualisation-tool,microsoft_bi,all,Australia NINDSS — Australian Capital Territory,https://www.cdc.gov.au/resources/apps-and-tools/nndss-data-visualisation-tool,microsoft_bi
disease,D096,cryptosporidiosis,Cryptosporidiosis,public_projection,AU-NSW,"New South Wales, Australia",D096,Cryptosporidiosis,隐孢子虫病,Parasitic,2003-02-01,2003-02,22,22,,,0.33229039461749976,abs_computed,,,,,,,,,,,,,,,,,,,,,,legacy_fallback,legacy_fallback,,legacy_identity_may_be_lossy,,0,No eligible registered case-count series facts are available for this disease and country; the public curve uses the legacy flat table.,all,Australia NINDSS — New South Wales,https://www.cdc.gov.au/resources/apps-and-tools/nndss-data-visualisation-tool,microsoft_bi,all,Australia NINDSS — New South Wales,https://www.cdc.gov.au/resources/apps-and-tools/nndss-data-visualisation-tool,microsoft_bi
disease,D096,cryptosporidiosis,Cryptosporidiosis,public_projection,AU-NT,"Northern Territory, Australia",D096,Cryptosporidiosis,隐孢子虫病,Parasitic,2003-02-01,2003-02,22,22,,,10.905936299417522,abs_computed,,,,,,,,,,,,,,,,,,,,,,legacy_fallback,legacy_fallback,,legacy_identity_may_be_lossy,,0,No eligible registered case-count series facts are available for this disease and country; the public curve uses the legacy flat table.,all,Australia NINDSS — Northern Territory,https://www.cdc.gov.au/resources/apps-and-tools/nndss-data-visualisation-tool,microsoft_bi,all,Australia NINDSS — Northern Territory,https://www.cdc.gov.au/resources/apps-and-tools/nndss-data-visualisation-tool,microsoft_bi
disease,D096,cryptosporidiosis,Cryptosporidiosis,public_projection,AU-QLD,"Queensland, Australia",D096,Cryptosporidiosis,隐孢子虫病,Parasitic,2003-02-01,2003-02,18,18,,,0.4808821301796015,abs_computed,,,,,,,,,,,,,,,,,,,,,,legacy_fallback,legacy_fallback,,legacy_identity_may_be_lossy,,0,No eligible registered case-count series facts are available for this disease and country; the public curve uses the legacy flat table.,all,Australia NINDSS — Queensland,https://www.cdc.gov.au/resources/apps-and-tools/nndss-data-visualisation-tool,microsoft_bi,all,Australia NINDSS — Queensland,https://www.cdc.gov.au/resources/apps-and-tools/nndss-data-visualisation-tool,microsoft_bi
disease,D096,cryptosporidiosis,Cryptosporidiosis,public_projection,AU-SA,"South Australia, Australia",D096,Cryptosporidiosis,隐孢子虫病,Parasitic,2003-02-01,2003-02,8,8,,,0.5261776678358773,abs_computed,,,,,,,,,,,,,,,,,,,,,,legacy_fallback,legacy_fallback,,legacy_identity_may_be_lossy,,0,No eligible registered case-count series facts are available for this disease and country; the public curve uses the legacy flat table.,all,Australia NINDSS — South Australia,https://www.cdc.gov.au/resources/apps-and-tools/nndss-data-visualisation-tool,microsoft_bi,all,Australia NINDSS — South Australia,https://www.cdc.gov.au/resources/apps-and-tools/nndss-data-visualisation-tool,microsoft_bi
disease,D096,cryptosporidiosis,Cryptosporidiosis,public_projection,AU-TAS,"Tasmania, Australia",D096,Cryptosporidiosis,隐孢子虫病,Parasitic,2003-02-01,2003-02,0,0,,,0.0,abs_computed,,,,,,,,,,,,,,,,,,,,,,legacy_fallback,legacy_fallback,,legacy_identity_may_be_lossy,,0,No eligible registered case-count series facts are available for this disease and country; the public curve uses the legacy flat table.,all,Australia NINDSS — Tasmania,https://www.cdc.gov.au/resources/apps-and-tools/nndss-data-visualisation-tool,microsoft_bi,all,Australia NINDSS — Tasmania,https://www.cdc.gov.au/resources/apps-and-tools/nndss-data-visualisation-tool,microsoft_bi
disease,D096,cryptosporidiosis,Cryptosporidiosis,public_projection,AU-VIC,"Victoria, Australia",D096,Cryptosporidiosis,隐孢子虫病,Parasitic,2003-02-01,2003-02,13,13,,,0.26673183130483774,abs_computed,,,,,,,,,,,,,,,,,,,,,,legacy_fallback,legacy_fallback,,legacy_identity_may_be_lossy,,0,No eligible registered case-count series facts are available for this disease and country; the public curve uses the legacy flat table.,all,Australia NINDSS — Victoria,https://www.cdc.gov.au/resources/apps-and-tools/nndss-data-visualisation-tool,microsoft_bi,all,Australia NINDSS — Victoria,https://www.cdc.gov.au/resources/apps-and-tools/nndss-data-visualisation-tool,microsoft_bi
disease,D096,cryptosporidiosis,Cryptosporidiosis,public_projection,AU-WA,"Western Australia, Australia",D096,Cryptosporidiosis,隐孢子虫病,Parasitic,2003-02-01,2003-02,61,61,,,3.123814166855717,abs_computed,,,,,,,,,,,,,,,,,,,,,,legacy_fallback,legacy_fallback,,legacy_identity_may_be_lossy,,0,No eligible registered case-count series facts are available for this disease and country; the public curve uses the legacy flat table.,all,Australia NINDSS — Western Australia,https://www.cdc.gov.au/resources/apps-and-tools/nndss-data-visualisation-tool,microsoft_bi,all,Australia NINDSS — Western Australia,https://www.cdc.gov.au/resources/apps-and-tools/nndss-data-visualisation-tool,microsoft_bi
disease,D096,cryptosporidiosis,Cryptosporidiosis,public_projection,FI,Finland,D096,Cryptosporidiosis,隐孢子虫病,Parasitic,2003-02-01,2003-02,2,2,,,0.03836595558565152,wpp_computed,,SER_FI_THL_TTR_1270,,,,,,monthly,,,,,,,,,,,,,,series_registry,representative_series,legacy_gap_fill_blocked_incompatible,non_additive_series_not_rolled_up,SER_FI_THL_TTR_1270,2,Multiple registered series are not declared safely additive. The compatibility curve uses one representative series; inspect source_series for every retained definition. Legacy rows with a different reporting grain or comparison basis were not joined to this curve.,thl_ttr,Finland THL Infectious Diseases Register,https://sampo.thl.fi/pivot/prod/en/ttr/cases/fact_ttr_cases,cube_csv,thl_ttr,Finland THL Infectious Diseases Register,https://sampo.thl.fi/pivot/prod/en/ttr/cases/fact_ttr_cases,cube_csv
disease,D096,cryptosporidiosis,Cryptosporidiosis,source_series_observation,FI,Finland,D096,Cryptosporidiosis,隐孢子虫病,Parasitic,2003-02-01,2003-02,2,2,,,,,,SER_FI_THL_TTR_1270,SER_FI_THL_TTR_1270,SRC_FI_THL_TTR,Cryptosporidiosis,case_notifications,national_notifiable_disease_registry,monthly,count,country:FI:national,all,exact,conditional,non_additive,active,missing_is_unknown,FI_THL_TTR_reporting_group,Finland THL national monthly notification series; THL reporting group code 1270.,,provisional; raw,True,series_registry,representative_series,legacy_gap_fill_blocked_incompatible,non_additive_series_not_rolled_up,SER_FI_THL_TTR_1270,2,Multiple registered series are not declared safely additive. The compatibility curve uses one representative series; inspect source_series for every retained definition. Legacy rows with a different reporting grain or comparison basis were not joined to this curve.,thl_ttr,Finland THL Infectious Diseases Register,https://sampo.thl.fi/pivot/prod/en/ttr/cases/fact_ttr_cases,cube_csv,thl_ttr,Finland THL Infectious Diseases Register,https://sampo.thl.fi/pivot/prod/en/ttr/cases/fact_ttr_cases,cube_csv
disease,D096,cryptosporidiosis,Cryptosporidiosis,public_projection,AU,Australia,D096,Cryptosporidiosis,隐孢子虫病,Parasitic,2003-03-01,2003-03,143,143,,0,0.7215132989659226,wpp_computed,,,,,,,,,,,,,,,,,,,,,,legacy_fallback,legacy_fallback,,legacy_identity_may_be_lossy,,0,No eligible registered case-count series facts are available for this disease and country; the public curve uses the legacy flat table.,all,Australia NINDSS,https://www.health.gov.au/topics/national-notifiable-diseases-surveillance-system-nndss,microsoft_bi,all,Australia NINDSS,https://www.health.gov.au/topics/national-notifiable-diseases-surveillance-system-nndss,microsoft_bi
disease,D096,cryptosporidiosis,Cryptosporidiosis,public_projection,AU-ACT,"Australian Capital Territory, Australia",D096,Cryptosporidiosis,隐孢子虫病,Parasitic,2003-03-01,2003-03,,,,,,missing_population,,,,,,,,,,,,,,,,,,,,,,legacy_fallback,legacy_fallback,,legacy_identity_may_be_lossy,,0,No eligible registered case-count series facts are available for this disease and country; the public curve uses the legacy flat table.,all,Australia NINDSS — Australian Capital Territory,https://www.cdc.gov.au/resources/apps-and-tools/nndss-data-visualisation-tool,microsoft_bi,all,Australia NINDSS — Australian Capital Territory,https://www.cdc.gov.au/resources/apps-and-tools/nndss-data-visualisation-tool,microsoft_bi
disease,D096,cryptosporidiosis,Cryptosporidiosis,public_projection,AU-NSW,"New South Wales, Australia",D096,Cryptosporidiosis,隐孢子虫病,Parasitic,2003-03-01,2003-03,20,20,,,0.3020821769249998,abs_computed,,,,,,,,,,,,,,,,,,,,,,legacy_fallback,legacy_fallback,,legacy_identity_may_be_lossy,,0,No eligible registered case-count series facts are available for this disease and country; the public curve uses the legacy flat table.,all,Australia NINDSS — New South Wales,https://www.cdc.gov.au/resources/apps-and-tools/nndss-data-visualisation-tool,microsoft_bi,all,Australia NINDSS — New South Wales,https://www.cdc.gov.au/resources/apps-and-tools/nndss-data-visualisation-tool,microsoft_bi
disease,D096,cryptosporidiosis,Cryptosporidiosis,public_projection,AU-NT,"Northern Territory, Australia",D096,Cryptosporidiosis,隐孢子虫病,Parasitic,2003-03-01,2003-03,20,20,,,9.914487544925022,abs_computed,,,,,,,,,,,,,,,,,,,,,,legacy_fallback,legacy_fallback,,legacy_identity_may_be_lossy,,0,No eligible registered case-count series facts are available for this disease and country; the public curve uses the legacy flat table.,all,Australia NINDSS — Northern Territory,https://www.cdc.gov.au/resources/apps-and-tools/nndss-data-visualisation-tool,microsoft_bi,all,Australia NINDSS — Northern Territory,https://www.cdc.gov.au/resources/apps-and-tools/nndss-data-visualisation-tool,microsoft_bi
disease,D096,cryptosporidiosis,Cryptosporidiosis,public_projection,AU-QLD,"Queensland, Australia",D096,Cryptosporidiosis,隐孢子虫病,Parasitic,2003-03-01,2003-03,12,12,,,0.320588086786401,abs_computed,,,,,,,,,,,,,,,,,,,,,,legacy_fallback,legacy_fallback,,legacy_identity_may_be_lossy,,0,No eligible registered case-count series facts are available for this disease and country; the public curve uses the legacy flat table.,all,Australia NINDSS — Queensland,https://www.cdc.gov.au/resources/apps-and-tools/nndss-data-visualisation-tool,microsoft_bi,all,Australia NINDSS — Queensland,https://www.cdc.gov.au/resources/apps-and-tools/nndss-data-visualisation-tool,microsoft_bi
disease,D096,cryptosporidiosis,Cryptosporidiosis,public_projection,AU-SA,"South Australia, Australia",D096,Cryptosporidiosis,隐孢子虫病,Parasitic,2003-03-01,2003-03,6,6,,,0.394633250876908,abs_computed,,,,,,,,,,,,,,,,,,,,,,legacy_fallback,legacy_fallback,,legacy_identity_may_be_lossy,,0,No eligible registered case-count series facts are available for this disease and country; the public curve uses the legacy flat table.,all,Australia NINDSS — South Australia,https://www.cdc.gov.au/resources/apps-and-tools/nndss-data-visualisation-tool,microsoft_bi,all,Australia NINDSS — South Australia,https://www.cdc.gov.au/resources/apps-and-tools/nndss-data-visualisation-tool,microsoft_bi
disease,D096,cryptosporidiosis,Cryptosporidiosis,public_projection,AU-TAS,"Tasmania, Australia",D096,Cryptosporidiosis,隐孢子虫病,Parasitic,2003-03-01,2003-03,,,,,,missing_population,,,,,,,,,,,,,,,,,,,,,,legacy_fallback,legacy_fallback,,legacy_identity_may_be_lossy,,0,No eligible registered case-count series facts are available for this disease and country; the public curve uses the legacy flat table.,all,Australia NINDSS — Tasmania,https://www.cdc.gov.au/resources/apps-and-tools/nndss-data-visualisation-tool,microsoft_bi,all,Australia NINDSS — Tasmania,https://www.cdc.gov.au/resources/apps-and-tools/nndss-data-visualisation-tool,microsoft_bi
disease,D096,cryptosporidiosis,Cryptosporidiosis,public_projection,AU-VIC,"Victoria, Australia",D096,Cryptosporidiosis,隐孢子虫病,Parasitic,2003-03-01,2003-03,13,13,,,0.26673183130483774,abs_computed,,,,,,,,,,,,,,,,,,,,,,legacy_fallback,legacy_fallback,,legacy_identity_may_be_lossy,,0,No eligible registered case-count series facts are available for this disease and country; the public curve uses the legacy flat table.,all,Australia NINDSS — Victoria,https://www.cdc.gov.au/resources/apps-and-tools/nndss-data-visualisation-tool,microsoft_bi,all,Australia NINDSS — Victoria,https://www.cdc.gov.au/resources/apps-and-tools/nndss-data-visualisation-tool,microsoft_bi
disease,D096,cryptosporidiosis,Cryptosporidiosis,public_projection,AU-WA,"Western Australia, Australia",D096,Cryptosporidiosis,隐孢子虫病,Parasitic,2003-03-01,2003-03,89,89,,,4.557696079510801,abs_computed,,,,,,,,,,,,,,,,,,,,,,legacy_fallback,legacy_fallback,,legacy_identity_may_be_lossy,,0,No eligible registered case-count series facts are available for this disease and country; the public curve uses the legacy flat table.,all,Australia NINDSS — Western Australia,https://www.cdc.gov.au/resources/apps-and-tools/nndss-data-visualisation-tool,microsoft_bi,all,Australia NINDSS — Western Australia,https://www.cdc.gov.au/resources/apps-and-tools/nndss-data-visualisation-tool,microsoft_bi
disease,D096,cryptosporidiosis,Cryptosporidiosis,public_projection,FI,Finland,D096,Cryptosporidiosis,隐孢子虫病,Parasitic,2003-03-01,2003-03,0,0,,,0.0,wpp_computed,,SER_FI_THL_TTR_1270,,,,,,monthly,,,,,,,,,,,,,,series_registry,representative_series,legacy_gap_fill_blocked_incompatible,non_additive_series_not_rolled_up,SER_FI_THL_TTR_1270,2,Multiple registered series are not declared safely additive. The compatibility curve uses one representative series; inspect source_series for every retained definition. Legacy rows with a different reporting grain or comparison basis were not joined to this curve.,thl_ttr,Finland THL Infectious Diseases Register,https://sampo.thl.fi/pivot/prod/en/ttr/cases/fact_ttr_cases,cube_csv,thl_ttr,Finland THL Infectious Diseases Register,https://sampo.thl.fi/pivot/prod/en/ttr/cases/fact_ttr_cases,cube_csv
disease,D096,cryptosporidiosis,Cryptosporidiosis,source_series_observation,FI,Finland,D096,Cryptosporidiosis,隐孢子虫病,Parasitic,2003-03-01,2003-03,0,0,,,,,,SER_FI_THL_TTR_1270,SER_FI_THL_TTR_1270,SRC_FI_THL_TTR,Cryptosporidiosis,case_notifications,national_notifiable_disease_registry,monthly,count,country:FI:national,all,exact,conditional,non_additive,active,missing_is_unknown,FI_THL_TTR_reporting_group,Finland THL national monthly notification series; THL reporting group code 1270.,,provisional; raw,True,series_registry,representative_series,legacy_gap_fill_blocked_incompatible,non_additive_series_not_rolled_up,SER_FI_THL_TTR_1270,2,Multiple registered series are not declared safely additive. The compatibility curve uses one representative series; inspect source_series for every retained definition. Legacy rows with a different reporting grain or comparison basis were not joined to this curve.,thl_ttr,Finland THL Infectious Diseases Register,https://sampo.thl.fi/pivot/prod/en/ttr/cases/fact_ttr_cases,cube_csv,thl_ttr,Finland THL Infectious Diseases Register,https://sampo.thl.fi/pivot/prod/en/ttr/cases/fact_ttr_cases,cube_csv
disease,D096,cryptosporidiosis,Cryptosporidiosis,public_projection,AU,Australia,D096,Cryptosporidiosis,隐孢子虫病,Parasitic,2003-04-01,2003-04,128,128,,0,0.645830085787679,wpp_computed,,,,,,,,,,,,,,,,,,,,,,legacy_fallback,legacy_fallback,,legacy_identity_may_be_lossy,,0,No eligible registered case-count series facts are available for this disease and country; the public curve uses the legacy flat table.,all,Australia NINDSS,https://www.health.gov.au/topics/national-notifiable-diseases-surveillance-system-nndss,microsoft_bi,all,Australia NINDSS,https://www.health.gov.au/topics/national-notifiable-diseases-surveillance-system-nndss,microsoft_bi
disease,D096,cryptosporidiosis,Cryptosporidiosis,public_projection,AU-ACT,"Australian Capital Territory, Australia",D096,Cryptosporidiosis,隐孢子虫病,Parasitic,2003-04-01,2003-04,,,,,,missing_population,,,,,,,,,,,,,,,,,,,,,,legacy_fallback,legacy_fallback,,legacy_identity_may_be_lossy,,0,No eligible registered case-count series facts are available for this disease and country; the public curve uses the legacy flat table.,all,Australia NINDSS — Australian Capital Territory,https://www.cdc.gov.au/resources/apps-and-tools/nndss-data-visualisation-tool,microsoft_bi,all,Australia NINDSS — Australian Capital Territory,https://www.cdc.gov.au/resources/apps-and-tools/nndss-data-visualisation-tool,microsoft_bi
disease,D096,cryptosporidiosis,Cryptosporidiosis,public_projection,AU-NSW,"New South Wales, Australia",D096,Cryptosporidiosis,隐孢子虫病,Parasitic,2003-04-01,2003-04,22,22,,,0.33229039461749976,abs_computed,,,,,,,,,,,,,,,,,,,,,,legacy_fallback,legacy_fallback,,legacy_identity_may_be_lossy,,0,No eligible registered case-count series facts are available for this disease and country; the public curve uses the legacy flat table.,all,Australia NINDSS — New South Wales,https://www.cdc.gov.au/resources/apps-and-tools/nndss-data-visualisation-tool,microsoft_bi,all,Australia NINDSS — New South Wales,https://www.cdc.gov.au/resources/apps-and-tools/nndss-data-visualisation-tool,microsoft_bi
disease,D096,cryptosporidiosis,Cryptosporidiosis,public_projection,AU-NT,"Northern Territory, Australia",D096,Cryptosporidiosis,隐孢子虫病,Parasitic,2003-04-01,2003-04,11,11,,,5.452968149708761,abs_computed,,,,,,,,,,,,,,,,,,,,,,legacy_fallback,legacy_fallback,,legacy_identity_may_be_lossy,,0,No eligible registered case-count series facts are available for this disease and country; the public curve uses the legacy flat table.,all,Australia NINDSS — Northern Territory,https://www.cdc.gov.au/resources/apps-and-tools/nndss-data-visualisation-tool,microsoft_bi,all,Australia NINDSS — Northern Territory,https://www.cdc.gov.au/resources/apps-and-tools/nndss-data-visualisation-tool,microsoft_bi
disease,D096,cryptosporidiosis,Cryptosporidiosis,public_projection,AU-QLD,"Queensland, Australia",D096,Cryptosporidiosis,隐孢子虫病,Parasitic,2003-04-01,2003-04,18,18,,,0.4808821301796015,abs_computed,,,,,,,,,,,,,,,,,,,,,,legacy_fallback,legacy_fallback,,legacy_identity_may_be_lossy,,0,No eligible registered case-count series facts are available for this disease and country; the public curve uses the legacy flat table.,all,Australia NINDSS — Queensland,https://www.cdc.gov.au/resources/apps-and-tools/nndss-data-visualisation-tool,microsoft_bi,all,Australia NINDSS — Queensland,https://www.cdc.gov.au/resources/apps-and-tools/nndss-data-visualisation-tool,microsoft_bi
disease,D096,cryptosporidiosis,Cryptosporidiosis,public_projection,AU-SA,"South Australia, Australia",D096,Cryptosporidiosis,隐孢子虫病,Parasitic,2003-04-01,2003-04,9,9,,,0.5919498763153619,abs_computed,,,,,,,,,,,,,,,,,,,,,,legacy_fallback,legacy_fallback,,legacy_identity_may_be_lossy,,0,No eligible registered case-count series facts are available for this disease and country; the public curve uses the legacy flat table.,all,Australia NINDSS — South Australia,https://www.cdc.gov.au/resources/apps-and-tools/nndss-data-visualisation-tool,microsoft_bi,all,Australia NINDSS — South Australia,https://www.cdc.gov.au/resources/apps-and-tools/nndss-data-visualisation-tool,microsoft_bi
disease,D096,cryptosporidiosis,Cryptosporidiosis,public_projection,AU-TAS,"Tasmania, Australia",D096,Cryptosporidiosis,隐孢子虫病,Parasitic,2003-04-01,2003-04,0,0,,,0.0,abs_computed,,,,,,,,,,,,,,,,,,,,,,legacy_fallback,legacy_fallback,,legacy_identity_may_be_lossy,,0,No eligible registered case-count series facts are available for this disease and country; the public curve uses the legacy flat table.,all,Australia NINDSS — Tasmania,https://www.cdc.gov.au/resources/apps-and-tools/nndss-data-visualisation-tool,microsoft_bi,all,Australia NINDSS — Tasmania,https://www.cdc.gov.au/resources/apps-and-tools/nndss-data-visualisation-tool,microsoft_bi
disease,D096,cryptosporidiosis,Cryptosporidiosis,public_projection,AU-VIC,"Victoria, Australia",D096,Cryptosporidiosis,隐孢子虫病,Parasitic,2003-04-01,2003-04,24,24,,,0.49242799625508504,abs_computed,,,,,,,,,,,,,,,,,,,,,,legacy_fallback,legacy_fallback,,legacy_identity_may_be_lossy,,0,No eligible registered case-count series facts are available for this disease and country; the public curve uses the legacy flat table.,all,Australia NINDSS — Victoria,https://www.cdc.gov.au/resources/apps-and-tools/nndss-data-visualisation-tool,microsoft_bi,all,Australia NINDSS — Victoria,https://www.cdc.gov.au/resources/apps-and-tools/nndss-data-visualisation-tool,microsoft_bi
disease,D096,cryptosporidiosis,Cryptosporidiosis,public_projection,AU-WA,"Western Australia, Australia",D096,Cryptosporidiosis,隐孢子虫病,Parasitic,2003-04-01,2003-04,43,43,,,2.202032937291735,abs_computed,,,,,,,,,,,,,,,,,,,,,,legacy_fallback,legacy_fallback,,legacy_identity_may_be_lossy,,0,No eligible registered case-count series facts are available for this disease and country; the public curve uses the legacy flat table.,all,Australia NINDSS — Western Australia,https://www.cdc.gov.au/resources/apps-and-tools/nndss-data-visualisation-tool,microsoft_bi,all,Australia NINDSS — Western Australia,https://www.cdc.gov.au/resources/apps-and-tools/nndss-data-visualisation-tool,microsoft_bi
disease,D096,cryptosporidiosis,Cryptosporidiosis,public_projection,FI,Finland,D096,Cryptosporidiosis,隐孢子虫病,Parasitic,2003-04-01,2003-04,0,0,,,0.0,wpp_computed,,SER_FI_THL_TTR_1270,,,,,,monthly,,,,,,,,,,,,,,series_registry,representative_series,legacy_gap_fill_blocked_incompatible,non_additive_series_not_rolled_up,SER_FI_THL_TTR_1270,2,Multiple registered series are not declared safely additive. The compatibility curve uses one representative series; inspect source_series for every retained definition. Legacy rows with a different reporting grain or comparison basis were not joined to this curve.,thl_ttr,Finland THL Infectious Diseases Register,https://sampo.thl.fi/pivot/prod/en/ttr/cases/fact_ttr_cases,cube_csv,thl_ttr,Finland THL Infectious Diseases Register,https://sampo.thl.fi/pivot/prod/en/ttr/cases/fact_ttr_cases,cube_csv
disease,D096,cryptosporidiosis,Cryptosporidiosis,source_series_observation,FI,Finland,D096,Cryptosporidiosis,隐孢子虫病,Parasitic,2003-04-01,2003-04,0,0,,,,,,SER_FI_THL_TTR_1270,SER_FI_THL_TTR_1270,SRC_FI_THL_TTR,Cryptosporidiosis,case_notifications,national_notifiable_disease_registry,monthly,count,country:FI:national,all,exact,conditional,non_additive,active,missing_is_unknown,FI_THL_TTR_reporting_group,Finland THL national monthly notification series; THL reporting group code 1270.,,provisional; raw,True,series_registry,representative_series,legacy_gap_fill_blocked_incompatible,non_additive_series_not_rolled_up,SER_FI_THL_TTR_1270,2,Multiple registered series are not declared safely additive. The compatibility curve uses one representative series; inspect source_series for every retained definition. Legacy rows with a different reporting grain or comparison basis were not joined to this curve.,thl_ttr,Finland THL Infectious Diseases Register,https://sampo.thl.fi/pivot/prod/en/ttr/cases/fact_ttr_cases,cube_csv,thl_ttr,Finland THL Infectious Diseases Register,https://sampo.thl.fi/pivot/prod/en/ttr/cases/fact_ttr_cases,cube_csv
disease,D096,cryptosporidiosis,Cryptosporidiosis,public_projection,AU,Australia,D096,Cryptosporidiosis,隐孢子虫病,Parasitic,2003-05-01,2003-05,86,86,,0,0.43391708888859676,wpp_computed,,,,,,,,,,,,,,,,,,,,,,legacy_fallback,legacy_fallback,,legacy_identity_may_be_lossy,,0,No eligible registered case-count series facts are available for this disease and country; the public curve uses the legacy flat table.,all,Australia NINDSS,https://www.health.gov.au/topics/national-notifiable-diseases-surveillance-system-nndss,microsoft_bi,all,Australia NINDSS,https://www.health.gov.au/topics/national-notifiable-diseases-surveillance-system-nndss,microsoft_bi
disease,D096,cryptosporidiosis,Cryptosporidiosis,public_projection,AU-ACT,"Australian Capital Territory, Australia",D096,Cryptosporidiosis,隐孢子虫病,Parasitic,2003-05-01,2003-05,,,,,,missing_population,,,,,,,,,,,,,,,,,,,,,,legacy_fallback,legacy_fallback,,legacy_identity_may_be_lossy,,0,No eligible registered case-count series facts are available for this disease and country; the public curve uses the legacy flat table.,all,Australia NINDSS — Australian Capital Territory,https://www.cdc.gov.au/resources/apps-and-tools/nndss-data-visualisation-tool,microsoft_bi,all,Australia NINDSS — Australian Capital Territory,https://www.cdc.gov.au/resources/apps-and-tools/nndss-data-visualisation-tool,microsoft_bi
disease,D096,cryptosporidiosis,Cryptosporidiosis,public_projection,AU-NSW,"New South Wales, Australia",D096,Cryptosporidiosis,隐孢子虫病,Parasitic,2003-05-01,2003-05,17,17,,,0.25676985038624983,abs_computed,,,,,,,,,,,,,,,,,,,,,,legacy_fallback,legacy_fallback,,legacy_identity_may_be_lossy,,0,No eligible registered case-count series facts are available for this disease and country; the public curve uses the legacy flat table.,all,Australia NINDSS — New South Wales,https://www.cdc.gov.au/resources/apps-and-tools/nndss-data-visualisation-tool,microsoft_bi,all,Australia NINDSS — New South Wales,https://www.cdc.gov.au/resources/apps-and-tools/nndss-data-visualisation-tool,microsoft_bi
disease,D096,cryptosporidiosis,Cryptosporidiosis,public_projection,AU-NT,"Northern Territory, Australia",D096,Cryptosporidiosis,隐孢子虫病,Parasitic,2003-05-01,2003-05,6,6,,,2.9743462634775066,abs_computed,,,,,,,,,,,,,,,,,,,,,,legacy_fallback,legacy_fallback,,legacy_identity_may_be_lossy,,0,No eligible registered case-count series facts are available for this disease and country; the public curve uses the legacy flat table.,all,Australia NINDSS — Northern Territory,https://www.cdc.gov.au/resources/apps-and-tools/nndss-data-visualisation-tool,microsoft_bi,all,Australia NINDSS — Northern Territory,https://www.cdc.gov.au/resources/apps-and-tools/nndss-data-visualisation-tool,microsoft_bi
disease,D096,cryptosporidiosis,Cryptosporidiosis,public_projection,AU-QLD,"Queensland, Australia",D096,Cryptosporidiosis,隐孢子虫病,Parasitic,2003-05-01,2003-05,19,19,,,0.5075978040784682,abs_computed,,,,,,,,,,,,,,,,,,,,,,legacy_fallback,legacy_fallback,,legacy_identity_may_be_lossy,,0,No eligible registered case-count series facts are available for this disease and country; the public curve uses the legacy flat table.,all,Australia NINDSS — Queensland,https://www.cdc.gov.au/resources/apps-and-tools/nndss-data-visualisation-tool,microsoft_bi,all,Australia NINDSS — Queensland,https://www.cdc.gov.au/resources/apps-and-tools/nndss-data-visualisation-tool,microsoft_bi
disease,D096,cryptosporidiosis,Cryptosporidiosis,public_projection,AU-SA,"South Australia, Australia",D096,Cryptosporidiosis,隐孢子虫病,Parasitic,2003-05-01,2003-05,10,10,,,0.6577220847948466,abs_computed,,,,,,,,,,,,,,,,,,,,,,legacy_fallback,legacy_fallback,,legacy_identity_may_be_lossy,,0,No eligible registered case-count series facts are available for this disease and country; the public curve uses the legacy flat table.,all,Australia NINDSS — South Australia,https://www.cdc.gov.au/resources/apps-and-tools/nndss-data-visualisation-tool,microsoft_bi,all,Australia NINDSS — South Australia,https://www.cdc.gov.au/resources/apps-and-tools/nndss-data-visualisation-tool,microsoft_bi
disease,D096,cryptosporidiosis,Cryptosporidiosis,public_projection,AU-TAS,"Tasmania, Australia",D096,Cryptosporidiosis,隐孢子虫病,Parasitic,2003-05-01,2003-05,,,,,,missing_population,,,,,,,,,,,,,,,,,,,,,,legacy_fallback,legacy_fallback,,legacy_identity_may_be_lossy,,0,No eligible registered case-count series facts are available for this disease and country; the public curve uses the legacy flat table.,all,Australia NINDSS — Tasmania,https://www.cdc.gov.au/resources/apps-and-tools/nndss-data-visualisation-tool,microsoft_bi,all,Australia NINDSS — Tasmania,https://www.cdc.gov.au/resources/apps-and-tools/nndss-data-visualisation-tool,microsoft_bi
disease,D096,cryptosporidiosis,Cryptosporidiosis,public_projection,AU-VIC,"Victoria, Australia",D096,Cryptosporidiosis,隐孢子虫病,Parasitic,2003-05-01,2003-05,9,9,,,0.18466049859565692,abs_computed,,,,,,,,,,,,,,,,,,,,,,legacy_fallback,legacy_fallback,,legacy_identity_may_be_lossy,,0,No eligible registered case-count series facts are available for this disease and country; the public curve uses the legacy flat table.,all,Australia NINDSS — Victoria,https://www.cdc.gov.au/resources/apps-and-tools/nndss-data-visualisation-tool,microsoft_bi,all,Australia NINDSS — Victoria,https://www.cdc.gov.au/resources/apps-and-tools/nndss-data-visualisation-tool,microsoft_bi
disease,D096,cryptosporidiosis,Cryptosporidiosis,public_projection,AU-WA,"Western Australia, Australia",D096,Cryptosporidiosis,隐孢子虫病,Parasitic,2003-05-01,2003-05,23,23,,,1.1778315711095326,abs_computed,,,,,,,,,,,,,,,,,,,,,,legacy_fallback,legacy_fallback,,legacy_identity_may_be_lossy,,0,No eligible registered case-count series facts are available for this disease and country; the public curve uses the legacy flat table.,all,Australia NINDSS — Western Australia,https://www.cdc.gov.au/resources/apps-and-tools/nndss-data-visualisation-tool,microsoft_bi,all,Australia NINDSS — Western Australia,https://www.cdc.gov.au/resources/apps-and-tools/nndss-data-visualisation-tool,microsoft_bi
disease,D096,cryptosporidiosis,Cryptosporidiosis,public_projection,FI,Finland,D096,Cryptosporidiosis,隐孢子虫病,Parasitic,2003-05-01,2003-05,0,0,,,0.0,wpp_computed,,SER_FI_THL_TTR_1270,,,,,,monthly,,,,,,,,,,,,,,series_registry,representative_series,legacy_gap_fill_blocked_incompatible,non_additive_series_not_rolled_up,SER_FI_THL_TTR_1270,2,Multiple registered series are not declared safely additive. The compatibility curve uses one representative series; inspect source_series for every retained definition. Legacy rows with a different reporting grain or comparison basis were not joined to this curve.,thl_ttr,Finland THL Infectious Diseases Register,https://sampo.thl.fi/pivot/prod/en/ttr/cases/fact_ttr_cases,cube_csv,thl_ttr,Finland THL Infectious Diseases Register,https://sampo.thl.fi/pivot/prod/en/ttr/cases/fact_ttr_cases,cube_csv
disease,D096,cryptosporidiosis,Cryptosporidiosis,source_series_observation,FI,Finland,D096,Cryptosporidiosis,隐孢子虫病,Parasitic,2003-05-01,2003-05,0,0,,,,,,SER_FI_THL_TTR_1270,SER_FI_THL_TTR_1270,SRC_FI_THL_TTR,Cryptosporidiosis,case_notifications,national_notifiable_disease_registry,monthly,count,country:FI:national,all,exact,conditional,non_additive,active,missing_is_unknown,FI_THL_TTR_reporting_group,Finland THL national monthly notification series; THL reporting group code 1270.,,provisional; raw,True,series_registry,representative_series,legacy_gap_fill_blocked_incompatible,non_additive_series_not_rolled_up,SER_FI_THL_TTR_1270,2,Multiple registered series are not declared safely additive. The compatibility curve uses one representative series; inspect source_series for every retained definition. Legacy rows with a different reporting grain or comparison basis were not joined to this curve.,thl_ttr,Finland THL Infectious Diseases Register,https://sampo.thl.fi/pivot/prod/en/ttr/cases/fact_ttr_cases,cube_csv,thl_ttr,Finland THL Infectious Diseases Register,https://sampo.thl.fi/pivot/prod/en/ttr/cases/fact_ttr_cases,cube_csv
disease,D096,cryptosporidiosis,Cryptosporidiosis,public_projection,AU,Australia,D096,Cryptosporidiosis,隐孢子虫病,Parasitic,2003-06-01,2003-06,57,57,,0,0.2875962100773258,wpp_computed,,,,,,,,,,,,,,,,,,,,,,legacy_fallback,legacy_fallback,,legacy_identity_may_be_lossy,,0,No eligible registered case-count series facts are available for this disease and country; the public curve uses the legacy flat table.,all,Australia NINDSS,https://www.health.gov.au/topics/national-notifiable-diseases-surveillance-system-nndss,microsoft_bi,all,Australia NINDSS,https://www.health.gov.au/topics/national-notifiable-diseases-surveillance-system-nndss,microsoft_bi
disease,D096,cryptosporidiosis,Cryptosporidiosis,public_projection,AU-ACT,"Australian Capital Territory, Australia",D096,Cryptosporidiosis,隐孢子虫病,Parasitic,2003-06-01,2003-06,,,,,,missing_population,,,,,,,,,,,,,,,,,,,,,,legacy_fallback,legacy_fallback,,legacy_identity_may_be_lossy,,0,No eligible registered case-count series facts are available for this disease and country; the public curve uses the legacy flat table.,all,Australia NINDSS — Australian Capital Territory,https://www.cdc.gov.au/resources/apps-and-tools/nndss-data-visualisation-tool,microsoft_bi,all,Australia NINDSS — Australian Capital Territory,https://www.cdc.gov.au/resources/apps-and-tools/nndss-data-visualisation-tool,microsoft_bi
disease,D096,cryptosporidiosis,Cryptosporidiosis,public_projection,AU-NSW,"New South Wales, Australia",D096,Cryptosporidiosis,隐孢子虫病,Parasitic,2003-06-01,2003-06,9,9,,,0.1359369796162499,abs_computed,,,,,,,,,,,,,,,,,,,,,,legacy_fallback,legacy_fallback,,legacy_identity_may_be_lossy,,0,No eligible registered case-count series facts are available for this disease and country; the public curve uses the legacy flat table.,all,Australia NINDSS — New South Wales,https://www.cdc.gov.au/resources/apps-and-tools/nndss-data-visualisation-tool,microsoft_bi,all,Australia NINDSS — New South Wales,https://www.cdc.gov.au/resources/apps-and-tools/nndss-data-visualisation-tool,microsoft_bi
disease,D096,cryptosporidiosis,Cryptosporidiosis,public_projection,AU-NT,"Northern Territory, Australia",D096,Cryptosporidiosis,隐孢子虫病,Parasitic,2003-06-01,2003-06,5,5,,,2.4786218862312555,abs_computed,,,,,,,,,,,,,,,,,,,,,,legacy_fallback,legacy_fallback,,legacy_identity_may_be_lossy,,0,No eligible registered case-count series facts are available for this disease and country; the public curve uses the legacy flat table.,all,Australia NINDSS — Northern Territory,https://www.cdc.gov.au/resources/apps-and-tools/nndss-data-visualisation-tool,microsoft_bi,all,Australia NINDSS — Northern Territory,https://www.cdc.gov.au/resources/apps-and-tools/nndss-data-visualisation-tool,microsoft_bi
disease,D096,cryptosporidiosis,Cryptosporidiosis,public_projection,AU-QLD,"Queensland, Australia",D096,Cryptosporidiosis,隐孢子虫病,Parasitic,2003-06-01,2003-06,11,11,,,0.29387241288753424,abs_computed,,,,,,,,,,,,,,,,,,,,,,legacy_fallback,legacy_fallback,,legacy_identity_may_be_lossy,,0,No eligible registered case-count series facts are available for this disease and country; the public curve uses the legacy flat table.,all,Australia NINDSS — Queensland,https://www.cdc.gov.au/resources/apps-and-tools/nndss-data-visualisation-tool,microsoft_bi,all,Australia NINDSS — Queensland,https://www.cdc.gov.au/resources/apps-and-tools/nndss-data-visualisation-tool,microsoft_bi
disease,D096,cryptosporidiosis,Cryptosporidiosis,public_projection,AU-SA,"South Australia, Australia",D096,Cryptosporidiosis,隐孢子虫病,Parasitic,2003-06-01,2003-06,8,8,,,0.5261776678358773,abs_computed,,,,,,,,,,,,,,,,,,,,,,legacy_fallback,legacy_fallback,,legacy_identity_may_be_lossy,,0,No eligible registered case-count series facts are available for this disease and country; the public curve uses the legacy flat table.,all,Australia NINDSS — South Australia,https://www.cdc.gov.au/resources/apps-and-tools/nndss-data-visualisation-tool,microsoft_bi,all,Australia NINDSS — South Australia,https://www.cdc.gov.au/resources/apps-and-tools/nndss-data-visualisation-tool,microsoft_bi
disease,D096,cryptosporidiosis,Cryptosporidiosis,public_projection,AU-TAS,"Tasmania, Australia",D096,Cryptosporidiosis,隐孢子虫病,Parasitic,2003-06-01,2003-06,,,,,,missing_population,,,,,,,,,,,,,,,,,,,,,,legacy_fallback,legacy_fallback,,legacy_identity_may_be_lossy,,0,No eligible registered case-count series facts are available for this disease and country; the public curve uses the legacy flat table.,all,Australia NINDSS — Tasmania,https://www.cdc.gov.au/resources/apps-and-tools/nndss-data-visualisation-tool,microsoft_bi,all,Australia NINDSS — Tasmania,https://www.cdc.gov.au/resources/apps-and-tools/nndss-data-visualisation-tool,microsoft_bi
disease,D096,cryptosporidiosis,Cryptosporidiosis,public_projection,AU-VIC,"Victoria, Australia",D096,Cryptosporidiosis,隐孢子虫病,Parasitic,2003-06-01,2003-06,12,12,,,0.24621399812754252,abs_computed,,,,,,,,,,,,,,,,,,,,,,legacy_fallback,legacy_fallback,,legacy_identity_may_be_lossy,,0,No eligible registered case-count series facts are available for this disease and country; the public curve uses the legacy flat table.,all,Australia NINDSS — Victoria,https://www.cdc.gov.au/resources/apps-and-tools/nndss-data-visualisation-tool,microsoft_bi,all,Australia NINDSS — Victoria,https://www.cdc.gov.au/resources/apps-and-tools/nndss-data-visualisation-tool,microsoft_bi
disease,D096,cryptosporidiosis,Cryptosporidiosis,public_projection,AU-WA,"Western Australia, Australia",D096,Cryptosporidiosis,隐孢子虫病,Parasitic,2003-06-01,2003-06,9,9,,,0.46089061478199106,abs_computed,,,,,,,,,,,,,,,,,,,,,,legacy_fallback,legacy_fallback,,legacy_identity_may_be_lossy,,0,No eligible registered case-count series facts are available for this disease and country; the public curve uses the legacy flat table.,all,Australia NINDSS — Western Australia,https://www.cdc.gov.au/resources/apps-and-tools/nndss-data-visualisation-tool,microsoft_bi,all,Australia NINDSS — Western Australia,https://www.cdc.gov.au/resources/apps-and-tools/nndss-data-visualisation-tool,microsoft_bi
disease,D096,cryptosporidiosis,Cryptosporidiosis,public_projection,FI,Finland,D096,Cryptosporidiosis,隐孢子虫病,Parasitic,2003-06-01,2003-06,0,0,,,0.0,wpp_computed,,SER_FI_THL_TTR_1270,,,,,,monthly,,,,,,,,,,,,,,series_registry,representative_series,legacy_gap_fill_blocked_incompatible,non_additive_series_not_rolled_up,SER_FI_THL_TTR_1270,2,Multiple registered series are not declared safely additive. The compatibility curve uses one representative series; inspect source_series for every retained definition. Legacy rows with a different reporting grain or comparison basis were not joined to this curve.,thl_ttr,Finland THL Infectious Diseases Register,https://sampo.thl.fi/pivot/prod/en/ttr/cases/fact_ttr_cases,cube_csv,thl_ttr,Finland THL Infectious Diseases Register,https://sampo.thl.fi/pivot/prod/en/ttr/cases/fact_ttr_cases,cube_csv
disease,D096,cryptosporidiosis,Cryptosporidiosis,source_series_observation,FI,Finland,D096,Cryptosporidiosis,隐孢子虫病,Parasitic,2003-06-01,2003-06,0,0,,,,,,SER_FI_THL_TTR_1270,SER_FI_THL_TTR_1270,SRC_FI_THL_TTR,Cryptosporidiosis,case_notifications,national_notifiable_disease_registry,monthly,count,country:FI:national,all,exact,conditional,non_additive,active,missing_is_unknown,FI_THL_TTR_reporting_group,Finland THL national monthly notification series; THL reporting group code 1270.,,provisional; raw,True,series_registry,representative_series,legacy_gap_fill_blocked_incompatible,non_additive_series_not_rolled_up,SER_FI_THL_TTR_1270,2,Multiple registered series are not declared safely additive. The compatibility curve uses one representative series; inspect source_series for every retained definition. Legacy rows with a different reporting grain or comparison basis were not joined to this curve.,thl_ttr,Finland THL Infectious Diseases Register,https://sampo.thl.fi/pivot/prod/en/ttr/cases/fact_ttr_cases,cube_csv,thl_ttr,Finland THL Infectious Diseases Register,https://sampo.thl.fi/pivot/prod/en/ttr/cases/fact_ttr_cases,cube_csv
disease,D096,cryptosporidiosis,Cryptosporidiosis,public_projection,AU,Australia,D096,Cryptosporidiosis,隐孢子虫病,Parasitic,2003-07-01,2003-07,79,79,,0,0.3985982560720831,wpp_computed,,,,,,,,,,,,,,,,,,,,,,legacy_fallback,legacy_fallback,,legacy_identity_may_be_lossy,,0,No eligible registered case-count series facts are available for this disease and country; the public curve uses the legacy flat table.,all,Australia NINDSS,https://www.health.gov.au/topics/national-notifiable-diseases-surveillance-system-nndss,microsoft_bi,all,Australia NINDSS,https://www.health.gov.au/topics/national-notifiable-diseases-surveillance-system-nndss,microsoft_bi
disease,D096,cryptosporidiosis,Cryptosporidiosis,public_projection,AU-ACT,"Australian Capital Territory, Australia",D096,Cryptosporidiosis,隐孢子虫病,Parasitic,2003-07-01,2003-07,0,0,,,0.0,abs_computed,,,,,,,,,,,,,,,,,,,,,,legacy_fallback,legacy_fallback,,legacy_identity_may_be_lossy,,0,No eligible registered case-count series facts are available for this disease and country; the public curve uses the legacy flat table.,all,Australia NINDSS — Australian Capital Territory,https://www.cdc.gov.au/resources/apps-and-tools/nndss-data-visualisation-tool,microsoft_bi,all,Australia NINDSS — Australian Capital Territory,https://www.cdc.gov.au/resources/apps-and-tools/nndss-data-visualisation-tool,microsoft_bi
disease,D096,cryptosporidiosis,Cryptosporidiosis,public_projection,AU-NSW,"New South Wales, Australia",D096,Cryptosporidiosis,隐孢子虫病,Parasitic,2003-07-01,2003-07,15,15,,,0.22656163269374982,abs_computed,,,,,,,,,,,,,,,,,,,,,,legacy_fallback,legacy_fallback,,legacy_identity_may_be_lossy,,0,No eligible registered case-count series facts are available for this disease and country; the public curve uses the legacy flat table.,all,Australia NINDSS — New South Wales,https://www.cdc.gov.au/resources/apps-and-tools/nndss-data-visualisation-tool,microsoft_bi,all,Australia NINDSS — New South Wales,https://www.cdc.gov.au/resources/apps-and-tools/nndss-data-visualisation-tool,microsoft_bi
disease,D096,cryptosporidiosis,Cryptosporidiosis,public_projection,AU-NT,"Northern Territory, Australia",D096,Cryptosporidiosis,隐孢子虫病,Parasitic,2003-07-01,2003-07,,,,,,missing_population,,,,,,,,,,,,,,,,,,,,,,legacy_fallback,legacy_fallback,,legacy_identity_may_be_lossy,,0,No eligible registered case-count series facts are available for this disease and country; the public curve uses the legacy flat table.,all,Australia NINDSS — Northern Territory,https://www.cdc.gov.au/resources/apps-and-tools/nndss-data-visualisation-tool,microsoft_bi,all,Australia NINDSS — Northern Territory,https://www.cdc.gov.au/resources/apps-and-tools/nndss-data-visualisation-tool,microsoft_bi
disease,D096,cryptosporidiosis,Cryptosporidiosis,public_projection,AU-QLD,"Queensland, Australia",D096,Cryptosporidiosis,隐孢子虫病,Parasitic,2003-07-01,2003-07,17,17,,,0.4541664562807347,abs_computed,,,,,,,,,,,,,,,,,,,,,,legacy_fallback,legacy_fallback,,legacy_identity_may_be_lossy,,0,No eligible registered case-count series facts are available for this disease and country; the public curve uses the legacy flat table.,all,Australia NINDSS — Queensland,https://www.cdc.gov.au/resources/apps-and-tools/nndss-data-visualisation-tool,microsoft_bi,all,Australia NINDSS — Queensland,https://www.cdc.gov.au/resources/apps-and-tools/nndss-data-visualisation-tool,microsoft_bi
disease,D096,cryptosporidiosis,Cryptosporidiosis,public_projection,AU-SA,"South Australia, Australia",D096,Cryptosporidiosis,隐孢子虫病,Parasitic,2003-07-01,2003-07,,,,,,missing_population,,,,,,,,,,,,,,,,,,,,,,legacy_fallback,legacy_fallback,,legacy_identity_may_be_lossy,,0,No eligible registered case-count series facts are available for this disease and country; the public curve uses the legacy flat table.,all,Australia NINDSS — South Australia,https://www.cdc.gov.au/resources/apps-and-tools/nndss-data-visualisation-tool,microsoft_bi,all,Australia NINDSS — South Australia,https://www.cdc.gov.au/resources/apps-and-tools/nndss-data-visualisation-tool,microsoft_bi
disease,D096,cryptosporidiosis,Cryptosporidiosis,public_projection,AU-TAS,"Tasmania, Australia",D096,Cryptosporidiosis,隐孢子虫病,Parasitic,2003-07-01,2003-07,,,,,,missing_population,,,,,,,,,,,,,,,,,,,,,,legacy_fallback,legacy_fallback,,legacy_identity_may_be_lossy,,0,No eligible registered case-count series facts are available for this disease and country; the public curve uses the legacy flat table.,all,Australia NINDSS — Tasmania,https://www.cdc.gov.au/resources/apps-and-tools/nndss-data-visualisation-tool,microsoft_bi,all,Australia NINDSS — Tasmania,https://www.cdc.gov.au/resources/apps-and-tools/nndss-data-visualisation-tool,microsoft_bi
disease,D096,cryptosporidiosis,Cryptosporidiosis,public_projection,AU-VIC,"Victoria, Australia",D096,Cryptosporidiosis,隐孢子虫病,Parasitic,2003-07-01,2003-07,34,34,,,0.6976063280280372,abs_computed,,,,,,,,,,,,,,,,,,,,,,legacy_fallback,legacy_fallback,,legacy_identity_may_be_lossy,,0,No eligible registered case-count series facts are available for this disease and country; the public curve uses the legacy flat table.,all,Australia NINDSS — Victoria,https://www.cdc.gov.au/resources/apps-and-tools/nndss-data-visualisation-tool,microsoft_bi,all,Australia NINDSS — Victoria,https://www.cdc.gov.au/resources/apps-and-tools/nndss-data-visualisation-tool,microsoft_bi
disease,D096,cryptosporidiosis,Cryptosporidiosis,public_projection,AU-WA,"Western Australia, Australia",D096,Cryptosporidiosis,隐孢子虫病,Parasitic,2003-07-01,2003-07,7,7,,,0.3584704781637708,abs_computed,,,,,,,,,,,,,,,,,,,,,,legacy_fallback,legacy_fallback,,legacy_identity_may_be_lossy,,0,No eligible registered case-count series facts are available for this disease and country; the public curve uses the legacy flat table.,all,Australia NINDSS — Western Australia,https://www.cdc.gov.au/resources/apps-and-tools/nndss-data-visualisation-tool,microsoft_bi,all,Australia NINDSS — Western Australia,https://www.cdc.gov.au/resources/apps-and-tools/nndss-data-visualisation-tool,microsoft_bi
disease,D096,cryptosporidiosis,Cryptosporidiosis,public_projection,FI,Finland,D096,Cryptosporidiosis,隐孢子虫病,Parasitic,2003-07-01,2003-07,0,0,,,0.0,wpp_computed,,SER_FI_THL_TTR_1270,,,,,,monthly,,,,,,,,,,,,,,series_registry,representative_series,legacy_gap_fill_blocked_incompatible,non_additive_series_not_rolled_up,SER_FI_THL_TTR_1270,2,Multiple registered series are not declared safely additive. The compatibility curve uses one representative series; inspect source_series for every retained definition. Legacy rows with a different reporting grain or comparison basis were not joined to this curve.,thl_ttr,Finland THL Infectious Diseases Register,https://sampo.thl.fi/pivot/prod/en/ttr/cases/fact_ttr_cases,cube_csv,thl_ttr,Finland THL Infectious Diseases Register,https://sampo.thl.fi/pivot/prod/en/ttr/cases/fact_ttr_cases,cube_csv
disease,D096,cryptosporidiosis,Cryptosporidiosis,source_series_observation,FI,Finland,D096,Cryptosporidiosis,隐孢子虫病,Parasitic,2003-07-01,2003-07,0,0,,,,,,SER_FI_THL_TTR_1270,SER_FI_THL_TTR_1270,SRC_FI_THL_TTR,Cryptosporidiosis,case_notifications,national_notifiable_disease_registry,monthly,count,country:FI:national,all,exact,conditional,non_additive,active,missing_is_unknown,FI_THL_TTR_reporting_group,Finland THL national monthly notification series; THL reporting group code 1270.,,provisional; raw,True,series_registry,representative_series,legacy_gap_fill_blocked_incompatible,non_additive_series_not_rolled_up,SER_FI_THL_TTR_1270,2,Multiple registered series are not declared safely additive. The compatibility curve uses one representative series; inspect source_series for every retained definition. Legacy rows with a different reporting grain or comparison basis were not joined to this curve.,thl_ttr,Finland THL Infectious Diseases Register,https://sampo.thl.fi/pivot/prod/en/ttr/cases/fact_ttr_cases,cube_csv,thl_ttr,Finland THL Infectious Diseases Register,https://sampo.thl.fi/pivot/prod/en/ttr/cases/fact_ttr_cases,cube_csv
disease,D096,cryptosporidiosis,Cryptosporidiosis,public_projection,AU,Australia,D096,Cryptosporidiosis,隐孢子虫病,Parasitic,2003-08-01,2003-08,48,48,,0,0.2421862821703796,wpp_computed,,,,,,,,,,,,,,,,,,,,,,legacy_fallback,legacy_fallback,,legacy_identity_may_be_lossy,,0,No eligible registered case-count series facts are available for this disease and country; the public curve uses the legacy flat table.,all,Australia NINDSS,https://www.health.gov.au/topics/national-notifiable-diseases-surveillance-system-nndss,microsoft_bi,all,Australia NINDSS,https://www.health.gov.au/topics/national-notifiable-diseases-surveillance-system-nndss,microsoft_bi
disease,D096,cryptosporidiosis,Cryptosporidiosis,public_projection,AU-ACT,"Australian Capital Territory, Australia",D096,Cryptosporidiosis,隐孢子虫病,Parasitic,2003-08-01,2003-08,0,0,,,0.0,abs_computed,,,,,,,,,,,,,,,,,,,,,,legacy_fallback,legacy_fallback,,legacy_identity_may_be_lossy,,0,No eligible registered case-count series facts are available for this disease and country; the public curve uses the legacy flat table.,all,Australia NINDSS — Australian Capital Territory,https://www.cdc.gov.au/resources/apps-and-tools/nndss-data-visualisation-tool,microsoft_bi,all,Australia NINDSS — Australian Capital Territory,https://www.cdc.gov.au/resources/apps-and-tools/nndss-data-visualisation-tool,microsoft_bi
disease,D096,cryptosporidiosis,Cryptosporidiosis,public_projection,AU-NSW,"New South Wales, Australia",D096,Cryptosporidiosis,隐孢子虫病,Parasitic,2003-08-01,2003-08,6,6,,,0.09062465307749994,abs_computed,,,,,,,,,,,,,,,,,,,,,,legacy_fallback,legacy_fallback,,legacy_identity_may_be_lossy,,0,No eligible registered case-count series facts are available for this disease and country; the public curve uses the legacy flat table.,all,Australia NINDSS — New South Wales,https://www.cdc.gov.au/resources/apps-and-tools/nndss-data-visualisation-tool,microsoft_bi,all,Australia NINDSS — New South Wales,https://www.cdc.gov.au/resources/apps-and-tools/nndss-data-visualisation-tool,microsoft_bi
disease,D096,cryptosporidiosis,Cryptosporidiosis,public_projection,AU-NT,"Northern Territory, Australia",D096,Cryptosporidiosis,隐孢子虫病,Parasitic,2003-08-01,2003-08,0,0,,,0.0,abs_computed,,,,,,,,,,,,,,,,,,,,,,legacy_fallback,legacy_fallback,,legacy_identity_may_be_lossy,,0,No eligible registered case-count series facts are available for this disease and country; the public curve uses the legacy flat table.,all,Australia NINDSS — Northern Territory,https://www.cdc.gov.au/resources/apps-and-tools/nndss-data-visualisation-tool,microsoft_bi,all,Australia NINDSS — Northern Territory,https://www.cdc.gov.au/resources/apps-and-tools/nndss-data-visualisation-tool,microsoft_bi
disease,D096,cryptosporidiosis,Cryptosporidiosis,public_projection,AU-QLD,"Queensland, Australia",D096,Cryptosporidiosis,隐孢子虫病,Parasitic,2003-08-01,2003-08,15,15,,,0.4007351084830012,abs_computed,,,,,,,,,,,,,,,,,,,,,,legacy_fallback,legacy_fallback,,legacy_identity_may_be_lossy,,0,No eligible registered case-count series facts are available for this disease and country; the public curve uses the legacy flat table.,all,Australia NINDSS — Queensland,https://www.cdc.gov.au/resources/apps-and-tools/nndss-data-visualisation-tool,microsoft_bi,all,Australia NINDSS — Queensland,https://www.cdc.gov.au/resources/apps-and-tools/nndss-data-visualisation-tool,microsoft_bi
disease,D096,cryptosporidiosis,Cryptosporidiosis,public_projection,AU-SA,"South Australia, Australia",D096,Cryptosporidiosis,隐孢子虫病,Parasitic,2003-08-01,2003-08,7,7,,,0.4604054593563926,abs_computed,,,,,,,,,,,,,,,,,,,,,,legacy_fallback,legacy_fallback,,legacy_identity_may_be_lossy,,0,No eligible registered case-count series facts are available for this disease and country; the public curve uses the legacy flat table.,all,Australia NINDSS — South Australia,https://www.cdc.gov.au/resources/apps-and-tools/nndss-data-visualisation-tool,microsoft_bi,all,Australia NINDSS — South Australia,https://www.cdc.gov.au/resources/apps-and-tools/nndss-data-visualisation-tool,microsoft_bi
disease,D096,cryptosporidiosis,Cryptosporidiosis,public_projection,AU-TAS,"Tasmania, Australia",D096,Cryptosporidiosis,隐孢子虫病,Parasitic,2003-08-01,2003-08,,,,,,missing_population,,,,,,,,,,,,,,,,,,,,,,legacy_fallback,legacy_fallback,,legacy_identity_may_be_lossy,,0,No eligible registered case-count series facts are available for this disease and country; the public curve uses the legacy flat table.,all,Australia NINDSS — Tasmania,https://www.cdc.gov.au/resources/apps-and-tools/nndss-data-visualisation-tool,microsoft_bi,all,Australia NINDSS — Tasmania,https://www.cdc.gov.au/resources/apps-and-tools/nndss-data-visualisation-tool,microsoft_bi
disease,D096,cryptosporidiosis,Cryptosporidiosis,public_projection,AU-VIC,"Victoria, Australia",D096,Cryptosporidiosis,隐孢子虫病,Parasitic,2003-08-01,2003-08,14,14,,,0.28724966448213296,abs_computed,,,,,,,,,,,,,,,,,,,,,,legacy_fallback,legacy_fallback,,legacy_identity_may_be_lossy,,0,No eligible registered case-count series facts are available for this disease and country; the public curve uses the legacy flat table.,all,Australia NINDSS — Victoria,https://www.cdc.gov.au/resources/apps-and-tools/nndss-data-visualisation-tool,microsoft_bi,all,Australia NINDSS — Victoria,https://www.cdc.gov.au/resources/apps-and-tools/nndss-data-visualisation-tool,microsoft_bi
disease,D096,cryptosporidiosis,Cryptosporidiosis,public_projection,AU-WA,"Western Australia, Australia",D096,Cryptosporidiosis,隐孢子虫病,Parasitic,2003-08-01,2003-08,,,,,,missing_population,,,,,,,,,,,,,,,,,,,,,,legacy_fallback,legacy_fallback,,legacy_identity_may_be_lossy,,0,No eligible registered case-count series facts are available for this disease and country; the public curve uses the legacy flat table.,all,Australia NINDSS — Western Australia,https://www.cdc.gov.au/resources/apps-and-tools/nndss-data-visualisation-tool,microsoft_bi,all,Australia NINDSS — Western Australia,https://www.cdc.gov.au/resources/apps-and-tools/nndss-data-visualisation-tool,microsoft_bi
disease,D096,cryptosporidiosis,Cryptosporidiosis,public_projection,FI,Finland,D096,Cryptosporidiosis,隐孢子虫病,Parasitic,2003-08-01,2003-08,1,1,,,0.01918297779282576,wpp_computed,,SER_FI_THL_TTR_1270,,,,,,monthly,,,,,,,,,,,,,,series_registry,representative_series,legacy_gap_fill_blocked_incompatible,non_additive_series_not_rolled_up,SER_FI_THL_TTR_1270,2,Multiple registered series are not declared safely additive. The compatibility curve uses one representative series; inspect source_series for every retained definition. Legacy rows with a different reporting grain or comparison basis were not joined to this curve.,thl_ttr,Finland THL Infectious Diseases Register,https://sampo.thl.fi/pivot/prod/en/ttr/cases/fact_ttr_cases,cube_csv,thl_ttr,Finland THL Infectious Diseases Register,https://sampo.thl.fi/pivot/prod/en/ttr/cases/fact_ttr_cases,cube_csv
disease,D096,cryptosporidiosis,Cryptosporidiosis,source_series_observation,FI,Finland,D096,Cryptosporidiosis,隐孢子虫病,Parasitic,2003-08-01,2003-08,1,1,,,,,,SER_FI_THL_TTR_1270,SER_FI_THL_TTR_1270,SRC_FI_THL_TTR,Cryptosporidiosis,case_notifications,national_notifiable_disease_registry,monthly,count,country:FI:national,all,exact,conditional,non_additive,active,missing_is_unknown,FI_THL_TTR_reporting_group,Finland THL national monthly notification series; THL reporting group code 1270.,,provisional; raw,True,series_registry,representative_series,legacy_gap_fill_blocked_incompatible,non_additive_series_not_rolled_up,SER_FI_THL_TTR_1270,2,Multiple registered series are not declared safely additive. The compatibility curve uses one representative series; inspect source_series for every retained definition. Legacy rows with a different reporting grain or comparison basis were not joined to this curve.,thl_ttr,Finland THL Infectious Diseases Register,https://sampo.thl.fi/pivot/prod/en/ttr/cases/fact_ttr_cases,cube_csv,thl_ttr,Finland THL Infectious Diseases Register,https://sampo.thl.fi/pivot/prod/en/ttr/cases/fact_ttr_cases,cube_csv
disease,D096,cryptosporidiosis,Cryptosporidiosis,public_projection,AU,Australia,D096,Cryptosporidiosis,隐孢子虫病,Parasitic,2003-09-01,2003-09,54,54,,0,0.27245956744167704,wpp_computed,,,,,,,,,,,,,,,,,,,,,,legacy_fallback,legacy_fallback,,legacy_identity_may_be_lossy,,0,No eligible registered case-count series facts are available for this disease and country; the public curve uses the legacy flat table.,all,Australia NINDSS,https://www.health.gov.au/topics/national-notifiable-diseases-surveillance-system-nndss,microsoft_bi,all,Australia NINDSS,https://www.health.gov.au/topics/national-notifiable-diseases-surveillance-system-nndss,microsoft_bi
disease,D096,cryptosporidiosis,Cryptosporidiosis,public_projection,AU-ACT,"Australian Capital Territory, Australia",D096,Cryptosporidiosis,隐孢子虫病,Parasitic,2003-09-01,2003-09,0,0,,,0.0,abs_computed,,,,,,,,,,,,,,,,,,,,,,legacy_fallback,legacy_fallback,,legacy_identity_may_be_lossy,,0,No eligible registered case-count series facts are available for this disease and country; the public curve uses the legacy flat table.,all,Australia NINDSS — Australian Capital Territory,https://www.cdc.gov.au/resources/apps-and-tools/nndss-data-visualisation-tool,microsoft_bi,all,Australia NINDSS — Australian Capital Territory,https://www.cdc.gov.au/resources/apps-and-tools/nndss-data-visualisation-tool,microsoft_bi
disease,D096,cryptosporidiosis,Cryptosporidiosis,public_projection,AU-NSW,"New South Wales, Australia",D096,Cryptosporidiosis,隐孢子虫病,Parasitic,2003-09-01,2003-09,5,5,,,0.07552054423124994,abs_computed,,,,,,,,,,,,,,,,,,,,,,legacy_fallback,legacy_fallback,,legacy_identity_may_be_lossy,,0,No eligible registered case-count series facts are available for this disease and country; the public curve uses the legacy flat table.,all,Australia NINDSS — New South Wales,https://www.cdc.gov.au/resources/apps-and-tools/nndss-data-visualisation-tool,microsoft_bi,all,Australia NINDSS — New South Wales,https://www.cdc.gov.au/resources/apps-and-tools/nndss-data-visualisation-tool,microsoft_bi
disease,D096,cryptosporidiosis,Cryptosporidiosis,public_projection,AU-NT,"Northern Territory, Australia",D096,Cryptosporidiosis,隐孢子虫病,Parasitic,2003-09-01,2003-09,0,0,,,0.0,abs_computed,,,,,,,,,,,,,,,,,,,,,,legacy_fallback,legacy_fallback,,legacy_identity_may_be_lossy,,0,No eligible registered case-count series facts are available for this disease and country; the public curve uses the legacy flat table.,all,Australia NINDSS — Northern Territory,https://www.cdc.gov.au/resources/apps-and-tools/nndss-data-visualisation-tool,microsoft_bi,all,Australia NINDSS — Northern Territory,https://www.cdc.gov.au/resources/apps-and-tools/nndss-data-visualisation-tool,microsoft_bi
disease,D096,cryptosporidiosis,Cryptosporidiosis,public_projection,AU-QLD,"Queensland, Australia",D096,Cryptosporidiosis,隐孢子虫病,Parasitic,2003-09-01,2003-09,,,,,,missing_population,,,,,,,,,,,,,,,,,,,,,,legacy_fallback,legacy_fallback,,legacy_identity_may_be_lossy,,0,No eligible registered case-count series facts are available for this disease and country; the public curve uses the legacy flat table.,all,Australia NINDSS — Queensland,https://www.cdc.gov.au/resources/apps-and-tools/nndss-data-visualisation-tool,microsoft_bi,all,Australia NINDSS — Queensland,https://www.cdc.gov.au/resources/apps-and-tools/nndss-data-visualisation-tool,microsoft_bi
disease,D096,cryptosporidiosis,Cryptosporidiosis,public_projection,AU-SA,"South Australia, Australia",D096,Cryptosporidiosis,隐孢子虫病,Parasitic,2003-09-01,2003-09,10,10,,,0.6577220847948466,abs_computed,,,,,,,,,,,,,,,,,,,,,,legacy_fallback,legacy_fallback,,legacy_identity_may_be_lossy,,0,No eligible registered case-count series facts are available for this disease and country; the public curve uses the legacy flat table.,all,Australia NINDSS — South Australia,https://www.cdc.gov.au/resources/apps-and-tools/nndss-data-visualisation-tool,microsoft_bi,all,Australia NINDSS — South Australia,https://www.cdc.gov.au/resources/apps-and-tools/nndss-data-visualisation-tool,microsoft_bi
disease,D096,cryptosporidiosis,Cryptosporidiosis,public_projection,AU-TAS,"Tasmania, Australia",D096,Cryptosporidiosis,隐孢子虫病,Parasitic,2003-09-01,2003-09,7,7,,,1.4628009712998449,abs_computed,,,,,,,,,,,,,,,,,,,,,,legacy_fallback,legacy_fallback,,legacy_identity_may_be_lossy,,0,No eligible registered case-count series facts are available for this disease and country; the public curve uses the legacy flat table.,all,Australia NINDSS — Tasmania,https://www.cdc.gov.au/resources/apps-and-tools/nndss-data-visualisation-tool,microsoft_bi,all,Australia NINDSS — Tasmania,https://www.cdc.gov.au/resources/apps-and-tools/nndss-data-visualisation-tool,microsoft_bi
disease,D096,cryptosporidiosis,Cryptosporidiosis,public_projection,AU-VIC,"Victoria, Australia",D096,Cryptosporidiosis,隐孢子虫病,Parasitic,2003-09-01,2003-09,20,20,,,0.4103566635459042,abs_computed,,,,,,,,,,,,,,,,,,,,,,legacy_fallback,legacy_fallback,,legacy_identity_may_be_lossy,,0,No eligible registered case-count series facts are available for this disease and country; the public curve uses the legacy flat table.,all,Australia NINDSS — Victoria,https://www.cdc.gov.au/resources/apps-and-tools/nndss-data-visualisation-tool,microsoft_bi,all,Australia NINDSS — Victoria,https://www.cdc.gov.au/resources/apps-and-tools/nndss-data-visualisation-tool,microsoft_bi
disease,D096,cryptosporidiosis,Cryptosporidiosis,public_projection,AU-WA,"Western Australia, Australia",D096,Cryptosporidiosis,隐孢子虫病,Parasitic,2003-09-01,2003-09,8,8,,,0.409680546472881,abs_computed,,,,,,,,,,,,,,,,,,,,,,legacy_fallback,legacy_fallback,,legacy_identity_may_be_lossy,,0,No eligible registered case-count series facts are available for this disease and country; the public curve uses the legacy flat table.,all,Australia NINDSS — Western Australia,https://www.cdc.gov.au/resources/apps-and-tools/nndss-data-visualisation-tool,microsoft_bi,all,Australia NINDSS — Western Australia,https://www.cdc.gov.au/resources/apps-and-tools/nndss-data-visualisation-tool,microsoft_bi
disease,D096,cryptosporidiosis,Cryptosporidiosis,public_projection,FI,Finland,D096,Cryptosporidiosis,隐孢子虫病,Parasitic,2003-09-01,2003-09,2,2,,,0.03836595558565152,wpp_computed,,SER_FI_THL_TTR_1270,,,,,,monthly,,,,,,,,,,,,,,series_registry,representative_series,legacy_gap_fill_blocked_incompatible,non_additive_series_not_rolled_up,SER_FI_THL_TTR_1270,2,Multiple registered series are not declared safely additive. The compatibility curve uses one representative series; inspect source_series for every retained definition. Legacy rows with a different reporting grain or comparison basis were not joined to this curve.,thl_ttr,Finland THL Infectious Diseases Register,https://sampo.thl.fi/pivot/prod/en/ttr/cases/fact_ttr_cases,cube_csv,thl_ttr,Finland THL Infectious Diseases Register,https://sampo.thl.fi/pivot/prod/en/ttr/cases/fact_ttr_cases,cube_csv
disease,D096,cryptosporidiosis,Cryptosporidiosis,source_series_observation,FI,Finland,D096,Cryptosporidiosis,隐孢子虫病,Parasitic,2003-09-01,2003-09,2,2,,,,,,SER_FI_THL_TTR_1270,SER_FI_THL_TTR_1270,SRC_FI_THL_TTR,Cryptosporidiosis,case_notifications,national_notifiable_disease_registry,monthly,count,country:FI:national,all,exact,conditional,non_additive,active,missing_is_unknown,FI_THL_TTR_reporting_group,Finland THL national monthly notification series; THL reporting group code 1270.,,provisional; raw,True,series_registry,representative_series,legacy_gap_fill_blocked_incompatible,non_additive_series_not_rolled_up,SER_FI_THL_TTR_1270,2,Multiple registered series are not declared safely additive. The compatibility curve uses one representative series; inspect source_series for every retained definition. Legacy rows with a different reporting grain or comparison basis were not joined to this curve.,thl_ttr,Finland THL Infectious Diseases Register,https://sampo.thl.fi/pivot/prod/en/ttr/cases/fact_ttr_cases,cube_csv,thl_ttr,Finland THL Infectious Diseases Register,https://sampo.thl.fi/pivot/prod/en/ttr/cases/fact_ttr_cases,cube_csv
disease,D096,cryptosporidiosis,Cryptosporidiosis,public_projection,AU,Australia,D096,Cryptosporidiosis,隐孢子虫病,Parasitic,2003-10-01,2003-10,39,39,,0,0.19677635426343343,wpp_computed,,,,,,,,,,,,,,,,,,,,,,legacy_fallback,legacy_fallback,,legacy_identity_may_be_lossy,,0,No eligible registered case-count series facts are available for this disease and country; the public curve uses the legacy flat table.,all,Australia NINDSS,https://www.health.gov.au/topics/national-notifiable-diseases-surveillance-system-nndss,microsoft_bi,all,Australia NINDSS,https://www.health.gov.au/topics/national-notifiable-diseases-surveillance-system-nndss,microsoft_bi
disease,D096,cryptosporidiosis,Cryptosporidiosis,public_projection,AU-ACT,"Australian Capital Territory, Australia",D096,Cryptosporidiosis,隐孢子虫病,Parasitic,2003-10-01,2003-10,0,0,,,0.0,abs_computed,,,,,,,,,,,,,,,,,,,,,,legacy_fallback,legacy_fallback,,legacy_identity_may_be_lossy,,0,No eligible registered case-count series facts are available for this disease and country; the public curve uses the legacy flat table.,all,Australia NINDSS — Australian Capital Territory,https://www.cdc.gov.au/resources/apps-and-tools/nndss-data-visualisation-tool,microsoft_bi,all,Australia NINDSS — Australian Capital Territory,https://www.cdc.gov.au/resources/apps-and-tools/nndss-data-visualisation-tool,microsoft_bi
disease,D096,cryptosporidiosis,Cryptosporidiosis,public_projection,AU-NSW,"New South Wales, Australia",D096,Cryptosporidiosis,隐孢子虫病,Parasitic,2003-10-01,2003-10,6,6,,,0.09062465307749994,abs_computed,,,,,,,,,,,,,,,,,,,,,,legacy_fallback,legacy_fallback,,legacy_identity_may_be_lossy,,0,No eligible registered case-count series facts are available for this disease and country; the public curve uses the legacy flat table.,all,Australia NINDSS — New South Wales,https://www.cdc.gov.au/resources/apps-and-tools/nndss-data-visualisation-tool,microsoft_bi,all,Australia NINDSS — New South Wales,https://www.cdc.gov.au/resources/apps-and-tools/nndss-data-visualisation-tool,microsoft_bi
disease,D096,cryptosporidiosis,Cryptosporidiosis,public_projection,AU-NT,"Northern Territory, Australia",D096,Cryptosporidiosis,隐孢子虫病,Parasitic,2003-10-01,2003-10,,,,,,missing_population,,,,,,,,,,,,,,,,,,,,,,legacy_fallback,legacy_fallback,,legacy_identity_may_be_lossy,,0,No eligible registered case-count series facts are available for this disease and country; the public curve uses the legacy flat table.,all,Australia NINDSS — Northern Territory,https://www.cdc.gov.au/resources/apps-and-tools/nndss-data-visualisation-tool,microsoft_bi,all,Australia NINDSS — Northern Territory,https://www.cdc.gov.au/resources/apps-and-tools/nndss-data-visualisation-tool,microsoft_bi
disease,D096,cryptosporidiosis,Cryptosporidiosis,public_projection,AU-QLD,"Queensland, Australia",D096,Cryptosporidiosis,隐孢子虫病,Parasitic,2003-10-01,2003-10,8,8,,,0.21372539119093398,abs_computed,,,,,,,,,,,,,,,,,,,,,,legacy_fallback,legacy_fallback,,legacy_identity_may_be_lossy,,0,No eligible registered case-count series facts are available for this disease and country; the public curve uses the legacy flat table.,all,Australia NINDSS — Queensland,https://www.cdc.gov.au/resources/apps-and-tools/nndss-data-visualisation-tool,microsoft_bi,all,Australia NINDSS — Queensland,https://www.cdc.gov.au/resources/apps-and-tools/nndss-data-visualisation-tool,microsoft_bi
disease,D096,cryptosporidiosis,Cryptosporidiosis,public_projection,AU-SA,"South Australia, Australia",D096,Cryptosporidiosis,隐孢子虫病,Parasitic,2003-10-01,2003-10,8,8,,,0.5261776678358773,abs_computed,,,,,,,,,,,,,,,,,,,,,,legacy_fallback,legacy_fallback,,legacy_identity_may_be_lossy,,0,No eligible registered case-count series facts are available for this disease and country; the public curve uses the legacy flat table.,all,Australia NINDSS — South Australia,https://www.cdc.gov.au/resources/apps-and-tools/nndss-data-visualisation-tool,microsoft_bi,all,Australia NINDSS — South Australia,https://www.cdc.gov.au/resources/apps-and-tools/nndss-data-visualisation-tool,microsoft_bi
disease,D096,cryptosporidiosis,Cryptosporidiosis,public_projection,AU-TAS,"Tasmania, Australia",D096,Cryptosporidiosis,隐孢子虫病,Parasitic,2003-10-01,2003-10,7,7,,,1.4628009712998449,abs_computed,,,,,,,,,,,,,,,,,,,,,,legacy_fallback,legacy_fallback,,legacy_identity_may_be_lossy,,0,No eligible registered case-count series facts are available for this disease and country; the public curve uses the legacy flat table.,all,Australia NINDSS — Tasmania,https://www.cdc.gov.au/resources/apps-and-tools/nndss-data-visualisation-tool,microsoft_bi,all,Australia NINDSS — Tasmania,https://www.cdc.gov.au/resources/apps-and-tools/nndss-data-visualisation-tool,microsoft_bi
disease,D096,cryptosporidiosis,Cryptosporidiosis,public_projection,AU-VIC,"Victoria, Australia",D096,Cryptosporidiosis,隐孢子虫病,Parasitic,2003-10-01,2003-10,9,9,,,0.18466049859565692,abs_computed,,,,,,,,,,,,,,,,,,,,,,legacy_fallback,legacy_fallback,,legacy_identity_may_be_lossy,,0,No eligible registered case-count series facts are available for this disease and country; the public curve uses the legacy flat table.,all,Australia NINDSS — Victoria,https://www.cdc.gov.au/resources/apps-and-tools/nndss-data-visualisation-tool,microsoft_bi,all,Australia NINDSS — Victoria,https://www.cdc.gov.au/resources/apps-and-tools/nndss-data-visualisation-tool,microsoft_bi
disease,D096,cryptosporidiosis,Cryptosporidiosis,public_projection,AU-WA,"Western Australia, Australia",D096,Cryptosporidiosis,隐孢子虫病,Parasitic,2003-10-01,2003-10,7,7,,,0.3584704781637708,abs_computed,,,,,,,,,,,,,,,,,,,,,,legacy_fallback,legacy_fallback,,legacy_identity_may_be_lossy,,0,No eligible registered case-count series facts are available for this disease and country; the public curve uses the legacy flat table.,all,Australia NINDSS — Western Australia,https://www.cdc.gov.au/resources/apps-and-tools/nndss-data-visualisation-tool,microsoft_bi,all,Australia NINDSS — Western Australia,https://www.cdc.gov.au/resources/apps-and-tools/nndss-data-visualisation-tool,microsoft_bi
disease,D096,cryptosporidiosis,Cryptosporidiosis,public_projection,FI,Finland,D096,Cryptosporidiosis,隐孢子虫病,Parasitic,2003-10-01,2003-10,0,0,,,0.0,wpp_computed,,SER_FI_THL_TTR_1270,,,,,,monthly,,,,,,,,,,,,,,series_registry,representative_series,legacy_gap_fill_blocked_incompatible,non_additive_series_not_rolled_up,SER_FI_THL_TTR_1270,2,Multiple registered series are not declared safely additive. The compatibility curve uses one representative series; inspect source_series for every retained definition. Legacy rows with a different reporting grain or comparison basis were not joined to this curve.,thl_ttr,Finland THL Infectious Diseases Register,https://sampo.thl.fi/pivot/prod/en/ttr/cases/fact_ttr_cases,cube_csv,thl_ttr,Finland THL Infectious Diseases Register,https://sampo.thl.fi/pivot/prod/en/ttr/cases/fact_ttr_cases,cube_csv
disease,D096,cryptosporidiosis,Cryptosporidiosis,source_series_observation,FI,Finland,D096,Cryptosporidiosis,隐孢子虫病,Parasitic,2003-10-01,2003-10,0,0,,,,,,SER_FI_THL_TTR_1270,SER_FI_THL_TTR_1270,SRC_FI_THL_TTR,Cryptosporidiosis,case_notifications,national_notifiable_disease_registry,monthly,count,country:FI:national,all,exact,conditional,non_additive,active,missing_is_unknown,FI_THL_TTR_reporting_group,Finland THL national monthly notification series; THL reporting group code 1270.,,provisional; raw,True,series_registry,representative_series,legacy_gap_fill_blocked_incompatible,non_additive_series_not_rolled_up,SER_FI_THL_TTR_1270,2,Multiple registered series are not declared safely additive. The compatibility curve uses one representative series; inspect source_series for every retained definition. Legacy rows with a different reporting grain or comparison basis were not joined to this curve.,thl_ttr,Finland THL Infectious Diseases Register,https://sampo.thl.fi/pivot/prod/en/ttr/cases/fact_ttr_cases,cube_csv,thl_ttr,Finland THL Infectious Diseases Register,https://sampo.thl.fi/pivot/prod/en/ttr/cases/fact_ttr_cases,cube_csv
disease,D096,cryptosporidiosis,Cryptosporidiosis,public_projection,AU,Australia,D096,Cryptosporidiosis,隐孢子虫病,Parasitic,2003-11-01,2003-11,54,54,,0,0.27245956744167704,wpp_computed,,,,,,,,,,,,,,,,,,,,,,legacy_fallback,legacy_fallback,,legacy_identity_may_be_lossy,,0,No eligible registered case-count series facts are available for this disease and country; the public curve uses the legacy flat table.,all,Australia NINDSS,https://www.health.gov.au/topics/national-notifiable-diseases-surveillance-system-nndss,microsoft_bi,all,Australia NINDSS,https://www.health.gov.au/topics/national-notifiable-diseases-surveillance-system-nndss,microsoft_bi
disease,D096,cryptosporidiosis,Cryptosporidiosis,public_projection,AU-ACT,"Australian Capital Territory, Australia",D096,Cryptosporidiosis,隐孢子虫病,Parasitic,2003-11-01,2003-11,0,0,,,0.0,abs_computed,,,,,,,,,,,,,,,,,,,,,,legacy_fallback,legacy_fallback,,legacy_identity_may_be_lossy,,0,No eligible registered case-count series facts are available for this disease and country; the public curve uses the legacy flat table.,all,Australia NINDSS — Australian Capital Territory,https://www.cdc.gov.au/resources/apps-and-tools/nndss-data-visualisation-tool,microsoft_bi,all,Australia NINDSS — Australian Capital Territory,https://www.cdc.gov.au/resources/apps-and-tools/nndss-data-visualisation-tool,microsoft_bi
disease,D096,cryptosporidiosis,Cryptosporidiosis,public_projection,AU-NSW,"New South Wales, Australia",D096,Cryptosporidiosis,隐孢子虫病,Parasitic,2003-11-01,2003-11,21,21,,,0.3171862857712498,abs_computed,,,,,,,,,,,,,,,,,,,,,,legacy_fallback,legacy_fallback,,legacy_identity_may_be_lossy,,0,No eligible registered case-count series facts are available for this disease and country; the public curve uses the legacy flat table.,all,Australia NINDSS — New South Wales,https://www.cdc.gov.au/resources/apps-and-tools/nndss-data-visualisation-tool,microsoft_bi,all,Australia NINDSS — New South Wales,https://www.cdc.gov.au/resources/apps-and-tools/nndss-data-visualisation-tool,microsoft_bi
disease,D096,cryptosporidiosis,Cryptosporidiosis,public_projection,AU-NT,"Northern Territory, Australia",D096,Cryptosporidiosis,隐孢子虫病,Parasitic,2003-11-01,2003-11,,,,,,missing_population,,,,,,,,,,,,,,,,,,,,,,legacy_fallback,legacy_fallback,,legacy_identity_may_be_lossy,,0,No eligible registered case-count series facts are available for this disease and country; the public curve uses the legacy flat table.,all,Australia NINDSS — Northern Territory,https://www.cdc.gov.au/resources/apps-and-tools/nndss-data-visualisation-tool,microsoft_bi,all,Australia NINDSS — Northern Territory,https://www.cdc.gov.au/resources/apps-and-tools/nndss-data-visualisation-tool,microsoft_bi
disease,D096,cryptosporidiosis,Cryptosporidiosis,public_projection,AU-QLD,"Queensland, Australia",D096,Cryptosporidiosis,隐孢子虫病,Parasitic,2003-11-01,2003-11,8,8,,,0.21372539119093398,abs_computed,,,,,,,,,,,,,,,,,,,,,,legacy_fallback,legacy_fallback,,legacy_identity_may_be_lossy,,0,No eligible registered case-count series facts are available for this disease and country; the public curve uses the legacy flat table.,all,Australia NINDSS — Queensland,https://www.cdc.gov.au/resources/apps-and-tools/nndss-data-visualisation-tool,microsoft_bi,all,Australia NINDSS — Queensland,https://www.cdc.gov.au/resources/apps-and-tools/nndss-data-visualisation-tool,microsoft_bi
disease,D096,cryptosporidiosis,Cryptosporidiosis,public_projection,AU-SA,"South Australia, Australia",D096,Cryptosporidiosis,隐孢子虫病,Parasitic,2003-11-01,2003-11,,,,,,missing_population,,,,,,,,,,,,,,,,,,,,,,legacy_fallback,legacy_fallback,,legacy_identity_may_be_lossy,,0,No eligible registered case-count series facts are available for this disease and country; the public curve uses the legacy flat table.,all,Australia NINDSS — South Australia,https://www.cdc.gov.au/resources/apps-and-tools/nndss-data-visualisation-tool,microsoft_bi,all,Australia NINDSS — South Australia,https://www.cdc.gov.au/resources/apps-and-tools/nndss-data-visualisation-tool,microsoft_bi
disease,D096,cryptosporidiosis,Cryptosporidiosis,public_projection,AU-TAS,"Tasmania, Australia",D096,Cryptosporidiosis,隐孢子虫病,Parasitic,2003-11-01,2003-11,,,,,,missing_population,,,,,,,,,,,,,,,,,,,,,,legacy_fallback,legacy_fallback,,legacy_identity_may_be_lossy,,0,No eligible registered case-count series facts are available for this disease and country; the public curve uses the legacy flat table.,all,Australia NINDSS — Tasmania,https://www.cdc.gov.au/resources/apps-and-tools/nndss-data-visualisation-tool,microsoft_bi,all,Australia NINDSS — Tasmania,https://www.cdc.gov.au/resources/apps-and-tools/nndss-data-visualisation-tool,microsoft_bi
disease,D096,cryptosporidiosis,Cryptosporidiosis,public_projection,AU-VIC,"Victoria, Australia",D096,Cryptosporidiosis,隐孢子虫病,Parasitic,2003-11-01,2003-11,10,10,,,0.2051783317729521,abs_computed,,,,,,,,,,,,,,,,,,,,,,legacy_fallback,legacy_fallback,,legacy_identity_may_be_lossy,,0,No eligible registered case-count series facts are available for this disease and country; the public curve uses the legacy flat table.,all,Australia NINDSS — Victoria,https://www.cdc.gov.au/resources/apps-and-tools/nndss-data-visualisation-tool,microsoft_bi,all,Australia NINDSS — Victoria,https://www.cdc.gov.au/resources/apps-and-tools/nndss-data-visualisation-tool,microsoft_bi
disease,D096,cryptosporidiosis,Cryptosporidiosis,public_projection,AU-WA,"Western Australia, Australia",D096,Cryptosporidiosis,隐孢子虫病,Parasitic,2003-11-01,2003-11,8,8,,,0.409680546472881,abs_computed,,,,,,,,,,,,,,,,,,,,,,legacy_fallback,legacy_fallback,,legacy_identity_may_be_lossy,,0,No eligible registered case-count series facts are available for this disease and country; the public curve uses the legacy flat table.,all,Australia NINDSS — Western Australia,https://www.cdc.gov.au/resources/apps-and-tools/nndss-data-visualisation-tool,microsoft_bi,all,Australia NINDSS — Western Australia,https://www.cdc.gov.au/resources/apps-and-tools/nndss-data-visualisation-tool,microsoft_bi
disease,D096,cryptosporidiosis,Cryptosporidiosis,public_projection,FI,Finland,D096,Cryptosporidiosis,隐孢子虫病,Parasitic,2003-11-01,2003-11,1,1,,,0.01918297779282576,wpp_computed,,SER_FI_THL_TTR_1270,,,,,,monthly,,,,,,,,,,,,,,series_registry,representative_series,legacy_gap_fill_blocked_incompatible,non_additive_series_not_rolled_up,SER_FI_THL_TTR_1270,2,Multiple registered series are not declared safely additive. The compatibility curve uses one representative series; inspect source_series for every retained definition. Legacy rows with a different reporting grain or comparison basis were not joined to this curve.,thl_ttr,Finland THL Infectious Diseases Register,https://sampo.thl.fi/pivot/prod/en/ttr/cases/fact_ttr_cases,cube_csv,thl_ttr,Finland THL Infectious Diseases Register,https://sampo.thl.fi/pivot/prod/en/ttr/cases/fact_ttr_cases,cube_csv
disease,D096,cryptosporidiosis,Cryptosporidiosis,source_series_observation,FI,Finland,D096,Cryptosporidiosis,隐孢子虫病,Parasitic,2003-11-01,2003-11,1,1,,,,,,SER_FI_THL_TTR_1270,SER_FI_THL_TTR_1270,SRC_FI_THL_TTR,Cryptosporidiosis,case_notifications,national_notifiable_disease_registry,monthly,count,country:FI:national,all,exact,conditional,non_additive,active,missing_is_unknown,FI_THL_TTR_reporting_group,Finland THL national monthly notification series; THL reporting group code 1270.,,provisional; raw,True,series_registry,representative_series,legacy_gap_fill_blocked_incompatible,non_additive_series_not_rolled_up,SER_FI_THL_TTR_1270,2,Multiple registered series are not declared safely additive. The compatibility curve uses one representative series; inspect source_series for every retained definition. Legacy rows with a different reporting grain or comparison basis were not joined to this curve.,thl_ttr,Finland THL Infectious Diseases Register,https://sampo.thl.fi/pivot/prod/en/ttr/cases/fact_ttr_cases,cube_csv,thl_ttr,Finland THL Infectious Diseases Register,https://sampo.thl.fi/pivot/prod/en/ttr/cases/fact_ttr_cases,cube_csv
disease,D096,cryptosporidiosis,Cryptosporidiosis,public_projection,AU,Australia,D096,Cryptosporidiosis,隐孢子虫病,Parasitic,2003-12-01,2003-12,87,87,,0,0.438962636433813,wpp_computed,,,,,,,,,,,,,,,,,,,,,,legacy_fallback,legacy_fallback,,legacy_identity_may_be_lossy,,0,No eligible registered case-count series facts are available for this disease and country; the public curve uses the legacy flat table.,all,Australia NINDSS,https://www.health.gov.au/topics/national-notifiable-diseases-surveillance-system-nndss,microsoft_bi,all,Australia NINDSS,https://www.health.gov.au/topics/national-notifiable-diseases-surveillance-system-nndss,microsoft_bi
disease,D096,cryptosporidiosis,Cryptosporidiosis,public_projection,AU-ACT,"Australian Capital Territory, Australia",D096,Cryptosporidiosis,隐孢子虫病,Parasitic,2003-12-01,2003-12,,,,,,missing_population,,,,,,,,,,,,,,,,,,,,,,legacy_fallback,legacy_fallback,,legacy_identity_may_be_lossy,,0,No eligible registered case-count series facts are available for this disease and country; the public curve uses the legacy flat table.,all,Australia NINDSS — Australian Capital Territory,https://www.cdc.gov.au/resources/apps-and-tools/nndss-data-visualisation-tool,microsoft_bi,all,Australia NINDSS — Australian Capital Territory,https://www.cdc.gov.au/resources/apps-and-tools/nndss-data-visualisation-tool,microsoft_bi
disease,D096,cryptosporidiosis,Cryptosporidiosis,public_projection,AU-NSW,"New South Wales, Australia",D096,Cryptosporidiosis,隐孢子虫病,Parasitic,2003-12-01,2003-12,36,36,,,0.5437479184649996,abs_computed,,,,,,,,,,,,,,,,,,,,,,legacy_fallback,legacy_fallback,,legacy_identity_may_be_lossy,,0,No eligible registered case-count series facts are available for this disease and country; the public curve uses the legacy flat table.,all,Australia NINDSS — New South Wales,https://www.cdc.gov.au/resources/apps-and-tools/nndss-data-visualisation-tool,microsoft_bi,all,Australia NINDSS — New South Wales,https://www.cdc.gov.au/resources/apps-and-tools/nndss-data-visualisation-tool,microsoft_bi
disease,D096,cryptosporidiosis,Cryptosporidiosis,public_projection,AU-NT,"Northern Territory, Australia",D096,Cryptosporidiosis,隐孢子虫病,Parasitic,2003-12-01,2003-12,9,9,,,4.46151939521626,abs_computed,,,,,,,,,,,,,,,,,,,,,,legacy_fallback,legacy_fallback,,legacy_identity_may_be_lossy,,0,No eligible registered case-count series facts are available for this disease and country; the public curve uses the legacy flat table.,all,Australia NINDSS — Northern Territory,https://www.cdc.gov.au/resources/apps-and-tools/nndss-data-visualisation-tool,microsoft_bi,all,Australia NINDSS — Northern Territory,https://www.cdc.gov.au/resources/apps-and-tools/nndss-data-visualisation-tool,microsoft_bi
disease,D096,cryptosporidiosis,Cryptosporidiosis,public_projection,AU-QLD,"Queensland, Australia",D096,Cryptosporidiosis,隐孢子虫病,Parasitic,2003-12-01,2003-12,12,12,,,0.320588086786401,abs_computed,,,,,,,,,,,,,,,,,,,,,,legacy_fallback,legacy_fallback,,legacy_identity_may_be_lossy,,0,No eligible registered case-count series facts are available for this disease and country; the public curve uses the legacy flat table.,all,Australia NINDSS — Queensland,https://www.cdc.gov.au/resources/apps-and-tools/nndss-data-visualisation-tool,microsoft_bi,all,Australia NINDSS — Queensland,https://www.cdc.gov.au/resources/apps-and-tools/nndss-data-visualisation-tool,microsoft_bi
disease,D096,cryptosporidiosis,Cryptosporidiosis,public_projection,AU-SA,"South Australia, Australia",D096,Cryptosporidiosis,隐孢子虫病,Parasitic,2003-12-01,2003-12,,,,,,missing_population,,,,,,,,,,,,,,,,,,,,,,legacy_fallback,legacy_fallback,,legacy_identity_may_be_lossy,,0,No eligible registered case-count series facts are available for this disease and country; the public curve uses the legacy flat table.,all,Australia NINDSS — South Australia,https://www.cdc.gov.au/resources/apps-and-tools/nndss-data-visualisation-tool,microsoft_bi,all,Australia NINDSS — South Australia,https://www.cdc.gov.au/resources/apps-and-tools/nndss-data-visualisation-tool,microsoft_bi
disease,D096,cryptosporidiosis,Cryptosporidiosis,public_projection,AU-TAS,"Tasmania, Australia",D096,Cryptosporidiosis,隐孢子虫病,Parasitic,2003-12-01,2003-12,,,,,,missing_population,,,,,,,,,,,,,,,,,,,,,,legacy_fallback,legacy_fallback,,legacy_identity_may_be_lossy,,0,No eligible registered case-count series facts are available for this disease and country; the public curve uses the legacy flat table.,all,Australia NINDSS — Tasmania,https://www.cdc.gov.au/resources/apps-and-tools/nndss-data-visualisation-tool,microsoft_bi,all,Australia NINDSS — Tasmania,https://www.cdc.gov.au/resources/apps-and-tools/nndss-data-visualisation-tool,microsoft_bi
disease,D096,cryptosporidiosis,Cryptosporidiosis,public_projection,AU-VIC,"Victoria, Australia",D096,Cryptosporidiosis,隐孢子虫病,Parasitic,2003-12-01,2003-12,17,17,,,0.3488031640140186,abs_computed,,,,,,,,,,,,,,,,,,,,,,legacy_fallback,legacy_fallback,,legacy_identity_may_be_lossy,,0,No eligible registered case-count series facts are available for this disease and country; the public curve uses the legacy flat table.,all,Australia NINDSS — Victoria,https://www.cdc.gov.au/resources/apps-and-tools/nndss-data-visualisation-tool,microsoft_bi,all,Australia NINDSS — Victoria,https://www.cdc.gov.au/resources/apps-and-tools/nndss-data-visualisation-tool,microsoft_bi
disease,D096,cryptosporidiosis,Cryptosporidiosis,public_projection,AU-WA,"Western Australia, Australia",D096,Cryptosporidiosis,隐孢子虫病,Parasitic,2003-12-01,2003-12,8,8,,,0.409680546472881,abs_computed,,,,,,,,,,,,,,,,,,,,,,legacy_fallback,legacy_fallback,,legacy_identity_may_be_lossy,,0,No eligible registered case-count series facts are available for this disease and country; the public curve uses the legacy flat table.,all,Australia NINDSS — Western Australia,https://www.cdc.gov.au/resources/apps-and-tools/nndss-data-visualisation-tool,microsoft_bi,all,Australia NINDSS — Western Australia,https://www.cdc.gov.au/resources/apps-and-tools/nndss-data-visualisation-tool,microsoft_bi
disease,D096,cryptosporidiosis,Cryptosporidiosis,public_projection,FI,Finland,D096,Cryptosporidiosis,隐孢子虫病,Parasitic,2003-12-01,2003-12,1,1,,,0.01918297779282576,wpp_computed,,SER_FI_THL_TTR_1270,,,,,,monthly,,,,,,,,,,,,,,series_registry,representative_series,legacy_gap_fill_blocked_incompatible,non_additive_series_not_rolled_up,SER_FI_THL_TTR_1270,2,Multiple registered series are not declared safely additive. The compatibility curve uses one representative series; inspect source_series for every retained definition. Legacy rows with a different reporting grain or comparison basis were not joined to this curve.,thl_ttr,Finland THL Infectious Diseases Register,https://sampo.thl.fi/pivot/prod/en/ttr/cases/fact_ttr_cases,cube_csv,thl_ttr,Finland THL Infectious Diseases Register,https://sampo.thl.fi/pivot/prod/en/ttr/cases/fact_ttr_cases,cube_csv
disease,D096,cryptosporidiosis,Cryptosporidiosis,source_series_observation,FI,Finland,D096,Cryptosporidiosis,隐孢子虫病,Parasitic,2003-12-01,2003-12,1,1,,,,,,SER_FI_THL_TTR_1270,SER_FI_THL_TTR_1270,SRC_FI_THL_TTR,Cryptosporidiosis,case_notifications,national_notifiable_disease_registry,monthly,count,country:FI:national,all,exact,conditional,non_additive,active,missing_is_unknown,FI_THL_TTR_reporting_group,Finland THL national monthly notification series; THL reporting group code 1270.,,provisional; raw,True,series_registry,representative_series,legacy_gap_fill_blocked_incompatible,non_additive_series_not_rolled_up,SER_FI_THL_TTR_1270,2,Multiple registered series are not declared safely additive. The compatibility curve uses one representative series; inspect source_series for every retained definition. Legacy rows with a different reporting grain or comparison basis were not joined to this curve.,thl_ttr,Finland THL Infectious Diseases Register,https://sampo.thl.fi/pivot/prod/en/ttr/cases/fact_ttr_cases,cube_csv,thl_ttr,Finland THL Infectious Diseases Register,https://sampo.thl.fi/pivot/prod/en/ttr/cases/fact_ttr_cases,cube_csv
disease,D096,cryptosporidiosis,Cryptosporidiosis,public_projection,AU,Australia,D096,Cryptosporidiosis,隐孢子虫病,Parasitic,2004-01-01,2004-01,217,217,,0,1.0824736688280057,wpp_computed,,,,,,,,,,,,,,,,,,,,,,legacy_fallback,legacy_fallback,,legacy_identity_may_be_lossy,,0,No eligible registered case-count series facts are available for this disease and country; the public curve uses the legacy flat table.,all,Australia NINDSS,https://www.health.gov.au/topics/national-notifiable-diseases-surveillance-system-nndss,microsoft_bi,all,Australia NINDSS,https://www.health.gov.au/topics/national-notifiable-diseases-surveillance-system-nndss,microsoft_bi
disease,D096,cryptosporidiosis,Cryptosporidiosis,public_projection,AU-ACT,"Australian Capital Territory, Australia",D096,Cryptosporidiosis,隐孢子虫病,Parasitic,2004-01-01,2004-01,,,,,,missing_population,,,,,,,,,,,,,,,,,,,,,,legacy_fallback,legacy_fallback,,legacy_identity_may_be_lossy,,0,No eligible registered case-count series facts are available for this disease and country; the public curve uses the legacy flat table.,all,Australia NINDSS — Australian Capital Territory,https://www.cdc.gov.au/resources/apps-and-tools/nndss-data-visualisation-tool,microsoft_bi,all,Australia NINDSS — Australian Capital Territory,https://www.cdc.gov.au/resources/apps-and-tools/nndss-data-visualisation-tool,microsoft_bi
disease,D096,cryptosporidiosis,Cryptosporidiosis,public_projection,AU-NSW,"New South Wales, Australia",D096,Cryptosporidiosis,隐孢子虫病,Parasitic,2004-01-01,2004-01,65,65,,,0.9773355877207557,abs_computed,,,,,,,,,,,,,,,,,,,,,,legacy_fallback,legacy_fallback,,legacy_identity_may_be_lossy,,0,No eligible registered case-count series facts are available for this disease and country; the public curve uses the legacy flat table.,all,Australia NINDSS — New South Wales,https://www.cdc.gov.au/resources/apps-and-tools/nndss-data-visualisation-tool,microsoft_bi,all,Australia NINDSS — New South Wales,https://www.cdc.gov.au/resources/apps-and-tools/nndss-data-visualisation-tool,microsoft_bi
disease,D096,cryptosporidiosis,Cryptosporidiosis,public_projection,AU-NT,"Northern Territory, Australia",D096,Cryptosporidiosis,隐孢子虫病,Parasitic,2004-01-01,2004-01,11,11,,,5.427729778005852,abs_computed,,,,,,,,,,,,,,,,,,,,,,legacy_fallback,legacy_fallback,,legacy_identity_may_be_lossy,,0,No eligible registered case-count series facts are available for this disease and country; the public curve uses the legacy flat table.,all,Australia NINDSS — Northern Territory,https://www.cdc.gov.au/resources/apps-and-tools/nndss-data-visualisation-tool,microsoft_bi,all,Australia NINDSS — Northern Territory,https://www.cdc.gov.au/resources/apps-and-tools/nndss-data-visualisation-tool,microsoft_bi
disease,D096,cryptosporidiosis,Cryptosporidiosis,public_projection,AU-QLD,"Queensland, Australia",D096,Cryptosporidiosis,隐孢子虫病,Parasitic,2004-01-01,2004-01,37,37,,,0.966065008342102,abs_computed,,,,,,,,,,,,,,,,,,,,,,legacy_fallback,legacy_fallback,,legacy_identity_may_be_lossy,,0,No eligible registered case-count series facts are available for this disease and country; the public curve uses the legacy flat table.,all,Australia NINDSS — Queensland,https://www.cdc.gov.au/resources/apps-and-tools/nndss-data-visualisation-tool,microsoft_bi,all,Australia NINDSS — Queensland,https://www.cdc.gov.au/resources/apps-and-tools/nndss-data-visualisation-tool,microsoft_bi
disease,D096,cryptosporidiosis,Cryptosporidiosis,public_projection,AU-SA,"South Australia, Australia",D096,Cryptosporidiosis,隐孢子虫病,Parasitic,2004-01-01,2004-01,,,,,,missing_population,,,,,,,,,,,,,,,,,,,,,,legacy_fallback,legacy_fallback,,legacy_identity_may_be_lossy,,0,No eligible registered case-count series facts are available for this disease and country; the public curve uses the legacy flat table.,all,Australia NINDSS — South Australia,https://www.cdc.gov.au/resources/apps-and-tools/nndss-data-visualisation-tool,microsoft_bi,all,Australia NINDSS — South Australia,https://www.cdc.gov.au/resources/apps-and-tools/nndss-data-visualisation-tool,microsoft_bi
disease,D096,cryptosporidiosis,Cryptosporidiosis,public_projection,AU-TAS,"Tasmania, Australia",D096,Cryptosporidiosis,隐孢子虫病,Parasitic,2004-01-01,2004-01,0,0,,,0.0,abs_computed,,,,,,,,,,,,,,,,,,,,,,legacy_fallback,legacy_fallback,,legacy_identity_may_be_lossy,,0,No eligible registered case-count series facts are available for this disease and country; the public curve uses the legacy flat table.,all,Australia NINDSS — Tasmania,https://www.cdc.gov.au/resources/apps-and-tools/nndss-data-visualisation-tool,microsoft_bi,all,Australia NINDSS — Tasmania,https://www.cdc.gov.au/resources/apps-and-tools/nndss-data-visualisation-tool,microsoft_bi
disease,D096,cryptosporidiosis,Cryptosporidiosis,public_projection,AU-VIC,"Victoria, Australia",D096,Cryptosporidiosis,隐孢子虫病,Parasitic,2004-01-01,2004-01,40,40,,,0.8118285036640865,abs_computed,,,,,,,,,,,,,,,,,,,,,,legacy_fallback,legacy_fallback,,legacy_identity_may_be_lossy,,0,No eligible registered case-count series facts are available for this disease and country; the public curve uses the legacy flat table.,all,Australia NINDSS — Victoria,https://www.cdc.gov.au/resources/apps-and-tools/nndss-data-visualisation-tool,microsoft_bi,all,Australia NINDSS — Victoria,https://www.cdc.gov.au/resources/apps-and-tools/nndss-data-visualisation-tool,microsoft_bi
disease,D096,cryptosporidiosis,Cryptosporidiosis,public_projection,AU-WA,"Western Australia, Australia",D096,Cryptosporidiosis,隐孢子虫病,Parasitic,2004-01-01,2004-01,57,57,,,2.8794539342938923,abs_computed,,,,,,,,,,,,,,,,,,,,,,legacy_fallback,legacy_fallback,,legacy_identity_may_be_lossy,,0,No eligible registered case-count series facts are available for this disease and country; the public curve uses the legacy flat table.,all,Australia NINDSS — Western Australia,https://www.cdc.gov.au/resources/apps-and-tools/nndss-data-visualisation-tool,microsoft_bi,all,Australia NINDSS — Western Australia,https://www.cdc.gov.au/resources/apps-and-tools/nndss-data-visualisation-tool,microsoft_bi
disease,D096,cryptosporidiosis,Cryptosporidiosis,public_projection,CA,Canada,D096,Cryptosporidiosis,隐孢子虫病,Parasitic,2004-01-01,2004-01,596,596,,,1.854809640435348,wpp_computed,,SER_CA_PHAC_CNDSS_D176_ANNUAL,,,,,,annual,,,,,,,,,,,,,,series_registry,single_series,parity,,SER_CA_PHAC_CNDSS_D176_ANNUAL,1,The public curve is read directly from one registered source series.,all,Canada PHAC CNDSS Annual,https://diseases.canada.ca/notifiable/extract-dataset,web,all,Canada PHAC CNDSS Annual,https://diseases.canada.ca/notifiable/extract-dataset,web
disease,D096,cryptosporidiosis,Cryptosporidiosis,source_series_observation,CA,Canada,D096,Cryptosporidiosis,隐孢子虫病,Parasitic,2004-01-01,2004-01,596,596,,,,,,SER_CA_PHAC_CNDSS_D176_ANNUAL,SER_CA_PHAC_CNDSS_D176_ANNUAL,SRC_CA_PHAC_CNDSS,Cryptosporidiosis,case_notifications,provincial_territorial_voluntary_notifications_national,annual,count,country:CA:national,all,exact,conditional,non_additive,active,missing_is_unknown,CNDSS_NATIONAL_ANNUAL_2026_08,PHAC CNDSS national annual reported count assembled from voluntary provincial and territorial submissions. Disease-specific reporting coverage and definitions vary over time; null cells are unknown and explicit zeroes are retained.,,raw,True,series_registry,single_series,parity,,SER_CA_PHAC_CNDSS_D176_ANNUAL,1,The public curve is read directly from one registered source series.,all,Canada PHAC CNDSS Annual,https://diseases.canada.ca/notifiable/extract-dataset,web,all,Canada PHAC CNDSS Annual,https://diseases.canada.ca/notifiable/extract-dataset,web
disease,D096,cryptosporidiosis,Cryptosporidiosis,public_projection,FI,Finland,D096,Cryptosporidiosis,隐孢子虫病,Parasitic,2004-01-01,2004-01,1,1,,,0.01912723205234435,wpp_computed,,SER_FI_THL_TTR_1270,,,,,,monthly,,,,,,,,,,,,,,series_registry,representative_series,legacy_gap_fill_blocked_incompatible,non_additive_series_not_rolled_up,SER_FI_THL_TTR_1270,2,Multiple registered series are not declared safely additive. The compatibility curve uses one representative series; inspect source_series for every retained definition. Legacy rows with a different reporting grain or comparison basis were not joined to this curve.,thl_ttr,Finland THL Infectious Diseases Register,https://sampo.thl.fi/pivot/prod/en/ttr/cases/fact_ttr_cases,cube_csv,thl_ttr,Finland THL Infectious Diseases Register,https://sampo.thl.fi/pivot/prod/en/ttr/cases/fact_ttr_cases,cube_csv
disease,D096,cryptosporidiosis,Cryptosporidiosis,source_series_observation,FI,Finland,D096,Cryptosporidiosis,隐孢子虫病,Parasitic,2004-01-01,2004-01,1,1,,,,,,SER_FI_THL_TTR_1270,SER_FI_THL_TTR_1270,SRC_FI_THL_TTR,Cryptosporidiosis,case_notifications,national_notifiable_disease_registry,monthly,count,country:FI:national,all,exact,conditional,non_additive,active,missing_is_unknown,FI_THL_TTR_reporting_group,Finland THL national monthly notification series; THL reporting group code 1270.,,provisional; raw,True,series_registry,representative_series,legacy_gap_fill_blocked_incompatible,non_additive_series_not_rolled_up,SER_FI_THL_TTR_1270,2,Multiple registered series are not declared safely additive. The compatibility curve uses one representative series; inspect source_series for every retained definition. Legacy rows with a different reporting grain or comparison basis were not joined to this curve.,thl_ttr,Finland THL Infectious Diseases Register,https://sampo.thl.fi/pivot/prod/en/ttr/cases/fact_ttr_cases,cube_csv,thl_ttr,Finland THL Infectious Diseases Register,https://sampo.thl.fi/pivot/prod/en/ttr/cases/fact_ttr_cases,cube_csv
disease,D096,cryptosporidiosis,Cryptosporidiosis,public_projection,AU,Australia,D096,Cryptosporidiosis,隐孢子虫病,Parasitic,2004-02-01,2004-02,143,143,,0,0.7133351826838932,wpp_computed,,,,,,,,,,,,,,,,,,,,,,legacy_fallback,legacy_fallback,,legacy_identity_may_be_lossy,,0,No eligible registered case-count series facts are available for this disease and country; the public curve uses the legacy flat table.,all,Australia NINDSS,https://www.health.gov.au/topics/national-notifiable-diseases-surveillance-system-nndss,microsoft_bi,all,Australia NINDSS,https://www.health.gov.au/topics/national-notifiable-diseases-surveillance-system-nndss,microsoft_bi
disease,D096,cryptosporidiosis,Cryptosporidiosis,public_projection,AU-ACT,"Australian Capital Territory, Australia",D096,Cryptosporidiosis,隐孢子虫病,Parasitic,2004-02-01,2004-02,,,,,,missing_population,,,,,,,,,,,,,,,,,,,,,,legacy_fallback,legacy_fallback,,legacy_identity_may_be_lossy,,0,No eligible registered case-count series facts are available for this disease and country; the public curve uses the legacy flat table.,all,Australia NINDSS — Australian Capital Territory,https://www.cdc.gov.au/resources/apps-and-tools/nndss-data-visualisation-tool,microsoft_bi,all,Australia NINDSS — Australian Capital Territory,https://www.cdc.gov.au/resources/apps-and-tools/nndss-data-visualisation-tool,microsoft_bi
disease,D096,cryptosporidiosis,Cryptosporidiosis,public_projection,AU-NSW,"New South Wales, Australia",D096,Cryptosporidiosis,隐孢子虫病,Parasitic,2004-02-01,2004-02,52,52,,,0.7818684701766047,abs_computed,,,,,,,,,,,,,,,,,,,,,,legacy_fallback,legacy_fallback,,legacy_identity_may_be_lossy,,0,No eligible registered case-count series facts are available for this disease and country; the public curve uses the legacy flat table.,all,Australia NINDSS — New South Wales,https://www.cdc.gov.au/resources/apps-and-tools/nndss-data-visualisation-tool,microsoft_bi,all,Australia NINDSS — New South Wales,https://www.cdc.gov.au/resources/apps-and-tools/nndss-data-visualisation-tool,microsoft_bi
disease,D096,cryptosporidiosis,Cryptosporidiosis,public_projection,AU-NT,"Northern Territory, Australia",D096,Cryptosporidiosis,隐孢子虫病,Parasitic,2004-02-01,2004-02,9,9,,,4.440869818368425,abs_computed,,,,,,,,,,,,,,,,,,,,,,legacy_fallback,legacy_fallback,,legacy_identity_may_be_lossy,,0,No eligible registered case-count series facts are available for this disease and country; the public curve uses the legacy flat table.,all,Australia NINDSS — Northern Territory,https://www.cdc.gov.au/resources/apps-and-tools/nndss-data-visualisation-tool,microsoft_bi,all,Australia NINDSS — Northern Territory,https://www.cdc.gov.au/resources/apps-and-tools/nndss-data-visualisation-tool,microsoft_bi
disease,D096,cryptosporidiosis,Cryptosporidiosis,public_projection,AU-QLD,"Queensland, Australia",D096,Cryptosporidiosis,隐孢子虫病,Parasitic,2004-02-01,2004-02,54,54,,,1.4099327148776621,abs_computed,,,,,,,,,,,,,,,,,,,,,,legacy_fallback,legacy_fallback,,legacy_identity_may_be_lossy,,0,No eligible registered case-count series facts are available for this disease and country; the public curve uses the legacy flat table.,all,Australia NINDSS — Queensland,https://www.cdc.gov.au/resources/apps-and-tools/nndss-data-visualisation-tool,microsoft_bi,all,Australia NINDSS — Queensland,https://www.cdc.gov.au/resources/apps-and-tools/nndss-data-visualisation-tool,microsoft_bi
disease,D096,cryptosporidiosis,Cryptosporidiosis,public_projection,AU-SA,"South Australia, Australia",D096,Cryptosporidiosis,隐孢子虫病,Parasitic,2004-02-01,2004-02,5,5,,,0.32718466105959404,abs_computed,,,,,,,,,,,,,,,,,,,,,,legacy_fallback,legacy_fallback,,legacy_identity_may_be_lossy,,0,No eligible registered case-count series facts are available for this disease and country; the public curve uses the legacy flat table.,all,Australia NINDSS — South Australia,https://www.cdc.gov.au/resources/apps-and-tools/nndss-data-visualisation-tool,microsoft_bi,all,Australia NINDSS — South Australia,https://www.cdc.gov.au/resources/apps-and-tools/nndss-data-visualisation-tool,microsoft_bi
disease,D096,cryptosporidiosis,Cryptosporidiosis,public_projection,AU-TAS,"Tasmania, Australia",D096,Cryptosporidiosis,隐孢子虫病,Parasitic,2004-02-01,2004-02,0,0,,,0.0,abs_computed,,,,,,,,,,,,,,,,,,,,,,legacy_fallback,legacy_fallback,,legacy_identity_may_be_lossy,,0,No eligible registered case-count series facts are available for this disease and country; the public curve uses the legacy flat table.,all,Australia NINDSS — Tasmania,https://www.cdc.gov.au/resources/apps-and-tools/nndss-data-visualisation-tool,microsoft_bi,all,Australia NINDSS — Tasmania,https://www.cdc.gov.au/resources/apps-and-tools/nndss-data-visualisation-tool,microsoft_bi
disease,D096,cryptosporidiosis,Cryptosporidiosis,public_projection,AU-VIC,"Victoria, Australia",D096,Cryptosporidiosis,隐孢子虫病,Parasitic,2004-02-01,2004-02,14,14,,,0.28413997628243026,abs_computed,,,,,,,,,,,,,,,,,,,,,,legacy_fallback,legacy_fallback,,legacy_identity_may_be_lossy,,0,No eligible registered case-count series facts are available for this disease and country; the public curve uses the legacy flat table.,all,Australia NINDSS — Victoria,https://www.cdc.gov.au/resources/apps-and-tools/nndss-data-visualisation-tool,microsoft_bi,all,Australia NINDSS — Victoria,https://www.cdc.gov.au/resources/apps-and-tools/nndss-data-visualisation-tool,microsoft_bi
disease,D096,cryptosporidiosis,Cryptosporidiosis,public_projection,AU-WA,"Western Australia, Australia",D096,Cryptosporidiosis,隐孢子虫病,Parasitic,2004-02-01,2004-02,8,8,,,0.40413388551493223,abs_computed,,,,,,,,,,,,,,,,,,,,,,legacy_fallback,legacy_fallback,,legacy_identity_may_be_lossy,,0,No eligible registered case-count series facts are available for this disease and country; the public curve uses the legacy flat table.,all,Australia NINDSS — Western Australia,https://www.cdc.gov.au/resources/apps-and-tools/nndss-data-visualisation-tool,microsoft_bi,all,Australia NINDSS — Western Australia,https://www.cdc.gov.au/resources/apps-and-tools/nndss-data-visualisation-tool,microsoft_bi
disease,D096,cryptosporidiosis,Cryptosporidiosis,public_projection,FI,Finland,D096,Cryptosporidiosis,隐孢子虫病,Parasitic,2004-02-01,2004-02,0,0,,,0.0,wpp_computed,,SER_FI_THL_TTR_1270,,,,,,monthly,,,,,,,,,,,,,,series_registry,representative_series,legacy_gap_fill_blocked_incompatible,non_additive_series_not_rolled_up,SER_FI_THL_TTR_1270,2,Multiple registered series are not declared safely additive. The compatibility curve uses one representative series; inspect source_series for every retained definition. Legacy rows with a different reporting grain or comparison basis were not joined to this curve.,thl_ttr,Finland THL Infectious Diseases Register,https://sampo.thl.fi/pivot/prod/en/ttr/cases/fact_ttr_cases,cube_csv,thl_ttr,Finland THL Infectious Diseases Register,https://sampo.thl.fi/pivot/prod/en/ttr/cases/fact_ttr_cases,cube_csv
disease,D096,cryptosporidiosis,Cryptosporidiosis,source_series_observation,FI,Finland,D096,Cryptosporidiosis,隐孢子虫病,Parasitic,2004-02-01,2004-02,0,0,,,,,,SER_FI_THL_TTR_1270,SER_FI_THL_TTR_1270,SRC_FI_THL_TTR,Cryptosporidiosis,case_notifications,national_notifiable_disease_registry,monthly,count,country:FI:national,all,exact,conditional,non_additive,active,missing_is_unknown,FI_THL_TTR_reporting_group,Finland THL national monthly notification series; THL reporting group code 1270.,,provisional; raw,True,series_registry,representative_series,legacy_gap_fill_blocked_incompatible,non_additive_series_not_rolled_up,SER_FI_THL_TTR_1270,2,Multiple registered series are not declared safely additive. The compatibility curve uses one representative series; inspect source_series for every retained definition. Legacy rows with a different reporting grain or comparison basis were not joined to this curve.,thl_ttr,Finland THL Infectious Diseases Register,https://sampo.thl.fi/pivot/prod/en/ttr/cases/fact_ttr_cases,cube_csv,thl_ttr,Finland THL Infectious Diseases Register,https://sampo.thl.fi/pivot/prod/en/ttr/cases/fact_ttr_cases,cube_csv
disease,D096,cryptosporidiosis,Cryptosporidiosis,public_projection,AU,Australia,D096,Cryptosporidiosis,隐孢子虫病,Parasitic,2004-03-01,2004-03,210,210,,0,1.047555163381941,wpp_computed,,,,,,,,,,,,,,,,,,,,,,legacy_fallback,legacy_fallback,,legacy_identity_may_be_lossy,,0,No eligible registered case-count series facts are available for this disease and country; the public curve uses the legacy flat table.,all,Australia NINDSS,https://www.health.gov.au/topics/national-notifiable-diseases-surveillance-system-nndss,microsoft_bi,all,Australia NINDSS,https://www.health.gov.au/topics/national-notifiable-diseases-surveillance-system-nndss,microsoft_bi
disease,D096,cryptosporidiosis,Cryptosporidiosis,public_projection,AU-ACT,"Australian Capital Territory, Australia",D096,Cryptosporidiosis,隐孢子虫病,Parasitic,2004-03-01,2004-03,0,0,,,0.0,abs_computed,,,,,,,,,,,,,,,,,,,,,,legacy_fallback,legacy_fallback,,legacy_identity_may_be_lossy,,0,No eligible registered case-count series facts are available for this disease and country; the public curve uses the legacy flat table.,all,Australia NINDSS — Australian Capital Territory,https://www.cdc.gov.au/resources/apps-and-tools/nndss-data-visualisation-tool,microsoft_bi,all,Australia NINDSS — Australian Capital Territory,https://www.cdc.gov.au/resources/apps-and-tools/nndss-data-visualisation-tool,microsoft_bi
disease,D096,cryptosporidiosis,Cryptosporidiosis,public_projection,AU-NSW,"New South Wales, Australia",D096,Cryptosporidiosis,隐孢子虫病,Parasitic,2004-03-01,2004-03,46,46,,,0.6916528774639195,abs_computed,,,,,,,,,,,,,,,,,,,,,,legacy_fallback,legacy_fallback,,legacy_identity_may_be_lossy,,0,No eligible registered case-count series facts are available for this disease and country; the public curve uses the legacy flat table.,all,Australia NINDSS — New South Wales,https://www.cdc.gov.au/resources/apps-and-tools/nndss-data-visualisation-tool,microsoft_bi,all,Australia NINDSS — New South Wales,https://www.cdc.gov.au/resources/apps-and-tools/nndss-data-visualisation-tool,microsoft_bi
disease,D096,cryptosporidiosis,Cryptosporidiosis,public_projection,AU-NT,"Northern Territory, Australia",D096,Cryptosporidiosis,隐孢子虫病,Parasitic,2004-03-01,2004-03,23,23,,,11.348889535830418,abs_computed,,,,,,,,,,,,,,,,,,,,,,legacy_fallback,legacy_fallback,,legacy_identity_may_be_lossy,,0,No eligible registered case-count series facts are available for this disease and country; the public curve uses the legacy flat table.,all,Australia NINDSS — Northern Territory,https://www.cdc.gov.au/resources/apps-and-tools/nndss-data-visualisation-tool,microsoft_bi,all,Australia NINDSS — Northern Territory,https://www.cdc.gov.au/resources/apps-and-tools/nndss-data-visualisation-tool,microsoft_bi
disease,D096,cryptosporidiosis,Cryptosporidiosis,public_projection,AU-QLD,"Queensland, Australia",D096,Cryptosporidiosis,隐孢子虫病,Parasitic,2004-03-01,2004-03,104,104,,,2.715425969394016,abs_computed,,,,,,,,,,,,,,,,,,,,,,legacy_fallback,legacy_fallback,,legacy_identity_may_be_lossy,,0,No eligible registered case-count series facts are available for this disease and country; the public curve uses the legacy flat table.,all,Australia NINDSS — Queensland,https://www.cdc.gov.au/resources/apps-and-tools/nndss-data-visualisation-tool,microsoft_bi,all,Australia NINDSS — Queensland,https://www.cdc.gov.au/resources/apps-and-tools/nndss-data-visualisation-tool,microsoft_bi
disease,D096,cryptosporidiosis,Cryptosporidiosis,public_projection,AU-SA,"South Australia, Australia",D096,Cryptosporidiosis,隐孢子虫病,Parasitic,2004-03-01,2004-03,5,5,,,0.32718466105959404,abs_computed,,,,,,,,,,,,,,,,,,,,,,legacy_fallback,legacy_fallback,,legacy_identity_may_be_lossy,,0,No eligible registered case-count series facts are available for this disease and country; the public curve uses the legacy flat table.,all,Australia NINDSS — South Australia,https://www.cdc.gov.au/resources/apps-and-tools/nndss-data-visualisation-tool,microsoft_bi,all,Australia NINDSS — South Australia,https://www.cdc.gov.au/resources/apps-and-tools/nndss-data-visualisation-tool,microsoft_bi
disease,D096,cryptosporidiosis,Cryptosporidiosis,public_projection,AU-TAS,"Tasmania, Australia",D096,Cryptosporidiosis,隐孢子虫病,Parasitic,2004-03-01,2004-03,,,,,,missing_population,,,,,,,,,,,,,,,,,,,,,,legacy_fallback,legacy_fallback,,legacy_identity_may_be_lossy,,0,No eligible registered case-count series facts are available for this disease and country; the public curve uses the legacy flat table.,all,Australia NINDSS — Tasmania,https://www.cdc.gov.au/resources/apps-and-tools/nndss-data-visualisation-tool,microsoft_bi,all,Australia NINDSS — Tasmania,https://www.cdc.gov.au/resources/apps-and-tools/nndss-data-visualisation-tool,microsoft_bi
disease,D096,cryptosporidiosis,Cryptosporidiosis,public_projection,AU-VIC,"Victoria, Australia",D096,Cryptosporidiosis,隐孢子虫病,Parasitic,2004-03-01,2004-03,13,13,,,0.26384426369082814,abs_computed,,,,,,,,,,,,,,,,,,,,,,legacy_fallback,legacy_fallback,,legacy_identity_may_be_lossy,,0,No eligible registered case-count series facts are available for this disease and country; the public curve uses the legacy flat table.,all,Australia NINDSS — Victoria,https://www.cdc.gov.au/resources/apps-and-tools/nndss-data-visualisation-tool,microsoft_bi,all,Australia NINDSS — Victoria,https://www.cdc.gov.au/resources/apps-and-tools/nndss-data-visualisation-tool,microsoft_bi
disease,D096,cryptosporidiosis,Cryptosporidiosis,public_projection,AU-WA,"Western Australia, Australia",D096,Cryptosporidiosis,隐孢子虫病,Parasitic,2004-03-01,2004-03,18,18,,,0.9093012424085974,abs_computed,,,,,,,,,,,,,,,,,,,,,,legacy_fallback,legacy_fallback,,legacy_identity_may_be_lossy,,0,No eligible registered case-count series facts are available for this disease and country; the public curve uses the legacy flat table.,all,Australia NINDSS — Western Australia,https://www.cdc.gov.au/resources/apps-and-tools/nndss-data-visualisation-tool,microsoft_bi,all,Australia NINDSS — Western Australia,https://www.cdc.gov.au/resources/apps-and-tools/nndss-data-visualisation-tool,microsoft_bi
disease,D096,cryptosporidiosis,Cryptosporidiosis,public_projection,FI,Finland,D096,Cryptosporidiosis,隐孢子虫病,Parasitic,2004-03-01,2004-03,1,1,,,0.01912723205234435,wpp_computed,,SER_FI_THL_TTR_1270,,,,,,monthly,,,,,,,,,,,,,,series_registry,representative_series,legacy_gap_fill_blocked_incompatible,non_additive_series_not_rolled_up,SER_FI_THL_TTR_1270,2,Multiple registered series are not declared safely additive. The compatibility curve uses one representative series; inspect source_series for every retained definition. Legacy rows with a different reporting grain or comparison basis were not joined to this curve.,thl_ttr,Finland THL Infectious Diseases Register,https://sampo.thl.fi/pivot/prod/en/ttr/cases/fact_ttr_cases,cube_csv,thl_ttr,Finland THL Infectious Diseases Register,https://sampo.thl.fi/pivot/prod/en/ttr/cases/fact_ttr_cases,cube_csv
disease,D096,cryptosporidiosis,Cryptosporidiosis,source_series_observation,FI,Finland,D096,Cryptosporidiosis,隐孢子虫病,Parasitic,2004-03-01,2004-03,1,1,,,,,,SER_FI_THL_TTR_1270,SER_FI_THL_TTR_1270,SRC_FI_THL_TTR,Cryptosporidiosis,case_notifications,national_notifiable_disease_registry,monthly,count,country:FI:national,all,exact,conditional,non_additive,active,missing_is_unknown,FI_THL_TTR_reporting_group,Finland THL national monthly notification series; THL reporting group code 1270.,,provisional; raw,True,series_registry,representative_series,legacy_gap_fill_blocked_incompatible,non_additive_series_not_rolled_up,SER_FI_THL_TTR_1270,2,Multiple registered series are not declared safely additive. The compatibility curve uses one representative series; inspect source_series for every retained definition. Legacy rows with a different reporting grain or comparison basis were not joined to this curve.,thl_ttr,Finland THL Infectious Diseases Register,https://sampo.thl.fi/pivot/prod/en/ttr/cases/fact_ttr_cases,cube_csv,thl_ttr,Finland THL Infectious Diseases Register,https://sampo.thl.fi/pivot/prod/en/ttr/cases/fact_ttr_cases,cube_csv
disease,D096,cryptosporidiosis,Cryptosporidiosis,public_projection,AU,Australia,D096,Cryptosporidiosis,隐孢子虫病,Parasitic,2004-04-01,2004-04,174,174,,0,0.8679742782307511,wpp_computed,,,,,,,,,,,,,,,,,,,,,,legacy_fallback,legacy_fallback,,legacy_identity_may_be_lossy,,0,No eligible registered case-count series facts are available for this disease and country; the public curve uses the legacy flat table.,all,Australia NINDSS,https://www.health.gov.au/topics/national-notifiable-diseases-surveillance-system-nndss,microsoft_bi,all,Australia NINDSS,https://www.health.gov.au/topics/national-notifiable-diseases-surveillance-system-nndss,microsoft_bi
disease,D096,cryptosporidiosis,Cryptosporidiosis,public_projection,AU-ACT,"Australian Capital Territory, Australia",D096,Cryptosporidiosis,隐孢子虫病,Parasitic,2004-04-01,2004-04,0,0,,,0.0,abs_computed,,,,,,,,,,,,,,,,,,,,,,legacy_fallback,legacy_fallback,,legacy_identity_may_be_lossy,,0,No eligible registered case-count series facts are available for this disease and country; the public curve uses the legacy flat table.,all,Australia NINDSS — Australian Capital Territory,https://www.cdc.gov.au/resources/apps-and-tools/nndss-data-visualisation-tool,microsoft_bi,all,Australia NINDSS — Australian Capital Territory,https://www.cdc.gov.au/resources/apps-and-tools/nndss-data-visualisation-tool,microsoft_bi
disease,D096,cryptosporidiosis,Cryptosporidiosis,public_projection,AU-NSW,"New South Wales, Australia",D096,Cryptosporidiosis,隐孢子虫病,Parasitic,2004-04-01,2004-04,35,35,,,0.52625762415733,abs_computed,,,,,,,,,,,,,,,,,,,,,,legacy_fallback,legacy_fallback,,legacy_identity_may_be_lossy,,0,No eligible registered case-count series facts are available for this disease and country; the public curve uses the legacy flat table.,all,Australia NINDSS — New South Wales,https://www.cdc.gov.au/resources/apps-and-tools/nndss-data-visualisation-tool,microsoft_bi,all,Australia NINDSS — New South Wales,https://www.cdc.gov.au/resources/apps-and-tools/nndss-data-visualisation-tool,microsoft_bi
disease,D096,cryptosporidiosis,Cryptosporidiosis,public_projection,AU-NT,"Northern Territory, Australia",D096,Cryptosporidiosis,隐孢子虫病,Parasitic,2004-04-01,2004-04,12,12,,,5.921159757824566,abs_computed,,,,,,,,,,,,,,,,,,,,,,legacy_fallback,legacy_fallback,,legacy_identity_may_be_lossy,,0,No eligible registered case-count series facts are available for this disease and country; the public curve uses the legacy flat table.,all,Australia NINDSS — Northern Territory,https://www.cdc.gov.au/resources/apps-and-tools/nndss-data-visualisation-tool,microsoft_bi,all,Australia NINDSS — Northern Territory,https://www.cdc.gov.au/resources/apps-and-tools/nndss-data-visualisation-tool,microsoft_bi
disease,D096,cryptosporidiosis,Cryptosporidiosis,public_projection,AU-QLD,"Queensland, Australia",D096,Cryptosporidiosis,隐孢子虫病,Parasitic,2004-04-01,2004-04,89,89,,,2.32377799303911,abs_computed,,,,,,,,,,,,,,,,,,,,,,legacy_fallback,legacy_fallback,,legacy_identity_may_be_lossy,,0,No eligible registered case-count series facts are available for this disease and country; the public curve uses the legacy flat table.,all,Australia NINDSS — Queensland,https://www.cdc.gov.au/resources/apps-and-tools/nndss-data-visualisation-tool,microsoft_bi,all,Australia NINDSS — Queensland,https://www.cdc.gov.au/resources/apps-and-tools/nndss-data-visualisation-tool,microsoft_bi
disease,D096,cryptosporidiosis,Cryptosporidiosis,public_projection,AU-SA,"South Australia, Australia",D096,Cryptosporidiosis,隐孢子虫病,Parasitic,2004-04-01,2004-04,8,8,,,0.5234954576953506,abs_computed,,,,,,,,,,,,,,,,,,,,,,legacy_fallback,legacy_fallback,,legacy_identity_may_be_lossy,,0,No eligible registered case-count series facts are available for this disease and country; the public curve uses the legacy flat table.,all,Australia NINDSS — South Australia,https://www.cdc.gov.au/resources/apps-and-tools/nndss-data-visualisation-tool,microsoft_bi,all,Australia NINDSS — South Australia,https://www.cdc.gov.au/resources/apps-and-tools/nndss-data-visualisation-tool,microsoft_bi
disease,D096,cryptosporidiosis,Cryptosporidiosis,public_projection,AU-TAS,"Tasmania, Australia",D096,Cryptosporidiosis,隐孢子虫病,Parasitic,2004-04-01,2004-04,0,0,,,0.0,abs_computed,,,,,,,,,,,,,,,,,,,,,,legacy_fallback,legacy_fallback,,legacy_identity_may_be_lossy,,0,No eligible registered case-count series facts are available for this disease and country; the public curve uses the legacy flat table.,all,Australia NINDSS — Tasmania,https://www.cdc.gov.au/resources/apps-and-tools/nndss-data-visualisation-tool,microsoft_bi,all,Australia NINDSS — Tasmania,https://www.cdc.gov.au/resources/apps-and-tools/nndss-data-visualisation-tool,microsoft_bi
disease,D096,cryptosporidiosis,Cryptosporidiosis,public_projection,AU-VIC,"Victoria, Australia",D096,Cryptosporidiosis,隐孢子虫病,Parasitic,2004-04-01,2004-04,25,25,,,0.507392814790054,abs_computed,,,,,,,,,,,,,,,,,,,,,,legacy_fallback,legacy_fallback,,legacy_identity_may_be_lossy,,0,No eligible registered case-count series facts are available for this disease and country; the public curve uses the legacy flat table.,all,Australia NINDSS — Victoria,https://www.cdc.gov.au/resources/apps-and-tools/nndss-data-visualisation-tool,microsoft_bi,all,Australia NINDSS — Victoria,https://www.cdc.gov.au/resources/apps-and-tools/nndss-data-visualisation-tool,microsoft_bi
disease,D096,cryptosporidiosis,Cryptosporidiosis,public_projection,AU-WA,"Western Australia, Australia",D096,Cryptosporidiosis,隐孢子虫病,Parasitic,2004-04-01,2004-04,5,5,,,0.25258367844683266,abs_computed,,,,,,,,,,,,,,,,,,,,,,legacy_fallback,legacy_fallback,,legacy_identity_may_be_lossy,,0,No eligible registered case-count series facts are available for this disease and country; the public curve uses the legacy flat table.,all,Australia NINDSS — Western Australia,https://www.cdc.gov.au/resources/apps-and-tools/nndss-data-visualisation-tool,microsoft_bi,all,Australia NINDSS — Western Australia,https://www.cdc.gov.au/resources/apps-and-tools/nndss-data-visualisation-tool,microsoft_bi
disease,D096,cryptosporidiosis,Cryptosporidiosis,public_projection,FI,Finland,D096,Cryptosporidiosis,隐孢子虫病,Parasitic,2004-04-01,2004-04,0,0,,,0.0,wpp_computed,,SER_FI_THL_TTR_1270,,,,,,monthly,,,,,,,,,,,,,,series_registry,representative_series,legacy_gap_fill_blocked_incompatible,non_additive_series_not_rolled_up,SER_FI_THL_TTR_1270,2,Multiple registered series are not declared safely additive. The compatibility curve uses one representative series; inspect source_series for every retained definition. Legacy rows with a different reporting grain or comparison basis were not joined to this curve.,thl_ttr,Finland THL Infectious Diseases Register,https://sampo.thl.fi/pivot/prod/en/ttr/cases/fact_ttr_cases,cube_csv,thl_ttr,Finland THL Infectious Diseases Register,https://sampo.thl.fi/pivot/prod/en/ttr/cases/fact_ttr_cases,cube_csv
disease,D096,cryptosporidiosis,Cryptosporidiosis,source_series_observation,FI,Finland,D096,Cryptosporidiosis,隐孢子虫病,Parasitic,2004-04-01,2004-04,0,0,,,,,,SER_FI_THL_TTR_1270,SER_FI_THL_TTR_1270,SRC_FI_THL_TTR,Cryptosporidiosis,case_notifications,national_notifiable_disease_registry,monthly,count,country:FI:national,all,exact,conditional,non_additive,active,missing_is_unknown,FI_THL_TTR_reporting_group,Finland THL national monthly notification series; THL reporting group code 1270.,,provisional; raw,True,series_registry,representative_series,legacy_gap_fill_blocked_incompatible,non_additive_series_not_rolled_up,SER_FI_THL_TTR_1270,2,Multiple registered series are not declared safely additive. The compatibility curve uses one representative series; inspect source_series for every retained definition. Legacy rows with a different reporting grain or comparison basis were not joined to this curve.,thl_ttr,Finland THL Infectious Diseases Register,https://sampo.thl.fi/pivot/prod/en/ttr/cases/fact_ttr_cases,cube_csv,thl_ttr,Finland THL Infectious Diseases Register,https://sampo.thl.fi/pivot/prod/en/ttr/cases/fact_ttr_cases,cube_csv
disease,D096,cryptosporidiosis,Cryptosporidiosis,public_projection,AU,Australia,D096,Cryptosporidiosis,隐孢子虫病,Parasitic,2004-05-01,2004-05,145,145,,0,0.7233118985256259,wpp_computed,,,,,,,,,,,,,,,,,,,,,,legacy_fallback,legacy_fallback,,legacy_identity_may_be_lossy,,0,No eligible registered case-count series facts are available for this disease and country; the public curve uses the legacy flat table.,all,Australia NINDSS,https://www.health.gov.au/topics/national-notifiable-diseases-surveillance-system-nndss,microsoft_bi,all,Australia NINDSS,https://www.health.gov.au/topics/national-notifiable-diseases-surveillance-system-nndss,microsoft_bi
disease,D096,cryptosporidiosis,Cryptosporidiosis,public_projection,AU-ACT,"Australian Capital Territory, Australia",D096,Cryptosporidiosis,隐孢子虫病,Parasitic,2004-05-01,2004-05,0,0,,,0.0,abs_computed,,,,,,,,,,,,,,,,,,,,,,legacy_fallback,legacy_fallback,,legacy_identity_may_be_lossy,,0,No eligible registered case-count series facts are available for this disease and country; the public curve uses the legacy flat table.,all,Australia NINDSS — Australian Capital Territory,https://www.cdc.gov.au/resources/apps-and-tools/nndss-data-visualisation-tool,microsoft_bi,all,Australia NINDSS — Australian Capital Territory,https://www.cdc.gov.au/resources/apps-and-tools/nndss-data-visualisation-tool,microsoft_bi
disease,D096,cryptosporidiosis,Cryptosporidiosis,public_projection,AU-NSW,"New South Wales, Australia",D096,Cryptosporidiosis,隐孢子虫病,Parasitic,2004-05-01,2004-05,21,21,,,0.315754574494398,abs_computed,,,,,,,,,,,,,,,,,,,,,,legacy_fallback,legacy_fallback,,legacy_identity_may_be_lossy,,0,No eligible registered case-count series facts are available for this disease and country; the public curve uses the legacy flat table.,all,Australia NINDSS — New South Wales,https://www.cdc.gov.au/resources/apps-and-tools/nndss-data-visualisation-tool,microsoft_bi,all,Australia NINDSS — New South Wales,https://www.cdc.gov.au/resources/apps-and-tools/nndss-data-visualisation-tool,microsoft_bi
disease,D096,cryptosporidiosis,Cryptosporidiosis,public_projection,AU-NT,"Northern Territory, Australia",D096,Cryptosporidiosis,隐孢子虫病,Parasitic,2004-05-01,2004-05,12,12,,,5.921159757824566,abs_computed,,,,,,,,,,,,,,,,,,,,,,legacy_fallback,legacy_fallback,,legacy_identity_may_be_lossy,,0,No eligible registered case-count series facts are available for this disease and country; the public curve uses the legacy flat table.,all,Australia NINDSS — Northern Territory,https://www.cdc.gov.au/resources/apps-and-tools/nndss-data-visualisation-tool,microsoft_bi,all,Australia NINDSS — Northern Territory,https://www.cdc.gov.au/resources/apps-and-tools/nndss-data-visualisation-tool,microsoft_bi
disease,D096,cryptosporidiosis,Cryptosporidiosis,public_projection,AU-QLD,"Queensland, Australia",D096,Cryptosporidiosis,隐孢子虫病,Parasitic,2004-05-01,2004-05,70,70,,,1.8276905563228956,abs_computed,,,,,,,,,,,,,,,,,,,,,,legacy_fallback,legacy_fallback,,legacy_identity_may_be_lossy,,0,No eligible registered case-count series facts are available for this disease and country; the public curve uses the legacy flat table.,all,Australia NINDSS — Queensland,https://www.cdc.gov.au/resources/apps-and-tools/nndss-data-visualisation-tool,microsoft_bi,all,Australia NINDSS — Queensland,https://www.cdc.gov.au/resources/apps-and-tools/nndss-data-visualisation-tool,microsoft_bi
disease,D096,cryptosporidiosis,Cryptosporidiosis,public_projection,AU-SA,"South Australia, Australia",D096,Cryptosporidiosis,隐孢子虫病,Parasitic,2004-05-01,2004-05,5,5,,,0.32718466105959404,abs_computed,,,,,,,,,,,,,,,,,,,,,,legacy_fallback,legacy_fallback,,legacy_identity_may_be_lossy,,0,No eligible registered case-count series facts are available for this disease and country; the public curve uses the legacy flat table.,all,Australia NINDSS — South Australia,https://www.cdc.gov.au/resources/apps-and-tools/nndss-data-visualisation-tool,microsoft_bi,all,Australia NINDSS — South Australia,https://www.cdc.gov.au/resources/apps-and-tools/nndss-data-visualisation-tool,microsoft_bi
disease,D096,cryptosporidiosis,Cryptosporidiosis,public_projection,AU-TAS,"Tasmania, Australia",D096,Cryptosporidiosis,隐孢子虫病,Parasitic,2004-05-01,2004-05,,,,,,missing_population,,,,,,,,,,,,,,,,,,,,,,legacy_fallback,legacy_fallback,,legacy_identity_may_be_lossy,,0,No eligible registered case-count series facts are available for this disease and country; the public curve uses the legacy flat table.,all,Australia NINDSS — Tasmania,https://www.cdc.gov.au/resources/apps-and-tools/nndss-data-visualisation-tool,microsoft_bi,all,Australia NINDSS — Tasmania,https://www.cdc.gov.au/resources/apps-and-tools/nndss-data-visualisation-tool,microsoft_bi
disease,D096,cryptosporidiosis,Cryptosporidiosis,public_projection,AU-VIC,"Victoria, Australia",D096,Cryptosporidiosis,隐孢子虫病,Parasitic,2004-05-01,2004-05,28,28,,,0.5682799525648605,abs_computed,,,,,,,,,,,,,,,,,,,,,,legacy_fallback,legacy_fallback,,legacy_identity_may_be_lossy,,0,No eligible registered case-count series facts are available for this disease and country; the public curve uses the legacy flat table.,all,Australia NINDSS — Victoria,https://www.cdc.gov.au/resources/apps-and-tools/nndss-data-visualisation-tool,microsoft_bi,all,Australia NINDSS — Victoria,https://www.cdc.gov.au/resources/apps-and-tools/nndss-data-visualisation-tool,microsoft_bi
disease,D096,cryptosporidiosis,Cryptosporidiosis,public_projection,AU-WA,"Western Australia, Australia",D096,Cryptosporidiosis,隐孢子虫病,Parasitic,2004-05-01,2004-05,7,7,,,0.35361714982556575,abs_computed,,,,,,,,,,,,,,,,,,,,,,legacy_fallback,legacy_fallback,,legacy_identity_may_be_lossy,,0,No eligible registered case-count series facts are available for this disease and country; the public curve uses the legacy flat table.,all,Australia NINDSS — Western Australia,https://www.cdc.gov.au/resources/apps-and-tools/nndss-data-visualisation-tool,microsoft_bi,all,Australia NINDSS — Western Australia,https://www.cdc.gov.au/resources/apps-and-tools/nndss-data-visualisation-tool,microsoft_bi
disease,D096,cryptosporidiosis,Cryptosporidiosis,public_projection,FI,Finland,D096,Cryptosporidiosis,隐孢子虫病,Parasitic,2004-05-01,2004-05,0,0,,,0.0,wpp_computed,,SER_FI_THL_TTR_1270,,,,,,monthly,,,,,,,,,,,,,,series_registry,representative_series,legacy_gap_fill_blocked_incompatible,non_additive_series_not_rolled_up,SER_FI_THL_TTR_1270,2,Multiple registered series are not declared safely additive. The compatibility curve uses one representative series; inspect source_series for every retained definition. Legacy rows with a different reporting grain or comparison basis were not joined to this curve.,thl_ttr,Finland THL Infectious Diseases Register,https://sampo.thl.fi/pivot/prod/en/ttr/cases/fact_ttr_cases,cube_csv,thl_ttr,Finland THL Infectious Diseases Register,https://sampo.thl.fi/pivot/prod/en/ttr/cases/fact_ttr_cases,cube_csv
disease,D096,cryptosporidiosis,Cryptosporidiosis,source_series_observation,FI,Finland,D096,Cryptosporidiosis,隐孢子虫病,Parasitic,2004-05-01,2004-05,0,0,,,,,,SER_FI_THL_TTR_1270,SER_FI_THL_TTR_1270,SRC_FI_THL_TTR,Cryptosporidiosis,case_notifications,national_notifiable_disease_registry,monthly,count,country:FI:national,all,exact,conditional,non_additive,active,missing_is_unknown,FI_THL_TTR_reporting_group,Finland THL national monthly notification series; THL reporting group code 1270.,,provisional; raw,True,series_registry,representative_series,legacy_gap_fill_blocked_incompatible,non_additive_series_not_rolled_up,SER_FI_THL_TTR_1270,2,Multiple registered series are not declared safely additive. The compatibility curve uses one representative series; inspect source_series for every retained definition. Legacy rows with a different reporting grain or comparison basis were not joined to this curve.,thl_ttr,Finland THL Infectious Diseases Register,https://sampo.thl.fi/pivot/prod/en/ttr/cases/fact_ttr_cases,cube_csv,thl_ttr,Finland THL Infectious Diseases Register,https://sampo.thl.fi/pivot/prod/en/ttr/cases/fact_ttr_cases,cube_csv
disease,D096,cryptosporidiosis,Cryptosporidiosis,public_projection,AU,Australia,D096,Cryptosporidiosis,隐孢子虫病,Parasitic,2004-06-01,2004-06,99,99,,0,0.4938474341657722,wpp_computed,,,,,,,,,,,,,,,,,,,,,,legacy_fallback,legacy_fallback,,legacy_identity_may_be_lossy,,0,No eligible registered case-count series facts are available for this disease and country; the public curve uses the legacy flat table.,all,Australia NINDSS,https://www.health.gov.au/topics/national-notifiable-diseases-surveillance-system-nndss,microsoft_bi,all,Australia NINDSS,https://www.health.gov.au/topics/national-notifiable-diseases-surveillance-system-nndss,microsoft_bi
disease,D096,cryptosporidiosis,Cryptosporidiosis,public_projection,AU-ACT,"Australian Capital Territory, Australia",D096,Cryptosporidiosis,隐孢子虫病,Parasitic,2004-06-01,2004-06,0,0,,,0.0,abs_computed,,,,,,,,,,,,,,,,,,,,,,legacy_fallback,legacy_fallback,,legacy_identity_may_be_lossy,,0,No eligible registered case-count series facts are available for this disease and country; the public curve uses the legacy flat table.,all,Australia NINDSS — Australian Capital Territory,https://www.cdc.gov.au/resources/apps-and-tools/nndss-data-visualisation-tool,microsoft_bi,all,Australia NINDSS — Australian Capital Territory,https://www.cdc.gov.au/resources/apps-and-tools/nndss-data-visualisation-tool,microsoft_bi
disease,D096,cryptosporidiosis,Cryptosporidiosis,public_projection,AU-NSW,"New South Wales, Australia",D096,Cryptosporidiosis,隐孢子虫病,Parasitic,2004-06-01,2004-06,,,,,,missing_population,,,,,,,,,,,,,,,,,,,,,,legacy_fallback,legacy_fallback,,legacy_identity_may_be_lossy,,0,No eligible registered case-count series facts are available for this disease and country; the public curve uses the legacy flat table.,all,Australia NINDSS — New South Wales,https://www.cdc.gov.au/resources/apps-and-tools/nndss-data-visualisation-tool,microsoft_bi,all,Australia NINDSS — New South Wales,https://www.cdc.gov.au/resources/apps-and-tools/nndss-data-visualisation-tool,microsoft_bi
disease,D096,cryptosporidiosis,Cryptosporidiosis,public_projection,AU-NT,"Northern Territory, Australia",D096,Cryptosporidiosis,隐孢子虫病,Parasitic,2004-06-01,2004-06,,,,,,missing_population,,,,,,,,,,,,,,,,,,,,,,legacy_fallback,legacy_fallback,,legacy_identity_may_be_lossy,,0,No eligible registered case-count series facts are available for this disease and country; the public curve uses the legacy flat table.,all,Australia NINDSS — Northern Territory,https://www.cdc.gov.au/resources/apps-and-tools/nndss-data-visualisation-tool,microsoft_bi,all,Australia NINDSS — Northern Territory,https://www.cdc.gov.au/resources/apps-and-tools/nndss-data-visualisation-tool,microsoft_bi
disease,D096,cryptosporidiosis,Cryptosporidiosis,public_projection,AU-QLD,"Queensland, Australia",D096,Cryptosporidiosis,隐孢子虫病,Parasitic,2004-06-01,2004-06,56,56,,,1.4621524450583163,abs_computed,,,,,,,,,,,,,,,,,,,,,,legacy_fallback,legacy_fallback,,legacy_identity_may_be_lossy,,0,No eligible registered case-count series facts are available for this disease and country; the public curve uses the legacy flat table.,all,Australia NINDSS — Queensland,https://www.cdc.gov.au/resources/apps-and-tools/nndss-data-visualisation-tool,microsoft_bi,all,Australia NINDSS — Queensland,https://www.cdc.gov.au/resources/apps-and-tools/nndss-data-visualisation-tool,microsoft_bi
disease,D096,cryptosporidiosis,Cryptosporidiosis,public_projection,AU-SA,"South Australia, Australia",D096,Cryptosporidiosis,隐孢子虫病,Parasitic,2004-06-01,2004-06,,,,,,missing_population,,,,,,,,,,,,,,,,,,,,,,legacy_fallback,legacy_fallback,,legacy_identity_may_be_lossy,,0,No eligible registered case-count series facts are available for this disease and country; the public curve uses the legacy flat table.,all,Australia NINDSS — South Australia,https://www.cdc.gov.au/resources/apps-and-tools/nndss-data-visualisation-tool,microsoft_bi,all,Australia NINDSS — South Australia,https://www.cdc.gov.au/resources/apps-and-tools/nndss-data-visualisation-tool,microsoft_bi
disease,D096,cryptosporidiosis,Cryptosporidiosis,public_projection,AU-TAS,"Tasmania, Australia",D096,Cryptosporidiosis,隐孢子虫病,Parasitic,2004-06-01,2004-06,0,0,,,0.0,abs_computed,,,,,,,,,,,,,,,,,,,,,,legacy_fallback,legacy_fallback,,legacy_identity_may_be_lossy,,0,No eligible registered case-count series facts are available for this disease and country; the public curve uses the legacy flat table.,all,Australia NINDSS — Tasmania,https://www.cdc.gov.au/resources/apps-and-tools/nndss-data-visualisation-tool,microsoft_bi,all,Australia NINDSS — Tasmania,https://www.cdc.gov.au/resources/apps-and-tools/nndss-data-visualisation-tool,microsoft_bi
disease,D096,cryptosporidiosis,Cryptosporidiosis,public_projection,AU-VIC,"Victoria, Australia",D096,Cryptosporidiosis,隐孢子虫病,Parasitic,2004-06-01,2004-06,21,21,,,0.4262099644236454,abs_computed,,,,,,,,,,,,,,,,,,,,,,legacy_fallback,legacy_fallback,,legacy_identity_may_be_lossy,,0,No eligible registered case-count series facts are available for this disease and country; the public curve uses the legacy flat table.,all,Australia NINDSS — Victoria,https://www.cdc.gov.au/resources/apps-and-tools/nndss-data-visualisation-tool,microsoft_bi,all,Australia NINDSS — Victoria,https://www.cdc.gov.au/resources/apps-and-tools/nndss-data-visualisation-tool,microsoft_bi
disease,D096,cryptosporidiosis,Cryptosporidiosis,public_projection,AU-WA,"Western Australia, Australia",D096,Cryptosporidiosis,隐孢子虫病,Parasitic,2004-06-01,2004-06,13,13,,,0.6567175639617648,abs_computed,,,,,,,,,,,,,,,,,,,,,,legacy_fallback,legacy_fallback,,legacy_identity_may_be_lossy,,0,No eligible registered case-count series facts are available for this disease and country; the public curve uses the legacy flat table.,all,Australia NINDSS — Western Australia,https://www.cdc.gov.au/resources/apps-and-tools/nndss-data-visualisation-tool,microsoft_bi,all,Australia NINDSS — Western Australia,https://www.cdc.gov.au/resources/apps-and-tools/nndss-data-visualisation-tool,microsoft_bi
disease,D096,cryptosporidiosis,Cryptosporidiosis,public_projection,FI,Finland,D096,Cryptosporidiosis,隐孢子虫病,Parasitic,2004-06-01,2004-06,6,6,,,0.1147633923140661,wpp_computed,,SER_FI_THL_TTR_1270,,,,,,monthly,,,,,,,,,,,,,,series_registry,representative_series,legacy_gap_fill_blocked_incompatible,non_additive_series_not_rolled_up,SER_FI_THL_TTR_1270,2,Multiple registered series are not declared safely additive. The compatibility curve uses one representative series; inspect source_series for every retained definition. Legacy rows with a different reporting grain or comparison basis were not joined to this curve.,thl_ttr,Finland THL Infectious Diseases Register,https://sampo.thl.fi/pivot/prod/en/ttr/cases/fact_ttr_cases,cube_csv,thl_ttr,Finland THL Infectious Diseases Register,https://sampo.thl.fi/pivot/prod/en/ttr/cases/fact_ttr_cases,cube_csv
disease,D096,cryptosporidiosis,Cryptosporidiosis,source_series_observation,FI,Finland,D096,Cryptosporidiosis,隐孢子虫病,Parasitic,2004-06-01,2004-06,6,6,,,,,,SER_FI_THL_TTR_1270,SER_FI_THL_TTR_1270,SRC_FI_THL_TTR,Cryptosporidiosis,case_notifications,national_notifiable_disease_registry,monthly,count,country:FI:national,all,exact,conditional,non_additive,active,missing_is_unknown,FI_THL_TTR_reporting_group,Finland THL national monthly notification series; THL reporting group code 1270.,,provisional; raw,True,series_registry,representative_series,legacy_gap_fill_blocked_incompatible,non_additive_series_not_rolled_up,SER_FI_THL_TTR_1270,2,Multiple registered series are not declared safely additive. The compatibility curve uses one representative series; inspect source_series for every retained definition. Legacy rows with a different reporting grain or comparison basis were not joined to this curve.,thl_ttr,Finland THL Infectious Diseases Register,https://sampo.thl.fi/pivot/prod/en/ttr/cases/fact_ttr_cases,cube_csv,thl_ttr,Finland THL Infectious Diseases Register,https://sampo.thl.fi/pivot/prod/en/ttr/cases/fact_ttr_cases,cube_csv
disease,D096,cryptosporidiosis,Cryptosporidiosis,public_projection,AU,Australia,D096,Cryptosporidiosis,隐孢子虫病,Parasitic,2004-07-01,2004-07,85,85,,0,0.4240104232736428,wpp_computed,,,,,,,,,,,,,,,,,,,,,,legacy_fallback,legacy_fallback,,legacy_identity_may_be_lossy,,0,No eligible registered case-count series facts are available for this disease and country; the public curve uses the legacy flat table.,all,Australia NINDSS,https://www.health.gov.au/topics/national-notifiable-diseases-surveillance-system-nndss,microsoft_bi,all,Australia NINDSS,https://www.health.gov.au/topics/national-notifiable-diseases-surveillance-system-nndss,microsoft_bi
disease,D096,cryptosporidiosis,Cryptosporidiosis,public_projection,AU-ACT,"Australian Capital Territory, Australia",D096,Cryptosporidiosis,隐孢子虫病,Parasitic,2004-07-01,2004-07,,,,,,missing_population,,,,,,,,,,,,,,,,,,,,,,legacy_fallback,legacy_fallback,,legacy_identity_may_be_lossy,,0,No eligible registered case-count series facts are available for this disease and country; the public curve uses the legacy flat table.,all,Australia NINDSS — Australian Capital Territory,https://www.cdc.gov.au/resources/apps-and-tools/nndss-data-visualisation-tool,microsoft_bi,all,Australia NINDSS — Australian Capital Territory,https://www.cdc.gov.au/resources/apps-and-tools/nndss-data-visualisation-tool,microsoft_bi
disease,D096,cryptosporidiosis,Cryptosporidiosis,public_projection,AU-NSW,"New South Wales, Australia",D096,Cryptosporidiosis,隐孢子虫病,Parasitic,2004-07-01,2004-07,6,6,,,0.09021559271268513,abs_computed,,,,,,,,,,,,,,,,,,,,,,legacy_fallback,legacy_fallback,,legacy_identity_may_be_lossy,,0,No eligible registered case-count series facts are available for this disease and country; the public curve uses the legacy flat table.,all,Australia NINDSS — New South Wales,https://www.cdc.gov.au/resources/apps-and-tools/nndss-data-visualisation-tool,microsoft_bi,all,Australia NINDSS — New South Wales,https://www.cdc.gov.au/resources/apps-and-tools/nndss-data-visualisation-tool,microsoft_bi
disease,D096,cryptosporidiosis,Cryptosporidiosis,public_projection,AU-NT,"Northern Territory, Australia",D096,Cryptosporidiosis,隐孢子虫病,Parasitic,2004-07-01,2004-07,7,7,,,3.4540098587309966,abs_computed,,,,,,,,,,,,,,,,,,,,,,legacy_fallback,legacy_fallback,,legacy_identity_may_be_lossy,,0,No eligible registered case-count series facts are available for this disease and country; the public curve uses the legacy flat table.,all,Australia NINDSS — Northern Territory,https://www.cdc.gov.au/resources/apps-and-tools/nndss-data-visualisation-tool,microsoft_bi,all,Australia NINDSS — Northern Territory,https://www.cdc.gov.au/resources/apps-and-tools/nndss-data-visualisation-tool,microsoft_bi
disease,D096,cryptosporidiosis,Cryptosporidiosis,public_projection,AU-QLD,"Queensland, Australia",D096,Cryptosporidiosis,隐孢子虫病,Parasitic,2004-07-01,2004-07,33,33,,,0.8616255479807936,abs_computed,,,,,,,,,,,,,,,,,,,,,,legacy_fallback,legacy_fallback,,legacy_identity_may_be_lossy,,0,No eligible registered case-count series facts are available for this disease and country; the public curve uses the legacy flat table.,all,Australia NINDSS — Queensland,https://www.cdc.gov.au/resources/apps-and-tools/nndss-data-visualisation-tool,microsoft_bi,all,Australia NINDSS — Queensland,https://www.cdc.gov.au/resources/apps-and-tools/nndss-data-visualisation-tool,microsoft_bi
disease,D096,cryptosporidiosis,Cryptosporidiosis,public_projection,AU-SA,"South Australia, Australia",D096,Cryptosporidiosis,隐孢子虫病,Parasitic,2004-07-01,2004-07,6,6,,,0.3926215932715129,abs_computed,,,,,,,,,,,,,,,,,,,,,,legacy_fallback,legacy_fallback,,legacy_identity_may_be_lossy,,0,No eligible registered case-count series facts are available for this disease and country; the public curve uses the legacy flat table.,all,Australia NINDSS — South Australia,https://www.cdc.gov.au/resources/apps-and-tools/nndss-data-visualisation-tool,microsoft_bi,all,Australia NINDSS — South Australia,https://www.cdc.gov.au/resources/apps-and-tools/nndss-data-visualisation-tool,microsoft_bi
disease,D096,cryptosporidiosis,Cryptosporidiosis,public_projection,AU-TAS,"Tasmania, Australia",D096,Cryptosporidiosis,隐孢子虫病,Parasitic,2004-07-01,2004-07,,,,,,missing_population,,,,,,,,,,,,,,,,,,,,,,legacy_fallback,legacy_fallback,,legacy_identity_may_be_lossy,,0,No eligible registered case-count series facts are available for this disease and country; the public curve uses the legacy flat table.,all,Australia NINDSS — Tasmania,https://www.cdc.gov.au/resources/apps-and-tools/nndss-data-visualisation-tool,microsoft_bi,all,Australia NINDSS — Tasmania,https://www.cdc.gov.au/resources/apps-and-tools/nndss-data-visualisation-tool,microsoft_bi
disease,D096,cryptosporidiosis,Cryptosporidiosis,public_projection,AU-VIC,"Victoria, Australia",D096,Cryptosporidiosis,隐孢子虫病,Parasitic,2004-07-01,2004-07,26,26,,,0.5276885273816563,abs_computed,,,,,,,,,,,,,,,,,,,,,,legacy_fallback,legacy_fallback,,legacy_identity_may_be_lossy,,0,No eligible registered case-count series facts are available for this disease and country; the public curve uses the legacy flat table.,all,Australia NINDSS — Victoria,https://www.cdc.gov.au/resources/apps-and-tools/nndss-data-visualisation-tool,microsoft_bi,all,Australia NINDSS — Victoria,https://www.cdc.gov.au/resources/apps-and-tools/nndss-data-visualisation-tool,microsoft_bi
disease,D096,cryptosporidiosis,Cryptosporidiosis,public_projection,AU-WA,"Western Australia, Australia",D096,Cryptosporidiosis,隐孢子虫病,Parasitic,2004-07-01,2004-07,5,5,,,0.25258367844683266,abs_computed,,,,,,,,,,,,,,,,,,,,,,legacy_fallback,legacy_fallback,,legacy_identity_may_be_lossy,,0,No eligible registered case-count series facts are available for this disease and country; the public curve uses the legacy flat table.,all,Australia NINDSS — Western Australia,https://www.cdc.gov.au/resources/apps-and-tools/nndss-data-visualisation-tool,microsoft_bi,all,Australia NINDSS — Western Australia,https://www.cdc.gov.au/resources/apps-and-tools/nndss-data-visualisation-tool,microsoft_bi
disease,D096,cryptosporidiosis,Cryptosporidiosis,public_projection,FI,Finland,D096,Cryptosporidiosis,隐孢子虫病,Parasitic,2004-07-01,2004-07,1,1,,,0.01912723205234435,wpp_computed,,SER_FI_THL_TTR_1270,,,,,,monthly,,,,,,,,,,,,,,series_registry,representative_series,legacy_gap_fill_blocked_incompatible,non_additive_series_not_rolled_up,SER_FI_THL_TTR_1270,2,Multiple registered series are not declared safely additive. The compatibility curve uses one representative series; inspect source_series for every retained definition. Legacy rows with a different reporting grain or comparison basis were not joined to this curve.,thl_ttr,Finland THL Infectious Diseases Register,https://sampo.thl.fi/pivot/prod/en/ttr/cases/fact_ttr_cases,cube_csv,thl_ttr,Finland THL Infectious Diseases Register,https://sampo.thl.fi/pivot/prod/en/ttr/cases/fact_ttr_cases,cube_csv
disease,D096,cryptosporidiosis,Cryptosporidiosis,source_series_observation,FI,Finland,D096,Cryptosporidiosis,隐孢子虫病,Parasitic,2004-07-01,2004-07,1,1,,,,,,SER_FI_THL_TTR_1270,SER_FI_THL_TTR_1270,SRC_FI_THL_TTR,Cryptosporidiosis,case_notifications,national_notifiable_disease_registry,monthly,count,country:FI:national,all,exact,conditional,non_additive,active,missing_is_unknown,FI_THL_TTR_reporting_group,Finland THL national monthly notification series; THL reporting group code 1270.,,provisional; raw,True,series_registry,representative_series,legacy_gap_fill_blocked_incompatible,non_additive_series_not_rolled_up,SER_FI_THL_TTR_1270,2,Multiple registered series are not declared safely additive. The compatibility curve uses one representative series; inspect source_series for every retained definition. Legacy rows with a different reporting grain or comparison basis were not joined to this curve.,thl_ttr,Finland THL Infectious Diseases Register,https://sampo.thl.fi/pivot/prod/en/ttr/cases/fact_ttr_cases,cube_csv,thl_ttr,Finland THL Infectious Diseases Register,https://sampo.thl.fi/pivot/prod/en/ttr/cases/fact_ttr_cases,cube_csv
disease,D096,cryptosporidiosis,Cryptosporidiosis,public_projection,AU,Australia,D096,Cryptosporidiosis,隐孢子虫病,Parasitic,2004-08-01,2004-08,75,75,,0,0.3741268440649789,wpp_computed,,,,,,,,,,,,,,,,,,,,,,legacy_fallback,legacy_fallback,,legacy_identity_may_be_lossy,,0,No eligible registered case-count series facts are available for this disease and country; the public curve uses the legacy flat table.,all,Australia NINDSS,https://www.health.gov.au/topics/national-notifiable-diseases-surveillance-system-nndss,microsoft_bi,all,Australia NINDSS,https://www.health.gov.au/topics/national-notifiable-diseases-surveillance-system-nndss,microsoft_bi
disease,D096,cryptosporidiosis,Cryptosporidiosis,public_projection,AU-ACT,"Australian Capital Territory, Australia",D096,Cryptosporidiosis,隐孢子虫病,Parasitic,2004-08-01,2004-08,0,0,,,0.0,abs_computed,,,,,,,,,,,,,,,,,,,,,,legacy_fallback,legacy_fallback,,legacy_identity_may_be_lossy,,0,No eligible registered case-count series facts are available for this disease and country; the public curve uses the legacy flat table.,all,Australia NINDSS — Australian Capital Territory,https://www.cdc.gov.au/resources/apps-and-tools/nndss-data-visualisation-tool,microsoft_bi,all,Australia NINDSS — Australian Capital Territory,https://www.cdc.gov.au/resources/apps-and-tools/nndss-data-visualisation-tool,microsoft_bi
disease,D096,cryptosporidiosis,Cryptosporidiosis,public_projection,AU-NSW,"New South Wales, Australia",D096,Cryptosporidiosis,隐孢子虫病,Parasitic,2004-08-01,2004-08,12,12,,,0.18043118542537026,abs_computed,,,,,,,,,,,,,,,,,,,,,,legacy_fallback,legacy_fallback,,legacy_identity_may_be_lossy,,0,No eligible registered case-count series facts are available for this disease and country; the public curve uses the legacy flat table.,all,Australia NINDSS — New South Wales,https://www.cdc.gov.au/resources/apps-and-tools/nndss-data-visualisation-tool,microsoft_bi,all,Australia NINDSS — New South Wales,https://www.cdc.gov.au/resources/apps-and-tools/nndss-data-visualisation-tool,microsoft_bi
disease,D096,cryptosporidiosis,Cryptosporidiosis,public_projection,AU-NT,"Northern Territory, Australia",D096,Cryptosporidiosis,隐孢子虫病,Parasitic,2004-08-01,2004-08,8,8,,,3.9474398385497107,abs_computed,,,,,,,,,,,,,,,,,,,,,,legacy_fallback,legacy_fallback,,legacy_identity_may_be_lossy,,0,No eligible registered case-count series facts are available for this disease and country; the public curve uses the legacy flat table.,all,Australia NINDSS — Northern Territory,https://www.cdc.gov.au/resources/apps-and-tools/nndss-data-visualisation-tool,microsoft_bi,all,Australia NINDSS — Northern Territory,https://www.cdc.gov.au/resources/apps-and-tools/nndss-data-visualisation-tool,microsoft_bi
disease,D096,cryptosporidiosis,Cryptosporidiosis,public_projection,AU-QLD,"Queensland, Australia",D096,Cryptosporidiosis,隐孢子虫病,Parasitic,2004-08-01,2004-08,16,16,,,0.41775784144523326,abs_computed,,,,,,,,,,,,,,,,,,,,,,legacy_fallback,legacy_fallback,,legacy_identity_may_be_lossy,,0,No eligible registered case-count series facts are available for this disease and country; the public curve uses the legacy flat table.,all,Australia NINDSS — Queensland,https://www.cdc.gov.au/resources/apps-and-tools/nndss-data-visualisation-tool,microsoft_bi,all,Australia NINDSS — Queensland,https://www.cdc.gov.au/resources/apps-and-tools/nndss-data-visualisation-tool,microsoft_bi
disease,D096,cryptosporidiosis,Cryptosporidiosis,public_projection,AU-SA,"South Australia, Australia",D096,Cryptosporidiosis,隐孢子虫病,Parasitic,2004-08-01,2004-08,8,8,,,0.5234954576953506,abs_computed,,,,,,,,,,,,,,,,,,,,,,legacy_fallback,legacy_fallback,,legacy_identity_may_be_lossy,,0,No eligible registered case-count series facts are available for this disease and country; the public curve uses the legacy flat table.,all,Australia NINDSS — South Australia,https://www.cdc.gov.au/resources/apps-and-tools/nndss-data-visualisation-tool,microsoft_bi,all,Australia NINDSS — South Australia,https://www.cdc.gov.au/resources/apps-and-tools/nndss-data-visualisation-tool,microsoft_bi
disease,D096,cryptosporidiosis,Cryptosporidiosis,public_projection,AU-TAS,"Tasmania, Australia",D096,Cryptosporidiosis,隐孢子虫病,Parasitic,2004-08-01,2004-08,,,,,,missing_population,,,,,,,,,,,,,,,,,,,,,,legacy_fallback,legacy_fallback,,legacy_identity_may_be_lossy,,0,No eligible registered case-count series facts are available for this disease and country; the public curve uses the legacy flat table.,all,Australia NINDSS — Tasmania,https://www.cdc.gov.au/resources/apps-and-tools/nndss-data-visualisation-tool,microsoft_bi,all,Australia NINDSS — Tasmania,https://www.cdc.gov.au/resources/apps-and-tools/nndss-data-visualisation-tool,microsoft_bi
disease,D096,cryptosporidiosis,Cryptosporidiosis,public_projection,AU-VIC,"Victoria, Australia",D096,Cryptosporidiosis,隐孢子虫病,Parasitic,2004-08-01,2004-08,20,20,,,0.40591425183204327,abs_computed,,,,,,,,,,,,,,,,,,,,,,legacy_fallback,legacy_fallback,,legacy_identity_may_be_lossy,,0,No eligible registered case-count series facts are available for this disease and country; the public curve uses the legacy flat table.,all,Australia NINDSS — Victoria,https://www.cdc.gov.au/resources/apps-and-tools/nndss-data-visualisation-tool,microsoft_bi,all,Australia NINDSS — Victoria,https://www.cdc.gov.au/resources/apps-and-tools/nndss-data-visualisation-tool,microsoft_bi
disease,D096,cryptosporidiosis,Cryptosporidiosis,public_projection,AU-WA,"Western Australia, Australia",D096,Cryptosporidiosis,隐孢子虫病,Parasitic,2004-08-01,2004-08,7,7,,,0.35361714982556575,abs_computed,,,,,,,,,,,,,,,,,,,,,,legacy_fallback,legacy_fallback,,legacy_identity_may_be_lossy,,0,No eligible registered case-count series facts are available for this disease and country; the public curve uses the legacy flat table.,all,Australia NINDSS — Western Australia,https://www.cdc.gov.au/resources/apps-and-tools/nndss-data-visualisation-tool,microsoft_bi,all,Australia NINDSS — Western Australia,https://www.cdc.gov.au/resources/apps-and-tools/nndss-data-visualisation-tool,microsoft_bi
disease,D096,cryptosporidiosis,Cryptosporidiosis,public_projection,FI,Finland,D096,Cryptosporidiosis,隐孢子虫病,Parasitic,2004-08-01,2004-08,1,1,,,0.01912723205234435,wpp_computed,,SER_FI_THL_TTR_1270,,,,,,monthly,,,,,,,,,,,,,,series_registry,representative_series,legacy_gap_fill_blocked_incompatible,non_additive_series_not_rolled_up,SER_FI_THL_TTR_1270,2,Multiple registered series are not declared safely additive. The compatibility curve uses one representative series; inspect source_series for every retained definition. Legacy rows with a different reporting grain or comparison basis were not joined to this curve.,thl_ttr,Finland THL Infectious Diseases Register,https://sampo.thl.fi/pivot/prod/en/ttr/cases/fact_ttr_cases,cube_csv,thl_ttr,Finland THL Infectious Diseases Register,https://sampo.thl.fi/pivot/prod/en/ttr/cases/fact_ttr_cases,cube_csv
disease,D096,cryptosporidiosis,Cryptosporidiosis,source_series_observation,FI,Finland,D096,Cryptosporidiosis,隐孢子虫病,Parasitic,2004-08-01,2004-08,1,1,,,,,,SER_FI_THL_TTR_1270,SER_FI_THL_TTR_1270,SRC_FI_THL_TTR,Cryptosporidiosis,case_notifications,national_notifiable_disease_registry,monthly,count,country:FI:national,all,exact,conditional,non_additive,active,missing_is_unknown,FI_THL_TTR_reporting_group,Finland THL national monthly notification series; THL reporting group code 1270.,,provisional; raw,True,series_registry,representative_series,legacy_gap_fill_blocked_incompatible,non_additive_series_not_rolled_up,SER_FI_THL_TTR_1270,2,Multiple registered series are not declared safely additive. The compatibility curve uses one representative series; inspect source_series for every retained definition. Legacy rows with a different reporting grain or comparison basis were not joined to this curve.,thl_ttr,Finland THL Infectious Diseases Register,https://sampo.thl.fi/pivot/prod/en/ttr/cases/fact_ttr_cases,cube_csv,thl_ttr,Finland THL Infectious Diseases Register,https://sampo.thl.fi/pivot/prod/en/ttr/cases/fact_ttr_cases,cube_csv
disease,D096,cryptosporidiosis,Cryptosporidiosis,public_projection,AU,Australia,D096,Cryptosporidiosis,隐孢子虫病,Parasitic,2004-09-01,2004-09,76,76,,0,0.37911520198584536,wpp_computed,,,,,,,,,,,,,,,,,,,,,,legacy_fallback,legacy_fallback,,legacy_identity_may_be_lossy,,0,No eligible registered case-count series facts are available for this disease and country; the public curve uses the legacy flat table.,all,Australia NINDSS,https://www.health.gov.au/topics/national-notifiable-diseases-surveillance-system-nndss,microsoft_bi,all,Australia NINDSS,https://www.health.gov.au/topics/national-notifiable-diseases-surveillance-system-nndss,microsoft_bi
disease,D096,cryptosporidiosis,Cryptosporidiosis,public_projection,AU-ACT,"Australian Capital Territory, Australia",D096,Cryptosporidiosis,隐孢子虫病,Parasitic,2004-09-01,2004-09,0,0,,,0.0,abs_computed,,,,,,,,,,,,,,,,,,,,,,legacy_fallback,legacy_fallback,,legacy_identity_may_be_lossy,,0,No eligible registered case-count series facts are available for this disease and country; the public curve uses the legacy flat table.,all,Australia NINDSS — Australian Capital Territory,https://www.cdc.gov.au/resources/apps-and-tools/nndss-data-visualisation-tool,microsoft_bi,all,Australia NINDSS — Australian Capital Territory,https://www.cdc.gov.au/resources/apps-and-tools/nndss-data-visualisation-tool,microsoft_bi
disease,D096,cryptosporidiosis,Cryptosporidiosis,public_projection,AU-NSW,"New South Wales, Australia",D096,Cryptosporidiosis,隐孢子虫病,Parasitic,2004-09-01,2004-09,7,7,,,0.10525152483146599,abs_computed,,,,,,,,,,,,,,,,,,,,,,legacy_fallback,legacy_fallback,,legacy_identity_may_be_lossy,,0,No eligible registered case-count series facts are available for this disease and country; the public curve uses the legacy flat table.,all,Australia NINDSS — New South Wales,https://www.cdc.gov.au/resources/apps-and-tools/nndss-data-visualisation-tool,microsoft_bi,all,Australia NINDSS — New South Wales,https://www.cdc.gov.au/resources/apps-and-tools/nndss-data-visualisation-tool,microsoft_bi
disease,D096,cryptosporidiosis,Cryptosporidiosis,public_projection,AU-NT,"Northern Territory, Australia",D096,Cryptosporidiosis,隐孢子虫病,Parasitic,2004-09-01,2004-09,6,6,,,2.960579878912283,abs_computed,,,,,,,,,,,,,,,,,,,,,,legacy_fallback,legacy_fallback,,legacy_identity_may_be_lossy,,0,No eligible registered case-count series facts are available for this disease and country; the public curve uses the legacy flat table.,all,Australia NINDSS — Northern Territory,https://www.cdc.gov.au/resources/apps-and-tools/nndss-data-visualisation-tool,microsoft_bi,all,Australia NINDSS — Northern Territory,https://www.cdc.gov.au/resources/apps-and-tools/nndss-data-visualisation-tool,microsoft_bi
disease,D096,cryptosporidiosis,Cryptosporidiosis,public_projection,AU-QLD,"Queensland, Australia",D096,Cryptosporidiosis,隐孢子虫病,Parasitic,2004-09-01,2004-09,20,20,,,0.5221973018065416,abs_computed,,,,,,,,,,,,,,,,,,,,,,legacy_fallback,legacy_fallback,,legacy_identity_may_be_lossy,,0,No eligible registered case-count series facts are available for this disease and country; the public curve uses the legacy flat table.,all,Australia NINDSS — Queensland,https://www.cdc.gov.au/resources/apps-and-tools/nndss-data-visualisation-tool,microsoft_bi,all,Australia NINDSS — Queensland,https://www.cdc.gov.au/resources/apps-and-tools/nndss-data-visualisation-tool,microsoft_bi
disease,D096,cryptosporidiosis,Cryptosporidiosis,public_projection,AU-SA,"South Australia, Australia",D096,Cryptosporidiosis,隐孢子虫病,Parasitic,2004-09-01,2004-09,9,9,,,0.5889323899072694,abs_computed,,,,,,,,,,,,,,,,,,,,,,legacy_fallback,legacy_fallback,,legacy_identity_may_be_lossy,,0,No eligible registered case-count series facts are available for this disease and country; the public curve uses the legacy flat table.,all,Australia NINDSS — South Australia,https://www.cdc.gov.au/resources/apps-and-tools/nndss-data-visualisation-tool,microsoft_bi,all,Australia NINDSS — South Australia,https://www.cdc.gov.au/resources/apps-and-tools/nndss-data-visualisation-tool,microsoft_bi
disease,D096,cryptosporidiosis,Cryptosporidiosis,public_projection,AU-TAS,"Tasmania, Australia",D096,Cryptosporidiosis,隐孢子虫病,Parasitic,2004-09-01,2004-09,7,7,,,1.4487414575994768,abs_computed,,,,,,,,,,,,,,,,,,,,,,legacy_fallback,legacy_fallback,,legacy_identity_may_be_lossy,,0,No eligible registered case-count series facts are available for this disease and country; the public curve uses the legacy flat table.,all,Australia NINDSS — Tasmania,https://www.cdc.gov.au/resources/apps-and-tools/nndss-data-visualisation-tool,microsoft_bi,all,Australia NINDSS — Tasmania,https://www.cdc.gov.au/resources/apps-and-tools/nndss-data-visualisation-tool,microsoft_bi
disease,D096,cryptosporidiosis,Cryptosporidiosis,public_projection,AU-VIC,"Victoria, Australia",D096,Cryptosporidiosis,隐孢子虫病,Parasitic,2004-09-01,2004-09,24,24,,,0.48709710219845187,abs_computed,,,,,,,,,,,,,,,,,,,,,,legacy_fallback,legacy_fallback,,legacy_identity_may_be_lossy,,0,No eligible registered case-count series facts are available for this disease and country; the public curve uses the legacy flat table.,all,Australia NINDSS — Victoria,https://www.cdc.gov.au/resources/apps-and-tools/nndss-data-visualisation-tool,microsoft_bi,all,Australia NINDSS — Victoria,https://www.cdc.gov.au/resources/apps-and-tools/nndss-data-visualisation-tool,microsoft_bi
disease,D096,cryptosporidiosis,Cryptosporidiosis,public_projection,AU-WA,"Western Australia, Australia",D096,Cryptosporidiosis,隐孢子虫病,Parasitic,2004-09-01,2004-09,,,,,,missing_population,,,,,,,,,,,,,,,,,,,,,,legacy_fallback,legacy_fallback,,legacy_identity_may_be_lossy,,0,No eligible registered case-count series facts are available for this disease and country; the public curve uses the legacy flat table.,all,Australia NINDSS — Western Australia,https://www.cdc.gov.au/resources/apps-and-tools/nndss-data-visualisation-tool,microsoft_bi,all,Australia NINDSS — Western Australia,https://www.cdc.gov.au/resources/apps-and-tools/nndss-data-visualisation-tool,microsoft_bi
disease,D096,cryptosporidiosis,Cryptosporidiosis,public_projection,FI,Finland,D096,Cryptosporidiosis,隐孢子虫病,Parasitic,2004-09-01,2004-09,1,1,,,0.01912723205234435,wpp_computed,,SER_FI_THL_TTR_1270,,,,,,monthly,,,,,,,,,,,,,,series_registry,representative_series,legacy_gap_fill_blocked_incompatible,non_additive_series_not_rolled_up,SER_FI_THL_TTR_1270,2,Multiple registered series are not declared safely additive. The compatibility curve uses one representative series; inspect source_series for every retained definition. Legacy rows with a different reporting grain or comparison basis were not joined to this curve.,thl_ttr,Finland THL Infectious Diseases Register,https://sampo.thl.fi/pivot/prod/en/ttr/cases/fact_ttr_cases,cube_csv,thl_ttr,Finland THL Infectious Diseases Register,https://sampo.thl.fi/pivot/prod/en/ttr/cases/fact_ttr_cases,cube_csv
disease,D096,cryptosporidiosis,Cryptosporidiosis,source_series_observation,FI,Finland,D096,Cryptosporidiosis,隐孢子虫病,Parasitic,2004-09-01,2004-09,1,1,,,,,,SER_FI_THL_TTR_1270,SER_FI_THL_TTR_1270,SRC_FI_THL_TTR,Cryptosporidiosis,case_notifications,national_notifiable_disease_registry,monthly,count,country:FI:national,all,exact,conditional,non_additive,active,missing_is_unknown,FI_THL_TTR_reporting_group,Finland THL national monthly notification series; THL reporting group code 1270.,,provisional; raw,True,series_registry,representative_series,legacy_gap_fill_blocked_incompatible,non_additive_series_not_rolled_up,SER_FI_THL_TTR_1270,2,Multiple registered series are not declared safely additive. The compatibility curve uses one representative series; inspect source_series for every retained definition. Legacy rows with a different reporting grain or comparison basis were not joined to this curve.,thl_ttr,Finland THL Infectious Diseases Register,https://sampo.thl.fi/pivot/prod/en/ttr/cases/fact_ttr_cases,cube_csv,thl_ttr,Finland THL Infectious Diseases Register,https://sampo.thl.fi/pivot/prod/en/ttr/cases/fact_ttr_cases,cube_csv
disease,D096,cryptosporidiosis,Cryptosporidiosis,public_projection,AU,Australia,D096,Cryptosporidiosis,隐孢子虫病,Parasitic,2004-10-01,2004-10,73,73,,0,0.36415012822324616,wpp_computed,,,,,,,,,,,,,,,,,,,,,,legacy_fallback,legacy_fallback,,legacy_identity_may_be_lossy,,0,No eligible registered case-count series facts are available for this disease and country; the public curve uses the legacy flat table.,all,Australia NINDSS,https://www.health.gov.au/topics/national-notifiable-diseases-surveillance-system-nndss,microsoft_bi,all,Australia NINDSS,https://www.health.gov.au/topics/national-notifiable-diseases-surveillance-system-nndss,microsoft_bi
disease,D096,cryptosporidiosis,Cryptosporidiosis,public_projection,AU-ACT,"Australian Capital Territory, Australia",D096,Cryptosporidiosis,隐孢子虫病,Parasitic,2004-10-01,2004-10,0,0,,,0.0,abs_computed,,,,,,,,,,,,,,,,,,,,,,legacy_fallback,legacy_fallback,,legacy_identity_may_be_lossy,,0,No eligible registered case-count series facts are available for this disease and country; the public curve uses the legacy flat table.,all,Australia NINDSS — Australian Capital Territory,https://www.cdc.gov.au/resources/apps-and-tools/nndss-data-visualisation-tool,microsoft_bi,all,Australia NINDSS — Australian Capital Territory,https://www.cdc.gov.au/resources/apps-and-tools/nndss-data-visualisation-tool,microsoft_bi
disease,D096,cryptosporidiosis,Cryptosporidiosis,public_projection,AU-NSW,"New South Wales, Australia",D096,Cryptosporidiosis,隐孢子虫病,Parasitic,2004-10-01,2004-10,10,10,,,0.15035932118780856,abs_computed,,,,,,,,,,,,,,,,,,,,,,legacy_fallback,legacy_fallback,,legacy_identity_may_be_lossy,,0,No eligible registered case-count series facts are available for this disease and country; the public curve uses the legacy flat table.,all,Australia NINDSS — New South Wales,https://www.cdc.gov.au/resources/apps-and-tools/nndss-data-visualisation-tool,microsoft_bi,all,Australia NINDSS — New South Wales,https://www.cdc.gov.au/resources/apps-and-tools/nndss-data-visualisation-tool,microsoft_bi
disease,D096,cryptosporidiosis,Cryptosporidiosis,public_projection,AU-NT,"Northern Territory, Australia",D096,Cryptosporidiosis,隐孢子虫病,Parasitic,2004-10-01,2004-10,7,7,,,3.4540098587309966,abs_computed,,,,,,,,,,,,,,,,,,,,,,legacy_fallback,legacy_fallback,,legacy_identity_may_be_lossy,,0,No eligible registered case-count series facts are available for this disease and country; the public curve uses the legacy flat table.,all,Australia NINDSS — Northern Territory,https://www.cdc.gov.au/resources/apps-and-tools/nndss-data-visualisation-tool,microsoft_bi,all,Australia NINDSS — Northern Territory,https://www.cdc.gov.au/resources/apps-and-tools/nndss-data-visualisation-tool,microsoft_bi
disease,D096,cryptosporidiosis,Cryptosporidiosis,public_projection,AU-QLD,"Queensland, Australia",D096,Cryptosporidiosis,隐孢子虫病,Parasitic,2004-10-01,2004-10,16,16,,,0.41775784144523326,abs_computed,,,,,,,,,,,,,,,,,,,,,,legacy_fallback,legacy_fallback,,legacy_identity_may_be_lossy,,0,No eligible registered case-count series facts are available for this disease and country; the public curve uses the legacy flat table.,all,Australia NINDSS — Queensland,https://www.cdc.gov.au/resources/apps-and-tools/nndss-data-visualisation-tool,microsoft_bi,all,Australia NINDSS — Queensland,https://www.cdc.gov.au/resources/apps-and-tools/nndss-data-visualisation-tool,microsoft_bi
disease,D096,cryptosporidiosis,Cryptosporidiosis,public_projection,AU-SA,"South Australia, Australia",D096,Cryptosporidiosis,隐孢子虫病,Parasitic,2004-10-01,2004-10,7,7,,,0.45805852548343173,abs_computed,,,,,,,,,,,,,,,,,,,,,,legacy_fallback,legacy_fallback,,legacy_identity_may_be_lossy,,0,No eligible registered case-count series facts are available for this disease and country; the public curve uses the legacy flat table.,all,Australia NINDSS — South Australia,https://www.cdc.gov.au/resources/apps-and-tools/nndss-data-visualisation-tool,microsoft_bi,all,Australia NINDSS — South Australia,https://www.cdc.gov.au/resources/apps-and-tools/nndss-data-visualisation-tool,microsoft_bi
disease,D096,cryptosporidiosis,Cryptosporidiosis,public_projection,AU-TAS,"Tasmania, Australia",D096,Cryptosporidiosis,隐孢子虫病,Parasitic,2004-10-01,2004-10,,,,,,missing_population,,,,,,,,,,,,,,,,,,,,,,legacy_fallback,legacy_fallback,,legacy_identity_may_be_lossy,,0,No eligible registered case-count series facts are available for this disease and country; the public curve uses the legacy flat table.,all,Australia NINDSS — Tasmania,https://www.cdc.gov.au/resources/apps-and-tools/nndss-data-visualisation-tool,microsoft_bi,all,Australia NINDSS — Tasmania,https://www.cdc.gov.au/resources/apps-and-tools/nndss-data-visualisation-tool,microsoft_bi
disease,D096,cryptosporidiosis,Cryptosporidiosis,public_projection,AU-VIC,"Victoria, Australia",D096,Cryptosporidiosis,隐孢子虫病,Parasitic,2004-10-01,2004-10,28,28,,,0.5682799525648605,abs_computed,,,,,,,,,,,,,,,,,,,,,,legacy_fallback,legacy_fallback,,legacy_identity_may_be_lossy,,0,No eligible registered case-count series facts are available for this disease and country; the public curve uses the legacy flat table.,all,Australia NINDSS — Victoria,https://www.cdc.gov.au/resources/apps-and-tools/nndss-data-visualisation-tool,microsoft_bi,all,Australia NINDSS — Victoria,https://www.cdc.gov.au/resources/apps-and-tools/nndss-data-visualisation-tool,microsoft_bi
disease,D096,cryptosporidiosis,Cryptosporidiosis,public_projection,AU-WA,"Western Australia, Australia",D096,Cryptosporidiosis,隐孢子虫病,Parasitic,2004-10-01,2004-10,,,,,,missing_population,,,,,,,,,,,,,,,,,,,,,,legacy_fallback,legacy_fallback,,legacy_identity_may_be_lossy,,0,No eligible registered case-count series facts are available for this disease and country; the public curve uses the legacy flat table.,all,Australia NINDSS — Western Australia,https://www.cdc.gov.au/resources/apps-and-tools/nndss-data-visualisation-tool,microsoft_bi,all,Australia NINDSS — Western Australia,https://www.cdc.gov.au/resources/apps-and-tools/nndss-data-visualisation-tool,microsoft_bi
disease,D096,cryptosporidiosis,Cryptosporidiosis,public_projection,FI,Finland,D096,Cryptosporidiosis,隐孢子虫病,Parasitic,2004-10-01,2004-10,1,1,,,0.01912723205234435,wpp_computed,,SER_FI_THL_TTR_1270,,,,,,monthly,,,,,,,,,,,,,,series_registry,representative_series,legacy_gap_fill_blocked_incompatible,non_additive_series_not_rolled_up,SER_FI_THL_TTR_1270,2,Multiple registered series are not declared safely additive. The compatibility curve uses one representative series; inspect source_series for every retained definition. Legacy rows with a different reporting grain or comparison basis were not joined to this curve.,thl_ttr,Finland THL Infectious Diseases Register,https://sampo.thl.fi/pivot/prod/en/ttr/cases/fact_ttr_cases,cube_csv,thl_ttr,Finland THL Infectious Diseases Register,https://sampo.thl.fi/pivot/prod/en/ttr/cases/fact_ttr_cases,cube_csv
disease,D096,cryptosporidiosis,Cryptosporidiosis,source_series_observation,FI,Finland,D096,Cryptosporidiosis,隐孢子虫病,Parasitic,2004-10-01,2004-10,1,1,,,,,,SER_FI_THL_TTR_1270,SER_FI_THL_TTR_1270,SRC_FI_THL_TTR,Cryptosporidiosis,case_notifications,national_notifiable_disease_registry,monthly,count,country:FI:national,all,exact,conditional,non_additive,active,missing_is_unknown,FI_THL_TTR_reporting_group,Finland THL national monthly notification series; THL reporting group code 1270.,,provisional; raw,True,series_registry,representative_series,legacy_gap_fill_blocked_incompatible,non_additive_series_not_rolled_up,SER_FI_THL_TTR_1270,2,Multiple registered series are not declared safely additive. The compatibility curve uses one representative series; inspect source_series for every retained definition. Legacy rows with a different reporting grain or comparison basis were not joined to this curve.,thl_ttr,Finland THL Infectious Diseases Register,https://sampo.thl.fi/pivot/prod/en/ttr/cases/fact_ttr_cases,cube_csv,thl_ttr,Finland THL Infectious Diseases Register,https://sampo.thl.fi/pivot/prod/en/ttr/cases/fact_ttr_cases,cube_csv
disease,D096,cryptosporidiosis,Cryptosporidiosis,public_projection,AU,Australia,D096,Cryptosporidiosis,隐孢子虫病,Parasitic,2004-11-01,2004-11,134,134,,0,0.6684399613960957,wpp_computed,,,,,,,,,,,,,,,,,,,,,,legacy_fallback,legacy_fallback,,legacy_identity_may_be_lossy,,0,No eligible registered case-count series facts are available for this disease and country; the public curve uses the legacy flat table.,all,Australia NINDSS,https://www.health.gov.au/topics/national-notifiable-diseases-surveillance-system-nndss,microsoft_bi,all,Australia NINDSS,https://www.health.gov.au/topics/national-notifiable-diseases-surveillance-system-nndss,microsoft_bi
disease,D096,cryptosporidiosis,Cryptosporidiosis,public_projection,AU-ACT,"Australian Capital Territory, Australia",D096,Cryptosporidiosis,隐孢子虫病,Parasitic,2004-11-01,2004-11,0,0,,,0.0,abs_computed,,,,,,,,,,,,,,,,,,,,,,legacy_fallback,legacy_fallback,,legacy_identity_may_be_lossy,,0,No eligible registered case-count series facts are available for this disease and country; the public curve uses the legacy flat table.,all,Australia NINDSS — Australian Capital Territory,https://www.cdc.gov.au/resources/apps-and-tools/nndss-data-visualisation-tool,microsoft_bi,all,Australia NINDSS — Australian Capital Territory,https://www.cdc.gov.au/resources/apps-and-tools/nndss-data-visualisation-tool,microsoft_bi
disease,D096,cryptosporidiosis,Cryptosporidiosis,public_projection,AU-NSW,"New South Wales, Australia",D096,Cryptosporidiosis,隐孢子虫病,Parasitic,2004-11-01,2004-11,38,38,,,0.5713654205136726,abs_computed,,,,,,,,,,,,,,,,,,,,,,legacy_fallback,legacy_fallback,,legacy_identity_may_be_lossy,,0,No eligible registered case-count series facts are available for this disease and country; the public curve uses the legacy flat table.,all,Australia NINDSS — New South Wales,https://www.cdc.gov.au/resources/apps-and-tools/nndss-data-visualisation-tool,microsoft_bi,all,Australia NINDSS — New South Wales,https://www.cdc.gov.au/resources/apps-and-tools/nndss-data-visualisation-tool,microsoft_bi
disease,D096,cryptosporidiosis,Cryptosporidiosis,public_projection,AU-NT,"Northern Territory, Australia",D096,Cryptosporidiosis,隐孢子虫病,Parasitic,2004-11-01,2004-11,8,8,,,3.9474398385497107,abs_computed,,,,,,,,,,,,,,,,,,,,,,legacy_fallback,legacy_fallback,,legacy_identity_may_be_lossy,,0,No eligible registered case-count series facts are available for this disease and country; the public curve uses the legacy flat table.,all,Australia NINDSS — Northern Territory,https://www.cdc.gov.au/resources/apps-and-tools/nndss-data-visualisation-tool,microsoft_bi,all,Australia NINDSS — Northern Territory,https://www.cdc.gov.au/resources/apps-and-tools/nndss-data-visualisation-tool,microsoft_bi
disease,D096,cryptosporidiosis,Cryptosporidiosis,public_projection,AU-QLD,"Queensland, Australia",D096,Cryptosporidiosis,隐孢子虫病,Parasitic,2004-11-01,2004-11,52,52,,,1.357712984697008,abs_computed,,,,,,,,,,,,,,,,,,,,,,legacy_fallback,legacy_fallback,,legacy_identity_may_be_lossy,,0,No eligible registered case-count series facts are available for this disease and country; the public curve uses the legacy flat table.,all,Australia NINDSS — Queensland,https://www.cdc.gov.au/resources/apps-and-tools/nndss-data-visualisation-tool,microsoft_bi,all,Australia NINDSS — Queensland,https://www.cdc.gov.au/resources/apps-and-tools/nndss-data-visualisation-tool,microsoft_bi
disease,D096,cryptosporidiosis,Cryptosporidiosis,public_projection,AU-SA,"South Australia, Australia",D096,Cryptosporidiosis,隐孢子虫病,Parasitic,2004-11-01,2004-11,6,6,,,0.3926215932715129,abs_computed,,,,,,,,,,,,,,,,,,,,,,legacy_fallback,legacy_fallback,,legacy_identity_may_be_lossy,,0,No eligible registered case-count series facts are available for this disease and country; the public curve uses the legacy flat table.,all,Australia NINDSS — South Australia,https://www.cdc.gov.au/resources/apps-and-tools/nndss-data-visualisation-tool,microsoft_bi,all,Australia NINDSS — South Australia,https://www.cdc.gov.au/resources/apps-and-tools/nndss-data-visualisation-tool,microsoft_bi
disease,D096,cryptosporidiosis,Cryptosporidiosis,public_projection,AU-TAS,"Tasmania, Australia",D096,Cryptosporidiosis,隐孢子虫病,Parasitic,2004-11-01,2004-11,,,,,,missing_population,,,,,,,,,,,,,,,,,,,,,,legacy_fallback,legacy_fallback,,legacy_identity_may_be_lossy,,0,No eligible registered case-count series facts are available for this disease and country; the public curve uses the legacy flat table.,all,Australia NINDSS — Tasmania,https://www.cdc.gov.au/resources/apps-and-tools/nndss-data-visualisation-tool,microsoft_bi,all,Australia NINDSS — Tasmania,https://www.cdc.gov.au/resources/apps-and-tools/nndss-data-visualisation-tool,microsoft_bi
disease,D096,cryptosporidiosis,Cryptosporidiosis,public_projection,AU-VIC,"Victoria, Australia",D096,Cryptosporidiosis,隐孢子虫病,Parasitic,2004-11-01,2004-11,27,27,,,0.5479842399732583,abs_computed,,,,,,,,,,,,,,,,,,,,,,legacy_fallback,legacy_fallback,,legacy_identity_may_be_lossy,,0,No eligible registered case-count series facts are available for this disease and country; the public curve uses the legacy flat table.,all,Australia NINDSS — Victoria,https://www.cdc.gov.au/resources/apps-and-tools/nndss-data-visualisation-tool,microsoft_bi,all,Australia NINDSS — Victoria,https://www.cdc.gov.au/resources/apps-and-tools/nndss-data-visualisation-tool,microsoft_bi
disease,D096,cryptosporidiosis,Cryptosporidiosis,public_projection,AU-WA,"Western Australia, Australia",D096,Cryptosporidiosis,隐孢子虫病,Parasitic,2004-11-01,2004-11,,,,,,missing_population,,,,,,,,,,,,,,,,,,,,,,legacy_fallback,legacy_fallback,,legacy_identity_may_be_lossy,,0,No eligible registered case-count series facts are available for this disease and country; the public curve uses the legacy flat table.,all,Australia NINDSS — Western Australia,https://www.cdc.gov.au/resources/apps-and-tools/nndss-data-visualisation-tool,microsoft_bi,all,Australia NINDSS — Western Australia,https://www.cdc.gov.au/resources/apps-and-tools/nndss-data-visualisation-tool,microsoft_bi
disease,D096,cryptosporidiosis,Cryptosporidiosis,public_projection,FI,Finland,D096,Cryptosporidiosis,隐孢子虫病,Parasitic,2004-11-01,2004-11,1,1,,,0.01912723205234435,wpp_computed,,SER_FI_THL_TTR_1270,,,,,,monthly,,,,,,,,,,,,,,series_registry,representative_series,legacy_gap_fill_blocked_incompatible,non_additive_series_not_rolled_up,SER_FI_THL_TTR_1270,2,Multiple registered series are not declared safely additive. The compatibility curve uses one representative series; inspect source_series for every retained definition. Legacy rows with a different reporting grain or comparison basis were not joined to this curve.,thl_ttr,Finland THL Infectious Diseases Register,https://sampo.thl.fi/pivot/prod/en/ttr/cases/fact_ttr_cases,cube_csv,thl_ttr,Finland THL Infectious Diseases Register,https://sampo.thl.fi/pivot/prod/en/ttr/cases/fact_ttr_cases,cube_csv
disease,D096,cryptosporidiosis,Cryptosporidiosis,source_series_observation,FI,Finland,D096,Cryptosporidiosis,隐孢子虫病,Parasitic,2004-11-01,2004-11,1,1,,,,,,SER_FI_THL_TTR_1270,SER_FI_THL_TTR_1270,SRC_FI_THL_TTR,Cryptosporidiosis,case_notifications,national_notifiable_disease_registry,monthly,count,country:FI:national,all,exact,conditional,non_additive,active,missing_is_unknown,FI_THL_TTR_reporting_group,Finland THL national monthly notification series; THL reporting group code 1270.,,provisional; raw,True,series_registry,representative_series,legacy_gap_fill_blocked_incompatible,non_additive_series_not_rolled_up,SER_FI_THL_TTR_1270,2,Multiple registered series are not declared safely additive. The compatibility curve uses one representative series; inspect source_series for every retained definition. Legacy rows with a different reporting grain or comparison basis were not joined to this curve.,thl_ttr,Finland THL Infectious Diseases Register,https://sampo.thl.fi/pivot/prod/en/ttr/cases/fact_ttr_cases,cube_csv,thl_ttr,Finland THL Infectious Diseases Register,https://sampo.thl.fi/pivot/prod/en/ttr/cases/fact_ttr_cases,cube_csv
disease,D096,cryptosporidiosis,Cryptosporidiosis,public_projection,AU,Australia,D096,Cryptosporidiosis,隐孢子虫病,Parasitic,2004-12-01,2004-12,255,255,,0,1.2720312698209284,wpp_computed,,,,,,,,,,,,,,,,,,,,,,legacy_fallback,legacy_fallback,,legacy_identity_may_be_lossy,,0,No eligible registered case-count series facts are available for this disease and country; the public curve uses the legacy flat table.,all,Australia NINDSS,https://www.health.gov.au/topics/national-notifiable-diseases-surveillance-system-nndss,microsoft_bi,all,Australia NINDSS,https://www.health.gov.au/topics/national-notifiable-diseases-surveillance-system-nndss,microsoft_bi
disease,D096,cryptosporidiosis,Cryptosporidiosis,public_projection,AU-ACT,"Australian Capital Territory, Australia",D096,Cryptosporidiosis,隐孢子虫病,Parasitic,2004-12-01,2004-12,0,0,,,0.0,abs_computed,,,,,,,,,,,,,,,,,,,,,,legacy_fallback,legacy_fallback,,legacy_identity_may_be_lossy,,0,No eligible registered case-count series facts are available for this disease and country; the public curve uses the legacy flat table.,all,Australia NINDSS — Australian Capital Territory,https://www.cdc.gov.au/resources/apps-and-tools/nndss-data-visualisation-tool,microsoft_bi,all,Australia NINDSS — Australian Capital Territory,https://www.cdc.gov.au/resources/apps-and-tools/nndss-data-visualisation-tool,microsoft_bi
disease,D096,cryptosporidiosis,Cryptosporidiosis,public_projection,AU-NSW,"New South Wales, Australia",D096,Cryptosporidiosis,隐孢子虫病,Parasitic,2004-12-01,2004-12,58,58,,,0.8720840628892897,abs_computed,,,,,,,,,,,,,,,,,,,,,,legacy_fallback,legacy_fallback,,legacy_identity_may_be_lossy,,0,No eligible registered case-count series facts are available for this disease and country; the public curve uses the legacy flat table.,all,Australia NINDSS — New South Wales,https://www.cdc.gov.au/resources/apps-and-tools/nndss-data-visualisation-tool,microsoft_bi,all,Australia NINDSS — New South Wales,https://www.cdc.gov.au/resources/apps-and-tools/nndss-data-visualisation-tool,microsoft_bi
disease,D096,cryptosporidiosis,Cryptosporidiosis,public_projection,AU-NT,"Northern Territory, Australia",D096,Cryptosporidiosis,隐孢子虫病,Parasitic,2004-12-01,2004-12,6,6,,,2.960579878912283,abs_computed,,,,,,,,,,,,,,,,,,,,,,legacy_fallback,legacy_fallback,,legacy_identity_may_be_lossy,,0,No eligible registered case-count series facts are available for this disease and country; the public curve uses the legacy flat table.,all,Australia NINDSS — Northern Territory,https://www.cdc.gov.au/resources/apps-and-tools/nndss-data-visualisation-tool,microsoft_bi,all,Australia NINDSS — Northern Territory,https://www.cdc.gov.au/resources/apps-and-tools/nndss-data-visualisation-tool,microsoft_bi
disease,D096,cryptosporidiosis,Cryptosporidiosis,public_projection,AU-QLD,"Queensland, Australia",D096,Cryptosporidiosis,隐孢子虫病,Parasitic,2004-12-01,2004-12,127,127,,,3.315952866471539,abs_computed,,,,,,,,,,,,,,,,,,,,,,legacy_fallback,legacy_fallback,,legacy_identity_may_be_lossy,,0,No eligible registered case-count series facts are available for this disease and country; the public curve uses the legacy flat table.,all,Australia NINDSS — Queensland,https://www.cdc.gov.au/resources/apps-and-tools/nndss-data-visualisation-tool,microsoft_bi,all,Australia NINDSS — Queensland,https://www.cdc.gov.au/resources/apps-and-tools/nndss-data-visualisation-tool,microsoft_bi
disease,D096,cryptosporidiosis,Cryptosporidiosis,public_projection,AU-SA,"South Australia, Australia",D096,Cryptosporidiosis,隐孢子虫病,Parasitic,2004-12-01,2004-12,16,16,,,1.046990915390701,abs_computed,,,,,,,,,,,,,,,,,,,,,,legacy_fallback,legacy_fallback,,legacy_identity_may_be_lossy,,0,No eligible registered case-count series facts are available for this disease and country; the public curve uses the legacy flat table.,all,Australia NINDSS — South Australia,https://www.cdc.gov.au/resources/apps-and-tools/nndss-data-visualisation-tool,microsoft_bi,all,Australia NINDSS — South Australia,https://www.cdc.gov.au/resources/apps-and-tools/nndss-data-visualisation-tool,microsoft_bi
disease,D096,cryptosporidiosis,Cryptosporidiosis,public_projection,AU-TAS,"Tasmania, Australia",D096,Cryptosporidiosis,隐孢子虫病,Parasitic,2004-12-01,2004-12,0,0,,,0.0,abs_computed,,,,,,,,,,,,,,,,,,,,,,legacy_fallback,legacy_fallback,,legacy_identity_may_be_lossy,,0,No eligible registered case-count series facts are available for this disease and country; the public curve uses the legacy flat table.,all,Australia NINDSS — Tasmania,https://www.cdc.gov.au/resources/apps-and-tools/nndss-data-visualisation-tool,microsoft_bi,all,Australia NINDSS — Tasmania,https://www.cdc.gov.au/resources/apps-and-tools/nndss-data-visualisation-tool,microsoft_bi
disease,D096,cryptosporidiosis,Cryptosporidiosis,public_projection,AU-VIC,"Victoria, Australia",D096,Cryptosporidiosis,隐孢子虫病,Parasitic,2004-12-01,2004-12,40,40,,,0.8118285036640865,abs_computed,,,,,,,,,,,,,,,,,,,,,,legacy_fallback,legacy_fallback,,legacy_identity_may_be_lossy,,0,No eligible registered case-count series facts are available for this disease and country; the public curve uses the legacy flat table.,all,Australia NINDSS — Victoria,https://www.cdc.gov.au/resources/apps-and-tools/nndss-data-visualisation-tool,microsoft_bi,all,Australia NINDSS — Victoria,https://www.cdc.gov.au/resources/apps-and-tools/nndss-data-visualisation-tool,microsoft_bi
disease,D096,cryptosporidiosis,Cryptosporidiosis,public_projection,AU-WA,"Western Australia, Australia",D096,Cryptosporidiosis,隐孢子虫病,Parasitic,2004-12-01,2004-12,8,8,,,0.40413388551493223,abs_computed,,,,,,,,,,,,,,,,,,,,,,legacy_fallback,legacy_fallback,,legacy_identity_may_be_lossy,,0,No eligible registered case-count series facts are available for this disease and country; the public curve uses the legacy flat table.,all,Australia NINDSS — Western Australia,https://www.cdc.gov.au/resources/apps-and-tools/nndss-data-visualisation-tool,microsoft_bi,all,Australia NINDSS — Western Australia,https://www.cdc.gov.au/resources/apps-and-tools/nndss-data-visualisation-tool,microsoft_bi
disease,D096,cryptosporidiosis,Cryptosporidiosis,public_projection,FI,Finland,D096,Cryptosporidiosis,隐孢子虫病,Parasitic,2004-12-01,2004-12,1,1,,,0.01912723205234435,wpp_computed,,SER_FI_THL_TTR_1270,,,,,,monthly,,,,,,,,,,,,,,series_registry,representative_series,legacy_gap_fill_blocked_incompatible,non_additive_series_not_rolled_up,SER_FI_THL_TTR_1270,2,Multiple registered series are not declared safely additive. The compatibility curve uses one representative series; inspect source_series for every retained definition. Legacy rows with a different reporting grain or comparison basis were not joined to this curve.,thl_ttr,Finland THL Infectious Diseases Register,https://sampo.thl.fi/pivot/prod/en/ttr/cases/fact_ttr_cases,cube_csv,thl_ttr,Finland THL Infectious Diseases Register,https://sampo.thl.fi/pivot/prod/en/ttr/cases/fact_ttr_cases,cube_csv
disease,D096,cryptosporidiosis,Cryptosporidiosis,source_series_observation,FI,Finland,D096,Cryptosporidiosis,隐孢子虫病,Parasitic,2004-12-01,2004-12,1,1,,,,,,SER_FI_THL_TTR_1270,SER_FI_THL_TTR_1270,SRC_FI_THL_TTR,Cryptosporidiosis,case_notifications,national_notifiable_disease_registry,monthly,count,country:FI:national,all,exact,conditional,non_additive,active,missing_is_unknown,FI_THL_TTR_reporting_group,Finland THL national monthly notification series; THL reporting group code 1270.,,provisional; raw,True,series_registry,representative_series,legacy_gap_fill_blocked_incompatible,non_additive_series_not_rolled_up,SER_FI_THL_TTR_1270,2,Multiple registered series are not declared safely additive. The compatibility curve uses one representative series; inspect source_series for every retained definition. Legacy rows with a different reporting grain or comparison basis were not joined to this curve.,thl_ttr,Finland THL Infectious Diseases Register,https://sampo.thl.fi/pivot/prod/en/ttr/cases/fact_ttr_cases,cube_csv,thl_ttr,Finland THL Infectious Diseases Register,https://sampo.thl.fi/pivot/prod/en/ttr/cases/fact_ttr_cases,cube_csv
