dataset_kind,dataset_id,dataset_slug,dataset_name,record_kind,country_code,country_name,disease_id,disease_name_en,disease_name_zh,category,date,year_month,value,cases,weekly_equiv_cases,deaths,incidence_rate_per_100k,incidence_rate_source,mortality_rate,series_code,source_series_code,source_system,source_label,metric_type,reporting_basis,temporal_granularity,unit,geography_key,dimension_key,mapping_relation,comparability,aggregation_policy,availability_status,missing_value_policy,definition_version,case_definition,case_definition_uri,quality_status,is_selected_series,data_layer,projection_policy,coverage_status,loss_risk,selected_series_codes,available_series_count,provenance_note,primary_source_scope,primary_source_label,primary_source_url,primary_source_type,source_scopes,source_labels,source_urls,source_types
disease,D009,hepatitis-c,Hepatitis C,public_projection,AU-ACT,"Australian Capital Territory, Australia",D009,Hepatitis C,丙型肝炎,Viral,2026-01-01,2026-01,,,,,,missing_population,,,,,,,,,,,,,,,,,,,,,,legacy_fallback,legacy_fallback,,legacy_identity_may_be_lossy,,0,No eligible registered case-count series facts are available for this disease and country; the public curve uses the legacy flat table.,all,Australia NINDSS — Australian Capital Territory,https://www.cdc.gov.au/resources/apps-and-tools/nndss-data-visualisation-tool,microsoft_bi,all,Australia NINDSS — Australian Capital Territory,https://www.cdc.gov.au/resources/apps-and-tools/nndss-data-visualisation-tool,microsoft_bi
disease,D009,hepatitis-c,Hepatitis C,public_projection,AU-NSW,"New South Wales, Australia",D009,Hepatitis C,丙型肝炎,Viral,2026-01-01,2026-01,127,127,,,1.4648034827721235,abs_computed,,,,,,,,,,,,,,,,,,,,,,legacy_fallback,legacy_fallback,,legacy_identity_may_be_lossy,,0,No eligible registered case-count series facts are available for this disease and country; the public curve uses the legacy flat table.,all,Australia NINDSS — New South Wales,https://www.cdc.gov.au/resources/apps-and-tools/nndss-data-visualisation-tool,microsoft_bi,all,Australia NINDSS — New South Wales,https://www.cdc.gov.au/resources/apps-and-tools/nndss-data-visualisation-tool,microsoft_bi
disease,D009,hepatitis-c,Hepatitis C,public_projection,AU-NT,"Northern Territory, Australia",D009,Hepatitis C,丙型肝炎,Viral,2026-01-01,2026-01,,,,,,missing_population,,,,,,,,,,,,,,,,,,,,,,legacy_fallback,legacy_fallback,,legacy_identity_may_be_lossy,,0,No eligible registered case-count series facts are available for this disease and country; the public curve uses the legacy flat table.,all,Australia NINDSS — Northern Territory,https://www.cdc.gov.au/resources/apps-and-tools/nndss-data-visualisation-tool,microsoft_bi,all,Australia NINDSS — Northern Territory,https://www.cdc.gov.au/resources/apps-and-tools/nndss-data-visualisation-tool,microsoft_bi
disease,D009,hepatitis-c,Hepatitis C,public_projection,AU-QLD,"Queensland, Australia",D009,Hepatitis C,丙型肝炎,Viral,2026-01-01,2026-01,117,117,,,2.0385189480336217,abs_computed,,,,,,,,,,,,,,,,,,,,,,legacy_fallback,legacy_fallback,,legacy_identity_may_be_lossy,,0,No eligible registered case-count series facts are available for this disease and country; the public curve uses the legacy flat table.,all,Australia NINDSS — Queensland,https://www.cdc.gov.au/resources/apps-and-tools/nndss-data-visualisation-tool,microsoft_bi,all,Australia NINDSS — Queensland,https://www.cdc.gov.au/resources/apps-and-tools/nndss-data-visualisation-tool,microsoft_bi
disease,D009,hepatitis-c,Hepatitis C,public_projection,AU-SA,"South Australia, Australia",D009,Hepatitis C,丙型肝炎,Viral,2026-01-01,2026-01,,,,,,missing_population,,,,,,,,,,,,,,,,,,,,,,legacy_fallback,legacy_fallback,,legacy_identity_may_be_lossy,,0,No eligible registered case-count series facts are available for this disease and country; the public curve uses the legacy flat table.,all,Australia NINDSS — South Australia,https://www.cdc.gov.au/resources/apps-and-tools/nndss-data-visualisation-tool,microsoft_bi,all,Australia NINDSS — South Australia,https://www.cdc.gov.au/resources/apps-and-tools/nndss-data-visualisation-tool,microsoft_bi
disease,D009,hepatitis-c,Hepatitis C,public_projection,AU-TAS,"Tasmania, Australia",D009,Hepatitis C,丙型肝炎,Viral,2026-01-01,2026-01,8,8,,,1.377669018462487,abs_computed,,,,,,,,,,,,,,,,,,,,,,legacy_fallback,legacy_fallback,,legacy_identity_may_be_lossy,,0,No eligible registered case-count series facts are available for this disease and country; the public curve uses the legacy flat table.,all,Australia NINDSS — Tasmania,https://www.cdc.gov.au/resources/apps-and-tools/nndss-data-visualisation-tool,microsoft_bi,all,Australia NINDSS — Tasmania,https://www.cdc.gov.au/resources/apps-and-tools/nndss-data-visualisation-tool,microsoft_bi
disease,D009,hepatitis-c,Hepatitis C,public_projection,AU-VIC,"Victoria, Australia",D009,Hepatitis C,丙型肝炎,Viral,2026-01-01,2026-01,87,87,,,1.2160653130508547,abs_computed,,,,,,,,,,,,,,,,,,,,,,legacy_fallback,legacy_fallback,,legacy_identity_may_be_lossy,,0,No eligible registered case-count series facts are available for this disease and country; the public curve uses the legacy flat table.,all,Australia NINDSS — Victoria,https://www.cdc.gov.au/resources/apps-and-tools/nndss-data-visualisation-tool,microsoft_bi,all,Australia NINDSS — Victoria,https://www.cdc.gov.au/resources/apps-and-tools/nndss-data-visualisation-tool,microsoft_bi
disease,D009,hepatitis-c,Hepatitis C,public_projection,AU-WA,"Western Australia, Australia",D009,Hepatitis C,丙型肝炎,Viral,2026-01-01,2026-01,78,78,,,2.5191992047081895,abs_computed,,,,,,,,,,,,,,,,,,,,,,legacy_fallback,legacy_fallback,,legacy_identity_may_be_lossy,,0,No eligible registered case-count series facts are available for this disease and country; the public curve uses the legacy flat table.,all,Australia NINDSS — Western Australia,https://www.cdc.gov.au/resources/apps-and-tools/nndss-data-visualisation-tool,microsoft_bi,all,Australia NINDSS — Western Australia,https://www.cdc.gov.au/resources/apps-and-tools/nndss-data-visualisation-tool,microsoft_bi
disease,D009,hepatitis-c,Hepatitis C,public_projection,CA-ON,"Ontario, Canada",D009,Hepatitis C,丙型肝炎,Viral,2026-01-01,2026-01,251,251,,,,missing_population,,SER_CA_ON_PHO_IDTO_HEPATITIS_C_UNSPECIFIED_COURSE_MONTHLY,,,,,,monthly,,,,,,,,,,,,,,series_registry,single_series,parity,,SER_CA_ON_PHO_IDTO_HEPATITIS_C_UNSPECIFIED_COURSE_MONTHLY,1,The public curve is read directly from one registered source series.,pho_idto_monthly,Public Health Ontario IDTO Monthly,https://www.publichealthontario.ca/en/data-and-analysis/infectious-disease/reportable-disease-trends-annually,microsoft_bi,pho_idto_monthly,Public Health Ontario IDTO Monthly,https://www.publichealthontario.ca/en/data-and-analysis/infectious-disease/reportable-disease-trends-annually,microsoft_bi
disease,D009,hepatitis-c,Hepatitis C,source_series_observation,CA-ON,"Ontario, Canada",D009,Hepatitis C,丙型肝炎,Viral,2026-01-01,2026-01,251,251,,,,,,SER_CA_ON_PHO_IDTO_HEPATITIS_C_UNSPECIFIED_COURSE_MONTHLY,SER_CA_ON_PHO_IDTO_HEPATITIS_C_UNSPECIFIED_COURSE_MONTHLY,SRC_CA_ON_PHO_IDTO,Hepatitis C,case_notifications,notification,monthly,count,country:CA-ON:national,all,exact,conditional,non_additive,active,missing_is_unknown,PHO_IDTO_2026_07,PHO IDTO current-year monthly preliminary hepatitis C notifications without an acute/chronic source split; confirmed cases only under the July 2026 technical notes.,,provisional,True,series_registry,single_series,parity,,SER_CA_ON_PHO_IDTO_HEPATITIS_C_UNSPECIFIED_COURSE_MONTHLY,1,The public curve is read directly from one registered source series.,pho_idto_monthly,Public Health Ontario IDTO Monthly,https://www.publichealthontario.ca/en/data-and-analysis/infectious-disease/reportable-disease-trends-annually,microsoft_bi,pho_idto_monthly,Public Health Ontario IDTO Monthly,https://www.publichealthontario.ca/en/data-and-analysis/infectious-disease/reportable-disease-trends-annually,microsoft_bi
disease,D009,hepatitis-c,Hepatitis C,public_projection,CH,Switzerland,D009,Hepatitis C,丙型肝炎,Viral,2026-01-01,2026-01,59,59,,,0.6549880448029585,wpp_computed,,,,,,,,,,,,,,,,,,,,,,legacy_fallback,legacy_fallback,,legacy_identity_may_be_lossy,,0,No eligible registered case-count series facts are available for this disease and country; the public curve uses the legacy flat table.,foph_idd,Switzerland FOPH IDD,https://www.idd.bag.admin.ch/en/portal-data,rest_api,foph_idd,Switzerland FOPH IDD,https://www.idd.bag.admin.ch/en/portal-data,rest_api
disease,D009,hepatitis-c,Hepatitis C,public_projection,CN,China,D009,Hepatitis C,丙型肝炎,Viral,2026-01-01,2026-01,14084,14084,,31,0.9968051217432531,wpp_computed,,SER_CN_HEPATITIS_C_UNSPECIFIED_COURSE,,,,,,monthly,,,,,,,,,,,,,,mixed,single_series,legacy_gap_fill,,SER_CN_HEPATITIS_C_UNSPECIFIED_COURSE,1,The public curve is read directly from one registered source series. Registry facts replace matching periods; legacy-only periods are retained as explicit coverage gap fills.,cdc_weekly,China CDC Weekly,https://weekly.chinacdc.cn,web,cdc_weekly; nhc; pubmed,China CDC Weekly; National Disease Control and Prevention Administration; PubMed,https://weekly.chinacdc.cn; https://www.ndcpa.gov.cn; https://pubmed.ncbi.nlm.nih.gov,web; web; web
disease,D009,hepatitis-c,Hepatitis C,public_projection,CN-AH,"Anhui, China",D009,Hepatitis C,丙型肝炎,Viral,2026-01-01,2026-01,425,425,,,,missing_population,,,,,,,,monthly,,,,,,,,,,,,,,series_registry,priority_overlay,parity,,SER_CN_PROV_DC_HEPATITIS_C; SER_CN_PROV_REPORT_HEPATITIS_C,2,Retained source series are overlaid per period using their explicit source priority; lower-priority observations remain downloadable.,cn_province_datacenter,Public Health Science Data Center,https://www.phsciencedata.cn/Share/ky_sjml.jsp,official_datacenter_spreadsheet,cn_province_datacenter; cn_province_monthly_report,Public Health Science Data Center; Provincial statutory infectious disease monthly report,https://www.phsciencedata.cn/Share/ky_sjml.jsp; https://www.ahlx.gov.cn/Jczwgk/showList/1/125024000/page_1.html,official_datacenter_spreadsheet; official_provincial_report
disease,D009,hepatitis-c,Hepatitis C,source_series_observation,CN-AH,"Anhui, China",D009,Hepatitis C,丙型肝炎,Viral,2026-01-01,2026-01,425,425,,,,,,SER_CN_PROV_REPORT_HEPATITIS_C,SER_CN_PROV_REPORT_HEPATITIS_C,SRC_CN_PROV_MONTHLY_REPORT,丙型肝炎,case_notifications,provincial_statutory_infectious_disease_monthly_report,monthly,count,country:CN-AH:national,all,exact,conditional,non_additive,active,missing_is_unknown,CN_PROVINCE_MONTHLY_REPORT_V1,Disease count explicitly published in an official provincial statutory infectious-disease monthly report; absent rows remain unknown and are never zero-filled.,,raw,True,series_registry,priority_overlay,parity,,SER_CN_PROV_DC_HEPATITIS_C; SER_CN_PROV_REPORT_HEPATITIS_C,2,Retained source series are overlaid per period using their explicit source priority; lower-priority observations remain downloadable.,cn_province_datacenter,Public Health Science Data Center,https://www.phsciencedata.cn/Share/ky_sjml.jsp,official_datacenter_spreadsheet,cn_province_datacenter; cn_province_monthly_report,Public Health Science Data Center; Provincial statutory infectious disease monthly report,https://www.phsciencedata.cn/Share/ky_sjml.jsp; https://www.ahlx.gov.cn/Jczwgk/showList/1/125024000/page_1.html,official_datacenter_spreadsheet; official_provincial_report
disease,D009,hepatitis-c,Hepatitis C,public_projection,CN-CQ,"Chongqing, China",D009,Hepatitis C,丙型肝炎,Viral,2026-01-01,2026-01,312,312,,,,missing_population,,,,,,,,monthly,,,,,,,,,,,,,,series_registry,priority_overlay,parity,,SER_CN_PROV_DC_HEPATITIS_C; SER_CN_PROV_REPORT_HEPATITIS_C,2,Retained source series are overlaid per period using their explicit source priority; lower-priority observations remain downloadable.,cn_province_datacenter,Public Health Science Data Center,https://www.phsciencedata.cn/Share/ky_sjml.jsp,official_datacenter_spreadsheet,cn_province_datacenter; cn_province_monthly_report,Public Health Science Data Center; Provincial statutory infectious disease monthly report,https://www.phsciencedata.cn/Share/ky_sjml.jsp; https://wsjkw.cq.gov.cn/zwgk_242/wsjklymsxx/ylws_266434/jbfk_266438/yqxx/,official_datacenter_spreadsheet; official_provincial_report
disease,D009,hepatitis-c,Hepatitis C,source_series_observation,CN-CQ,"Chongqing, China",D009,Hepatitis C,丙型肝炎,Viral,2026-01-01,2026-01,312,312,,,,,,SER_CN_PROV_REPORT_HEPATITIS_C,SER_CN_PROV_REPORT_HEPATITIS_C,SRC_CN_PROV_MONTHLY_REPORT,丙型肝炎,case_notifications,provincial_statutory_infectious_disease_monthly_report,monthly,count,country:CN-CQ:national,all,exact,conditional,non_additive,active,missing_is_unknown,CN_PROVINCE_MONTHLY_REPORT_V1,Disease count explicitly published in an official provincial statutory infectious-disease monthly report; absent rows remain unknown and are never zero-filled.,,raw,True,series_registry,priority_overlay,parity,,SER_CN_PROV_DC_HEPATITIS_C; SER_CN_PROV_REPORT_HEPATITIS_C,2,Retained source series are overlaid per period using their explicit source priority; lower-priority observations remain downloadable.,cn_province_datacenter,Public Health Science Data Center,https://www.phsciencedata.cn/Share/ky_sjml.jsp,official_datacenter_spreadsheet,cn_province_datacenter; cn_province_monthly_report,Public Health Science Data Center; Provincial statutory infectious disease monthly report,https://www.phsciencedata.cn/Share/ky_sjml.jsp; https://wsjkw.cq.gov.cn/zwgk_242/wsjklymsxx/ylws_266434/jbfk_266438/yqxx/,official_datacenter_spreadsheet; official_provincial_report
disease,D009,hepatitis-c,Hepatitis C,public_projection,CN-GD,"Guangdong, China",D009,Hepatitis C,丙型肝炎,Viral,2026-01-01,2026-01,1822,1822,,,,missing_population,,,,,,,,monthly,,,,,,,,,,,,,,series_registry,priority_overlay,parity,,SER_CN_PROV_DC_HEPATITIS_C; SER_CN_PROV_REPORT_HEPATITIS_C,2,Retained source series are overlaid per period using their explicit source priority; lower-priority observations remain downloadable.,cn_province_datacenter,Public Health Science Data Center,https://www.phsciencedata.cn/Share/ky_sjml.jsp,official_datacenter_spreadsheet,cn_province_datacenter; cn_province_monthly_report,Public Health Science Data Center; Provincial statutory infectious disease monthly report,https://www.phsciencedata.cn/Share/ky_sjml.jsp; https://wsjkw.gd.gov.cn/zwyw_yqxx/index.html,official_datacenter_spreadsheet; official_provincial_report
disease,D009,hepatitis-c,Hepatitis C,source_series_observation,CN-GD,"Guangdong, China",D009,Hepatitis C,丙型肝炎,Viral,2026-01-01,2026-01,1822,1822,,,,,,SER_CN_PROV_REPORT_HEPATITIS_C,SER_CN_PROV_REPORT_HEPATITIS_C,SRC_CN_PROV_MONTHLY_REPORT,丙型肝炎,case_notifications,provincial_statutory_infectious_disease_monthly_report,monthly,count,country:CN-GD:national,all,exact,conditional,non_additive,active,missing_is_unknown,CN_PROVINCE_MONTHLY_REPORT_V1,Disease count explicitly published in an official provincial statutory infectious-disease monthly report; absent rows remain unknown and are never zero-filled.,,raw,True,series_registry,priority_overlay,parity,,SER_CN_PROV_DC_HEPATITIS_C; SER_CN_PROV_REPORT_HEPATITIS_C,2,Retained source series are overlaid per period using their explicit source priority; lower-priority observations remain downloadable.,cn_province_datacenter,Public Health Science Data Center,https://www.phsciencedata.cn/Share/ky_sjml.jsp,official_datacenter_spreadsheet,cn_province_datacenter; cn_province_monthly_report,Public Health Science Data Center; Provincial statutory infectious disease monthly report,https://www.phsciencedata.cn/Share/ky_sjml.jsp; https://wsjkw.gd.gov.cn/zwyw_yqxx/index.html,official_datacenter_spreadsheet; official_provincial_report
disease,D009,hepatitis-c,Hepatitis C,public_projection,CN-HN,"Hunan, China",D009,Hepatitis C,丙型肝炎,Viral,2026-01-01,2026-01,695,695,,,,missing_population,,,,,,,,monthly,,,,,,,,,,,,,,series_registry,priority_overlay,parity,,SER_CN_PROV_DC_HEPATITIS_C; SER_CN_PROV_REPORT_HEPATITIS_C,2,Retained source series are overlaid per period using their explicit source priority; lower-priority observations remain downloadable.,cn_province_datacenter,Public Health Science Data Center,https://www.phsciencedata.cn/Share/ky_sjml.jsp,official_datacenter_spreadsheet,cn_province_datacenter; cn_province_monthly_report,Public Health Science Data Center; Provincial statutory infectious disease monthly report,https://www.phsciencedata.cn/Share/ky_sjml.jsp; http://wjw.hunan.gov.cn/wjw/xxgk/yqsj/,official_datacenter_spreadsheet; official_provincial_report
disease,D009,hepatitis-c,Hepatitis C,source_series_observation,CN-HN,"Hunan, China",D009,Hepatitis C,丙型肝炎,Viral,2026-01-01,2026-01,695,695,,,,,,SER_CN_PROV_REPORT_HEPATITIS_C,SER_CN_PROV_REPORT_HEPATITIS_C,SRC_CN_PROV_MONTHLY_REPORT,丙型肝炎,case_notifications,provincial_statutory_infectious_disease_monthly_report,monthly,count,country:CN-HN:national,all,exact,conditional,non_additive,active,missing_is_unknown,CN_PROVINCE_MONTHLY_REPORT_V1,Disease count explicitly published in an official provincial statutory infectious-disease monthly report; absent rows remain unknown and are never zero-filled.,,raw,True,series_registry,priority_overlay,parity,,SER_CN_PROV_DC_HEPATITIS_C; SER_CN_PROV_REPORT_HEPATITIS_C,2,Retained source series are overlaid per period using their explicit source priority; lower-priority observations remain downloadable.,cn_province_datacenter,Public Health Science Data Center,https://www.phsciencedata.cn/Share/ky_sjml.jsp,official_datacenter_spreadsheet,cn_province_datacenter; cn_province_monthly_report,Public Health Science Data Center; Provincial statutory infectious disease monthly report,https://www.phsciencedata.cn/Share/ky_sjml.jsp; http://wjw.hunan.gov.cn/wjw/xxgk/yqsj/,official_datacenter_spreadsheet; official_provincial_report
disease,D009,hepatitis-c,Hepatitis C,public_projection,CN-JS,"Jiangsu, China",D009,Hepatitis C,丙型肝炎,Viral,2026-01-01,2026-01,479,479,,,,missing_population,,,,,,,,monthly,,,,,,,,,,,,,,series_registry,priority_overlay,parity,,SER_CN_PROV_DC_HEPATITIS_C; SER_CN_PROV_REPORT_HEPATITIS_C,2,Retained source series are overlaid per period using their explicit source priority; lower-priority observations remain downloadable.,cn_province_datacenter,Public Health Science Data Center,https://www.phsciencedata.cn/Share/ky_sjml.jsp,official_datacenter_spreadsheet,cn_province_datacenter; cn_province_monthly_report,Public Health Science Data Center; Provincial statutory infectious disease monthly report,https://www.phsciencedata.cn/Share/ky_sjml.jsp; https://wjw.jiangsu.gov.cn/col/col76875/index.html,official_datacenter_spreadsheet; official_provincial_report
disease,D009,hepatitis-c,Hepatitis C,source_series_observation,CN-JS,"Jiangsu, China",D009,Hepatitis C,丙型肝炎,Viral,2026-01-01,2026-01,479,479,,,,,,SER_CN_PROV_REPORT_HEPATITIS_C,SER_CN_PROV_REPORT_HEPATITIS_C,SRC_CN_PROV_MONTHLY_REPORT,丙型肝炎,case_notifications,provincial_statutory_infectious_disease_monthly_report,monthly,count,country:CN-JS:national,all,exact,conditional,non_additive,active,missing_is_unknown,CN_PROVINCE_MONTHLY_REPORT_V1,Disease count explicitly published in an official provincial statutory infectious-disease monthly report; absent rows remain unknown and are never zero-filled.,,raw,True,series_registry,priority_overlay,parity,,SER_CN_PROV_DC_HEPATITIS_C; SER_CN_PROV_REPORT_HEPATITIS_C,2,Retained source series are overlaid per period using their explicit source priority; lower-priority observations remain downloadable.,cn_province_datacenter,Public Health Science Data Center,https://www.phsciencedata.cn/Share/ky_sjml.jsp,official_datacenter_spreadsheet,cn_province_datacenter; cn_province_monthly_report,Public Health Science Data Center; Provincial statutory infectious disease monthly report,https://www.phsciencedata.cn/Share/ky_sjml.jsp; https://wjw.jiangsu.gov.cn/col/col76875/index.html,official_datacenter_spreadsheet; official_provincial_report
disease,D009,hepatitis-c,Hepatitis C,public_projection,CN-SC,"Sichuan, China",D009,Hepatitis C,丙型肝炎,Viral,2026-01-01,2026-01,1550,1550,,,,missing_population,,,,,,,,monthly,,,,,,,,,,,,,,series_registry,priority_overlay,parity,,SER_CN_PROV_DC_HEPATITIS_C; SER_CN_PROV_REPORT_HEPATITIS_C,2,Retained source series are overlaid per period using their explicit source priority; lower-priority observations remain downloadable.,cn_province_datacenter,Public Health Science Data Center,https://www.phsciencedata.cn/Share/ky_sjml.jsp,official_datacenter_spreadsheet,cn_province_datacenter; cn_province_monthly_report,Public Health Science Data Center; Provincial statutory infectious disease monthly report,https://www.phsciencedata.cn/Share/ky_sjml.jsp; https://www.sccdc.cn/Article/List?ID=132,official_datacenter_spreadsheet; official_provincial_report
disease,D009,hepatitis-c,Hepatitis C,source_series_observation,CN-SC,"Sichuan, China",D009,Hepatitis C,丙型肝炎,Viral,2026-01-01,2026-01,1550,1550,,,,,,SER_CN_PROV_REPORT_HEPATITIS_C,SER_CN_PROV_REPORT_HEPATITIS_C,SRC_CN_PROV_MONTHLY_REPORT,丙型肝炎,case_notifications,provincial_statutory_infectious_disease_monthly_report,monthly,count,country:CN-SC:national,all,exact,conditional,non_additive,active,missing_is_unknown,CN_PROVINCE_MONTHLY_REPORT_V1,Disease count explicitly published in an official provincial statutory infectious-disease monthly report; absent rows remain unknown and are never zero-filled.,,raw,True,series_registry,priority_overlay,parity,,SER_CN_PROV_DC_HEPATITIS_C; SER_CN_PROV_REPORT_HEPATITIS_C,2,Retained source series are overlaid per period using their explicit source priority; lower-priority observations remain downloadable.,cn_province_datacenter,Public Health Science Data Center,https://www.phsciencedata.cn/Share/ky_sjml.jsp,official_datacenter_spreadsheet,cn_province_datacenter; cn_province_monthly_report,Public Health Science Data Center; Provincial statutory infectious disease monthly report,https://www.phsciencedata.cn/Share/ky_sjml.jsp; https://www.sccdc.cn/Article/List?ID=132,official_datacenter_spreadsheet; official_provincial_report
disease,D009,hepatitis-c,Hepatitis C,public_projection,CN-SH,"Shanghai, China",D009,Hepatitis C,丙型肝炎,Viral,2026-01-01,2026-01,1,1,,,,missing_population,,,,,,,,monthly,,,,,,,,,,,,,,series_registry,priority_overlay,parity,,SER_CN_PROV_DC_HEPATITIS_C; SER_CN_PROV_REPORT_HEPATITIS_C,2,Retained source series are overlaid per period using their explicit source priority; lower-priority observations remain downloadable.,cn_province_datacenter,Public Health Science Data Center,https://www.phsciencedata.cn/Share/ky_sjml.jsp,official_datacenter_spreadsheet,cn_province_datacenter; cn_province_monthly_report,Public Health Science Data Center; Provincial statutory infectious disease monthly report,https://www.phsciencedata.cn/Share/ky_sjml.jsp; https://wsjkw.sh.gov.cn/yqxx/index.html,official_datacenter_spreadsheet; official_provincial_report
disease,D009,hepatitis-c,Hepatitis C,source_series_observation,CN-SH,"Shanghai, China",D009,Hepatitis C,丙型肝炎,Viral,2026-01-01,2026-01,1,1,,,,,,SER_CN_PROV_REPORT_HEPATITIS_C,SER_CN_PROV_REPORT_HEPATITIS_C,SRC_CN_PROV_MONTHLY_REPORT,丙型肝炎,case_notifications,provincial_statutory_infectious_disease_monthly_report,monthly,count,country:CN-SH:national,all,exact,conditional,non_additive,active,missing_is_unknown,CN_PROVINCE_MONTHLY_REPORT_V1,Disease count explicitly published in an official provincial statutory infectious-disease monthly report; absent rows remain unknown and are never zero-filled.,,raw,True,series_registry,priority_overlay,parity,,SER_CN_PROV_DC_HEPATITIS_C; SER_CN_PROV_REPORT_HEPATITIS_C,2,Retained source series are overlaid per period using their explicit source priority; lower-priority observations remain downloadable.,cn_province_datacenter,Public Health Science Data Center,https://www.phsciencedata.cn/Share/ky_sjml.jsp,official_datacenter_spreadsheet,cn_province_datacenter; cn_province_monthly_report,Public Health Science Data Center; Provincial statutory infectious disease monthly report,https://www.phsciencedata.cn/Share/ky_sjml.jsp; https://wsjkw.sh.gov.cn/yqxx/index.html,official_datacenter_spreadsheet; official_provincial_report
disease,D009,hepatitis-c,Hepatitis C,public_projection,CN-XJ,"Xinjiang, China",D009,Hepatitis C,丙型肝炎,Viral,2026-01-01,2026-01,432,432,,,,missing_population,,,,,,,,monthly,,,,,,,,,,,,,,series_registry,priority_overlay,parity,,SER_CN_PROV_DC_HEPATITIS_C; SER_CN_PROV_REPORT_HEPATITIS_C,2,Retained source series are overlaid per period using their explicit source priority; lower-priority observations remain downloadable.,cn_province_datacenter,Public Health Science Data Center,https://www.phsciencedata.cn/Share/ky_sjml.jsp,official_datacenter_spreadsheet,cn_province_datacenter; cn_province_monthly_report,Public Health Science Data Center; Provincial statutory infectious disease monthly report,https://www.phsciencedata.cn/Share/ky_sjml.jsp; https://wjw.xinjiang.gov.cn/hfpc/jbjcypj/nav_list.shtml,official_datacenter_spreadsheet; official_provincial_report
disease,D009,hepatitis-c,Hepatitis C,source_series_observation,CN-XJ,"Xinjiang, China",D009,Hepatitis C,丙型肝炎,Viral,2026-01-01,2026-01,432,432,,,,,,SER_CN_PROV_REPORT_HEPATITIS_C,SER_CN_PROV_REPORT_HEPATITIS_C,SRC_CN_PROV_MONTHLY_REPORT,丙型肝炎,case_notifications,provincial_statutory_infectious_disease_monthly_report,monthly,count,country:CN-XJ:national,all,exact,conditional,non_additive,active,missing_is_unknown,CN_PROVINCE_MONTHLY_REPORT_V1,Disease count explicitly published in an official provincial statutory infectious-disease monthly report; absent rows remain unknown and are never zero-filled.,,raw,True,series_registry,priority_overlay,parity,,SER_CN_PROV_DC_HEPATITIS_C; SER_CN_PROV_REPORT_HEPATITIS_C,2,Retained source series are overlaid per period using their explicit source priority; lower-priority observations remain downloadable.,cn_province_datacenter,Public Health Science Data Center,https://www.phsciencedata.cn/Share/ky_sjml.jsp,official_datacenter_spreadsheet,cn_province_datacenter; cn_province_monthly_report,Public Health Science Data Center; Provincial statutory infectious disease monthly report,https://www.phsciencedata.cn/Share/ky_sjml.jsp; https://wjw.xinjiang.gov.cn/hfpc/jbjcypj/nav_list.shtml,official_datacenter_spreadsheet; official_provincial_report
disease,D009,hepatitis-c,Hepatitis C,public_projection,CN-ZJ,"Zhejiang, China",D009,Hepatitis C,丙型肝炎,Viral,2026-01-01,2026-01,187,187,,,,missing_population,,,,,,,,monthly,,,,,,,,,,,,,,series_registry,priority_overlay,parity,,SER_CN_PROV_DC_HEPATITIS_C; SER_CN_PROV_REPORT_HEPATITIS_C,2,Retained source series are overlaid per period using their explicit source priority; lower-priority observations remain downloadable.,cn_province_datacenter,Public Health Science Data Center,https://www.phsciencedata.cn/Share/ky_sjml.jsp,official_datacenter_spreadsheet,cn_province_datacenter; cn_province_monthly_report,Public Health Science Data Center; Provincial statutory infectious disease monthly report,https://www.phsciencedata.cn/Share/ky_sjml.jsp; https://www.yw.gov.cn/col/col1229452786/index.html,official_datacenter_spreadsheet; official_provincial_report
disease,D009,hepatitis-c,Hepatitis C,source_series_observation,CN-ZJ,"Zhejiang, China",D009,Hepatitis C,丙型肝炎,Viral,2026-01-01,2026-01,187,187,,,,,,SER_CN_PROV_REPORT_HEPATITIS_C,SER_CN_PROV_REPORT_HEPATITIS_C,SRC_CN_PROV_MONTHLY_REPORT,丙型肝炎,case_notifications,provincial_statutory_infectious_disease_monthly_report,monthly,count,country:CN-ZJ:national,all,exact,conditional,non_additive,active,missing_is_unknown,CN_PROVINCE_MONTHLY_REPORT_V1,Disease count explicitly published in an official provincial statutory infectious-disease monthly report; absent rows remain unknown and are never zero-filled.,,raw,True,series_registry,priority_overlay,parity,,SER_CN_PROV_DC_HEPATITIS_C; SER_CN_PROV_REPORT_HEPATITIS_C,2,Retained source series are overlaid per period using their explicit source priority; lower-priority observations remain downloadable.,cn_province_datacenter,Public Health Science Data Center,https://www.phsciencedata.cn/Share/ky_sjml.jsp,official_datacenter_spreadsheet,cn_province_datacenter; cn_province_monthly_report,Public Health Science Data Center; Provincial statutory infectious disease monthly report,https://www.phsciencedata.cn/Share/ky_sjml.jsp; https://www.yw.gov.cn/col/col1229452786/index.html,official_datacenter_spreadsheet; official_provincial_report
disease,D009,hepatitis-c,Hepatitis C,public_projection,FI,Finland,D009,Hepatitis C,丙型肝炎,Viral,2026-01-01,2026-01,69,69,,,1.227378327896255,wpp_computed,,SER_FI_THL_TTR_703,,,,,,monthly,,,,,,,,,,,,,,series_registry,representative_series,legacy_gap_fill_blocked_incompatible,non_additive_series_not_rolled_up,SER_FI_THL_TTR_703,2,Multiple registered series are not declared safely additive. The compatibility curve uses one representative series; inspect source_series for every retained definition. Legacy rows with a different reporting grain or comparison basis were not joined to this curve.,thl_ttr,Finland THL Infectious Diseases Register,https://sampo.thl.fi/pivot/prod/en/ttr/cases/fact_ttr_cases,cube_csv,thl_ttr,Finland THL Infectious Diseases Register,https://sampo.thl.fi/pivot/prod/en/ttr/cases/fact_ttr_cases,cube_csv
disease,D009,hepatitis-c,Hepatitis C,source_series_observation,FI,Finland,D009,Hepatitis C,丙型肝炎,Viral,2026-01-01,2026-01,69,69,,,,,,SER_FI_THL_TTR_703,SER_FI_THL_TTR_703,SRC_FI_THL_TTR,Hepatitis C,case_notifications,national_notifiable_disease_registry,monthly,count,country:FI:national,all,exact,conditional,non_additive,active,missing_is_unknown,FI_THL_TTR_reporting_group,Finland THL national monthly notification series; Source does not qualify acute/chronic course.,,provisional; raw,True,series_registry,representative_series,legacy_gap_fill_blocked_incompatible,non_additive_series_not_rolled_up,SER_FI_THL_TTR_703,2,Multiple registered series are not declared safely additive. The compatibility curve uses one representative series; inspect source_series for every retained definition. Legacy rows with a different reporting grain or comparison basis were not joined to this curve.,thl_ttr,Finland THL Infectious Diseases Register,https://sampo.thl.fi/pivot/prod/en/ttr/cases/fact_ttr_cases,cube_csv,thl_ttr,Finland THL Infectious Diseases Register,https://sampo.thl.fi/pivot/prod/en/ttr/cases/fact_ttr_cases,cube_csv
disease,D009,hepatitis-c,Hepatitis C,public_projection,HK,"Hong Kong, China",D009,Hepatitis C,丙型肝炎,Viral,2026-01-01,2026-01,6,6,,,0.08131621681180255,wpp_computed,,,,,,,,,,,,,,,,,,,,,,legacy_fallback,legacy_fallback,,legacy_identity_may_be_lossy,,0,No eligible registered case-count series facts are available for this disease and country; the public curve uses the legacy flat table.,chp_notifiable,"Hong Kong, China CHP Notifiable Diseases",https://www.chp.gov.hk/en/static/24012.html,open_data_csv,chp_notifiable,"Hong Kong, China CHP Notifiable Diseases",https://www.chp.gov.hk/en/static/24012.html,open_data_csv
disease,D009,hepatitis-c,Hepatitis C,public_projection,KR,South Korea,D009,Hepatitis C,丙型肝炎,Viral,2026-01-01,2026-01,446,446,,,0.8643345860112523,wpp_computed,,,,,,,,,,,,,,,,,,,,,,legacy_fallback,legacy_fallback,,legacy_identity_may_be_lossy,,0,No eligible registered case-count series facts are available for this disease and country; the public curve uses the legacy flat table.,kdca_open_api,Korea KDCA EID,https://www.data.go.kr/data/15139178/openapi.do,open_api_or_portal_download,kdca_open_api,Korea KDCA EID,https://www.data.go.kr/data/15139178/openapi.do,open_api_or_portal_download
disease,D009,hepatitis-c,Hepatitis C,public_projection,NO,Norway,D009,Hepatitis C,丙型肝炎,Viral,2026-01-01,2026-01,34,34,,,0.6014517807704721,wpp_computed,,SER_NO_FHI_203_MONTHLY,,,,,,monthly,,,,,,,,,,,,,,series_registry,representative_series,parity,non_additive_series_not_rolled_up,SER_NO_FHI_203_MONTHLY,2,Multiple registered series are not declared safely additive. The compatibility curve uses one representative series; inspect source_series for every retained definition.,fhi_msis,Norway FHI MSIS Statistics Bank,https://allvis.fhi.no/msis,official_json_api,fhi_msis,Norway FHI MSIS Statistics Bank,https://allvis.fhi.no/msis,official_json_api
disease,D009,hepatitis-c,Hepatitis C,source_series_observation,NO,Norway,D009,Hepatitis C,丙型肝炎,Viral,2026-01-01,2026-01,34,34,,,,,,SER_NO_FHI_203_MONTHLY,SER_NO_FHI_203_MONTHLY,SRC_NO_FHI_MSIS,Hepatitt C,case_notifications,national_notifiable_disease_registry,monthly,count,country:NO:national,all,exact,conditional,non_additive,active,missing_is_unknown,NO_FHI_MSIS_diagnosis_monthly,Norway FHI MSIS national monthly diagnosis series; FHI MSIS clinical course not specified.,,raw; revised,True,series_registry,representative_series,parity,non_additive_series_not_rolled_up,SER_NO_FHI_203_MONTHLY,2,Multiple registered series are not declared safely additive. The compatibility curve uses one representative series; inspect source_series for every retained definition.,fhi_msis,Norway FHI MSIS Statistics Bank,https://allvis.fhi.no/msis,official_json_api,fhi_msis,Norway FHI MSIS Statistics Bank,https://allvis.fhi.no/msis,official_json_api
disease,D009,hepatitis-c,Hepatitis C,public_projection,NZ,New Zealand,D009,Hepatitis C,丙型肝炎,Viral,2026-01-01,2026-01,1,1,,0,0.01891260466471829,wpp_computed,,SER_NZ_HEPATITIS_C_MONTHLY,,,,,,monthly,,,,,,,,,,,,,,series_registry,single_series,parity,,SER_NZ_HEPATITIS_C_MONTHLY,1,The public curve is read directly from one registered source series.,phf_monthly,New Zealand PHF Science Monthly Notifiable Diseases,https://www.phfscience.nz/digital-library/,web,phf_monthly,New Zealand PHF Science Monthly Notifiable Diseases,https://www.phfscience.nz/digital-library/,web
disease,D009,hepatitis-c,Hepatitis C,source_series_observation,NZ,New Zealand,D009,Hepatitis C,丙型肝炎,Viral,2026-01-01,2026-01,1,1,,,,,,SER_NZ_HEPATITIS_C_MONTHLY,SER_NZ_HEPATITIS_C_MONTHLY,SRC_NZ_PHS,Hepatitis C,case_notifications,notification,monthly,count,country:NZ:national,all,exact,conditional,non_additive,active,missing_is_unknown,NZ_PHS_current,New Zealand PHF Science monthly hepatitis C notifications without a source-reported clinical-course split.,,provisional; raw,True,series_registry,single_series,parity,,SER_NZ_HEPATITIS_C_MONTHLY,1,The public curve is read directly from one registered source series.,phf_monthly,New Zealand PHF Science Monthly Notifiable Diseases,https://www.phfscience.nz/digital-library/,web,phf_monthly,New Zealand PHF Science Monthly Notifiable Diseases,https://www.phfscience.nz/digital-library/,web
disease,D009,hepatitis-c,Hepatitis C,public_projection,SE,Sweden,D009,Hepatitis C,丙型肝炎,Viral,2026-01-01,2026-01,50,50,,,0.4672440214141673,wpp_computed,,SER_SE_FOHM_SMINET_HEPATITIS_C,,,,,,monthly,,,,,,,,,,,,,,series_registry,representative_series,parity,non_additive_series_not_rolled_up,SER_SE_FOHM_SMINET_HEPATITIS_C,2,Multiple registered series are not declared safely additive. The compatibility curve uses one representative series; inspect source_series for every retained definition.,fohm_sminet,Sweden Public Health Agency SmiNet,https://www.folkhalsomyndigheten.se/statistik-och-data/hitta-statistik-och-data/smittsamma-sjukdomar-statistik/,official_html_csv,fohm_sminet,Sweden Public Health Agency SmiNet,https://www.folkhalsomyndigheten.se/statistik-och-data/hitta-statistik-och-data/smittsamma-sjukdomar-statistik/,official_html_csv
disease,D009,hepatitis-c,Hepatitis C,source_series_observation,SE,Sweden,D009,Hepatitis C,丙型肝炎,Viral,2026-01-01,2026-01,50,50,,,,,,SER_SE_FOHM_SMINET_HEPATITIS_C,SER_SE_FOHM_SMINET_HEPATITIS_C,SRC_SE_FOHM_SMINET,Hepatit C,case_notifications,national_notifiable_disease_registry,monthly,count,country:SE:national,all,exact,conditional,non_additive,active,missing_is_unknown,SE_FOHM_SMINET_current,Sweden FHM SmiNet national monthly notification series; Source does not qualify acute or chronic course.,,revised,True,series_registry,representative_series,parity,non_additive_series_not_rolled_up,SER_SE_FOHM_SMINET_HEPATITIS_C,2,Multiple registered series are not declared safely additive. The compatibility curve uses one representative series; inspect source_series for every retained definition.,fohm_sminet,Sweden Public Health Agency SmiNet,https://www.folkhalsomyndigheten.se/statistik-och-data/hitta-statistik-och-data/smittsamma-sjukdomar-statistik/,official_html_csv,fohm_sminet,Sweden Public Health Agency SmiNet,https://www.folkhalsomyndigheten.se/statistik-och-data/hitta-statistik-och-data/smittsamma-sjukdomar-statistik/,official_html_csv
disease,D009,hepatitis-c,Hepatitis C,public_projection,AU-ACT,"Australian Capital Territory, Australia",D009,Hepatitis C,丙型肝炎,Viral,2026-02-01,2026-02,,,,,,missing_population,,,,,,,,,,,,,,,,,,,,,,legacy_fallback,legacy_fallback,,legacy_identity_may_be_lossy,,0,No eligible registered case-count series facts are available for this disease and country; the public curve uses the legacy flat table.,all,Australia NINDSS — Australian Capital Territory,https://www.cdc.gov.au/resources/apps-and-tools/nndss-data-visualisation-tool,microsoft_bi,all,Australia NINDSS — Australian Capital Territory,https://www.cdc.gov.au/resources/apps-and-tools/nndss-data-visualisation-tool,microsoft_bi
disease,D009,hepatitis-c,Hepatitis C,public_projection,AU-NSW,"New South Wales, Australia",D009,Hepatitis C,丙型肝炎,Viral,2026-02-01,2026-02,147,147,,,1.695481196594505,abs_computed,,,,,,,,,,,,,,,,,,,,,,legacy_fallback,legacy_fallback,,legacy_identity_may_be_lossy,,0,No eligible registered case-count series facts are available for this disease and country; the public curve uses the legacy flat table.,all,Australia NINDSS — New South Wales,https://www.cdc.gov.au/resources/apps-and-tools/nndss-data-visualisation-tool,microsoft_bi,all,Australia NINDSS — New South Wales,https://www.cdc.gov.au/resources/apps-and-tools/nndss-data-visualisation-tool,microsoft_bi
disease,D009,hepatitis-c,Hepatitis C,public_projection,AU-NT,"Northern Territory, Australia",D009,Hepatitis C,丙型肝炎,Viral,2026-02-01,2026-02,,,,,,missing_population,,,,,,,,,,,,,,,,,,,,,,legacy_fallback,legacy_fallback,,legacy_identity_may_be_lossy,,0,No eligible registered case-count series facts are available for this disease and country; the public curve uses the legacy flat table.,all,Australia NINDSS — Northern Territory,https://www.cdc.gov.au/resources/apps-and-tools/nndss-data-visualisation-tool,microsoft_bi,all,Australia NINDSS — Northern Territory,https://www.cdc.gov.au/resources/apps-and-tools/nndss-data-visualisation-tool,microsoft_bi
disease,D009,hepatitis-c,Hepatitis C,public_projection,AU-QLD,"Queensland, Australia",D009,Hepatitis C,丙型肝炎,Viral,2026-02-01,2026-02,126,126,,,2.195328097882362,abs_computed,,,,,,,,,,,,,,,,,,,,,,legacy_fallback,legacy_fallback,,legacy_identity_may_be_lossy,,0,No eligible registered case-count series facts are available for this disease and country; the public curve uses the legacy flat table.,all,Australia NINDSS — Queensland,https://www.cdc.gov.au/resources/apps-and-tools/nndss-data-visualisation-tool,microsoft_bi,all,Australia NINDSS — Queensland,https://www.cdc.gov.au/resources/apps-and-tools/nndss-data-visualisation-tool,microsoft_bi
disease,D009,hepatitis-c,Hepatitis C,public_projection,AU-SA,"South Australia, Australia",D009,Hepatitis C,丙型肝炎,Viral,2026-02-01,2026-02,12,12,,,0.6260316479865778,abs_computed,,,,,,,,,,,,,,,,,,,,,,legacy_fallback,legacy_fallback,,legacy_identity_may_be_lossy,,0,No eligible registered case-count series facts are available for this disease and country; the public curve uses the legacy flat table.,all,Australia NINDSS — South Australia,https://www.cdc.gov.au/resources/apps-and-tools/nndss-data-visualisation-tool,microsoft_bi,all,Australia NINDSS — South Australia,https://www.cdc.gov.au/resources/apps-and-tools/nndss-data-visualisation-tool,microsoft_bi
disease,D009,hepatitis-c,Hepatitis C,public_projection,AU-TAS,"Tasmania, Australia",D009,Hepatitis C,丙型肝炎,Viral,2026-02-01,2026-02,10,10,,,1.7220862730781086,abs_computed,,,,,,,,,,,,,,,,,,,,,,legacy_fallback,legacy_fallback,,legacy_identity_may_be_lossy,,0,No eligible registered case-count series facts are available for this disease and country; the public curve uses the legacy flat table.,all,Australia NINDSS — Tasmania,https://www.cdc.gov.au/resources/apps-and-tools/nndss-data-visualisation-tool,microsoft_bi,all,Australia NINDSS — Tasmania,https://www.cdc.gov.au/resources/apps-and-tools/nndss-data-visualisation-tool,microsoft_bi
disease,D009,hepatitis-c,Hepatitis C,public_projection,AU-VIC,"Victoria, Australia",D009,Hepatitis C,丙型肝炎,Viral,2026-02-01,2026-02,92,92,,,1.2859541241457315,abs_computed,,,,,,,,,,,,,,,,,,,,,,legacy_fallback,legacy_fallback,,legacy_identity_may_be_lossy,,0,No eligible registered case-count series facts are available for this disease and country; the public curve uses the legacy flat table.,all,Australia NINDSS — Victoria,https://www.cdc.gov.au/resources/apps-and-tools/nndss-data-visualisation-tool,microsoft_bi,all,Australia NINDSS — Victoria,https://www.cdc.gov.au/resources/apps-and-tools/nndss-data-visualisation-tool,microsoft_bi
disease,D009,hepatitis-c,Hepatitis C,public_projection,AU-WA,"Western Australia, Australia",D009,Hepatitis C,丙型肝炎,Viral,2026-02-01,2026-02,78,78,,,2.5191992047081895,abs_computed,,,,,,,,,,,,,,,,,,,,,,legacy_fallback,legacy_fallback,,legacy_identity_may_be_lossy,,0,No eligible registered case-count series facts are available for this disease and country; the public curve uses the legacy flat table.,all,Australia NINDSS — Western Australia,https://www.cdc.gov.au/resources/apps-and-tools/nndss-data-visualisation-tool,microsoft_bi,all,Australia NINDSS — Western Australia,https://www.cdc.gov.au/resources/apps-and-tools/nndss-data-visualisation-tool,microsoft_bi
disease,D009,hepatitis-c,Hepatitis C,public_projection,CA-ON,"Ontario, Canada",D009,Hepatitis C,丙型肝炎,Viral,2026-02-01,2026-02,263,263,,,,missing_population,,SER_CA_ON_PHO_IDTO_HEPATITIS_C_UNSPECIFIED_COURSE_MONTHLY,,,,,,monthly,,,,,,,,,,,,,,series_registry,single_series,parity,,SER_CA_ON_PHO_IDTO_HEPATITIS_C_UNSPECIFIED_COURSE_MONTHLY,1,The public curve is read directly from one registered source series.,pho_idto_monthly,Public Health Ontario IDTO Monthly,https://www.publichealthontario.ca/en/data-and-analysis/infectious-disease/reportable-disease-trends-annually,microsoft_bi,pho_idto_monthly,Public Health Ontario IDTO Monthly,https://www.publichealthontario.ca/en/data-and-analysis/infectious-disease/reportable-disease-trends-annually,microsoft_bi
disease,D009,hepatitis-c,Hepatitis C,source_series_observation,CA-ON,"Ontario, Canada",D009,Hepatitis C,丙型肝炎,Viral,2026-02-01,2026-02,263,263,,,,,,SER_CA_ON_PHO_IDTO_HEPATITIS_C_UNSPECIFIED_COURSE_MONTHLY,SER_CA_ON_PHO_IDTO_HEPATITIS_C_UNSPECIFIED_COURSE_MONTHLY,SRC_CA_ON_PHO_IDTO,Hepatitis C,case_notifications,notification,monthly,count,country:CA-ON:national,all,exact,conditional,non_additive,active,missing_is_unknown,PHO_IDTO_2026_07,PHO IDTO current-year monthly preliminary hepatitis C notifications without an acute/chronic source split; confirmed cases only under the July 2026 technical notes.,,provisional,True,series_registry,single_series,parity,,SER_CA_ON_PHO_IDTO_HEPATITIS_C_UNSPECIFIED_COURSE_MONTHLY,1,The public curve is read directly from one registered source series.,pho_idto_monthly,Public Health Ontario IDTO Monthly,https://www.publichealthontario.ca/en/data-and-analysis/infectious-disease/reportable-disease-trends-annually,microsoft_bi,pho_idto_monthly,Public Health Ontario IDTO Monthly,https://www.publichealthontario.ca/en/data-and-analysis/infectious-disease/reportable-disease-trends-annually,microsoft_bi
disease,D009,hepatitis-c,Hepatitis C,public_projection,CH,Switzerland,D009,Hepatitis C,丙型肝炎,Viral,2026-02-01,2026-02,76,76,,,0.8437134136444889,wpp_computed,,,,,,,,,,,,,,,,,,,,,,legacy_fallback,legacy_fallback,,legacy_identity_may_be_lossy,,0,No eligible registered case-count series facts are available for this disease and country; the public curve uses the legacy flat table.,foph_idd,Switzerland FOPH IDD,https://www.idd.bag.admin.ch/en/portal-data,rest_api,foph_idd,Switzerland FOPH IDD,https://www.idd.bag.admin.ch/en/portal-data,rest_api
disease,D009,hepatitis-c,Hepatitis C,public_projection,CN,China,D009,Hepatitis C,丙型肝炎,Viral,2026-02-01,2026-02,10900,10900,,49,0.7714552561063235,wpp_computed,,SER_CN_HEPATITIS_C_UNSPECIFIED_COURSE,,,,,,monthly,,,,,,,,,,,,,,mixed,single_series,legacy_gap_fill,,SER_CN_HEPATITIS_C_UNSPECIFIED_COURSE,1,The public curve is read directly from one registered source series. Registry facts replace matching periods; legacy-only periods are retained as explicit coverage gap fills.,cdc_weekly,China CDC Weekly,https://weekly.chinacdc.cn,web,cdc_weekly; nhc; pubmed,China CDC Weekly; National Disease Control and Prevention Administration; PubMed,https://weekly.chinacdc.cn; https://www.ndcpa.gov.cn; https://pubmed.ncbi.nlm.nih.gov,web; web; web
disease,D009,hepatitis-c,Hepatitis C,public_projection,CN-AH,"Anhui, China",D009,Hepatitis C,丙型肝炎,Viral,2026-02-01,2026-02,375,375,,,,missing_population,,,,,,,,monthly,,,,,,,,,,,,,,series_registry,priority_overlay,parity,,SER_CN_PROV_DC_HEPATITIS_C; SER_CN_PROV_REPORT_HEPATITIS_C,2,Retained source series are overlaid per period using their explicit source priority; lower-priority observations remain downloadable.,cn_province_datacenter,Public Health Science Data Center,https://www.phsciencedata.cn/Share/ky_sjml.jsp,official_datacenter_spreadsheet,cn_province_datacenter; cn_province_monthly_report,Public Health Science Data Center; Provincial statutory infectious disease monthly report,https://www.phsciencedata.cn/Share/ky_sjml.jsp; https://www.ahlx.gov.cn/Jczwgk/showList/1/125024000/page_1.html,official_datacenter_spreadsheet; official_provincial_report
disease,D009,hepatitis-c,Hepatitis C,source_series_observation,CN-AH,"Anhui, China",D009,Hepatitis C,丙型肝炎,Viral,2026-02-01,2026-02,375,375,,,,,,SER_CN_PROV_REPORT_HEPATITIS_C,SER_CN_PROV_REPORT_HEPATITIS_C,SRC_CN_PROV_MONTHLY_REPORT,丙型肝炎,case_notifications,provincial_statutory_infectious_disease_monthly_report,monthly,count,country:CN-AH:national,all,exact,conditional,non_additive,active,missing_is_unknown,CN_PROVINCE_MONTHLY_REPORT_V1,Disease count explicitly published in an official provincial statutory infectious-disease monthly report; absent rows remain unknown and are never zero-filled.,,raw,True,series_registry,priority_overlay,parity,,SER_CN_PROV_DC_HEPATITIS_C; SER_CN_PROV_REPORT_HEPATITIS_C,2,Retained source series are overlaid per period using their explicit source priority; lower-priority observations remain downloadable.,cn_province_datacenter,Public Health Science Data Center,https://www.phsciencedata.cn/Share/ky_sjml.jsp,official_datacenter_spreadsheet,cn_province_datacenter; cn_province_monthly_report,Public Health Science Data Center; Provincial statutory infectious disease monthly report,https://www.phsciencedata.cn/Share/ky_sjml.jsp; https://www.ahlx.gov.cn/Jczwgk/showList/1/125024000/page_1.html,official_datacenter_spreadsheet; official_provincial_report
disease,D009,hepatitis-c,Hepatitis C,public_projection,CN-CQ,"Chongqing, China",D009,Hepatitis C,丙型肝炎,Viral,2026-02-01,2026-02,253,253,,,,missing_population,,,,,,,,monthly,,,,,,,,,,,,,,series_registry,priority_overlay,parity,,SER_CN_PROV_DC_HEPATITIS_C; SER_CN_PROV_REPORT_HEPATITIS_C,2,Retained source series are overlaid per period using their explicit source priority; lower-priority observations remain downloadable.,cn_province_datacenter,Public Health Science Data Center,https://www.phsciencedata.cn/Share/ky_sjml.jsp,official_datacenter_spreadsheet,cn_province_datacenter; cn_province_monthly_report,Public Health Science Data Center; Provincial statutory infectious disease monthly report,https://www.phsciencedata.cn/Share/ky_sjml.jsp; https://wsjkw.cq.gov.cn/zwgk_242/wsjklymsxx/ylws_266434/jbfk_266438/yqxx/,official_datacenter_spreadsheet; official_provincial_report
disease,D009,hepatitis-c,Hepatitis C,source_series_observation,CN-CQ,"Chongqing, China",D009,Hepatitis C,丙型肝炎,Viral,2026-02-01,2026-02,253,253,,,,,,SER_CN_PROV_REPORT_HEPATITIS_C,SER_CN_PROV_REPORT_HEPATITIS_C,SRC_CN_PROV_MONTHLY_REPORT,丙型肝炎,case_notifications,provincial_statutory_infectious_disease_monthly_report,monthly,count,country:CN-CQ:national,all,exact,conditional,non_additive,active,missing_is_unknown,CN_PROVINCE_MONTHLY_REPORT_V1,Disease count explicitly published in an official provincial statutory infectious-disease monthly report; absent rows remain unknown and are never zero-filled.,,raw,True,series_registry,priority_overlay,parity,,SER_CN_PROV_DC_HEPATITIS_C; SER_CN_PROV_REPORT_HEPATITIS_C,2,Retained source series are overlaid per period using their explicit source priority; lower-priority observations remain downloadable.,cn_province_datacenter,Public Health Science Data Center,https://www.phsciencedata.cn/Share/ky_sjml.jsp,official_datacenter_spreadsheet,cn_province_datacenter; cn_province_monthly_report,Public Health Science Data Center; Provincial statutory infectious disease monthly report,https://www.phsciencedata.cn/Share/ky_sjml.jsp; https://wsjkw.cq.gov.cn/zwgk_242/wsjklymsxx/ylws_266434/jbfk_266438/yqxx/,official_datacenter_spreadsheet; official_provincial_report
disease,D009,hepatitis-c,Hepatitis C,public_projection,CN-GD,"Guangdong, China",D009,Hepatitis C,丙型肝炎,Viral,2026-02-01,2026-02,1277,1277,,,,missing_population,,,,,,,,monthly,,,,,,,,,,,,,,series_registry,priority_overlay,parity,,SER_CN_PROV_DC_HEPATITIS_C; SER_CN_PROV_REPORT_HEPATITIS_C,2,Retained source series are overlaid per period using their explicit source priority; lower-priority observations remain downloadable.,cn_province_datacenter,Public Health Science Data Center,https://www.phsciencedata.cn/Share/ky_sjml.jsp,official_datacenter_spreadsheet,cn_province_datacenter; cn_province_monthly_report,Public Health Science Data Center; Provincial statutory infectious disease monthly report,https://www.phsciencedata.cn/Share/ky_sjml.jsp; https://wsjkw.gd.gov.cn/zwyw_yqxx/index.html,official_datacenter_spreadsheet; official_provincial_report
disease,D009,hepatitis-c,Hepatitis C,source_series_observation,CN-GD,"Guangdong, China",D009,Hepatitis C,丙型肝炎,Viral,2026-02-01,2026-02,1277,1277,,,,,,SER_CN_PROV_REPORT_HEPATITIS_C,SER_CN_PROV_REPORT_HEPATITIS_C,SRC_CN_PROV_MONTHLY_REPORT,丙型肝炎,case_notifications,provincial_statutory_infectious_disease_monthly_report,monthly,count,country:CN-GD:national,all,exact,conditional,non_additive,active,missing_is_unknown,CN_PROVINCE_MONTHLY_REPORT_V1,Disease count explicitly published in an official provincial statutory infectious-disease monthly report; absent rows remain unknown and are never zero-filled.,,raw,True,series_registry,priority_overlay,parity,,SER_CN_PROV_DC_HEPATITIS_C; SER_CN_PROV_REPORT_HEPATITIS_C,2,Retained source series are overlaid per period using their explicit source priority; lower-priority observations remain downloadable.,cn_province_datacenter,Public Health Science Data Center,https://www.phsciencedata.cn/Share/ky_sjml.jsp,official_datacenter_spreadsheet,cn_province_datacenter; cn_province_monthly_report,Public Health Science Data Center; Provincial statutory infectious disease monthly report,https://www.phsciencedata.cn/Share/ky_sjml.jsp; https://wsjkw.gd.gov.cn/zwyw_yqxx/index.html,official_datacenter_spreadsheet; official_provincial_report
disease,D009,hepatitis-c,Hepatitis C,public_projection,CN-HN,"Hunan, China",D009,Hepatitis C,丙型肝炎,Viral,2026-02-01,2026-02,566,566,,,,missing_population,,,,,,,,monthly,,,,,,,,,,,,,,series_registry,priority_overlay,parity,,SER_CN_PROV_DC_HEPATITIS_C; SER_CN_PROV_REPORT_HEPATITIS_C,2,Retained source series are overlaid per period using their explicit source priority; lower-priority observations remain downloadable.,cn_province_datacenter,Public Health Science Data Center,https://www.phsciencedata.cn/Share/ky_sjml.jsp,official_datacenter_spreadsheet,cn_province_datacenter; cn_province_monthly_report,Public Health Science Data Center; Provincial statutory infectious disease monthly report,https://www.phsciencedata.cn/Share/ky_sjml.jsp; http://wjw.hunan.gov.cn/wjw/xxgk/yqsj/,official_datacenter_spreadsheet; official_provincial_report
disease,D009,hepatitis-c,Hepatitis C,source_series_observation,CN-HN,"Hunan, China",D009,Hepatitis C,丙型肝炎,Viral,2026-02-01,2026-02,566,566,,,,,,SER_CN_PROV_REPORT_HEPATITIS_C,SER_CN_PROV_REPORT_HEPATITIS_C,SRC_CN_PROV_MONTHLY_REPORT,丙型肝炎,case_notifications,provincial_statutory_infectious_disease_monthly_report,monthly,count,country:CN-HN:national,all,exact,conditional,non_additive,active,missing_is_unknown,CN_PROVINCE_MONTHLY_REPORT_V1,Disease count explicitly published in an official provincial statutory infectious-disease monthly report; absent rows remain unknown and are never zero-filled.,,raw,True,series_registry,priority_overlay,parity,,SER_CN_PROV_DC_HEPATITIS_C; SER_CN_PROV_REPORT_HEPATITIS_C,2,Retained source series are overlaid per period using their explicit source priority; lower-priority observations remain downloadable.,cn_province_datacenter,Public Health Science Data Center,https://www.phsciencedata.cn/Share/ky_sjml.jsp,official_datacenter_spreadsheet,cn_province_datacenter; cn_province_monthly_report,Public Health Science Data Center; Provincial statutory infectious disease monthly report,https://www.phsciencedata.cn/Share/ky_sjml.jsp; http://wjw.hunan.gov.cn/wjw/xxgk/yqsj/,official_datacenter_spreadsheet; official_provincial_report
disease,D009,hepatitis-c,Hepatitis C,public_projection,CN-JS,"Jiangsu, China",D009,Hepatitis C,丙型肝炎,Viral,2026-02-01,2026-02,307,307,,,,missing_population,,,,,,,,monthly,,,,,,,,,,,,,,series_registry,priority_overlay,parity,,SER_CN_PROV_DC_HEPATITIS_C; SER_CN_PROV_REPORT_HEPATITIS_C,2,Retained source series are overlaid per period using their explicit source priority; lower-priority observations remain downloadable.,cn_province_datacenter,Public Health Science Data Center,https://www.phsciencedata.cn/Share/ky_sjml.jsp,official_datacenter_spreadsheet,cn_province_datacenter; cn_province_monthly_report,Public Health Science Data Center; Provincial statutory infectious disease monthly report,https://www.phsciencedata.cn/Share/ky_sjml.jsp; https://wjw.jiangsu.gov.cn/col/col76875/index.html,official_datacenter_spreadsheet; official_provincial_report
disease,D009,hepatitis-c,Hepatitis C,source_series_observation,CN-JS,"Jiangsu, China",D009,Hepatitis C,丙型肝炎,Viral,2026-02-01,2026-02,307,307,,,,,,SER_CN_PROV_REPORT_HEPATITIS_C,SER_CN_PROV_REPORT_HEPATITIS_C,SRC_CN_PROV_MONTHLY_REPORT,丙型肝炎,case_notifications,provincial_statutory_infectious_disease_monthly_report,monthly,count,country:CN-JS:national,all,exact,conditional,non_additive,active,missing_is_unknown,CN_PROVINCE_MONTHLY_REPORT_V1,Disease count explicitly published in an official provincial statutory infectious-disease monthly report; absent rows remain unknown and are never zero-filled.,,raw,True,series_registry,priority_overlay,parity,,SER_CN_PROV_DC_HEPATITIS_C; SER_CN_PROV_REPORT_HEPATITIS_C,2,Retained source series are overlaid per period using their explicit source priority; lower-priority observations remain downloadable.,cn_province_datacenter,Public Health Science Data Center,https://www.phsciencedata.cn/Share/ky_sjml.jsp,official_datacenter_spreadsheet,cn_province_datacenter; cn_province_monthly_report,Public Health Science Data Center; Provincial statutory infectious disease monthly report,https://www.phsciencedata.cn/Share/ky_sjml.jsp; https://wjw.jiangsu.gov.cn/col/col76875/index.html,official_datacenter_spreadsheet; official_provincial_report
disease,D009,hepatitis-c,Hepatitis C,public_projection,CN-SC,"Sichuan, China",D009,Hepatitis C,丙型肝炎,Viral,2026-02-01,2026-02,1398,1398,,,,missing_population,,,,,,,,monthly,,,,,,,,,,,,,,series_registry,priority_overlay,parity,,SER_CN_PROV_DC_HEPATITIS_C; SER_CN_PROV_REPORT_HEPATITIS_C,2,Retained source series are overlaid per period using their explicit source priority; lower-priority observations remain downloadable.,cn_province_datacenter,Public Health Science Data Center,https://www.phsciencedata.cn/Share/ky_sjml.jsp,official_datacenter_spreadsheet,cn_province_datacenter; cn_province_monthly_report,Public Health Science Data Center; Provincial statutory infectious disease monthly report,https://www.phsciencedata.cn/Share/ky_sjml.jsp; https://www.sccdc.cn/Article/List?ID=132,official_datacenter_spreadsheet; official_provincial_report
disease,D009,hepatitis-c,Hepatitis C,source_series_observation,CN-SC,"Sichuan, China",D009,Hepatitis C,丙型肝炎,Viral,2026-02-01,2026-02,1398,1398,,,,,,SER_CN_PROV_REPORT_HEPATITIS_C,SER_CN_PROV_REPORT_HEPATITIS_C,SRC_CN_PROV_MONTHLY_REPORT,丙型肝炎,case_notifications,provincial_statutory_infectious_disease_monthly_report,monthly,count,country:CN-SC:national,all,exact,conditional,non_additive,active,missing_is_unknown,CN_PROVINCE_MONTHLY_REPORT_V1,Disease count explicitly published in an official provincial statutory infectious-disease monthly report; absent rows remain unknown and are never zero-filled.,,raw,True,series_registry,priority_overlay,parity,,SER_CN_PROV_DC_HEPATITIS_C; SER_CN_PROV_REPORT_HEPATITIS_C,2,Retained source series are overlaid per period using their explicit source priority; lower-priority observations remain downloadable.,cn_province_datacenter,Public Health Science Data Center,https://www.phsciencedata.cn/Share/ky_sjml.jsp,official_datacenter_spreadsheet,cn_province_datacenter; cn_province_monthly_report,Public Health Science Data Center; Provincial statutory infectious disease monthly report,https://www.phsciencedata.cn/Share/ky_sjml.jsp; https://www.sccdc.cn/Article/List?ID=132,official_datacenter_spreadsheet; official_provincial_report
disease,D009,hepatitis-c,Hepatitis C,public_projection,CN-SH,"Shanghai, China",D009,Hepatitis C,丙型肝炎,Viral,2026-02-01,2026-02,3,3,,,,missing_population,,,,,,,,monthly,,,,,,,,,,,,,,series_registry,priority_overlay,parity,,SER_CN_PROV_DC_HEPATITIS_C; SER_CN_PROV_REPORT_HEPATITIS_C,2,Retained source series are overlaid per period using their explicit source priority; lower-priority observations remain downloadable.,cn_province_datacenter,Public Health Science Data Center,https://www.phsciencedata.cn/Share/ky_sjml.jsp,official_datacenter_spreadsheet,cn_province_datacenter; cn_province_monthly_report,Public Health Science Data Center; Provincial statutory infectious disease monthly report,https://www.phsciencedata.cn/Share/ky_sjml.jsp; https://wsjkw.sh.gov.cn/yqxx/index.html,official_datacenter_spreadsheet; official_provincial_report
disease,D009,hepatitis-c,Hepatitis C,source_series_observation,CN-SH,"Shanghai, China",D009,Hepatitis C,丙型肝炎,Viral,2026-02-01,2026-02,3,3,,,,,,SER_CN_PROV_REPORT_HEPATITIS_C,SER_CN_PROV_REPORT_HEPATITIS_C,SRC_CN_PROV_MONTHLY_REPORT,丙型肝炎,case_notifications,provincial_statutory_infectious_disease_monthly_report,monthly,count,country:CN-SH:national,all,exact,conditional,non_additive,active,missing_is_unknown,CN_PROVINCE_MONTHLY_REPORT_V1,Disease count explicitly published in an official provincial statutory infectious-disease monthly report; absent rows remain unknown and are never zero-filled.,,raw,True,series_registry,priority_overlay,parity,,SER_CN_PROV_DC_HEPATITIS_C; SER_CN_PROV_REPORT_HEPATITIS_C,2,Retained source series are overlaid per period using their explicit source priority; lower-priority observations remain downloadable.,cn_province_datacenter,Public Health Science Data Center,https://www.phsciencedata.cn/Share/ky_sjml.jsp,official_datacenter_spreadsheet,cn_province_datacenter; cn_province_monthly_report,Public Health Science Data Center; Provincial statutory infectious disease monthly report,https://www.phsciencedata.cn/Share/ky_sjml.jsp; https://wsjkw.sh.gov.cn/yqxx/index.html,official_datacenter_spreadsheet; official_provincial_report
disease,D009,hepatitis-c,Hepatitis C,public_projection,CN-XJ,"Xinjiang, China",D009,Hepatitis C,丙型肝炎,Viral,2026-02-01,2026-02,393,393,,,,missing_population,,,,,,,,monthly,,,,,,,,,,,,,,series_registry,priority_overlay,parity,,SER_CN_PROV_DC_HEPATITIS_C; SER_CN_PROV_REPORT_HEPATITIS_C,2,Retained source series are overlaid per period using their explicit source priority; lower-priority observations remain downloadable.,cn_province_datacenter,Public Health Science Data Center,https://www.phsciencedata.cn/Share/ky_sjml.jsp,official_datacenter_spreadsheet,cn_province_datacenter; cn_province_monthly_report,Public Health Science Data Center; Provincial statutory infectious disease monthly report,https://www.phsciencedata.cn/Share/ky_sjml.jsp; https://wjw.xinjiang.gov.cn/hfpc/jbjcypj/nav_list.shtml,official_datacenter_spreadsheet; official_provincial_report
disease,D009,hepatitis-c,Hepatitis C,source_series_observation,CN-XJ,"Xinjiang, China",D009,Hepatitis C,丙型肝炎,Viral,2026-02-01,2026-02,393,393,,,,,,SER_CN_PROV_REPORT_HEPATITIS_C,SER_CN_PROV_REPORT_HEPATITIS_C,SRC_CN_PROV_MONTHLY_REPORT,丙型肝炎,case_notifications,provincial_statutory_infectious_disease_monthly_report,monthly,count,country:CN-XJ:national,all,exact,conditional,non_additive,active,missing_is_unknown,CN_PROVINCE_MONTHLY_REPORT_V1,Disease count explicitly published in an official provincial statutory infectious-disease monthly report; absent rows remain unknown and are never zero-filled.,,raw,True,series_registry,priority_overlay,parity,,SER_CN_PROV_DC_HEPATITIS_C; SER_CN_PROV_REPORT_HEPATITIS_C,2,Retained source series are overlaid per period using their explicit source priority; lower-priority observations remain downloadable.,cn_province_datacenter,Public Health Science Data Center,https://www.phsciencedata.cn/Share/ky_sjml.jsp,official_datacenter_spreadsheet,cn_province_datacenter; cn_province_monthly_report,Public Health Science Data Center; Provincial statutory infectious disease monthly report,https://www.phsciencedata.cn/Share/ky_sjml.jsp; https://wjw.xinjiang.gov.cn/hfpc/jbjcypj/nav_list.shtml,official_datacenter_spreadsheet; official_provincial_report
disease,D009,hepatitis-c,Hepatitis C,public_projection,CN-ZJ,"Zhejiang, China",D009,Hepatitis C,丙型肝炎,Viral,2026-02-01,2026-02,149,149,,,,missing_population,,,,,,,,monthly,,,,,,,,,,,,,,series_registry,priority_overlay,parity,,SER_CN_PROV_DC_HEPATITIS_C; SER_CN_PROV_REPORT_HEPATITIS_C,2,Retained source series are overlaid per period using their explicit source priority; lower-priority observations remain downloadable.,cn_province_datacenter,Public Health Science Data Center,https://www.phsciencedata.cn/Share/ky_sjml.jsp,official_datacenter_spreadsheet,cn_province_datacenter; cn_province_monthly_report,Public Health Science Data Center; Provincial statutory infectious disease monthly report,https://www.phsciencedata.cn/Share/ky_sjml.jsp; https://www.yw.gov.cn/col/col1229452786/index.html,official_datacenter_spreadsheet; official_provincial_report
disease,D009,hepatitis-c,Hepatitis C,source_series_observation,CN-ZJ,"Zhejiang, China",D009,Hepatitis C,丙型肝炎,Viral,2026-02-01,2026-02,149,149,,,,,,SER_CN_PROV_REPORT_HEPATITIS_C,SER_CN_PROV_REPORT_HEPATITIS_C,SRC_CN_PROV_MONTHLY_REPORT,丙型肝炎,case_notifications,provincial_statutory_infectious_disease_monthly_report,monthly,count,country:CN-ZJ:national,all,exact,conditional,non_additive,active,missing_is_unknown,CN_PROVINCE_MONTHLY_REPORT_V1,Disease count explicitly published in an official provincial statutory infectious-disease monthly report; absent rows remain unknown and are never zero-filled.,,raw,True,series_registry,priority_overlay,parity,,SER_CN_PROV_DC_HEPATITIS_C; SER_CN_PROV_REPORT_HEPATITIS_C,2,Retained source series are overlaid per period using their explicit source priority; lower-priority observations remain downloadable.,cn_province_datacenter,Public Health Science Data Center,https://www.phsciencedata.cn/Share/ky_sjml.jsp,official_datacenter_spreadsheet,cn_province_datacenter; cn_province_monthly_report,Public Health Science Data Center; Provincial statutory infectious disease monthly report,https://www.phsciencedata.cn/Share/ky_sjml.jsp; https://www.yw.gov.cn/col/col1229452786/index.html,official_datacenter_spreadsheet; official_provincial_report
disease,D009,hepatitis-c,Hepatitis C,public_projection,FI,Finland,D009,Hepatitis C,丙型肝炎,Viral,2026-02-01,2026-02,87,87,,,1.5475639786517998,wpp_computed,,SER_FI_THL_TTR_703,,,,,,monthly,,,,,,,,,,,,,,series_registry,representative_series,legacy_gap_fill_blocked_incompatible,non_additive_series_not_rolled_up,SER_FI_THL_TTR_703,2,Multiple registered series are not declared safely additive. The compatibility curve uses one representative series; inspect source_series for every retained definition. Legacy rows with a different reporting grain or comparison basis were not joined to this curve.,thl_ttr,Finland THL Infectious Diseases Register,https://sampo.thl.fi/pivot/prod/en/ttr/cases/fact_ttr_cases,cube_csv,thl_ttr,Finland THL Infectious Diseases Register,https://sampo.thl.fi/pivot/prod/en/ttr/cases/fact_ttr_cases,cube_csv
disease,D009,hepatitis-c,Hepatitis C,source_series_observation,FI,Finland,D009,Hepatitis C,丙型肝炎,Viral,2026-02-01,2026-02,87,87,,,,,,SER_FI_THL_TTR_703,SER_FI_THL_TTR_703,SRC_FI_THL_TTR,Hepatitis C,case_notifications,national_notifiable_disease_registry,monthly,count,country:FI:national,all,exact,conditional,non_additive,active,missing_is_unknown,FI_THL_TTR_reporting_group,Finland THL national monthly notification series; Source does not qualify acute/chronic course.,,provisional; raw,True,series_registry,representative_series,legacy_gap_fill_blocked_incompatible,non_additive_series_not_rolled_up,SER_FI_THL_TTR_703,2,Multiple registered series are not declared safely additive. The compatibility curve uses one representative series; inspect source_series for every retained definition. Legacy rows with a different reporting grain or comparison basis were not joined to this curve.,thl_ttr,Finland THL Infectious Diseases Register,https://sampo.thl.fi/pivot/prod/en/ttr/cases/fact_ttr_cases,cube_csv,thl_ttr,Finland THL Infectious Diseases Register,https://sampo.thl.fi/pivot/prod/en/ttr/cases/fact_ttr_cases,cube_csv
disease,D009,hepatitis-c,Hepatitis C,public_projection,HK,"Hong Kong, China",D009,Hepatitis C,丙型肝炎,Viral,2026-02-01,2026-02,3,3,,,0.040658108405901276,wpp_computed,,,,,,,,,,,,,,,,,,,,,,legacy_fallback,legacy_fallback,,legacy_identity_may_be_lossy,,0,No eligible registered case-count series facts are available for this disease and country; the public curve uses the legacy flat table.,chp_notifiable,"Hong Kong, China CHP Notifiable Diseases",https://www.chp.gov.hk/en/static/24012.html,open_data_csv,chp_notifiable,"Hong Kong, China CHP Notifiable Diseases",https://www.chp.gov.hk/en/static/24012.html,open_data_csv
disease,D009,hepatitis-c,Hepatitis C,public_projection,KR,South Korea,D009,Hepatitis C,丙型肝炎,Viral,2026-02-01,2026-02,329,329,,,0.6375921049275831,wpp_computed,,,,,,,,,,,,,,,,,,,,,,legacy_fallback,legacy_fallback,,legacy_identity_may_be_lossy,,0,No eligible registered case-count series facts are available for this disease and country; the public curve uses the legacy flat table.,kdca_open_api,Korea KDCA EID,https://www.data.go.kr/data/15139178/openapi.do,open_api_or_portal_download,kdca_open_api,Korea KDCA EID,https://www.data.go.kr/data/15139178/openapi.do,open_api_or_portal_download
disease,D009,hepatitis-c,Hepatitis C,public_projection,NO,Norway,D009,Hepatitis C,丙型肝炎,Viral,2026-02-01,2026-02,39,39,,,0.6899005720602475,wpp_computed,,SER_NO_FHI_203_MONTHLY,,,,,,monthly,,,,,,,,,,,,,,series_registry,representative_series,parity,non_additive_series_not_rolled_up,SER_NO_FHI_203_MONTHLY,2,Multiple registered series are not declared safely additive. The compatibility curve uses one representative series; inspect source_series for every retained definition.,fhi_msis,Norway FHI MSIS Statistics Bank,https://allvis.fhi.no/msis,official_json_api,fhi_msis,Norway FHI MSIS Statistics Bank,https://allvis.fhi.no/msis,official_json_api
disease,D009,hepatitis-c,Hepatitis C,source_series_observation,NO,Norway,D009,Hepatitis C,丙型肝炎,Viral,2026-02-01,2026-02,39,39,,,,,,SER_NO_FHI_203_MONTHLY,SER_NO_FHI_203_MONTHLY,SRC_NO_FHI_MSIS,Hepatitt C,case_notifications,national_notifiable_disease_registry,monthly,count,country:NO:national,all,exact,conditional,non_additive,active,missing_is_unknown,NO_FHI_MSIS_diagnosis_monthly,Norway FHI MSIS national monthly diagnosis series; FHI MSIS clinical course not specified.,,raw; revised,True,series_registry,representative_series,parity,non_additive_series_not_rolled_up,SER_NO_FHI_203_MONTHLY,2,Multiple registered series are not declared safely additive. The compatibility curve uses one representative series; inspect source_series for every retained definition.,fhi_msis,Norway FHI MSIS Statistics Bank,https://allvis.fhi.no/msis,official_json_api,fhi_msis,Norway FHI MSIS Statistics Bank,https://allvis.fhi.no/msis,official_json_api
disease,D009,hepatitis-c,Hepatitis C,public_projection,NZ,New Zealand,D009,Hepatitis C,丙型肝炎,Viral,2026-02-01,2026-02,1,1,,0,0.01891260466471829,wpp_computed,,SER_NZ_HEPATITIS_C_MONTHLY,,,,,,monthly,,,,,,,,,,,,,,series_registry,single_series,parity,,SER_NZ_HEPATITIS_C_MONTHLY,1,The public curve is read directly from one registered source series.,phf_monthly,New Zealand PHF Science Monthly Notifiable Diseases,https://www.phfscience.nz/digital-library/,web,phf_monthly,New Zealand PHF Science Monthly Notifiable Diseases,https://www.phfscience.nz/digital-library/,web
disease,D009,hepatitis-c,Hepatitis C,source_series_observation,NZ,New Zealand,D009,Hepatitis C,丙型肝炎,Viral,2026-02-01,2026-02,1,1,,,,,,SER_NZ_HEPATITIS_C_MONTHLY,SER_NZ_HEPATITIS_C_MONTHLY,SRC_NZ_PHS,Hepatitis C,case_notifications,notification,monthly,count,country:NZ:national,all,exact,conditional,non_additive,active,missing_is_unknown,NZ_PHS_current,New Zealand PHF Science monthly hepatitis C notifications without a source-reported clinical-course split.,,provisional; raw,True,series_registry,single_series,parity,,SER_NZ_HEPATITIS_C_MONTHLY,1,The public curve is read directly from one registered source series.,phf_monthly,New Zealand PHF Science Monthly Notifiable Diseases,https://www.phfscience.nz/digital-library/,web,phf_monthly,New Zealand PHF Science Monthly Notifiable Diseases,https://www.phfscience.nz/digital-library/,web
disease,D009,hepatitis-c,Hepatitis C,public_projection,SE,Sweden,D009,Hepatitis C,丙型肝炎,Viral,2026-02-01,2026-02,46,46,,,0.4298644997010339,wpp_computed,,SER_SE_FOHM_SMINET_HEPATITIS_C,,,,,,monthly,,,,,,,,,,,,,,series_registry,representative_series,parity,non_additive_series_not_rolled_up,SER_SE_FOHM_SMINET_HEPATITIS_C,2,Multiple registered series are not declared safely additive. The compatibility curve uses one representative series; inspect source_series for every retained definition.,fohm_sminet,Sweden Public Health Agency SmiNet,https://www.folkhalsomyndigheten.se/statistik-och-data/hitta-statistik-och-data/smittsamma-sjukdomar-statistik/,official_html_csv,fohm_sminet,Sweden Public Health Agency SmiNet,https://www.folkhalsomyndigheten.se/statistik-och-data/hitta-statistik-och-data/smittsamma-sjukdomar-statistik/,official_html_csv
disease,D009,hepatitis-c,Hepatitis C,source_series_observation,SE,Sweden,D009,Hepatitis C,丙型肝炎,Viral,2026-02-01,2026-02,46,46,,,,,,SER_SE_FOHM_SMINET_HEPATITIS_C,SER_SE_FOHM_SMINET_HEPATITIS_C,SRC_SE_FOHM_SMINET,Hepatit C,case_notifications,national_notifiable_disease_registry,monthly,count,country:SE:national,all,exact,conditional,non_additive,active,missing_is_unknown,SE_FOHM_SMINET_current,Sweden FHM SmiNet national monthly notification series; Source does not qualify acute or chronic course.,,revised,True,series_registry,representative_series,parity,non_additive_series_not_rolled_up,SER_SE_FOHM_SMINET_HEPATITIS_C,2,Multiple registered series are not declared safely additive. The compatibility curve uses one representative series; inspect source_series for every retained definition.,fohm_sminet,Sweden Public Health Agency SmiNet,https://www.folkhalsomyndigheten.se/statistik-och-data/hitta-statistik-och-data/smittsamma-sjukdomar-statistik/,official_html_csv,fohm_sminet,Sweden Public Health Agency SmiNet,https://www.folkhalsomyndigheten.se/statistik-och-data/hitta-statistik-och-data/smittsamma-sjukdomar-statistik/,official_html_csv
disease,D009,hepatitis-c,Hepatitis C,public_projection,AU-ACT,"Australian Capital Territory, Australia",D009,Hepatitis C,丙型肝炎,Viral,2026-03-01,2026-03,,,,,,missing_population,,,,,,,,,,,,,,,,,,,,,,legacy_fallback,legacy_fallback,,legacy_identity_may_be_lossy,,0,No eligible registered case-count series facts are available for this disease and country; the public curve uses the legacy flat table.,all,Australia NINDSS — Australian Capital Territory,https://www.cdc.gov.au/resources/apps-and-tools/nndss-data-visualisation-tool,microsoft_bi,all,Australia NINDSS — Australian Capital Territory,https://www.cdc.gov.au/resources/apps-and-tools/nndss-data-visualisation-tool,microsoft_bi
disease,D009,hepatitis-c,Hepatitis C,public_projection,AU-NSW,"New South Wales, Australia",D009,Hepatitis C,丙型肝炎,Viral,2026-03-01,2026-03,169,169,,,1.9492266817991246,abs_computed,,,,,,,,,,,,,,,,,,,,,,legacy_fallback,legacy_fallback,,legacy_identity_may_be_lossy,,0,No eligible registered case-count series facts are available for this disease and country; the public curve uses the legacy flat table.,all,Australia NINDSS — New South Wales,https://www.cdc.gov.au/resources/apps-and-tools/nndss-data-visualisation-tool,microsoft_bi,all,Australia NINDSS — New South Wales,https://www.cdc.gov.au/resources/apps-and-tools/nndss-data-visualisation-tool,microsoft_bi
disease,D009,hepatitis-c,Hepatitis C,public_projection,AU-NT,"Northern Territory, Australia",D009,Hepatitis C,丙型肝炎,Viral,2026-03-01,2026-03,0,0,,,0.0,abs_computed,,,,,,,,,,,,,,,,,,,,,,legacy_fallback,legacy_fallback,,legacy_identity_may_be_lossy,,0,No eligible registered case-count series facts are available for this disease and country; the public curve uses the legacy flat table.,all,Australia NINDSS — Northern Territory,https://www.cdc.gov.au/resources/apps-and-tools/nndss-data-visualisation-tool,microsoft_bi,all,Australia NINDSS — Northern Territory,https://www.cdc.gov.au/resources/apps-and-tools/nndss-data-visualisation-tool,microsoft_bi
disease,D009,hepatitis-c,Hepatitis C,public_projection,AU-QLD,"Queensland, Australia",D009,Hepatitis C,丙型肝炎,Viral,2026-03-01,2026-03,124,124,,,2.1604816201381976,abs_computed,,,,,,,,,,,,,,,,,,,,,,legacy_fallback,legacy_fallback,,legacy_identity_may_be_lossy,,0,No eligible registered case-count series facts are available for this disease and country; the public curve uses the legacy flat table.,all,Australia NINDSS — Queensland,https://www.cdc.gov.au/resources/apps-and-tools/nndss-data-visualisation-tool,microsoft_bi,all,Australia NINDSS — Queensland,https://www.cdc.gov.au/resources/apps-and-tools/nndss-data-visualisation-tool,microsoft_bi
disease,D009,hepatitis-c,Hepatitis C,public_projection,AU-SA,"South Australia, Australia",D009,Hepatitis C,丙型肝炎,Viral,2026-03-01,2026-03,13,13,,,0.6782009519854594,abs_computed,,,,,,,,,,,,,,,,,,,,,,legacy_fallback,legacy_fallback,,legacy_identity_may_be_lossy,,0,No eligible registered case-count series facts are available for this disease and country; the public curve uses the legacy flat table.,all,Australia NINDSS — South Australia,https://www.cdc.gov.au/resources/apps-and-tools/nndss-data-visualisation-tool,microsoft_bi,all,Australia NINDSS — South Australia,https://www.cdc.gov.au/resources/apps-and-tools/nndss-data-visualisation-tool,microsoft_bi
disease,D009,hepatitis-c,Hepatitis C,public_projection,AU-TAS,"Tasmania, Australia",D009,Hepatitis C,丙型肝炎,Viral,2026-03-01,2026-03,10,10,,,1.7220862730781086,abs_computed,,,,,,,,,,,,,,,,,,,,,,legacy_fallback,legacy_fallback,,legacy_identity_may_be_lossy,,0,No eligible registered case-count series facts are available for this disease and country; the public curve uses the legacy flat table.,all,Australia NINDSS — Tasmania,https://www.cdc.gov.au/resources/apps-and-tools/nndss-data-visualisation-tool,microsoft_bi,all,Australia NINDSS — Tasmania,https://www.cdc.gov.au/resources/apps-and-tools/nndss-data-visualisation-tool,microsoft_bi
disease,D009,hepatitis-c,Hepatitis C,public_projection,AU-VIC,"Victoria, Australia",D009,Hepatitis C,丙型肝炎,Viral,2026-03-01,2026-03,119,119,,,1.6633537040580657,abs_computed,,,,,,,,,,,,,,,,,,,,,,legacy_fallback,legacy_fallback,,legacy_identity_may_be_lossy,,0,No eligible registered case-count series facts are available for this disease and country; the public curve uses the legacy flat table.,all,Australia NINDSS — Victoria,https://www.cdc.gov.au/resources/apps-and-tools/nndss-data-visualisation-tool,microsoft_bi,all,Australia NINDSS — Victoria,https://www.cdc.gov.au/resources/apps-and-tools/nndss-data-visualisation-tool,microsoft_bi
disease,D009,hepatitis-c,Hepatitis C,public_projection,AU-WA,"Western Australia, Australia",D009,Hepatitis C,丙型肝炎,Viral,2026-03-01,2026-03,96,96,,,3.1005528673331564,abs_computed,,,,,,,,,,,,,,,,,,,,,,legacy_fallback,legacy_fallback,,legacy_identity_may_be_lossy,,0,No eligible registered case-count series facts are available for this disease and country; the public curve uses the legacy flat table.,all,Australia NINDSS — Western Australia,https://www.cdc.gov.au/resources/apps-and-tools/nndss-data-visualisation-tool,microsoft_bi,all,Australia NINDSS — Western Australia,https://www.cdc.gov.au/resources/apps-and-tools/nndss-data-visualisation-tool,microsoft_bi
disease,D009,hepatitis-c,Hepatitis C,public_projection,CA-ON,"Ontario, Canada",D009,Hepatitis C,丙型肝炎,Viral,2026-03-01,2026-03,262,262,,,,missing_population,,SER_CA_ON_PHO_IDTO_HEPATITIS_C_UNSPECIFIED_COURSE_MONTHLY,,,,,,monthly,,,,,,,,,,,,,,series_registry,single_series,parity,,SER_CA_ON_PHO_IDTO_HEPATITIS_C_UNSPECIFIED_COURSE_MONTHLY,1,The public curve is read directly from one registered source series.,pho_idto_monthly,Public Health Ontario IDTO Monthly,https://www.publichealthontario.ca/en/data-and-analysis/infectious-disease/reportable-disease-trends-annually,microsoft_bi,pho_idto_monthly,Public Health Ontario IDTO Monthly,https://www.publichealthontario.ca/en/data-and-analysis/infectious-disease/reportable-disease-trends-annually,microsoft_bi
disease,D009,hepatitis-c,Hepatitis C,source_series_observation,CA-ON,"Ontario, Canada",D009,Hepatitis C,丙型肝炎,Viral,2026-03-01,2026-03,262,262,,,,,,SER_CA_ON_PHO_IDTO_HEPATITIS_C_UNSPECIFIED_COURSE_MONTHLY,SER_CA_ON_PHO_IDTO_HEPATITIS_C_UNSPECIFIED_COURSE_MONTHLY,SRC_CA_ON_PHO_IDTO,Hepatitis C,case_notifications,notification,monthly,count,country:CA-ON:national,all,exact,conditional,non_additive,active,missing_is_unknown,PHO_IDTO_2026_07,PHO IDTO current-year monthly preliminary hepatitis C notifications without an acute/chronic source split; confirmed cases only under the July 2026 technical notes.,,provisional,True,series_registry,single_series,parity,,SER_CA_ON_PHO_IDTO_HEPATITIS_C_UNSPECIFIED_COURSE_MONTHLY,1,The public curve is read directly from one registered source series.,pho_idto_monthly,Public Health Ontario IDTO Monthly,https://www.publichealthontario.ca/en/data-and-analysis/infectious-disease/reportable-disease-trends-annually,microsoft_bi,pho_idto_monthly,Public Health Ontario IDTO Monthly,https://www.publichealthontario.ca/en/data-and-analysis/infectious-disease/reportable-disease-trends-annually,microsoft_bi
disease,D009,hepatitis-c,Hepatitis C,public_projection,CH,Switzerland,D009,Hepatitis C,丙型肝炎,Viral,2026-03-01,2026-03,66,66,,,0.7326984907965298,wpp_computed,,,,,,,,,,,,,,,,,,,,,,legacy_fallback,legacy_fallback,,legacy_identity_may_be_lossy,,0,No eligible registered case-count series facts are available for this disease and country; the public curve uses the legacy flat table.,foph_idd,Switzerland FOPH IDD,https://www.idd.bag.admin.ch/en/portal-data,rest_api,foph_idd,Switzerland FOPH IDD,https://www.idd.bag.admin.ch/en/portal-data,rest_api
disease,D009,hepatitis-c,Hepatitis C,public_projection,CN,China,D009,Hepatitis C,丙型肝炎,Viral,2026-03-01,2026-03,16305,16305,,107,1.1539979771388627,wpp_computed,,SER_CN_HEPATITIS_C_UNSPECIFIED_COURSE,,,,,,monthly,,,,,,,,,,,,,,mixed,single_series,legacy_gap_fill,,SER_CN_HEPATITIS_C_UNSPECIFIED_COURSE,1,The public curve is read directly from one registered source series. Registry facts replace matching periods; legacy-only periods are retained as explicit coverage gap fills.,cdc_weekly,China CDC Weekly,https://weekly.chinacdc.cn,web,cdc_weekly; nhc; pubmed,China CDC Weekly; National Disease Control and Prevention Administration; PubMed,https://weekly.chinacdc.cn; https://www.ndcpa.gov.cn; https://pubmed.ncbi.nlm.nih.gov,web; web; web
disease,D009,hepatitis-c,Hepatitis C,public_projection,CN-AH,"Anhui, China",D009,Hepatitis C,丙型肝炎,Viral,2026-03-01,2026-03,574,574,,,,missing_population,,,,,,,,monthly,,,,,,,,,,,,,,series_registry,priority_overlay,parity,,SER_CN_PROV_DC_HEPATITIS_C; SER_CN_PROV_REPORT_HEPATITIS_C,2,Retained source series are overlaid per period using their explicit source priority; lower-priority observations remain downloadable.,cn_province_datacenter,Public Health Science Data Center,https://www.phsciencedata.cn/Share/ky_sjml.jsp,official_datacenter_spreadsheet,cn_province_datacenter; cn_province_monthly_report,Public Health Science Data Center; Provincial statutory infectious disease monthly report,https://www.phsciencedata.cn/Share/ky_sjml.jsp; https://www.ahlx.gov.cn/Jczwgk/showList/1/125024000/page_1.html,official_datacenter_spreadsheet; official_provincial_report
disease,D009,hepatitis-c,Hepatitis C,source_series_observation,CN-AH,"Anhui, China",D009,Hepatitis C,丙型肝炎,Viral,2026-03-01,2026-03,574,574,,,,,,SER_CN_PROV_REPORT_HEPATITIS_C,SER_CN_PROV_REPORT_HEPATITIS_C,SRC_CN_PROV_MONTHLY_REPORT,丙型肝炎,case_notifications,provincial_statutory_infectious_disease_monthly_report,monthly,count,country:CN-AH:national,all,exact,conditional,non_additive,active,missing_is_unknown,CN_PROVINCE_MONTHLY_REPORT_V1,Disease count explicitly published in an official provincial statutory infectious-disease monthly report; absent rows remain unknown and are never zero-filled.,,raw,True,series_registry,priority_overlay,parity,,SER_CN_PROV_DC_HEPATITIS_C; SER_CN_PROV_REPORT_HEPATITIS_C,2,Retained source series are overlaid per period using their explicit source priority; lower-priority observations remain downloadable.,cn_province_datacenter,Public Health Science Data Center,https://www.phsciencedata.cn/Share/ky_sjml.jsp,official_datacenter_spreadsheet,cn_province_datacenter; cn_province_monthly_report,Public Health Science Data Center; Provincial statutory infectious disease monthly report,https://www.phsciencedata.cn/Share/ky_sjml.jsp; https://www.ahlx.gov.cn/Jczwgk/showList/1/125024000/page_1.html,official_datacenter_spreadsheet; official_provincial_report
disease,D009,hepatitis-c,Hepatitis C,public_projection,CN-CQ,"Chongqing, China",D009,Hepatitis C,丙型肝炎,Viral,2026-03-01,2026-03,429,429,,,,missing_population,,,,,,,,monthly,,,,,,,,,,,,,,series_registry,priority_overlay,parity,,SER_CN_PROV_DC_HEPATITIS_C; SER_CN_PROV_REPORT_HEPATITIS_C,2,Retained source series are overlaid per period using their explicit source priority; lower-priority observations remain downloadable.,cn_province_datacenter,Public Health Science Data Center,https://www.phsciencedata.cn/Share/ky_sjml.jsp,official_datacenter_spreadsheet,cn_province_datacenter; cn_province_monthly_report,Public Health Science Data Center; Provincial statutory infectious disease monthly report,https://www.phsciencedata.cn/Share/ky_sjml.jsp; https://wsjkw.cq.gov.cn/zwgk_242/wsjklymsxx/ylws_266434/jbfk_266438/yqxx/,official_datacenter_spreadsheet; official_provincial_report
disease,D009,hepatitis-c,Hepatitis C,source_series_observation,CN-CQ,"Chongqing, China",D009,Hepatitis C,丙型肝炎,Viral,2026-03-01,2026-03,429,429,,,,,,SER_CN_PROV_REPORT_HEPATITIS_C,SER_CN_PROV_REPORT_HEPATITIS_C,SRC_CN_PROV_MONTHLY_REPORT,丙型肝炎,case_notifications,provincial_statutory_infectious_disease_monthly_report,monthly,count,country:CN-CQ:national,all,exact,conditional,non_additive,active,missing_is_unknown,CN_PROVINCE_MONTHLY_REPORT_V1,Disease count explicitly published in an official provincial statutory infectious-disease monthly report; absent rows remain unknown and are never zero-filled.,,raw,True,series_registry,priority_overlay,parity,,SER_CN_PROV_DC_HEPATITIS_C; SER_CN_PROV_REPORT_HEPATITIS_C,2,Retained source series are overlaid per period using their explicit source priority; lower-priority observations remain downloadable.,cn_province_datacenter,Public Health Science Data Center,https://www.phsciencedata.cn/Share/ky_sjml.jsp,official_datacenter_spreadsheet,cn_province_datacenter; cn_province_monthly_report,Public Health Science Data Center; Provincial statutory infectious disease monthly report,https://www.phsciencedata.cn/Share/ky_sjml.jsp; https://wsjkw.cq.gov.cn/zwgk_242/wsjklymsxx/ylws_266434/jbfk_266438/yqxx/,official_datacenter_spreadsheet; official_provincial_report
disease,D009,hepatitis-c,Hepatitis C,public_projection,CN-GD,"Guangdong, China",D009,Hepatitis C,丙型肝炎,Viral,2026-03-01,2026-03,1775,1775,,,,missing_population,,,,,,,,monthly,,,,,,,,,,,,,,series_registry,priority_overlay,parity,,SER_CN_PROV_DC_HEPATITIS_C; SER_CN_PROV_REPORT_HEPATITIS_C,2,Retained source series are overlaid per period using their explicit source priority; lower-priority observations remain downloadable.,cn_province_datacenter,Public Health Science Data Center,https://www.phsciencedata.cn/Share/ky_sjml.jsp,official_datacenter_spreadsheet,cn_province_datacenter; cn_province_monthly_report,Public Health Science Data Center; Provincial statutory infectious disease monthly report,https://www.phsciencedata.cn/Share/ky_sjml.jsp; https://wsjkw.gd.gov.cn/zwyw_yqxx/index.html,official_datacenter_spreadsheet; official_provincial_report
disease,D009,hepatitis-c,Hepatitis C,source_series_observation,CN-GD,"Guangdong, China",D009,Hepatitis C,丙型肝炎,Viral,2026-03-01,2026-03,1775,1775,,,,,,SER_CN_PROV_REPORT_HEPATITIS_C,SER_CN_PROV_REPORT_HEPATITIS_C,SRC_CN_PROV_MONTHLY_REPORT,丙型肝炎,case_notifications,provincial_statutory_infectious_disease_monthly_report,monthly,count,country:CN-GD:national,all,exact,conditional,non_additive,active,missing_is_unknown,CN_PROVINCE_MONTHLY_REPORT_V1,Disease count explicitly published in an official provincial statutory infectious-disease monthly report; absent rows remain unknown and are never zero-filled.,,raw,True,series_registry,priority_overlay,parity,,SER_CN_PROV_DC_HEPATITIS_C; SER_CN_PROV_REPORT_HEPATITIS_C,2,Retained source series are overlaid per period using their explicit source priority; lower-priority observations remain downloadable.,cn_province_datacenter,Public Health Science Data Center,https://www.phsciencedata.cn/Share/ky_sjml.jsp,official_datacenter_spreadsheet,cn_province_datacenter; cn_province_monthly_report,Public Health Science Data Center; Provincial statutory infectious disease monthly report,https://www.phsciencedata.cn/Share/ky_sjml.jsp; https://wsjkw.gd.gov.cn/zwyw_yqxx/index.html,official_datacenter_spreadsheet; official_provincial_report
disease,D009,hepatitis-c,Hepatitis C,public_projection,CN-HN,"Hunan, China",D009,Hepatitis C,丙型肝炎,Viral,2026-03-01,2026-03,923,923,,,,missing_population,,,,,,,,monthly,,,,,,,,,,,,,,series_registry,priority_overlay,parity,,SER_CN_PROV_DC_HEPATITIS_C; SER_CN_PROV_REPORT_HEPATITIS_C,2,Retained source series are overlaid per period using their explicit source priority; lower-priority observations remain downloadable.,cn_province_datacenter,Public Health Science Data Center,https://www.phsciencedata.cn/Share/ky_sjml.jsp,official_datacenter_spreadsheet,cn_province_datacenter; cn_province_monthly_report,Public Health Science Data Center; Provincial statutory infectious disease monthly report,https://www.phsciencedata.cn/Share/ky_sjml.jsp; http://wjw.hunan.gov.cn/wjw/xxgk/yqsj/,official_datacenter_spreadsheet; official_provincial_report
disease,D009,hepatitis-c,Hepatitis C,source_series_observation,CN-HN,"Hunan, China",D009,Hepatitis C,丙型肝炎,Viral,2026-03-01,2026-03,923,923,,,,,,SER_CN_PROV_REPORT_HEPATITIS_C,SER_CN_PROV_REPORT_HEPATITIS_C,SRC_CN_PROV_MONTHLY_REPORT,丙型肝炎,case_notifications,provincial_statutory_infectious_disease_monthly_report,monthly,count,country:CN-HN:national,all,exact,conditional,non_additive,active,missing_is_unknown,CN_PROVINCE_MONTHLY_REPORT_V1,Disease count explicitly published in an official provincial statutory infectious-disease monthly report; absent rows remain unknown and are never zero-filled.,,raw,True,series_registry,priority_overlay,parity,,SER_CN_PROV_DC_HEPATITIS_C; SER_CN_PROV_REPORT_HEPATITIS_C,2,Retained source series are overlaid per period using their explicit source priority; lower-priority observations remain downloadable.,cn_province_datacenter,Public Health Science Data Center,https://www.phsciencedata.cn/Share/ky_sjml.jsp,official_datacenter_spreadsheet,cn_province_datacenter; cn_province_monthly_report,Public Health Science Data Center; Provincial statutory infectious disease monthly report,https://www.phsciencedata.cn/Share/ky_sjml.jsp; http://wjw.hunan.gov.cn/wjw/xxgk/yqsj/,official_datacenter_spreadsheet; official_provincial_report
disease,D009,hepatitis-c,Hepatitis C,public_projection,CN-JS,"Jiangsu, China",D009,Hepatitis C,丙型肝炎,Viral,2026-03-01,2026-03,545,545,,,,missing_population,,,,,,,,monthly,,,,,,,,,,,,,,series_registry,priority_overlay,parity,,SER_CN_PROV_DC_HEPATITIS_C; SER_CN_PROV_REPORT_HEPATITIS_C,2,Retained source series are overlaid per period using their explicit source priority; lower-priority observations remain downloadable.,cn_province_datacenter,Public Health Science Data Center,https://www.phsciencedata.cn/Share/ky_sjml.jsp,official_datacenter_spreadsheet,cn_province_datacenter; cn_province_monthly_report,Public Health Science Data Center; Provincial statutory infectious disease monthly report,https://www.phsciencedata.cn/Share/ky_sjml.jsp; https://wjw.jiangsu.gov.cn/col/col76875/index.html,official_datacenter_spreadsheet; official_provincial_report
disease,D009,hepatitis-c,Hepatitis C,source_series_observation,CN-JS,"Jiangsu, China",D009,Hepatitis C,丙型肝炎,Viral,2026-03-01,2026-03,545,545,,,,,,SER_CN_PROV_REPORT_HEPATITIS_C,SER_CN_PROV_REPORT_HEPATITIS_C,SRC_CN_PROV_MONTHLY_REPORT,丙型肝炎,case_notifications,provincial_statutory_infectious_disease_monthly_report,monthly,count,country:CN-JS:national,all,exact,conditional,non_additive,active,missing_is_unknown,CN_PROVINCE_MONTHLY_REPORT_V1,Disease count explicitly published in an official provincial statutory infectious-disease monthly report; absent rows remain unknown and are never zero-filled.,,raw,True,series_registry,priority_overlay,parity,,SER_CN_PROV_DC_HEPATITIS_C; SER_CN_PROV_REPORT_HEPATITIS_C,2,Retained source series are overlaid per period using their explicit source priority; lower-priority observations remain downloadable.,cn_province_datacenter,Public Health Science Data Center,https://www.phsciencedata.cn/Share/ky_sjml.jsp,official_datacenter_spreadsheet,cn_province_datacenter; cn_province_monthly_report,Public Health Science Data Center; Provincial statutory infectious disease monthly report,https://www.phsciencedata.cn/Share/ky_sjml.jsp; https://wjw.jiangsu.gov.cn/col/col76875/index.html,official_datacenter_spreadsheet; official_provincial_report
disease,D009,hepatitis-c,Hepatitis C,public_projection,CN-SC,"Sichuan, China",D009,Hepatitis C,丙型肝炎,Viral,2026-03-01,2026-03,1877,1877,,,,missing_population,,,,,,,,monthly,,,,,,,,,,,,,,series_registry,priority_overlay,parity,,SER_CN_PROV_DC_HEPATITIS_C; SER_CN_PROV_REPORT_HEPATITIS_C,2,Retained source series are overlaid per period using their explicit source priority; lower-priority observations remain downloadable.,cn_province_datacenter,Public Health Science Data Center,https://www.phsciencedata.cn/Share/ky_sjml.jsp,official_datacenter_spreadsheet,cn_province_datacenter; cn_province_monthly_report,Public Health Science Data Center; Provincial statutory infectious disease monthly report,https://www.phsciencedata.cn/Share/ky_sjml.jsp; https://www.sccdc.cn/Article/List?ID=132,official_datacenter_spreadsheet; official_provincial_report
disease,D009,hepatitis-c,Hepatitis C,source_series_observation,CN-SC,"Sichuan, China",D009,Hepatitis C,丙型肝炎,Viral,2026-03-01,2026-03,1877,1877,,,,,,SER_CN_PROV_REPORT_HEPATITIS_C,SER_CN_PROV_REPORT_HEPATITIS_C,SRC_CN_PROV_MONTHLY_REPORT,丙型肝炎,case_notifications,provincial_statutory_infectious_disease_monthly_report,monthly,count,country:CN-SC:national,all,exact,conditional,non_additive,active,missing_is_unknown,CN_PROVINCE_MONTHLY_REPORT_V1,Disease count explicitly published in an official provincial statutory infectious-disease monthly report; absent rows remain unknown and are never zero-filled.,,raw,True,series_registry,priority_overlay,parity,,SER_CN_PROV_DC_HEPATITIS_C; SER_CN_PROV_REPORT_HEPATITIS_C,2,Retained source series are overlaid per period using their explicit source priority; lower-priority observations remain downloadable.,cn_province_datacenter,Public Health Science Data Center,https://www.phsciencedata.cn/Share/ky_sjml.jsp,official_datacenter_spreadsheet,cn_province_datacenter; cn_province_monthly_report,Public Health Science Data Center; Provincial statutory infectious disease monthly report,https://www.phsciencedata.cn/Share/ky_sjml.jsp; https://www.sccdc.cn/Article/List?ID=132,official_datacenter_spreadsheet; official_provincial_report
disease,D009,hepatitis-c,Hepatitis C,public_projection,CN-SH,"Shanghai, China",D009,Hepatitis C,丙型肝炎,Viral,2026-03-01,2026-03,4,4,,,,missing_population,,,,,,,,monthly,,,,,,,,,,,,,,series_registry,priority_overlay,parity,,SER_CN_PROV_DC_HEPATITIS_C; SER_CN_PROV_REPORT_HEPATITIS_C,2,Retained source series are overlaid per period using their explicit source priority; lower-priority observations remain downloadable.,cn_province_datacenter,Public Health Science Data Center,https://www.phsciencedata.cn/Share/ky_sjml.jsp,official_datacenter_spreadsheet,cn_province_datacenter; cn_province_monthly_report,Public Health Science Data Center; Provincial statutory infectious disease monthly report,https://www.phsciencedata.cn/Share/ky_sjml.jsp; https://wsjkw.sh.gov.cn/yqxx/index.html,official_datacenter_spreadsheet; official_provincial_report
disease,D009,hepatitis-c,Hepatitis C,source_series_observation,CN-SH,"Shanghai, China",D009,Hepatitis C,丙型肝炎,Viral,2026-03-01,2026-03,4,4,,,,,,SER_CN_PROV_REPORT_HEPATITIS_C,SER_CN_PROV_REPORT_HEPATITIS_C,SRC_CN_PROV_MONTHLY_REPORT,丙型肝炎,case_notifications,provincial_statutory_infectious_disease_monthly_report,monthly,count,country:CN-SH:national,all,exact,conditional,non_additive,active,missing_is_unknown,CN_PROVINCE_MONTHLY_REPORT_V1,Disease count explicitly published in an official provincial statutory infectious-disease monthly report; absent rows remain unknown and are never zero-filled.,,raw,True,series_registry,priority_overlay,parity,,SER_CN_PROV_DC_HEPATITIS_C; SER_CN_PROV_REPORT_HEPATITIS_C,2,Retained source series are overlaid per period using their explicit source priority; lower-priority observations remain downloadable.,cn_province_datacenter,Public Health Science Data Center,https://www.phsciencedata.cn/Share/ky_sjml.jsp,official_datacenter_spreadsheet,cn_province_datacenter; cn_province_monthly_report,Public Health Science Data Center; Provincial statutory infectious disease monthly report,https://www.phsciencedata.cn/Share/ky_sjml.jsp; https://wsjkw.sh.gov.cn/yqxx/index.html,official_datacenter_spreadsheet; official_provincial_report
disease,D009,hepatitis-c,Hepatitis C,public_projection,CN-ZJ,"Zhejiang, China",D009,Hepatitis C,丙型肝炎,Viral,2026-03-01,2026-03,236,236,,,,missing_population,,,,,,,,monthly,,,,,,,,,,,,,,series_registry,priority_overlay,parity,,SER_CN_PROV_DC_HEPATITIS_C; SER_CN_PROV_REPORT_HEPATITIS_C,2,Retained source series are overlaid per period using their explicit source priority; lower-priority observations remain downloadable.,cn_province_datacenter,Public Health Science Data Center,https://www.phsciencedata.cn/Share/ky_sjml.jsp,official_datacenter_spreadsheet,cn_province_datacenter; cn_province_monthly_report,Public Health Science Data Center; Provincial statutory infectious disease monthly report,https://www.phsciencedata.cn/Share/ky_sjml.jsp; https://www.yw.gov.cn/col/col1229452786/index.html,official_datacenter_spreadsheet; official_provincial_report
disease,D009,hepatitis-c,Hepatitis C,source_series_observation,CN-ZJ,"Zhejiang, China",D009,Hepatitis C,丙型肝炎,Viral,2026-03-01,2026-03,236,236,,,,,,SER_CN_PROV_REPORT_HEPATITIS_C,SER_CN_PROV_REPORT_HEPATITIS_C,SRC_CN_PROV_MONTHLY_REPORT,丙型肝炎,case_notifications,provincial_statutory_infectious_disease_monthly_report,monthly,count,country:CN-ZJ:national,all,exact,conditional,non_additive,active,missing_is_unknown,CN_PROVINCE_MONTHLY_REPORT_V1,Disease count explicitly published in an official provincial statutory infectious-disease monthly report; absent rows remain unknown and are never zero-filled.,,raw,True,series_registry,priority_overlay,parity,,SER_CN_PROV_DC_HEPATITIS_C; SER_CN_PROV_REPORT_HEPATITIS_C,2,Retained source series are overlaid per period using their explicit source priority; lower-priority observations remain downloadable.,cn_province_datacenter,Public Health Science Data Center,https://www.phsciencedata.cn/Share/ky_sjml.jsp,official_datacenter_spreadsheet,cn_province_datacenter; cn_province_monthly_report,Public Health Science Data Center; Provincial statutory infectious disease monthly report,https://www.phsciencedata.cn/Share/ky_sjml.jsp; https://www.yw.gov.cn/col/col1229452786/index.html,official_datacenter_spreadsheet; official_provincial_report
disease,D009,hepatitis-c,Hepatitis C,public_projection,FI,Finland,D009,Hepatitis C,丙型肝炎,Viral,2026-03-01,2026-03,86,86,,,1.5297758869431581,wpp_computed,,SER_FI_THL_TTR_703,,,,,,monthly,,,,,,,,,,,,,,series_registry,representative_series,legacy_gap_fill_blocked_incompatible,non_additive_series_not_rolled_up,SER_FI_THL_TTR_703,2,Multiple registered series are not declared safely additive. The compatibility curve uses one representative series; inspect source_series for every retained definition. Legacy rows with a different reporting grain or comparison basis were not joined to this curve.,thl_ttr,Finland THL Infectious Diseases Register,https://sampo.thl.fi/pivot/prod/en/ttr/cases/fact_ttr_cases,cube_csv,thl_ttr,Finland THL Infectious Diseases Register,https://sampo.thl.fi/pivot/prod/en/ttr/cases/fact_ttr_cases,cube_csv
disease,D009,hepatitis-c,Hepatitis C,source_series_observation,FI,Finland,D009,Hepatitis C,丙型肝炎,Viral,2026-03-01,2026-03,86,86,,,,,,SER_FI_THL_TTR_703,SER_FI_THL_TTR_703,SRC_FI_THL_TTR,Hepatitis C,case_notifications,national_notifiable_disease_registry,monthly,count,country:FI:national,all,exact,conditional,non_additive,active,missing_is_unknown,FI_THL_TTR_reporting_group,Finland THL national monthly notification series; Source does not qualify acute/chronic course.,,provisional; raw,True,series_registry,representative_series,legacy_gap_fill_blocked_incompatible,non_additive_series_not_rolled_up,SER_FI_THL_TTR_703,2,Multiple registered series are not declared safely additive. The compatibility curve uses one representative series; inspect source_series for every retained definition. Legacy rows with a different reporting grain or comparison basis were not joined to this curve.,thl_ttr,Finland THL Infectious Diseases Register,https://sampo.thl.fi/pivot/prod/en/ttr/cases/fact_ttr_cases,cube_csv,thl_ttr,Finland THL Infectious Diseases Register,https://sampo.thl.fi/pivot/prod/en/ttr/cases/fact_ttr_cases,cube_csv
disease,D009,hepatitis-c,Hepatitis C,public_projection,HK,"Hong Kong, China",D009,Hepatitis C,丙型肝炎,Viral,2026-03-01,2026-03,3,3,,,0.040658108405901276,wpp_computed,,,,,,,,,,,,,,,,,,,,,,legacy_fallback,legacy_fallback,,legacy_identity_may_be_lossy,,0,No eligible registered case-count series facts are available for this disease and country; the public curve uses the legacy flat table.,chp_notifiable,"Hong Kong, China CHP Notifiable Diseases",https://www.chp.gov.hk/en/static/24012.html,open_data_csv,chp_notifiable,"Hong Kong, China CHP Notifiable Diseases",https://www.chp.gov.hk/en/static/24012.html,open_data_csv
disease,D009,hepatitis-c,Hepatitis C,public_projection,KR,South Korea,D009,Hepatitis C,丙型肝炎,Viral,2026-03-01,2026-03,417,417,,,0.8081334582212831,wpp_computed,,,,,,,,,,,,,,,,,,,,,,legacy_fallback,legacy_fallback,,legacy_identity_may_be_lossy,,0,No eligible registered case-count series facts are available for this disease and country; the public curve uses the legacy flat table.,kdca_open_api,Korea KDCA EID,https://www.data.go.kr/data/15139178/openapi.do,open_api_or_portal_download,kdca_open_api,Korea KDCA EID,https://www.data.go.kr/data/15139178/openapi.do,open_api_or_portal_download
disease,D009,hepatitis-c,Hepatitis C,public_projection,NO,Norway,D009,Hepatitis C,丙型肝炎,Viral,2026-03-01,2026-03,43,43,,,0.7606596050920676,wpp_computed,,SER_NO_FHI_203_MONTHLY,,,,,,monthly,,,,,,,,,,,,,,series_registry,representative_series,parity,non_additive_series_not_rolled_up,SER_NO_FHI_203_MONTHLY,2,Multiple registered series are not declared safely additive. The compatibility curve uses one representative series; inspect source_series for every retained definition.,fhi_msis,Norway FHI MSIS Statistics Bank,https://allvis.fhi.no/msis,official_json_api,fhi_msis,Norway FHI MSIS Statistics Bank,https://allvis.fhi.no/msis,official_json_api
disease,D009,hepatitis-c,Hepatitis C,source_series_observation,NO,Norway,D009,Hepatitis C,丙型肝炎,Viral,2026-03-01,2026-03,43,43,,,,,,SER_NO_FHI_203_MONTHLY,SER_NO_FHI_203_MONTHLY,SRC_NO_FHI_MSIS,Hepatitt C,case_notifications,national_notifiable_disease_registry,monthly,count,country:NO:national,all,exact,conditional,non_additive,active,missing_is_unknown,NO_FHI_MSIS_diagnosis_monthly,Norway FHI MSIS national monthly diagnosis series; FHI MSIS clinical course not specified.,,raw; revised,True,series_registry,representative_series,parity,non_additive_series_not_rolled_up,SER_NO_FHI_203_MONTHLY,2,Multiple registered series are not declared safely additive. The compatibility curve uses one representative series; inspect source_series for every retained definition.,fhi_msis,Norway FHI MSIS Statistics Bank,https://allvis.fhi.no/msis,official_json_api,fhi_msis,Norway FHI MSIS Statistics Bank,https://allvis.fhi.no/msis,official_json_api
disease,D009,hepatitis-c,Hepatitis C,public_projection,NZ,New Zealand,D009,Hepatitis C,丙型肝炎,Viral,2026-03-01,2026-03,4,4,,0,0.07565041865887316,wpp_computed,,SER_NZ_HEPATITIS_C_MONTHLY,,,,,,monthly,,,,,,,,,,,,,,series_registry,single_series,parity,,SER_NZ_HEPATITIS_C_MONTHLY,1,The public curve is read directly from one registered source series.,phf_monthly,New Zealand PHF Science Monthly Notifiable Diseases,https://www.phfscience.nz/digital-library/,web,phf_monthly,New Zealand PHF Science Monthly Notifiable Diseases,https://www.phfscience.nz/digital-library/,web
disease,D009,hepatitis-c,Hepatitis C,source_series_observation,NZ,New Zealand,D009,Hepatitis C,丙型肝炎,Viral,2026-03-01,2026-03,4,4,,,,,,SER_NZ_HEPATITIS_C_MONTHLY,SER_NZ_HEPATITIS_C_MONTHLY,SRC_NZ_PHS,Hepatitis C,case_notifications,notification,monthly,count,country:NZ:national,all,exact,conditional,non_additive,active,missing_is_unknown,NZ_PHS_current,New Zealand PHF Science monthly hepatitis C notifications without a source-reported clinical-course split.,,provisional; raw,True,series_registry,single_series,parity,,SER_NZ_HEPATITIS_C_MONTHLY,1,The public curve is read directly from one registered source series.,phf_monthly,New Zealand PHF Science Monthly Notifiable Diseases,https://www.phfscience.nz/digital-library/,web,phf_monthly,New Zealand PHF Science Monthly Notifiable Diseases,https://www.phfscience.nz/digital-library/,web
disease,D009,hepatitis-c,Hepatitis C,public_projection,SE,Sweden,D009,Hepatitis C,丙型肝炎,Viral,2026-03-01,2026-03,65,65,,,0.6074172278384175,wpp_computed,,SER_SE_FOHM_SMINET_HEPATITIS_C,,,,,,monthly,,,,,,,,,,,,,,series_registry,representative_series,parity,non_additive_series_not_rolled_up,SER_SE_FOHM_SMINET_HEPATITIS_C,2,Multiple registered series are not declared safely additive. The compatibility curve uses one representative series; inspect source_series for every retained definition.,fohm_sminet,Sweden Public Health Agency SmiNet,https://www.folkhalsomyndigheten.se/statistik-och-data/hitta-statistik-och-data/smittsamma-sjukdomar-statistik/,official_html_csv,fohm_sminet,Sweden Public Health Agency SmiNet,https://www.folkhalsomyndigheten.se/statistik-och-data/hitta-statistik-och-data/smittsamma-sjukdomar-statistik/,official_html_csv
disease,D009,hepatitis-c,Hepatitis C,source_series_observation,SE,Sweden,D009,Hepatitis C,丙型肝炎,Viral,2026-03-01,2026-03,65,65,,,,,,SER_SE_FOHM_SMINET_HEPATITIS_C,SER_SE_FOHM_SMINET_HEPATITIS_C,SRC_SE_FOHM_SMINET,Hepatit C,case_notifications,national_notifiable_disease_registry,monthly,count,country:SE:national,all,exact,conditional,non_additive,active,missing_is_unknown,SE_FOHM_SMINET_current,Sweden FHM SmiNet national monthly notification series; Source does not qualify acute or chronic course.,,revised,True,series_registry,representative_series,parity,non_additive_series_not_rolled_up,SER_SE_FOHM_SMINET_HEPATITIS_C,2,Multiple registered series are not declared safely additive. The compatibility curve uses one representative series; inspect source_series for every retained definition.,fohm_sminet,Sweden Public Health Agency SmiNet,https://www.folkhalsomyndigheten.se/statistik-och-data/hitta-statistik-och-data/smittsamma-sjukdomar-statistik/,official_html_csv,fohm_sminet,Sweden Public Health Agency SmiNet,https://www.folkhalsomyndigheten.se/statistik-och-data/hitta-statistik-och-data/smittsamma-sjukdomar-statistik/,official_html_csv
disease,D009,hepatitis-c,Hepatitis C,public_projection,AU-ACT,"Australian Capital Territory, Australia",D009,Hepatitis C,丙型肝炎,Viral,2026-04-01,2026-04,,,,,,missing_population,,,,,,,,,,,,,,,,,,,,,,legacy_fallback,legacy_fallback,,legacy_identity_may_be_lossy,,0,No eligible registered case-count series facts are available for this disease and country; the public curve uses the legacy flat table.,all,Australia NINDSS — Australian Capital Territory,https://www.cdc.gov.au/resources/apps-and-tools/nndss-data-visualisation-tool,microsoft_bi,all,Australia NINDSS — Australian Capital Territory,https://www.cdc.gov.au/resources/apps-and-tools/nndss-data-visualisation-tool,microsoft_bi
disease,D009,hepatitis-c,Hepatitis C,public_projection,AU-NSW,"New South Wales, Australia",D009,Hepatitis C,丙型肝炎,Viral,2026-04-01,2026-04,155,155,,,1.7877522821234577,abs_computed,,,,,,,,,,,,,,,,,,,,,,legacy_fallback,legacy_fallback,,legacy_identity_may_be_lossy,,0,No eligible registered case-count series facts are available for this disease and country; the public curve uses the legacy flat table.,all,Australia NINDSS — New South Wales,https://www.cdc.gov.au/resources/apps-and-tools/nndss-data-visualisation-tool,microsoft_bi,all,Australia NINDSS — New South Wales,https://www.cdc.gov.au/resources/apps-and-tools/nndss-data-visualisation-tool,microsoft_bi
disease,D009,hepatitis-c,Hepatitis C,public_projection,AU-NT,"Northern Territory, Australia",D009,Hepatitis C,丙型肝炎,Viral,2026-04-01,2026-04,0,0,,,0.0,abs_computed,,,,,,,,,,,,,,,,,,,,,,legacy_fallback,legacy_fallback,,legacy_identity_may_be_lossy,,0,No eligible registered case-count series facts are available for this disease and country; the public curve uses the legacy flat table.,all,Australia NINDSS — Northern Territory,https://www.cdc.gov.au/resources/apps-and-tools/nndss-data-visualisation-tool,microsoft_bi,all,Australia NINDSS — Northern Territory,https://www.cdc.gov.au/resources/apps-and-tools/nndss-data-visualisation-tool,microsoft_bi
disease,D009,hepatitis-c,Hepatitis C,public_projection,AU-QLD,"Queensland, Australia",D009,Hepatitis C,丙型肝炎,Viral,2026-04-01,2026-04,116,116,,,2.0210957091615396,abs_computed,,,,,,,,,,,,,,,,,,,,,,legacy_fallback,legacy_fallback,,legacy_identity_may_be_lossy,,0,No eligible registered case-count series facts are available for this disease and country; the public curve uses the legacy flat table.,all,Australia NINDSS — Queensland,https://www.cdc.gov.au/resources/apps-and-tools/nndss-data-visualisation-tool,microsoft_bi,all,Australia NINDSS — Queensland,https://www.cdc.gov.au/resources/apps-and-tools/nndss-data-visualisation-tool,microsoft_bi
disease,D009,hepatitis-c,Hepatitis C,public_projection,AU-SA,"South Australia, Australia",D009,Hepatitis C,丙型肝炎,Viral,2026-04-01,2026-04,5,5,,,0.26084651999440744,abs_computed,,,,,,,,,,,,,,,,,,,,,,legacy_fallback,legacy_fallback,,legacy_identity_may_be_lossy,,0,No eligible registered case-count series facts are available for this disease and country; the public curve uses the legacy flat table.,all,Australia NINDSS — South Australia,https://www.cdc.gov.au/resources/apps-and-tools/nndss-data-visualisation-tool,microsoft_bi,all,Australia NINDSS — South Australia,https://www.cdc.gov.au/resources/apps-and-tools/nndss-data-visualisation-tool,microsoft_bi
disease,D009,hepatitis-c,Hepatitis C,public_projection,AU-TAS,"Tasmania, Australia",D009,Hepatitis C,丙型肝炎,Viral,2026-04-01,2026-04,9,9,,,1.5498776457702976,abs_computed,,,,,,,,,,,,,,,,,,,,,,legacy_fallback,legacy_fallback,,legacy_identity_may_be_lossy,,0,No eligible registered case-count series facts are available for this disease and country; the public curve uses the legacy flat table.,all,Australia NINDSS — Tasmania,https://www.cdc.gov.au/resources/apps-and-tools/nndss-data-visualisation-tool,microsoft_bi,all,Australia NINDSS — Tasmania,https://www.cdc.gov.au/resources/apps-and-tools/nndss-data-visualisation-tool,microsoft_bi
disease,D009,hepatitis-c,Hepatitis C,public_projection,AU-VIC,"Victoria, Australia",D009,Hepatitis C,丙型肝炎,Viral,2026-04-01,2026-04,92,92,,,1.2859541241457315,abs_computed,,,,,,,,,,,,,,,,,,,,,,legacy_fallback,legacy_fallback,,legacy_identity_may_be_lossy,,0,No eligible registered case-count series facts are available for this disease and country; the public curve uses the legacy flat table.,all,Australia NINDSS — Victoria,https://www.cdc.gov.au/resources/apps-and-tools/nndss-data-visualisation-tool,microsoft_bi,all,Australia NINDSS — Victoria,https://www.cdc.gov.au/resources/apps-and-tools/nndss-data-visualisation-tool,microsoft_bi
disease,D009,hepatitis-c,Hepatitis C,public_projection,AU-WA,"Western Australia, Australia",D009,Hepatitis C,丙型肝炎,Viral,2026-04-01,2026-04,92,92,,,2.971363164527608,abs_computed,,,,,,,,,,,,,,,,,,,,,,legacy_fallback,legacy_fallback,,legacy_identity_may_be_lossy,,0,No eligible registered case-count series facts are available for this disease and country; the public curve uses the legacy flat table.,all,Australia NINDSS — Western Australia,https://www.cdc.gov.au/resources/apps-and-tools/nndss-data-visualisation-tool,microsoft_bi,all,Australia NINDSS — Western Australia,https://www.cdc.gov.au/resources/apps-and-tools/nndss-data-visualisation-tool,microsoft_bi
disease,D009,hepatitis-c,Hepatitis C,public_projection,CA-ON,"Ontario, Canada",D009,Hepatitis C,丙型肝炎,Viral,2026-04-01,2026-04,236,236,,,,missing_population,,SER_CA_ON_PHO_IDTO_HEPATITIS_C_UNSPECIFIED_COURSE_MONTHLY,,,,,,monthly,,,,,,,,,,,,,,series_registry,single_series,parity,,SER_CA_ON_PHO_IDTO_HEPATITIS_C_UNSPECIFIED_COURSE_MONTHLY,1,The public curve is read directly from one registered source series.,pho_idto_monthly,Public Health Ontario IDTO Monthly,https://www.publichealthontario.ca/en/data-and-analysis/infectious-disease/reportable-disease-trends-annually,microsoft_bi,pho_idto_monthly,Public Health Ontario IDTO Monthly,https://www.publichealthontario.ca/en/data-and-analysis/infectious-disease/reportable-disease-trends-annually,microsoft_bi
disease,D009,hepatitis-c,Hepatitis C,source_series_observation,CA-ON,"Ontario, Canada",D009,Hepatitis C,丙型肝炎,Viral,2026-04-01,2026-04,236,236,,,,,,SER_CA_ON_PHO_IDTO_HEPATITIS_C_UNSPECIFIED_COURSE_MONTHLY,SER_CA_ON_PHO_IDTO_HEPATITIS_C_UNSPECIFIED_COURSE_MONTHLY,SRC_CA_ON_PHO_IDTO,Hepatitis C,case_notifications,notification,monthly,count,country:CA-ON:national,all,exact,conditional,non_additive,active,missing_is_unknown,PHO_IDTO_2026_07,PHO IDTO current-year monthly preliminary hepatitis C notifications without an acute/chronic source split; confirmed cases only under the July 2026 technical notes.,,provisional,True,series_registry,single_series,parity,,SER_CA_ON_PHO_IDTO_HEPATITIS_C_UNSPECIFIED_COURSE_MONTHLY,1,The public curve is read directly from one registered source series.,pho_idto_monthly,Public Health Ontario IDTO Monthly,https://www.publichealthontario.ca/en/data-and-analysis/infectious-disease/reportable-disease-trends-annually,microsoft_bi,pho_idto_monthly,Public Health Ontario IDTO Monthly,https://www.publichealthontario.ca/en/data-and-analysis/infectious-disease/reportable-disease-trends-annually,microsoft_bi
disease,D009,hepatitis-c,Hepatitis C,public_projection,CH,Switzerland,D009,Hepatitis C,丙型肝炎,Viral,2026-04-01,2026-04,70,70,,,0.7771044599357135,wpp_computed,,,,,,,,,,,,,,,,,,,,,,legacy_fallback,legacy_fallback,,legacy_identity_may_be_lossy,,0,No eligible registered case-count series facts are available for this disease and country; the public curve uses the legacy flat table.,foph_idd,Switzerland FOPH IDD,https://www.idd.bag.admin.ch/en/portal-data,rest_api,foph_idd,Switzerland FOPH IDD,https://www.idd.bag.admin.ch/en/portal-data,rest_api
disease,D009,hepatitis-c,Hepatitis C,public_projection,CN,China,D009,Hepatitis C,丙型肝炎,Viral,2026-04-01,2026-04,16194,16194,,145,1.1461418731546607,wpp_computed,,SER_CN_HEPATITIS_C_UNSPECIFIED_COURSE,,,,,,monthly,,,,,,,,,,,,,,mixed,single_series,legacy_gap_fill,,SER_CN_HEPATITIS_C_UNSPECIFIED_COURSE,1,The public curve is read directly from one registered source series. Registry facts replace matching periods; legacy-only periods are retained as explicit coverage gap fills.,cdc_weekly,China CDC Weekly,https://weekly.chinacdc.cn,web,cdc_weekly; nhc; pubmed,China CDC Weekly; National Disease Control and Prevention Administration; PubMed,https://weekly.chinacdc.cn; https://www.ndcpa.gov.cn; https://pubmed.ncbi.nlm.nih.gov,web; web; web
disease,D009,hepatitis-c,Hepatitis C,public_projection,CN-AH,"Anhui, China",D009,Hepatitis C,丙型肝炎,Viral,2026-04-01,2026-04,494,494,,,,missing_population,,,,,,,,monthly,,,,,,,,,,,,,,series_registry,priority_overlay,parity,,SER_CN_PROV_DC_HEPATITIS_C; SER_CN_PROV_REPORT_HEPATITIS_C,2,Retained source series are overlaid per period using their explicit source priority; lower-priority observations remain downloadable.,cn_province_datacenter,Public Health Science Data Center,https://www.phsciencedata.cn/Share/ky_sjml.jsp,official_datacenter_spreadsheet,cn_province_datacenter; cn_province_monthly_report,Public Health Science Data Center; Provincial statutory infectious disease monthly report,https://www.phsciencedata.cn/Share/ky_sjml.jsp; https://www.ahlx.gov.cn/Jczwgk/showList/1/125024000/page_1.html,official_datacenter_spreadsheet; official_provincial_report
disease,D009,hepatitis-c,Hepatitis C,source_series_observation,CN-AH,"Anhui, China",D009,Hepatitis C,丙型肝炎,Viral,2026-04-01,2026-04,494,494,,,,,,SER_CN_PROV_REPORT_HEPATITIS_C,SER_CN_PROV_REPORT_HEPATITIS_C,SRC_CN_PROV_MONTHLY_REPORT,丙型肝炎,case_notifications,provincial_statutory_infectious_disease_monthly_report,monthly,count,country:CN-AH:national,all,exact,conditional,non_additive,active,missing_is_unknown,CN_PROVINCE_MONTHLY_REPORT_V1,Disease count explicitly published in an official provincial statutory infectious-disease monthly report; absent rows remain unknown and are never zero-filled.,,raw,True,series_registry,priority_overlay,parity,,SER_CN_PROV_DC_HEPATITIS_C; SER_CN_PROV_REPORT_HEPATITIS_C,2,Retained source series are overlaid per period using their explicit source priority; lower-priority observations remain downloadable.,cn_province_datacenter,Public Health Science Data Center,https://www.phsciencedata.cn/Share/ky_sjml.jsp,official_datacenter_spreadsheet,cn_province_datacenter; cn_province_monthly_report,Public Health Science Data Center; Provincial statutory infectious disease monthly report,https://www.phsciencedata.cn/Share/ky_sjml.jsp; https://www.ahlx.gov.cn/Jczwgk/showList/1/125024000/page_1.html,official_datacenter_spreadsheet; official_provincial_report
disease,D009,hepatitis-c,Hepatitis C,public_projection,CN-CQ,"Chongqing, China",D009,Hepatitis C,丙型肝炎,Viral,2026-04-01,2026-04,370,370,,,,missing_population,,,,,,,,monthly,,,,,,,,,,,,,,series_registry,priority_overlay,parity,,SER_CN_PROV_DC_HEPATITIS_C; SER_CN_PROV_REPORT_HEPATITIS_C,2,Retained source series are overlaid per period using their explicit source priority; lower-priority observations remain downloadable.,cn_province_datacenter,Public Health Science Data Center,https://www.phsciencedata.cn/Share/ky_sjml.jsp,official_datacenter_spreadsheet,cn_province_datacenter; cn_province_monthly_report,Public Health Science Data Center; Provincial statutory infectious disease monthly report,https://www.phsciencedata.cn/Share/ky_sjml.jsp; https://wsjkw.cq.gov.cn/zwgk_242/wsjklymsxx/ylws_266434/jbfk_266438/yqxx/,official_datacenter_spreadsheet; official_provincial_report
disease,D009,hepatitis-c,Hepatitis C,source_series_observation,CN-CQ,"Chongqing, China",D009,Hepatitis C,丙型肝炎,Viral,2026-04-01,2026-04,370,370,,,,,,SER_CN_PROV_REPORT_HEPATITIS_C,SER_CN_PROV_REPORT_HEPATITIS_C,SRC_CN_PROV_MONTHLY_REPORT,丙型肝炎,case_notifications,provincial_statutory_infectious_disease_monthly_report,monthly,count,country:CN-CQ:national,all,exact,conditional,non_additive,active,missing_is_unknown,CN_PROVINCE_MONTHLY_REPORT_V1,Disease count explicitly published in an official provincial statutory infectious-disease monthly report; absent rows remain unknown and are never zero-filled.,,raw,True,series_registry,priority_overlay,parity,,SER_CN_PROV_DC_HEPATITIS_C; SER_CN_PROV_REPORT_HEPATITIS_C,2,Retained source series are overlaid per period using their explicit source priority; lower-priority observations remain downloadable.,cn_province_datacenter,Public Health Science Data Center,https://www.phsciencedata.cn/Share/ky_sjml.jsp,official_datacenter_spreadsheet,cn_province_datacenter; cn_province_monthly_report,Public Health Science Data Center; Provincial statutory infectious disease monthly report,https://www.phsciencedata.cn/Share/ky_sjml.jsp; https://wsjkw.cq.gov.cn/zwgk_242/wsjklymsxx/ylws_266434/jbfk_266438/yqxx/,official_datacenter_spreadsheet; official_provincial_report
disease,D009,hepatitis-c,Hepatitis C,public_projection,CN-GD,"Guangdong, China",D009,Hepatitis C,丙型肝炎,Viral,2026-04-01,2026-04,1895,1895,,,,missing_population,,,,,,,,monthly,,,,,,,,,,,,,,series_registry,priority_overlay,parity,,SER_CN_PROV_DC_HEPATITIS_C; SER_CN_PROV_REPORT_HEPATITIS_C,2,Retained source series are overlaid per period using their explicit source priority; lower-priority observations remain downloadable.,cn_province_datacenter,Public Health Science Data Center,https://www.phsciencedata.cn/Share/ky_sjml.jsp,official_datacenter_spreadsheet,cn_province_datacenter; cn_province_monthly_report,Public Health Science Data Center; Provincial statutory infectious disease monthly report,https://www.phsciencedata.cn/Share/ky_sjml.jsp; https://wsjkw.gd.gov.cn/zwyw_yqxx/index.html,official_datacenter_spreadsheet; official_provincial_report
disease,D009,hepatitis-c,Hepatitis C,source_series_observation,CN-GD,"Guangdong, China",D009,Hepatitis C,丙型肝炎,Viral,2026-04-01,2026-04,1895,1895,,,,,,SER_CN_PROV_REPORT_HEPATITIS_C,SER_CN_PROV_REPORT_HEPATITIS_C,SRC_CN_PROV_MONTHLY_REPORT,丙型肝炎,case_notifications,provincial_statutory_infectious_disease_monthly_report,monthly,count,country:CN-GD:national,all,exact,conditional,non_additive,active,missing_is_unknown,CN_PROVINCE_MONTHLY_REPORT_V1,Disease count explicitly published in an official provincial statutory infectious-disease monthly report; absent rows remain unknown and are never zero-filled.,,raw,True,series_registry,priority_overlay,parity,,SER_CN_PROV_DC_HEPATITIS_C; SER_CN_PROV_REPORT_HEPATITIS_C,2,Retained source series are overlaid per period using their explicit source priority; lower-priority observations remain downloadable.,cn_province_datacenter,Public Health Science Data Center,https://www.phsciencedata.cn/Share/ky_sjml.jsp,official_datacenter_spreadsheet,cn_province_datacenter; cn_province_monthly_report,Public Health Science Data Center; Provincial statutory infectious disease monthly report,https://www.phsciencedata.cn/Share/ky_sjml.jsp; https://wsjkw.gd.gov.cn/zwyw_yqxx/index.html,official_datacenter_spreadsheet; official_provincial_report
disease,D009,hepatitis-c,Hepatitis C,public_projection,CN-HN,"Hunan, China",D009,Hepatitis C,丙型肝炎,Viral,2026-04-01,2026-04,846,846,,,,missing_population,,,,,,,,monthly,,,,,,,,,,,,,,series_registry,priority_overlay,parity,,SER_CN_PROV_DC_HEPATITIS_C; SER_CN_PROV_REPORT_HEPATITIS_C,2,Retained source series are overlaid per period using their explicit source priority; lower-priority observations remain downloadable.,cn_province_datacenter,Public Health Science Data Center,https://www.phsciencedata.cn/Share/ky_sjml.jsp,official_datacenter_spreadsheet,cn_province_datacenter; cn_province_monthly_report,Public Health Science Data Center; Provincial statutory infectious disease monthly report,https://www.phsciencedata.cn/Share/ky_sjml.jsp; http://wjw.hunan.gov.cn/wjw/xxgk/yqsj/,official_datacenter_spreadsheet; official_provincial_report
disease,D009,hepatitis-c,Hepatitis C,source_series_observation,CN-HN,"Hunan, China",D009,Hepatitis C,丙型肝炎,Viral,2026-04-01,2026-04,846,846,,,,,,SER_CN_PROV_REPORT_HEPATITIS_C,SER_CN_PROV_REPORT_HEPATITIS_C,SRC_CN_PROV_MONTHLY_REPORT,丙型肝炎,case_notifications,provincial_statutory_infectious_disease_monthly_report,monthly,count,country:CN-HN:national,all,exact,conditional,non_additive,active,missing_is_unknown,CN_PROVINCE_MONTHLY_REPORT_V1,Disease count explicitly published in an official provincial statutory infectious-disease monthly report; absent rows remain unknown and are never zero-filled.,,raw,True,series_registry,priority_overlay,parity,,SER_CN_PROV_DC_HEPATITIS_C; SER_CN_PROV_REPORT_HEPATITIS_C,2,Retained source series are overlaid per period using their explicit source priority; lower-priority observations remain downloadable.,cn_province_datacenter,Public Health Science Data Center,https://www.phsciencedata.cn/Share/ky_sjml.jsp,official_datacenter_spreadsheet,cn_province_datacenter; cn_province_monthly_report,Public Health Science Data Center; Provincial statutory infectious disease monthly report,https://www.phsciencedata.cn/Share/ky_sjml.jsp; http://wjw.hunan.gov.cn/wjw/xxgk/yqsj/,official_datacenter_spreadsheet; official_provincial_report
disease,D009,hepatitis-c,Hepatitis C,public_projection,CN-JS,"Jiangsu, China",D009,Hepatitis C,丙型肝炎,Viral,2026-04-01,2026-04,576,576,,,,missing_population,,,,,,,,monthly,,,,,,,,,,,,,,series_registry,priority_overlay,parity,,SER_CN_PROV_DC_HEPATITIS_C; SER_CN_PROV_REPORT_HEPATITIS_C,2,Retained source series are overlaid per period using their explicit source priority; lower-priority observations remain downloadable.,cn_province_datacenter,Public Health Science Data Center,https://www.phsciencedata.cn/Share/ky_sjml.jsp,official_datacenter_spreadsheet,cn_province_datacenter; cn_province_monthly_report,Public Health Science Data Center; Provincial statutory infectious disease monthly report,https://www.phsciencedata.cn/Share/ky_sjml.jsp; https://wjw.jiangsu.gov.cn/col/col76875/index.html,official_datacenter_spreadsheet; official_provincial_report
disease,D009,hepatitis-c,Hepatitis C,source_series_observation,CN-JS,"Jiangsu, China",D009,Hepatitis C,丙型肝炎,Viral,2026-04-01,2026-04,576,576,,,,,,SER_CN_PROV_REPORT_HEPATITIS_C,SER_CN_PROV_REPORT_HEPATITIS_C,SRC_CN_PROV_MONTHLY_REPORT,丙型肝炎,case_notifications,provincial_statutory_infectious_disease_monthly_report,monthly,count,country:CN-JS:national,all,exact,conditional,non_additive,active,missing_is_unknown,CN_PROVINCE_MONTHLY_REPORT_V1,Disease count explicitly published in an official provincial statutory infectious-disease monthly report; absent rows remain unknown and are never zero-filled.,,raw,True,series_registry,priority_overlay,parity,,SER_CN_PROV_DC_HEPATITIS_C; SER_CN_PROV_REPORT_HEPATITIS_C,2,Retained source series are overlaid per period using their explicit source priority; lower-priority observations remain downloadable.,cn_province_datacenter,Public Health Science Data Center,https://www.phsciencedata.cn/Share/ky_sjml.jsp,official_datacenter_spreadsheet,cn_province_datacenter; cn_province_monthly_report,Public Health Science Data Center; Provincial statutory infectious disease monthly report,https://www.phsciencedata.cn/Share/ky_sjml.jsp; https://wjw.jiangsu.gov.cn/col/col76875/index.html,official_datacenter_spreadsheet; official_provincial_report
disease,D009,hepatitis-c,Hepatitis C,public_projection,CN-SC,"Sichuan, China",D009,Hepatitis C,丙型肝炎,Viral,2026-04-01,2026-04,1835,1835,,,,missing_population,,,,,,,,monthly,,,,,,,,,,,,,,series_registry,priority_overlay,parity,,SER_CN_PROV_DC_HEPATITIS_C; SER_CN_PROV_REPORT_HEPATITIS_C,2,Retained source series are overlaid per period using their explicit source priority; lower-priority observations remain downloadable.,cn_province_datacenter,Public Health Science Data Center,https://www.phsciencedata.cn/Share/ky_sjml.jsp,official_datacenter_spreadsheet,cn_province_datacenter; cn_province_monthly_report,Public Health Science Data Center; Provincial statutory infectious disease monthly report,https://www.phsciencedata.cn/Share/ky_sjml.jsp; https://www.sccdc.cn/Article/List?ID=132,official_datacenter_spreadsheet; official_provincial_report
disease,D009,hepatitis-c,Hepatitis C,source_series_observation,CN-SC,"Sichuan, China",D009,Hepatitis C,丙型肝炎,Viral,2026-04-01,2026-04,1835,1835,,,,,,SER_CN_PROV_REPORT_HEPATITIS_C,SER_CN_PROV_REPORT_HEPATITIS_C,SRC_CN_PROV_MONTHLY_REPORT,丙型肝炎,case_notifications,provincial_statutory_infectious_disease_monthly_report,monthly,count,country:CN-SC:national,all,exact,conditional,non_additive,active,missing_is_unknown,CN_PROVINCE_MONTHLY_REPORT_V1,Disease count explicitly published in an official provincial statutory infectious-disease monthly report; absent rows remain unknown and are never zero-filled.,,raw,True,series_registry,priority_overlay,parity,,SER_CN_PROV_DC_HEPATITIS_C; SER_CN_PROV_REPORT_HEPATITIS_C,2,Retained source series are overlaid per period using their explicit source priority; lower-priority observations remain downloadable.,cn_province_datacenter,Public Health Science Data Center,https://www.phsciencedata.cn/Share/ky_sjml.jsp,official_datacenter_spreadsheet,cn_province_datacenter; cn_province_monthly_report,Public Health Science Data Center; Provincial statutory infectious disease monthly report,https://www.phsciencedata.cn/Share/ky_sjml.jsp; https://www.sccdc.cn/Article/List?ID=132,official_datacenter_spreadsheet; official_provincial_report
disease,D009,hepatitis-c,Hepatitis C,public_projection,CN-SH,"Shanghai, China",D009,Hepatitis C,丙型肝炎,Viral,2026-04-01,2026-04,0,0,,,,missing_population,,,,,,,,monthly,,,,,,,,,,,,,,series_registry,priority_overlay,parity,,SER_CN_PROV_DC_HEPATITIS_C; SER_CN_PROV_REPORT_HEPATITIS_C,2,Retained source series are overlaid per period using their explicit source priority; lower-priority observations remain downloadable.,cn_province_datacenter,Public Health Science Data Center,https://www.phsciencedata.cn/Share/ky_sjml.jsp,official_datacenter_spreadsheet,cn_province_datacenter; cn_province_monthly_report,Public Health Science Data Center; Provincial statutory infectious disease monthly report,https://www.phsciencedata.cn/Share/ky_sjml.jsp; https://wsjkw.sh.gov.cn/yqxx/index.html,official_datacenter_spreadsheet; official_provincial_report
disease,D009,hepatitis-c,Hepatitis C,source_series_observation,CN-SH,"Shanghai, China",D009,Hepatitis C,丙型肝炎,Viral,2026-04-01,2026-04,0,0,,,,,,SER_CN_PROV_REPORT_HEPATITIS_C,SER_CN_PROV_REPORT_HEPATITIS_C,SRC_CN_PROV_MONTHLY_REPORT,丙型肝炎,case_notifications,provincial_statutory_infectious_disease_monthly_report,monthly,count,country:CN-SH:national,all,exact,conditional,non_additive,active,missing_is_unknown,CN_PROVINCE_MONTHLY_REPORT_V1,Disease count explicitly published in an official provincial statutory infectious-disease monthly report; absent rows remain unknown and are never zero-filled.,,raw,True,series_registry,priority_overlay,parity,,SER_CN_PROV_DC_HEPATITIS_C; SER_CN_PROV_REPORT_HEPATITIS_C,2,Retained source series are overlaid per period using their explicit source priority; lower-priority observations remain downloadable.,cn_province_datacenter,Public Health Science Data Center,https://www.phsciencedata.cn/Share/ky_sjml.jsp,official_datacenter_spreadsheet,cn_province_datacenter; cn_province_monthly_report,Public Health Science Data Center; Provincial statutory infectious disease monthly report,https://www.phsciencedata.cn/Share/ky_sjml.jsp; https://wsjkw.sh.gov.cn/yqxx/index.html,official_datacenter_spreadsheet; official_provincial_report
disease,D009,hepatitis-c,Hepatitis C,public_projection,CN-ZJ,"Zhejiang, China",D009,Hepatitis C,丙型肝炎,Viral,2026-04-01,2026-04,233,233,,,,missing_population,,,,,,,,monthly,,,,,,,,,,,,,,series_registry,priority_overlay,parity,,SER_CN_PROV_DC_HEPATITIS_C; SER_CN_PROV_REPORT_HEPATITIS_C,2,Retained source series are overlaid per period using their explicit source priority; lower-priority observations remain downloadable.,cn_province_datacenter,Public Health Science Data Center,https://www.phsciencedata.cn/Share/ky_sjml.jsp,official_datacenter_spreadsheet,cn_province_datacenter; cn_province_monthly_report,Public Health Science Data Center; Provincial statutory infectious disease monthly report,https://www.phsciencedata.cn/Share/ky_sjml.jsp; https://www.yw.gov.cn/col/col1229452786/index.html,official_datacenter_spreadsheet; official_provincial_report
disease,D009,hepatitis-c,Hepatitis C,source_series_observation,CN-ZJ,"Zhejiang, China",D009,Hepatitis C,丙型肝炎,Viral,2026-04-01,2026-04,233,233,,,,,,SER_CN_PROV_REPORT_HEPATITIS_C,SER_CN_PROV_REPORT_HEPATITIS_C,SRC_CN_PROV_MONTHLY_REPORT,丙型肝炎,case_notifications,provincial_statutory_infectious_disease_monthly_report,monthly,count,country:CN-ZJ:national,all,exact,conditional,non_additive,active,missing_is_unknown,CN_PROVINCE_MONTHLY_REPORT_V1,Disease count explicitly published in an official provincial statutory infectious-disease monthly report; absent rows remain unknown and are never zero-filled.,,raw,True,series_registry,priority_overlay,parity,,SER_CN_PROV_DC_HEPATITIS_C; SER_CN_PROV_REPORT_HEPATITIS_C,2,Retained source series are overlaid per period using their explicit source priority; lower-priority observations remain downloadable.,cn_province_datacenter,Public Health Science Data Center,https://www.phsciencedata.cn/Share/ky_sjml.jsp,official_datacenter_spreadsheet,cn_province_datacenter; cn_province_monthly_report,Public Health Science Data Center; Provincial statutory infectious disease monthly report,https://www.phsciencedata.cn/Share/ky_sjml.jsp; https://www.yw.gov.cn/col/col1229452786/index.html,official_datacenter_spreadsheet; official_provincial_report
disease,D009,hepatitis-c,Hepatitis C,public_projection,FI,Finland,D009,Hepatitis C,丙型肝炎,Viral,2026-04-01,2026-04,85,85,,,1.5119877952345169,wpp_computed,,SER_FI_THL_TTR_703,,,,,,monthly,,,,,,,,,,,,,,series_registry,representative_series,legacy_gap_fill_blocked_incompatible,non_additive_series_not_rolled_up,SER_FI_THL_TTR_703,2,Multiple registered series are not declared safely additive. The compatibility curve uses one representative series; inspect source_series for every retained definition. Legacy rows with a different reporting grain or comparison basis were not joined to this curve.,thl_ttr,Finland THL Infectious Diseases Register,https://sampo.thl.fi/pivot/prod/en/ttr/cases/fact_ttr_cases,cube_csv,thl_ttr,Finland THL Infectious Diseases Register,https://sampo.thl.fi/pivot/prod/en/ttr/cases/fact_ttr_cases,cube_csv
disease,D009,hepatitis-c,Hepatitis C,source_series_observation,FI,Finland,D009,Hepatitis C,丙型肝炎,Viral,2026-04-01,2026-04,85,85,,,,,,SER_FI_THL_TTR_703,SER_FI_THL_TTR_703,SRC_FI_THL_TTR,Hepatitis C,case_notifications,national_notifiable_disease_registry,monthly,count,country:FI:national,all,exact,conditional,non_additive,active,missing_is_unknown,FI_THL_TTR_reporting_group,Finland THL national monthly notification series; Source does not qualify acute/chronic course.,,provisional; raw,True,series_registry,representative_series,legacy_gap_fill_blocked_incompatible,non_additive_series_not_rolled_up,SER_FI_THL_TTR_703,2,Multiple registered series are not declared safely additive. The compatibility curve uses one representative series; inspect source_series for every retained definition. Legacy rows with a different reporting grain or comparison basis were not joined to this curve.,thl_ttr,Finland THL Infectious Diseases Register,https://sampo.thl.fi/pivot/prod/en/ttr/cases/fact_ttr_cases,cube_csv,thl_ttr,Finland THL Infectious Diseases Register,https://sampo.thl.fi/pivot/prod/en/ttr/cases/fact_ttr_cases,cube_csv
disease,D009,hepatitis-c,Hepatitis C,public_projection,HK,"Hong Kong, China",D009,Hepatitis C,丙型肝炎,Viral,2026-04-01,2026-04,2,2,,,0.027105405603934186,wpp_computed,,,,,,,,,,,,,,,,,,,,,,legacy_fallback,legacy_fallback,,legacy_identity_may_be_lossy,,0,No eligible registered case-count series facts are available for this disease and country; the public curve uses the legacy flat table.,chp_notifiable,"Hong Kong, China CHP Notifiable Diseases",https://www.chp.gov.hk/en/static/24012.html,open_data_csv,chp_notifiable,"Hong Kong, China CHP Notifiable Diseases",https://www.chp.gov.hk/en/static/24012.html,open_data_csv
disease,D009,hepatitis-c,Hepatitis C,public_projection,KR,South Korea,D009,Hepatitis C,丙型肝炎,Viral,2026-04-01,2026-04,564,564,,,1.093015037018714,wpp_computed,,,,,,,,,,,,,,,,,,,,,,legacy_fallback,legacy_fallback,,legacy_identity_may_be_lossy,,0,No eligible registered case-count series facts are available for this disease and country; the public curve uses the legacy flat table.,kdca_open_api,Korea KDCA EID,https://www.data.go.kr/data/15139178/openapi.do,open_api_or_portal_download,kdca_open_api,Korea KDCA EID,https://www.data.go.kr/data/15139178/openapi.do,open_api_or_portal_download
disease,D009,hepatitis-c,Hepatitis C,public_projection,NO,Norway,D009,Hepatitis C,丙型肝炎,Viral,2026-04-01,2026-04,32,32,,,0.566072264254562,wpp_computed,,SER_NO_FHI_203_MONTHLY,,,,,,monthly,,,,,,,,,,,,,,series_registry,representative_series,parity,non_additive_series_not_rolled_up,SER_NO_FHI_203_MONTHLY,2,Multiple registered series are not declared safely additive. The compatibility curve uses one representative series; inspect source_series for every retained definition.,fhi_msis,Norway FHI MSIS Statistics Bank,https://allvis.fhi.no/msis,official_json_api,fhi_msis,Norway FHI MSIS Statistics Bank,https://allvis.fhi.no/msis,official_json_api
disease,D009,hepatitis-c,Hepatitis C,source_series_observation,NO,Norway,D009,Hepatitis C,丙型肝炎,Viral,2026-04-01,2026-04,32,32,,,,,,SER_NO_FHI_203_MONTHLY,SER_NO_FHI_203_MONTHLY,SRC_NO_FHI_MSIS,Hepatitt C,case_notifications,national_notifiable_disease_registry,monthly,count,country:NO:national,all,exact,conditional,non_additive,active,missing_is_unknown,NO_FHI_MSIS_diagnosis_monthly,Norway FHI MSIS national monthly diagnosis series; FHI MSIS clinical course not specified.,,raw; revised,True,series_registry,representative_series,parity,non_additive_series_not_rolled_up,SER_NO_FHI_203_MONTHLY,2,Multiple registered series are not declared safely additive. The compatibility curve uses one representative series; inspect source_series for every retained definition.,fhi_msis,Norway FHI MSIS Statistics Bank,https://allvis.fhi.no/msis,official_json_api,fhi_msis,Norway FHI MSIS Statistics Bank,https://allvis.fhi.no/msis,official_json_api
disease,D009,hepatitis-c,Hepatitis C,public_projection,NZ,New Zealand,D009,Hepatitis C,丙型肝炎,Viral,2026-04-01,2026-04,5,5,,,0.09456302332359146,wpp_computed,,SER_NZ_HEPATITIS_C_MONTHLY,,,,,,monthly,,,,,,,,,,,,,,series_registry,single_series,parity,,SER_NZ_HEPATITIS_C_MONTHLY,1,The public curve is read directly from one registered source series.,phf_monthly,New Zealand PHF Science Monthly Notifiable Diseases,https://www.phfscience.nz/digital-library/,web,phf_monthly,New Zealand PHF Science Monthly Notifiable Diseases,https://www.phfscience.nz/digital-library/,web
disease,D009,hepatitis-c,Hepatitis C,source_series_observation,NZ,New Zealand,D009,Hepatitis C,丙型肝炎,Viral,2026-04-01,2026-04,5,5,,,,,,SER_NZ_HEPATITIS_C_MONTHLY,SER_NZ_HEPATITIS_C_MONTHLY,SRC_NZ_PHS,Hepatitis C,case_notifications,notification,monthly,count,country:NZ:national,all,exact,conditional,non_additive,active,missing_is_unknown,NZ_PHS_current,New Zealand PHF Science monthly hepatitis C notifications without a source-reported clinical-course split.,,provisional; raw,True,series_registry,single_series,parity,,SER_NZ_HEPATITIS_C_MONTHLY,1,The public curve is read directly from one registered source series.,phf_monthly,New Zealand PHF Science Monthly Notifiable Diseases,https://www.phfscience.nz/digital-library/,web,phf_monthly,New Zealand PHF Science Monthly Notifiable Diseases,https://www.phfscience.nz/digital-library/,web
disease,D009,hepatitis-c,Hepatitis C,public_projection,SE,Sweden,D009,Hepatitis C,丙型肝炎,Viral,2026-04-01,2026-04,65,65,,,0.6074172278384175,wpp_computed,,SER_SE_FOHM_SMINET_HEPATITIS_C,,,,,,monthly,,,,,,,,,,,,,,series_registry,representative_series,parity,non_additive_series_not_rolled_up,SER_SE_FOHM_SMINET_HEPATITIS_C,2,Multiple registered series are not declared safely additive. The compatibility curve uses one representative series; inspect source_series for every retained definition.,fohm_sminet,Sweden Public Health Agency SmiNet,https://www.folkhalsomyndigheten.se/statistik-och-data/hitta-statistik-och-data/smittsamma-sjukdomar-statistik/,official_html_csv,fohm_sminet,Sweden Public Health Agency SmiNet,https://www.folkhalsomyndigheten.se/statistik-och-data/hitta-statistik-och-data/smittsamma-sjukdomar-statistik/,official_html_csv
disease,D009,hepatitis-c,Hepatitis C,source_series_observation,SE,Sweden,D009,Hepatitis C,丙型肝炎,Viral,2026-04-01,2026-04,65,65,,,,,,SER_SE_FOHM_SMINET_HEPATITIS_C,SER_SE_FOHM_SMINET_HEPATITIS_C,SRC_SE_FOHM_SMINET,Hepatit C,case_notifications,national_notifiable_disease_registry,monthly,count,country:SE:national,all,exact,conditional,non_additive,active,missing_is_unknown,SE_FOHM_SMINET_current,Sweden FHM SmiNet national monthly notification series; Source does not qualify acute or chronic course.,,revised,True,series_registry,representative_series,parity,non_additive_series_not_rolled_up,SER_SE_FOHM_SMINET_HEPATITIS_C,2,Multiple registered series are not declared safely additive. The compatibility curve uses one representative series; inspect source_series for every retained definition.,fohm_sminet,Sweden Public Health Agency SmiNet,https://www.folkhalsomyndigheten.se/statistik-och-data/hitta-statistik-och-data/smittsamma-sjukdomar-statistik/,official_html_csv,fohm_sminet,Sweden Public Health Agency SmiNet,https://www.folkhalsomyndigheten.se/statistik-och-data/hitta-statistik-och-data/smittsamma-sjukdomar-statistik/,official_html_csv
disease,D009,hepatitis-c,Hepatitis C,public_projection,AU-ACT,"Australian Capital Territory, Australia",D009,Hepatitis C,丙型肝炎,Viral,2026-05-01,2026-05,,,,,,missing_population,,,,,,,,,,,,,,,,,,,,,,legacy_fallback,legacy_fallback,,legacy_identity_may_be_lossy,,0,No eligible registered case-count series facts are available for this disease and country; the public curve uses the legacy flat table.,all,Australia NINDSS — Australian Capital Territory,https://www.cdc.gov.au/resources/apps-and-tools/nndss-data-visualisation-tool,microsoft_bi,all,Australia NINDSS — Australian Capital Territory,https://www.cdc.gov.au/resources/apps-and-tools/nndss-data-visualisation-tool,microsoft_bi
disease,D009,hepatitis-c,Hepatitis C,public_projection,AU-NSW,"New South Wales, Australia",D009,Hepatitis C,丙型肝炎,Viral,2026-05-01,2026-05,154,154,,,1.7762183964323386,abs_computed,,,,,,,,,,,,,,,,,,,,,,legacy_fallback,legacy_fallback,,legacy_identity_may_be_lossy,,0,No eligible registered case-count series facts are available for this disease and country; the public curve uses the legacy flat table.,all,Australia NINDSS — New South Wales,https://www.cdc.gov.au/resources/apps-and-tools/nndss-data-visualisation-tool,microsoft_bi,all,Australia NINDSS — New South Wales,https://www.cdc.gov.au/resources/apps-and-tools/nndss-data-visualisation-tool,microsoft_bi
disease,D009,hepatitis-c,Hepatitis C,public_projection,AU-NT,"Northern Territory, Australia",D009,Hepatitis C,丙型肝炎,Viral,2026-05-01,2026-05,,,,,,missing_population,,,,,,,,,,,,,,,,,,,,,,legacy_fallback,legacy_fallback,,legacy_identity_may_be_lossy,,0,No eligible registered case-count series facts are available for this disease and country; the public curve uses the legacy flat table.,all,Australia NINDSS — Northern Territory,https://www.cdc.gov.au/resources/apps-and-tools/nndss-data-visualisation-tool,microsoft_bi,all,Australia NINDSS — Northern Territory,https://www.cdc.gov.au/resources/apps-and-tools/nndss-data-visualisation-tool,microsoft_bi
disease,D009,hepatitis-c,Hepatitis C,public_projection,AU-QLD,"Queensland, Australia",D009,Hepatitis C,丙型肝炎,Viral,2026-05-01,2026-05,119,119,,,2.0733654257777863,abs_computed,,,,,,,,,,,,,,,,,,,,,,legacy_fallback,legacy_fallback,,legacy_identity_may_be_lossy,,0,No eligible registered case-count series facts are available for this disease and country; the public curve uses the legacy flat table.,all,Australia NINDSS — Queensland,https://www.cdc.gov.au/resources/apps-and-tools/nndss-data-visualisation-tool,microsoft_bi,all,Australia NINDSS — Queensland,https://www.cdc.gov.au/resources/apps-and-tools/nndss-data-visualisation-tool,microsoft_bi
disease,D009,hepatitis-c,Hepatitis C,public_projection,AU-SA,"South Australia, Australia",D009,Hepatitis C,丙型肝炎,Viral,2026-05-01,2026-05,12,12,,,0.6260316479865778,abs_computed,,,,,,,,,,,,,,,,,,,,,,legacy_fallback,legacy_fallback,,legacy_identity_may_be_lossy,,0,No eligible registered case-count series facts are available for this disease and country; the public curve uses the legacy flat table.,all,Australia NINDSS — South Australia,https://www.cdc.gov.au/resources/apps-and-tools/nndss-data-visualisation-tool,microsoft_bi,all,Australia NINDSS — South Australia,https://www.cdc.gov.au/resources/apps-and-tools/nndss-data-visualisation-tool,microsoft_bi
disease,D009,hepatitis-c,Hepatitis C,public_projection,AU-TAS,"Tasmania, Australia",D009,Hepatitis C,丙型肝炎,Viral,2026-05-01,2026-05,7,7,,,1.205460391154676,abs_computed,,,,,,,,,,,,,,,,,,,,,,legacy_fallback,legacy_fallback,,legacy_identity_may_be_lossy,,0,No eligible registered case-count series facts are available for this disease and country; the public curve uses the legacy flat table.,all,Australia NINDSS — Tasmania,https://www.cdc.gov.au/resources/apps-and-tools/nndss-data-visualisation-tool,microsoft_bi,all,Australia NINDSS — Tasmania,https://www.cdc.gov.au/resources/apps-and-tools/nndss-data-visualisation-tool,microsoft_bi
disease,D009,hepatitis-c,Hepatitis C,public_projection,AU-VIC,"Victoria, Australia",D009,Hepatitis C,丙型肝炎,Viral,2026-05-01,2026-05,92,92,,,1.2859541241457315,abs_computed,,,,,,,,,,,,,,,,,,,,,,legacy_fallback,legacy_fallback,,legacy_identity_may_be_lossy,,0,No eligible registered case-count series facts are available for this disease and country; the public curve uses the legacy flat table.,all,Australia NINDSS — Victoria,https://www.cdc.gov.au/resources/apps-and-tools/nndss-data-visualisation-tool,microsoft_bi,all,Australia NINDSS — Victoria,https://www.cdc.gov.au/resources/apps-and-tools/nndss-data-visualisation-tool,microsoft_bi
disease,D009,hepatitis-c,Hepatitis C,public_projection,AU-WA,"Western Australia, Australia",D009,Hepatitis C,丙型肝炎,Viral,2026-05-01,2026-05,104,104,,,3.358932272944253,abs_computed,,,,,,,,,,,,,,,,,,,,,,legacy_fallback,legacy_fallback,,legacy_identity_may_be_lossy,,0,No eligible registered case-count series facts are available for this disease and country; the public curve uses the legacy flat table.,all,Australia NINDSS — Western Australia,https://www.cdc.gov.au/resources/apps-and-tools/nndss-data-visualisation-tool,microsoft_bi,all,Australia NINDSS — Western Australia,https://www.cdc.gov.au/resources/apps-and-tools/nndss-data-visualisation-tool,microsoft_bi
disease,D009,hepatitis-c,Hepatitis C,public_projection,CA-ON,"Ontario, Canada",D009,Hepatitis C,丙型肝炎,Viral,2026-05-01,2026-05,214,214,,,,missing_population,,SER_CA_ON_PHO_IDTO_HEPATITIS_C_UNSPECIFIED_COURSE_MONTHLY,,,,,,monthly,,,,,,,,,,,,,,series_registry,single_series,parity,,SER_CA_ON_PHO_IDTO_HEPATITIS_C_UNSPECIFIED_COURSE_MONTHLY,1,The public curve is read directly from one registered source series.,pho_idto_monthly,Public Health Ontario IDTO Monthly,https://www.publichealthontario.ca/en/data-and-analysis/infectious-disease/reportable-disease-trends-annually,microsoft_bi,pho_idto_monthly,Public Health Ontario IDTO Monthly,https://www.publichealthontario.ca/en/data-and-analysis/infectious-disease/reportable-disease-trends-annually,microsoft_bi
disease,D009,hepatitis-c,Hepatitis C,source_series_observation,CA-ON,"Ontario, Canada",D009,Hepatitis C,丙型肝炎,Viral,2026-05-01,2026-05,214,214,,,,,,SER_CA_ON_PHO_IDTO_HEPATITIS_C_UNSPECIFIED_COURSE_MONTHLY,SER_CA_ON_PHO_IDTO_HEPATITIS_C_UNSPECIFIED_COURSE_MONTHLY,SRC_CA_ON_PHO_IDTO,Hepatitis C,case_notifications,notification,monthly,count,country:CA-ON:national,all,exact,conditional,non_additive,active,missing_is_unknown,PHO_IDTO_2026_07,PHO IDTO current-year monthly preliminary hepatitis C notifications without an acute/chronic source split; confirmed cases only under the July 2026 technical notes.,,provisional,True,series_registry,single_series,parity,,SER_CA_ON_PHO_IDTO_HEPATITIS_C_UNSPECIFIED_COURSE_MONTHLY,1,The public curve is read directly from one registered source series.,pho_idto_monthly,Public Health Ontario IDTO Monthly,https://www.publichealthontario.ca/en/data-and-analysis/infectious-disease/reportable-disease-trends-annually,microsoft_bi,pho_idto_monthly,Public Health Ontario IDTO Monthly,https://www.publichealthontario.ca/en/data-and-analysis/infectious-disease/reportable-disease-trends-annually,microsoft_bi
disease,D009,hepatitis-c,Hepatitis C,public_projection,CH,Switzerland,D009,Hepatitis C,丙型肝炎,Viral,2026-05-01,2026-05,71,71,,,0.7882059522205094,wpp_computed,,,,,,,,,,,,,,,,,,,,,,legacy_fallback,legacy_fallback,,legacy_identity_may_be_lossy,,0,No eligible registered case-count series facts are available for this disease and country; the public curve uses the legacy flat table.,foph_idd,Switzerland FOPH IDD,https://www.idd.bag.admin.ch/en/portal-data,rest_api,foph_idd,Switzerland FOPH IDD,https://www.idd.bag.admin.ch/en/portal-data,rest_api
disease,D009,hepatitis-c,Hepatitis C,public_projection,CN,China,D009,Hepatitis C,丙型肝炎,Viral,2026-05-01,2026-05,15036,15036,,157,1.06418359915731,wpp_computed,,SER_CN_HEPATITIS_C_UNSPECIFIED_COURSE,,,,,,monthly,,,,,,,,,,,,,,mixed,single_series,legacy_gap_fill,,SER_CN_HEPATITIS_C_UNSPECIFIED_COURSE,1,The public curve is read directly from one registered source series. Registry facts replace matching periods; legacy-only periods are retained as explicit coverage gap fills.,cdc_weekly,China CDC Weekly,https://weekly.chinacdc.cn,web,cdc_weekly; nhc; pubmed,China CDC Weekly; National Disease Control and Prevention Administration; PubMed,https://weekly.chinacdc.cn; https://www.ndcpa.gov.cn; https://pubmed.ncbi.nlm.nih.gov,web; web; web
disease,D009,hepatitis-c,Hepatitis C,public_projection,CN-AH,"Anhui, China",D009,Hepatitis C,丙型肝炎,Viral,2026-05-01,2026-05,486,486,,,,missing_population,,,,,,,,monthly,,,,,,,,,,,,,,series_registry,priority_overlay,parity,,SER_CN_PROV_DC_HEPATITIS_C; SER_CN_PROV_REPORT_HEPATITIS_C,2,Retained source series are overlaid per period using their explicit source priority; lower-priority observations remain downloadable.,cn_province_datacenter,Public Health Science Data Center,https://www.phsciencedata.cn/Share/ky_sjml.jsp,official_datacenter_spreadsheet,cn_province_datacenter; cn_province_monthly_report,Public Health Science Data Center; Provincial statutory infectious disease monthly report,https://www.phsciencedata.cn/Share/ky_sjml.jsp; https://www.ahlx.gov.cn/Jczwgk/showList/1/125024000/page_1.html,official_datacenter_spreadsheet; official_provincial_report
disease,D009,hepatitis-c,Hepatitis C,source_series_observation,CN-AH,"Anhui, China",D009,Hepatitis C,丙型肝炎,Viral,2026-05-01,2026-05,486,486,,,,,,SER_CN_PROV_REPORT_HEPATITIS_C,SER_CN_PROV_REPORT_HEPATITIS_C,SRC_CN_PROV_MONTHLY_REPORT,丙型肝炎,case_notifications,provincial_statutory_infectious_disease_monthly_report,monthly,count,country:CN-AH:national,all,exact,conditional,non_additive,active,missing_is_unknown,CN_PROVINCE_MONTHLY_REPORT_V1,Disease count explicitly published in an official provincial statutory infectious-disease monthly report; absent rows remain unknown and are never zero-filled.,,raw,True,series_registry,priority_overlay,parity,,SER_CN_PROV_DC_HEPATITIS_C; SER_CN_PROV_REPORT_HEPATITIS_C,2,Retained source series are overlaid per period using their explicit source priority; lower-priority observations remain downloadable.,cn_province_datacenter,Public Health Science Data Center,https://www.phsciencedata.cn/Share/ky_sjml.jsp,official_datacenter_spreadsheet,cn_province_datacenter; cn_province_monthly_report,Public Health Science Data Center; Provincial statutory infectious disease monthly report,https://www.phsciencedata.cn/Share/ky_sjml.jsp; https://www.ahlx.gov.cn/Jczwgk/showList/1/125024000/page_1.html,official_datacenter_spreadsheet; official_provincial_report
disease,D009,hepatitis-c,Hepatitis C,public_projection,CN-CQ,"Chongqing, China",D009,Hepatitis C,丙型肝炎,Viral,2026-05-01,2026-05,363,363,,,,missing_population,,,,,,,,monthly,,,,,,,,,,,,,,series_registry,priority_overlay,parity,,SER_CN_PROV_DC_HEPATITIS_C; SER_CN_PROV_REPORT_HEPATITIS_C,2,Retained source series are overlaid per period using their explicit source priority; lower-priority observations remain downloadable.,cn_province_datacenter,Public Health Science Data Center,https://www.phsciencedata.cn/Share/ky_sjml.jsp,official_datacenter_spreadsheet,cn_province_datacenter; cn_province_monthly_report,Public Health Science Data Center; Provincial statutory infectious disease monthly report,https://www.phsciencedata.cn/Share/ky_sjml.jsp; https://wsjkw.cq.gov.cn/zwgk_242/wsjklymsxx/ylws_266434/jbfk_266438/yqxx/,official_datacenter_spreadsheet; official_provincial_report
disease,D009,hepatitis-c,Hepatitis C,source_series_observation,CN-CQ,"Chongqing, China",D009,Hepatitis C,丙型肝炎,Viral,2026-05-01,2026-05,363,363,,,,,,SER_CN_PROV_REPORT_HEPATITIS_C,SER_CN_PROV_REPORT_HEPATITIS_C,SRC_CN_PROV_MONTHLY_REPORT,丙型肝炎,case_notifications,provincial_statutory_infectious_disease_monthly_report,monthly,count,country:CN-CQ:national,all,exact,conditional,non_additive,active,missing_is_unknown,CN_PROVINCE_MONTHLY_REPORT_V1,Disease count explicitly published in an official provincial statutory infectious-disease monthly report; absent rows remain unknown and are never zero-filled.,,raw,True,series_registry,priority_overlay,parity,,SER_CN_PROV_DC_HEPATITIS_C; SER_CN_PROV_REPORT_HEPATITIS_C,2,Retained source series are overlaid per period using their explicit source priority; lower-priority observations remain downloadable.,cn_province_datacenter,Public Health Science Data Center,https://www.phsciencedata.cn/Share/ky_sjml.jsp,official_datacenter_spreadsheet,cn_province_datacenter; cn_province_monthly_report,Public Health Science Data Center; Provincial statutory infectious disease monthly report,https://www.phsciencedata.cn/Share/ky_sjml.jsp; https://wsjkw.cq.gov.cn/zwgk_242/wsjklymsxx/ylws_266434/jbfk_266438/yqxx/,official_datacenter_spreadsheet; official_provincial_report
disease,D009,hepatitis-c,Hepatitis C,public_projection,CN-GD,"Guangdong, China",D009,Hepatitis C,丙型肝炎,Viral,2026-05-01,2026-05,1828,1828,,,,missing_population,,,,,,,,monthly,,,,,,,,,,,,,,series_registry,priority_overlay,parity,,SER_CN_PROV_DC_HEPATITIS_C; SER_CN_PROV_REPORT_HEPATITIS_C,2,Retained source series are overlaid per period using their explicit source priority; lower-priority observations remain downloadable.,cn_province_datacenter,Public Health Science Data Center,https://www.phsciencedata.cn/Share/ky_sjml.jsp,official_datacenter_spreadsheet,cn_province_datacenter; cn_province_monthly_report,Public Health Science Data Center; Provincial statutory infectious disease monthly report,https://www.phsciencedata.cn/Share/ky_sjml.jsp; https://wsjkw.gd.gov.cn/zwyw_yqxx/index.html,official_datacenter_spreadsheet; official_provincial_report
disease,D009,hepatitis-c,Hepatitis C,source_series_observation,CN-GD,"Guangdong, China",D009,Hepatitis C,丙型肝炎,Viral,2026-05-01,2026-05,1828,1828,,,,,,SER_CN_PROV_REPORT_HEPATITIS_C,SER_CN_PROV_REPORT_HEPATITIS_C,SRC_CN_PROV_MONTHLY_REPORT,丙型肝炎,case_notifications,provincial_statutory_infectious_disease_monthly_report,monthly,count,country:CN-GD:national,all,exact,conditional,non_additive,active,missing_is_unknown,CN_PROVINCE_MONTHLY_REPORT_V1,Disease count explicitly published in an official provincial statutory infectious-disease monthly report; absent rows remain unknown and are never zero-filled.,,raw,True,series_registry,priority_overlay,parity,,SER_CN_PROV_DC_HEPATITIS_C; SER_CN_PROV_REPORT_HEPATITIS_C,2,Retained source series are overlaid per period using their explicit source priority; lower-priority observations remain downloadable.,cn_province_datacenter,Public Health Science Data Center,https://www.phsciencedata.cn/Share/ky_sjml.jsp,official_datacenter_spreadsheet,cn_province_datacenter; cn_province_monthly_report,Public Health Science Data Center; Provincial statutory infectious disease monthly report,https://www.phsciencedata.cn/Share/ky_sjml.jsp; https://wsjkw.gd.gov.cn/zwyw_yqxx/index.html,official_datacenter_spreadsheet; official_provincial_report
disease,D009,hepatitis-c,Hepatitis C,public_projection,CN-HN,"Hunan, China",D009,Hepatitis C,丙型肝炎,Viral,2026-05-01,2026-05,743,743,,,,missing_population,,,,,,,,monthly,,,,,,,,,,,,,,series_registry,priority_overlay,parity,,SER_CN_PROV_DC_HEPATITIS_C; SER_CN_PROV_REPORT_HEPATITIS_C,2,Retained source series are overlaid per period using their explicit source priority; lower-priority observations remain downloadable.,cn_province_datacenter,Public Health Science Data Center,https://www.phsciencedata.cn/Share/ky_sjml.jsp,official_datacenter_spreadsheet,cn_province_datacenter; cn_province_monthly_report,Public Health Science Data Center; Provincial statutory infectious disease monthly report,https://www.phsciencedata.cn/Share/ky_sjml.jsp; http://wjw.hunan.gov.cn/wjw/xxgk/yqsj/,official_datacenter_spreadsheet; official_provincial_report
disease,D009,hepatitis-c,Hepatitis C,source_series_observation,CN-HN,"Hunan, China",D009,Hepatitis C,丙型肝炎,Viral,2026-05-01,2026-05,743,743,,,,,,SER_CN_PROV_REPORT_HEPATITIS_C,SER_CN_PROV_REPORT_HEPATITIS_C,SRC_CN_PROV_MONTHLY_REPORT,丙型肝炎,case_notifications,provincial_statutory_infectious_disease_monthly_report,monthly,count,country:CN-HN:national,all,exact,conditional,non_additive,active,missing_is_unknown,CN_PROVINCE_MONTHLY_REPORT_V1,Disease count explicitly published in an official provincial statutory infectious-disease monthly report; absent rows remain unknown and are never zero-filled.,,raw,True,series_registry,priority_overlay,parity,,SER_CN_PROV_DC_HEPATITIS_C; SER_CN_PROV_REPORT_HEPATITIS_C,2,Retained source series are overlaid per period using their explicit source priority; lower-priority observations remain downloadable.,cn_province_datacenter,Public Health Science Data Center,https://www.phsciencedata.cn/Share/ky_sjml.jsp,official_datacenter_spreadsheet,cn_province_datacenter; cn_province_monthly_report,Public Health Science Data Center; Provincial statutory infectious disease monthly report,https://www.phsciencedata.cn/Share/ky_sjml.jsp; http://wjw.hunan.gov.cn/wjw/xxgk/yqsj/,official_datacenter_spreadsheet; official_provincial_report
disease,D009,hepatitis-c,Hepatitis C,public_projection,CN-JS,"Jiangsu, China",D009,Hepatitis C,丙型肝炎,Viral,2026-05-01,2026-05,503,503,,,,missing_population,,,,,,,,monthly,,,,,,,,,,,,,,series_registry,priority_overlay,parity,,SER_CN_PROV_DC_HEPATITIS_C; SER_CN_PROV_REPORT_HEPATITIS_C,2,Retained source series are overlaid per period using their explicit source priority; lower-priority observations remain downloadable.,cn_province_datacenter,Public Health Science Data Center,https://www.phsciencedata.cn/Share/ky_sjml.jsp,official_datacenter_spreadsheet,cn_province_datacenter; cn_province_monthly_report,Public Health Science Data Center; Provincial statutory infectious disease monthly report,https://www.phsciencedata.cn/Share/ky_sjml.jsp; https://wjw.jiangsu.gov.cn/col/col76875/index.html,official_datacenter_spreadsheet; official_provincial_report
disease,D009,hepatitis-c,Hepatitis C,source_series_observation,CN-JS,"Jiangsu, China",D009,Hepatitis C,丙型肝炎,Viral,2026-05-01,2026-05,503,503,,,,,,SER_CN_PROV_REPORT_HEPATITIS_C,SER_CN_PROV_REPORT_HEPATITIS_C,SRC_CN_PROV_MONTHLY_REPORT,丙型肝炎,case_notifications,provincial_statutory_infectious_disease_monthly_report,monthly,count,country:CN-JS:national,all,exact,conditional,non_additive,active,missing_is_unknown,CN_PROVINCE_MONTHLY_REPORT_V1,Disease count explicitly published in an official provincial statutory infectious-disease monthly report; absent rows remain unknown and are never zero-filled.,,raw,True,series_registry,priority_overlay,parity,,SER_CN_PROV_DC_HEPATITIS_C; SER_CN_PROV_REPORT_HEPATITIS_C,2,Retained source series are overlaid per period using their explicit source priority; lower-priority observations remain downloadable.,cn_province_datacenter,Public Health Science Data Center,https://www.phsciencedata.cn/Share/ky_sjml.jsp,official_datacenter_spreadsheet,cn_province_datacenter; cn_province_monthly_report,Public Health Science Data Center; Provincial statutory infectious disease monthly report,https://www.phsciencedata.cn/Share/ky_sjml.jsp; https://wjw.jiangsu.gov.cn/col/col76875/index.html,official_datacenter_spreadsheet; official_provincial_report
disease,D009,hepatitis-c,Hepatitis C,public_projection,CN-LN,"Liaoning, China",D009,Hepatitis C,丙型肝炎,Viral,2026-05-01,2026-05,570,570,,,,missing_population,,,,,,,,monthly,,,,,,,,,,,,,,series_registry,priority_overlay,parity,,SER_CN_PROV_DC_HEPATITIS_C; SER_CN_PROV_REPORT_HEPATITIS_C,2,Retained source series are overlaid per period using their explicit source priority; lower-priority observations remain downloadable.,cn_province_datacenter,Public Health Science Data Center,https://www.phsciencedata.cn/Share/ky_sjml.jsp,official_datacenter_spreadsheet,cn_province_datacenter; cn_province_monthly_report,Public Health Science Data Center; Provincial statutory infectious disease monthly report,https://www.phsciencedata.cn/Share/ky_sjml.jsp; https://wsjk.ln.gov.cn/wsjk/zfxxgk/fdzdgknr/tfggsj/index.shtml,official_datacenter_spreadsheet; official_provincial_report
disease,D009,hepatitis-c,Hepatitis C,source_series_observation,CN-LN,"Liaoning, China",D009,Hepatitis C,丙型肝炎,Viral,2026-05-01,2026-05,570,570,,,,,,SER_CN_PROV_REPORT_HEPATITIS_C,SER_CN_PROV_REPORT_HEPATITIS_C,SRC_CN_PROV_MONTHLY_REPORT,丙型肝炎,case_notifications,provincial_statutory_infectious_disease_monthly_report,monthly,count,country:CN-LN:national,all,exact,conditional,non_additive,active,missing_is_unknown,CN_PROVINCE_MONTHLY_REPORT_V1,Disease count explicitly published in an official provincial statutory infectious-disease monthly report; absent rows remain unknown and are never zero-filled.,,raw,True,series_registry,priority_overlay,parity,,SER_CN_PROV_DC_HEPATITIS_C; SER_CN_PROV_REPORT_HEPATITIS_C,2,Retained source series are overlaid per period using their explicit source priority; lower-priority observations remain downloadable.,cn_province_datacenter,Public Health Science Data Center,https://www.phsciencedata.cn/Share/ky_sjml.jsp,official_datacenter_spreadsheet,cn_province_datacenter; cn_province_monthly_report,Public Health Science Data Center; Provincial statutory infectious disease monthly report,https://www.phsciencedata.cn/Share/ky_sjml.jsp; https://wsjk.ln.gov.cn/wsjk/zfxxgk/fdzdgknr/tfggsj/index.shtml,official_datacenter_spreadsheet; official_provincial_report
disease,D009,hepatitis-c,Hepatitis C,public_projection,CN-SC,"Sichuan, China",D009,Hepatitis C,丙型肝炎,Viral,2026-05-01,2026-05,1613,1613,,,,missing_population,,,,,,,,monthly,,,,,,,,,,,,,,series_registry,priority_overlay,parity,,SER_CN_PROV_DC_HEPATITIS_C; SER_CN_PROV_REPORT_HEPATITIS_C,2,Retained source series are overlaid per period using their explicit source priority; lower-priority observations remain downloadable.,cn_province_datacenter,Public Health Science Data Center,https://www.phsciencedata.cn/Share/ky_sjml.jsp,official_datacenter_spreadsheet,cn_province_datacenter; cn_province_monthly_report,Public Health Science Data Center; Provincial statutory infectious disease monthly report,https://www.phsciencedata.cn/Share/ky_sjml.jsp; https://www.sccdc.cn/Article/List?ID=132,official_datacenter_spreadsheet; official_provincial_report
disease,D009,hepatitis-c,Hepatitis C,source_series_observation,CN-SC,"Sichuan, China",D009,Hepatitis C,丙型肝炎,Viral,2026-05-01,2026-05,1613,1613,,,,,,SER_CN_PROV_REPORT_HEPATITIS_C,SER_CN_PROV_REPORT_HEPATITIS_C,SRC_CN_PROV_MONTHLY_REPORT,丙型肝炎,case_notifications,provincial_statutory_infectious_disease_monthly_report,monthly,count,country:CN-SC:national,all,exact,conditional,non_additive,active,missing_is_unknown,CN_PROVINCE_MONTHLY_REPORT_V1,Disease count explicitly published in an official provincial statutory infectious-disease monthly report; absent rows remain unknown and are never zero-filled.,,raw,True,series_registry,priority_overlay,parity,,SER_CN_PROV_DC_HEPATITIS_C; SER_CN_PROV_REPORT_HEPATITIS_C,2,Retained source series are overlaid per period using their explicit source priority; lower-priority observations remain downloadable.,cn_province_datacenter,Public Health Science Data Center,https://www.phsciencedata.cn/Share/ky_sjml.jsp,official_datacenter_spreadsheet,cn_province_datacenter; cn_province_monthly_report,Public Health Science Data Center; Provincial statutory infectious disease monthly report,https://www.phsciencedata.cn/Share/ky_sjml.jsp; https://www.sccdc.cn/Article/List?ID=132,official_datacenter_spreadsheet; official_provincial_report
disease,D009,hepatitis-c,Hepatitis C,public_projection,CN-SH,"Shanghai, China",D009,Hepatitis C,丙型肝炎,Viral,2026-05-01,2026-05,3,3,,,,missing_population,,,,,,,,monthly,,,,,,,,,,,,,,series_registry,priority_overlay,parity,,SER_CN_PROV_DC_HEPATITIS_C; SER_CN_PROV_REPORT_HEPATITIS_C,2,Retained source series are overlaid per period using their explicit source priority; lower-priority observations remain downloadable.,cn_province_datacenter,Public Health Science Data Center,https://www.phsciencedata.cn/Share/ky_sjml.jsp,official_datacenter_spreadsheet,cn_province_datacenter; cn_province_monthly_report,Public Health Science Data Center; Provincial statutory infectious disease monthly report,https://www.phsciencedata.cn/Share/ky_sjml.jsp; https://wsjkw.sh.gov.cn/yqxx/index.html,official_datacenter_spreadsheet; official_provincial_report
disease,D009,hepatitis-c,Hepatitis C,source_series_observation,CN-SH,"Shanghai, China",D009,Hepatitis C,丙型肝炎,Viral,2026-05-01,2026-05,3,3,,,,,,SER_CN_PROV_REPORT_HEPATITIS_C,SER_CN_PROV_REPORT_HEPATITIS_C,SRC_CN_PROV_MONTHLY_REPORT,丙型肝炎,case_notifications,provincial_statutory_infectious_disease_monthly_report,monthly,count,country:CN-SH:national,all,exact,conditional,non_additive,active,missing_is_unknown,CN_PROVINCE_MONTHLY_REPORT_V1,Disease count explicitly published in an official provincial statutory infectious-disease monthly report; absent rows remain unknown and are never zero-filled.,,raw,True,series_registry,priority_overlay,parity,,SER_CN_PROV_DC_HEPATITIS_C; SER_CN_PROV_REPORT_HEPATITIS_C,2,Retained source series are overlaid per period using their explicit source priority; lower-priority observations remain downloadable.,cn_province_datacenter,Public Health Science Data Center,https://www.phsciencedata.cn/Share/ky_sjml.jsp,official_datacenter_spreadsheet,cn_province_datacenter; cn_province_monthly_report,Public Health Science Data Center; Provincial statutory infectious disease monthly report,https://www.phsciencedata.cn/Share/ky_sjml.jsp; https://wsjkw.sh.gov.cn/yqxx/index.html,official_datacenter_spreadsheet; official_provincial_report
disease,D009,hepatitis-c,Hepatitis C,public_projection,CN-ZJ,"Zhejiang, China",D009,Hepatitis C,丙型肝炎,Viral,2026-05-01,2026-05,249,249,,,,missing_population,,,,,,,,monthly,,,,,,,,,,,,,,series_registry,priority_overlay,parity,,SER_CN_PROV_DC_HEPATITIS_C; SER_CN_PROV_REPORT_HEPATITIS_C,2,Retained source series are overlaid per period using their explicit source priority; lower-priority observations remain downloadable.,cn_province_datacenter,Public Health Science Data Center,https://www.phsciencedata.cn/Share/ky_sjml.jsp,official_datacenter_spreadsheet,cn_province_datacenter; cn_province_monthly_report,Public Health Science Data Center; Provincial statutory infectious disease monthly report,https://www.phsciencedata.cn/Share/ky_sjml.jsp; https://www.yw.gov.cn/col/col1229452786/index.html,official_datacenter_spreadsheet; official_provincial_report
disease,D009,hepatitis-c,Hepatitis C,source_series_observation,CN-ZJ,"Zhejiang, China",D009,Hepatitis C,丙型肝炎,Viral,2026-05-01,2026-05,249,249,,,,,,SER_CN_PROV_REPORT_HEPATITIS_C,SER_CN_PROV_REPORT_HEPATITIS_C,SRC_CN_PROV_MONTHLY_REPORT,丙型肝炎,case_notifications,provincial_statutory_infectious_disease_monthly_report,monthly,count,country:CN-ZJ:national,all,exact,conditional,non_additive,active,missing_is_unknown,CN_PROVINCE_MONTHLY_REPORT_V1,Disease count explicitly published in an official provincial statutory infectious-disease monthly report; absent rows remain unknown and are never zero-filled.,,raw,True,series_registry,priority_overlay,parity,,SER_CN_PROV_DC_HEPATITIS_C; SER_CN_PROV_REPORT_HEPATITIS_C,2,Retained source series are overlaid per period using their explicit source priority; lower-priority observations remain downloadable.,cn_province_datacenter,Public Health Science Data Center,https://www.phsciencedata.cn/Share/ky_sjml.jsp,official_datacenter_spreadsheet,cn_province_datacenter; cn_province_monthly_report,Public Health Science Data Center; Provincial statutory infectious disease monthly report,https://www.phsciencedata.cn/Share/ky_sjml.jsp; https://www.yw.gov.cn/col/col1229452786/index.html,official_datacenter_spreadsheet; official_provincial_report
disease,D009,hepatitis-c,Hepatitis C,public_projection,FI,Finland,D009,Hepatitis C,丙型肝炎,Viral,2026-05-01,2026-05,59,59,,,1.0494974108098412,wpp_computed,,SER_FI_THL_TTR_703,,,,,,monthly,,,,,,,,,,,,,,series_registry,representative_series,legacy_gap_fill_blocked_incompatible,non_additive_series_not_rolled_up,SER_FI_THL_TTR_703,2,Multiple registered series are not declared safely additive. The compatibility curve uses one representative series; inspect source_series for every retained definition. Legacy rows with a different reporting grain or comparison basis were not joined to this curve.,thl_ttr,Finland THL Infectious Diseases Register,https://sampo.thl.fi/pivot/prod/en/ttr/cases/fact_ttr_cases,cube_csv,thl_ttr,Finland THL Infectious Diseases Register,https://sampo.thl.fi/pivot/prod/en/ttr/cases/fact_ttr_cases,cube_csv
disease,D009,hepatitis-c,Hepatitis C,source_series_observation,FI,Finland,D009,Hepatitis C,丙型肝炎,Viral,2026-05-01,2026-05,59,59,,,,,,SER_FI_THL_TTR_703,SER_FI_THL_TTR_703,SRC_FI_THL_TTR,Hepatitis C,case_notifications,national_notifiable_disease_registry,monthly,count,country:FI:national,all,exact,conditional,non_additive,active,missing_is_unknown,FI_THL_TTR_reporting_group,Finland THL national monthly notification series; Source does not qualify acute/chronic course.,,provisional; raw,True,series_registry,representative_series,legacy_gap_fill_blocked_incompatible,non_additive_series_not_rolled_up,SER_FI_THL_TTR_703,2,Multiple registered series are not declared safely additive. The compatibility curve uses one representative series; inspect source_series for every retained definition. Legacy rows with a different reporting grain or comparison basis were not joined to this curve.,thl_ttr,Finland THL Infectious Diseases Register,https://sampo.thl.fi/pivot/prod/en/ttr/cases/fact_ttr_cases,cube_csv,thl_ttr,Finland THL Infectious Diseases Register,https://sampo.thl.fi/pivot/prod/en/ttr/cases/fact_ttr_cases,cube_csv
disease,D009,hepatitis-c,Hepatitis C,public_projection,HK,"Hong Kong, China",D009,Hepatitis C,丙型肝炎,Viral,2026-05-01,2026-05,7,7,,,0.09486891961376966,wpp_computed,,,,,,,,,,,,,,,,,,,,,,legacy_fallback,legacy_fallback,,legacy_identity_may_be_lossy,,0,No eligible registered case-count series facts are available for this disease and country; the public curve uses the legacy flat table.,chp_notifiable,"Hong Kong, China CHP Notifiable Diseases",https://www.chp.gov.hk/en/static/24012.html,open_data_csv,chp_notifiable,"Hong Kong, China CHP Notifiable Diseases",https://www.chp.gov.hk/en/static/24012.html,open_data_csv
disease,D009,hepatitis-c,Hepatitis C,public_projection,KR,South Korea,D009,Hepatitis C,丙型肝炎,Viral,2026-05-01,2026-05,391,391,,,0.75774624020269,wpp_computed,,,,,,,,,,,,,,,,,,,,,,legacy_fallback,legacy_fallback,,legacy_identity_may_be_lossy,,0,No eligible registered case-count series facts are available for this disease and country; the public curve uses the legacy flat table.,kdca_open_api,Korea KDCA EID,https://www.data.go.kr/data/15139178/openapi.do,open_api_or_portal_download,kdca_open_api,Korea KDCA EID,https://www.data.go.kr/data/15139178/openapi.do,open_api_or_portal_download
disease,D009,hepatitis-c,Hepatitis C,public_projection,NO,Norway,D009,Hepatitis C,丙型肝炎,Viral,2026-05-01,2026-05,29,29,,,0.5130029894806968,wpp_computed,,SER_NO_FHI_203_MONTHLY,,,,,,monthly,,,,,,,,,,,,,,series_registry,representative_series,parity,non_additive_series_not_rolled_up,SER_NO_FHI_203_MONTHLY,2,Multiple registered series are not declared safely additive. The compatibility curve uses one representative series; inspect source_series for every retained definition.,fhi_msis,Norway FHI MSIS Statistics Bank,https://allvis.fhi.no/msis,official_json_api,fhi_msis,Norway FHI MSIS Statistics Bank,https://allvis.fhi.no/msis,official_json_api
disease,D009,hepatitis-c,Hepatitis C,source_series_observation,NO,Norway,D009,Hepatitis C,丙型肝炎,Viral,2026-05-01,2026-05,29,29,,,,,,SER_NO_FHI_203_MONTHLY,SER_NO_FHI_203_MONTHLY,SRC_NO_FHI_MSIS,Hepatitt C,case_notifications,national_notifiable_disease_registry,monthly,count,country:NO:national,all,exact,conditional,non_additive,active,missing_is_unknown,NO_FHI_MSIS_diagnosis_monthly,Norway FHI MSIS national monthly diagnosis series; FHI MSIS clinical course not specified.,,raw; revised,True,series_registry,representative_series,parity,non_additive_series_not_rolled_up,SER_NO_FHI_203_MONTHLY,2,Multiple registered series are not declared safely additive. The compatibility curve uses one representative series; inspect source_series for every retained definition.,fhi_msis,Norway FHI MSIS Statistics Bank,https://allvis.fhi.no/msis,official_json_api,fhi_msis,Norway FHI MSIS Statistics Bank,https://allvis.fhi.no/msis,official_json_api
disease,D009,hepatitis-c,Hepatitis C,public_projection,NZ,New Zealand,D009,Hepatitis C,丙型肝炎,Viral,2026-05-01,2026-05,4,4,,,0.07565041865887316,wpp_computed,,SER_NZ_HEPATITIS_C_MONTHLY,,,,,,monthly,,,,,,,,,,,,,,series_registry,single_series,parity,,SER_NZ_HEPATITIS_C_MONTHLY,1,The public curve is read directly from one registered source series.,phf_monthly,New Zealand PHF Science Monthly Notifiable Diseases,https://www.phfscience.nz/digital-library/,web,phf_monthly,New Zealand PHF Science Monthly Notifiable Diseases,https://www.phfscience.nz/digital-library/,web
disease,D009,hepatitis-c,Hepatitis C,source_series_observation,NZ,New Zealand,D009,Hepatitis C,丙型肝炎,Viral,2026-05-01,2026-05,4,4,,,,,,SER_NZ_HEPATITIS_C_MONTHLY,SER_NZ_HEPATITIS_C_MONTHLY,SRC_NZ_PHS,Hepatitis C,case_notifications,notification,monthly,count,country:NZ:national,all,exact,conditional,non_additive,active,missing_is_unknown,NZ_PHS_current,New Zealand PHF Science monthly hepatitis C notifications without a source-reported clinical-course split.,,provisional; raw,True,series_registry,single_series,parity,,SER_NZ_HEPATITIS_C_MONTHLY,1,The public curve is read directly from one registered source series.,phf_monthly,New Zealand PHF Science Monthly Notifiable Diseases,https://www.phfscience.nz/digital-library/,web,phf_monthly,New Zealand PHF Science Monthly Notifiable Diseases,https://www.phfscience.nz/digital-library/,web
disease,D009,hepatitis-c,Hepatitis C,public_projection,SE,Sweden,D009,Hepatitis C,丙型肝炎,Viral,2026-05-01,2026-05,42,42,,,0.39248497798790055,wpp_computed,,SER_SE_FOHM_SMINET_HEPATITIS_C,,,,,,monthly,,,,,,,,,,,,,,series_registry,representative_series,parity,non_additive_series_not_rolled_up,SER_SE_FOHM_SMINET_HEPATITIS_C,2,Multiple registered series are not declared safely additive. The compatibility curve uses one representative series; inspect source_series for every retained definition.,fohm_sminet,Sweden Public Health Agency SmiNet,https://www.folkhalsomyndigheten.se/statistik-och-data/hitta-statistik-och-data/smittsamma-sjukdomar-statistik/,official_html_csv,fohm_sminet,Sweden Public Health Agency SmiNet,https://www.folkhalsomyndigheten.se/statistik-och-data/hitta-statistik-och-data/smittsamma-sjukdomar-statistik/,official_html_csv
disease,D009,hepatitis-c,Hepatitis C,source_series_observation,SE,Sweden,D009,Hepatitis C,丙型肝炎,Viral,2026-05-01,2026-05,42,42,,,,,,SER_SE_FOHM_SMINET_HEPATITIS_C,SER_SE_FOHM_SMINET_HEPATITIS_C,SRC_SE_FOHM_SMINET,Hepatit C,case_notifications,national_notifiable_disease_registry,monthly,count,country:SE:national,all,exact,conditional,non_additive,active,missing_is_unknown,SE_FOHM_SMINET_current,Sweden FHM SmiNet national monthly notification series; Source does not qualify acute or chronic course.,,revised,True,series_registry,representative_series,parity,non_additive_series_not_rolled_up,SER_SE_FOHM_SMINET_HEPATITIS_C,2,Multiple registered series are not declared safely additive. The compatibility curve uses one representative series; inspect source_series for every retained definition.,fohm_sminet,Sweden Public Health Agency SmiNet,https://www.folkhalsomyndigheten.se/statistik-och-data/hitta-statistik-och-data/smittsamma-sjukdomar-statistik/,official_html_csv,fohm_sminet,Sweden Public Health Agency SmiNet,https://www.folkhalsomyndigheten.se/statistik-och-data/hitta-statistik-och-data/smittsamma-sjukdomar-statistik/,official_html_csv
disease,D009,hepatitis-c,Hepatitis C,public_projection,AU,Australia,D009,Hepatitis C,丙型肝炎,Viral,2026-06-01,2026-06,471,471,,,1.7298943669938212,wpp_computed,,SER_AU_HEPATITIS_C_UNSPECIFIED,,,,,,monthly,,,,,,,,,,,,,,mixed,single_series,legacy_gap_fill,,SER_AU_HEPATITIS_C_UNSPECIFIED,1,The public curve is read directly from one registered source series. Registry facts replace matching periods; legacy-only periods are retained as explicit coverage gap fills.,all,Australia NINDSS,https://www.health.gov.au/topics/national-notifiable-diseases-surveillance-system-nndss,microsoft_bi,all,Australia NINDSS,https://www.health.gov.au/topics/national-notifiable-diseases-surveillance-system-nndss,microsoft_bi
disease,D009,hepatitis-c,Hepatitis C,source_series_observation,AU,Australia,D009,Hepatitis C,丙型肝炎,Viral,2026-06-01,2026-06,471,471,,,,,,SER_AU_HEPATITIS_C_UNSPECIFIED,SER_AU_HEPATITIS_C_UNSPECIFIED,SRC_AU_NINDSS,Hepatitis C (unspecified),case_notifications,notification,monthly,count,country:AU:national,all,exact,unknown,non_additive,active,missing_is_unknown,globalid-disease-ontology:2026.09.26.1,Unspecified acquisition status; not combinable with newly acquired without an explicit rule.,,raw,True,mixed,single_series,legacy_gap_fill,,SER_AU_HEPATITIS_C_UNSPECIFIED,1,The public curve is read directly from one registered source series. Registry facts replace matching periods; legacy-only periods are retained as explicit coverage gap fills.,all,Australia NINDSS,https://www.health.gov.au/topics/national-notifiable-diseases-surveillance-system-nndss,microsoft_bi,all,Australia NINDSS,https://www.health.gov.au/topics/national-notifiable-diseases-surveillance-system-nndss,microsoft_bi
disease,D009,hepatitis-c,Hepatitis C,public_projection,AU-ACT,"Australian Capital Territory, Australia",D009,Hepatitis C,丙型肝炎,Viral,2026-06-01,2026-06,,,,,,missing_population,,,,,,,,,,,,,,,,,,,,,,legacy_fallback,legacy_fallback,,legacy_identity_may_be_lossy,,0,No eligible registered case-count series facts are available for this disease and country; the public curve uses the legacy flat table.,all,Australia NINDSS — Australian Capital Territory,https://www.cdc.gov.au/resources/apps-and-tools/nndss-data-visualisation-tool,microsoft_bi,all,Australia NINDSS — Australian Capital Territory,https://www.cdc.gov.au/resources/apps-and-tools/nndss-data-visualisation-tool,microsoft_bi
disease,D009,hepatitis-c,Hepatitis C,public_projection,AU-NSW,"New South Wales, Australia",D009,Hepatitis C,丙型肝炎,Viral,2026-06-01,2026-06,165,165,,,1.9030911390346485,abs_computed,,,,,,,,,,,,,,,,,,,,,,legacy_fallback,legacy_fallback,,legacy_identity_may_be_lossy,,0,No eligible registered case-count series facts are available for this disease and country; the public curve uses the legacy flat table.,all,Australia NINDSS — New South Wales,https://www.cdc.gov.au/resources/apps-and-tools/nndss-data-visualisation-tool,microsoft_bi,all,Australia NINDSS — New South Wales,https://www.cdc.gov.au/resources/apps-and-tools/nndss-data-visualisation-tool,microsoft_bi
disease,D009,hepatitis-c,Hepatitis C,public_projection,AU-NT,"Northern Territory, Australia",D009,Hepatitis C,丙型肝炎,Viral,2026-06-01,2026-06,0,0,,,0.0,abs_computed,,,,,,,,,,,,,,,,,,,,,,legacy_fallback,legacy_fallback,,legacy_identity_may_be_lossy,,0,No eligible registered case-count series facts are available for this disease and country; the public curve uses the legacy flat table.,all,Australia NINDSS — Northern Territory,https://www.cdc.gov.au/resources/apps-and-tools/nndss-data-visualisation-tool,microsoft_bi,all,Australia NINDSS — Northern Territory,https://www.cdc.gov.au/resources/apps-and-tools/nndss-data-visualisation-tool,microsoft_bi
disease,D009,hepatitis-c,Hepatitis C,public_projection,AU-QLD,"Queensland, Australia",D009,Hepatitis C,丙型肝炎,Viral,2026-06-01,2026-06,148,148,,,2.5786393530681715,abs_computed,,,,,,,,,,,,,,,,,,,,,,legacy_fallback,legacy_fallback,,legacy_identity_may_be_lossy,,0,No eligible registered case-count series facts are available for this disease and country; the public curve uses the legacy flat table.,all,Australia NINDSS — Queensland,https://www.cdc.gov.au/resources/apps-and-tools/nndss-data-visualisation-tool,microsoft_bi,all,Australia NINDSS — Queensland,https://www.cdc.gov.au/resources/apps-and-tools/nndss-data-visualisation-tool,microsoft_bi
disease,D009,hepatitis-c,Hepatitis C,public_projection,AU-SA,"South Australia, Australia",D009,Hepatitis C,丙型肝炎,Viral,2026-06-01,2026-06,7,7,,,0.3651851279921704,abs_computed,,,,,,,,,,,,,,,,,,,,,,legacy_fallback,legacy_fallback,,legacy_identity_may_be_lossy,,0,No eligible registered case-count series facts are available for this disease and country; the public curve uses the legacy flat table.,all,Australia NINDSS — South Australia,https://www.cdc.gov.au/resources/apps-and-tools/nndss-data-visualisation-tool,microsoft_bi,all,Australia NINDSS — South Australia,https://www.cdc.gov.au/resources/apps-and-tools/nndss-data-visualisation-tool,microsoft_bi
disease,D009,hepatitis-c,Hepatitis C,public_projection,AU-TAS,"Tasmania, Australia",D009,Hepatitis C,丙型肝炎,Viral,2026-06-01,2026-06,,,,,,missing_population,,,,,,,,,,,,,,,,,,,,,,legacy_fallback,legacy_fallback,,legacy_identity_may_be_lossy,,0,No eligible registered case-count series facts are available for this disease and country; the public curve uses the legacy flat table.,all,Australia NINDSS — Tasmania,https://www.cdc.gov.au/resources/apps-and-tools/nndss-data-visualisation-tool,microsoft_bi,all,Australia NINDSS — Tasmania,https://www.cdc.gov.au/resources/apps-and-tools/nndss-data-visualisation-tool,microsoft_bi
disease,D009,hepatitis-c,Hepatitis C,public_projection,AU-VIC,"Victoria, Australia",D009,Hepatitis C,丙型肝炎,Viral,2026-06-01,2026-06,76,76,,,1.062309928642126,abs_computed,,,,,,,,,,,,,,,,,,,,,,legacy_fallback,legacy_fallback,,legacy_identity_may_be_lossy,,0,No eligible registered case-count series facts are available for this disease and country; the public curve uses the legacy flat table.,all,Australia NINDSS — Victoria,https://www.cdc.gov.au/resources/apps-and-tools/nndss-data-visualisation-tool,microsoft_bi,all,Australia NINDSS — Victoria,https://www.cdc.gov.au/resources/apps-and-tools/nndss-data-visualisation-tool,microsoft_bi
disease,D009,hepatitis-c,Hepatitis C,public_projection,AU-WA,"Western Australia, Australia",D009,Hepatitis C,丙型肝炎,Viral,2026-06-01,2026-06,93,93,,,3.003660590228995,abs_computed,,,,,,,,,,,,,,,,,,,,,,legacy_fallback,legacy_fallback,,legacy_identity_may_be_lossy,,0,No eligible registered case-count series facts are available for this disease and country; the public curve uses the legacy flat table.,all,Australia NINDSS — Western Australia,https://www.cdc.gov.au/resources/apps-and-tools/nndss-data-visualisation-tool,microsoft_bi,all,Australia NINDSS — Western Australia,https://www.cdc.gov.au/resources/apps-and-tools/nndss-data-visualisation-tool,microsoft_bi
disease,D009,hepatitis-c,Hepatitis C,public_projection,CA-ON,"Ontario, Canada",D009,Hepatitis C,丙型肝炎,Viral,2026-06-01,2026-06,229,229,,,,missing_population,,SER_CA_ON_PHO_IDTO_HEPATITIS_C_UNSPECIFIED_COURSE_MONTHLY,,,,,,monthly,,,,,,,,,,,,,,series_registry,single_series,parity,,SER_CA_ON_PHO_IDTO_HEPATITIS_C_UNSPECIFIED_COURSE_MONTHLY,1,The public curve is read directly from one registered source series.,pho_idto_monthly,Public Health Ontario IDTO Monthly,https://www.publichealthontario.ca/en/data-and-analysis/infectious-disease/reportable-disease-trends-annually,microsoft_bi,pho_idto_monthly,Public Health Ontario IDTO Monthly,https://www.publichealthontario.ca/en/data-and-analysis/infectious-disease/reportable-disease-trends-annually,microsoft_bi
disease,D009,hepatitis-c,Hepatitis C,source_series_observation,CA-ON,"Ontario, Canada",D009,Hepatitis C,丙型肝炎,Viral,2026-06-01,2026-06,229,229,,,,,,SER_CA_ON_PHO_IDTO_HEPATITIS_C_UNSPECIFIED_COURSE_MONTHLY,SER_CA_ON_PHO_IDTO_HEPATITIS_C_UNSPECIFIED_COURSE_MONTHLY,SRC_CA_ON_PHO_IDTO,Hepatitis C,case_notifications,notification,monthly,count,country:CA-ON:national,all,exact,conditional,non_additive,active,missing_is_unknown,PHO_IDTO_2026_07,PHO IDTO current-year monthly preliminary hepatitis C notifications without an acute/chronic source split; confirmed cases only under the July 2026 technical notes.,,provisional,True,series_registry,single_series,parity,,SER_CA_ON_PHO_IDTO_HEPATITIS_C_UNSPECIFIED_COURSE_MONTHLY,1,The public curve is read directly from one registered source series.,pho_idto_monthly,Public Health Ontario IDTO Monthly,https://www.publichealthontario.ca/en/data-and-analysis/infectious-disease/reportable-disease-trends-annually,microsoft_bi,pho_idto_monthly,Public Health Ontario IDTO Monthly,https://www.publichealthontario.ca/en/data-and-analysis/infectious-disease/reportable-disease-trends-annually,microsoft_bi
disease,D009,hepatitis-c,Hepatitis C,public_projection,CN,China,D009,Hepatitis C,丙型肝炎,Viral,2026-06-01,2026-06,14816,14816,,224,1.0486129426120447,wpp_computed,,SER_CN_HEPATITIS_C_UNSPECIFIED_COURSE,,,,,,monthly,,,,,,,,,,,,,,mixed,single_series,legacy_gap_fill,,SER_CN_HEPATITIS_C_UNSPECIFIED_COURSE,1,The public curve is read directly from one registered source series. Registry facts replace matching periods; legacy-only periods are retained as explicit coverage gap fills.,cdc_weekly,China CDC Weekly,https://weekly.chinacdc.cn,web,cdc_weekly; nhc; pubmed,China CDC Weekly; National Disease Control and Prevention Administration; PubMed,https://weekly.chinacdc.cn; https://www.ndcpa.gov.cn; https://pubmed.ncbi.nlm.nih.gov,web; web; web
disease,D009,hepatitis-c,Hepatitis C,public_projection,CN-AH,"Anhui, China",D009,Hepatitis C,丙型肝炎,Viral,2026-06-01,2026-06,517,517,,,,missing_population,,,,,,,,monthly,,,,,,,,,,,,,,series_registry,priority_overlay,parity,,SER_CN_PROV_DC_HEPATITIS_C; SER_CN_PROV_REPORT_HEPATITIS_C,2,Retained source series are overlaid per period using their explicit source priority; lower-priority observations remain downloadable.,cn_province_datacenter,Public Health Science Data Center,https://www.phsciencedata.cn/Share/ky_sjml.jsp,official_datacenter_spreadsheet,cn_province_datacenter; cn_province_monthly_report,Public Health Science Data Center; Provincial statutory infectious disease monthly report,https://www.phsciencedata.cn/Share/ky_sjml.jsp; https://www.ahlx.gov.cn/Jczwgk/showList/1/125024000/page_1.html,official_datacenter_spreadsheet; official_provincial_report
disease,D009,hepatitis-c,Hepatitis C,source_series_observation,CN-AH,"Anhui, China",D009,Hepatitis C,丙型肝炎,Viral,2026-06-01,2026-06,517,517,,,,,,SER_CN_PROV_REPORT_HEPATITIS_C,SER_CN_PROV_REPORT_HEPATITIS_C,SRC_CN_PROV_MONTHLY_REPORT,丙型肝炎,case_notifications,provincial_statutory_infectious_disease_monthly_report,monthly,count,country:CN-AH:national,all,exact,conditional,non_additive,active,missing_is_unknown,CN_PROVINCE_MONTHLY_REPORT_V1,Disease count explicitly published in an official provincial statutory infectious-disease monthly report; absent rows remain unknown and are never zero-filled.,,raw,True,series_registry,priority_overlay,parity,,SER_CN_PROV_DC_HEPATITIS_C; SER_CN_PROV_REPORT_HEPATITIS_C,2,Retained source series are overlaid per period using their explicit source priority; lower-priority observations remain downloadable.,cn_province_datacenter,Public Health Science Data Center,https://www.phsciencedata.cn/Share/ky_sjml.jsp,official_datacenter_spreadsheet,cn_province_datacenter; cn_province_monthly_report,Public Health Science Data Center; Provincial statutory infectious disease monthly report,https://www.phsciencedata.cn/Share/ky_sjml.jsp; https://www.ahlx.gov.cn/Jczwgk/showList/1/125024000/page_1.html,official_datacenter_spreadsheet; official_provincial_report
disease,D009,hepatitis-c,Hepatitis C,public_projection,CN-CQ,"Chongqing, China",D009,Hepatitis C,丙型肝炎,Viral,2026-06-01,2026-06,370,370,,,,missing_population,,,,,,,,monthly,,,,,,,,,,,,,,series_registry,priority_overlay,parity,,SER_CN_PROV_DC_HEPATITIS_C; SER_CN_PROV_REPORT_HEPATITIS_C,2,Retained source series are overlaid per period using their explicit source priority; lower-priority observations remain downloadable.,cn_province_datacenter,Public Health Science Data Center,https://www.phsciencedata.cn/Share/ky_sjml.jsp,official_datacenter_spreadsheet,cn_province_datacenter; cn_province_monthly_report,Public Health Science Data Center; Provincial statutory infectious disease monthly report,https://www.phsciencedata.cn/Share/ky_sjml.jsp; https://wsjkw.cq.gov.cn/zwgk_242/wsjklymsxx/ylws_266434/jbfk_266438/yqxx/,official_datacenter_spreadsheet; official_provincial_report
disease,D009,hepatitis-c,Hepatitis C,source_series_observation,CN-CQ,"Chongqing, China",D009,Hepatitis C,丙型肝炎,Viral,2026-06-01,2026-06,370,370,,,,,,SER_CN_PROV_REPORT_HEPATITIS_C,SER_CN_PROV_REPORT_HEPATITIS_C,SRC_CN_PROV_MONTHLY_REPORT,丙型肝炎,case_notifications,provincial_statutory_infectious_disease_monthly_report,monthly,count,country:CN-CQ:national,all,exact,conditional,non_additive,active,missing_is_unknown,CN_PROVINCE_MONTHLY_REPORT_V1,Disease count explicitly published in an official provincial statutory infectious-disease monthly report; absent rows remain unknown and are never zero-filled.,,raw,True,series_registry,priority_overlay,parity,,SER_CN_PROV_DC_HEPATITIS_C; SER_CN_PROV_REPORT_HEPATITIS_C,2,Retained source series are overlaid per period using their explicit source priority; lower-priority observations remain downloadable.,cn_province_datacenter,Public Health Science Data Center,https://www.phsciencedata.cn/Share/ky_sjml.jsp,official_datacenter_spreadsheet,cn_province_datacenter; cn_province_monthly_report,Public Health Science Data Center; Provincial statutory infectious disease monthly report,https://www.phsciencedata.cn/Share/ky_sjml.jsp; https://wsjkw.cq.gov.cn/zwgk_242/wsjklymsxx/ylws_266434/jbfk_266438/yqxx/,official_datacenter_spreadsheet; official_provincial_report
disease,D009,hepatitis-c,Hepatitis C,public_projection,CN-GD,"Guangdong, China",D009,Hepatitis C,丙型肝炎,Viral,2026-06-01,2026-06,1790,1790,,,,missing_population,,,,,,,,monthly,,,,,,,,,,,,,,series_registry,priority_overlay,parity,,SER_CN_PROV_DC_HEPATITIS_C; SER_CN_PROV_REPORT_HEPATITIS_C,2,Retained source series are overlaid per period using their explicit source priority; lower-priority observations remain downloadable.,cn_province_datacenter,Public Health Science Data Center,https://www.phsciencedata.cn/Share/ky_sjml.jsp,official_datacenter_spreadsheet,cn_province_datacenter; cn_province_monthly_report,Public Health Science Data Center; Provincial statutory infectious disease monthly report,https://www.phsciencedata.cn/Share/ky_sjml.jsp; https://wsjkw.gd.gov.cn/zwyw_yqxx/index.html,official_datacenter_spreadsheet; official_provincial_report
disease,D009,hepatitis-c,Hepatitis C,source_series_observation,CN-GD,"Guangdong, China",D009,Hepatitis C,丙型肝炎,Viral,2026-06-01,2026-06,1790,1790,,,,,,SER_CN_PROV_REPORT_HEPATITIS_C,SER_CN_PROV_REPORT_HEPATITIS_C,SRC_CN_PROV_MONTHLY_REPORT,丙型肝炎,case_notifications,provincial_statutory_infectious_disease_monthly_report,monthly,count,country:CN-GD:national,all,exact,conditional,non_additive,active,missing_is_unknown,CN_PROVINCE_MONTHLY_REPORT_V1,Disease count explicitly published in an official provincial statutory infectious-disease monthly report; absent rows remain unknown and are never zero-filled.,,raw,True,series_registry,priority_overlay,parity,,SER_CN_PROV_DC_HEPATITIS_C; SER_CN_PROV_REPORT_HEPATITIS_C,2,Retained source series are overlaid per period using their explicit source priority; lower-priority observations remain downloadable.,cn_province_datacenter,Public Health Science Data Center,https://www.phsciencedata.cn/Share/ky_sjml.jsp,official_datacenter_spreadsheet,cn_province_datacenter; cn_province_monthly_report,Public Health Science Data Center; Provincial statutory infectious disease monthly report,https://www.phsciencedata.cn/Share/ky_sjml.jsp; https://wsjkw.gd.gov.cn/zwyw_yqxx/index.html,official_datacenter_spreadsheet; official_provincial_report
disease,D009,hepatitis-c,Hepatitis C,public_projection,CN-HN,"Hunan, China",D009,Hepatitis C,丙型肝炎,Viral,2026-06-01,2026-06,883,883,,,,missing_population,,,,,,,,monthly,,,,,,,,,,,,,,series_registry,priority_overlay,parity,,SER_CN_PROV_DC_HEPATITIS_C; SER_CN_PROV_REPORT_HEPATITIS_C,2,Retained source series are overlaid per period using their explicit source priority; lower-priority observations remain downloadable.,cn_province_datacenter,Public Health Science Data Center,https://www.phsciencedata.cn/Share/ky_sjml.jsp,official_datacenter_spreadsheet,cn_province_datacenter; cn_province_monthly_report,Public Health Science Data Center; Provincial statutory infectious disease monthly report,https://www.phsciencedata.cn/Share/ky_sjml.jsp; http://wjw.hunan.gov.cn/wjw/xxgk/yqsj/,official_datacenter_spreadsheet; official_provincial_report
disease,D009,hepatitis-c,Hepatitis C,source_series_observation,CN-HN,"Hunan, China",D009,Hepatitis C,丙型肝炎,Viral,2026-06-01,2026-06,883,883,,,,,,SER_CN_PROV_REPORT_HEPATITIS_C,SER_CN_PROV_REPORT_HEPATITIS_C,SRC_CN_PROV_MONTHLY_REPORT,丙型肝炎,case_notifications,provincial_statutory_infectious_disease_monthly_report,monthly,count,country:CN-HN:national,all,exact,conditional,non_additive,active,missing_is_unknown,CN_PROVINCE_MONTHLY_REPORT_V1,Disease count explicitly published in an official provincial statutory infectious-disease monthly report; absent rows remain unknown and are never zero-filled.,,raw,True,series_registry,priority_overlay,parity,,SER_CN_PROV_DC_HEPATITIS_C; SER_CN_PROV_REPORT_HEPATITIS_C,2,Retained source series are overlaid per period using their explicit source priority; lower-priority observations remain downloadable.,cn_province_datacenter,Public Health Science Data Center,https://www.phsciencedata.cn/Share/ky_sjml.jsp,official_datacenter_spreadsheet,cn_province_datacenter; cn_province_monthly_report,Public Health Science Data Center; Provincial statutory infectious disease monthly report,https://www.phsciencedata.cn/Share/ky_sjml.jsp; http://wjw.hunan.gov.cn/wjw/xxgk/yqsj/,official_datacenter_spreadsheet; official_provincial_report
disease,D009,hepatitis-c,Hepatitis C,public_projection,CN-JS,"Jiangsu, China",D009,Hepatitis C,丙型肝炎,Viral,2026-06-01,2026-06,518,518,,,,missing_population,,,,,,,,monthly,,,,,,,,,,,,,,series_registry,priority_overlay,parity,,SER_CN_PROV_DC_HEPATITIS_C; SER_CN_PROV_REPORT_HEPATITIS_C,2,Retained source series are overlaid per period using their explicit source priority; lower-priority observations remain downloadable.,cn_province_datacenter,Public Health Science Data Center,https://www.phsciencedata.cn/Share/ky_sjml.jsp,official_datacenter_spreadsheet,cn_province_datacenter; cn_province_monthly_report,Public Health Science Data Center; Provincial statutory infectious disease monthly report,https://www.phsciencedata.cn/Share/ky_sjml.jsp; https://wjw.jiangsu.gov.cn/col/col76875/index.html,official_datacenter_spreadsheet; official_provincial_report
disease,D009,hepatitis-c,Hepatitis C,source_series_observation,CN-JS,"Jiangsu, China",D009,Hepatitis C,丙型肝炎,Viral,2026-06-01,2026-06,518,518,,,,,,SER_CN_PROV_REPORT_HEPATITIS_C,SER_CN_PROV_REPORT_HEPATITIS_C,SRC_CN_PROV_MONTHLY_REPORT,丙型肝炎,case_notifications,provincial_statutory_infectious_disease_monthly_report,monthly,count,country:CN-JS:national,all,exact,conditional,non_additive,active,missing_is_unknown,CN_PROVINCE_MONTHLY_REPORT_V1,Disease count explicitly published in an official provincial statutory infectious-disease monthly report; absent rows remain unknown and are never zero-filled.,,raw,True,series_registry,priority_overlay,parity,,SER_CN_PROV_DC_HEPATITIS_C; SER_CN_PROV_REPORT_HEPATITIS_C,2,Retained source series are overlaid per period using their explicit source priority; lower-priority observations remain downloadable.,cn_province_datacenter,Public Health Science Data Center,https://www.phsciencedata.cn/Share/ky_sjml.jsp,official_datacenter_spreadsheet,cn_province_datacenter; cn_province_monthly_report,Public Health Science Data Center; Provincial statutory infectious disease monthly report,https://www.phsciencedata.cn/Share/ky_sjml.jsp; https://wjw.jiangsu.gov.cn/col/col76875/index.html,official_datacenter_spreadsheet; official_provincial_report
disease,D009,hepatitis-c,Hepatitis C,public_projection,CN-LN,"Liaoning, China",D009,Hepatitis C,丙型肝炎,Viral,2026-06-01,2026-06,543,543,,,,missing_population,,,,,,,,monthly,,,,,,,,,,,,,,series_registry,priority_overlay,parity,,SER_CN_PROV_DC_HEPATITIS_C; SER_CN_PROV_REPORT_HEPATITIS_C,2,Retained source series are overlaid per period using their explicit source priority; lower-priority observations remain downloadable.,cn_province_datacenter,Public Health Science Data Center,https://www.phsciencedata.cn/Share/ky_sjml.jsp,official_datacenter_spreadsheet,cn_province_datacenter; cn_province_monthly_report,Public Health Science Data Center; Provincial statutory infectious disease monthly report,https://www.phsciencedata.cn/Share/ky_sjml.jsp; https://wsjk.ln.gov.cn/wsjk/zfxxgk/fdzdgknr/tfggsj/index.shtml,official_datacenter_spreadsheet; official_provincial_report
disease,D009,hepatitis-c,Hepatitis C,source_series_observation,CN-LN,"Liaoning, China",D009,Hepatitis C,丙型肝炎,Viral,2026-06-01,2026-06,543,543,,,,,,SER_CN_PROV_REPORT_HEPATITIS_C,SER_CN_PROV_REPORT_HEPATITIS_C,SRC_CN_PROV_MONTHLY_REPORT,丙型肝炎,case_notifications,provincial_statutory_infectious_disease_monthly_report,monthly,count,country:CN-LN:national,all,exact,conditional,non_additive,active,missing_is_unknown,CN_PROVINCE_MONTHLY_REPORT_V1,Disease count explicitly published in an official provincial statutory infectious-disease monthly report; absent rows remain unknown and are never zero-filled.,,raw,True,series_registry,priority_overlay,parity,,SER_CN_PROV_DC_HEPATITIS_C; SER_CN_PROV_REPORT_HEPATITIS_C,2,Retained source series are overlaid per period using their explicit source priority; lower-priority observations remain downloadable.,cn_province_datacenter,Public Health Science Data Center,https://www.phsciencedata.cn/Share/ky_sjml.jsp,official_datacenter_spreadsheet,cn_province_datacenter; cn_province_monthly_report,Public Health Science Data Center; Provincial statutory infectious disease monthly report,https://www.phsciencedata.cn/Share/ky_sjml.jsp; https://wsjk.ln.gov.cn/wsjk/zfxxgk/fdzdgknr/tfggsj/index.shtml,official_datacenter_spreadsheet; official_provincial_report
disease,D009,hepatitis-c,Hepatitis C,public_projection,CN-SC,"Sichuan, China",D009,Hepatitis C,丙型肝炎,Viral,2026-06-01,2026-06,1510,1510,,,,missing_population,,,,,,,,monthly,,,,,,,,,,,,,,series_registry,priority_overlay,parity,,SER_CN_PROV_DC_HEPATITIS_C; SER_CN_PROV_REPORT_HEPATITIS_C,2,Retained source series are overlaid per period using their explicit source priority; lower-priority observations remain downloadable.,cn_province_datacenter,Public Health Science Data Center,https://www.phsciencedata.cn/Share/ky_sjml.jsp,official_datacenter_spreadsheet,cn_province_datacenter; cn_province_monthly_report,Public Health Science Data Center; Provincial statutory infectious disease monthly report,https://www.phsciencedata.cn/Share/ky_sjml.jsp; https://www.sccdc.cn/Article/List?ID=132,official_datacenter_spreadsheet; official_provincial_report
disease,D009,hepatitis-c,Hepatitis C,source_series_observation,CN-SC,"Sichuan, China",D009,Hepatitis C,丙型肝炎,Viral,2026-06-01,2026-06,1510,1510,,,,,,SER_CN_PROV_REPORT_HEPATITIS_C,SER_CN_PROV_REPORT_HEPATITIS_C,SRC_CN_PROV_MONTHLY_REPORT,丙型肝炎,case_notifications,provincial_statutory_infectious_disease_monthly_report,monthly,count,country:CN-SC:national,all,exact,conditional,non_additive,active,missing_is_unknown,CN_PROVINCE_MONTHLY_REPORT_V1,Disease count explicitly published in an official provincial statutory infectious-disease monthly report; absent rows remain unknown and are never zero-filled.,,raw,True,series_registry,priority_overlay,parity,,SER_CN_PROV_DC_HEPATITIS_C; SER_CN_PROV_REPORT_HEPATITIS_C,2,Retained source series are overlaid per period using their explicit source priority; lower-priority observations remain downloadable.,cn_province_datacenter,Public Health Science Data Center,https://www.phsciencedata.cn/Share/ky_sjml.jsp,official_datacenter_spreadsheet,cn_province_datacenter; cn_province_monthly_report,Public Health Science Data Center; Provincial statutory infectious disease monthly report,https://www.phsciencedata.cn/Share/ky_sjml.jsp; https://www.sccdc.cn/Article/List?ID=132,official_datacenter_spreadsheet; official_provincial_report
disease,D009,hepatitis-c,Hepatitis C,public_projection,CN-SH,"Shanghai, China",D009,Hepatitis C,丙型肝炎,Viral,2026-06-01,2026-06,3,3,,,,missing_population,,,,,,,,monthly,,,,,,,,,,,,,,series_registry,priority_overlay,parity,,SER_CN_PROV_DC_HEPATITIS_C; SER_CN_PROV_REPORT_HEPATITIS_C,2,Retained source series are overlaid per period using their explicit source priority; lower-priority observations remain downloadable.,cn_province_datacenter,Public Health Science Data Center,https://www.phsciencedata.cn/Share/ky_sjml.jsp,official_datacenter_spreadsheet,cn_province_datacenter; cn_province_monthly_report,Public Health Science Data Center; Provincial statutory infectious disease monthly report,https://www.phsciencedata.cn/Share/ky_sjml.jsp; https://wsjkw.sh.gov.cn/yqxx/index.html,official_datacenter_spreadsheet; official_provincial_report
disease,D009,hepatitis-c,Hepatitis C,source_series_observation,CN-SH,"Shanghai, China",D009,Hepatitis C,丙型肝炎,Viral,2026-06-01,2026-06,3,3,,,,,,SER_CN_PROV_REPORT_HEPATITIS_C,SER_CN_PROV_REPORT_HEPATITIS_C,SRC_CN_PROV_MONTHLY_REPORT,丙型肝炎,case_notifications,provincial_statutory_infectious_disease_monthly_report,monthly,count,country:CN-SH:national,all,exact,conditional,non_additive,active,missing_is_unknown,CN_PROVINCE_MONTHLY_REPORT_V1,Disease count explicitly published in an official provincial statutory infectious-disease monthly report; absent rows remain unknown and are never zero-filled.,,raw,True,series_registry,priority_overlay,parity,,SER_CN_PROV_DC_HEPATITIS_C; SER_CN_PROV_REPORT_HEPATITIS_C,2,Retained source series are overlaid per period using their explicit source priority; lower-priority observations remain downloadable.,cn_province_datacenter,Public Health Science Data Center,https://www.phsciencedata.cn/Share/ky_sjml.jsp,official_datacenter_spreadsheet,cn_province_datacenter; cn_province_monthly_report,Public Health Science Data Center; Provincial statutory infectious disease monthly report,https://www.phsciencedata.cn/Share/ky_sjml.jsp; https://wsjkw.sh.gov.cn/yqxx/index.html,official_datacenter_spreadsheet; official_provincial_report
disease,D009,hepatitis-c,Hepatitis C,public_projection,FI,Finland,D009,Hepatitis C,丙型肝炎,Viral,2026-06-01,2026-06,68,68,,,1.2095902361876136,wpp_computed,,SER_FI_THL_TTR_703,,,,,,monthly,,,,,,,,,,,,,,series_registry,representative_series,legacy_gap_fill_blocked_incompatible,non_additive_series_not_rolled_up,SER_FI_THL_TTR_703,2,Multiple registered series are not declared safely additive. The compatibility curve uses one representative series; inspect source_series for every retained definition. Legacy rows with a different reporting grain or comparison basis were not joined to this curve.,thl_ttr,Finland THL Infectious Diseases Register,https://sampo.thl.fi/pivot/prod/en/ttr/cases/fact_ttr_cases,cube_csv,thl_ttr,Finland THL Infectious Diseases Register,https://sampo.thl.fi/pivot/prod/en/ttr/cases/fact_ttr_cases,cube_csv
disease,D009,hepatitis-c,Hepatitis C,source_series_observation,FI,Finland,D009,Hepatitis C,丙型肝炎,Viral,2026-06-01,2026-06,68,68,,,,,,SER_FI_THL_TTR_703,SER_FI_THL_TTR_703,SRC_FI_THL_TTR,Hepatitis C,case_notifications,national_notifiable_disease_registry,monthly,count,country:FI:national,all,exact,conditional,non_additive,active,missing_is_unknown,FI_THL_TTR_reporting_group,Finland THL national monthly notification series; Source does not qualify acute/chronic course.,,provisional; raw,True,series_registry,representative_series,legacy_gap_fill_blocked_incompatible,non_additive_series_not_rolled_up,SER_FI_THL_TTR_703,2,Multiple registered series are not declared safely additive. The compatibility curve uses one representative series; inspect source_series for every retained definition. Legacy rows with a different reporting grain or comparison basis were not joined to this curve.,thl_ttr,Finland THL Infectious Diseases Register,https://sampo.thl.fi/pivot/prod/en/ttr/cases/fact_ttr_cases,cube_csv,thl_ttr,Finland THL Infectious Diseases Register,https://sampo.thl.fi/pivot/prod/en/ttr/cases/fact_ttr_cases,cube_csv
disease,D009,hepatitis-c,Hepatitis C,public_projection,HK,"Hong Kong, China",D009,Hepatitis C,丙型肝炎,Viral,2026-06-01,2026-06,4,4,,,0.05421081120786837,wpp_computed,,,,,,,,,,,,,,,,,,,,,,legacy_fallback,legacy_fallback,,legacy_identity_may_be_lossy,,0,No eligible registered case-count series facts are available for this disease and country; the public curve uses the legacy flat table.,chp_notifiable,"Hong Kong, China CHP Notifiable Diseases",https://www.chp.gov.hk/en/static/24012.html,open_data_csv,chp_notifiable,"Hong Kong, China CHP Notifiable Diseases",https://www.chp.gov.hk/en/static/24012.html,open_data_csv
disease,D009,hepatitis-c,Hepatitis C,public_projection,KR,South Korea,D009,Hepatitis C,丙型肝炎,Viral,2026-06-01,2026-06,436,436,,,0.844954886773332,wpp_computed,,,,,,,,,,,,,,,,,,,,,,legacy_fallback,legacy_fallback,,legacy_identity_may_be_lossy,,0,No eligible registered case-count series facts are available for this disease and country; the public curve uses the legacy flat table.,kdca_open_api,Korea KDCA EID,https://www.data.go.kr/data/15139178/openapi.do,open_api_or_portal_download,kdca_open_api,Korea KDCA EID,https://www.data.go.kr/data/15139178/openapi.do,open_api_or_portal_download
disease,D009,hepatitis-c,Hepatitis C,public_projection,NO,Norway,D009,Hepatitis C,丙型肝炎,Viral,2026-06-01,2026-06,24,24,,,0.42455419819092155,wpp_computed,,SER_NO_FHI_203_MONTHLY,,,,,,monthly,,,,,,,,,,,,,,series_registry,representative_series,parity,non_additive_series_not_rolled_up,SER_NO_FHI_203_MONTHLY,2,Multiple registered series are not declared safely additive. The compatibility curve uses one representative series; inspect source_series for every retained definition.,fhi_msis,Norway FHI MSIS Statistics Bank,https://allvis.fhi.no/msis,official_json_api,fhi_msis,Norway FHI MSIS Statistics Bank,https://allvis.fhi.no/msis,official_json_api
disease,D009,hepatitis-c,Hepatitis C,source_series_observation,NO,Norway,D009,Hepatitis C,丙型肝炎,Viral,2026-06-01,2026-06,24,24,,,,,,SER_NO_FHI_203_MONTHLY,SER_NO_FHI_203_MONTHLY,SRC_NO_FHI_MSIS,Hepatitt C,case_notifications,national_notifiable_disease_registry,monthly,count,country:NO:national,all,exact,conditional,non_additive,active,missing_is_unknown,NO_FHI_MSIS_diagnosis_monthly,Norway FHI MSIS national monthly diagnosis series; FHI MSIS clinical course not specified.,,raw; revised,True,series_registry,representative_series,parity,non_additive_series_not_rolled_up,SER_NO_FHI_203_MONTHLY,2,Multiple registered series are not declared safely additive. The compatibility curve uses one representative series; inspect source_series for every retained definition.,fhi_msis,Norway FHI MSIS Statistics Bank,https://allvis.fhi.no/msis,official_json_api,fhi_msis,Norway FHI MSIS Statistics Bank,https://allvis.fhi.no/msis,official_json_api
disease,D009,hepatitis-c,Hepatitis C,public_projection,NZ,New Zealand,D009,Hepatitis C,丙型肝炎,Viral,2026-06-01,2026-06,3,3,,,0.05673781399415487,wpp_computed,,SER_NZ_HEPATITIS_C_MONTHLY,,,,,,monthly,,,,,,,,,,,,,,series_registry,single_series,parity,,SER_NZ_HEPATITIS_C_MONTHLY,1,The public curve is read directly from one registered source series.,phf_monthly,New Zealand PHF Science Monthly Notifiable Diseases,https://www.phfscience.nz/digital-library/,web,phf_monthly,New Zealand PHF Science Monthly Notifiable Diseases,https://www.phfscience.nz/digital-library/,web
disease,D009,hepatitis-c,Hepatitis C,source_series_observation,NZ,New Zealand,D009,Hepatitis C,丙型肝炎,Viral,2026-06-01,2026-06,3,3,,,,,,SER_NZ_HEPATITIS_C_MONTHLY,SER_NZ_HEPATITIS_C_MONTHLY,SRC_NZ_PHS,Hepatitis C,case_notifications,notification,monthly,count,country:NZ:national,all,exact,conditional,non_additive,active,missing_is_unknown,NZ_PHS_current,New Zealand PHF Science monthly hepatitis C notifications without a source-reported clinical-course split.,,provisional; raw,True,series_registry,single_series,parity,,SER_NZ_HEPATITIS_C_MONTHLY,1,The public curve is read directly from one registered source series.,phf_monthly,New Zealand PHF Science Monthly Notifiable Diseases,https://www.phfscience.nz/digital-library/,web,phf_monthly,New Zealand PHF Science Monthly Notifiable Diseases,https://www.phfscience.nz/digital-library/,web
disease,D009,hepatitis-c,Hepatitis C,public_projection,SE,Sweden,D009,Hepatitis C,丙型肝炎,Viral,2026-06-01,2026-06,49,49,,,0.45789914098588397,wpp_computed,,SER_SE_FOHM_SMINET_HEPATITIS_C,,,,,,monthly,,,,,,,,,,,,,,series_registry,representative_series,parity,non_additive_series_not_rolled_up,SER_SE_FOHM_SMINET_HEPATITIS_C,2,Multiple registered series are not declared safely additive. The compatibility curve uses one representative series; inspect source_series for every retained definition.,fohm_sminet,Sweden Public Health Agency SmiNet,https://www.folkhalsomyndigheten.se/statistik-och-data/hitta-statistik-och-data/smittsamma-sjukdomar-statistik/,official_html_csv,fohm_sminet,Sweden Public Health Agency SmiNet,https://www.folkhalsomyndigheten.se/statistik-och-data/hitta-statistik-och-data/smittsamma-sjukdomar-statistik/,official_html_csv
disease,D009,hepatitis-c,Hepatitis C,source_series_observation,SE,Sweden,D009,Hepatitis C,丙型肝炎,Viral,2026-06-01,2026-06,49,49,,,,,,SER_SE_FOHM_SMINET_HEPATITIS_C,SER_SE_FOHM_SMINET_HEPATITIS_C,SRC_SE_FOHM_SMINET,Hepatit C,case_notifications,national_notifiable_disease_registry,monthly,count,country:SE:national,all,exact,conditional,non_additive,active,missing_is_unknown,SE_FOHM_SMINET_current,Sweden FHM SmiNet national monthly notification series; Source does not qualify acute or chronic course.,,revised,True,series_registry,representative_series,parity,non_additive_series_not_rolled_up,SER_SE_FOHM_SMINET_HEPATITIS_C,2,Multiple registered series are not declared safely additive. The compatibility curve uses one representative series; inspect source_series for every retained definition.,fohm_sminet,Sweden Public Health Agency SmiNet,https://www.folkhalsomyndigheten.se/statistik-och-data/hitta-statistik-och-data/smittsamma-sjukdomar-statistik/,official_html_csv,fohm_sminet,Sweden Public Health Agency SmiNet,https://www.folkhalsomyndigheten.se/statistik-och-data/hitta-statistik-och-data/smittsamma-sjukdomar-statistik/,official_html_csv
disease,D009,hepatitis-c,Hepatitis C,public_projection,AU,Australia,D009,Hepatitis C,丙型肝炎,Viral,2026-07-01,2026-07,7,7,,,0.02570968273663853,wpp_computed,,SER_AU_HEPATITIS_C_UNSPECIFIED,,,,,,monthly,,,,,,,,,,,,,,mixed,single_series,legacy_gap_fill,,SER_AU_HEPATITIS_C_UNSPECIFIED,1,The public curve is read directly from one registered source series. Registry facts replace matching periods; legacy-only periods are retained as explicit coverage gap fills.,all,Australia NINDSS,https://www.health.gov.au/topics/national-notifiable-diseases-surveillance-system-nndss,microsoft_bi,all,Australia NINDSS,https://www.health.gov.au/topics/national-notifiable-diseases-surveillance-system-nndss,microsoft_bi
disease,D009,hepatitis-c,Hepatitis C,source_series_observation,AU,Australia,D009,Hepatitis C,丙型肝炎,Viral,2026-07-01,2026-07,7,7,,,,,,SER_AU_HEPATITIS_C_UNSPECIFIED,SER_AU_HEPATITIS_C_UNSPECIFIED,SRC_AU_NINDSS,Hepatitis C (unspecified),case_notifications,notification,monthly,count,country:AU:national,all,exact,unknown,non_additive,active,missing_is_unknown,globalid-disease-ontology:2026.09.26.1,Unspecified acquisition status; not combinable with newly acquired without an explicit rule.,,raw,True,mixed,single_series,legacy_gap_fill,,SER_AU_HEPATITIS_C_UNSPECIFIED,1,The public curve is read directly from one registered source series. Registry facts replace matching periods; legacy-only periods are retained as explicit coverage gap fills.,all,Australia NINDSS,https://www.health.gov.au/topics/national-notifiable-diseases-surveillance-system-nndss,microsoft_bi,all,Australia NINDSS,https://www.health.gov.au/topics/national-notifiable-diseases-surveillance-system-nndss,microsoft_bi
disease,D009,hepatitis-c,Hepatitis C,public_projection,AU-ACT,"Australian Capital Territory, Australia",D009,Hepatitis C,丙型肝炎,Viral,2026-07-01,2026-07,7,7,,,1.4295400148672162,abs_computed,,,,,,,,,,,,,,,,,,,,,,legacy_fallback,legacy_fallback,,legacy_identity_may_be_lossy,,0,No eligible registered case-count series facts are available for this disease and country; the public curve uses the legacy flat table.,all,Australia NINDSS — Australian Capital Territory,https://www.cdc.gov.au/resources/apps-and-tools/nndss-data-visualisation-tool,microsoft_bi,all,Australia NINDSS — Australian Capital Territory,https://www.cdc.gov.au/resources/apps-and-tools/nndss-data-visualisation-tool,microsoft_bi
disease,D009,hepatitis-c,Hepatitis C,public_projection,AU-NSW,"New South Wales, Australia",D009,Hepatitis C,丙型肝炎,Viral,2026-07-01,2026-07,72,72,,,0.8304397697605739,abs_computed,,,,,,,,,,,,,,,,,,,,,,legacy_fallback,legacy_fallback,,legacy_identity_may_be_lossy,,0,No eligible registered case-count series facts are available for this disease and country; the public curve uses the legacy flat table.,all,Australia NINDSS — New South Wales,https://www.cdc.gov.au/resources/apps-and-tools/nndss-data-visualisation-tool,microsoft_bi,all,Australia NINDSS — New South Wales,https://www.cdc.gov.au/resources/apps-and-tools/nndss-data-visualisation-tool,microsoft_bi
disease,D009,hepatitis-c,Hepatitis C,public_projection,AU-NT,"Northern Territory, Australia",D009,Hepatitis C,丙型肝炎,Viral,2026-07-01,2026-07,0,0,,,0.0,abs_computed,,,,,,,,,,,,,,,,,,,,,,legacy_fallback,legacy_fallback,,legacy_identity_may_be_lossy,,0,No eligible registered case-count series facts are available for this disease and country; the public curve uses the legacy flat table.,all,Australia NINDSS — Northern Territory,https://www.cdc.gov.au/resources/apps-and-tools/nndss-data-visualisation-tool,microsoft_bi,all,Australia NINDSS — Northern Territory,https://www.cdc.gov.au/resources/apps-and-tools/nndss-data-visualisation-tool,microsoft_bi
disease,D009,hepatitis-c,Hepatitis C,public_projection,AU-QLD,"Queensland, Australia",D009,Hepatitis C,丙型肝炎,Viral,2026-07-01,2026-07,113,113,,,1.9688259925452931,abs_computed,,,,,,,,,,,,,,,,,,,,,,legacy_fallback,legacy_fallback,,legacy_identity_may_be_lossy,,0,No eligible registered case-count series facts are available for this disease and country; the public curve uses the legacy flat table.,all,Australia NINDSS — Queensland,https://www.cdc.gov.au/resources/apps-and-tools/nndss-data-visualisation-tool,microsoft_bi,all,Australia NINDSS — Queensland,https://www.cdc.gov.au/resources/apps-and-tools/nndss-data-visualisation-tool,microsoft_bi
disease,D009,hepatitis-c,Hepatitis C,public_projection,AU-SA,"South Australia, Australia",D009,Hepatitis C,丙型肝炎,Viral,2026-07-01,2026-07,12,12,,,0.6260316479865778,abs_computed,,,,,,,,,,,,,,,,,,,,,,legacy_fallback,legacy_fallback,,legacy_identity_may_be_lossy,,0,No eligible registered case-count series facts are available for this disease and country; the public curve uses the legacy flat table.,all,Australia NINDSS — South Australia,https://www.cdc.gov.au/resources/apps-and-tools/nndss-data-visualisation-tool,microsoft_bi,all,Australia NINDSS — South Australia,https://www.cdc.gov.au/resources/apps-and-tools/nndss-data-visualisation-tool,microsoft_bi
disease,D009,hepatitis-c,Hepatitis C,public_projection,AU-TAS,"Tasmania, Australia",D009,Hepatitis C,丙型肝炎,Viral,2026-07-01,2026-07,5,5,,,0.8610431365390543,abs_computed,,,,,,,,,,,,,,,,,,,,,,legacy_fallback,legacy_fallback,,legacy_identity_may_be_lossy,,0,No eligible registered case-count series facts are available for this disease and country; the public curve uses the legacy flat table.,all,Australia NINDSS — Tasmania,https://www.cdc.gov.au/resources/apps-and-tools/nndss-data-visualisation-tool,microsoft_bi,all,Australia NINDSS — Tasmania,https://www.cdc.gov.au/resources/apps-and-tools/nndss-data-visualisation-tool,microsoft_bi
disease,D009,hepatitis-c,Hepatitis C,public_projection,AU-VIC,"Victoria, Australia",D009,Hepatitis C,丙型肝炎,Viral,2026-07-01,2026-07,95,95,,,1.3278874108026575,abs_computed,,,,,,,,,,,,,,,,,,,,,,legacy_fallback,legacy_fallback,,legacy_identity_may_be_lossy,,0,No eligible registered case-count series facts are available for this disease and country; the public curve uses the legacy flat table.,all,Australia NINDSS — Victoria,https://www.cdc.gov.au/resources/apps-and-tools/nndss-data-visualisation-tool,microsoft_bi,all,Australia NINDSS — Victoria,https://www.cdc.gov.au/resources/apps-and-tools/nndss-data-visualisation-tool,microsoft_bi
disease,D009,hepatitis-c,Hepatitis C,public_projection,AU-WA,"Western Australia, Australia",D009,Hepatitis C,丙型肝炎,Viral,2026-07-01,2026-07,64,64,,,2.0670352448887708,abs_computed,,,,,,,,,,,,,,,,,,,,,,legacy_fallback,legacy_fallback,,legacy_identity_may_be_lossy,,0,No eligible registered case-count series facts are available for this disease and country; the public curve uses the legacy flat table.,all,Australia NINDSS — Western Australia,https://www.cdc.gov.au/resources/apps-and-tools/nndss-data-visualisation-tool,microsoft_bi,all,Australia NINDSS — Western Australia,https://www.cdc.gov.au/resources/apps-and-tools/nndss-data-visualisation-tool,microsoft_bi
disease,D009,hepatitis-c,Hepatitis C,public_projection,CA-ON,"Ontario, Canada",D009,Hepatitis C,丙型肝炎,Viral,2026-07-01,2026-07,258,258,,,,missing_population,,SER_CA_ON_PHO_IDTO_HEPATITIS_C_UNSPECIFIED_COURSE_MONTHLY,,,,,,monthly,,,,,,,,,,,,,,series_registry,single_series,parity,,SER_CA_ON_PHO_IDTO_HEPATITIS_C_UNSPECIFIED_COURSE_MONTHLY,1,The public curve is read directly from one registered source series.,pho_idto_monthly,Public Health Ontario IDTO Monthly,https://www.publichealthontario.ca/en/data-and-analysis/infectious-disease/reportable-disease-trends-annually,microsoft_bi,pho_idto_monthly,Public Health Ontario IDTO Monthly,https://www.publichealthontario.ca/en/data-and-analysis/infectious-disease/reportable-disease-trends-annually,microsoft_bi
disease,D009,hepatitis-c,Hepatitis C,source_series_observation,CA-ON,"Ontario, Canada",D009,Hepatitis C,丙型肝炎,Viral,2026-07-01,2026-07,258,258,,,,,,SER_CA_ON_PHO_IDTO_HEPATITIS_C_UNSPECIFIED_COURSE_MONTHLY,SER_CA_ON_PHO_IDTO_HEPATITIS_C_UNSPECIFIED_COURSE_MONTHLY,SRC_CA_ON_PHO_IDTO,Hepatitis C,case_notifications,notification,monthly,count,country:CA-ON:national,all,exact,conditional,non_additive,active,missing_is_unknown,PHO_IDTO_2026_07,PHO IDTO current-year monthly preliminary hepatitis C notifications without an acute/chronic source split; confirmed cases only under the July 2026 technical notes.,,provisional,True,series_registry,single_series,parity,,SER_CA_ON_PHO_IDTO_HEPATITIS_C_UNSPECIFIED_COURSE_MONTHLY,1,The public curve is read directly from one registered source series.,pho_idto_monthly,Public Health Ontario IDTO Monthly,https://www.publichealthontario.ca/en/data-and-analysis/infectious-disease/reportable-disease-trends-annually,microsoft_bi,pho_idto_monthly,Public Health Ontario IDTO Monthly,https://www.publichealthontario.ca/en/data-and-analysis/infectious-disease/reportable-disease-trends-annually,microsoft_bi
disease,D009,hepatitis-c,Hepatitis C,public_projection,CN,China,D009,Hepatitis C,丙型肝炎,Viral,2026-07-01,2026-07,15974,15974,,249,1.1305712166093953,wpp_computed,,SER_CN_HEPATITIS_C_UNSPECIFIED_COURSE,,,,,,monthly,,,,,,,,,,,,,,mixed,single_series,legacy_gap_fill,,SER_CN_HEPATITIS_C_UNSPECIFIED_COURSE,1,The public curve is read directly from one registered source series. Registry facts replace matching periods; legacy-only periods are retained as explicit coverage gap fills.,cdc_weekly,China CDC Weekly,https://weekly.chinacdc.cn,web,cdc_weekly; nhc; pubmed,China CDC Weekly; National Disease Control and Prevention Administration; PubMed,https://weekly.chinacdc.cn; https://www.ndcpa.gov.cn; https://pubmed.ncbi.nlm.nih.gov,web; web; web
disease,D009,hepatitis-c,Hepatitis C,source_series_observation,CN,China,D009,Hepatitis C,丙型肝炎,Viral,2026-07-01,2026-07,15974,15974,,,,,,SER_CN_HEPATITIS_C_UNSPECIFIED_COURSE,SER_CN_HEPATITIS_C_UNSPECIFIED_COURSE,SRC_CN_CDC,丙型肝炎,case_notifications,notification,monthly,count,country:CN:national,all,exact,unknown,non_additive,active,missing_is_unknown,globalid-disease-ontology:2026.09.26.1,China CDC hepatitis C series without a source-reported acute/chronic course split.,,raw,True,mixed,single_series,legacy_gap_fill,,SER_CN_HEPATITIS_C_UNSPECIFIED_COURSE,1,The public curve is read directly from one registered source series. Registry facts replace matching periods; legacy-only periods are retained as explicit coverage gap fills.,cdc_weekly,China CDC Weekly,https://weekly.chinacdc.cn,web,cdc_weekly; nhc; pubmed,China CDC Weekly; National Disease Control and Prevention Administration; PubMed,https://weekly.chinacdc.cn; https://www.ndcpa.gov.cn; https://pubmed.ncbi.nlm.nih.gov,web; web; web
disease,D009,hepatitis-c,Hepatitis C,public_projection,CN-AH,"Anhui, China",D009,Hepatitis C,丙型肝炎,Viral,2026-07-01,2026-07,524,524,,,,missing_population,,,,,,,,monthly,,,,,,,,,,,,,,series_registry,priority_overlay,parity,,SER_CN_PROV_DC_HEPATITIS_C; SER_CN_PROV_REPORT_HEPATITIS_C,2,Retained source series are overlaid per period using their explicit source priority; lower-priority observations remain downloadable.,cn_province_datacenter,Public Health Science Data Center,https://www.phsciencedata.cn/Share/ky_sjml.jsp,official_datacenter_spreadsheet,cn_province_datacenter; cn_province_monthly_report,Public Health Science Data Center; Provincial statutory infectious disease monthly report,https://www.phsciencedata.cn/Share/ky_sjml.jsp; https://www.ahlx.gov.cn/Jczwgk/showList/1/125024000/page_1.html,official_datacenter_spreadsheet; official_provincial_report
disease,D009,hepatitis-c,Hepatitis C,source_series_observation,CN-AH,"Anhui, China",D009,Hepatitis C,丙型肝炎,Viral,2026-07-01,2026-07,524,524,,,,,,SER_CN_PROV_REPORT_HEPATITIS_C,SER_CN_PROV_REPORT_HEPATITIS_C,SRC_CN_PROV_MONTHLY_REPORT,丙型肝炎,case_notifications,provincial_statutory_infectious_disease_monthly_report,monthly,count,country:CN-AH:national,all,exact,conditional,non_additive,active,missing_is_unknown,CN_PROVINCE_MONTHLY_REPORT_V1,Disease count explicitly published in an official provincial statutory infectious-disease monthly report; absent rows remain unknown and are never zero-filled.,,raw,True,series_registry,priority_overlay,parity,,SER_CN_PROV_DC_HEPATITIS_C; SER_CN_PROV_REPORT_HEPATITIS_C,2,Retained source series are overlaid per period using their explicit source priority; lower-priority observations remain downloadable.,cn_province_datacenter,Public Health Science Data Center,https://www.phsciencedata.cn/Share/ky_sjml.jsp,official_datacenter_spreadsheet,cn_province_datacenter; cn_province_monthly_report,Public Health Science Data Center; Provincial statutory infectious disease monthly report,https://www.phsciencedata.cn/Share/ky_sjml.jsp; https://www.ahlx.gov.cn/Jczwgk/showList/1/125024000/page_1.html,official_datacenter_spreadsheet; official_provincial_report
disease,D009,hepatitis-c,Hepatitis C,public_projection,CN-CQ,"Chongqing, China",D009,Hepatitis C,丙型肝炎,Viral,2026-07-01,2026-07,375,375,,,,missing_population,,,,,,,,monthly,,,,,,,,,,,,,,series_registry,priority_overlay,parity,,SER_CN_PROV_DC_HEPATITIS_C; SER_CN_PROV_REPORT_HEPATITIS_C,2,Retained source series are overlaid per period using their explicit source priority; lower-priority observations remain downloadable.,cn_province_datacenter,Public Health Science Data Center,https://www.phsciencedata.cn/Share/ky_sjml.jsp,official_datacenter_spreadsheet,cn_province_datacenter; cn_province_monthly_report,Public Health Science Data Center; Provincial statutory infectious disease monthly report,https://www.phsciencedata.cn/Share/ky_sjml.jsp; https://wsjkw.cq.gov.cn/zwgk_242/wsjklymsxx/ylws_266434/jbfk_266438/yqxx/,official_datacenter_spreadsheet; official_provincial_report
disease,D009,hepatitis-c,Hepatitis C,source_series_observation,CN-CQ,"Chongqing, China",D009,Hepatitis C,丙型肝炎,Viral,2026-07-01,2026-07,375,375,,,,,,SER_CN_PROV_REPORT_HEPATITIS_C,SER_CN_PROV_REPORT_HEPATITIS_C,SRC_CN_PROV_MONTHLY_REPORT,丙型肝炎,case_notifications,provincial_statutory_infectious_disease_monthly_report,monthly,count,country:CN-CQ:national,all,exact,conditional,non_additive,active,missing_is_unknown,CN_PROVINCE_MONTHLY_REPORT_V1,Disease count explicitly published in an official provincial statutory infectious-disease monthly report; absent rows remain unknown and are never zero-filled.,,raw,True,series_registry,priority_overlay,parity,,SER_CN_PROV_DC_HEPATITIS_C; SER_CN_PROV_REPORT_HEPATITIS_C,2,Retained source series are overlaid per period using their explicit source priority; lower-priority observations remain downloadable.,cn_province_datacenter,Public Health Science Data Center,https://www.phsciencedata.cn/Share/ky_sjml.jsp,official_datacenter_spreadsheet,cn_province_datacenter; cn_province_monthly_report,Public Health Science Data Center; Provincial statutory infectious disease monthly report,https://www.phsciencedata.cn/Share/ky_sjml.jsp; https://wsjkw.cq.gov.cn/zwgk_242/wsjklymsxx/ylws_266434/jbfk_266438/yqxx/,official_datacenter_spreadsheet; official_provincial_report
disease,D009,hepatitis-c,Hepatitis C,public_projection,CN-FJ,"Fujian, China",D009,Hepatitis C,丙型肝炎,Viral,2026-07-01,2026-07,135,135,,,,missing_population,,,,,,,,monthly,,,,,,,,,,,,,,series_registry,priority_overlay,parity,,SER_CN_PROV_DC_HEPATITIS_C; SER_CN_PROV_REPORT_HEPATITIS_C,2,Retained source series are overlaid per period using their explicit source priority; lower-priority observations remain downloadable.,cn_province_datacenter,Public Health Science Data Center,https://www.phsciencedata.cn/Share/ky_sjml.jsp,official_datacenter_spreadsheet,cn_province_datacenter; cn_province_monthly_report,Public Health Science Data Center; Provincial statutory infectious disease monthly report,https://www.phsciencedata.cn/Share/ky_sjml.jsp; https://wjw.fujian.gov.cn/xxgk/zfxxgkzl/zfxxgkml/ggws/fdcrbyqgb/,official_datacenter_spreadsheet; official_provincial_report
disease,D009,hepatitis-c,Hepatitis C,source_series_observation,CN-FJ,"Fujian, China",D009,Hepatitis C,丙型肝炎,Viral,2026-07-01,2026-07,135,135,,,,,,SER_CN_PROV_REPORT_HEPATITIS_C,SER_CN_PROV_REPORT_HEPATITIS_C,SRC_CN_PROV_MONTHLY_REPORT,丙型肝炎,case_notifications,provincial_statutory_infectious_disease_monthly_report,monthly,count,country:CN-FJ:national,all,exact,conditional,non_additive,active,missing_is_unknown,CN_PROVINCE_MONTHLY_REPORT_V1,Disease count explicitly published in an official provincial statutory infectious-disease monthly report; absent rows remain unknown and are never zero-filled.,,raw,True,series_registry,priority_overlay,parity,,SER_CN_PROV_DC_HEPATITIS_C; SER_CN_PROV_REPORT_HEPATITIS_C,2,Retained source series are overlaid per period using their explicit source priority; lower-priority observations remain downloadable.,cn_province_datacenter,Public Health Science Data Center,https://www.phsciencedata.cn/Share/ky_sjml.jsp,official_datacenter_spreadsheet,cn_province_datacenter; cn_province_monthly_report,Public Health Science Data Center; Provincial statutory infectious disease monthly report,https://www.phsciencedata.cn/Share/ky_sjml.jsp; https://wjw.fujian.gov.cn/xxgk/zfxxgkzl/zfxxgkml/ggws/fdcrbyqgb/,official_datacenter_spreadsheet; official_provincial_report
disease,D009,hepatitis-c,Hepatitis C,public_projection,CN-GD,"Guangdong, China",D009,Hepatitis C,丙型肝炎,Viral,2026-07-01,2026-07,1945,1945,,,,missing_population,,,,,,,,monthly,,,,,,,,,,,,,,series_registry,priority_overlay,parity,,SER_CN_PROV_DC_HEPATITIS_C; SER_CN_PROV_REPORT_HEPATITIS_C,2,Retained source series are overlaid per period using their explicit source priority; lower-priority observations remain downloadable.,cn_province_datacenter,Public Health Science Data Center,https://www.phsciencedata.cn/Share/ky_sjml.jsp,official_datacenter_spreadsheet,cn_province_datacenter; cn_province_monthly_report,Public Health Science Data Center; Provincial statutory infectious disease monthly report,https://www.phsciencedata.cn/Share/ky_sjml.jsp; https://wsjkw.gd.gov.cn/zwyw_yqxx/index.html,official_datacenter_spreadsheet; official_provincial_report
disease,D009,hepatitis-c,Hepatitis C,source_series_observation,CN-GD,"Guangdong, China",D009,Hepatitis C,丙型肝炎,Viral,2026-07-01,2026-07,1945,1945,,,,,,SER_CN_PROV_REPORT_HEPATITIS_C,SER_CN_PROV_REPORT_HEPATITIS_C,SRC_CN_PROV_MONTHLY_REPORT,丙型肝炎,case_notifications,provincial_statutory_infectious_disease_monthly_report,monthly,count,country:CN-GD:national,all,exact,conditional,non_additive,active,missing_is_unknown,CN_PROVINCE_MONTHLY_REPORT_V1,Disease count explicitly published in an official provincial statutory infectious-disease monthly report; absent rows remain unknown and are never zero-filled.,,raw,True,series_registry,priority_overlay,parity,,SER_CN_PROV_DC_HEPATITIS_C; SER_CN_PROV_REPORT_HEPATITIS_C,2,Retained source series are overlaid per period using their explicit source priority; lower-priority observations remain downloadable.,cn_province_datacenter,Public Health Science Data Center,https://www.phsciencedata.cn/Share/ky_sjml.jsp,official_datacenter_spreadsheet,cn_province_datacenter; cn_province_monthly_report,Public Health Science Data Center; Provincial statutory infectious disease monthly report,https://www.phsciencedata.cn/Share/ky_sjml.jsp; https://wsjkw.gd.gov.cn/zwyw_yqxx/index.html,official_datacenter_spreadsheet; official_provincial_report
disease,D009,hepatitis-c,Hepatitis C,public_projection,CN-HN,"Hunan, China",D009,Hepatitis C,丙型肝炎,Viral,2026-07-01,2026-07,857,857,,,,missing_population,,,,,,,,monthly,,,,,,,,,,,,,,series_registry,priority_overlay,parity,,SER_CN_PROV_DC_HEPATITIS_C; SER_CN_PROV_REPORT_HEPATITIS_C,2,Retained source series are overlaid per period using their explicit source priority; lower-priority observations remain downloadable.,cn_province_datacenter,Public Health Science Data Center,https://www.phsciencedata.cn/Share/ky_sjml.jsp,official_datacenter_spreadsheet,cn_province_datacenter; cn_province_monthly_report,Public Health Science Data Center; Provincial statutory infectious disease monthly report,https://www.phsciencedata.cn/Share/ky_sjml.jsp; http://wjw.hunan.gov.cn/wjw/xxgk/yqsj/,official_datacenter_spreadsheet; official_provincial_report
disease,D009,hepatitis-c,Hepatitis C,source_series_observation,CN-HN,"Hunan, China",D009,Hepatitis C,丙型肝炎,Viral,2026-07-01,2026-07,857,857,,,,,,SER_CN_PROV_REPORT_HEPATITIS_C,SER_CN_PROV_REPORT_HEPATITIS_C,SRC_CN_PROV_MONTHLY_REPORT,丙型肝炎,case_notifications,provincial_statutory_infectious_disease_monthly_report,monthly,count,country:CN-HN:national,all,exact,conditional,non_additive,active,missing_is_unknown,CN_PROVINCE_MONTHLY_REPORT_V1,Disease count explicitly published in an official provincial statutory infectious-disease monthly report; absent rows remain unknown and are never zero-filled.,,raw,True,series_registry,priority_overlay,parity,,SER_CN_PROV_DC_HEPATITIS_C; SER_CN_PROV_REPORT_HEPATITIS_C,2,Retained source series are overlaid per period using their explicit source priority; lower-priority observations remain downloadable.,cn_province_datacenter,Public Health Science Data Center,https://www.phsciencedata.cn/Share/ky_sjml.jsp,official_datacenter_spreadsheet,cn_province_datacenter; cn_province_monthly_report,Public Health Science Data Center; Provincial statutory infectious disease monthly report,https://www.phsciencedata.cn/Share/ky_sjml.jsp; http://wjw.hunan.gov.cn/wjw/xxgk/yqsj/,official_datacenter_spreadsheet; official_provincial_report
disease,D009,hepatitis-c,Hepatitis C,public_projection,CN-JS,"Jiangsu, China",D009,Hepatitis C,丙型肝炎,Viral,2026-07-01,2026-07,567,567,,,,missing_population,,,,,,,,monthly,,,,,,,,,,,,,,series_registry,priority_overlay,parity,,SER_CN_PROV_DC_HEPATITIS_C; SER_CN_PROV_REPORT_HEPATITIS_C,2,Retained source series are overlaid per period using their explicit source priority; lower-priority observations remain downloadable.,cn_province_datacenter,Public Health Science Data Center,https://www.phsciencedata.cn/Share/ky_sjml.jsp,official_datacenter_spreadsheet,cn_province_datacenter; cn_province_monthly_report,Public Health Science Data Center; Provincial statutory infectious disease monthly report,https://www.phsciencedata.cn/Share/ky_sjml.jsp; https://wjw.jiangsu.gov.cn/col/col76875/index.html,official_datacenter_spreadsheet; official_provincial_report
disease,D009,hepatitis-c,Hepatitis C,source_series_observation,CN-JS,"Jiangsu, China",D009,Hepatitis C,丙型肝炎,Viral,2026-07-01,2026-07,567,567,,,,,,SER_CN_PROV_REPORT_HEPATITIS_C,SER_CN_PROV_REPORT_HEPATITIS_C,SRC_CN_PROV_MONTHLY_REPORT,丙型肝炎,case_notifications,provincial_statutory_infectious_disease_monthly_report,monthly,count,country:CN-JS:national,all,exact,conditional,non_additive,active,missing_is_unknown,CN_PROVINCE_MONTHLY_REPORT_V1,Disease count explicitly published in an official provincial statutory infectious-disease monthly report; absent rows remain unknown and are never zero-filled.,,raw,True,series_registry,priority_overlay,parity,,SER_CN_PROV_DC_HEPATITIS_C; SER_CN_PROV_REPORT_HEPATITIS_C,2,Retained source series are overlaid per period using their explicit source priority; lower-priority observations remain downloadable.,cn_province_datacenter,Public Health Science Data Center,https://www.phsciencedata.cn/Share/ky_sjml.jsp,official_datacenter_spreadsheet,cn_province_datacenter; cn_province_monthly_report,Public Health Science Data Center; Provincial statutory infectious disease monthly report,https://www.phsciencedata.cn/Share/ky_sjml.jsp; https://wjw.jiangsu.gov.cn/col/col76875/index.html,official_datacenter_spreadsheet; official_provincial_report
disease,D009,hepatitis-c,Hepatitis C,public_projection,CN-LN,"Liaoning, China",D009,Hepatitis C,丙型肝炎,Viral,2026-07-01,2026-07,697,697,,,,missing_population,,,,,,,,monthly,,,,,,,,,,,,,,series_registry,priority_overlay,parity,,SER_CN_PROV_DC_HEPATITIS_C; SER_CN_PROV_REPORT_HEPATITIS_C,2,Retained source series are overlaid per period using their explicit source priority; lower-priority observations remain downloadable.,cn_province_datacenter,Public Health Science Data Center,https://www.phsciencedata.cn/Share/ky_sjml.jsp,official_datacenter_spreadsheet,cn_province_datacenter; cn_province_monthly_report,Public Health Science Data Center; Provincial statutory infectious disease monthly report,https://www.phsciencedata.cn/Share/ky_sjml.jsp; https://wsjk.ln.gov.cn/wsjk/zfxxgk/fdzdgknr/tfggsj/index.shtml,official_datacenter_spreadsheet; official_provincial_report
disease,D009,hepatitis-c,Hepatitis C,source_series_observation,CN-LN,"Liaoning, China",D009,Hepatitis C,丙型肝炎,Viral,2026-07-01,2026-07,697,697,,,,,,SER_CN_PROV_REPORT_HEPATITIS_C,SER_CN_PROV_REPORT_HEPATITIS_C,SRC_CN_PROV_MONTHLY_REPORT,丙型肝炎,case_notifications,provincial_statutory_infectious_disease_monthly_report,monthly,count,country:CN-LN:national,all,exact,conditional,non_additive,active,missing_is_unknown,CN_PROVINCE_MONTHLY_REPORT_V1,Disease count explicitly published in an official provincial statutory infectious-disease monthly report; absent rows remain unknown and are never zero-filled.,,raw,True,series_registry,priority_overlay,parity,,SER_CN_PROV_DC_HEPATITIS_C; SER_CN_PROV_REPORT_HEPATITIS_C,2,Retained source series are overlaid per period using their explicit source priority; lower-priority observations remain downloadable.,cn_province_datacenter,Public Health Science Data Center,https://www.phsciencedata.cn/Share/ky_sjml.jsp,official_datacenter_spreadsheet,cn_province_datacenter; cn_province_monthly_report,Public Health Science Data Center; Provincial statutory infectious disease monthly report,https://www.phsciencedata.cn/Share/ky_sjml.jsp; https://wsjk.ln.gov.cn/wsjk/zfxxgk/fdzdgknr/tfggsj/index.shtml,official_datacenter_spreadsheet; official_provincial_report
disease,D009,hepatitis-c,Hepatitis C,public_projection,CN-SC,"Sichuan, China",D009,Hepatitis C,丙型肝炎,Viral,2026-07-01,2026-07,1562,1562,,,,missing_population,,,,,,,,monthly,,,,,,,,,,,,,,series_registry,priority_overlay,parity,,SER_CN_PROV_DC_HEPATITIS_C; SER_CN_PROV_REPORT_HEPATITIS_C,2,Retained source series are overlaid per period using their explicit source priority; lower-priority observations remain downloadable.,cn_province_datacenter,Public Health Science Data Center,https://www.phsciencedata.cn/Share/ky_sjml.jsp,official_datacenter_spreadsheet,cn_province_datacenter; cn_province_monthly_report,Public Health Science Data Center; Provincial statutory infectious disease monthly report,https://www.phsciencedata.cn/Share/ky_sjml.jsp; https://www.sccdc.cn/Article/List?ID=132,official_datacenter_spreadsheet; official_provincial_report
disease,D009,hepatitis-c,Hepatitis C,source_series_observation,CN-SC,"Sichuan, China",D009,Hepatitis C,丙型肝炎,Viral,2026-07-01,2026-07,1562,1562,,,,,,SER_CN_PROV_REPORT_HEPATITIS_C,SER_CN_PROV_REPORT_HEPATITIS_C,SRC_CN_PROV_MONTHLY_REPORT,丙型肝炎,case_notifications,provincial_statutory_infectious_disease_monthly_report,monthly,count,country:CN-SC:national,all,exact,conditional,non_additive,active,missing_is_unknown,CN_PROVINCE_MONTHLY_REPORT_V1,Disease count explicitly published in an official provincial statutory infectious-disease monthly report; absent rows remain unknown and are never zero-filled.,,raw,True,series_registry,priority_overlay,parity,,SER_CN_PROV_DC_HEPATITIS_C; SER_CN_PROV_REPORT_HEPATITIS_C,2,Retained source series are overlaid per period using their explicit source priority; lower-priority observations remain downloadable.,cn_province_datacenter,Public Health Science Data Center,https://www.phsciencedata.cn/Share/ky_sjml.jsp,official_datacenter_spreadsheet,cn_province_datacenter; cn_province_monthly_report,Public Health Science Data Center; Provincial statutory infectious disease monthly report,https://www.phsciencedata.cn/Share/ky_sjml.jsp; https://www.sccdc.cn/Article/List?ID=132,official_datacenter_spreadsheet; official_provincial_report
disease,D009,hepatitis-c,Hepatitis C,public_projection,CN-SH,"Shanghai, China",D009,Hepatitis C,丙型肝炎,Viral,2026-07-01,2026-07,1,1,,,,missing_population,,,,,,,,monthly,,,,,,,,,,,,,,series_registry,priority_overlay,parity,,SER_CN_PROV_DC_HEPATITIS_C; SER_CN_PROV_REPORT_HEPATITIS_C,2,Retained source series are overlaid per period using their explicit source priority; lower-priority observations remain downloadable.,cn_province_datacenter,Public Health Science Data Center,https://www.phsciencedata.cn/Share/ky_sjml.jsp,official_datacenter_spreadsheet,cn_province_datacenter; cn_province_monthly_report,Public Health Science Data Center; Provincial statutory infectious disease monthly report,https://www.phsciencedata.cn/Share/ky_sjml.jsp; https://wsjkw.sh.gov.cn/yqxx/index.html,official_datacenter_spreadsheet; official_provincial_report
disease,D009,hepatitis-c,Hepatitis C,source_series_observation,CN-SH,"Shanghai, China",D009,Hepatitis C,丙型肝炎,Viral,2026-07-01,2026-07,1,1,,,,,,SER_CN_PROV_REPORT_HEPATITIS_C,SER_CN_PROV_REPORT_HEPATITIS_C,SRC_CN_PROV_MONTHLY_REPORT,丙型肝炎,case_notifications,provincial_statutory_infectious_disease_monthly_report,monthly,count,country:CN-SH:national,all,exact,conditional,non_additive,active,missing_is_unknown,CN_PROVINCE_MONTHLY_REPORT_V1,Disease count explicitly published in an official provincial statutory infectious-disease monthly report; absent rows remain unknown and are never zero-filled.,,raw,True,series_registry,priority_overlay,parity,,SER_CN_PROV_DC_HEPATITIS_C; SER_CN_PROV_REPORT_HEPATITIS_C,2,Retained source series are overlaid per period using their explicit source priority; lower-priority observations remain downloadable.,cn_province_datacenter,Public Health Science Data Center,https://www.phsciencedata.cn/Share/ky_sjml.jsp,official_datacenter_spreadsheet,cn_province_datacenter; cn_province_monthly_report,Public Health Science Data Center; Provincial statutory infectious disease monthly report,https://www.phsciencedata.cn/Share/ky_sjml.jsp; https://wsjkw.sh.gov.cn/yqxx/index.html,official_datacenter_spreadsheet; official_provincial_report
disease,D009,hepatitis-c,Hepatitis C,public_projection,FI,Finland,D009,Hepatitis C,丙型肝炎,Viral,2026-07-01,2026-07,80,80,,,1.4230473366913101,wpp_computed,,SER_FI_THL_TTR_703,,,,,,monthly,,,,,,,,,,,,,,series_registry,representative_series,legacy_gap_fill_blocked_incompatible,non_additive_series_not_rolled_up,SER_FI_THL_TTR_703,2,Multiple registered series are not declared safely additive. The compatibility curve uses one representative series; inspect source_series for every retained definition. Legacy rows with a different reporting grain or comparison basis were not joined to this curve.,thl_ttr,Finland THL Infectious Diseases Register,https://sampo.thl.fi/pivot/prod/en/ttr/cases/fact_ttr_cases,cube_csv,thl_ttr,Finland THL Infectious Diseases Register,https://sampo.thl.fi/pivot/prod/en/ttr/cases/fact_ttr_cases,cube_csv
disease,D009,hepatitis-c,Hepatitis C,source_series_observation,FI,Finland,D009,Hepatitis C,丙型肝炎,Viral,2026-07-01,2026-07,80,80,,,,,,SER_FI_THL_TTR_703,SER_FI_THL_TTR_703,SRC_FI_THL_TTR,Hepatitis C,case_notifications,national_notifiable_disease_registry,monthly,count,country:FI:national,all,exact,conditional,non_additive,active,missing_is_unknown,FI_THL_TTR_reporting_group,Finland THL national monthly notification series; Source does not qualify acute/chronic course.,,provisional; raw,True,series_registry,representative_series,legacy_gap_fill_blocked_incompatible,non_additive_series_not_rolled_up,SER_FI_THL_TTR_703,2,Multiple registered series are not declared safely additive. The compatibility curve uses one representative series; inspect source_series for every retained definition. Legacy rows with a different reporting grain or comparison basis were not joined to this curve.,thl_ttr,Finland THL Infectious Diseases Register,https://sampo.thl.fi/pivot/prod/en/ttr/cases/fact_ttr_cases,cube_csv,thl_ttr,Finland THL Infectious Diseases Register,https://sampo.thl.fi/pivot/prod/en/ttr/cases/fact_ttr_cases,cube_csv
disease,D009,hepatitis-c,Hepatitis C,public_projection,HK,"Hong Kong, China",D009,Hepatitis C,丙型肝炎,Viral,2026-07-01,2026-07,2,2,,,0.027105405603934186,wpp_computed,,,,,,,,,,,,,,,,,,,,,,legacy_fallback,legacy_fallback,,legacy_identity_may_be_lossy,,0,No eligible registered case-count series facts are available for this disease and country; the public curve uses the legacy flat table.,chp_notifiable,"Hong Kong, China CHP Notifiable Diseases",https://www.chp.gov.hk/en/static/24012.html,open_data_csv,chp_notifiable,"Hong Kong, China CHP Notifiable Diseases",https://www.chp.gov.hk/en/static/24012.html,open_data_csv
disease,D009,hepatitis-c,Hepatitis C,public_projection,KR,South Korea,D009,Hepatitis C,丙型肝炎,Viral,2026-07-01,2026-07,446,446,,,0.8643345860112523,wpp_computed,,,,,,,,,,,,,,,,,,,,,,legacy_fallback,legacy_fallback,,legacy_identity_may_be_lossy,,0,No eligible registered case-count series facts are available for this disease and country; the public curve uses the legacy flat table.,kdca_open_api,Korea KDCA EID,https://www.data.go.kr/data/15139178/openapi.do,open_api_or_portal_download,kdca_open_api,Korea KDCA EID,https://www.data.go.kr/data/15139178/openapi.do,open_api_or_portal_download
disease,D009,hepatitis-c,Hepatitis C,public_projection,NO,Norway,D009,Hepatitis C,丙型肝炎,Viral,2026-07-01,2026-07,21,21,,,0.3714849234170563,wpp_computed,,SER_NO_FHI_203_MONTHLY,,,,,,monthly,,,,,,,,,,,,,,series_registry,representative_series,parity,non_additive_series_not_rolled_up,SER_NO_FHI_203_MONTHLY,2,Multiple registered series are not declared safely additive. The compatibility curve uses one representative series; inspect source_series for every retained definition.,fhi_msis,Norway FHI MSIS Statistics Bank,https://allvis.fhi.no/msis,official_json_api,fhi_msis,Norway FHI MSIS Statistics Bank,https://allvis.fhi.no/msis,official_json_api
disease,D009,hepatitis-c,Hepatitis C,source_series_observation,NO,Norway,D009,Hepatitis C,丙型肝炎,Viral,2026-07-01,2026-07,21,21,,,,,,SER_NO_FHI_203_MONTHLY,SER_NO_FHI_203_MONTHLY,SRC_NO_FHI_MSIS,Hepatitt C,case_notifications,national_notifiable_disease_registry,monthly,count,country:NO:national,all,exact,conditional,non_additive,active,missing_is_unknown,NO_FHI_MSIS_diagnosis_monthly,Norway FHI MSIS national monthly diagnosis series; FHI MSIS clinical course not specified.,,raw; revised,True,series_registry,representative_series,parity,non_additive_series_not_rolled_up,SER_NO_FHI_203_MONTHLY,2,Multiple registered series are not declared safely additive. The compatibility curve uses one representative series; inspect source_series for every retained definition.,fhi_msis,Norway FHI MSIS Statistics Bank,https://allvis.fhi.no/msis,official_json_api,fhi_msis,Norway FHI MSIS Statistics Bank,https://allvis.fhi.no/msis,official_json_api
disease,D009,hepatitis-c,Hepatitis C,public_projection,NZ,New Zealand,D009,Hepatitis C,丙型肝炎,Viral,2026-07-01,2026-07,3,3,,,0.05673781399415487,wpp_computed,,SER_NZ_HEPATITIS_C_MONTHLY,,,,,,monthly,,,,,,,,,,,,,,series_registry,single_series,parity,,SER_NZ_HEPATITIS_C_MONTHLY,1,The public curve is read directly from one registered source series.,phf_monthly,New Zealand PHF Science Monthly Notifiable Diseases,https://www.phfscience.nz/digital-library/,web,phf_monthly,New Zealand PHF Science Monthly Notifiable Diseases,https://www.phfscience.nz/digital-library/,web
disease,D009,hepatitis-c,Hepatitis C,source_series_observation,NZ,New Zealand,D009,Hepatitis C,丙型肝炎,Viral,2026-07-01,2026-07,3,3,,,,,,SER_NZ_HEPATITIS_C_MONTHLY,SER_NZ_HEPATITIS_C_MONTHLY,SRC_NZ_PHS,Hepatitis C,case_notifications,notification,monthly,count,country:NZ:national,all,exact,conditional,non_additive,active,missing_is_unknown,NZ_PHS_current,New Zealand PHF Science monthly hepatitis C notifications without a source-reported clinical-course split.,,provisional; raw,True,series_registry,single_series,parity,,SER_NZ_HEPATITIS_C_MONTHLY,1,The public curve is read directly from one registered source series.,phf_monthly,New Zealand PHF Science Monthly Notifiable Diseases,https://www.phfscience.nz/digital-library/,web,phf_monthly,New Zealand PHF Science Monthly Notifiable Diseases,https://www.phfscience.nz/digital-library/,web
disease,D009,hepatitis-c,Hepatitis C,public_projection,SE,Sweden,D009,Hepatitis C,丙型肝炎,Viral,2026-07-01,2026-07,39,39,,,0.3644503367030505,wpp_computed,,SER_SE_FOHM_SMINET_HEPATITIS_C,,,,,,monthly,,,,,,,,,,,,,,series_registry,representative_series,parity,non_additive_series_not_rolled_up,SER_SE_FOHM_SMINET_HEPATITIS_C,2,Multiple registered series are not declared safely additive. The compatibility curve uses one representative series; inspect source_series for every retained definition.,fohm_sminet,Sweden Public Health Agency SmiNet,https://www.folkhalsomyndigheten.se/statistik-och-data/hitta-statistik-och-data/smittsamma-sjukdomar-statistik/,official_html_csv,fohm_sminet,Sweden Public Health Agency SmiNet,https://www.folkhalsomyndigheten.se/statistik-och-data/hitta-statistik-och-data/smittsamma-sjukdomar-statistik/,official_html_csv
disease,D009,hepatitis-c,Hepatitis C,source_series_observation,SE,Sweden,D009,Hepatitis C,丙型肝炎,Viral,2026-07-01,2026-07,39,39,,,,,,SER_SE_FOHM_SMINET_HEPATITIS_C,SER_SE_FOHM_SMINET_HEPATITIS_C,SRC_SE_FOHM_SMINET,Hepatit C,case_notifications,national_notifiable_disease_registry,monthly,count,country:SE:national,all,exact,conditional,non_additive,active,missing_is_unknown,SE_FOHM_SMINET_current,Sweden FHM SmiNet national monthly notification series; Source does not qualify acute or chronic course.,,revised,True,series_registry,representative_series,parity,non_additive_series_not_rolled_up,SER_SE_FOHM_SMINET_HEPATITIS_C,2,Multiple registered series are not declared safely additive. The compatibility curve uses one representative series; inspect source_series for every retained definition.,fohm_sminet,Sweden Public Health Agency SmiNet,https://www.folkhalsomyndigheten.se/statistik-och-data/hitta-statistik-och-data/smittsamma-sjukdomar-statistik/,official_html_csv,fohm_sminet,Sweden Public Health Agency SmiNet,https://www.folkhalsomyndigheten.se/statistik-och-data/hitta-statistik-och-data/smittsamma-sjukdomar-statistik/,official_html_csv
disease,D009,hepatitis-c,Hepatitis C,public_projection,AU,Australia,D009,Hepatitis C,丙型肝炎,Viral,2026-08-01,2026-08,342,342,,,1.2561016422757683,wpp_computed,,SER_AU_HEPATITIS_C_UNSPECIFIED,,,,,,monthly,,,,,,,,,,,,,,mixed,single_series,legacy_gap_fill,,SER_AU_HEPATITIS_C_UNSPECIFIED,1,The public curve is read directly from one registered source series. Registry facts replace matching periods; legacy-only periods are retained as explicit coverage gap fills.,all,Australia NINDSS,https://www.health.gov.au/topics/national-notifiable-diseases-surveillance-system-nndss,microsoft_bi,all,Australia NINDSS,https://www.health.gov.au/topics/national-notifiable-diseases-surveillance-system-nndss,microsoft_bi
disease,D009,hepatitis-c,Hepatitis C,public_projection,AU-ACT,"Australian Capital Territory, Australia",D009,Hepatitis C,丙型肝炎,Viral,2026-08-01,2026-08,13,13,,,2.6548600276105443,abs_computed,,,,,,,,,,,,,,,,,,,,,,legacy_fallback,legacy_fallback,,legacy_identity_may_be_lossy,,0,No eligible registered case-count series facts are available for this disease and country; the public curve uses the legacy flat table.,all,Australia NINDSS — Australian Capital Territory,https://www.cdc.gov.au/resources/apps-and-tools/nndss-data-visualisation-tool,microsoft_bi,all,Australia NINDSS — Australian Capital Territory,https://www.cdc.gov.au/resources/apps-and-tools/nndss-data-visualisation-tool,microsoft_bi
disease,D009,hepatitis-c,Hepatitis C,public_projection,AU-NSW,"New South Wales, Australia",D009,Hepatitis C,丙型肝炎,Viral,2026-08-01,2026-08,69,69,,,0.7958381126872166,abs_computed,,,,,,,,,,,,,,,,,,,,,,legacy_fallback,legacy_fallback,,legacy_identity_may_be_lossy,,0,No eligible registered case-count series facts are available for this disease and country; the public curve uses the legacy flat table.,all,Australia NINDSS — New South Wales,https://www.cdc.gov.au/resources/apps-and-tools/nndss-data-visualisation-tool,microsoft_bi,all,Australia NINDSS — New South Wales,https://www.cdc.gov.au/resources/apps-and-tools/nndss-data-visualisation-tool,microsoft_bi
disease,D009,hepatitis-c,Hepatitis C,public_projection,AU-NT,"Northern Territory, Australia",D009,Hepatitis C,丙型肝炎,Viral,2026-08-01,2026-08,,,,,,missing_population,,,,,,,,,,,,,,,,,,,,,,legacy_fallback,legacy_fallback,,legacy_identity_may_be_lossy,,0,No eligible registered case-count series facts are available for this disease and country; the public curve uses the legacy flat table.,all,Australia NINDSS — Northern Territory,https://www.cdc.gov.au/resources/apps-and-tools/nndss-data-visualisation-tool,microsoft_bi,all,Australia NINDSS — Northern Territory,https://www.cdc.gov.au/resources/apps-and-tools/nndss-data-visualisation-tool,microsoft_bi
disease,D009,hepatitis-c,Hepatitis C,public_projection,AU-QLD,"Queensland, Australia",D009,Hepatitis C,丙型肝炎,Viral,2026-08-01,2026-08,172,172,,,2.996797085998145,abs_computed,,,,,,,,,,,,,,,,,,,,,,legacy_fallback,legacy_fallback,,legacy_identity_may_be_lossy,,0,No eligible registered case-count series facts are available for this disease and country; the public curve uses the legacy flat table.,all,Australia NINDSS — Queensland,https://www.cdc.gov.au/resources/apps-and-tools/nndss-data-visualisation-tool,microsoft_bi,all,Australia NINDSS — Queensland,https://www.cdc.gov.au/resources/apps-and-tools/nndss-data-visualisation-tool,microsoft_bi
disease,D009,hepatitis-c,Hepatitis C,public_projection,AU-SA,"South Australia, Australia",D009,Hepatitis C,丙型肝炎,Viral,2026-08-01,2026-08,6,6,,,0.3130158239932889,abs_computed,,,,,,,,,,,,,,,,,,,,,,legacy_fallback,legacy_fallback,,legacy_identity_may_be_lossy,,0,No eligible registered case-count series facts are available for this disease and country; the public curve uses the legacy flat table.,all,Australia NINDSS — South Australia,https://www.cdc.gov.au/resources/apps-and-tools/nndss-data-visualisation-tool,microsoft_bi,all,Australia NINDSS — South Australia,https://www.cdc.gov.au/resources/apps-and-tools/nndss-data-visualisation-tool,microsoft_bi
disease,D009,hepatitis-c,Hepatitis C,public_projection,AU-TAS,"Tasmania, Australia",D009,Hepatitis C,丙型肝炎,Viral,2026-08-01,2026-08,,,,,,missing_population,,,,,,,,,,,,,,,,,,,,,,legacy_fallback,legacy_fallback,,legacy_identity_may_be_lossy,,0,No eligible registered case-count series facts are available for this disease and country; the public curve uses the legacy flat table.,all,Australia NINDSS — Tasmania,https://www.cdc.gov.au/resources/apps-and-tools/nndss-data-visualisation-tool,microsoft_bi,all,Australia NINDSS — Tasmania,https://www.cdc.gov.au/resources/apps-and-tools/nndss-data-visualisation-tool,microsoft_bi
disease,D009,hepatitis-c,Hepatitis C,public_projection,AU-VIC,"Victoria, Australia",D009,Hepatitis C,丙型肝炎,Viral,2026-08-01,2026-08,78,78,,,1.0902654530800768,abs_computed,,,,,,,,,,,,,,,,,,,,,,legacy_fallback,legacy_fallback,,legacy_identity_may_be_lossy,,0,No eligible registered case-count series facts are available for this disease and country; the public curve uses the legacy flat table.,all,Australia NINDSS — Victoria,https://www.cdc.gov.au/resources/apps-and-tools/nndss-data-visualisation-tool,microsoft_bi,all,Australia NINDSS — Victoria,https://www.cdc.gov.au/resources/apps-and-tools/nndss-data-visualisation-tool,microsoft_bi
disease,D009,hepatitis-c,Hepatitis C,public_projection,AU-WA,"Western Australia, Australia",D009,Hepatitis C,丙型肝炎,Viral,2026-08-01,2026-08,78,78,,,2.5191992047081895,abs_computed,,,,,,,,,,,,,,,,,,,,,,legacy_fallback,legacy_fallback,,legacy_identity_may_be_lossy,,0,No eligible registered case-count series facts are available for this disease and country; the public curve uses the legacy flat table.,all,Australia NINDSS — Western Australia,https://www.cdc.gov.au/resources/apps-and-tools/nndss-data-visualisation-tool,microsoft_bi,all,Australia NINDSS — Western Australia,https://www.cdc.gov.au/resources/apps-and-tools/nndss-data-visualisation-tool,microsoft_bi
disease,D009,hepatitis-c,Hepatitis C,public_projection,CN,China,D009,Hepatitis C,丙型肝炎,Viral,2026-08-01,2026-08,14501,14501,,228,1.0263185934676877,wpp_computed,,SER_CN_HEPATITIS_C_UNSPECIFIED_COURSE,,,,,,monthly,,,,,,,,,,,,,,mixed,single_series,legacy_gap_fill,,SER_CN_HEPATITIS_C_UNSPECIFIED_COURSE,1,The public curve is read directly from one registered source series. Registry facts replace matching periods; legacy-only periods are retained as explicit coverage gap fills.,cdc_weekly,China CDC Weekly,https://weekly.chinacdc.cn,web,cdc_weekly; nhc; pubmed,China CDC Weekly; National Disease Control and Prevention Administration; PubMed,https://weekly.chinacdc.cn; https://www.ndcpa.gov.cn; https://pubmed.ncbi.nlm.nih.gov,web; web; web
disease,D009,hepatitis-c,Hepatitis C,source_series_observation,CN,China,D009,Hepatitis C,丙型肝炎,Viral,2026-08-01,2026-08,14501,14501,,,,,,SER_CN_HEPATITIS_C_UNSPECIFIED_COURSE,SER_CN_HEPATITIS_C_UNSPECIFIED_COURSE,SRC_CN_CDC,丙型肝炎,case_notifications,notification,monthly,count,country:CN:national,all,exact,unknown,non_additive,active,missing_is_unknown,globalid-disease-ontology:2026.09.26.1,China CDC hepatitis C series without a source-reported acute/chronic course split.,,raw,True,mixed,single_series,legacy_gap_fill,,SER_CN_HEPATITIS_C_UNSPECIFIED_COURSE,1,The public curve is read directly from one registered source series. Registry facts replace matching periods; legacy-only periods are retained as explicit coverage gap fills.,cdc_weekly,China CDC Weekly,https://weekly.chinacdc.cn,web,cdc_weekly; nhc; pubmed,China CDC Weekly; National Disease Control and Prevention Administration; PubMed,https://weekly.chinacdc.cn; https://www.ndcpa.gov.cn; https://pubmed.ncbi.nlm.nih.gov,web; web; web
disease,D009,hepatitis-c,Hepatitis C,public_projection,CN-CQ,"Chongqing, China",D009,Hepatitis C,丙型肝炎,Viral,2026-08-01,2026-08,304,304,,,,missing_population,,,,,,,,monthly,,,,,,,,,,,,,,series_registry,priority_overlay,parity,,SER_CN_PROV_DC_HEPATITIS_C; SER_CN_PROV_REPORT_HEPATITIS_C,2,Retained source series are overlaid per period using their explicit source priority; lower-priority observations remain downloadable.,cn_province_datacenter,Public Health Science Data Center,https://www.phsciencedata.cn/Share/ky_sjml.jsp,official_datacenter_spreadsheet,cn_province_datacenter; cn_province_monthly_report,Public Health Science Data Center; Provincial statutory infectious disease monthly report,https://www.phsciencedata.cn/Share/ky_sjml.jsp; https://wsjkw.cq.gov.cn/zwgk_242/wsjklymsxx/ylws_266434/jbfk_266438/yqxx/,official_datacenter_spreadsheet; official_provincial_report
disease,D009,hepatitis-c,Hepatitis C,source_series_observation,CN-CQ,"Chongqing, China",D009,Hepatitis C,丙型肝炎,Viral,2026-08-01,2026-08,304,304,,,,,,SER_CN_PROV_REPORT_HEPATITIS_C,SER_CN_PROV_REPORT_HEPATITIS_C,SRC_CN_PROV_MONTHLY_REPORT,丙型肝炎,case_notifications,provincial_statutory_infectious_disease_monthly_report,monthly,count,country:CN-CQ:national,all,exact,conditional,non_additive,active,missing_is_unknown,CN_PROVINCE_MONTHLY_REPORT_V1,Disease count explicitly published in an official provincial statutory infectious-disease monthly report; absent rows remain unknown and are never zero-filled.,,raw,True,series_registry,priority_overlay,parity,,SER_CN_PROV_DC_HEPATITIS_C; SER_CN_PROV_REPORT_HEPATITIS_C,2,Retained source series are overlaid per period using their explicit source priority; lower-priority observations remain downloadable.,cn_province_datacenter,Public Health Science Data Center,https://www.phsciencedata.cn/Share/ky_sjml.jsp,official_datacenter_spreadsheet,cn_province_datacenter; cn_province_monthly_report,Public Health Science Data Center; Provincial statutory infectious disease monthly report,https://www.phsciencedata.cn/Share/ky_sjml.jsp; https://wsjkw.cq.gov.cn/zwgk_242/wsjklymsxx/ylws_266434/jbfk_266438/yqxx/,official_datacenter_spreadsheet; official_provincial_report
disease,D009,hepatitis-c,Hepatitis C,public_projection,CN-GD,"Guangdong, China",D009,Hepatitis C,丙型肝炎,Viral,2026-08-01,2026-08,1855,1855,,,,missing_population,,,,,,,,monthly,,,,,,,,,,,,,,series_registry,priority_overlay,parity,,SER_CN_PROV_DC_HEPATITIS_C; SER_CN_PROV_REPORT_HEPATITIS_C,2,Retained source series are overlaid per period using their explicit source priority; lower-priority observations remain downloadable.,cn_province_datacenter,Public Health Science Data Center,https://www.phsciencedata.cn/Share/ky_sjml.jsp,official_datacenter_spreadsheet,cn_province_datacenter; cn_province_monthly_report,Public Health Science Data Center; Provincial statutory infectious disease monthly report,https://www.phsciencedata.cn/Share/ky_sjml.jsp; https://wsjkw.gd.gov.cn/zwyw_yqxx/index.html,official_datacenter_spreadsheet; official_provincial_report
disease,D009,hepatitis-c,Hepatitis C,source_series_observation,CN-GD,"Guangdong, China",D009,Hepatitis C,丙型肝炎,Viral,2026-08-01,2026-08,1855,1855,,,,,,SER_CN_PROV_REPORT_HEPATITIS_C,SER_CN_PROV_REPORT_HEPATITIS_C,SRC_CN_PROV_MONTHLY_REPORT,丙型肝炎,case_notifications,provincial_statutory_infectious_disease_monthly_report,monthly,count,country:CN-GD:national,all,exact,conditional,non_additive,active,missing_is_unknown,CN_PROVINCE_MONTHLY_REPORT_V1,Disease count explicitly published in an official provincial statutory infectious-disease monthly report; absent rows remain unknown and are never zero-filled.,,raw,True,series_registry,priority_overlay,parity,,SER_CN_PROV_DC_HEPATITIS_C; SER_CN_PROV_REPORT_HEPATITIS_C,2,Retained source series are overlaid per period using their explicit source priority; lower-priority observations remain downloadable.,cn_province_datacenter,Public Health Science Data Center,https://www.phsciencedata.cn/Share/ky_sjml.jsp,official_datacenter_spreadsheet,cn_province_datacenter; cn_province_monthly_report,Public Health Science Data Center; Provincial statutory infectious disease monthly report,https://www.phsciencedata.cn/Share/ky_sjml.jsp; https://wsjkw.gd.gov.cn/zwyw_yqxx/index.html,official_datacenter_spreadsheet; official_provincial_report
disease,D009,hepatitis-c,Hepatitis C,public_projection,CN-HN,"Hunan, China",D009,Hepatitis C,丙型肝炎,Viral,2026-08-01,2026-08,743,743,,,,missing_population,,,,,,,,monthly,,,,,,,,,,,,,,series_registry,priority_overlay,parity,,SER_CN_PROV_DC_HEPATITIS_C; SER_CN_PROV_REPORT_HEPATITIS_C,2,Retained source series are overlaid per period using their explicit source priority; lower-priority observations remain downloadable.,cn_province_datacenter,Public Health Science Data Center,https://www.phsciencedata.cn/Share/ky_sjml.jsp,official_datacenter_spreadsheet,cn_province_datacenter; cn_province_monthly_report,Public Health Science Data Center; Provincial statutory infectious disease monthly report,https://www.phsciencedata.cn/Share/ky_sjml.jsp; http://wjw.hunan.gov.cn/wjw/xxgk/yqsj/,official_datacenter_spreadsheet; official_provincial_report
disease,D009,hepatitis-c,Hepatitis C,source_series_observation,CN-HN,"Hunan, China",D009,Hepatitis C,丙型肝炎,Viral,2026-08-01,2026-08,743,743,,,,,,SER_CN_PROV_REPORT_HEPATITIS_C,SER_CN_PROV_REPORT_HEPATITIS_C,SRC_CN_PROV_MONTHLY_REPORT,丙型肝炎,case_notifications,provincial_statutory_infectious_disease_monthly_report,monthly,count,country:CN-HN:national,all,exact,conditional,non_additive,active,missing_is_unknown,CN_PROVINCE_MONTHLY_REPORT_V1,Disease count explicitly published in an official provincial statutory infectious-disease monthly report; absent rows remain unknown and are never zero-filled.,,raw,True,series_registry,priority_overlay,parity,,SER_CN_PROV_DC_HEPATITIS_C; SER_CN_PROV_REPORT_HEPATITIS_C,2,Retained source series are overlaid per period using their explicit source priority; lower-priority observations remain downloadable.,cn_province_datacenter,Public Health Science Data Center,https://www.phsciencedata.cn/Share/ky_sjml.jsp,official_datacenter_spreadsheet,cn_province_datacenter; cn_province_monthly_report,Public Health Science Data Center; Provincial statutory infectious disease monthly report,https://www.phsciencedata.cn/Share/ky_sjml.jsp; http://wjw.hunan.gov.cn/wjw/xxgk/yqsj/,official_datacenter_spreadsheet; official_provincial_report
disease,D009,hepatitis-c,Hepatitis C,public_projection,CN-JS,"Jiangsu, China",D009,Hepatitis C,丙型肝炎,Viral,2026-08-01,2026-08,497,497,,,,missing_population,,,,,,,,monthly,,,,,,,,,,,,,,series_registry,priority_overlay,parity,,SER_CN_PROV_DC_HEPATITIS_C; SER_CN_PROV_REPORT_HEPATITIS_C,2,Retained source series are overlaid per period using their explicit source priority; lower-priority observations remain downloadable.,cn_province_datacenter,Public Health Science Data Center,https://www.phsciencedata.cn/Share/ky_sjml.jsp,official_datacenter_spreadsheet,cn_province_datacenter; cn_province_monthly_report,Public Health Science Data Center; Provincial statutory infectious disease monthly report,https://www.phsciencedata.cn/Share/ky_sjml.jsp; https://wjw.jiangsu.gov.cn/col/col76875/index.html,official_datacenter_spreadsheet; official_provincial_report
disease,D009,hepatitis-c,Hepatitis C,source_series_observation,CN-JS,"Jiangsu, China",D009,Hepatitis C,丙型肝炎,Viral,2026-08-01,2026-08,497,497,,,,,,SER_CN_PROV_REPORT_HEPATITIS_C,SER_CN_PROV_REPORT_HEPATITIS_C,SRC_CN_PROV_MONTHLY_REPORT,丙型肝炎,case_notifications,provincial_statutory_infectious_disease_monthly_report,monthly,count,country:CN-JS:national,all,exact,conditional,non_additive,active,missing_is_unknown,CN_PROVINCE_MONTHLY_REPORT_V1,Disease count explicitly published in an official provincial statutory infectious-disease monthly report; absent rows remain unknown and are never zero-filled.,,raw,True,series_registry,priority_overlay,parity,,SER_CN_PROV_DC_HEPATITIS_C; SER_CN_PROV_REPORT_HEPATITIS_C,2,Retained source series are overlaid per period using their explicit source priority; lower-priority observations remain downloadable.,cn_province_datacenter,Public Health Science Data Center,https://www.phsciencedata.cn/Share/ky_sjml.jsp,official_datacenter_spreadsheet,cn_province_datacenter; cn_province_monthly_report,Public Health Science Data Center; Provincial statutory infectious disease monthly report,https://www.phsciencedata.cn/Share/ky_sjml.jsp; https://wjw.jiangsu.gov.cn/col/col76875/index.html,official_datacenter_spreadsheet; official_provincial_report
disease,D009,hepatitis-c,Hepatitis C,public_projection,CN-LN,"Liaoning, China",D009,Hepatitis C,丙型肝炎,Viral,2026-08-01,2026-08,527,527,,,,missing_population,,,,,,,,monthly,,,,,,,,,,,,,,series_registry,priority_overlay,parity,,SER_CN_PROV_DC_HEPATITIS_C; SER_CN_PROV_REPORT_HEPATITIS_C,2,Retained source series are overlaid per period using their explicit source priority; lower-priority observations remain downloadable.,cn_province_datacenter,Public Health Science Data Center,https://www.phsciencedata.cn/Share/ky_sjml.jsp,official_datacenter_spreadsheet,cn_province_datacenter; cn_province_monthly_report,Public Health Science Data Center; Provincial statutory infectious disease monthly report,https://www.phsciencedata.cn/Share/ky_sjml.jsp; https://wsjk.ln.gov.cn/wsjk/zfxxgk/fdzdgknr/tfggsj/index.shtml,official_datacenter_spreadsheet; official_provincial_report
disease,D009,hepatitis-c,Hepatitis C,source_series_observation,CN-LN,"Liaoning, China",D009,Hepatitis C,丙型肝炎,Viral,2026-08-01,2026-08,527,527,,,,,,SER_CN_PROV_REPORT_HEPATITIS_C,SER_CN_PROV_REPORT_HEPATITIS_C,SRC_CN_PROV_MONTHLY_REPORT,丙型肝炎,case_notifications,provincial_statutory_infectious_disease_monthly_report,monthly,count,country:CN-LN:national,all,exact,conditional,non_additive,active,missing_is_unknown,CN_PROVINCE_MONTHLY_REPORT_V1,Disease count explicitly published in an official provincial statutory infectious-disease monthly report; absent rows remain unknown and are never zero-filled.,,raw,True,series_registry,priority_overlay,parity,,SER_CN_PROV_DC_HEPATITIS_C; SER_CN_PROV_REPORT_HEPATITIS_C,2,Retained source series are overlaid per period using their explicit source priority; lower-priority observations remain downloadable.,cn_province_datacenter,Public Health Science Data Center,https://www.phsciencedata.cn/Share/ky_sjml.jsp,official_datacenter_spreadsheet,cn_province_datacenter; cn_province_monthly_report,Public Health Science Data Center; Provincial statutory infectious disease monthly report,https://www.phsciencedata.cn/Share/ky_sjml.jsp; https://wsjk.ln.gov.cn/wsjk/zfxxgk/fdzdgknr/tfggsj/index.shtml,official_datacenter_spreadsheet; official_provincial_report
disease,D009,hepatitis-c,Hepatitis C,public_projection,CN-SC,"Sichuan, China",D009,Hepatitis C,丙型肝炎,Viral,2026-08-01,2026-08,1454,1454,,,,missing_population,,,,,,,,monthly,,,,,,,,,,,,,,series_registry,priority_overlay,parity,,SER_CN_PROV_DC_HEPATITIS_C; SER_CN_PROV_REPORT_HEPATITIS_C,2,Retained source series are overlaid per period using their explicit source priority; lower-priority observations remain downloadable.,cn_province_datacenter,Public Health Science Data Center,https://www.phsciencedata.cn/Share/ky_sjml.jsp,official_datacenter_spreadsheet,cn_province_datacenter; cn_province_monthly_report,Public Health Science Data Center; Provincial statutory infectious disease monthly report,https://www.phsciencedata.cn/Share/ky_sjml.jsp; https://www.sccdc.cn/Article/List?ID=132,official_datacenter_spreadsheet; official_provincial_report
disease,D009,hepatitis-c,Hepatitis C,source_series_observation,CN-SC,"Sichuan, China",D009,Hepatitis C,丙型肝炎,Viral,2026-08-01,2026-08,1454,1454,,,,,,SER_CN_PROV_REPORT_HEPATITIS_C,SER_CN_PROV_REPORT_HEPATITIS_C,SRC_CN_PROV_MONTHLY_REPORT,丙型肝炎,case_notifications,provincial_statutory_infectious_disease_monthly_report,monthly,count,country:CN-SC:national,all,exact,conditional,non_additive,active,missing_is_unknown,CN_PROVINCE_MONTHLY_REPORT_V1,Disease count explicitly published in an official provincial statutory infectious-disease monthly report; absent rows remain unknown and are never zero-filled.,,raw,True,series_registry,priority_overlay,parity,,SER_CN_PROV_DC_HEPATITIS_C; SER_CN_PROV_REPORT_HEPATITIS_C,2,Retained source series are overlaid per period using their explicit source priority; lower-priority observations remain downloadable.,cn_province_datacenter,Public Health Science Data Center,https://www.phsciencedata.cn/Share/ky_sjml.jsp,official_datacenter_spreadsheet,cn_province_datacenter; cn_province_monthly_report,Public Health Science Data Center; Provincial statutory infectious disease monthly report,https://www.phsciencedata.cn/Share/ky_sjml.jsp; https://www.sccdc.cn/Article/List?ID=132,official_datacenter_spreadsheet; official_provincial_report
disease,D009,hepatitis-c,Hepatitis C,public_projection,CN-SH,"Shanghai, China",D009,Hepatitis C,丙型肝炎,Viral,2026-08-01,2026-08,0,0,,,,missing_population,,,,,,,,monthly,,,,,,,,,,,,,,series_registry,priority_overlay,parity,,SER_CN_PROV_DC_HEPATITIS_C; SER_CN_PROV_REPORT_HEPATITIS_C,2,Retained source series are overlaid per period using their explicit source priority; lower-priority observations remain downloadable.,cn_province_datacenter,Public Health Science Data Center,https://www.phsciencedata.cn/Share/ky_sjml.jsp,official_datacenter_spreadsheet,cn_province_datacenter; cn_province_monthly_report,Public Health Science Data Center; Provincial statutory infectious disease monthly report,https://www.phsciencedata.cn/Share/ky_sjml.jsp; https://wsjkw.sh.gov.cn/yqxx/index.html,official_datacenter_spreadsheet; official_provincial_report
disease,D009,hepatitis-c,Hepatitis C,source_series_observation,CN-SH,"Shanghai, China",D009,Hepatitis C,丙型肝炎,Viral,2026-08-01,2026-08,0,0,,,,,,SER_CN_PROV_REPORT_HEPATITIS_C,SER_CN_PROV_REPORT_HEPATITIS_C,SRC_CN_PROV_MONTHLY_REPORT,丙型肝炎,case_notifications,provincial_statutory_infectious_disease_monthly_report,monthly,count,country:CN-SH:national,all,exact,conditional,non_additive,active,missing_is_unknown,CN_PROVINCE_MONTHLY_REPORT_V1,Disease count explicitly published in an official provincial statutory infectious-disease monthly report; absent rows remain unknown and are never zero-filled.,,raw,True,series_registry,priority_overlay,parity,,SER_CN_PROV_DC_HEPATITIS_C; SER_CN_PROV_REPORT_HEPATITIS_C,2,Retained source series are overlaid per period using their explicit source priority; lower-priority observations remain downloadable.,cn_province_datacenter,Public Health Science Data Center,https://www.phsciencedata.cn/Share/ky_sjml.jsp,official_datacenter_spreadsheet,cn_province_datacenter; cn_province_monthly_report,Public Health Science Data Center; Provincial statutory infectious disease monthly report,https://www.phsciencedata.cn/Share/ky_sjml.jsp; https://wsjkw.sh.gov.cn/yqxx/index.html,official_datacenter_spreadsheet; official_provincial_report
disease,D009,hepatitis-c,Hepatitis C,public_projection,FI,Finland,D009,Hepatitis C,丙型肝炎,Viral,2026-08-01,2026-08,61,61,,,1.085073594227124,wpp_computed,,SER_FI_THL_TTR_703,,,,,,monthly,,,,,,,,,,,,,,series_registry,representative_series,legacy_gap_fill_blocked_incompatible,non_additive_series_not_rolled_up,SER_FI_THL_TTR_703,2,Multiple registered series are not declared safely additive. The compatibility curve uses one representative series; inspect source_series for every retained definition. Legacy rows with a different reporting grain or comparison basis were not joined to this curve.,thl_ttr,Finland THL Infectious Diseases Register,https://sampo.thl.fi/pivot/prod/en/ttr/cases/fact_ttr_cases,cube_csv,thl_ttr,Finland THL Infectious Diseases Register,https://sampo.thl.fi/pivot/prod/en/ttr/cases/fact_ttr_cases,cube_csv
disease,D009,hepatitis-c,Hepatitis C,source_series_observation,FI,Finland,D009,Hepatitis C,丙型肝炎,Viral,2026-08-01,2026-08,61,61,,,,,,SER_FI_THL_TTR_703,SER_FI_THL_TTR_703,SRC_FI_THL_TTR,Hepatitis C,case_notifications,national_notifiable_disease_registry,monthly,count,country:FI:national,all,exact,conditional,non_additive,active,missing_is_unknown,FI_THL_TTR_reporting_group,Finland THL national monthly notification series; Source does not qualify acute/chronic course.,,provisional; raw,True,series_registry,representative_series,legacy_gap_fill_blocked_incompatible,non_additive_series_not_rolled_up,SER_FI_THL_TTR_703,2,Multiple registered series are not declared safely additive. The compatibility curve uses one representative series; inspect source_series for every retained definition. Legacy rows with a different reporting grain or comparison basis were not joined to this curve.,thl_ttr,Finland THL Infectious Diseases Register,https://sampo.thl.fi/pivot/prod/en/ttr/cases/fact_ttr_cases,cube_csv,thl_ttr,Finland THL Infectious Diseases Register,https://sampo.thl.fi/pivot/prod/en/ttr/cases/fact_ttr_cases,cube_csv
disease,D009,hepatitis-c,Hepatitis C,public_projection,HK,"Hong Kong, China",D009,Hepatitis C,丙型肝炎,Viral,2026-08-01,2026-08,3,3,,,0.040658108405901276,wpp_computed,,,,,,,,,,,,,,,,,,,,,,legacy_fallback,legacy_fallback,,legacy_identity_may_be_lossy,,0,No eligible registered case-count series facts are available for this disease and country; the public curve uses the legacy flat table.,chp_notifiable,"Hong Kong, China CHP Notifiable Diseases",https://www.chp.gov.hk/en/static/24012.html,open_data_csv,chp_notifiable,"Hong Kong, China CHP Notifiable Diseases",https://www.chp.gov.hk/en/static/24012.html,open_data_csv
disease,D009,hepatitis-c,Hepatitis C,public_projection,KR,South Korea,D009,Hepatitis C,丙型肝炎,Viral,2026-08-01,2026-08,455,455,,,0.8817763153253809,wpp_computed,,,,,,,,,,,,,,,,,,,,,,legacy_fallback,legacy_fallback,,legacy_identity_may_be_lossy,,0,No eligible registered case-count series facts are available for this disease and country; the public curve uses the legacy flat table.,kdca_open_api,Korea KDCA EID,https://www.data.go.kr/data/15139178/openapi.do,open_api_or_portal_download,kdca_open_api,Korea KDCA EID,https://www.data.go.kr/data/15139178/openapi.do,open_api_or_portal_download
disease,D009,hepatitis-c,Hepatitis C,public_projection,NO,Norway,D009,Hepatitis C,丙型肝炎,Viral,2026-08-01,2026-08,28,28,,,0.4953132312227418,wpp_computed,,SER_NO_FHI_203_MONTHLY,,,,,,monthly,,,,,,,,,,,,,,series_registry,representative_series,parity,non_additive_series_not_rolled_up,SER_NO_FHI_203_MONTHLY,2,Multiple registered series are not declared safely additive. The compatibility curve uses one representative series; inspect source_series for every retained definition.,fhi_msis,Norway FHI MSIS Statistics Bank,https://allvis.fhi.no/msis,official_json_api,fhi_msis,Norway FHI MSIS Statistics Bank,https://allvis.fhi.no/msis,official_json_api
disease,D009,hepatitis-c,Hepatitis C,source_series_observation,NO,Norway,D009,Hepatitis C,丙型肝炎,Viral,2026-08-01,2026-08,28,28,,,,,,SER_NO_FHI_203_MONTHLY,SER_NO_FHI_203_MONTHLY,SRC_NO_FHI_MSIS,Hepatitt C,case_notifications,national_notifiable_disease_registry,monthly,count,country:NO:national,all,exact,conditional,non_additive,active,missing_is_unknown,NO_FHI_MSIS_diagnosis_monthly,Norway FHI MSIS national monthly diagnosis series; FHI MSIS clinical course not specified.,,raw; revised,True,series_registry,representative_series,parity,non_additive_series_not_rolled_up,SER_NO_FHI_203_MONTHLY,2,Multiple registered series are not declared safely additive. The compatibility curve uses one representative series; inspect source_series for every retained definition.,fhi_msis,Norway FHI MSIS Statistics Bank,https://allvis.fhi.no/msis,official_json_api,fhi_msis,Norway FHI MSIS Statistics Bank,https://allvis.fhi.no/msis,official_json_api
disease,D009,hepatitis-c,Hepatitis C,public_projection,NZ,New Zealand,D009,Hepatitis C,丙型肝炎,Viral,2026-08-01,2026-08,15,15,,,0.28368906997077437,wpp_computed,,SER_NZ_HEPATITIS_C_MONTHLY,,,,,,monthly,,,,,,,,,,,,,,series_registry,single_series,parity,,SER_NZ_HEPATITIS_C_MONTHLY,1,The public curve is read directly from one registered source series.,phf_monthly,New Zealand PHF Science Monthly Notifiable Diseases,https://www.phfscience.nz/digital-library/,web,phf_monthly,New Zealand PHF Science Monthly Notifiable Diseases,https://www.phfscience.nz/digital-library/,web
disease,D009,hepatitis-c,Hepatitis C,source_series_observation,NZ,New Zealand,D009,Hepatitis C,丙型肝炎,Viral,2026-08-01,2026-08,15,15,,,,,,SER_NZ_HEPATITIS_C_MONTHLY,SER_NZ_HEPATITIS_C_MONTHLY,SRC_NZ_PHS,Hepatitis C,case_notifications,notification,monthly,count,country:NZ:national,all,exact,conditional,non_additive,active,missing_is_unknown,NZ_PHS_current,New Zealand PHF Science monthly hepatitis C notifications without a source-reported clinical-course split.,,provisional; raw,True,series_registry,single_series,parity,,SER_NZ_HEPATITIS_C_MONTHLY,1,The public curve is read directly from one registered source series.,phf_monthly,New Zealand PHF Science Monthly Notifiable Diseases,https://www.phfscience.nz/digital-library/,web,phf_monthly,New Zealand PHF Science Monthly Notifiable Diseases,https://www.phfscience.nz/digital-library/,web
disease,D009,hepatitis-c,Hepatitis C,public_projection,SE,Sweden,D009,Hepatitis C,丙型肝炎,Viral,2026-08-01,2026-08,41,41,,,0.38314009755961714,wpp_computed,,SER_SE_FOHM_SMINET_HEPATITIS_C,,,,,,monthly,,,,,,,,,,,,,,series_registry,representative_series,parity,non_additive_series_not_rolled_up,SER_SE_FOHM_SMINET_HEPATITIS_C,2,Multiple registered series are not declared safely additive. The compatibility curve uses one representative series; inspect source_series for every retained definition.,fohm_sminet,Sweden Public Health Agency SmiNet,https://www.folkhalsomyndigheten.se/statistik-och-data/hitta-statistik-och-data/smittsamma-sjukdomar-statistik/,official_html_csv,fohm_sminet,Sweden Public Health Agency SmiNet,https://www.folkhalsomyndigheten.se/statistik-och-data/hitta-statistik-och-data/smittsamma-sjukdomar-statistik/,official_html_csv
disease,D009,hepatitis-c,Hepatitis C,source_series_observation,SE,Sweden,D009,Hepatitis C,丙型肝炎,Viral,2026-08-01,2026-08,41,41,,,,,,SER_SE_FOHM_SMINET_HEPATITIS_C,SER_SE_FOHM_SMINET_HEPATITIS_C,SRC_SE_FOHM_SMINET,Hepatit C,case_notifications,national_notifiable_disease_registry,monthly,count,country:SE:national,all,exact,conditional,non_additive,active,missing_is_unknown,SE_FOHM_SMINET_current,Sweden FHM SmiNet national monthly notification series; Source does not qualify acute or chronic course.,,revised,True,series_registry,representative_series,parity,non_additive_series_not_rolled_up,SER_SE_FOHM_SMINET_HEPATITIS_C,2,Multiple registered series are not declared safely additive. The compatibility curve uses one representative series; inspect source_series for every retained definition.,fohm_sminet,Sweden Public Health Agency SmiNet,https://www.folkhalsomyndigheten.se/statistik-och-data/hitta-statistik-och-data/smittsamma-sjukdomar-statistik/,official_html_csv,fohm_sminet,Sweden Public Health Agency SmiNet,https://www.folkhalsomyndigheten.se/statistik-och-data/hitta-statistik-och-data/smittsamma-sjukdomar-statistik/,official_html_csv
disease,D009,hepatitis-c,Hepatitis C,public_projection,AU,Australia,D009,Hepatitis C,丙型肝炎,Viral,2026-09-01,2026-09,503,503,,,1.8474243452184544,wpp_computed,,SER_AU_HEPATITIS_C_UNSPECIFIED,,,,,,monthly,,,,,,,,,,,,,,mixed,single_series,legacy_gap_fill,,SER_AU_HEPATITIS_C_UNSPECIFIED,1,The public curve is read directly from one registered source series. Registry facts replace matching periods; legacy-only periods are retained as explicit coverage gap fills.,all,Australia NINDSS,https://www.health.gov.au/topics/national-notifiable-diseases-surveillance-system-nndss,microsoft_bi,all,Australia NINDSS,https://www.health.gov.au/topics/national-notifiable-diseases-surveillance-system-nndss,microsoft_bi
disease,D009,hepatitis-c,Hepatitis C,public_projection,AU-ACT,"Australian Capital Territory, Australia",D009,Hepatitis C,丙型肝炎,Viral,2026-09-01,2026-09,13,13,,,2.6548600276105443,abs_computed,,,,,,,,,,,,,,,,,,,,,,legacy_fallback,legacy_fallback,,legacy_identity_may_be_lossy,,0,No eligible registered case-count series facts are available for this disease and country; the public curve uses the legacy flat table.,all,Australia NINDSS — Australian Capital Territory,https://www.cdc.gov.au/resources/apps-and-tools/nndss-data-visualisation-tool,microsoft_bi,all,Australia NINDSS — Australian Capital Territory,https://www.cdc.gov.au/resources/apps-and-tools/nndss-data-visualisation-tool,microsoft_bi
disease,D009,hepatitis-c,Hepatitis C,public_projection,AU-NSW,"New South Wales, Australia",D009,Hepatitis C,丙型肝炎,Viral,2026-09-01,2026-09,71,71,,,0.8189058840694549,abs_computed,,,,,,,,,,,,,,,,,,,,,,legacy_fallback,legacy_fallback,,legacy_identity_may_be_lossy,,0,No eligible registered case-count series facts are available for this disease and country; the public curve uses the legacy flat table.,all,Australia NINDSS — New South Wales,https://www.cdc.gov.au/resources/apps-and-tools/nndss-data-visualisation-tool,microsoft_bi,all,Australia NINDSS — New South Wales,https://www.cdc.gov.au/resources/apps-and-tools/nndss-data-visualisation-tool,microsoft_bi
disease,D009,hepatitis-c,Hepatitis C,public_projection,AU-NT,"Northern Territory, Australia",D009,Hepatitis C,丙型肝炎,Viral,2026-09-01,2026-09,0,0,,,0.0,abs_computed,,,,,,,,,,,,,,,,,,,,,,legacy_fallback,legacy_fallback,,legacy_identity_may_be_lossy,,0,No eligible registered case-count series facts are available for this disease and country; the public curve uses the legacy flat table.,all,Australia NINDSS — Northern Territory,https://www.cdc.gov.au/resources/apps-and-tools/nndss-data-visualisation-tool,microsoft_bi,all,Australia NINDSS — Northern Territory,https://www.cdc.gov.au/resources/apps-and-tools/nndss-data-visualisation-tool,microsoft_bi
disease,D009,hepatitis-c,Hepatitis C,public_projection,AU-QLD,"Queensland, Australia",D009,Hepatitis C,丙型肝炎,Viral,2026-09-01,2026-09,212,212,,,3.693726640881435,abs_computed,,,,,,,,,,,,,,,,,,,,,,legacy_fallback,legacy_fallback,,legacy_identity_may_be_lossy,,0,No eligible registered case-count series facts are available for this disease and country; the public curve uses the legacy flat table.,all,Australia NINDSS — Queensland,https://www.cdc.gov.au/resources/apps-and-tools/nndss-data-visualisation-tool,microsoft_bi,all,Australia NINDSS — Queensland,https://www.cdc.gov.au/resources/apps-and-tools/nndss-data-visualisation-tool,microsoft_bi
disease,D009,hepatitis-c,Hepatitis C,public_projection,AU-SA,"South Australia, Australia",D009,Hepatitis C,丙型肝炎,Viral,2026-09-01,2026-09,9,9,,,0.4695237359899334,abs_computed,,,,,,,,,,,,,,,,,,,,,,legacy_fallback,legacy_fallback,,legacy_identity_may_be_lossy,,0,No eligible registered case-count series facts are available for this disease and country; the public curve uses the legacy flat table.,all,Australia NINDSS — South Australia,https://www.cdc.gov.au/resources/apps-and-tools/nndss-data-visualisation-tool,microsoft_bi,all,Australia NINDSS — South Australia,https://www.cdc.gov.au/resources/apps-and-tools/nndss-data-visualisation-tool,microsoft_bi
disease,D009,hepatitis-c,Hepatitis C,public_projection,AU-TAS,"Tasmania, Australia",D009,Hepatitis C,丙型肝炎,Viral,2026-09-01,2026-09,,,,,,missing_population,,,,,,,,,,,,,,,,,,,,,,legacy_fallback,legacy_fallback,,legacy_identity_may_be_lossy,,0,No eligible registered case-count series facts are available for this disease and country; the public curve uses the legacy flat table.,all,Australia NINDSS — Tasmania,https://www.cdc.gov.au/resources/apps-and-tools/nndss-data-visualisation-tool,microsoft_bi,all,Australia NINDSS — Tasmania,https://www.cdc.gov.au/resources/apps-and-tools/nndss-data-visualisation-tool,microsoft_bi
disease,D009,hepatitis-c,Hepatitis C,public_projection,AU-VIC,"Victoria, Australia",D009,Hepatitis C,丙型肝炎,Viral,2026-09-01,2026-09,73,73,,,1.0203766419852,abs_computed,,,,,,,,,,,,,,,,,,,,,,legacy_fallback,legacy_fallback,,legacy_identity_may_be_lossy,,0,No eligible registered case-count series facts are available for this disease and country; the public curve uses the legacy flat table.,all,Australia NINDSS — Victoria,https://www.cdc.gov.au/resources/apps-and-tools/nndss-data-visualisation-tool,microsoft_bi,all,Australia NINDSS — Victoria,https://www.cdc.gov.au/resources/apps-and-tools/nndss-data-visualisation-tool,microsoft_bi
disease,D009,hepatitis-c,Hepatitis C,public_projection,AU-WA,"Western Australia, Australia",D009,Hepatitis C,丙型肝炎,Viral,2026-09-01,2026-09,127,127,,,4.101773064076155,abs_computed,,,,,,,,,,,,,,,,,,,,,,legacy_fallback,legacy_fallback,,legacy_identity_may_be_lossy,,0,No eligible registered case-count series facts are available for this disease and country; the public curve uses the legacy flat table.,all,Australia NINDSS — Western Australia,https://www.cdc.gov.au/resources/apps-and-tools/nndss-data-visualisation-tool,microsoft_bi,all,Australia NINDSS — Western Australia,https://www.cdc.gov.au/resources/apps-and-tools/nndss-data-visualisation-tool,microsoft_bi
disease,D009,hepatitis-c,Hepatitis C,public_projection,FI,Finland,D009,Hepatitis C,丙型肝炎,Viral,2026-09-01,2026-09,81,81,,,1.4408354283999514,wpp_computed,,SER_FI_THL_TTR_703,,,,,,monthly,,,,,,,,,,,,,,series_registry,representative_series,legacy_gap_fill_blocked_incompatible,non_additive_series_not_rolled_up,SER_FI_THL_TTR_703,2,Multiple registered series are not declared safely additive. The compatibility curve uses one representative series; inspect source_series for every retained definition. Legacy rows with a different reporting grain or comparison basis were not joined to this curve.,thl_ttr,Finland THL Infectious Diseases Register,https://sampo.thl.fi/pivot/prod/en/ttr/cases/fact_ttr_cases,cube_csv,thl_ttr,Finland THL Infectious Diseases Register,https://sampo.thl.fi/pivot/prod/en/ttr/cases/fact_ttr_cases,cube_csv
disease,D009,hepatitis-c,Hepatitis C,source_series_observation,FI,Finland,D009,Hepatitis C,丙型肝炎,Viral,2026-09-01,2026-09,81,81,,,,,,SER_FI_THL_TTR_703,SER_FI_THL_TTR_703,SRC_FI_THL_TTR,Hepatitis C,case_notifications,national_notifiable_disease_registry,monthly,count,country:FI:national,all,exact,conditional,non_additive,active,missing_is_unknown,FI_THL_TTR_reporting_group,Finland THL national monthly notification series; Source does not qualify acute/chronic course.,,provisional; raw,True,series_registry,representative_series,legacy_gap_fill_blocked_incompatible,non_additive_series_not_rolled_up,SER_FI_THL_TTR_703,2,Multiple registered series are not declared safely additive. The compatibility curve uses one representative series; inspect source_series for every retained definition. Legacy rows with a different reporting grain or comparison basis were not joined to this curve.,thl_ttr,Finland THL Infectious Diseases Register,https://sampo.thl.fi/pivot/prod/en/ttr/cases/fact_ttr_cases,cube_csv,thl_ttr,Finland THL Infectious Diseases Register,https://sampo.thl.fi/pivot/prod/en/ttr/cases/fact_ttr_cases,cube_csv
disease,D009,hepatitis-c,Hepatitis C,public_projection,KR,South Korea,D009,Hepatitis C,丙型肝炎,Viral,2026-09-01,2026-09,398,398,,,0.7713120296692343,wpp_computed,,,,,,,,,,,,,,,,,,,,,,legacy_fallback,legacy_fallback,,legacy_identity_may_be_lossy,,0,No eligible registered case-count series facts are available for this disease and country; the public curve uses the legacy flat table.,kdca_open_api,Korea KDCA EID,https://www.data.go.kr/data/15139178/openapi.do,open_api_or_portal_download,kdca_open_api,Korea KDCA EID,https://www.data.go.kr/data/15139178/openapi.do,open_api_or_portal_download
disease,D009,hepatitis-c,Hepatitis C,public_projection,NO,Norway,D009,Hepatitis C,丙型肝炎,Viral,2026-09-01,2026-09,22,22,,,0.38917468167501135,wpp_computed,,SER_NO_FHI_203_MONTHLY,,,,,,monthly,,,,,,,,,,,,,,series_registry,representative_series,parity,non_additive_series_not_rolled_up,SER_NO_FHI_203_MONTHLY,2,Multiple registered series are not declared safely additive. The compatibility curve uses one representative series; inspect source_series for every retained definition.,fhi_msis,Norway FHI MSIS Statistics Bank,https://allvis.fhi.no/msis,official_json_api,fhi_msis,Norway FHI MSIS Statistics Bank,https://allvis.fhi.no/msis,official_json_api
disease,D009,hepatitis-c,Hepatitis C,source_series_observation,NO,Norway,D009,Hepatitis C,丙型肝炎,Viral,2026-09-01,2026-09,22,22,,,,,,SER_NO_FHI_203_MONTHLY,SER_NO_FHI_203_MONTHLY,SRC_NO_FHI_MSIS,Hepatitt C,case_notifications,national_notifiable_disease_registry,monthly,count,country:NO:national,all,exact,conditional,non_additive,active,missing_is_unknown,NO_FHI_MSIS_diagnosis_monthly,Norway FHI MSIS national monthly diagnosis series; FHI MSIS clinical course not specified.,,raw; revised,True,series_registry,representative_series,parity,non_additive_series_not_rolled_up,SER_NO_FHI_203_MONTHLY,2,Multiple registered series are not declared safely additive. The compatibility curve uses one representative series; inspect source_series for every retained definition.,fhi_msis,Norway FHI MSIS Statistics Bank,https://allvis.fhi.no/msis,official_json_api,fhi_msis,Norway FHI MSIS Statistics Bank,https://allvis.fhi.no/msis,official_json_api
disease,D009,hepatitis-c,Hepatitis C,public_projection,FI,Finland,D009,Hepatitis C,丙型肝炎,Viral,2026-10-01,2026-10,2,2,,,0.03557618341728275,wpp_computed,,SER_FI_THL_TTR_703,,,,,,monthly,,,,,,,,,,,,,,series_registry,representative_series,legacy_gap_fill_blocked_incompatible,non_additive_series_not_rolled_up,SER_FI_THL_TTR_703,2,Multiple registered series are not declared safely additive. The compatibility curve uses one representative series; inspect source_series for every retained definition. Legacy rows with a different reporting grain or comparison basis were not joined to this curve.,thl_ttr,Finland THL Infectious Diseases Register,https://sampo.thl.fi/pivot/prod/en/ttr/cases/fact_ttr_cases,cube_csv,thl_ttr,Finland THL Infectious Diseases Register,https://sampo.thl.fi/pivot/prod/en/ttr/cases/fact_ttr_cases,cube_csv
disease,D009,hepatitis-c,Hepatitis C,source_series_observation,FI,Finland,D009,Hepatitis C,丙型肝炎,Viral,2026-10-01,2026-10,2,2,,,,,,SER_FI_THL_TTR_703,SER_FI_THL_TTR_703,SRC_FI_THL_TTR,Hepatitis C,case_notifications,national_notifiable_disease_registry,monthly,count,country:FI:national,all,exact,conditional,non_additive,active,missing_is_unknown,FI_THL_TTR_reporting_group,Finland THL national monthly notification series; Source does not qualify acute/chronic course.,,provisional; raw,True,series_registry,representative_series,legacy_gap_fill_blocked_incompatible,non_additive_series_not_rolled_up,SER_FI_THL_TTR_703,2,Multiple registered series are not declared safely additive. The compatibility curve uses one representative series; inspect source_series for every retained definition. Legacy rows with a different reporting grain or comparison basis were not joined to this curve.,thl_ttr,Finland THL Infectious Diseases Register,https://sampo.thl.fi/pivot/prod/en/ttr/cases/fact_ttr_cases,cube_csv,thl_ttr,Finland THL Infectious Diseases Register,https://sampo.thl.fi/pivot/prod/en/ttr/cases/fact_ttr_cases,cube_csv
disease,D009,hepatitis-c,Hepatitis C,public_projection,KR,South Korea,D009,Hepatitis C,丙型肝炎,Viral,2026-10-01,2026-10,37,37,,,0.0717048871803057,wpp_computed,,,,,,,,,,,,,,,,,,,,,,legacy_fallback,legacy_fallback,,legacy_identity_may_be_lossy,,0,No eligible registered case-count series facts are available for this disease and country; the public curve uses the legacy flat table.,kdca_open_api,Korea KDCA EID,https://www.data.go.kr/data/15139178/openapi.do,open_api_or_portal_download,kdca_open_api,Korea KDCA EID,https://www.data.go.kr/data/15139178/openapi.do,open_api_or_portal_download
