dataset_kind,dataset_id,dataset_slug,dataset_name,country_code,country_name,disease_id,disease_name_en,disease_name_zh,category,date,year_month,cases,weekly_equiv_cases,deaths,incidence_rate_per_100k,incidence_rate_source,mortality_rate,coverage_start,coverage_end,generated_at,primary_source_scope,primary_source_label,primary_source_url,primary_source_type,source_scopes,source_labels,source_urls,source_types,data_layer,projection_policy,series_codes,loss_risk,coverage_status,legacy_gap_fill_count,coverage_ratio_against_legacy
disease,D165,amebiasis,Amebiasis,HK,"Hong Kong, China",D165,Amebiasis,阿米巴病,Parasitic,1997-01-01,1997-01,2,0.45161290322580644,0,,missing_population,,1997-01-01,2026-06-01,2026-08-01T00:00:00+00:00,chp_notifiable,"Hong Kong, China CHP Notifiable Diseases",https://www.chp.gov.hk/en/static/24012.html,open_data_csv,chp_notifiable,"Hong Kong, China CHP Notifiable Diseases",https://www.chp.gov.hk/en/static/24012.html,open_data_csv,legacy_fallback,legacy_fallback,,legacy_identity_may_be_lossy,,0,
disease,D165,amebiasis,Amebiasis,HK,"Hong Kong, China",D165,Amebiasis,阿米巴病,Parasitic,1997-02-01,1997-02,0,0.0,0,,missing_population,,1997-01-01,2026-06-01,2026-08-01T00:00:00+00:00,chp_notifiable,"Hong Kong, China CHP Notifiable Diseases",https://www.chp.gov.hk/en/static/24012.html,open_data_csv,chp_notifiable,"Hong Kong, China CHP Notifiable Diseases",https://www.chp.gov.hk/en/static/24012.html,open_data_csv,legacy_fallback,legacy_fallback,,legacy_identity_may_be_lossy,,0,
disease,D165,amebiasis,Amebiasis,HK,"Hong Kong, China",D165,Amebiasis,阿米巴病,Parasitic,1997-03-01,1997-03,2,0.5,0,,missing_population,,1997-01-01,2026-06-01,2026-08-01T00:00:00+00:00,chp_notifiable,"Hong Kong, China CHP Notifiable Diseases",https://www.chp.gov.hk/en/static/24012.html,open_data_csv,chp_notifiable,"Hong Kong, China CHP Notifiable Diseases",https://www.chp.gov.hk/en/static/24012.html,open_data_csv,legacy_fallback,legacy_fallback,,legacy_identity_may_be_lossy,,0,
disease,D165,amebiasis,Amebiasis,HK,"Hong Kong, China",D165,Amebiasis,阿米巴病,Parasitic,1997-04-01,1997-04,1,0.22580645161290322,0,,missing_population,,1997-01-01,2026-06-01,2026-08-01T00:00:00+00:00,chp_notifiable,"Hong Kong, China CHP Notifiable Diseases",https://www.chp.gov.hk/en/static/24012.html,open_data_csv,chp_notifiable,"Hong Kong, China CHP Notifiable Diseases",https://www.chp.gov.hk/en/static/24012.html,open_data_csv,legacy_fallback,legacy_fallback,,legacy_identity_may_be_lossy,,0,
disease,D165,amebiasis,Amebiasis,HK,"Hong Kong, China",D165,Amebiasis,阿米巴病,Parasitic,1997-05-01,1997-05,1,0.23333333333333334,0,,missing_population,,1997-01-01,2026-06-01,2026-08-01T00:00:00+00:00,chp_notifiable,"Hong Kong, China CHP Notifiable Diseases",https://www.chp.gov.hk/en/static/24012.html,open_data_csv,chp_notifiable,"Hong Kong, China CHP Notifiable Diseases",https://www.chp.gov.hk/en/static/24012.html,open_data_csv,legacy_fallback,legacy_fallback,,legacy_identity_may_be_lossy,,0,
disease,D165,amebiasis,Amebiasis,HK,"Hong Kong, China",D165,Amebiasis,阿米巴病,Parasitic,1997-06-01,1997-06,0,0.0,0,,missing_population,,1997-01-01,2026-06-01,2026-08-01T00:00:00+00:00,chp_notifiable,"Hong Kong, China CHP Notifiable Diseases",https://www.chp.gov.hk/en/static/24012.html,open_data_csv,chp_notifiable,"Hong Kong, China CHP Notifiable Diseases",https://www.chp.gov.hk/en/static/24012.html,open_data_csv,legacy_fallback,legacy_fallback,,legacy_identity_may_be_lossy,,0,
disease,D165,amebiasis,Amebiasis,HK,"Hong Kong, China",D165,Amebiasis,阿米巴病,Parasitic,1997-07-01,1997-07,2,0.4666666666666667,0,,missing_population,,1997-01-01,2026-06-01,2026-08-01T00:00:00+00:00,chp_notifiable,"Hong Kong, China CHP Notifiable Diseases",https://www.chp.gov.hk/en/static/24012.html,open_data_csv,chp_notifiable,"Hong Kong, China CHP Notifiable Diseases",https://www.chp.gov.hk/en/static/24012.html,open_data_csv,legacy_fallback,legacy_fallback,,legacy_identity_may_be_lossy,,0,
disease,D165,amebiasis,Amebiasis,HK,"Hong Kong, China",D165,Amebiasis,阿米巴病,Parasitic,1997-08-01,1997-08,0,0.0,0,,missing_population,,1997-01-01,2026-06-01,2026-08-01T00:00:00+00:00,chp_notifiable,"Hong Kong, China CHP Notifiable Diseases",https://www.chp.gov.hk/en/static/24012.html,open_data_csv,chp_notifiable,"Hong Kong, China CHP Notifiable Diseases",https://www.chp.gov.hk/en/static/24012.html,open_data_csv,legacy_fallback,legacy_fallback,,legacy_identity_may_be_lossy,,0,
disease,D165,amebiasis,Amebiasis,HK,"Hong Kong, China",D165,Amebiasis,阿米巴病,Parasitic,1997-09-01,1997-09,0,0.0,0,,missing_population,,1997-01-01,2026-06-01,2026-08-01T00:00:00+00:00,chp_notifiable,"Hong Kong, China CHP Notifiable Diseases",https://www.chp.gov.hk/en/static/24012.html,open_data_csv,chp_notifiable,"Hong Kong, China CHP Notifiable Diseases",https://www.chp.gov.hk/en/static/24012.html,open_data_csv,legacy_fallback,legacy_fallback,,legacy_identity_may_be_lossy,,0,
disease,D165,amebiasis,Amebiasis,HK,"Hong Kong, China",D165,Amebiasis,阿米巴病,Parasitic,1997-10-01,1997-10,3,0.7000000000000001,0,,missing_population,,1997-01-01,2026-06-01,2026-08-01T00:00:00+00:00,chp_notifiable,"Hong Kong, China CHP Notifiable Diseases",https://www.chp.gov.hk/en/static/24012.html,open_data_csv,chp_notifiable,"Hong Kong, China CHP Notifiable Diseases",https://www.chp.gov.hk/en/static/24012.html,open_data_csv,legacy_fallback,legacy_fallback,,legacy_identity_may_be_lossy,,0,
disease,D165,amebiasis,Amebiasis,HK,"Hong Kong, China",D165,Amebiasis,阿米巴病,Parasitic,1997-11-01,1997-11,0,0.0,0,,missing_population,,1997-01-01,2026-06-01,2026-08-01T00:00:00+00:00,chp_notifiable,"Hong Kong, China CHP Notifiable Diseases",https://www.chp.gov.hk/en/static/24012.html,open_data_csv,chp_notifiable,"Hong Kong, China CHP Notifiable Diseases",https://www.chp.gov.hk/en/static/24012.html,open_data_csv,legacy_fallback,legacy_fallback,,legacy_identity_may_be_lossy,,0,
disease,D165,amebiasis,Amebiasis,HK,"Hong Kong, China",D165,Amebiasis,阿米巴病,Parasitic,1997-12-01,1997-12,1,0.23333333333333334,0,,missing_population,,1997-01-01,2026-06-01,2026-08-01T00:00:00+00:00,chp_notifiable,"Hong Kong, China CHP Notifiable Diseases",https://www.chp.gov.hk/en/static/24012.html,open_data_csv,chp_notifiable,"Hong Kong, China CHP Notifiable Diseases",https://www.chp.gov.hk/en/static/24012.html,open_data_csv,legacy_fallback,legacy_fallback,,legacy_identity_may_be_lossy,,0,
disease,D165,amebiasis,Amebiasis,HK,"Hong Kong, China",D165,Amebiasis,阿米巴病,Parasitic,1998-01-01,1998-01,0,0.0,0,,missing_population,,1997-01-01,2026-06-01,2026-08-01T00:00:00+00:00,chp_notifiable,"Hong Kong, China CHP Notifiable Diseases",https://www.chp.gov.hk/en/static/24012.html,open_data_csv,chp_notifiable,"Hong Kong, China CHP Notifiable Diseases",https://www.chp.gov.hk/en/static/24012.html,open_data_csv,legacy_fallback,legacy_fallback,,legacy_identity_may_be_lossy,,0,
disease,D165,amebiasis,Amebiasis,HK,"Hong Kong, China",D165,Amebiasis,阿米巴病,Parasitic,1998-02-01,1998-02,1,0.22580645161290322,0,,missing_population,,1997-01-01,2026-06-01,2026-08-01T00:00:00+00:00,chp_notifiable,"Hong Kong, China CHP Notifiable Diseases",https://www.chp.gov.hk/en/static/24012.html,open_data_csv,chp_notifiable,"Hong Kong, China CHP Notifiable Diseases",https://www.chp.gov.hk/en/static/24012.html,open_data_csv,legacy_fallback,legacy_fallback,,legacy_identity_may_be_lossy,,0,
disease,D165,amebiasis,Amebiasis,HK,"Hong Kong, China",D165,Amebiasis,阿米巴病,Parasitic,1998-03-01,1998-03,1,0.25,0,,missing_population,,1997-01-01,2026-06-01,2026-08-01T00:00:00+00:00,chp_notifiable,"Hong Kong, China CHP Notifiable Diseases",https://www.chp.gov.hk/en/static/24012.html,open_data_csv,chp_notifiable,"Hong Kong, China CHP Notifiable Diseases",https://www.chp.gov.hk/en/static/24012.html,open_data_csv,legacy_fallback,legacy_fallback,,legacy_identity_may_be_lossy,,0,
disease,D165,amebiasis,Amebiasis,HK,"Hong Kong, China",D165,Amebiasis,阿米巴病,Parasitic,1998-04-01,1998-04,1,0.22580645161290322,0,,missing_population,,1997-01-01,2026-06-01,2026-08-01T00:00:00+00:00,chp_notifiable,"Hong Kong, China CHP Notifiable Diseases",https://www.chp.gov.hk/en/static/24012.html,open_data_csv,chp_notifiable,"Hong Kong, China CHP Notifiable Diseases",https://www.chp.gov.hk/en/static/24012.html,open_data_csv,legacy_fallback,legacy_fallback,,legacy_identity_may_be_lossy,,0,
disease,D165,amebiasis,Amebiasis,HK,"Hong Kong, China",D165,Amebiasis,阿米巴病,Parasitic,1998-05-01,1998-05,0,0.0,0,,missing_population,,1997-01-01,2026-06-01,2026-08-01T00:00:00+00:00,chp_notifiable,"Hong Kong, China CHP Notifiable Diseases",https://www.chp.gov.hk/en/static/24012.html,open_data_csv,chp_notifiable,"Hong Kong, China CHP Notifiable Diseases",https://www.chp.gov.hk/en/static/24012.html,open_data_csv,legacy_fallback,legacy_fallback,,legacy_identity_may_be_lossy,,0,
disease,D165,amebiasis,Amebiasis,HK,"Hong Kong, China",D165,Amebiasis,阿米巴病,Parasitic,1998-06-01,1998-06,0,0.0,0,,missing_population,,1997-01-01,2026-06-01,2026-08-01T00:00:00+00:00,chp_notifiable,"Hong Kong, China CHP Notifiable Diseases",https://www.chp.gov.hk/en/static/24012.html,open_data_csv,chp_notifiable,"Hong Kong, China CHP Notifiable Diseases",https://www.chp.gov.hk/en/static/24012.html,open_data_csv,legacy_fallback,legacy_fallback,,legacy_identity_may_be_lossy,,0,
disease,D165,amebiasis,Amebiasis,HK,"Hong Kong, China",D165,Amebiasis,阿米巴病,Parasitic,1998-07-01,1998-07,0,0.0,0,,missing_population,,1997-01-01,2026-06-01,2026-08-01T00:00:00+00:00,chp_notifiable,"Hong Kong, China CHP Notifiable Diseases",https://www.chp.gov.hk/en/static/24012.html,open_data_csv,chp_notifiable,"Hong Kong, China CHP Notifiable Diseases",https://www.chp.gov.hk/en/static/24012.html,open_data_csv,legacy_fallback,legacy_fallback,,legacy_identity_may_be_lossy,,0,
disease,D165,amebiasis,Amebiasis,HK,"Hong Kong, China",D165,Amebiasis,阿米巴病,Parasitic,1998-08-01,1998-08,0,0.0,0,,missing_population,,1997-01-01,2026-06-01,2026-08-01T00:00:00+00:00,chp_notifiable,"Hong Kong, China CHP Notifiable Diseases",https://www.chp.gov.hk/en/static/24012.html,open_data_csv,chp_notifiable,"Hong Kong, China CHP Notifiable Diseases",https://www.chp.gov.hk/en/static/24012.html,open_data_csv,legacy_fallback,legacy_fallback,,legacy_identity_may_be_lossy,,0,
disease,D165,amebiasis,Amebiasis,HK,"Hong Kong, China",D165,Amebiasis,阿米巴病,Parasitic,1998-09-01,1998-09,0,0.0,0,,missing_population,,1997-01-01,2026-06-01,2026-08-01T00:00:00+00:00,chp_notifiable,"Hong Kong, China CHP Notifiable Diseases",https://www.chp.gov.hk/en/static/24012.html,open_data_csv,chp_notifiable,"Hong Kong, China CHP Notifiable Diseases",https://www.chp.gov.hk/en/static/24012.html,open_data_csv,legacy_fallback,legacy_fallback,,legacy_identity_may_be_lossy,,0,
disease,D165,amebiasis,Amebiasis,HK,"Hong Kong, China",D165,Amebiasis,阿米巴病,Parasitic,1998-10-01,1998-10,0,0.0,0,,missing_population,,1997-01-01,2026-06-01,2026-08-01T00:00:00+00:00,chp_notifiable,"Hong Kong, China CHP Notifiable Diseases",https://www.chp.gov.hk/en/static/24012.html,open_data_csv,chp_notifiable,"Hong Kong, China CHP Notifiable Diseases",https://www.chp.gov.hk/en/static/24012.html,open_data_csv,legacy_fallback,legacy_fallback,,legacy_identity_may_be_lossy,,0,
disease,D165,amebiasis,Amebiasis,HK,"Hong Kong, China",D165,Amebiasis,阿米巴病,Parasitic,1998-11-01,1998-11,0,0.0,0,,missing_population,,1997-01-01,2026-06-01,2026-08-01T00:00:00+00:00,chp_notifiable,"Hong Kong, China CHP Notifiable Diseases",https://www.chp.gov.hk/en/static/24012.html,open_data_csv,chp_notifiable,"Hong Kong, China CHP Notifiable Diseases",https://www.chp.gov.hk/en/static/24012.html,open_data_csv,legacy_fallback,legacy_fallback,,legacy_identity_may_be_lossy,,0,
disease,D165,amebiasis,Amebiasis,HK,"Hong Kong, China",D165,Amebiasis,阿米巴病,Parasitic,1998-12-01,1998-12,0,0.0,0,,missing_population,,1997-01-01,2026-06-01,2026-08-01T00:00:00+00:00,chp_notifiable,"Hong Kong, China CHP Notifiable Diseases",https://www.chp.gov.hk/en/static/24012.html,open_data_csv,chp_notifiable,"Hong Kong, China CHP Notifiable Diseases",https://www.chp.gov.hk/en/static/24012.html,open_data_csv,legacy_fallback,legacy_fallback,,legacy_identity_may_be_lossy,,0,
disease,D165,amebiasis,Amebiasis,HK,"Hong Kong, China",D165,Amebiasis,阿米巴病,Parasitic,1999-01-01,1999-01,0,0.0,0,,missing_population,,1997-01-01,2026-06-01,2026-08-01T00:00:00+00:00,chp_notifiable,"Hong Kong, China CHP Notifiable Diseases",https://www.chp.gov.hk/en/static/24012.html,open_data_csv,chp_notifiable,"Hong Kong, China CHP Notifiable Diseases",https://www.chp.gov.hk/en/static/24012.html,open_data_csv,legacy_fallback,legacy_fallback,,legacy_identity_may_be_lossy,,0,
disease,D165,amebiasis,Amebiasis,HK,"Hong Kong, China",D165,Amebiasis,阿米巴病,Parasitic,1999-02-01,1999-02,0,0.0,0,,missing_population,,1997-01-01,2026-06-01,2026-08-01T00:00:00+00:00,chp_notifiable,"Hong Kong, China CHP Notifiable Diseases",https://www.chp.gov.hk/en/static/24012.html,open_data_csv,chp_notifiable,"Hong Kong, China CHP Notifiable Diseases",https://www.chp.gov.hk/en/static/24012.html,open_data_csv,legacy_fallback,legacy_fallback,,legacy_identity_may_be_lossy,,0,
disease,D165,amebiasis,Amebiasis,HK,"Hong Kong, China",D165,Amebiasis,阿米巴病,Parasitic,1999-03-01,1999-03,0,0.0,0,,missing_population,,1997-01-01,2026-06-01,2026-08-01T00:00:00+00:00,chp_notifiable,"Hong Kong, China CHP Notifiable Diseases",https://www.chp.gov.hk/en/static/24012.html,open_data_csv,chp_notifiable,"Hong Kong, China CHP Notifiable Diseases",https://www.chp.gov.hk/en/static/24012.html,open_data_csv,legacy_fallback,legacy_fallback,,legacy_identity_may_be_lossy,,0,
disease,D165,amebiasis,Amebiasis,HK,"Hong Kong, China",D165,Amebiasis,阿米巴病,Parasitic,1999-04-01,1999-04,1,0.22580645161290322,0,,missing_population,,1997-01-01,2026-06-01,2026-08-01T00:00:00+00:00,chp_notifiable,"Hong Kong, China CHP Notifiable Diseases",https://www.chp.gov.hk/en/static/24012.html,open_data_csv,chp_notifiable,"Hong Kong, China CHP Notifiable Diseases",https://www.chp.gov.hk/en/static/24012.html,open_data_csv,legacy_fallback,legacy_fallback,,legacy_identity_may_be_lossy,,0,
disease,D165,amebiasis,Amebiasis,HK,"Hong Kong, China",D165,Amebiasis,阿米巴病,Parasitic,1999-05-01,1999-05,0,0.0,0,,missing_population,,1997-01-01,2026-06-01,2026-08-01T00:00:00+00:00,chp_notifiable,"Hong Kong, China CHP Notifiable Diseases",https://www.chp.gov.hk/en/static/24012.html,open_data_csv,chp_notifiable,"Hong Kong, China CHP Notifiable Diseases",https://www.chp.gov.hk/en/static/24012.html,open_data_csv,legacy_fallback,legacy_fallback,,legacy_identity_may_be_lossy,,0,
disease,D165,amebiasis,Amebiasis,HK,"Hong Kong, China",D165,Amebiasis,阿米巴病,Parasitic,1999-06-01,1999-06,0,0.0,0,,missing_population,,1997-01-01,2026-06-01,2026-08-01T00:00:00+00:00,chp_notifiable,"Hong Kong, China CHP Notifiable Diseases",https://www.chp.gov.hk/en/static/24012.html,open_data_csv,chp_notifiable,"Hong Kong, China CHP Notifiable Diseases",https://www.chp.gov.hk/en/static/24012.html,open_data_csv,legacy_fallback,legacy_fallback,,legacy_identity_may_be_lossy,,0,
disease,D165,amebiasis,Amebiasis,HK,"Hong Kong, China",D165,Amebiasis,阿米巴病,Parasitic,1999-07-01,1999-07,0,0.0,0,,missing_population,,1997-01-01,2026-06-01,2026-08-01T00:00:00+00:00,chp_notifiable,"Hong Kong, China CHP Notifiable Diseases",https://www.chp.gov.hk/en/static/24012.html,open_data_csv,chp_notifiable,"Hong Kong, China CHP Notifiable Diseases",https://www.chp.gov.hk/en/static/24012.html,open_data_csv,legacy_fallback,legacy_fallback,,legacy_identity_may_be_lossy,,0,
disease,D165,amebiasis,Amebiasis,HK,"Hong Kong, China",D165,Amebiasis,阿米巴病,Parasitic,1999-08-01,1999-08,0,0.0,0,,missing_population,,1997-01-01,2026-06-01,2026-08-01T00:00:00+00:00,chp_notifiable,"Hong Kong, China CHP Notifiable Diseases",https://www.chp.gov.hk/en/static/24012.html,open_data_csv,chp_notifiable,"Hong Kong, China CHP Notifiable Diseases",https://www.chp.gov.hk/en/static/24012.html,open_data_csv,legacy_fallback,legacy_fallback,,legacy_identity_may_be_lossy,,0,
disease,D165,amebiasis,Amebiasis,HK,"Hong Kong, China",D165,Amebiasis,阿米巴病,Parasitic,1999-09-01,1999-09,0,0.0,0,,missing_population,,1997-01-01,2026-06-01,2026-08-01T00:00:00+00:00,chp_notifiable,"Hong Kong, China CHP Notifiable Diseases",https://www.chp.gov.hk/en/static/24012.html,open_data_csv,chp_notifiable,"Hong Kong, China CHP Notifiable Diseases",https://www.chp.gov.hk/en/static/24012.html,open_data_csv,legacy_fallback,legacy_fallback,,legacy_identity_may_be_lossy,,0,
disease,D165,amebiasis,Amebiasis,HK,"Hong Kong, China",D165,Amebiasis,阿米巴病,Parasitic,1999-10-01,1999-10,1,0.23333333333333334,0,,missing_population,,1997-01-01,2026-06-01,2026-08-01T00:00:00+00:00,chp_notifiable,"Hong Kong, China CHP Notifiable Diseases",https://www.chp.gov.hk/en/static/24012.html,open_data_csv,chp_notifiable,"Hong Kong, China CHP Notifiable Diseases",https://www.chp.gov.hk/en/static/24012.html,open_data_csv,legacy_fallback,legacy_fallback,,legacy_identity_may_be_lossy,,0,
disease,D165,amebiasis,Amebiasis,HK,"Hong Kong, China",D165,Amebiasis,阿米巴病,Parasitic,1999-11-01,1999-11,1,0.22580645161290322,0,,missing_population,,1997-01-01,2026-06-01,2026-08-01T00:00:00+00:00,chp_notifiable,"Hong Kong, China CHP Notifiable Diseases",https://www.chp.gov.hk/en/static/24012.html,open_data_csv,chp_notifiable,"Hong Kong, China CHP Notifiable Diseases",https://www.chp.gov.hk/en/static/24012.html,open_data_csv,legacy_fallback,legacy_fallback,,legacy_identity_may_be_lossy,,0,
disease,D165,amebiasis,Amebiasis,HK,"Hong Kong, China",D165,Amebiasis,阿米巴病,Parasitic,1999-12-01,1999-12,0,0.0,0,,missing_population,,1997-01-01,2026-06-01,2026-08-01T00:00:00+00:00,chp_notifiable,"Hong Kong, China CHP Notifiable Diseases",https://www.chp.gov.hk/en/static/24012.html,open_data_csv,chp_notifiable,"Hong Kong, China CHP Notifiable Diseases",https://www.chp.gov.hk/en/static/24012.html,open_data_csv,legacy_fallback,legacy_fallback,,legacy_identity_may_be_lossy,,0,
disease,D165,amebiasis,Amebiasis,HK,"Hong Kong, China",D165,Amebiasis,阿米巴病,Parasitic,2000-01-01,2000-01,0,0.0,0,,missing_population,,1997-01-01,2026-06-01,2026-08-01T00:00:00+00:00,chp_notifiable,"Hong Kong, China CHP Notifiable Diseases",https://www.chp.gov.hk/en/static/24012.html,open_data_csv,chp_notifiable,"Hong Kong, China CHP Notifiable Diseases",https://www.chp.gov.hk/en/static/24012.html,open_data_csv,legacy_fallback,legacy_fallback,,legacy_identity_may_be_lossy,,0,
disease,D165,amebiasis,Amebiasis,HK,"Hong Kong, China",D165,Amebiasis,阿米巴病,Parasitic,2000-02-01,2000-02,0,0.0,0,,missing_population,,1997-01-01,2026-06-01,2026-08-01T00:00:00+00:00,chp_notifiable,"Hong Kong, China CHP Notifiable Diseases",https://www.chp.gov.hk/en/static/24012.html,open_data_csv,chp_notifiable,"Hong Kong, China CHP Notifiable Diseases",https://www.chp.gov.hk/en/static/24012.html,open_data_csv,legacy_fallback,legacy_fallback,,legacy_identity_may_be_lossy,,0,
disease,D165,amebiasis,Amebiasis,HK,"Hong Kong, China",D165,Amebiasis,阿米巴病,Parasitic,2000-03-01,2000-03,0,0.0,0,,missing_population,,1997-01-01,2026-06-01,2026-08-01T00:00:00+00:00,chp_notifiable,"Hong Kong, China CHP Notifiable Diseases",https://www.chp.gov.hk/en/static/24012.html,open_data_csv,chp_notifiable,"Hong Kong, China CHP Notifiable Diseases",https://www.chp.gov.hk/en/static/24012.html,open_data_csv,legacy_fallback,legacy_fallback,,legacy_identity_may_be_lossy,,0,
disease,D165,amebiasis,Amebiasis,HK,"Hong Kong, China",D165,Amebiasis,阿米巴病,Parasitic,2000-04-01,2000-04,0,0.0,0,,missing_population,,1997-01-01,2026-06-01,2026-08-01T00:00:00+00:00,chp_notifiable,"Hong Kong, China CHP Notifiable Diseases",https://www.chp.gov.hk/en/static/24012.html,open_data_csv,chp_notifiable,"Hong Kong, China CHP Notifiable Diseases",https://www.chp.gov.hk/en/static/24012.html,open_data_csv,legacy_fallback,legacy_fallback,,legacy_identity_may_be_lossy,,0,
disease,D165,amebiasis,Amebiasis,HK,"Hong Kong, China",D165,Amebiasis,阿米巴病,Parasitic,2000-05-01,2000-05,0,0.0,0,,missing_population,,1997-01-01,2026-06-01,2026-08-01T00:00:00+00:00,chp_notifiable,"Hong Kong, China CHP Notifiable Diseases",https://www.chp.gov.hk/en/static/24012.html,open_data_csv,chp_notifiable,"Hong Kong, China CHP Notifiable Diseases",https://www.chp.gov.hk/en/static/24012.html,open_data_csv,legacy_fallback,legacy_fallback,,legacy_identity_may_be_lossy,,0,
disease,D165,amebiasis,Amebiasis,HK,"Hong Kong, China",D165,Amebiasis,阿米巴病,Parasitic,2000-06-01,2000-06,0,0.0,0,,missing_population,,1997-01-01,2026-06-01,2026-08-01T00:00:00+00:00,chp_notifiable,"Hong Kong, China CHP Notifiable Diseases",https://www.chp.gov.hk/en/static/24012.html,open_data_csv,chp_notifiable,"Hong Kong, China CHP Notifiable Diseases",https://www.chp.gov.hk/en/static/24012.html,open_data_csv,legacy_fallback,legacy_fallback,,legacy_identity_may_be_lossy,,0,
disease,D165,amebiasis,Amebiasis,HK,"Hong Kong, China",D165,Amebiasis,阿米巴病,Parasitic,2000-07-01,2000-07,1,0.23333333333333334,0,,missing_population,,1997-01-01,2026-06-01,2026-08-01T00:00:00+00:00,chp_notifiable,"Hong Kong, China CHP Notifiable Diseases",https://www.chp.gov.hk/en/static/24012.html,open_data_csv,chp_notifiable,"Hong Kong, China CHP Notifiable Diseases",https://www.chp.gov.hk/en/static/24012.html,open_data_csv,legacy_fallback,legacy_fallback,,legacy_identity_may_be_lossy,,0,
disease,D165,amebiasis,Amebiasis,HK,"Hong Kong, China",D165,Amebiasis,阿米巴病,Parasitic,2000-08-01,2000-08,0,0.0,0,,missing_population,,1997-01-01,2026-06-01,2026-08-01T00:00:00+00:00,chp_notifiable,"Hong Kong, China CHP Notifiable Diseases",https://www.chp.gov.hk/en/static/24012.html,open_data_csv,chp_notifiable,"Hong Kong, China CHP Notifiable Diseases",https://www.chp.gov.hk/en/static/24012.html,open_data_csv,legacy_fallback,legacy_fallback,,legacy_identity_may_be_lossy,,0,
disease,D165,amebiasis,Amebiasis,HK,"Hong Kong, China",D165,Amebiasis,阿米巴病,Parasitic,2000-09-01,2000-09,0,0.0,0,,missing_population,,1997-01-01,2026-06-01,2026-08-01T00:00:00+00:00,chp_notifiable,"Hong Kong, China CHP Notifiable Diseases",https://www.chp.gov.hk/en/static/24012.html,open_data_csv,chp_notifiable,"Hong Kong, China CHP Notifiable Diseases",https://www.chp.gov.hk/en/static/24012.html,open_data_csv,legacy_fallback,legacy_fallback,,legacy_identity_may_be_lossy,,0,
disease,D165,amebiasis,Amebiasis,HK,"Hong Kong, China",D165,Amebiasis,阿米巴病,Parasitic,2000-10-01,2000-10,0,0.0,0,,missing_population,,1997-01-01,2026-06-01,2026-08-01T00:00:00+00:00,chp_notifiable,"Hong Kong, China CHP Notifiable Diseases",https://www.chp.gov.hk/en/static/24012.html,open_data_csv,chp_notifiable,"Hong Kong, China CHP Notifiable Diseases",https://www.chp.gov.hk/en/static/24012.html,open_data_csv,legacy_fallback,legacy_fallback,,legacy_identity_may_be_lossy,,0,
disease,D165,amebiasis,Amebiasis,HK,"Hong Kong, China",D165,Amebiasis,阿米巴病,Parasitic,2000-11-01,2000-11,2,0.45161290322580644,0,,missing_population,,1997-01-01,2026-06-01,2026-08-01T00:00:00+00:00,chp_notifiable,"Hong Kong, China CHP Notifiable Diseases",https://www.chp.gov.hk/en/static/24012.html,open_data_csv,chp_notifiable,"Hong Kong, China CHP Notifiable Diseases",https://www.chp.gov.hk/en/static/24012.html,open_data_csv,legacy_fallback,legacy_fallback,,legacy_identity_may_be_lossy,,0,
disease,D165,amebiasis,Amebiasis,HK,"Hong Kong, China",D165,Amebiasis,阿米巴病,Parasitic,2000-12-01,2000-12,0,0.0,0,,missing_population,,1997-01-01,2026-06-01,2026-08-01T00:00:00+00:00,chp_notifiable,"Hong Kong, China CHP Notifiable Diseases",https://www.chp.gov.hk/en/static/24012.html,open_data_csv,chp_notifiable,"Hong Kong, China CHP Notifiable Diseases",https://www.chp.gov.hk/en/static/24012.html,open_data_csv,legacy_fallback,legacy_fallback,,legacy_identity_may_be_lossy,,0,
disease,D165,amebiasis,Amebiasis,HK,"Hong Kong, China",D165,Amebiasis,阿米巴病,Parasitic,2001-01-01,2001-01,0,0.0,0,,missing_population,,1997-01-01,2026-06-01,2026-08-01T00:00:00+00:00,chp_notifiable,"Hong Kong, China CHP Notifiable Diseases",https://www.chp.gov.hk/en/static/24012.html,open_data_csv,chp_notifiable,"Hong Kong, China CHP Notifiable Diseases",https://www.chp.gov.hk/en/static/24012.html,open_data_csv,legacy_fallback,legacy_fallback,,legacy_identity_may_be_lossy,,0,
disease,D165,amebiasis,Amebiasis,HK,"Hong Kong, China",D165,Amebiasis,阿米巴病,Parasitic,2001-02-01,2001-02,0,0.0,0,,missing_population,,1997-01-01,2026-06-01,2026-08-01T00:00:00+00:00,chp_notifiable,"Hong Kong, China CHP Notifiable Diseases",https://www.chp.gov.hk/en/static/24012.html,open_data_csv,chp_notifiable,"Hong Kong, China CHP Notifiable Diseases",https://www.chp.gov.hk/en/static/24012.html,open_data_csv,legacy_fallback,legacy_fallback,,legacy_identity_may_be_lossy,,0,
disease,D165,amebiasis,Amebiasis,HK,"Hong Kong, China",D165,Amebiasis,阿米巴病,Parasitic,2001-03-01,2001-03,0,0.0,0,,missing_population,,1997-01-01,2026-06-01,2026-08-01T00:00:00+00:00,chp_notifiable,"Hong Kong, China CHP Notifiable Diseases",https://www.chp.gov.hk/en/static/24012.html,open_data_csv,chp_notifiable,"Hong Kong, China CHP Notifiable Diseases",https://www.chp.gov.hk/en/static/24012.html,open_data_csv,legacy_fallback,legacy_fallback,,legacy_identity_may_be_lossy,,0,
disease,D165,amebiasis,Amebiasis,HK,"Hong Kong, China",D165,Amebiasis,阿米巴病,Parasitic,2001-04-01,2001-04,0,0.0,0,,missing_population,,1997-01-01,2026-06-01,2026-08-01T00:00:00+00:00,chp_notifiable,"Hong Kong, China CHP Notifiable Diseases",https://www.chp.gov.hk/en/static/24012.html,open_data_csv,chp_notifiable,"Hong Kong, China CHP Notifiable Diseases",https://www.chp.gov.hk/en/static/24012.html,open_data_csv,legacy_fallback,legacy_fallback,,legacy_identity_may_be_lossy,,0,
disease,D165,amebiasis,Amebiasis,HK,"Hong Kong, China",D165,Amebiasis,阿米巴病,Parasitic,2001-05-01,2001-05,0,0.0,0,,missing_population,,1997-01-01,2026-06-01,2026-08-01T00:00:00+00:00,chp_notifiable,"Hong Kong, China CHP Notifiable Diseases",https://www.chp.gov.hk/en/static/24012.html,open_data_csv,chp_notifiable,"Hong Kong, China CHP Notifiable Diseases",https://www.chp.gov.hk/en/static/24012.html,open_data_csv,legacy_fallback,legacy_fallback,,legacy_identity_may_be_lossy,,0,
disease,D165,amebiasis,Amebiasis,HK,"Hong Kong, China",D165,Amebiasis,阿米巴病,Parasitic,2001-06-01,2001-06,2,0.45161290322580644,0,,missing_population,,1997-01-01,2026-06-01,2026-08-01T00:00:00+00:00,chp_notifiable,"Hong Kong, China CHP Notifiable Diseases",https://www.chp.gov.hk/en/static/24012.html,open_data_csv,chp_notifiable,"Hong Kong, China CHP Notifiable Diseases",https://www.chp.gov.hk/en/static/24012.html,open_data_csv,legacy_fallback,legacy_fallback,,legacy_identity_may_be_lossy,,0,
disease,D165,amebiasis,Amebiasis,HK,"Hong Kong, China",D165,Amebiasis,阿米巴病,Parasitic,2001-07-01,2001-07,0,0.0,0,,missing_population,,1997-01-01,2026-06-01,2026-08-01T00:00:00+00:00,chp_notifiable,"Hong Kong, China CHP Notifiable Diseases",https://www.chp.gov.hk/en/static/24012.html,open_data_csv,chp_notifiable,"Hong Kong, China CHP Notifiable Diseases",https://www.chp.gov.hk/en/static/24012.html,open_data_csv,legacy_fallback,legacy_fallback,,legacy_identity_may_be_lossy,,0,
disease,D165,amebiasis,Amebiasis,HK,"Hong Kong, China",D165,Amebiasis,阿米巴病,Parasitic,2001-08-01,2001-08,2,0.45161290322580644,0,,missing_population,,1997-01-01,2026-06-01,2026-08-01T00:00:00+00:00,chp_notifiable,"Hong Kong, China CHP Notifiable Diseases",https://www.chp.gov.hk/en/static/24012.html,open_data_csv,chp_notifiable,"Hong Kong, China CHP Notifiable Diseases",https://www.chp.gov.hk/en/static/24012.html,open_data_csv,legacy_fallback,legacy_fallback,,legacy_identity_may_be_lossy,,0,
disease,D165,amebiasis,Amebiasis,HK,"Hong Kong, China",D165,Amebiasis,阿米巴病,Parasitic,2001-09-01,2001-09,1,0.22580645161290322,0,,missing_population,,1997-01-01,2026-06-01,2026-08-01T00:00:00+00:00,chp_notifiable,"Hong Kong, China CHP Notifiable Diseases",https://www.chp.gov.hk/en/static/24012.html,open_data_csv,chp_notifiable,"Hong Kong, China CHP Notifiable Diseases",https://www.chp.gov.hk/en/static/24012.html,open_data_csv,legacy_fallback,legacy_fallback,,legacy_identity_may_be_lossy,,0,
disease,D165,amebiasis,Amebiasis,HK,"Hong Kong, China",D165,Amebiasis,阿米巴病,Parasitic,2001-10-01,2001-10,0,0.0,0,,missing_population,,1997-01-01,2026-06-01,2026-08-01T00:00:00+00:00,chp_notifiable,"Hong Kong, China CHP Notifiable Diseases",https://www.chp.gov.hk/en/static/24012.html,open_data_csv,chp_notifiable,"Hong Kong, China CHP Notifiable Diseases",https://www.chp.gov.hk/en/static/24012.html,open_data_csv,legacy_fallback,legacy_fallback,,legacy_identity_may_be_lossy,,0,
disease,D165,amebiasis,Amebiasis,HK,"Hong Kong, China",D165,Amebiasis,阿米巴病,Parasitic,2001-11-01,2001-11,0,0.0,0,,missing_population,,1997-01-01,2026-06-01,2026-08-01T00:00:00+00:00,chp_notifiable,"Hong Kong, China CHP Notifiable Diseases",https://www.chp.gov.hk/en/static/24012.html,open_data_csv,chp_notifiable,"Hong Kong, China CHP Notifiable Diseases",https://www.chp.gov.hk/en/static/24012.html,open_data_csv,legacy_fallback,legacy_fallback,,legacy_identity_may_be_lossy,,0,
disease,D165,amebiasis,Amebiasis,HK,"Hong Kong, China",D165,Amebiasis,阿米巴病,Parasitic,2001-12-01,2001-12,1,0.23333333333333334,0,,missing_population,,1997-01-01,2026-06-01,2026-08-01T00:00:00+00:00,chp_notifiable,"Hong Kong, China CHP Notifiable Diseases",https://www.chp.gov.hk/en/static/24012.html,open_data_csv,chp_notifiable,"Hong Kong, China CHP Notifiable Diseases",https://www.chp.gov.hk/en/static/24012.html,open_data_csv,legacy_fallback,legacy_fallback,,legacy_identity_may_be_lossy,,0,
disease,D165,amebiasis,Amebiasis,HK,"Hong Kong, China",D165,Amebiasis,阿米巴病,Parasitic,2002-01-01,2002-01,0,0.0,0,,missing_population,,1997-01-01,2026-06-01,2026-08-01T00:00:00+00:00,chp_notifiable,"Hong Kong, China CHP Notifiable Diseases",https://www.chp.gov.hk/en/static/24012.html,open_data_csv,chp_notifiable,"Hong Kong, China CHP Notifiable Diseases",https://www.chp.gov.hk/en/static/24012.html,open_data_csv,legacy_fallback,legacy_fallback,,legacy_identity_may_be_lossy,,0,
disease,D165,amebiasis,Amebiasis,HK,"Hong Kong, China",D165,Amebiasis,阿米巴病,Parasitic,2002-02-01,2002-02,0,0.0,0,,missing_population,,1997-01-01,2026-06-01,2026-08-01T00:00:00+00:00,chp_notifiable,"Hong Kong, China CHP Notifiable Diseases",https://www.chp.gov.hk/en/static/24012.html,open_data_csv,chp_notifiable,"Hong Kong, China CHP Notifiable Diseases",https://www.chp.gov.hk/en/static/24012.html,open_data_csv,legacy_fallback,legacy_fallback,,legacy_identity_may_be_lossy,,0,
disease,D165,amebiasis,Amebiasis,HK,"Hong Kong, China",D165,Amebiasis,阿米巴病,Parasitic,2002-03-01,2002-03,0,0.0,0,,missing_population,,1997-01-01,2026-06-01,2026-08-01T00:00:00+00:00,chp_notifiable,"Hong Kong, China CHP Notifiable Diseases",https://www.chp.gov.hk/en/static/24012.html,open_data_csv,chp_notifiable,"Hong Kong, China CHP Notifiable Diseases",https://www.chp.gov.hk/en/static/24012.html,open_data_csv,legacy_fallback,legacy_fallback,,legacy_identity_may_be_lossy,,0,
disease,D165,amebiasis,Amebiasis,HK,"Hong Kong, China",D165,Amebiasis,阿米巴病,Parasitic,2002-04-01,2002-04,0,0.0,0,,missing_population,,1997-01-01,2026-06-01,2026-08-01T00:00:00+00:00,chp_notifiable,"Hong Kong, China CHP Notifiable Diseases",https://www.chp.gov.hk/en/static/24012.html,open_data_csv,chp_notifiable,"Hong Kong, China CHP Notifiable Diseases",https://www.chp.gov.hk/en/static/24012.html,open_data_csv,legacy_fallback,legacy_fallback,,legacy_identity_may_be_lossy,,0,
disease,D165,amebiasis,Amebiasis,HK,"Hong Kong, China",D165,Amebiasis,阿米巴病,Parasitic,2002-05-01,2002-05,0,0.0,0,,missing_population,,1997-01-01,2026-06-01,2026-08-01T00:00:00+00:00,chp_notifiable,"Hong Kong, China CHP Notifiable Diseases",https://www.chp.gov.hk/en/static/24012.html,open_data_csv,chp_notifiable,"Hong Kong, China CHP Notifiable Diseases",https://www.chp.gov.hk/en/static/24012.html,open_data_csv,legacy_fallback,legacy_fallback,,legacy_identity_may_be_lossy,,0,
disease,D165,amebiasis,Amebiasis,HK,"Hong Kong, China",D165,Amebiasis,阿米巴病,Parasitic,2002-06-01,2002-06,0,0.0,0,,missing_population,,1997-01-01,2026-06-01,2026-08-01T00:00:00+00:00,chp_notifiable,"Hong Kong, China CHP Notifiable Diseases",https://www.chp.gov.hk/en/static/24012.html,open_data_csv,chp_notifiable,"Hong Kong, China CHP Notifiable Diseases",https://www.chp.gov.hk/en/static/24012.html,open_data_csv,legacy_fallback,legacy_fallback,,legacy_identity_may_be_lossy,,0,
disease,D165,amebiasis,Amebiasis,HK,"Hong Kong, China",D165,Amebiasis,阿米巴病,Parasitic,2002-07-01,2002-07,0,0.0,0,,missing_population,,1997-01-01,2026-06-01,2026-08-01T00:00:00+00:00,chp_notifiable,"Hong Kong, China CHP Notifiable Diseases",https://www.chp.gov.hk/en/static/24012.html,open_data_csv,chp_notifiable,"Hong Kong, China CHP Notifiable Diseases",https://www.chp.gov.hk/en/static/24012.html,open_data_csv,legacy_fallback,legacy_fallback,,legacy_identity_may_be_lossy,,0,
disease,D165,amebiasis,Amebiasis,HK,"Hong Kong, China",D165,Amebiasis,阿米巴病,Parasitic,2002-08-01,2002-08,1,0.22580645161290322,0,,missing_population,,1997-01-01,2026-06-01,2026-08-01T00:00:00+00:00,chp_notifiable,"Hong Kong, China CHP Notifiable Diseases",https://www.chp.gov.hk/en/static/24012.html,open_data_csv,chp_notifiable,"Hong Kong, China CHP Notifiable Diseases",https://www.chp.gov.hk/en/static/24012.html,open_data_csv,legacy_fallback,legacy_fallback,,legacy_identity_may_be_lossy,,0,
disease,D165,amebiasis,Amebiasis,HK,"Hong Kong, China",D165,Amebiasis,阿米巴病,Parasitic,2002-09-01,2002-09,2,0.45161290322580644,0,,missing_population,,1997-01-01,2026-06-01,2026-08-01T00:00:00+00:00,chp_notifiable,"Hong Kong, China CHP Notifiable Diseases",https://www.chp.gov.hk/en/static/24012.html,open_data_csv,chp_notifiable,"Hong Kong, China CHP Notifiable Diseases",https://www.chp.gov.hk/en/static/24012.html,open_data_csv,legacy_fallback,legacy_fallback,,legacy_identity_may_be_lossy,,0,
disease,D165,amebiasis,Amebiasis,HK,"Hong Kong, China",D165,Amebiasis,阿米巴病,Parasitic,2002-10-01,2002-10,1,0.23333333333333334,0,,missing_population,,1997-01-01,2026-06-01,2026-08-01T00:00:00+00:00,chp_notifiable,"Hong Kong, China CHP Notifiable Diseases",https://www.chp.gov.hk/en/static/24012.html,open_data_csv,chp_notifiable,"Hong Kong, China CHP Notifiable Diseases",https://www.chp.gov.hk/en/static/24012.html,open_data_csv,legacy_fallback,legacy_fallback,,legacy_identity_may_be_lossy,,0,
disease,D165,amebiasis,Amebiasis,HK,"Hong Kong, China",D165,Amebiasis,阿米巴病,Parasitic,2002-11-01,2002-11,0,0.0,0,,missing_population,,1997-01-01,2026-06-01,2026-08-01T00:00:00+00:00,chp_notifiable,"Hong Kong, China CHP Notifiable Diseases",https://www.chp.gov.hk/en/static/24012.html,open_data_csv,chp_notifiable,"Hong Kong, China CHP Notifiable Diseases",https://www.chp.gov.hk/en/static/24012.html,open_data_csv,legacy_fallback,legacy_fallback,,legacy_identity_may_be_lossy,,0,
disease,D165,amebiasis,Amebiasis,HK,"Hong Kong, China",D165,Amebiasis,阿米巴病,Parasitic,2002-12-01,2002-12,1,0.23333333333333334,0,,missing_population,,1997-01-01,2026-06-01,2026-08-01T00:00:00+00:00,chp_notifiable,"Hong Kong, China CHP Notifiable Diseases",https://www.chp.gov.hk/en/static/24012.html,open_data_csv,chp_notifiable,"Hong Kong, China CHP Notifiable Diseases",https://www.chp.gov.hk/en/static/24012.html,open_data_csv,legacy_fallback,legacy_fallback,,legacy_identity_may_be_lossy,,0,
disease,D165,amebiasis,Amebiasis,HK,"Hong Kong, China",D165,Amebiasis,阿米巴病,Parasitic,2003-01-01,2003-01,0,0.0,0,,missing_population,,1997-01-01,2026-06-01,2026-08-01T00:00:00+00:00,chp_notifiable,"Hong Kong, China CHP Notifiable Diseases",https://www.chp.gov.hk/en/static/24012.html,open_data_csv,chp_notifiable,"Hong Kong, China CHP Notifiable Diseases",https://www.chp.gov.hk/en/static/24012.html,open_data_csv,legacy_fallback,legacy_fallback,,legacy_identity_may_be_lossy,,0,
disease,D165,amebiasis,Amebiasis,HK,"Hong Kong, China",D165,Amebiasis,阿米巴病,Parasitic,2003-02-01,2003-02,3,0.6774193548387096,0,,missing_population,,1997-01-01,2026-06-01,2026-08-01T00:00:00+00:00,chp_notifiable,"Hong Kong, China CHP Notifiable Diseases",https://www.chp.gov.hk/en/static/24012.html,open_data_csv,chp_notifiable,"Hong Kong, China CHP Notifiable Diseases",https://www.chp.gov.hk/en/static/24012.html,open_data_csv,legacy_fallback,legacy_fallback,,legacy_identity_may_be_lossy,,0,
disease,D165,amebiasis,Amebiasis,HK,"Hong Kong, China",D165,Amebiasis,阿米巴病,Parasitic,2003-03-01,2003-03,0,0.0,0,,missing_population,,1997-01-01,2026-06-01,2026-08-01T00:00:00+00:00,chp_notifiable,"Hong Kong, China CHP Notifiable Diseases",https://www.chp.gov.hk/en/static/24012.html,open_data_csv,chp_notifiable,"Hong Kong, China CHP Notifiable Diseases",https://www.chp.gov.hk/en/static/24012.html,open_data_csv,legacy_fallback,legacy_fallback,,legacy_identity_may_be_lossy,,0,
disease,D165,amebiasis,Amebiasis,HK,"Hong Kong, China",D165,Amebiasis,阿米巴病,Parasitic,2003-04-01,2003-04,0,0.0,0,,missing_population,,1997-01-01,2026-06-01,2026-08-01T00:00:00+00:00,chp_notifiable,"Hong Kong, China CHP Notifiable Diseases",https://www.chp.gov.hk/en/static/24012.html,open_data_csv,chp_notifiable,"Hong Kong, China CHP Notifiable Diseases",https://www.chp.gov.hk/en/static/24012.html,open_data_csv,legacy_fallback,legacy_fallback,,legacy_identity_may_be_lossy,,0,
disease,D165,amebiasis,Amebiasis,HK,"Hong Kong, China",D165,Amebiasis,阿米巴病,Parasitic,2003-05-01,2003-05,0,0.0,0,,missing_population,,1997-01-01,2026-06-01,2026-08-01T00:00:00+00:00,chp_notifiable,"Hong Kong, China CHP Notifiable Diseases",https://www.chp.gov.hk/en/static/24012.html,open_data_csv,chp_notifiable,"Hong Kong, China CHP Notifiable Diseases",https://www.chp.gov.hk/en/static/24012.html,open_data_csv,legacy_fallback,legacy_fallback,,legacy_identity_may_be_lossy,,0,
disease,D165,amebiasis,Amebiasis,HK,"Hong Kong, China",D165,Amebiasis,阿米巴病,Parasitic,2003-06-01,2003-06,0,0.0,0,,missing_population,,1997-01-01,2026-06-01,2026-08-01T00:00:00+00:00,chp_notifiable,"Hong Kong, China CHP Notifiable Diseases",https://www.chp.gov.hk/en/static/24012.html,open_data_csv,chp_notifiable,"Hong Kong, China CHP Notifiable Diseases",https://www.chp.gov.hk/en/static/24012.html,open_data_csv,legacy_fallback,legacy_fallback,,legacy_identity_may_be_lossy,,0,
disease,D165,amebiasis,Amebiasis,HK,"Hong Kong, China",D165,Amebiasis,阿米巴病,Parasitic,2003-07-01,2003-07,0,0.0,0,,missing_population,,1997-01-01,2026-06-01,2026-08-01T00:00:00+00:00,chp_notifiable,"Hong Kong, China CHP Notifiable Diseases",https://www.chp.gov.hk/en/static/24012.html,open_data_csv,chp_notifiable,"Hong Kong, China CHP Notifiable Diseases",https://www.chp.gov.hk/en/static/24012.html,open_data_csv,legacy_fallback,legacy_fallback,,legacy_identity_may_be_lossy,,0,
disease,D165,amebiasis,Amebiasis,HK,"Hong Kong, China",D165,Amebiasis,阿米巴病,Parasitic,2003-08-01,2003-08,1,0.22580645161290322,0,,missing_population,,1997-01-01,2026-06-01,2026-08-01T00:00:00+00:00,chp_notifiable,"Hong Kong, China CHP Notifiable Diseases",https://www.chp.gov.hk/en/static/24012.html,open_data_csv,chp_notifiable,"Hong Kong, China CHP Notifiable Diseases",https://www.chp.gov.hk/en/static/24012.html,open_data_csv,legacy_fallback,legacy_fallback,,legacy_identity_may_be_lossy,,0,
disease,D165,amebiasis,Amebiasis,HK,"Hong Kong, China",D165,Amebiasis,阿米巴病,Parasitic,2003-09-01,2003-09,0,0.0,0,,missing_population,,1997-01-01,2026-06-01,2026-08-01T00:00:00+00:00,chp_notifiable,"Hong Kong, China CHP Notifiable Diseases",https://www.chp.gov.hk/en/static/24012.html,open_data_csv,chp_notifiable,"Hong Kong, China CHP Notifiable Diseases",https://www.chp.gov.hk/en/static/24012.html,open_data_csv,legacy_fallback,legacy_fallback,,legacy_identity_may_be_lossy,,0,
disease,D165,amebiasis,Amebiasis,HK,"Hong Kong, China",D165,Amebiasis,阿米巴病,Parasitic,2003-10-01,2003-10,1,0.23333333333333334,0,,missing_population,,1997-01-01,2026-06-01,2026-08-01T00:00:00+00:00,chp_notifiable,"Hong Kong, China CHP Notifiable Diseases",https://www.chp.gov.hk/en/static/24012.html,open_data_csv,chp_notifiable,"Hong Kong, China CHP Notifiable Diseases",https://www.chp.gov.hk/en/static/24012.html,open_data_csv,legacy_fallback,legacy_fallback,,legacy_identity_may_be_lossy,,0,
disease,D165,amebiasis,Amebiasis,HK,"Hong Kong, China",D165,Amebiasis,阿米巴病,Parasitic,2003-11-01,2003-11,2,0.45161290322580644,0,,missing_population,,1997-01-01,2026-06-01,2026-08-01T00:00:00+00:00,chp_notifiable,"Hong Kong, China CHP Notifiable Diseases",https://www.chp.gov.hk/en/static/24012.html,open_data_csv,chp_notifiable,"Hong Kong, China CHP Notifiable Diseases",https://www.chp.gov.hk/en/static/24012.html,open_data_csv,legacy_fallback,legacy_fallback,,legacy_identity_may_be_lossy,,0,
disease,D165,amebiasis,Amebiasis,HK,"Hong Kong, China",D165,Amebiasis,阿米巴病,Parasitic,2003-12-01,2003-12,9,2.1,0,,missing_population,,1997-01-01,2026-06-01,2026-08-01T00:00:00+00:00,chp_notifiable,"Hong Kong, China CHP Notifiable Diseases",https://www.chp.gov.hk/en/static/24012.html,open_data_csv,chp_notifiable,"Hong Kong, China CHP Notifiable Diseases",https://www.chp.gov.hk/en/static/24012.html,open_data_csv,legacy_fallback,legacy_fallback,,legacy_identity_may_be_lossy,,0,
disease,D165,amebiasis,Amebiasis,HK,"Hong Kong, China",D165,Amebiasis,阿米巴病,Parasitic,2004-01-01,2004-01,6,1.3548387096774193,0,,missing_population,,1997-01-01,2026-06-01,2026-08-01T00:00:00+00:00,chp_notifiable,"Hong Kong, China CHP Notifiable Diseases",https://www.chp.gov.hk/en/static/24012.html,open_data_csv,chp_notifiable,"Hong Kong, China CHP Notifiable Diseases",https://www.chp.gov.hk/en/static/24012.html,open_data_csv,legacy_fallback,legacy_fallback,,legacy_identity_may_be_lossy,,0,
disease,D165,amebiasis,Amebiasis,HK,"Hong Kong, China",D165,Amebiasis,阿米巴病,Parasitic,2004-02-01,2004-02,6,1.3548387096774193,0,,missing_population,,1997-01-01,2026-06-01,2026-08-01T00:00:00+00:00,chp_notifiable,"Hong Kong, China CHP Notifiable Diseases",https://www.chp.gov.hk/en/static/24012.html,open_data_csv,chp_notifiable,"Hong Kong, China CHP Notifiable Diseases",https://www.chp.gov.hk/en/static/24012.html,open_data_csv,legacy_fallback,legacy_fallback,,legacy_identity_may_be_lossy,,0,
disease,D165,amebiasis,Amebiasis,HK,"Hong Kong, China",D165,Amebiasis,阿米巴病,Parasitic,2004-03-01,2004-03,5,1.206896551724138,0,,missing_population,,1997-01-01,2026-06-01,2026-08-01T00:00:00+00:00,chp_notifiable,"Hong Kong, China CHP Notifiable Diseases",https://www.chp.gov.hk/en/static/24012.html,open_data_csv,chp_notifiable,"Hong Kong, China CHP Notifiable Diseases",https://www.chp.gov.hk/en/static/24012.html,open_data_csv,legacy_fallback,legacy_fallback,,legacy_identity_may_be_lossy,,0,
disease,D165,amebiasis,Amebiasis,HK,"Hong Kong, China",D165,Amebiasis,阿米巴病,Parasitic,2004-04-01,2004-04,1,0.22580645161290322,0,,missing_population,,1997-01-01,2026-06-01,2026-08-01T00:00:00+00:00,chp_notifiable,"Hong Kong, China CHP Notifiable Diseases",https://www.chp.gov.hk/en/static/24012.html,open_data_csv,chp_notifiable,"Hong Kong, China CHP Notifiable Diseases",https://www.chp.gov.hk/en/static/24012.html,open_data_csv,legacy_fallback,legacy_fallback,,legacy_identity_may_be_lossy,,0,
disease,D165,amebiasis,Amebiasis,HK,"Hong Kong, China",D165,Amebiasis,阿米巴病,Parasitic,2004-05-01,2004-05,1,0.23333333333333334,0,,missing_population,,1997-01-01,2026-06-01,2026-08-01T00:00:00+00:00,chp_notifiable,"Hong Kong, China CHP Notifiable Diseases",https://www.chp.gov.hk/en/static/24012.html,open_data_csv,chp_notifiable,"Hong Kong, China CHP Notifiable Diseases",https://www.chp.gov.hk/en/static/24012.html,open_data_csv,legacy_fallback,legacy_fallback,,legacy_identity_may_be_lossy,,0,
disease,D165,amebiasis,Amebiasis,HK,"Hong Kong, China",D165,Amebiasis,阿米巴病,Parasitic,2004-06-01,2004-06,2,0.45161290322580644,0,,missing_population,,1997-01-01,2026-06-01,2026-08-01T00:00:00+00:00,chp_notifiable,"Hong Kong, China CHP Notifiable Diseases",https://www.chp.gov.hk/en/static/24012.html,open_data_csv,chp_notifiable,"Hong Kong, China CHP Notifiable Diseases",https://www.chp.gov.hk/en/static/24012.html,open_data_csv,legacy_fallback,legacy_fallback,,legacy_identity_may_be_lossy,,0,
disease,D165,amebiasis,Amebiasis,HK,"Hong Kong, China",D165,Amebiasis,阿米巴病,Parasitic,2004-07-01,2004-07,0,0.0,0,,missing_population,,1997-01-01,2026-06-01,2026-08-01T00:00:00+00:00,chp_notifiable,"Hong Kong, China CHP Notifiable Diseases",https://www.chp.gov.hk/en/static/24012.html,open_data_csv,chp_notifiable,"Hong Kong, China CHP Notifiable Diseases",https://www.chp.gov.hk/en/static/24012.html,open_data_csv,legacy_fallback,legacy_fallback,,legacy_identity_may_be_lossy,,0,
disease,D165,amebiasis,Amebiasis,HK,"Hong Kong, China",D165,Amebiasis,阿米巴病,Parasitic,2004-08-01,2004-08,0,0.0,0,,missing_population,,1997-01-01,2026-06-01,2026-08-01T00:00:00+00:00,chp_notifiable,"Hong Kong, China CHP Notifiable Diseases",https://www.chp.gov.hk/en/static/24012.html,open_data_csv,chp_notifiable,"Hong Kong, China CHP Notifiable Diseases",https://www.chp.gov.hk/en/static/24012.html,open_data_csv,legacy_fallback,legacy_fallback,,legacy_identity_may_be_lossy,,0,
disease,D165,amebiasis,Amebiasis,HK,"Hong Kong, China",D165,Amebiasis,阿米巴病,Parasitic,2004-09-01,2004-09,0,0.0,0,,missing_population,,1997-01-01,2026-06-01,2026-08-01T00:00:00+00:00,chp_notifiable,"Hong Kong, China CHP Notifiable Diseases",https://www.chp.gov.hk/en/static/24012.html,open_data_csv,chp_notifiable,"Hong Kong, China CHP Notifiable Diseases",https://www.chp.gov.hk/en/static/24012.html,open_data_csv,legacy_fallback,legacy_fallback,,legacy_identity_may_be_lossy,,0,
disease,D165,amebiasis,Amebiasis,HK,"Hong Kong, China",D165,Amebiasis,阿米巴病,Parasitic,2004-10-01,2004-10,0,0.0,0,,missing_population,,1997-01-01,2026-06-01,2026-08-01T00:00:00+00:00,chp_notifiable,"Hong Kong, China CHP Notifiable Diseases",https://www.chp.gov.hk/en/static/24012.html,open_data_csv,chp_notifiable,"Hong Kong, China CHP Notifiable Diseases",https://www.chp.gov.hk/en/static/24012.html,open_data_csv,legacy_fallback,legacy_fallback,,legacy_identity_may_be_lossy,,0,
disease,D165,amebiasis,Amebiasis,HK,"Hong Kong, China",D165,Amebiasis,阿米巴病,Parasitic,2004-11-01,2004-11,0,0.0,0,,missing_population,,1997-01-01,2026-06-01,2026-08-01T00:00:00+00:00,chp_notifiable,"Hong Kong, China CHP Notifiable Diseases",https://www.chp.gov.hk/en/static/24012.html,open_data_csv,chp_notifiable,"Hong Kong, China CHP Notifiable Diseases",https://www.chp.gov.hk/en/static/24012.html,open_data_csv,legacy_fallback,legacy_fallback,,legacy_identity_may_be_lossy,,0,
disease,D165,amebiasis,Amebiasis,HK,"Hong Kong, China",D165,Amebiasis,阿米巴病,Parasitic,2004-12-01,2004-12,2,0.4666666666666667,0,,missing_population,,1997-01-01,2026-06-01,2026-08-01T00:00:00+00:00,chp_notifiable,"Hong Kong, China CHP Notifiable Diseases",https://www.chp.gov.hk/en/static/24012.html,open_data_csv,chp_notifiable,"Hong Kong, China CHP Notifiable Diseases",https://www.chp.gov.hk/en/static/24012.html,open_data_csv,legacy_fallback,legacy_fallback,,legacy_identity_may_be_lossy,,0,
disease,D165,amebiasis,Amebiasis,HK,"Hong Kong, China",D165,Amebiasis,阿米巴病,Parasitic,2005-01-01,2005-01,0,0.0,0,,missing_population,,1997-01-01,2026-06-01,2026-08-01T00:00:00+00:00,chp_notifiable,"Hong Kong, China CHP Notifiable Diseases",https://www.chp.gov.hk/en/static/24012.html,open_data_csv,chp_notifiable,"Hong Kong, China CHP Notifiable Diseases",https://www.chp.gov.hk/en/static/24012.html,open_data_csv,legacy_fallback,legacy_fallback,,legacy_identity_may_be_lossy,,0,
disease,D165,amebiasis,Amebiasis,HK,"Hong Kong, China",D165,Amebiasis,阿米巴病,Parasitic,2005-02-01,2005-02,0,0.0,0,,missing_population,,1997-01-01,2026-06-01,2026-08-01T00:00:00+00:00,chp_notifiable,"Hong Kong, China CHP Notifiable Diseases",https://www.chp.gov.hk/en/static/24012.html,open_data_csv,chp_notifiable,"Hong Kong, China CHP Notifiable Diseases",https://www.chp.gov.hk/en/static/24012.html,open_data_csv,legacy_fallback,legacy_fallback,,legacy_identity_may_be_lossy,,0,
disease,D165,amebiasis,Amebiasis,HK,"Hong Kong, China",D165,Amebiasis,阿米巴病,Parasitic,2005-03-01,2005-03,0,0.0,0,,missing_population,,1997-01-01,2026-06-01,2026-08-01T00:00:00+00:00,chp_notifiable,"Hong Kong, China CHP Notifiable Diseases",https://www.chp.gov.hk/en/static/24012.html,open_data_csv,chp_notifiable,"Hong Kong, China CHP Notifiable Diseases",https://www.chp.gov.hk/en/static/24012.html,open_data_csv,legacy_fallback,legacy_fallback,,legacy_identity_may_be_lossy,,0,
disease,D165,amebiasis,Amebiasis,HK,"Hong Kong, China",D165,Amebiasis,阿米巴病,Parasitic,2005-04-01,2005-04,1,0.22580645161290322,0,,missing_population,,1997-01-01,2026-06-01,2026-08-01T00:00:00+00:00,chp_notifiable,"Hong Kong, China CHP Notifiable Diseases",https://www.chp.gov.hk/en/static/24012.html,open_data_csv,chp_notifiable,"Hong Kong, China CHP Notifiable Diseases",https://www.chp.gov.hk/en/static/24012.html,open_data_csv,legacy_fallback,legacy_fallback,,legacy_identity_may_be_lossy,,0,
disease,D165,amebiasis,Amebiasis,HK,"Hong Kong, China",D165,Amebiasis,阿米巴病,Parasitic,2005-05-01,2005-05,0,0.0,0,,missing_population,,1997-01-01,2026-06-01,2026-08-01T00:00:00+00:00,chp_notifiable,"Hong Kong, China CHP Notifiable Diseases",https://www.chp.gov.hk/en/static/24012.html,open_data_csv,chp_notifiable,"Hong Kong, China CHP Notifiable Diseases",https://www.chp.gov.hk/en/static/24012.html,open_data_csv,legacy_fallback,legacy_fallback,,legacy_identity_may_be_lossy,,0,
disease,D165,amebiasis,Amebiasis,HK,"Hong Kong, China",D165,Amebiasis,阿米巴病,Parasitic,2005-06-01,2005-06,0,0.0,0,,missing_population,,1997-01-01,2026-06-01,2026-08-01T00:00:00+00:00,chp_notifiable,"Hong Kong, China CHP Notifiable Diseases",https://www.chp.gov.hk/en/static/24012.html,open_data_csv,chp_notifiable,"Hong Kong, China CHP Notifiable Diseases",https://www.chp.gov.hk/en/static/24012.html,open_data_csv,legacy_fallback,legacy_fallback,,legacy_identity_may_be_lossy,,0,
disease,D165,amebiasis,Amebiasis,HK,"Hong Kong, China",D165,Amebiasis,阿米巴病,Parasitic,2005-07-01,2005-07,0,0.0,0,,missing_population,,1997-01-01,2026-06-01,2026-08-01T00:00:00+00:00,chp_notifiable,"Hong Kong, China CHP Notifiable Diseases",https://www.chp.gov.hk/en/static/24012.html,open_data_csv,chp_notifiable,"Hong Kong, China CHP Notifiable Diseases",https://www.chp.gov.hk/en/static/24012.html,open_data_csv,legacy_fallback,legacy_fallback,,legacy_identity_may_be_lossy,,0,
disease,D165,amebiasis,Amebiasis,HK,"Hong Kong, China",D165,Amebiasis,阿米巴病,Parasitic,2005-08-01,2005-08,1,0.22580645161290322,0,,missing_population,,1997-01-01,2026-06-01,2026-08-01T00:00:00+00:00,chp_notifiable,"Hong Kong, China CHP Notifiable Diseases",https://www.chp.gov.hk/en/static/24012.html,open_data_csv,chp_notifiable,"Hong Kong, China CHP Notifiable Diseases",https://www.chp.gov.hk/en/static/24012.html,open_data_csv,legacy_fallback,legacy_fallback,,legacy_identity_may_be_lossy,,0,
disease,D165,amebiasis,Amebiasis,HK,"Hong Kong, China",D165,Amebiasis,阿米巴病,Parasitic,2005-09-01,2005-09,0,0.0,0,,missing_population,,1997-01-01,2026-06-01,2026-08-01T00:00:00+00:00,chp_notifiable,"Hong Kong, China CHP Notifiable Diseases",https://www.chp.gov.hk/en/static/24012.html,open_data_csv,chp_notifiable,"Hong Kong, China CHP Notifiable Diseases",https://www.chp.gov.hk/en/static/24012.html,open_data_csv,legacy_fallback,legacy_fallback,,legacy_identity_may_be_lossy,,0,
disease,D165,amebiasis,Amebiasis,HK,"Hong Kong, China",D165,Amebiasis,阿米巴病,Parasitic,2005-10-01,2005-10,0,0.0,0,,missing_population,,1997-01-01,2026-06-01,2026-08-01T00:00:00+00:00,chp_notifiable,"Hong Kong, China CHP Notifiable Diseases",https://www.chp.gov.hk/en/static/24012.html,open_data_csv,chp_notifiable,"Hong Kong, China CHP Notifiable Diseases",https://www.chp.gov.hk/en/static/24012.html,open_data_csv,legacy_fallback,legacy_fallback,,legacy_identity_may_be_lossy,,0,
disease,D165,amebiasis,Amebiasis,HK,"Hong Kong, China",D165,Amebiasis,阿米巴病,Parasitic,2005-11-01,2005-11,0,0.0,0,,missing_population,,1997-01-01,2026-06-01,2026-08-01T00:00:00+00:00,chp_notifiable,"Hong Kong, China CHP Notifiable Diseases",https://www.chp.gov.hk/en/static/24012.html,open_data_csv,chp_notifiable,"Hong Kong, China CHP Notifiable Diseases",https://www.chp.gov.hk/en/static/24012.html,open_data_csv,legacy_fallback,legacy_fallback,,legacy_identity_may_be_lossy,,0,
disease,D165,amebiasis,Amebiasis,HK,"Hong Kong, China",D165,Amebiasis,阿米巴病,Parasitic,2005-12-01,2005-12,0,0.0,0,,missing_population,,1997-01-01,2026-06-01,2026-08-01T00:00:00+00:00,chp_notifiable,"Hong Kong, China CHP Notifiable Diseases",https://www.chp.gov.hk/en/static/24012.html,open_data_csv,chp_notifiable,"Hong Kong, China CHP Notifiable Diseases",https://www.chp.gov.hk/en/static/24012.html,open_data_csv,legacy_fallback,legacy_fallback,,legacy_identity_may_be_lossy,,0,
disease,D165,amebiasis,Amebiasis,HK,"Hong Kong, China",D165,Amebiasis,阿米巴病,Parasitic,2006-01-01,2006-01,1,0.22580645161290322,0,,missing_population,,1997-01-01,2026-06-01,2026-08-01T00:00:00+00:00,chp_notifiable,"Hong Kong, China CHP Notifiable Diseases",https://www.chp.gov.hk/en/static/24012.html,open_data_csv,chp_notifiable,"Hong Kong, China CHP Notifiable Diseases",https://www.chp.gov.hk/en/static/24012.html,open_data_csv,legacy_fallback,legacy_fallback,,legacy_identity_may_be_lossy,,0,
disease,D165,amebiasis,Amebiasis,HK,"Hong Kong, China",D165,Amebiasis,阿米巴病,Parasitic,2006-02-01,2006-02,1,0.22580645161290322,0,,missing_population,,1997-01-01,2026-06-01,2026-08-01T00:00:00+00:00,chp_notifiable,"Hong Kong, China CHP Notifiable Diseases",https://www.chp.gov.hk/en/static/24012.html,open_data_csv,chp_notifiable,"Hong Kong, China CHP Notifiable Diseases",https://www.chp.gov.hk/en/static/24012.html,open_data_csv,legacy_fallback,legacy_fallback,,legacy_identity_may_be_lossy,,0,
disease,D165,amebiasis,Amebiasis,HK,"Hong Kong, China",D165,Amebiasis,阿米巴病,Parasitic,2006-03-01,2006-03,0,0.0,0,,missing_population,,1997-01-01,2026-06-01,2026-08-01T00:00:00+00:00,chp_notifiable,"Hong Kong, China CHP Notifiable Diseases",https://www.chp.gov.hk/en/static/24012.html,open_data_csv,chp_notifiable,"Hong Kong, China CHP Notifiable Diseases",https://www.chp.gov.hk/en/static/24012.html,open_data_csv,legacy_fallback,legacy_fallback,,legacy_identity_may_be_lossy,,0,
disease,D165,amebiasis,Amebiasis,HK,"Hong Kong, China",D165,Amebiasis,阿米巴病,Parasitic,2006-04-01,2006-04,1,0.22580645161290322,0,,missing_population,,1997-01-01,2026-06-01,2026-08-01T00:00:00+00:00,chp_notifiable,"Hong Kong, China CHP Notifiable Diseases",https://www.chp.gov.hk/en/static/24012.html,open_data_csv,chp_notifiable,"Hong Kong, China CHP Notifiable Diseases",https://www.chp.gov.hk/en/static/24012.html,open_data_csv,legacy_fallback,legacy_fallback,,legacy_identity_may_be_lossy,,0,
disease,D165,amebiasis,Amebiasis,HK,"Hong Kong, China",D165,Amebiasis,阿米巴病,Parasitic,2006-05-01,2006-05,0,0.0,0,,missing_population,,1997-01-01,2026-06-01,2026-08-01T00:00:00+00:00,chp_notifiable,"Hong Kong, China CHP Notifiable Diseases",https://www.chp.gov.hk/en/static/24012.html,open_data_csv,chp_notifiable,"Hong Kong, China CHP Notifiable Diseases",https://www.chp.gov.hk/en/static/24012.html,open_data_csv,legacy_fallback,legacy_fallback,,legacy_identity_may_be_lossy,,0,
disease,D165,amebiasis,Amebiasis,HK,"Hong Kong, China",D165,Amebiasis,阿米巴病,Parasitic,2006-06-01,2006-06,1,0.22580645161290322,0,,missing_population,,1997-01-01,2026-06-01,2026-08-01T00:00:00+00:00,chp_notifiable,"Hong Kong, China CHP Notifiable Diseases",https://www.chp.gov.hk/en/static/24012.html,open_data_csv,chp_notifiable,"Hong Kong, China CHP Notifiable Diseases",https://www.chp.gov.hk/en/static/24012.html,open_data_csv,legacy_fallback,legacy_fallback,,legacy_identity_may_be_lossy,,0,
disease,D165,amebiasis,Amebiasis,HK,"Hong Kong, China",D165,Amebiasis,阿米巴病,Parasitic,2006-07-01,2006-07,0,0.0,0,,missing_population,,1997-01-01,2026-06-01,2026-08-01T00:00:00+00:00,chp_notifiable,"Hong Kong, China CHP Notifiable Diseases",https://www.chp.gov.hk/en/static/24012.html,open_data_csv,chp_notifiable,"Hong Kong, China CHP Notifiable Diseases",https://www.chp.gov.hk/en/static/24012.html,open_data_csv,legacy_fallback,legacy_fallback,,legacy_identity_may_be_lossy,,0,
disease,D165,amebiasis,Amebiasis,HK,"Hong Kong, China",D165,Amebiasis,阿米巴病,Parasitic,2006-08-01,2006-08,0,0.0,0,,missing_population,,1997-01-01,2026-06-01,2026-08-01T00:00:00+00:00,chp_notifiable,"Hong Kong, China CHP Notifiable Diseases",https://www.chp.gov.hk/en/static/24012.html,open_data_csv,chp_notifiable,"Hong Kong, China CHP Notifiable Diseases",https://www.chp.gov.hk/en/static/24012.html,open_data_csv,legacy_fallback,legacy_fallback,,legacy_identity_may_be_lossy,,0,
disease,D165,amebiasis,Amebiasis,HK,"Hong Kong, China",D165,Amebiasis,阿米巴病,Parasitic,2006-09-01,2006-09,0,0.0,0,,missing_population,,1997-01-01,2026-06-01,2026-08-01T00:00:00+00:00,chp_notifiable,"Hong Kong, China CHP Notifiable Diseases",https://www.chp.gov.hk/en/static/24012.html,open_data_csv,chp_notifiable,"Hong Kong, China CHP Notifiable Diseases",https://www.chp.gov.hk/en/static/24012.html,open_data_csv,legacy_fallback,legacy_fallback,,legacy_identity_may_be_lossy,,0,
disease,D165,amebiasis,Amebiasis,HK,"Hong Kong, China",D165,Amebiasis,阿米巴病,Parasitic,2006-10-01,2006-10,0,0.0,0,,missing_population,,1997-01-01,2026-06-01,2026-08-01T00:00:00+00:00,chp_notifiable,"Hong Kong, China CHP Notifiable Diseases",https://www.chp.gov.hk/en/static/24012.html,open_data_csv,chp_notifiable,"Hong Kong, China CHP Notifiable Diseases",https://www.chp.gov.hk/en/static/24012.html,open_data_csv,legacy_fallback,legacy_fallback,,legacy_identity_may_be_lossy,,0,
disease,D165,amebiasis,Amebiasis,HK,"Hong Kong, China",D165,Amebiasis,阿米巴病,Parasitic,2006-11-01,2006-11,0,0.0,0,,missing_population,,1997-01-01,2026-06-01,2026-08-01T00:00:00+00:00,chp_notifiable,"Hong Kong, China CHP Notifiable Diseases",https://www.chp.gov.hk/en/static/24012.html,open_data_csv,chp_notifiable,"Hong Kong, China CHP Notifiable Diseases",https://www.chp.gov.hk/en/static/24012.html,open_data_csv,legacy_fallback,legacy_fallback,,legacy_identity_may_be_lossy,,0,
disease,D165,amebiasis,Amebiasis,HK,"Hong Kong, China",D165,Amebiasis,阿米巴病,Parasitic,2006-12-01,2006-12,0,0.0,0,,missing_population,,1997-01-01,2026-06-01,2026-08-01T00:00:00+00:00,chp_notifiable,"Hong Kong, China CHP Notifiable Diseases",https://www.chp.gov.hk/en/static/24012.html,open_data_csv,chp_notifiable,"Hong Kong, China CHP Notifiable Diseases",https://www.chp.gov.hk/en/static/24012.html,open_data_csv,legacy_fallback,legacy_fallback,,legacy_identity_may_be_lossy,,0,
disease,D165,amebiasis,Amebiasis,HK,"Hong Kong, China",D165,Amebiasis,阿米巴病,Parasitic,2007-01-01,2007-01,1,0.22580645161290322,0,,missing_population,,1997-01-01,2026-06-01,2026-08-01T00:00:00+00:00,chp_notifiable,"Hong Kong, China CHP Notifiable Diseases",https://www.chp.gov.hk/en/static/24012.html,open_data_csv,chp_notifiable,"Hong Kong, China CHP Notifiable Diseases",https://www.chp.gov.hk/en/static/24012.html,open_data_csv,legacy_fallback,legacy_fallback,,legacy_identity_may_be_lossy,,0,
disease,D165,amebiasis,Amebiasis,HK,"Hong Kong, China",D165,Amebiasis,阿米巴病,Parasitic,2007-02-01,2007-02,0,0.0,0,,missing_population,,1997-01-01,2026-06-01,2026-08-01T00:00:00+00:00,chp_notifiable,"Hong Kong, China CHP Notifiable Diseases",https://www.chp.gov.hk/en/static/24012.html,open_data_csv,chp_notifiable,"Hong Kong, China CHP Notifiable Diseases",https://www.chp.gov.hk/en/static/24012.html,open_data_csv,legacy_fallback,legacy_fallback,,legacy_identity_may_be_lossy,,0,
disease,D165,amebiasis,Amebiasis,HK,"Hong Kong, China",D165,Amebiasis,阿米巴病,Parasitic,2007-03-01,2007-03,1,0.25,0,,missing_population,,1997-01-01,2026-06-01,2026-08-01T00:00:00+00:00,chp_notifiable,"Hong Kong, China CHP Notifiable Diseases",https://www.chp.gov.hk/en/static/24012.html,open_data_csv,chp_notifiable,"Hong Kong, China CHP Notifiable Diseases",https://www.chp.gov.hk/en/static/24012.html,open_data_csv,legacy_fallback,legacy_fallback,,legacy_identity_may_be_lossy,,0,
disease,D165,amebiasis,Amebiasis,HK,"Hong Kong, China",D165,Amebiasis,阿米巴病,Parasitic,2007-04-01,2007-04,0,0.0,0,,missing_population,,1997-01-01,2026-06-01,2026-08-01T00:00:00+00:00,chp_notifiable,"Hong Kong, China CHP Notifiable Diseases",https://www.chp.gov.hk/en/static/24012.html,open_data_csv,chp_notifiable,"Hong Kong, China CHP Notifiable Diseases",https://www.chp.gov.hk/en/static/24012.html,open_data_csv,legacy_fallback,legacy_fallback,,legacy_identity_may_be_lossy,,0,
disease,D165,amebiasis,Amebiasis,HK,"Hong Kong, China",D165,Amebiasis,阿米巴病,Parasitic,2007-05-01,2007-05,0,0.0,0,,missing_population,,1997-01-01,2026-06-01,2026-08-01T00:00:00+00:00,chp_notifiable,"Hong Kong, China CHP Notifiable Diseases",https://www.chp.gov.hk/en/static/24012.html,open_data_csv,chp_notifiable,"Hong Kong, China CHP Notifiable Diseases",https://www.chp.gov.hk/en/static/24012.html,open_data_csv,legacy_fallback,legacy_fallback,,legacy_identity_may_be_lossy,,0,
disease,D165,amebiasis,Amebiasis,HK,"Hong Kong, China",D165,Amebiasis,阿米巴病,Parasitic,2007-06-01,2007-06,0,0.0,0,,missing_population,,1997-01-01,2026-06-01,2026-08-01T00:00:00+00:00,chp_notifiable,"Hong Kong, China CHP Notifiable Diseases",https://www.chp.gov.hk/en/static/24012.html,open_data_csv,chp_notifiable,"Hong Kong, China CHP Notifiable Diseases",https://www.chp.gov.hk/en/static/24012.html,open_data_csv,legacy_fallback,legacy_fallback,,legacy_identity_may_be_lossy,,0,
disease,D165,amebiasis,Amebiasis,HK,"Hong Kong, China",D165,Amebiasis,阿米巴病,Parasitic,2007-07-01,2007-07,1,0.23333333333333334,0,,missing_population,,1997-01-01,2026-06-01,2026-08-01T00:00:00+00:00,chp_notifiable,"Hong Kong, China CHP Notifiable Diseases",https://www.chp.gov.hk/en/static/24012.html,open_data_csv,chp_notifiable,"Hong Kong, China CHP Notifiable Diseases",https://www.chp.gov.hk/en/static/24012.html,open_data_csv,legacy_fallback,legacy_fallback,,legacy_identity_may_be_lossy,,0,
disease,D165,amebiasis,Amebiasis,HK,"Hong Kong, China",D165,Amebiasis,阿米巴病,Parasitic,2007-08-01,2007-08,1,0.22580645161290322,0,,missing_population,,1997-01-01,2026-06-01,2026-08-01T00:00:00+00:00,chp_notifiable,"Hong Kong, China CHP Notifiable Diseases",https://www.chp.gov.hk/en/static/24012.html,open_data_csv,chp_notifiable,"Hong Kong, China CHP Notifiable Diseases",https://www.chp.gov.hk/en/static/24012.html,open_data_csv,legacy_fallback,legacy_fallback,,legacy_identity_may_be_lossy,,0,
disease,D165,amebiasis,Amebiasis,HK,"Hong Kong, China",D165,Amebiasis,阿米巴病,Parasitic,2007-09-01,2007-09,0,0.0,0,,missing_population,,1997-01-01,2026-06-01,2026-08-01T00:00:00+00:00,chp_notifiable,"Hong Kong, China CHP Notifiable Diseases",https://www.chp.gov.hk/en/static/24012.html,open_data_csv,chp_notifiable,"Hong Kong, China CHP Notifiable Diseases",https://www.chp.gov.hk/en/static/24012.html,open_data_csv,legacy_fallback,legacy_fallback,,legacy_identity_may_be_lossy,,0,
disease,D165,amebiasis,Amebiasis,HK,"Hong Kong, China",D165,Amebiasis,阿米巴病,Parasitic,2007-10-01,2007-10,0,0.0,0,,missing_population,,1997-01-01,2026-06-01,2026-08-01T00:00:00+00:00,chp_notifiable,"Hong Kong, China CHP Notifiable Diseases",https://www.chp.gov.hk/en/static/24012.html,open_data_csv,chp_notifiable,"Hong Kong, China CHP Notifiable Diseases",https://www.chp.gov.hk/en/static/24012.html,open_data_csv,legacy_fallback,legacy_fallback,,legacy_identity_may_be_lossy,,0,
disease,D165,amebiasis,Amebiasis,HK,"Hong Kong, China",D165,Amebiasis,阿米巴病,Parasitic,2007-11-01,2007-11,0,0.0,0,,missing_population,,1997-01-01,2026-06-01,2026-08-01T00:00:00+00:00,chp_notifiable,"Hong Kong, China CHP Notifiable Diseases",https://www.chp.gov.hk/en/static/24012.html,open_data_csv,chp_notifiable,"Hong Kong, China CHP Notifiable Diseases",https://www.chp.gov.hk/en/static/24012.html,open_data_csv,legacy_fallback,legacy_fallback,,legacy_identity_may_be_lossy,,0,
disease,D165,amebiasis,Amebiasis,HK,"Hong Kong, China",D165,Amebiasis,阿米巴病,Parasitic,2007-12-01,2007-12,0,0.0,0,,missing_population,,1997-01-01,2026-06-01,2026-08-01T00:00:00+00:00,chp_notifiable,"Hong Kong, China CHP Notifiable Diseases",https://www.chp.gov.hk/en/static/24012.html,open_data_csv,chp_notifiable,"Hong Kong, China CHP Notifiable Diseases",https://www.chp.gov.hk/en/static/24012.html,open_data_csv,legacy_fallback,legacy_fallback,,legacy_identity_may_be_lossy,,0,
disease,D165,amebiasis,Amebiasis,HK,"Hong Kong, China",D165,Amebiasis,阿米巴病,Parasitic,2008-01-01,2008-01,2,0.45161290322580644,0,,missing_population,,1997-01-01,2026-06-01,2026-08-01T00:00:00+00:00,chp_notifiable,"Hong Kong, China CHP Notifiable Diseases",https://www.chp.gov.hk/en/static/24012.html,open_data_csv,chp_notifiable,"Hong Kong, China CHP Notifiable Diseases",https://www.chp.gov.hk/en/static/24012.html,open_data_csv,legacy_fallback,legacy_fallback,,legacy_identity_may_be_lossy,,0,
disease,D165,amebiasis,Amebiasis,HK,"Hong Kong, China",D165,Amebiasis,阿米巴病,Parasitic,2008-02-01,2008-02,1,0.22580645161290322,0,,missing_population,,1997-01-01,2026-06-01,2026-08-01T00:00:00+00:00,chp_notifiable,"Hong Kong, China CHP Notifiable Diseases",https://www.chp.gov.hk/en/static/24012.html,open_data_csv,chp_notifiable,"Hong Kong, China CHP Notifiable Diseases",https://www.chp.gov.hk/en/static/24012.html,open_data_csv,legacy_fallback,legacy_fallback,,legacy_identity_may_be_lossy,,0,
disease,D165,amebiasis,Amebiasis,HK,"Hong Kong, China",D165,Amebiasis,阿米巴病,Parasitic,2008-03-01,2008-03,0,0.0,0,,missing_population,,1997-01-01,2026-06-01,2026-08-01T00:00:00+00:00,chp_notifiable,"Hong Kong, China CHP Notifiable Diseases",https://www.chp.gov.hk/en/static/24012.html,open_data_csv,chp_notifiable,"Hong Kong, China CHP Notifiable Diseases",https://www.chp.gov.hk/en/static/24012.html,open_data_csv,legacy_fallback,legacy_fallback,,legacy_identity_may_be_lossy,,0,
disease,D165,amebiasis,Amebiasis,HK,"Hong Kong, China",D165,Amebiasis,阿米巴病,Parasitic,2008-04-01,2008-04,0,0.0,0,,missing_population,,1997-01-01,2026-06-01,2026-08-01T00:00:00+00:00,chp_notifiable,"Hong Kong, China CHP Notifiable Diseases",https://www.chp.gov.hk/en/static/24012.html,open_data_csv,chp_notifiable,"Hong Kong, China CHP Notifiable Diseases",https://www.chp.gov.hk/en/static/24012.html,open_data_csv,legacy_fallback,legacy_fallback,,legacy_identity_may_be_lossy,,0,
disease,D165,amebiasis,Amebiasis,HK,"Hong Kong, China",D165,Amebiasis,阿米巴病,Parasitic,2008-05-01,2008-05,0,0.0,0,,missing_population,,1997-01-01,2026-06-01,2026-08-01T00:00:00+00:00,chp_notifiable,"Hong Kong, China CHP Notifiable Diseases",https://www.chp.gov.hk/en/static/24012.html,open_data_csv,chp_notifiable,"Hong Kong, China CHP Notifiable Diseases",https://www.chp.gov.hk/en/static/24012.html,open_data_csv,legacy_fallback,legacy_fallback,,legacy_identity_may_be_lossy,,0,
disease,D165,amebiasis,Amebiasis,HK,"Hong Kong, China",D165,Amebiasis,阿米巴病,Parasitic,2008-06-01,2008-06,0,0.0,0,,missing_population,,1997-01-01,2026-06-01,2026-08-01T00:00:00+00:00,chp_notifiable,"Hong Kong, China CHP Notifiable Diseases",https://www.chp.gov.hk/en/static/24012.html,open_data_csv,chp_notifiable,"Hong Kong, China CHP Notifiable Diseases",https://www.chp.gov.hk/en/static/24012.html,open_data_csv,legacy_fallback,legacy_fallback,,legacy_identity_may_be_lossy,,0,
disease,D165,amebiasis,Amebiasis,HK,"Hong Kong, China",D165,Amebiasis,阿米巴病,Parasitic,2008-07-01,2008-07,1,0.23333333333333334,0,,missing_population,,1997-01-01,2026-06-01,2026-08-01T00:00:00+00:00,chp_notifiable,"Hong Kong, China CHP Notifiable Diseases",https://www.chp.gov.hk/en/static/24012.html,open_data_csv,chp_notifiable,"Hong Kong, China CHP Notifiable Diseases",https://www.chp.gov.hk/en/static/24012.html,open_data_csv,legacy_fallback,legacy_fallback,,legacy_identity_may_be_lossy,,0,
disease,D165,amebiasis,Amebiasis,HK,"Hong Kong, China",D165,Amebiasis,阿米巴病,Parasitic,2008-08-01,2008-08,0,0.0,0,,missing_population,,1997-01-01,2026-06-01,2026-08-01T00:00:00+00:00,chp_notifiable,"Hong Kong, China CHP Notifiable Diseases",https://www.chp.gov.hk/en/static/24012.html,open_data_csv,chp_notifiable,"Hong Kong, China CHP Notifiable Diseases",https://www.chp.gov.hk/en/static/24012.html,open_data_csv,legacy_fallback,legacy_fallback,,legacy_identity_may_be_lossy,,0,
disease,D165,amebiasis,Amebiasis,HK,"Hong Kong, China",D165,Amebiasis,阿米巴病,Parasitic,2008-09-01,2008-09,0,0.0,0,,missing_population,,1997-01-01,2026-06-01,2026-08-01T00:00:00+00:00,chp_notifiable,"Hong Kong, China CHP Notifiable Diseases",https://www.chp.gov.hk/en/static/24012.html,open_data_csv,chp_notifiable,"Hong Kong, China CHP Notifiable Diseases",https://www.chp.gov.hk/en/static/24012.html,open_data_csv,legacy_fallback,legacy_fallback,,legacy_identity_may_be_lossy,,0,
disease,D165,amebiasis,Amebiasis,HK,"Hong Kong, China",D165,Amebiasis,阿米巴病,Parasitic,2008-10-01,2008-10,0,0.0,0,,missing_population,,1997-01-01,2026-06-01,2026-08-01T00:00:00+00:00,chp_notifiable,"Hong Kong, China CHP Notifiable Diseases",https://www.chp.gov.hk/en/static/24012.html,open_data_csv,chp_notifiable,"Hong Kong, China CHP Notifiable Diseases",https://www.chp.gov.hk/en/static/24012.html,open_data_csv,legacy_fallback,legacy_fallback,,legacy_identity_may_be_lossy,,0,
disease,D165,amebiasis,Amebiasis,HK,"Hong Kong, China",D165,Amebiasis,阿米巴病,Parasitic,2008-11-01,2008-11,0,0.0,0,,missing_population,,1997-01-01,2026-06-01,2026-08-01T00:00:00+00:00,chp_notifiable,"Hong Kong, China CHP Notifiable Diseases",https://www.chp.gov.hk/en/static/24012.html,open_data_csv,chp_notifiable,"Hong Kong, China CHP Notifiable Diseases",https://www.chp.gov.hk/en/static/24012.html,open_data_csv,legacy_fallback,legacy_fallback,,legacy_identity_may_be_lossy,,0,
disease,D165,amebiasis,Amebiasis,HK,"Hong Kong, China",D165,Amebiasis,阿米巴病,Parasitic,2008-12-01,2008-12,0,0.0,0,,missing_population,,1997-01-01,2026-06-01,2026-08-01T00:00:00+00:00,chp_notifiable,"Hong Kong, China CHP Notifiable Diseases",https://www.chp.gov.hk/en/static/24012.html,open_data_csv,chp_notifiable,"Hong Kong, China CHP Notifiable Diseases",https://www.chp.gov.hk/en/static/24012.html,open_data_csv,legacy_fallback,legacy_fallback,,legacy_identity_may_be_lossy,,0,
disease,D165,amebiasis,Amebiasis,HK,"Hong Kong, China",D165,Amebiasis,阿米巴病,Parasitic,2009-01-01,2009-01,0,0.0,0,,missing_population,,1997-01-01,2026-06-01,2026-08-01T00:00:00+00:00,chp_notifiable,"Hong Kong, China CHP Notifiable Diseases",https://www.chp.gov.hk/en/static/24012.html,open_data_csv,chp_notifiable,"Hong Kong, China CHP Notifiable Diseases",https://www.chp.gov.hk/en/static/24012.html,open_data_csv,legacy_fallback,legacy_fallback,,legacy_identity_may_be_lossy,,0,
disease,D165,amebiasis,Amebiasis,HK,"Hong Kong, China",D165,Amebiasis,阿米巴病,Parasitic,2009-02-01,2009-02,0,0.0,0,,missing_population,,1997-01-01,2026-06-01,2026-08-01T00:00:00+00:00,chp_notifiable,"Hong Kong, China CHP Notifiable Diseases",https://www.chp.gov.hk/en/static/24012.html,open_data_csv,chp_notifiable,"Hong Kong, China CHP Notifiable Diseases",https://www.chp.gov.hk/en/static/24012.html,open_data_csv,legacy_fallback,legacy_fallback,,legacy_identity_may_be_lossy,,0,
disease,D165,amebiasis,Amebiasis,HK,"Hong Kong, China",D165,Amebiasis,阿米巴病,Parasitic,2009-03-01,2009-03,1,0.25,0,,missing_population,,1997-01-01,2026-06-01,2026-08-01T00:00:00+00:00,chp_notifiable,"Hong Kong, China CHP Notifiable Diseases",https://www.chp.gov.hk/en/static/24012.html,open_data_csv,chp_notifiable,"Hong Kong, China CHP Notifiable Diseases",https://www.chp.gov.hk/en/static/24012.html,open_data_csv,legacy_fallback,legacy_fallback,,legacy_identity_may_be_lossy,,0,
disease,D165,amebiasis,Amebiasis,HK,"Hong Kong, China",D165,Amebiasis,阿米巴病,Parasitic,2009-04-01,2009-04,1,0.22580645161290322,0,,missing_population,,1997-01-01,2026-06-01,2026-08-01T00:00:00+00:00,chp_notifiable,"Hong Kong, China CHP Notifiable Diseases",https://www.chp.gov.hk/en/static/24012.html,open_data_csv,chp_notifiable,"Hong Kong, China CHP Notifiable Diseases",https://www.chp.gov.hk/en/static/24012.html,open_data_csv,legacy_fallback,legacy_fallback,,legacy_identity_may_be_lossy,,0,
disease,D165,amebiasis,Amebiasis,HK,"Hong Kong, China",D165,Amebiasis,阿米巴病,Parasitic,2009-05-01,2009-05,2,0.4666666666666667,0,,missing_population,,1997-01-01,2026-06-01,2026-08-01T00:00:00+00:00,chp_notifiable,"Hong Kong, China CHP Notifiable Diseases",https://www.chp.gov.hk/en/static/24012.html,open_data_csv,chp_notifiable,"Hong Kong, China CHP Notifiable Diseases",https://www.chp.gov.hk/en/static/24012.html,open_data_csv,legacy_fallback,legacy_fallback,,legacy_identity_may_be_lossy,,0,
disease,D165,amebiasis,Amebiasis,HK,"Hong Kong, China",D165,Amebiasis,阿米巴病,Parasitic,2009-06-01,2009-06,0,0.0,0,,missing_population,,1997-01-01,2026-06-01,2026-08-01T00:00:00+00:00,chp_notifiable,"Hong Kong, China CHP Notifiable Diseases",https://www.chp.gov.hk/en/static/24012.html,open_data_csv,chp_notifiable,"Hong Kong, China CHP Notifiable Diseases",https://www.chp.gov.hk/en/static/24012.html,open_data_csv,legacy_fallback,legacy_fallback,,legacy_identity_may_be_lossy,,0,
disease,D165,amebiasis,Amebiasis,HK,"Hong Kong, China",D165,Amebiasis,阿米巴病,Parasitic,2009-07-01,2009-07,0,0.0,0,,missing_population,,1997-01-01,2026-06-01,2026-08-01T00:00:00+00:00,chp_notifiable,"Hong Kong, China CHP Notifiable Diseases",https://www.chp.gov.hk/en/static/24012.html,open_data_csv,chp_notifiable,"Hong Kong, China CHP Notifiable Diseases",https://www.chp.gov.hk/en/static/24012.html,open_data_csv,legacy_fallback,legacy_fallback,,legacy_identity_may_be_lossy,,0,
disease,D165,amebiasis,Amebiasis,HK,"Hong Kong, China",D165,Amebiasis,阿米巴病,Parasitic,2009-08-01,2009-08,2,0.45161290322580644,0,,missing_population,,1997-01-01,2026-06-01,2026-08-01T00:00:00+00:00,chp_notifiable,"Hong Kong, China CHP Notifiable Diseases",https://www.chp.gov.hk/en/static/24012.html,open_data_csv,chp_notifiable,"Hong Kong, China CHP Notifiable Diseases",https://www.chp.gov.hk/en/static/24012.html,open_data_csv,legacy_fallback,legacy_fallback,,legacy_identity_may_be_lossy,,0,
disease,D165,amebiasis,Amebiasis,HK,"Hong Kong, China",D165,Amebiasis,阿米巴病,Parasitic,2009-09-01,2009-09,0,0.0,0,,missing_population,,1997-01-01,2026-06-01,2026-08-01T00:00:00+00:00,chp_notifiable,"Hong Kong, China CHP Notifiable Diseases",https://www.chp.gov.hk/en/static/24012.html,open_data_csv,chp_notifiable,"Hong Kong, China CHP Notifiable Diseases",https://www.chp.gov.hk/en/static/24012.html,open_data_csv,legacy_fallback,legacy_fallback,,legacy_identity_may_be_lossy,,0,
disease,D165,amebiasis,Amebiasis,HK,"Hong Kong, China",D165,Amebiasis,阿米巴病,Parasitic,2009-10-01,2009-10,0,0.0,0,,missing_population,,1997-01-01,2026-06-01,2026-08-01T00:00:00+00:00,chp_notifiable,"Hong Kong, China CHP Notifiable Diseases",https://www.chp.gov.hk/en/static/24012.html,open_data_csv,chp_notifiable,"Hong Kong, China CHP Notifiable Diseases",https://www.chp.gov.hk/en/static/24012.html,open_data_csv,legacy_fallback,legacy_fallback,,legacy_identity_may_be_lossy,,0,
disease,D165,amebiasis,Amebiasis,HK,"Hong Kong, China",D165,Amebiasis,阿米巴病,Parasitic,2009-11-01,2009-11,0,0.0,0,,missing_population,,1997-01-01,2026-06-01,2026-08-01T00:00:00+00:00,chp_notifiable,"Hong Kong, China CHP Notifiable Diseases",https://www.chp.gov.hk/en/static/24012.html,open_data_csv,chp_notifiable,"Hong Kong, China CHP Notifiable Diseases",https://www.chp.gov.hk/en/static/24012.html,open_data_csv,legacy_fallback,legacy_fallback,,legacy_identity_may_be_lossy,,0,
disease,D165,amebiasis,Amebiasis,HK,"Hong Kong, China",D165,Amebiasis,阿米巴病,Parasitic,2009-12-01,2009-12,0,0.0,0,,missing_population,,1997-01-01,2026-06-01,2026-08-01T00:00:00+00:00,chp_notifiable,"Hong Kong, China CHP Notifiable Diseases",https://www.chp.gov.hk/en/static/24012.html,open_data_csv,chp_notifiable,"Hong Kong, China CHP Notifiable Diseases",https://www.chp.gov.hk/en/static/24012.html,open_data_csv,legacy_fallback,legacy_fallback,,legacy_identity_may_be_lossy,,0,
disease,D165,amebiasis,Amebiasis,HK,"Hong Kong, China",D165,Amebiasis,阿米巴病,Parasitic,2010-01-01,2010-01,0,0.0,0,,missing_population,,1997-01-01,2026-06-01,2026-08-01T00:00:00+00:00,chp_notifiable,"Hong Kong, China CHP Notifiable Diseases",https://www.chp.gov.hk/en/static/24012.html,open_data_csv,chp_notifiable,"Hong Kong, China CHP Notifiable Diseases",https://www.chp.gov.hk/en/static/24012.html,open_data_csv,legacy_fallback,legacy_fallback,,legacy_identity_may_be_lossy,,0,
disease,D165,amebiasis,Amebiasis,HK,"Hong Kong, China",D165,Amebiasis,阿米巴病,Parasitic,2010-02-01,2010-02,0,0.0,0,,missing_population,,1997-01-01,2026-06-01,2026-08-01T00:00:00+00:00,chp_notifiable,"Hong Kong, China CHP Notifiable Diseases",https://www.chp.gov.hk/en/static/24012.html,open_data_csv,chp_notifiable,"Hong Kong, China CHP Notifiable Diseases",https://www.chp.gov.hk/en/static/24012.html,open_data_csv,legacy_fallback,legacy_fallback,,legacy_identity_may_be_lossy,,0,
disease,D165,amebiasis,Amebiasis,HK,"Hong Kong, China",D165,Amebiasis,阿米巴病,Parasitic,2010-03-01,2010-03,1,0.25,0,,missing_population,,1997-01-01,2026-06-01,2026-08-01T00:00:00+00:00,chp_notifiable,"Hong Kong, China CHP Notifiable Diseases",https://www.chp.gov.hk/en/static/24012.html,open_data_csv,chp_notifiable,"Hong Kong, China CHP Notifiable Diseases",https://www.chp.gov.hk/en/static/24012.html,open_data_csv,legacy_fallback,legacy_fallback,,legacy_identity_may_be_lossy,,0,
disease,D165,amebiasis,Amebiasis,HK,"Hong Kong, China",D165,Amebiasis,阿米巴病,Parasitic,2010-04-01,2010-04,1,0.22580645161290322,0,,missing_population,,1997-01-01,2026-06-01,2026-08-01T00:00:00+00:00,chp_notifiable,"Hong Kong, China CHP Notifiable Diseases",https://www.chp.gov.hk/en/static/24012.html,open_data_csv,chp_notifiable,"Hong Kong, China CHP Notifiable Diseases",https://www.chp.gov.hk/en/static/24012.html,open_data_csv,legacy_fallback,legacy_fallback,,legacy_identity_may_be_lossy,,0,
disease,D165,amebiasis,Amebiasis,HK,"Hong Kong, China",D165,Amebiasis,阿米巴病,Parasitic,2010-05-01,2010-05,0,0.0,0,,missing_population,,1997-01-01,2026-06-01,2026-08-01T00:00:00+00:00,chp_notifiable,"Hong Kong, China CHP Notifiable Diseases",https://www.chp.gov.hk/en/static/24012.html,open_data_csv,chp_notifiable,"Hong Kong, China CHP Notifiable Diseases",https://www.chp.gov.hk/en/static/24012.html,open_data_csv,legacy_fallback,legacy_fallback,,legacy_identity_may_be_lossy,,0,
disease,D165,amebiasis,Amebiasis,HK,"Hong Kong, China",D165,Amebiasis,阿米巴病,Parasitic,2010-06-01,2010-06,0,0.0,0,,missing_population,,1997-01-01,2026-06-01,2026-08-01T00:00:00+00:00,chp_notifiable,"Hong Kong, China CHP Notifiable Diseases",https://www.chp.gov.hk/en/static/24012.html,open_data_csv,chp_notifiable,"Hong Kong, China CHP Notifiable Diseases",https://www.chp.gov.hk/en/static/24012.html,open_data_csv,legacy_fallback,legacy_fallback,,legacy_identity_may_be_lossy,,0,
disease,D165,amebiasis,Amebiasis,HK,"Hong Kong, China",D165,Amebiasis,阿米巴病,Parasitic,2010-07-01,2010-07,0,0.0,0,,missing_population,,1997-01-01,2026-06-01,2026-08-01T00:00:00+00:00,chp_notifiable,"Hong Kong, China CHP Notifiable Diseases",https://www.chp.gov.hk/en/static/24012.html,open_data_csv,chp_notifiable,"Hong Kong, China CHP Notifiable Diseases",https://www.chp.gov.hk/en/static/24012.html,open_data_csv,legacy_fallback,legacy_fallback,,legacy_identity_may_be_lossy,,0,
disease,D165,amebiasis,Amebiasis,HK,"Hong Kong, China",D165,Amebiasis,阿米巴病,Parasitic,2010-08-01,2010-08,0,0.0,0,,missing_population,,1997-01-01,2026-06-01,2026-08-01T00:00:00+00:00,chp_notifiable,"Hong Kong, China CHP Notifiable Diseases",https://www.chp.gov.hk/en/static/24012.html,open_data_csv,chp_notifiable,"Hong Kong, China CHP Notifiable Diseases",https://www.chp.gov.hk/en/static/24012.html,open_data_csv,legacy_fallback,legacy_fallback,,legacy_identity_may_be_lossy,,0,
disease,D165,amebiasis,Amebiasis,HK,"Hong Kong, China",D165,Amebiasis,阿米巴病,Parasitic,2010-09-01,2010-09,0,0.0,0,,missing_population,,1997-01-01,2026-06-01,2026-08-01T00:00:00+00:00,chp_notifiable,"Hong Kong, China CHP Notifiable Diseases",https://www.chp.gov.hk/en/static/24012.html,open_data_csv,chp_notifiable,"Hong Kong, China CHP Notifiable Diseases",https://www.chp.gov.hk/en/static/24012.html,open_data_csv,legacy_fallback,legacy_fallback,,legacy_identity_may_be_lossy,,0,
disease,D165,amebiasis,Amebiasis,HK,"Hong Kong, China",D165,Amebiasis,阿米巴病,Parasitic,2010-10-01,2010-10,0,0.0,0,,missing_population,,1997-01-01,2026-06-01,2026-08-01T00:00:00+00:00,chp_notifiable,"Hong Kong, China CHP Notifiable Diseases",https://www.chp.gov.hk/en/static/24012.html,open_data_csv,chp_notifiable,"Hong Kong, China CHP Notifiable Diseases",https://www.chp.gov.hk/en/static/24012.html,open_data_csv,legacy_fallback,legacy_fallback,,legacy_identity_may_be_lossy,,0,
disease,D165,amebiasis,Amebiasis,HK,"Hong Kong, China",D165,Amebiasis,阿米巴病,Parasitic,2010-11-01,2010-11,0,0.0,0,,missing_population,,1997-01-01,2026-06-01,2026-08-01T00:00:00+00:00,chp_notifiable,"Hong Kong, China CHP Notifiable Diseases",https://www.chp.gov.hk/en/static/24012.html,open_data_csv,chp_notifiable,"Hong Kong, China CHP Notifiable Diseases",https://www.chp.gov.hk/en/static/24012.html,open_data_csv,legacy_fallback,legacy_fallback,,legacy_identity_may_be_lossy,,0,
disease,D165,amebiasis,Amebiasis,HK,"Hong Kong, China",D165,Amebiasis,阿米巴病,Parasitic,2010-12-01,2010-12,0,0.0,0,,missing_population,,1997-01-01,2026-06-01,2026-08-01T00:00:00+00:00,chp_notifiable,"Hong Kong, China CHP Notifiable Diseases",https://www.chp.gov.hk/en/static/24012.html,open_data_csv,chp_notifiable,"Hong Kong, China CHP Notifiable Diseases",https://www.chp.gov.hk/en/static/24012.html,open_data_csv,legacy_fallback,legacy_fallback,,legacy_identity_may_be_lossy,,0,
disease,D165,amebiasis,Amebiasis,HK,"Hong Kong, China",D165,Amebiasis,阿米巴病,Parasitic,2011-01-01,2011-01,0,0.0,0,,missing_population,,1997-01-01,2026-06-01,2026-08-01T00:00:00+00:00,chp_notifiable,"Hong Kong, China CHP Notifiable Diseases",https://www.chp.gov.hk/en/static/24012.html,open_data_csv,chp_notifiable,"Hong Kong, China CHP Notifiable Diseases",https://www.chp.gov.hk/en/static/24012.html,open_data_csv,legacy_fallback,legacy_fallback,,legacy_identity_may_be_lossy,,0,
disease,D165,amebiasis,Amebiasis,HK,"Hong Kong, China",D165,Amebiasis,阿米巴病,Parasitic,2011-02-01,2011-02,0,0.0,0,,missing_population,,1997-01-01,2026-06-01,2026-08-01T00:00:00+00:00,chp_notifiable,"Hong Kong, China CHP Notifiable Diseases",https://www.chp.gov.hk/en/static/24012.html,open_data_csv,chp_notifiable,"Hong Kong, China CHP Notifiable Diseases",https://www.chp.gov.hk/en/static/24012.html,open_data_csv,legacy_fallback,legacy_fallback,,legacy_identity_may_be_lossy,,0,
disease,D165,amebiasis,Amebiasis,HK,"Hong Kong, China",D165,Amebiasis,阿米巴病,Parasitic,2011-03-01,2011-03,1,0.25,0,,missing_population,,1997-01-01,2026-06-01,2026-08-01T00:00:00+00:00,chp_notifiable,"Hong Kong, China CHP Notifiable Diseases",https://www.chp.gov.hk/en/static/24012.html,open_data_csv,chp_notifiable,"Hong Kong, China CHP Notifiable Diseases",https://www.chp.gov.hk/en/static/24012.html,open_data_csv,legacy_fallback,legacy_fallback,,legacy_identity_may_be_lossy,,0,
disease,D165,amebiasis,Amebiasis,HK,"Hong Kong, China",D165,Amebiasis,阿米巴病,Parasitic,2011-04-01,2011-04,1,0.22580645161290322,0,,missing_population,,1997-01-01,2026-06-01,2026-08-01T00:00:00+00:00,chp_notifiable,"Hong Kong, China CHP Notifiable Diseases",https://www.chp.gov.hk/en/static/24012.html,open_data_csv,chp_notifiable,"Hong Kong, China CHP Notifiable Diseases",https://www.chp.gov.hk/en/static/24012.html,open_data_csv,legacy_fallback,legacy_fallback,,legacy_identity_may_be_lossy,,0,
disease,D165,amebiasis,Amebiasis,HK,"Hong Kong, China",D165,Amebiasis,阿米巴病,Parasitic,2011-05-01,2011-05,0,0.0,0,,missing_population,,1997-01-01,2026-06-01,2026-08-01T00:00:00+00:00,chp_notifiable,"Hong Kong, China CHP Notifiable Diseases",https://www.chp.gov.hk/en/static/24012.html,open_data_csv,chp_notifiable,"Hong Kong, China CHP Notifiable Diseases",https://www.chp.gov.hk/en/static/24012.html,open_data_csv,legacy_fallback,legacy_fallback,,legacy_identity_may_be_lossy,,0,
disease,D165,amebiasis,Amebiasis,HK,"Hong Kong, China",D165,Amebiasis,阿米巴病,Parasitic,2011-06-01,2011-06,0,0.0,0,,missing_population,,1997-01-01,2026-06-01,2026-08-01T00:00:00+00:00,chp_notifiable,"Hong Kong, China CHP Notifiable Diseases",https://www.chp.gov.hk/en/static/24012.html,open_data_csv,chp_notifiable,"Hong Kong, China CHP Notifiable Diseases",https://www.chp.gov.hk/en/static/24012.html,open_data_csv,legacy_fallback,legacy_fallback,,legacy_identity_may_be_lossy,,0,
disease,D165,amebiasis,Amebiasis,HK,"Hong Kong, China",D165,Amebiasis,阿米巴病,Parasitic,2011-07-01,2011-07,0,0.0,0,,missing_population,,1997-01-01,2026-06-01,2026-08-01T00:00:00+00:00,chp_notifiable,"Hong Kong, China CHP Notifiable Diseases",https://www.chp.gov.hk/en/static/24012.html,open_data_csv,chp_notifiable,"Hong Kong, China CHP Notifiable Diseases",https://www.chp.gov.hk/en/static/24012.html,open_data_csv,legacy_fallback,legacy_fallback,,legacy_identity_may_be_lossy,,0,
disease,D165,amebiasis,Amebiasis,HK,"Hong Kong, China",D165,Amebiasis,阿米巴病,Parasitic,2011-08-01,2011-08,1,0.22580645161290322,0,,missing_population,,1997-01-01,2026-06-01,2026-08-01T00:00:00+00:00,chp_notifiable,"Hong Kong, China CHP Notifiable Diseases",https://www.chp.gov.hk/en/static/24012.html,open_data_csv,chp_notifiable,"Hong Kong, China CHP Notifiable Diseases",https://www.chp.gov.hk/en/static/24012.html,open_data_csv,legacy_fallback,legacy_fallback,,legacy_identity_may_be_lossy,,0,
disease,D165,amebiasis,Amebiasis,HK,"Hong Kong, China",D165,Amebiasis,阿米巴病,Parasitic,2011-09-01,2011-09,1,0.22580645161290322,0,,missing_population,,1997-01-01,2026-06-01,2026-08-01T00:00:00+00:00,chp_notifiable,"Hong Kong, China CHP Notifiable Diseases",https://www.chp.gov.hk/en/static/24012.html,open_data_csv,chp_notifiable,"Hong Kong, China CHP Notifiable Diseases",https://www.chp.gov.hk/en/static/24012.html,open_data_csv,legacy_fallback,legacy_fallback,,legacy_identity_may_be_lossy,,0,
disease,D165,amebiasis,Amebiasis,HK,"Hong Kong, China",D165,Amebiasis,阿米巴病,Parasitic,2011-10-01,2011-10,1,0.23333333333333334,0,,missing_population,,1997-01-01,2026-06-01,2026-08-01T00:00:00+00:00,chp_notifiable,"Hong Kong, China CHP Notifiable Diseases",https://www.chp.gov.hk/en/static/24012.html,open_data_csv,chp_notifiable,"Hong Kong, China CHP Notifiable Diseases",https://www.chp.gov.hk/en/static/24012.html,open_data_csv,legacy_fallback,legacy_fallback,,legacy_identity_may_be_lossy,,0,
disease,D165,amebiasis,Amebiasis,HK,"Hong Kong, China",D165,Amebiasis,阿米巴病,Parasitic,2011-11-01,2011-11,2,0.45161290322580644,0,,missing_population,,1997-01-01,2026-06-01,2026-08-01T00:00:00+00:00,chp_notifiable,"Hong Kong, China CHP Notifiable Diseases",https://www.chp.gov.hk/en/static/24012.html,open_data_csv,chp_notifiable,"Hong Kong, China CHP Notifiable Diseases",https://www.chp.gov.hk/en/static/24012.html,open_data_csv,legacy_fallback,legacy_fallback,,legacy_identity_may_be_lossy,,0,
disease,D165,amebiasis,Amebiasis,HK,"Hong Kong, China",D165,Amebiasis,阿米巴病,Parasitic,2011-12-01,2011-12,0,0.0,0,,missing_population,,1997-01-01,2026-06-01,2026-08-01T00:00:00+00:00,chp_notifiable,"Hong Kong, China CHP Notifiable Diseases",https://www.chp.gov.hk/en/static/24012.html,open_data_csv,chp_notifiable,"Hong Kong, China CHP Notifiable Diseases",https://www.chp.gov.hk/en/static/24012.html,open_data_csv,legacy_fallback,legacy_fallback,,legacy_identity_may_be_lossy,,0,
disease,D165,amebiasis,Amebiasis,HK,"Hong Kong, China",D165,Amebiasis,阿米巴病,Parasitic,2012-01-01,2012-01,0,0.0,0,,missing_population,,1997-01-01,2026-06-01,2026-08-01T00:00:00+00:00,chp_notifiable,"Hong Kong, China CHP Notifiable Diseases",https://www.chp.gov.hk/en/static/24012.html,open_data_csv,chp_notifiable,"Hong Kong, China CHP Notifiable Diseases",https://www.chp.gov.hk/en/static/24012.html,open_data_csv,legacy_fallback,legacy_fallback,,legacy_identity_may_be_lossy,,0,
disease,D165,amebiasis,Amebiasis,HK,"Hong Kong, China",D165,Amebiasis,阿米巴病,Parasitic,2012-02-01,2012-02,0,0.0,0,,missing_population,,1997-01-01,2026-06-01,2026-08-01T00:00:00+00:00,chp_notifiable,"Hong Kong, China CHP Notifiable Diseases",https://www.chp.gov.hk/en/static/24012.html,open_data_csv,chp_notifiable,"Hong Kong, China CHP Notifiable Diseases",https://www.chp.gov.hk/en/static/24012.html,open_data_csv,legacy_fallback,legacy_fallback,,legacy_identity_may_be_lossy,,0,
disease,D165,amebiasis,Amebiasis,HK,"Hong Kong, China",D165,Amebiasis,阿米巴病,Parasitic,2012-03-01,2012-03,0,0.0,0,,missing_population,,1997-01-01,2026-06-01,2026-08-01T00:00:00+00:00,chp_notifiable,"Hong Kong, China CHP Notifiable Diseases",https://www.chp.gov.hk/en/static/24012.html,open_data_csv,chp_notifiable,"Hong Kong, China CHP Notifiable Diseases",https://www.chp.gov.hk/en/static/24012.html,open_data_csv,legacy_fallback,legacy_fallback,,legacy_identity_may_be_lossy,,0,
disease,D165,amebiasis,Amebiasis,HK,"Hong Kong, China",D165,Amebiasis,阿米巴病,Parasitic,2012-04-01,2012-04,0,0.0,0,,missing_population,,1997-01-01,2026-06-01,2026-08-01T00:00:00+00:00,chp_notifiable,"Hong Kong, China CHP Notifiable Diseases",https://www.chp.gov.hk/en/static/24012.html,open_data_csv,chp_notifiable,"Hong Kong, China CHP Notifiable Diseases",https://www.chp.gov.hk/en/static/24012.html,open_data_csv,legacy_fallback,legacy_fallback,,legacy_identity_may_be_lossy,,0,
disease,D165,amebiasis,Amebiasis,HK,"Hong Kong, China",D165,Amebiasis,阿米巴病,Parasitic,2012-05-01,2012-05,1,0.23333333333333334,0,,missing_population,,1997-01-01,2026-06-01,2026-08-01T00:00:00+00:00,chp_notifiable,"Hong Kong, China CHP Notifiable Diseases",https://www.chp.gov.hk/en/static/24012.html,open_data_csv,chp_notifiable,"Hong Kong, China CHP Notifiable Diseases",https://www.chp.gov.hk/en/static/24012.html,open_data_csv,legacy_fallback,legacy_fallback,,legacy_identity_may_be_lossy,,0,
disease,D165,amebiasis,Amebiasis,HK,"Hong Kong, China",D165,Amebiasis,阿米巴病,Parasitic,2012-06-01,2012-06,0,0.0,0,,missing_population,,1997-01-01,2026-06-01,2026-08-01T00:00:00+00:00,chp_notifiable,"Hong Kong, China CHP Notifiable Diseases",https://www.chp.gov.hk/en/static/24012.html,open_data_csv,chp_notifiable,"Hong Kong, China CHP Notifiable Diseases",https://www.chp.gov.hk/en/static/24012.html,open_data_csv,legacy_fallback,legacy_fallback,,legacy_identity_may_be_lossy,,0,
disease,D165,amebiasis,Amebiasis,HK,"Hong Kong, China",D165,Amebiasis,阿米巴病,Parasitic,2012-07-01,2012-07,1,0.23333333333333334,0,,missing_population,,1997-01-01,2026-06-01,2026-08-01T00:00:00+00:00,chp_notifiable,"Hong Kong, China CHP Notifiable Diseases",https://www.chp.gov.hk/en/static/24012.html,open_data_csv,chp_notifiable,"Hong Kong, China CHP Notifiable Diseases",https://www.chp.gov.hk/en/static/24012.html,open_data_csv,legacy_fallback,legacy_fallback,,legacy_identity_may_be_lossy,,0,
disease,D165,amebiasis,Amebiasis,HK,"Hong Kong, China",D165,Amebiasis,阿米巴病,Parasitic,2012-08-01,2012-08,1,0.22580645161290322,0,,missing_population,,1997-01-01,2026-06-01,2026-08-01T00:00:00+00:00,chp_notifiable,"Hong Kong, China CHP Notifiable Diseases",https://www.chp.gov.hk/en/static/24012.html,open_data_csv,chp_notifiable,"Hong Kong, China CHP Notifiable Diseases",https://www.chp.gov.hk/en/static/24012.html,open_data_csv,legacy_fallback,legacy_fallback,,legacy_identity_may_be_lossy,,0,
disease,D165,amebiasis,Amebiasis,HK,"Hong Kong, China",D165,Amebiasis,阿米巴病,Parasitic,2012-09-01,2012-09,0,0.0,0,,missing_population,,1997-01-01,2026-06-01,2026-08-01T00:00:00+00:00,chp_notifiable,"Hong Kong, China CHP Notifiable Diseases",https://www.chp.gov.hk/en/static/24012.html,open_data_csv,chp_notifiable,"Hong Kong, China CHP Notifiable Diseases",https://www.chp.gov.hk/en/static/24012.html,open_data_csv,legacy_fallback,legacy_fallback,,legacy_identity_may_be_lossy,,0,
disease,D165,amebiasis,Amebiasis,HK,"Hong Kong, China",D165,Amebiasis,阿米巴病,Parasitic,2012-10-01,2012-10,1,0.23333333333333334,0,,missing_population,,1997-01-01,2026-06-01,2026-08-01T00:00:00+00:00,chp_notifiable,"Hong Kong, China CHP Notifiable Diseases",https://www.chp.gov.hk/en/static/24012.html,open_data_csv,chp_notifiable,"Hong Kong, China CHP Notifiable Diseases",https://www.chp.gov.hk/en/static/24012.html,open_data_csv,legacy_fallback,legacy_fallback,,legacy_identity_may_be_lossy,,0,
disease,D165,amebiasis,Amebiasis,HK,"Hong Kong, China",D165,Amebiasis,阿米巴病,Parasitic,2012-11-01,2012-11,1,0.22580645161290322,0,,missing_population,,1997-01-01,2026-06-01,2026-08-01T00:00:00+00:00,chp_notifiable,"Hong Kong, China CHP Notifiable Diseases",https://www.chp.gov.hk/en/static/24012.html,open_data_csv,chp_notifiable,"Hong Kong, China CHP Notifiable Diseases",https://www.chp.gov.hk/en/static/24012.html,open_data_csv,legacy_fallback,legacy_fallback,,legacy_identity_may_be_lossy,,0,
disease,D165,amebiasis,Amebiasis,HK,"Hong Kong, China",D165,Amebiasis,阿米巴病,Parasitic,2012-12-01,2012-12,2,0.4666666666666667,0,,missing_population,,1997-01-01,2026-06-01,2026-08-01T00:00:00+00:00,chp_notifiable,"Hong Kong, China CHP Notifiable Diseases",https://www.chp.gov.hk/en/static/24012.html,open_data_csv,chp_notifiable,"Hong Kong, China CHP Notifiable Diseases",https://www.chp.gov.hk/en/static/24012.html,open_data_csv,legacy_fallback,legacy_fallback,,legacy_identity_may_be_lossy,,0,
disease,D165,amebiasis,Amebiasis,HK,"Hong Kong, China",D165,Amebiasis,阿米巴病,Parasitic,2013-01-01,2013-01,0,0.0,0,,missing_population,,1997-01-01,2026-06-01,2026-08-01T00:00:00+00:00,chp_notifiable,"Hong Kong, China CHP Notifiable Diseases",https://www.chp.gov.hk/en/static/24012.html,open_data_csv,chp_notifiable,"Hong Kong, China CHP Notifiable Diseases",https://www.chp.gov.hk/en/static/24012.html,open_data_csv,legacy_fallback,legacy_fallback,,legacy_identity_may_be_lossy,,0,
disease,D165,amebiasis,Amebiasis,HK,"Hong Kong, China",D165,Amebiasis,阿米巴病,Parasitic,2013-02-01,2013-02,1,0.22580645161290322,0,,missing_population,,1997-01-01,2026-06-01,2026-08-01T00:00:00+00:00,chp_notifiable,"Hong Kong, China CHP Notifiable Diseases",https://www.chp.gov.hk/en/static/24012.html,open_data_csv,chp_notifiable,"Hong Kong, China CHP Notifiable Diseases",https://www.chp.gov.hk/en/static/24012.html,open_data_csv,legacy_fallback,legacy_fallback,,legacy_identity_may_be_lossy,,0,
disease,D165,amebiasis,Amebiasis,HK,"Hong Kong, China",D165,Amebiasis,阿米巴病,Parasitic,2013-03-01,2013-03,0,0.0,0,,missing_population,,1997-01-01,2026-06-01,2026-08-01T00:00:00+00:00,chp_notifiable,"Hong Kong, China CHP Notifiable Diseases",https://www.chp.gov.hk/en/static/24012.html,open_data_csv,chp_notifiable,"Hong Kong, China CHP Notifiable Diseases",https://www.chp.gov.hk/en/static/24012.html,open_data_csv,legacy_fallback,legacy_fallback,,legacy_identity_may_be_lossy,,0,
disease,D165,amebiasis,Amebiasis,HK,"Hong Kong, China",D165,Amebiasis,阿米巴病,Parasitic,2013-04-01,2013-04,1,0.22580645161290322,0,,missing_population,,1997-01-01,2026-06-01,2026-08-01T00:00:00+00:00,chp_notifiable,"Hong Kong, China CHP Notifiable Diseases",https://www.chp.gov.hk/en/static/24012.html,open_data_csv,chp_notifiable,"Hong Kong, China CHP Notifiable Diseases",https://www.chp.gov.hk/en/static/24012.html,open_data_csv,legacy_fallback,legacy_fallback,,legacy_identity_may_be_lossy,,0,
disease,D165,amebiasis,Amebiasis,HK,"Hong Kong, China",D165,Amebiasis,阿米巴病,Parasitic,2013-05-01,2013-05,1,0.23333333333333334,0,,missing_population,,1997-01-01,2026-06-01,2026-08-01T00:00:00+00:00,chp_notifiable,"Hong Kong, China CHP Notifiable Diseases",https://www.chp.gov.hk/en/static/24012.html,open_data_csv,chp_notifiable,"Hong Kong, China CHP Notifiable Diseases",https://www.chp.gov.hk/en/static/24012.html,open_data_csv,legacy_fallback,legacy_fallback,,legacy_identity_may_be_lossy,,0,
disease,D165,amebiasis,Amebiasis,HK,"Hong Kong, China",D165,Amebiasis,阿米巴病,Parasitic,2013-06-01,2013-06,0,0.0,0,,missing_population,,1997-01-01,2026-06-01,2026-08-01T00:00:00+00:00,chp_notifiable,"Hong Kong, China CHP Notifiable Diseases",https://www.chp.gov.hk/en/static/24012.html,open_data_csv,chp_notifiable,"Hong Kong, China CHP Notifiable Diseases",https://www.chp.gov.hk/en/static/24012.html,open_data_csv,legacy_fallback,legacy_fallback,,legacy_identity_may_be_lossy,,0,
disease,D165,amebiasis,Amebiasis,HK,"Hong Kong, China",D165,Amebiasis,阿米巴病,Parasitic,2013-07-01,2013-07,0,0.0,0,,missing_population,,1997-01-01,2026-06-01,2026-08-01T00:00:00+00:00,chp_notifiable,"Hong Kong, China CHP Notifiable Diseases",https://www.chp.gov.hk/en/static/24012.html,open_data_csv,chp_notifiable,"Hong Kong, China CHP Notifiable Diseases",https://www.chp.gov.hk/en/static/24012.html,open_data_csv,legacy_fallback,legacy_fallback,,legacy_identity_may_be_lossy,,0,
disease,D165,amebiasis,Amebiasis,HK,"Hong Kong, China",D165,Amebiasis,阿米巴病,Parasitic,2013-08-01,2013-08,0,0.0,0,,missing_population,,1997-01-01,2026-06-01,2026-08-01T00:00:00+00:00,chp_notifiable,"Hong Kong, China CHP Notifiable Diseases",https://www.chp.gov.hk/en/static/24012.html,open_data_csv,chp_notifiable,"Hong Kong, China CHP Notifiable Diseases",https://www.chp.gov.hk/en/static/24012.html,open_data_csv,legacy_fallback,legacy_fallback,,legacy_identity_may_be_lossy,,0,
disease,D165,amebiasis,Amebiasis,HK,"Hong Kong, China",D165,Amebiasis,阿米巴病,Parasitic,2013-09-01,2013-09,0,0.0,0,,missing_population,,1997-01-01,2026-06-01,2026-08-01T00:00:00+00:00,chp_notifiable,"Hong Kong, China CHP Notifiable Diseases",https://www.chp.gov.hk/en/static/24012.html,open_data_csv,chp_notifiable,"Hong Kong, China CHP Notifiable Diseases",https://www.chp.gov.hk/en/static/24012.html,open_data_csv,legacy_fallback,legacy_fallback,,legacy_identity_may_be_lossy,,0,
disease,D165,amebiasis,Amebiasis,HK,"Hong Kong, China",D165,Amebiasis,阿米巴病,Parasitic,2013-10-01,2013-10,1,0.23333333333333334,0,,missing_population,,1997-01-01,2026-06-01,2026-08-01T00:00:00+00:00,chp_notifiable,"Hong Kong, China CHP Notifiable Diseases",https://www.chp.gov.hk/en/static/24012.html,open_data_csv,chp_notifiable,"Hong Kong, China CHP Notifiable Diseases",https://www.chp.gov.hk/en/static/24012.html,open_data_csv,legacy_fallback,legacy_fallback,,legacy_identity_may_be_lossy,,0,
disease,D165,amebiasis,Amebiasis,HK,"Hong Kong, China",D165,Amebiasis,阿米巴病,Parasitic,2013-11-01,2013-11,0,0.0,0,,missing_population,,1997-01-01,2026-06-01,2026-08-01T00:00:00+00:00,chp_notifiable,"Hong Kong, China CHP Notifiable Diseases",https://www.chp.gov.hk/en/static/24012.html,open_data_csv,chp_notifiable,"Hong Kong, China CHP Notifiable Diseases",https://www.chp.gov.hk/en/static/24012.html,open_data_csv,legacy_fallback,legacy_fallback,,legacy_identity_may_be_lossy,,0,
disease,D165,amebiasis,Amebiasis,HK,"Hong Kong, China",D165,Amebiasis,阿米巴病,Parasitic,2013-12-01,2013-12,0,0.0,0,,missing_population,,1997-01-01,2026-06-01,2026-08-01T00:00:00+00:00,chp_notifiable,"Hong Kong, China CHP Notifiable Diseases",https://www.chp.gov.hk/en/static/24012.html,open_data_csv,chp_notifiable,"Hong Kong, China CHP Notifiable Diseases",https://www.chp.gov.hk/en/static/24012.html,open_data_csv,legacy_fallback,legacy_fallback,,legacy_identity_may_be_lossy,,0,
disease,D165,amebiasis,Amebiasis,HK,"Hong Kong, China",D165,Amebiasis,阿米巴病,Parasitic,2014-01-01,2014-01,0,0.0,0,,missing_population,,1997-01-01,2026-06-01,2026-08-01T00:00:00+00:00,chp_notifiable,"Hong Kong, China CHP Notifiable Diseases",https://www.chp.gov.hk/en/static/24012.html,open_data_csv,chp_notifiable,"Hong Kong, China CHP Notifiable Diseases",https://www.chp.gov.hk/en/static/24012.html,open_data_csv,legacy_fallback,legacy_fallback,,legacy_identity_may_be_lossy,,0,
disease,D165,amebiasis,Amebiasis,HK,"Hong Kong, China",D165,Amebiasis,阿米巴病,Parasitic,2014-02-01,2014-02,4,0.9032258064516129,0,,missing_population,,1997-01-01,2026-06-01,2026-08-01T00:00:00+00:00,chp_notifiable,"Hong Kong, China CHP Notifiable Diseases",https://www.chp.gov.hk/en/static/24012.html,open_data_csv,chp_notifiable,"Hong Kong, China CHP Notifiable Diseases",https://www.chp.gov.hk/en/static/24012.html,open_data_csv,legacy_fallback,legacy_fallback,,legacy_identity_may_be_lossy,,0,
disease,D165,amebiasis,Amebiasis,HK,"Hong Kong, China",D165,Amebiasis,阿米巴病,Parasitic,2014-03-01,2014-03,0,0.0,0,,missing_population,,1997-01-01,2026-06-01,2026-08-01T00:00:00+00:00,chp_notifiable,"Hong Kong, China CHP Notifiable Diseases",https://www.chp.gov.hk/en/static/24012.html,open_data_csv,chp_notifiable,"Hong Kong, China CHP Notifiable Diseases",https://www.chp.gov.hk/en/static/24012.html,open_data_csv,legacy_fallback,legacy_fallback,,legacy_identity_may_be_lossy,,0,
disease,D165,amebiasis,Amebiasis,HK,"Hong Kong, China",D165,Amebiasis,阿米巴病,Parasitic,2014-04-01,2014-04,2,0.45161290322580644,0,,missing_population,,1997-01-01,2026-06-01,2026-08-01T00:00:00+00:00,chp_notifiable,"Hong Kong, China CHP Notifiable Diseases",https://www.chp.gov.hk/en/static/24012.html,open_data_csv,chp_notifiable,"Hong Kong, China CHP Notifiable Diseases",https://www.chp.gov.hk/en/static/24012.html,open_data_csv,legacy_fallback,legacy_fallback,,legacy_identity_may_be_lossy,,0,
disease,D165,amebiasis,Amebiasis,HK,"Hong Kong, China",D165,Amebiasis,阿米巴病,Parasitic,2014-05-01,2014-05,1,0.23333333333333334,0,,missing_population,,1997-01-01,2026-06-01,2026-08-01T00:00:00+00:00,chp_notifiable,"Hong Kong, China CHP Notifiable Diseases",https://www.chp.gov.hk/en/static/24012.html,open_data_csv,chp_notifiable,"Hong Kong, China CHP Notifiable Diseases",https://www.chp.gov.hk/en/static/24012.html,open_data_csv,legacy_fallback,legacy_fallback,,legacy_identity_may_be_lossy,,0,
disease,D165,amebiasis,Amebiasis,HK,"Hong Kong, China",D165,Amebiasis,阿米巴病,Parasitic,2014-06-01,2014-06,1,0.22580645161290322,0,,missing_population,,1997-01-01,2026-06-01,2026-08-01T00:00:00+00:00,chp_notifiable,"Hong Kong, China CHP Notifiable Diseases",https://www.chp.gov.hk/en/static/24012.html,open_data_csv,chp_notifiable,"Hong Kong, China CHP Notifiable Diseases",https://www.chp.gov.hk/en/static/24012.html,open_data_csv,legacy_fallback,legacy_fallback,,legacy_identity_may_be_lossy,,0,
disease,D165,amebiasis,Amebiasis,HK,"Hong Kong, China",D165,Amebiasis,阿米巴病,Parasitic,2014-07-01,2014-07,1,0.23333333333333334,0,,missing_population,,1997-01-01,2026-06-01,2026-08-01T00:00:00+00:00,chp_notifiable,"Hong Kong, China CHP Notifiable Diseases",https://www.chp.gov.hk/en/static/24012.html,open_data_csv,chp_notifiable,"Hong Kong, China CHP Notifiable Diseases",https://www.chp.gov.hk/en/static/24012.html,open_data_csv,legacy_fallback,legacy_fallback,,legacy_identity_may_be_lossy,,0,
disease,D165,amebiasis,Amebiasis,HK,"Hong Kong, China",D165,Amebiasis,阿米巴病,Parasitic,2014-08-01,2014-08,0,0.0,0,,missing_population,,1997-01-01,2026-06-01,2026-08-01T00:00:00+00:00,chp_notifiable,"Hong Kong, China CHP Notifiable Diseases",https://www.chp.gov.hk/en/static/24012.html,open_data_csv,chp_notifiable,"Hong Kong, China CHP Notifiable Diseases",https://www.chp.gov.hk/en/static/24012.html,open_data_csv,legacy_fallback,legacy_fallback,,legacy_identity_may_be_lossy,,0,
disease,D165,amebiasis,Amebiasis,HK,"Hong Kong, China",D165,Amebiasis,阿米巴病,Parasitic,2014-09-01,2014-09,0,0.0,0,,missing_population,,1997-01-01,2026-06-01,2026-08-01T00:00:00+00:00,chp_notifiable,"Hong Kong, China CHP Notifiable Diseases",https://www.chp.gov.hk/en/static/24012.html,open_data_csv,chp_notifiable,"Hong Kong, China CHP Notifiable Diseases",https://www.chp.gov.hk/en/static/24012.html,open_data_csv,legacy_fallback,legacy_fallback,,legacy_identity_may_be_lossy,,0,
disease,D165,amebiasis,Amebiasis,HK,"Hong Kong, China",D165,Amebiasis,阿米巴病,Parasitic,2014-10-01,2014-10,0,0.0,0,,missing_population,,1997-01-01,2026-06-01,2026-08-01T00:00:00+00:00,chp_notifiable,"Hong Kong, China CHP Notifiable Diseases",https://www.chp.gov.hk/en/static/24012.html,open_data_csv,chp_notifiable,"Hong Kong, China CHP Notifiable Diseases",https://www.chp.gov.hk/en/static/24012.html,open_data_csv,legacy_fallback,legacy_fallback,,legacy_identity_may_be_lossy,,0,
disease,D165,amebiasis,Amebiasis,HK,"Hong Kong, China",D165,Amebiasis,阿米巴病,Parasitic,2014-11-01,2014-11,1,0.22580645161290322,0,,missing_population,,1997-01-01,2026-06-01,2026-08-01T00:00:00+00:00,chp_notifiable,"Hong Kong, China CHP Notifiable Diseases",https://www.chp.gov.hk/en/static/24012.html,open_data_csv,chp_notifiable,"Hong Kong, China CHP Notifiable Diseases",https://www.chp.gov.hk/en/static/24012.html,open_data_csv,legacy_fallback,legacy_fallback,,legacy_identity_may_be_lossy,,0,
disease,D165,amebiasis,Amebiasis,HK,"Hong Kong, China",D165,Amebiasis,阿米巴病,Parasitic,2014-12-01,2014-12,1,0.23333333333333334,0,,missing_population,,1997-01-01,2026-06-01,2026-08-01T00:00:00+00:00,chp_notifiable,"Hong Kong, China CHP Notifiable Diseases",https://www.chp.gov.hk/en/static/24012.html,open_data_csv,chp_notifiable,"Hong Kong, China CHP Notifiable Diseases",https://www.chp.gov.hk/en/static/24012.html,open_data_csv,legacy_fallback,legacy_fallback,,legacy_identity_may_be_lossy,,0,
disease,D165,amebiasis,Amebiasis,HK,"Hong Kong, China",D165,Amebiasis,阿米巴病,Parasitic,2015-01-01,2015-01,0,0.0,0,,missing_population,,1997-01-01,2026-06-01,2026-08-01T00:00:00+00:00,chp_notifiable,"Hong Kong, China CHP Notifiable Diseases",https://www.chp.gov.hk/en/static/24012.html,open_data_csv,chp_notifiable,"Hong Kong, China CHP Notifiable Diseases",https://www.chp.gov.hk/en/static/24012.html,open_data_csv,legacy_fallback,legacy_fallback,,legacy_identity_may_be_lossy,,0,
disease,D165,amebiasis,Amebiasis,HK,"Hong Kong, China",D165,Amebiasis,阿米巴病,Parasitic,2015-02-01,2015-02,0,0.0,0,,missing_population,,1997-01-01,2026-06-01,2026-08-01T00:00:00+00:00,chp_notifiable,"Hong Kong, China CHP Notifiable Diseases",https://www.chp.gov.hk/en/static/24012.html,open_data_csv,chp_notifiable,"Hong Kong, China CHP Notifiable Diseases",https://www.chp.gov.hk/en/static/24012.html,open_data_csv,legacy_fallback,legacy_fallback,,legacy_identity_may_be_lossy,,0,
disease,D165,amebiasis,Amebiasis,HK,"Hong Kong, China",D165,Amebiasis,阿米巴病,Parasitic,2015-03-01,2015-03,0,0.0,0,,missing_population,,1997-01-01,2026-06-01,2026-08-01T00:00:00+00:00,chp_notifiable,"Hong Kong, China CHP Notifiable Diseases",https://www.chp.gov.hk/en/static/24012.html,open_data_csv,chp_notifiable,"Hong Kong, China CHP Notifiable Diseases",https://www.chp.gov.hk/en/static/24012.html,open_data_csv,legacy_fallback,legacy_fallback,,legacy_identity_may_be_lossy,,0,
disease,D165,amebiasis,Amebiasis,HK,"Hong Kong, China",D165,Amebiasis,阿米巴病,Parasitic,2015-04-01,2015-04,1,0.22580645161290322,0,,missing_population,,1997-01-01,2026-06-01,2026-08-01T00:00:00+00:00,chp_notifiable,"Hong Kong, China CHP Notifiable Diseases",https://www.chp.gov.hk/en/static/24012.html,open_data_csv,chp_notifiable,"Hong Kong, China CHP Notifiable Diseases",https://www.chp.gov.hk/en/static/24012.html,open_data_csv,legacy_fallback,legacy_fallback,,legacy_identity_may_be_lossy,,0,
disease,D165,amebiasis,Amebiasis,HK,"Hong Kong, China",D165,Amebiasis,阿米巴病,Parasitic,2015-05-01,2015-05,0,0.0,0,,missing_population,,1997-01-01,2026-06-01,2026-08-01T00:00:00+00:00,chp_notifiable,"Hong Kong, China CHP Notifiable Diseases",https://www.chp.gov.hk/en/static/24012.html,open_data_csv,chp_notifiable,"Hong Kong, China CHP Notifiable Diseases",https://www.chp.gov.hk/en/static/24012.html,open_data_csv,legacy_fallback,legacy_fallback,,legacy_identity_may_be_lossy,,0,
disease,D165,amebiasis,Amebiasis,HK,"Hong Kong, China",D165,Amebiasis,阿米巴病,Parasitic,2015-06-01,2015-06,0,0.0,0,,missing_population,,1997-01-01,2026-06-01,2026-08-01T00:00:00+00:00,chp_notifiable,"Hong Kong, China CHP Notifiable Diseases",https://www.chp.gov.hk/en/static/24012.html,open_data_csv,chp_notifiable,"Hong Kong, China CHP Notifiable Diseases",https://www.chp.gov.hk/en/static/24012.html,open_data_csv,legacy_fallback,legacy_fallback,,legacy_identity_may_be_lossy,,0,
disease,D165,amebiasis,Amebiasis,HK,"Hong Kong, China",D165,Amebiasis,阿米巴病,Parasitic,2015-07-01,2015-07,0,0.0,0,,missing_population,,1997-01-01,2026-06-01,2026-08-01T00:00:00+00:00,chp_notifiable,"Hong Kong, China CHP Notifiable Diseases",https://www.chp.gov.hk/en/static/24012.html,open_data_csv,chp_notifiable,"Hong Kong, China CHP Notifiable Diseases",https://www.chp.gov.hk/en/static/24012.html,open_data_csv,legacy_fallback,legacy_fallback,,legacy_identity_may_be_lossy,,0,
disease,D165,amebiasis,Amebiasis,HK,"Hong Kong, China",D165,Amebiasis,阿米巴病,Parasitic,2015-08-01,2015-08,1,0.22580645161290322,0,,missing_population,,1997-01-01,2026-06-01,2026-08-01T00:00:00+00:00,chp_notifiable,"Hong Kong, China CHP Notifiable Diseases",https://www.chp.gov.hk/en/static/24012.html,open_data_csv,chp_notifiable,"Hong Kong, China CHP Notifiable Diseases",https://www.chp.gov.hk/en/static/24012.html,open_data_csv,legacy_fallback,legacy_fallback,,legacy_identity_may_be_lossy,,0,
disease,D165,amebiasis,Amebiasis,HK,"Hong Kong, China",D165,Amebiasis,阿米巴病,Parasitic,2015-09-01,2015-09,0,0.0,0,,missing_population,,1997-01-01,2026-06-01,2026-08-01T00:00:00+00:00,chp_notifiable,"Hong Kong, China CHP Notifiable Diseases",https://www.chp.gov.hk/en/static/24012.html,open_data_csv,chp_notifiable,"Hong Kong, China CHP Notifiable Diseases",https://www.chp.gov.hk/en/static/24012.html,open_data_csv,legacy_fallback,legacy_fallback,,legacy_identity_may_be_lossy,,0,
disease,D165,amebiasis,Amebiasis,HK,"Hong Kong, China",D165,Amebiasis,阿米巴病,Parasitic,2015-10-01,2015-10,0,0.0,0,,missing_population,,1997-01-01,2026-06-01,2026-08-01T00:00:00+00:00,chp_notifiable,"Hong Kong, China CHP Notifiable Diseases",https://www.chp.gov.hk/en/static/24012.html,open_data_csv,chp_notifiable,"Hong Kong, China CHP Notifiable Diseases",https://www.chp.gov.hk/en/static/24012.html,open_data_csv,legacy_fallback,legacy_fallback,,legacy_identity_may_be_lossy,,0,
disease,D165,amebiasis,Amebiasis,HK,"Hong Kong, China",D165,Amebiasis,阿米巴病,Parasitic,2015-11-01,2015-11,2,0.45161290322580644,0,,missing_population,,1997-01-01,2026-06-01,2026-08-01T00:00:00+00:00,chp_notifiable,"Hong Kong, China CHP Notifiable Diseases",https://www.chp.gov.hk/en/static/24012.html,open_data_csv,chp_notifiable,"Hong Kong, China CHP Notifiable Diseases",https://www.chp.gov.hk/en/static/24012.html,open_data_csv,legacy_fallback,legacy_fallback,,legacy_identity_may_be_lossy,,0,
disease,D165,amebiasis,Amebiasis,HK,"Hong Kong, China",D165,Amebiasis,阿米巴病,Parasitic,2015-12-01,2015-12,1,0.23333333333333334,0,,missing_population,,1997-01-01,2026-06-01,2026-08-01T00:00:00+00:00,chp_notifiable,"Hong Kong, China CHP Notifiable Diseases",https://www.chp.gov.hk/en/static/24012.html,open_data_csv,chp_notifiable,"Hong Kong, China CHP Notifiable Diseases",https://www.chp.gov.hk/en/static/24012.html,open_data_csv,legacy_fallback,legacy_fallback,,legacy_identity_may_be_lossy,,0,
disease,D165,amebiasis,Amebiasis,HK,"Hong Kong, China",D165,Amebiasis,阿米巴病,Parasitic,2016-01-01,2016-01,0,0.0,0,,missing_population,,1997-01-01,2026-06-01,2026-08-01T00:00:00+00:00,chp_notifiable,"Hong Kong, China CHP Notifiable Diseases",https://www.chp.gov.hk/en/static/24012.html,open_data_csv,chp_notifiable,"Hong Kong, China CHP Notifiable Diseases",https://www.chp.gov.hk/en/static/24012.html,open_data_csv,legacy_fallback,legacy_fallback,,legacy_identity_may_be_lossy,,0,
disease,D165,amebiasis,Amebiasis,HK,"Hong Kong, China",D165,Amebiasis,阿米巴病,Parasitic,2016-02-01,2016-02,0,0.0,0,,missing_population,,1997-01-01,2026-06-01,2026-08-01T00:00:00+00:00,chp_notifiable,"Hong Kong, China CHP Notifiable Diseases",https://www.chp.gov.hk/en/static/24012.html,open_data_csv,chp_notifiable,"Hong Kong, China CHP Notifiable Diseases",https://www.chp.gov.hk/en/static/24012.html,open_data_csv,legacy_fallback,legacy_fallback,,legacy_identity_may_be_lossy,,0,
disease,D165,amebiasis,Amebiasis,HK,"Hong Kong, China",D165,Amebiasis,阿米巴病,Parasitic,2016-03-01,2016-03,1,0.24137931034482757,0,,missing_population,,1997-01-01,2026-06-01,2026-08-01T00:00:00+00:00,chp_notifiable,"Hong Kong, China CHP Notifiable Diseases",https://www.chp.gov.hk/en/static/24012.html,open_data_csv,chp_notifiable,"Hong Kong, China CHP Notifiable Diseases",https://www.chp.gov.hk/en/static/24012.html,open_data_csv,legacy_fallback,legacy_fallback,,legacy_identity_may_be_lossy,,0,
disease,D165,amebiasis,Amebiasis,HK,"Hong Kong, China",D165,Amebiasis,阿米巴病,Parasitic,2016-04-01,2016-04,0,0.0,0,,missing_population,,1997-01-01,2026-06-01,2026-08-01T00:00:00+00:00,chp_notifiable,"Hong Kong, China CHP Notifiable Diseases",https://www.chp.gov.hk/en/static/24012.html,open_data_csv,chp_notifiable,"Hong Kong, China CHP Notifiable Diseases",https://www.chp.gov.hk/en/static/24012.html,open_data_csv,legacy_fallback,legacy_fallback,,legacy_identity_may_be_lossy,,0,
disease,D165,amebiasis,Amebiasis,HK,"Hong Kong, China",D165,Amebiasis,阿米巴病,Parasitic,2016-05-01,2016-05,0,0.0,0,,missing_population,,1997-01-01,2026-06-01,2026-08-01T00:00:00+00:00,chp_notifiable,"Hong Kong, China CHP Notifiable Diseases",https://www.chp.gov.hk/en/static/24012.html,open_data_csv,chp_notifiable,"Hong Kong, China CHP Notifiable Diseases",https://www.chp.gov.hk/en/static/24012.html,open_data_csv,legacy_fallback,legacy_fallback,,legacy_identity_may_be_lossy,,0,
disease,D165,amebiasis,Amebiasis,HK,"Hong Kong, China",D165,Amebiasis,阿米巴病,Parasitic,2016-06-01,2016-06,1,0.22580645161290322,0,,missing_population,,1997-01-01,2026-06-01,2026-08-01T00:00:00+00:00,chp_notifiable,"Hong Kong, China CHP Notifiable Diseases",https://www.chp.gov.hk/en/static/24012.html,open_data_csv,chp_notifiable,"Hong Kong, China CHP Notifiable Diseases",https://www.chp.gov.hk/en/static/24012.html,open_data_csv,legacy_fallback,legacy_fallback,,legacy_identity_may_be_lossy,,0,
disease,D165,amebiasis,Amebiasis,HK,"Hong Kong, China",D165,Amebiasis,阿米巴病,Parasitic,2016-07-01,2016-07,0,0.0,0,,missing_population,,1997-01-01,2026-06-01,2026-08-01T00:00:00+00:00,chp_notifiable,"Hong Kong, China CHP Notifiable Diseases",https://www.chp.gov.hk/en/static/24012.html,open_data_csv,chp_notifiable,"Hong Kong, China CHP Notifiable Diseases",https://www.chp.gov.hk/en/static/24012.html,open_data_csv,legacy_fallback,legacy_fallback,,legacy_identity_may_be_lossy,,0,
disease,D165,amebiasis,Amebiasis,HK,"Hong Kong, China",D165,Amebiasis,阿米巴病,Parasitic,2016-08-01,2016-08,1,0.22580645161290322,0,,missing_population,,1997-01-01,2026-06-01,2026-08-01T00:00:00+00:00,chp_notifiable,"Hong Kong, China CHP Notifiable Diseases",https://www.chp.gov.hk/en/static/24012.html,open_data_csv,chp_notifiable,"Hong Kong, China CHP Notifiable Diseases",https://www.chp.gov.hk/en/static/24012.html,open_data_csv,legacy_fallback,legacy_fallback,,legacy_identity_may_be_lossy,,0,
disease,D165,amebiasis,Amebiasis,HK,"Hong Kong, China",D165,Amebiasis,阿米巴病,Parasitic,2016-09-01,2016-09,0,0.0,0,,missing_population,,1997-01-01,2026-06-01,2026-08-01T00:00:00+00:00,chp_notifiable,"Hong Kong, China CHP Notifiable Diseases",https://www.chp.gov.hk/en/static/24012.html,open_data_csv,chp_notifiable,"Hong Kong, China CHP Notifiable Diseases",https://www.chp.gov.hk/en/static/24012.html,open_data_csv,legacy_fallback,legacy_fallback,,legacy_identity_may_be_lossy,,0,
disease,D165,amebiasis,Amebiasis,HK,"Hong Kong, China",D165,Amebiasis,阿米巴病,Parasitic,2016-10-01,2016-10,0,0.0,0,,missing_population,,1997-01-01,2026-06-01,2026-08-01T00:00:00+00:00,chp_notifiable,"Hong Kong, China CHP Notifiable Diseases",https://www.chp.gov.hk/en/static/24012.html,open_data_csv,chp_notifiable,"Hong Kong, China CHP Notifiable Diseases",https://www.chp.gov.hk/en/static/24012.html,open_data_csv,legacy_fallback,legacy_fallback,,legacy_identity_may_be_lossy,,0,
disease,D165,amebiasis,Amebiasis,HK,"Hong Kong, China",D165,Amebiasis,阿米巴病,Parasitic,2016-11-01,2016-11,0,0.0,0,,missing_population,,1997-01-01,2026-06-01,2026-08-01T00:00:00+00:00,chp_notifiable,"Hong Kong, China CHP Notifiable Diseases",https://www.chp.gov.hk/en/static/24012.html,open_data_csv,chp_notifiable,"Hong Kong, China CHP Notifiable Diseases",https://www.chp.gov.hk/en/static/24012.html,open_data_csv,legacy_fallback,legacy_fallback,,legacy_identity_may_be_lossy,,0,
disease,D165,amebiasis,Amebiasis,HK,"Hong Kong, China",D165,Amebiasis,阿米巴病,Parasitic,2016-12-01,2016-12,0,0.0,0,,missing_population,,1997-01-01,2026-06-01,2026-08-01T00:00:00+00:00,chp_notifiable,"Hong Kong, China CHP Notifiable Diseases",https://www.chp.gov.hk/en/static/24012.html,open_data_csv,chp_notifiable,"Hong Kong, China CHP Notifiable Diseases",https://www.chp.gov.hk/en/static/24012.html,open_data_csv,legacy_fallback,legacy_fallback,,legacy_identity_may_be_lossy,,0,
disease,D165,amebiasis,Amebiasis,HK,"Hong Kong, China",D165,Amebiasis,阿米巴病,Parasitic,2017-01-01,2017-01,0,0.0,0,,missing_population,,1997-01-01,2026-06-01,2026-08-01T00:00:00+00:00,chp_notifiable,"Hong Kong, China CHP Notifiable Diseases",https://www.chp.gov.hk/en/static/24012.html,open_data_csv,chp_notifiable,"Hong Kong, China CHP Notifiable Diseases",https://www.chp.gov.hk/en/static/24012.html,open_data_csv,legacy_fallback,legacy_fallback,,legacy_identity_may_be_lossy,,0,
disease,D165,amebiasis,Amebiasis,HK,"Hong Kong, China",D165,Amebiasis,阿米巴病,Parasitic,2017-02-01,2017-02,1,0.22580645161290322,0,,missing_population,,1997-01-01,2026-06-01,2026-08-01T00:00:00+00:00,chp_notifiable,"Hong Kong, China CHP Notifiable Diseases",https://www.chp.gov.hk/en/static/24012.html,open_data_csv,chp_notifiable,"Hong Kong, China CHP Notifiable Diseases",https://www.chp.gov.hk/en/static/24012.html,open_data_csv,legacy_fallback,legacy_fallback,,legacy_identity_may_be_lossy,,0,
disease,D165,amebiasis,Amebiasis,HK,"Hong Kong, China",D165,Amebiasis,阿米巴病,Parasitic,2017-03-01,2017-03,2,0.5,0,,missing_population,,1997-01-01,2026-06-01,2026-08-01T00:00:00+00:00,chp_notifiable,"Hong Kong, China CHP Notifiable Diseases",https://www.chp.gov.hk/en/static/24012.html,open_data_csv,chp_notifiable,"Hong Kong, China CHP Notifiable Diseases",https://www.chp.gov.hk/en/static/24012.html,open_data_csv,legacy_fallback,legacy_fallback,,legacy_identity_may_be_lossy,,0,
disease,D165,amebiasis,Amebiasis,HK,"Hong Kong, China",D165,Amebiasis,阿米巴病,Parasitic,2017-04-01,2017-04,1,0.22580645161290322,0,,missing_population,,1997-01-01,2026-06-01,2026-08-01T00:00:00+00:00,chp_notifiable,"Hong Kong, China CHP Notifiable Diseases",https://www.chp.gov.hk/en/static/24012.html,open_data_csv,chp_notifiable,"Hong Kong, China CHP Notifiable Diseases",https://www.chp.gov.hk/en/static/24012.html,open_data_csv,legacy_fallback,legacy_fallback,,legacy_identity_may_be_lossy,,0,
disease,D165,amebiasis,Amebiasis,HK,"Hong Kong, China",D165,Amebiasis,阿米巴病,Parasitic,2017-05-01,2017-05,2,0.4666666666666667,0,,missing_population,,1997-01-01,2026-06-01,2026-08-01T00:00:00+00:00,chp_notifiable,"Hong Kong, China CHP Notifiable Diseases",https://www.chp.gov.hk/en/static/24012.html,open_data_csv,chp_notifiable,"Hong Kong, China CHP Notifiable Diseases",https://www.chp.gov.hk/en/static/24012.html,open_data_csv,legacy_fallback,legacy_fallback,,legacy_identity_may_be_lossy,,0,
disease,D165,amebiasis,Amebiasis,HK,"Hong Kong, China",D165,Amebiasis,阿米巴病,Parasitic,2017-06-01,2017-06,4,0.9032258064516129,0,,missing_population,,1997-01-01,2026-06-01,2026-08-01T00:00:00+00:00,chp_notifiable,"Hong Kong, China CHP Notifiable Diseases",https://www.chp.gov.hk/en/static/24012.html,open_data_csv,chp_notifiable,"Hong Kong, China CHP Notifiable Diseases",https://www.chp.gov.hk/en/static/24012.html,open_data_csv,legacy_fallback,legacy_fallback,,legacy_identity_may_be_lossy,,0,
disease,D165,amebiasis,Amebiasis,HK,"Hong Kong, China",D165,Amebiasis,阿米巴病,Parasitic,2017-07-01,2017-07,0,0.0,0,,missing_population,,1997-01-01,2026-06-01,2026-08-01T00:00:00+00:00,chp_notifiable,"Hong Kong, China CHP Notifiable Diseases",https://www.chp.gov.hk/en/static/24012.html,open_data_csv,chp_notifiable,"Hong Kong, China CHP Notifiable Diseases",https://www.chp.gov.hk/en/static/24012.html,open_data_csv,legacy_fallback,legacy_fallback,,legacy_identity_may_be_lossy,,0,
disease,D165,amebiasis,Amebiasis,HK,"Hong Kong, China",D165,Amebiasis,阿米巴病,Parasitic,2017-08-01,2017-08,0,0.0,0,,missing_population,,1997-01-01,2026-06-01,2026-08-01T00:00:00+00:00,chp_notifiable,"Hong Kong, China CHP Notifiable Diseases",https://www.chp.gov.hk/en/static/24012.html,open_data_csv,chp_notifiable,"Hong Kong, China CHP Notifiable Diseases",https://www.chp.gov.hk/en/static/24012.html,open_data_csv,legacy_fallback,legacy_fallback,,legacy_identity_may_be_lossy,,0,
disease,D165,amebiasis,Amebiasis,HK,"Hong Kong, China",D165,Amebiasis,阿米巴病,Parasitic,2017-09-01,2017-09,0,0.0,0,,missing_population,,1997-01-01,2026-06-01,2026-08-01T00:00:00+00:00,chp_notifiable,"Hong Kong, China CHP Notifiable Diseases",https://www.chp.gov.hk/en/static/24012.html,open_data_csv,chp_notifiable,"Hong Kong, China CHP Notifiable Diseases",https://www.chp.gov.hk/en/static/24012.html,open_data_csv,legacy_fallback,legacy_fallback,,legacy_identity_may_be_lossy,,0,
disease,D165,amebiasis,Amebiasis,HK,"Hong Kong, China",D165,Amebiasis,阿米巴病,Parasitic,2017-10-01,2017-10,0,0.0,0,,missing_population,,1997-01-01,2026-06-01,2026-08-01T00:00:00+00:00,chp_notifiable,"Hong Kong, China CHP Notifiable Diseases",https://www.chp.gov.hk/en/static/24012.html,open_data_csv,chp_notifiable,"Hong Kong, China CHP Notifiable Diseases",https://www.chp.gov.hk/en/static/24012.html,open_data_csv,legacy_fallback,legacy_fallback,,legacy_identity_may_be_lossy,,0,
disease,D165,amebiasis,Amebiasis,HK,"Hong Kong, China",D165,Amebiasis,阿米巴病,Parasitic,2017-11-01,2017-11,0,0.0,0,,missing_population,,1997-01-01,2026-06-01,2026-08-01T00:00:00+00:00,chp_notifiable,"Hong Kong, China CHP Notifiable Diseases",https://www.chp.gov.hk/en/static/24012.html,open_data_csv,chp_notifiable,"Hong Kong, China CHP Notifiable Diseases",https://www.chp.gov.hk/en/static/24012.html,open_data_csv,legacy_fallback,legacy_fallback,,legacy_identity_may_be_lossy,,0,
disease,D165,amebiasis,Amebiasis,HK,"Hong Kong, China",D165,Amebiasis,阿米巴病,Parasitic,2017-12-01,2017-12,0,0.0,0,,missing_population,,1997-01-01,2026-06-01,2026-08-01T00:00:00+00:00,chp_notifiable,"Hong Kong, China CHP Notifiable Diseases",https://www.chp.gov.hk/en/static/24012.html,open_data_csv,chp_notifiable,"Hong Kong, China CHP Notifiable Diseases",https://www.chp.gov.hk/en/static/24012.html,open_data_csv,legacy_fallback,legacy_fallback,,legacy_identity_may_be_lossy,,0,
disease,D165,amebiasis,Amebiasis,HK,"Hong Kong, China",D165,Amebiasis,阿米巴病,Parasitic,2018-01-01,2018-01,0,0.0,0,,missing_population,,1997-01-01,2026-06-01,2026-08-01T00:00:00+00:00,chp_notifiable,"Hong Kong, China CHP Notifiable Diseases",https://www.chp.gov.hk/en/static/24012.html,open_data_csv,chp_notifiable,"Hong Kong, China CHP Notifiable Diseases",https://www.chp.gov.hk/en/static/24012.html,open_data_csv,legacy_fallback,legacy_fallback,,legacy_identity_may_be_lossy,,0,
disease,D165,amebiasis,Amebiasis,HK,"Hong Kong, China",D165,Amebiasis,阿米巴病,Parasitic,2018-02-01,2018-02,0,0.0,0,,missing_population,,1997-01-01,2026-06-01,2026-08-01T00:00:00+00:00,chp_notifiable,"Hong Kong, China CHP Notifiable Diseases",https://www.chp.gov.hk/en/static/24012.html,open_data_csv,chp_notifiable,"Hong Kong, China CHP Notifiable Diseases",https://www.chp.gov.hk/en/static/24012.html,open_data_csv,legacy_fallback,legacy_fallback,,legacy_identity_may_be_lossy,,0,
disease,D165,amebiasis,Amebiasis,HK,"Hong Kong, China",D165,Amebiasis,阿米巴病,Parasitic,2018-03-01,2018-03,1,0.25,0,,missing_population,,1997-01-01,2026-06-01,2026-08-01T00:00:00+00:00,chp_notifiable,"Hong Kong, China CHP Notifiable Diseases",https://www.chp.gov.hk/en/static/24012.html,open_data_csv,chp_notifiable,"Hong Kong, China CHP Notifiable Diseases",https://www.chp.gov.hk/en/static/24012.html,open_data_csv,legacy_fallback,legacy_fallback,,legacy_identity_may_be_lossy,,0,
disease,D165,amebiasis,Amebiasis,HK,"Hong Kong, China",D165,Amebiasis,阿米巴病,Parasitic,2018-04-01,2018-04,0,0.0,0,,missing_population,,1997-01-01,2026-06-01,2026-08-01T00:00:00+00:00,chp_notifiable,"Hong Kong, China CHP Notifiable Diseases",https://www.chp.gov.hk/en/static/24012.html,open_data_csv,chp_notifiable,"Hong Kong, China CHP Notifiable Diseases",https://www.chp.gov.hk/en/static/24012.html,open_data_csv,legacy_fallback,legacy_fallback,,legacy_identity_may_be_lossy,,0,
disease,D165,amebiasis,Amebiasis,HK,"Hong Kong, China",D165,Amebiasis,阿米巴病,Parasitic,2018-05-01,2018-05,1,0.23333333333333334,0,,missing_population,,1997-01-01,2026-06-01,2026-08-01T00:00:00+00:00,chp_notifiable,"Hong Kong, China CHP Notifiable Diseases",https://www.chp.gov.hk/en/static/24012.html,open_data_csv,chp_notifiable,"Hong Kong, China CHP Notifiable Diseases",https://www.chp.gov.hk/en/static/24012.html,open_data_csv,legacy_fallback,legacy_fallback,,legacy_identity_may_be_lossy,,0,
disease,D165,amebiasis,Amebiasis,HK,"Hong Kong, China",D165,Amebiasis,阿米巴病,Parasitic,2018-06-01,2018-06,0,0.0,0,,missing_population,,1997-01-01,2026-06-01,2026-08-01T00:00:00+00:00,chp_notifiable,"Hong Kong, China CHP Notifiable Diseases",https://www.chp.gov.hk/en/static/24012.html,open_data_csv,chp_notifiable,"Hong Kong, China CHP Notifiable Diseases",https://www.chp.gov.hk/en/static/24012.html,open_data_csv,legacy_fallback,legacy_fallback,,legacy_identity_may_be_lossy,,0,
disease,D165,amebiasis,Amebiasis,HK,"Hong Kong, China",D165,Amebiasis,阿米巴病,Parasitic,2018-07-01,2018-07,0,0.0,0,,missing_population,,1997-01-01,2026-06-01,2026-08-01T00:00:00+00:00,chp_notifiable,"Hong Kong, China CHP Notifiable Diseases",https://www.chp.gov.hk/en/static/24012.html,open_data_csv,chp_notifiable,"Hong Kong, China CHP Notifiable Diseases",https://www.chp.gov.hk/en/static/24012.html,open_data_csv,legacy_fallback,legacy_fallback,,legacy_identity_may_be_lossy,,0,
disease,D165,amebiasis,Amebiasis,HK,"Hong Kong, China",D165,Amebiasis,阿米巴病,Parasitic,2018-08-01,2018-08,0,0.0,0,,missing_population,,1997-01-01,2026-06-01,2026-08-01T00:00:00+00:00,chp_notifiable,"Hong Kong, China CHP Notifiable Diseases",https://www.chp.gov.hk/en/static/24012.html,open_data_csv,chp_notifiable,"Hong Kong, China CHP Notifiable Diseases",https://www.chp.gov.hk/en/static/24012.html,open_data_csv,legacy_fallback,legacy_fallback,,legacy_identity_may_be_lossy,,0,
disease,D165,amebiasis,Amebiasis,HK,"Hong Kong, China",D165,Amebiasis,阿米巴病,Parasitic,2018-09-01,2018-09,0,0.0,0,,missing_population,,1997-01-01,2026-06-01,2026-08-01T00:00:00+00:00,chp_notifiable,"Hong Kong, China CHP Notifiable Diseases",https://www.chp.gov.hk/en/static/24012.html,open_data_csv,chp_notifiable,"Hong Kong, China CHP Notifiable Diseases",https://www.chp.gov.hk/en/static/24012.html,open_data_csv,legacy_fallback,legacy_fallback,,legacy_identity_may_be_lossy,,0,
disease,D165,amebiasis,Amebiasis,HK,"Hong Kong, China",D165,Amebiasis,阿米巴病,Parasitic,2018-10-01,2018-10,1,0.23333333333333334,0,,missing_population,,1997-01-01,2026-06-01,2026-08-01T00:00:00+00:00,chp_notifiable,"Hong Kong, China CHP Notifiable Diseases",https://www.chp.gov.hk/en/static/24012.html,open_data_csv,chp_notifiable,"Hong Kong, China CHP Notifiable Diseases",https://www.chp.gov.hk/en/static/24012.html,open_data_csv,legacy_fallback,legacy_fallback,,legacy_identity_may_be_lossy,,0,
disease,D165,amebiasis,Amebiasis,HK,"Hong Kong, China",D165,Amebiasis,阿米巴病,Parasitic,2018-11-01,2018-11,2,0.45161290322580644,0,,missing_population,,1997-01-01,2026-06-01,2026-08-01T00:00:00+00:00,chp_notifiable,"Hong Kong, China CHP Notifiable Diseases",https://www.chp.gov.hk/en/static/24012.html,open_data_csv,chp_notifiable,"Hong Kong, China CHP Notifiable Diseases",https://www.chp.gov.hk/en/static/24012.html,open_data_csv,legacy_fallback,legacy_fallback,,legacy_identity_may_be_lossy,,0,
disease,D165,amebiasis,Amebiasis,HK,"Hong Kong, China",D165,Amebiasis,阿米巴病,Parasitic,2018-12-01,2018-12,0,0.0,0,,missing_population,,1997-01-01,2026-06-01,2026-08-01T00:00:00+00:00,chp_notifiable,"Hong Kong, China CHP Notifiable Diseases",https://www.chp.gov.hk/en/static/24012.html,open_data_csv,chp_notifiable,"Hong Kong, China CHP Notifiable Diseases",https://www.chp.gov.hk/en/static/24012.html,open_data_csv,legacy_fallback,legacy_fallback,,legacy_identity_may_be_lossy,,0,
disease,D165,amebiasis,Amebiasis,HK,"Hong Kong, China",D165,Amebiasis,阿米巴病,Parasitic,2019-01-01,2019-01,1,0.22580645161290322,0,,missing_population,,1997-01-01,2026-06-01,2026-08-01T00:00:00+00:00,chp_notifiable,"Hong Kong, China CHP Notifiable Diseases",https://www.chp.gov.hk/en/static/24012.html,open_data_csv,chp_notifiable,"Hong Kong, China CHP Notifiable Diseases",https://www.chp.gov.hk/en/static/24012.html,open_data_csv,legacy_fallback,legacy_fallback,,legacy_identity_may_be_lossy,,0,
disease,D165,amebiasis,Amebiasis,HK,"Hong Kong, China",D165,Amebiasis,阿米巴病,Parasitic,2019-02-01,2019-02,2,0.45161290322580644,0,,missing_population,,1997-01-01,2026-06-01,2026-08-01T00:00:00+00:00,chp_notifiable,"Hong Kong, China CHP Notifiable Diseases",https://www.chp.gov.hk/en/static/24012.html,open_data_csv,chp_notifiable,"Hong Kong, China CHP Notifiable Diseases",https://www.chp.gov.hk/en/static/24012.html,open_data_csv,legacy_fallback,legacy_fallback,,legacy_identity_may_be_lossy,,0,
disease,D165,amebiasis,Amebiasis,HK,"Hong Kong, China",D165,Amebiasis,阿米巴病,Parasitic,2019-03-01,2019-03,1,0.25,0,,missing_population,,1997-01-01,2026-06-01,2026-08-01T00:00:00+00:00,chp_notifiable,"Hong Kong, China CHP Notifiable Diseases",https://www.chp.gov.hk/en/static/24012.html,open_data_csv,chp_notifiable,"Hong Kong, China CHP Notifiable Diseases",https://www.chp.gov.hk/en/static/24012.html,open_data_csv,legacy_fallback,legacy_fallback,,legacy_identity_may_be_lossy,,0,
disease,D165,amebiasis,Amebiasis,HK,"Hong Kong, China",D165,Amebiasis,阿米巴病,Parasitic,2019-04-01,2019-04,3,0.6774193548387096,0,,missing_population,,1997-01-01,2026-06-01,2026-08-01T00:00:00+00:00,chp_notifiable,"Hong Kong, China CHP Notifiable Diseases",https://www.chp.gov.hk/en/static/24012.html,open_data_csv,chp_notifiable,"Hong Kong, China CHP Notifiable Diseases",https://www.chp.gov.hk/en/static/24012.html,open_data_csv,legacy_fallback,legacy_fallback,,legacy_identity_may_be_lossy,,0,
disease,D165,amebiasis,Amebiasis,HK,"Hong Kong, China",D165,Amebiasis,阿米巴病,Parasitic,2019-05-01,2019-05,1,0.23333333333333334,0,,missing_population,,1997-01-01,2026-06-01,2026-08-01T00:00:00+00:00,chp_notifiable,"Hong Kong, China CHP Notifiable Diseases",https://www.chp.gov.hk/en/static/24012.html,open_data_csv,chp_notifiable,"Hong Kong, China CHP Notifiable Diseases",https://www.chp.gov.hk/en/static/24012.html,open_data_csv,legacy_fallback,legacy_fallback,,legacy_identity_may_be_lossy,,0,
disease,D165,amebiasis,Amebiasis,HK,"Hong Kong, China",D165,Amebiasis,阿米巴病,Parasitic,2019-06-01,2019-06,2,0.45161290322580644,0,,missing_population,,1997-01-01,2026-06-01,2026-08-01T00:00:00+00:00,chp_notifiable,"Hong Kong, China CHP Notifiable Diseases",https://www.chp.gov.hk/en/static/24012.html,open_data_csv,chp_notifiable,"Hong Kong, China CHP Notifiable Diseases",https://www.chp.gov.hk/en/static/24012.html,open_data_csv,legacy_fallback,legacy_fallback,,legacy_identity_may_be_lossy,,0,
disease,D165,amebiasis,Amebiasis,HK,"Hong Kong, China",D165,Amebiasis,阿米巴病,Parasitic,2019-07-01,2019-07,1,0.23333333333333334,0,,missing_population,,1997-01-01,2026-06-01,2026-08-01T00:00:00+00:00,chp_notifiable,"Hong Kong, China CHP Notifiable Diseases",https://www.chp.gov.hk/en/static/24012.html,open_data_csv,chp_notifiable,"Hong Kong, China CHP Notifiable Diseases",https://www.chp.gov.hk/en/static/24012.html,open_data_csv,legacy_fallback,legacy_fallback,,legacy_identity_may_be_lossy,,0,
disease,D165,amebiasis,Amebiasis,HK,"Hong Kong, China",D165,Amebiasis,阿米巴病,Parasitic,2019-08-01,2019-08,2,0.45161290322580644,0,,missing_population,,1997-01-01,2026-06-01,2026-08-01T00:00:00+00:00,chp_notifiable,"Hong Kong, China CHP Notifiable Diseases",https://www.chp.gov.hk/en/static/24012.html,open_data_csv,chp_notifiable,"Hong Kong, China CHP Notifiable Diseases",https://www.chp.gov.hk/en/static/24012.html,open_data_csv,legacy_fallback,legacy_fallback,,legacy_identity_may_be_lossy,,0,
disease,D165,amebiasis,Amebiasis,HK,"Hong Kong, China",D165,Amebiasis,阿米巴病,Parasitic,2019-09-01,2019-09,0,0.0,0,,missing_population,,1997-01-01,2026-06-01,2026-08-01T00:00:00+00:00,chp_notifiable,"Hong Kong, China CHP Notifiable Diseases",https://www.chp.gov.hk/en/static/24012.html,open_data_csv,chp_notifiable,"Hong Kong, China CHP Notifiable Diseases",https://www.chp.gov.hk/en/static/24012.html,open_data_csv,legacy_fallback,legacy_fallback,,legacy_identity_may_be_lossy,,0,
disease,D165,amebiasis,Amebiasis,HK,"Hong Kong, China",D165,Amebiasis,阿米巴病,Parasitic,2019-10-01,2019-10,2,0.4666666666666667,0,,missing_population,,1997-01-01,2026-06-01,2026-08-01T00:00:00+00:00,chp_notifiable,"Hong Kong, China CHP Notifiable Diseases",https://www.chp.gov.hk/en/static/24012.html,open_data_csv,chp_notifiable,"Hong Kong, China CHP Notifiable Diseases",https://www.chp.gov.hk/en/static/24012.html,open_data_csv,legacy_fallback,legacy_fallback,,legacy_identity_may_be_lossy,,0,
disease,D165,amebiasis,Amebiasis,HK,"Hong Kong, China",D165,Amebiasis,阿米巴病,Parasitic,2019-11-01,2019-11,0,0.0,0,,missing_population,,1997-01-01,2026-06-01,2026-08-01T00:00:00+00:00,chp_notifiable,"Hong Kong, China CHP Notifiable Diseases",https://www.chp.gov.hk/en/static/24012.html,open_data_csv,chp_notifiable,"Hong Kong, China CHP Notifiable Diseases",https://www.chp.gov.hk/en/static/24012.html,open_data_csv,legacy_fallback,legacy_fallback,,legacy_identity_may_be_lossy,,0,
disease,D165,amebiasis,Amebiasis,HK,"Hong Kong, China",D165,Amebiasis,阿米巴病,Parasitic,2019-12-01,2019-12,0,0.0,0,,missing_population,,1997-01-01,2026-06-01,2026-08-01T00:00:00+00:00,chp_notifiable,"Hong Kong, China CHP Notifiable Diseases",https://www.chp.gov.hk/en/static/24012.html,open_data_csv,chp_notifiable,"Hong Kong, China CHP Notifiable Diseases",https://www.chp.gov.hk/en/static/24012.html,open_data_csv,legacy_fallback,legacy_fallback,,legacy_identity_may_be_lossy,,0,
disease,D165,amebiasis,Amebiasis,HK,"Hong Kong, China",D165,Amebiasis,阿米巴病,Parasitic,2020-01-01,2020-01,1,0.22580645161290322,0,,missing_population,,1997-01-01,2026-06-01,2026-08-01T00:00:00+00:00,chp_notifiable,"Hong Kong, China CHP Notifiable Diseases",https://www.chp.gov.hk/en/static/24012.html,open_data_csv,chp_notifiable,"Hong Kong, China CHP Notifiable Diseases",https://www.chp.gov.hk/en/static/24012.html,open_data_csv,legacy_fallback,legacy_fallback,,legacy_identity_may_be_lossy,,0,
disease,D165,amebiasis,Amebiasis,HK,"Hong Kong, China",D165,Amebiasis,阿米巴病,Parasitic,2020-02-01,2020-02,2,0.45161290322580644,0,,missing_population,,1997-01-01,2026-06-01,2026-08-01T00:00:00+00:00,chp_notifiable,"Hong Kong, China CHP Notifiable Diseases",https://www.chp.gov.hk/en/static/24012.html,open_data_csv,chp_notifiable,"Hong Kong, China CHP Notifiable Diseases",https://www.chp.gov.hk/en/static/24012.html,open_data_csv,legacy_fallback,legacy_fallback,,legacy_identity_may_be_lossy,,0,
disease,D165,amebiasis,Amebiasis,HK,"Hong Kong, China",D165,Amebiasis,阿米巴病,Parasitic,2020-03-01,2020-03,2,0.48275862068965514,0,,missing_population,,1997-01-01,2026-06-01,2026-08-01T00:00:00+00:00,chp_notifiable,"Hong Kong, China CHP Notifiable Diseases",https://www.chp.gov.hk/en/static/24012.html,open_data_csv,chp_notifiable,"Hong Kong, China CHP Notifiable Diseases",https://www.chp.gov.hk/en/static/24012.html,open_data_csv,legacy_fallback,legacy_fallback,,legacy_identity_may_be_lossy,,0,
disease,D165,amebiasis,Amebiasis,HK,"Hong Kong, China",D165,Amebiasis,阿米巴病,Parasitic,2020-04-01,2020-04,1,0.22580645161290322,0,,missing_population,,1997-01-01,2026-06-01,2026-08-01T00:00:00+00:00,chp_notifiable,"Hong Kong, China CHP Notifiable Diseases",https://www.chp.gov.hk/en/static/24012.html,open_data_csv,chp_notifiable,"Hong Kong, China CHP Notifiable Diseases",https://www.chp.gov.hk/en/static/24012.html,open_data_csv,legacy_fallback,legacy_fallback,,legacy_identity_may_be_lossy,,0,
disease,D165,amebiasis,Amebiasis,HK,"Hong Kong, China",D165,Amebiasis,阿米巴病,Parasitic,2020-05-01,2020-05,1,0.23333333333333334,0,,missing_population,,1997-01-01,2026-06-01,2026-08-01T00:00:00+00:00,chp_notifiable,"Hong Kong, China CHP Notifiable Diseases",https://www.chp.gov.hk/en/static/24012.html,open_data_csv,chp_notifiable,"Hong Kong, China CHP Notifiable Diseases",https://www.chp.gov.hk/en/static/24012.html,open_data_csv,legacy_fallback,legacy_fallback,,legacy_identity_may_be_lossy,,0,
disease,D165,amebiasis,Amebiasis,HK,"Hong Kong, China",D165,Amebiasis,阿米巴病,Parasitic,2020-06-01,2020-06,1,0.22580645161290322,0,,missing_population,,1997-01-01,2026-06-01,2026-08-01T00:00:00+00:00,chp_notifiable,"Hong Kong, China CHP Notifiable Diseases",https://www.chp.gov.hk/en/static/24012.html,open_data_csv,chp_notifiable,"Hong Kong, China CHP Notifiable Diseases",https://www.chp.gov.hk/en/static/24012.html,open_data_csv,legacy_fallback,legacy_fallback,,legacy_identity_may_be_lossy,,0,
disease,D165,amebiasis,Amebiasis,HK,"Hong Kong, China",D165,Amebiasis,阿米巴病,Parasitic,2020-07-01,2020-07,0,0.0,0,,missing_population,,1997-01-01,2026-06-01,2026-08-01T00:00:00+00:00,chp_notifiable,"Hong Kong, China CHP Notifiable Diseases",https://www.chp.gov.hk/en/static/24012.html,open_data_csv,chp_notifiable,"Hong Kong, China CHP Notifiable Diseases",https://www.chp.gov.hk/en/static/24012.html,open_data_csv,legacy_fallback,legacy_fallback,,legacy_identity_may_be_lossy,,0,
disease,D165,amebiasis,Amebiasis,HK,"Hong Kong, China",D165,Amebiasis,阿米巴病,Parasitic,2020-08-01,2020-08,0,0.0,0,,missing_population,,1997-01-01,2026-06-01,2026-08-01T00:00:00+00:00,chp_notifiable,"Hong Kong, China CHP Notifiable Diseases",https://www.chp.gov.hk/en/static/24012.html,open_data_csv,chp_notifiable,"Hong Kong, China CHP Notifiable Diseases",https://www.chp.gov.hk/en/static/24012.html,open_data_csv,legacy_fallback,legacy_fallback,,legacy_identity_may_be_lossy,,0,
disease,D165,amebiasis,Amebiasis,HK,"Hong Kong, China",D165,Amebiasis,阿米巴病,Parasitic,2020-09-01,2020-09,0,0.0,0,,missing_population,,1997-01-01,2026-06-01,2026-08-01T00:00:00+00:00,chp_notifiable,"Hong Kong, China CHP Notifiable Diseases",https://www.chp.gov.hk/en/static/24012.html,open_data_csv,chp_notifiable,"Hong Kong, China CHP Notifiable Diseases",https://www.chp.gov.hk/en/static/24012.html,open_data_csv,legacy_fallback,legacy_fallback,,legacy_identity_may_be_lossy,,0,
disease,D165,amebiasis,Amebiasis,HK,"Hong Kong, China",D165,Amebiasis,阿米巴病,Parasitic,2020-10-01,2020-10,0,0.0,0,,missing_population,,1997-01-01,2026-06-01,2026-08-01T00:00:00+00:00,chp_notifiable,"Hong Kong, China CHP Notifiable Diseases",https://www.chp.gov.hk/en/static/24012.html,open_data_csv,chp_notifiable,"Hong Kong, China CHP Notifiable Diseases",https://www.chp.gov.hk/en/static/24012.html,open_data_csv,legacy_fallback,legacy_fallback,,legacy_identity_may_be_lossy,,0,
disease,D165,amebiasis,Amebiasis,HK,"Hong Kong, China",D165,Amebiasis,阿米巴病,Parasitic,2020-11-01,2020-11,0,0.0,0,,missing_population,,1997-01-01,2026-06-01,2026-08-01T00:00:00+00:00,chp_notifiable,"Hong Kong, China CHP Notifiable Diseases",https://www.chp.gov.hk/en/static/24012.html,open_data_csv,chp_notifiable,"Hong Kong, China CHP Notifiable Diseases",https://www.chp.gov.hk/en/static/24012.html,open_data_csv,legacy_fallback,legacy_fallback,,legacy_identity_may_be_lossy,,0,
disease,D165,amebiasis,Amebiasis,HK,"Hong Kong, China",D165,Amebiasis,阿米巴病,Parasitic,2020-12-01,2020-12,1,0.23333333333333334,0,,missing_population,,1997-01-01,2026-06-01,2026-08-01T00:00:00+00:00,chp_notifiable,"Hong Kong, China CHP Notifiable Diseases",https://www.chp.gov.hk/en/static/24012.html,open_data_csv,chp_notifiable,"Hong Kong, China CHP Notifiable Diseases",https://www.chp.gov.hk/en/static/24012.html,open_data_csv,legacy_fallback,legacy_fallback,,legacy_identity_may_be_lossy,,0,
disease,D165,amebiasis,Amebiasis,HK,"Hong Kong, China",D165,Amebiasis,阿米巴病,Parasitic,2021-01-01,2021-01,0,0.0,0,,missing_population,,1997-01-01,2026-06-01,2026-08-01T00:00:00+00:00,chp_notifiable,"Hong Kong, China CHP Notifiable Diseases",https://www.chp.gov.hk/en/static/24012.html,open_data_csv,chp_notifiable,"Hong Kong, China CHP Notifiable Diseases",https://www.chp.gov.hk/en/static/24012.html,open_data_csv,legacy_fallback,legacy_fallback,,legacy_identity_may_be_lossy,,0,
disease,D165,amebiasis,Amebiasis,HK,"Hong Kong, China",D165,Amebiasis,阿米巴病,Parasitic,2021-02-01,2021-02,1,0.22580645161290322,0,,missing_population,,1997-01-01,2026-06-01,2026-08-01T00:00:00+00:00,chp_notifiable,"Hong Kong, China CHP Notifiable Diseases",https://www.chp.gov.hk/en/static/24012.html,open_data_csv,chp_notifiable,"Hong Kong, China CHP Notifiable Diseases",https://www.chp.gov.hk/en/static/24012.html,open_data_csv,legacy_fallback,legacy_fallback,,legacy_identity_may_be_lossy,,0,
disease,D165,amebiasis,Amebiasis,HK,"Hong Kong, China",D165,Amebiasis,阿米巴病,Parasitic,2021-03-01,2021-03,0,0.0,0,,missing_population,,1997-01-01,2026-06-01,2026-08-01T00:00:00+00:00,chp_notifiable,"Hong Kong, China CHP Notifiable Diseases",https://www.chp.gov.hk/en/static/24012.html,open_data_csv,chp_notifiable,"Hong Kong, China CHP Notifiable Diseases",https://www.chp.gov.hk/en/static/24012.html,open_data_csv,legacy_fallback,legacy_fallback,,legacy_identity_may_be_lossy,,0,
disease,D165,amebiasis,Amebiasis,HK,"Hong Kong, China",D165,Amebiasis,阿米巴病,Parasitic,2021-04-01,2021-04,2,0.45161290322580644,0,,missing_population,,1997-01-01,2026-06-01,2026-08-01T00:00:00+00:00,chp_notifiable,"Hong Kong, China CHP Notifiable Diseases",https://www.chp.gov.hk/en/static/24012.html,open_data_csv,chp_notifiable,"Hong Kong, China CHP Notifiable Diseases",https://www.chp.gov.hk/en/static/24012.html,open_data_csv,legacy_fallback,legacy_fallback,,legacy_identity_may_be_lossy,,0,
disease,D165,amebiasis,Amebiasis,HK,"Hong Kong, China",D165,Amebiasis,阿米巴病,Parasitic,2021-05-01,2021-05,1,0.23333333333333334,0,,missing_population,,1997-01-01,2026-06-01,2026-08-01T00:00:00+00:00,chp_notifiable,"Hong Kong, China CHP Notifiable Diseases",https://www.chp.gov.hk/en/static/24012.html,open_data_csv,chp_notifiable,"Hong Kong, China CHP Notifiable Diseases",https://www.chp.gov.hk/en/static/24012.html,open_data_csv,legacy_fallback,legacy_fallback,,legacy_identity_may_be_lossy,,0,
disease,D165,amebiasis,Amebiasis,HK,"Hong Kong, China",D165,Amebiasis,阿米巴病,Parasitic,2021-06-01,2021-06,2,0.45161290322580644,0,,missing_population,,1997-01-01,2026-06-01,2026-08-01T00:00:00+00:00,chp_notifiable,"Hong Kong, China CHP Notifiable Diseases",https://www.chp.gov.hk/en/static/24012.html,open_data_csv,chp_notifiable,"Hong Kong, China CHP Notifiable Diseases",https://www.chp.gov.hk/en/static/24012.html,open_data_csv,legacy_fallback,legacy_fallback,,legacy_identity_may_be_lossy,,0,
disease,D165,amebiasis,Amebiasis,HK,"Hong Kong, China",D165,Amebiasis,阿米巴病,Parasitic,2021-07-01,2021-07,0,0.0,0,,missing_population,,1997-01-01,2026-06-01,2026-08-01T00:00:00+00:00,chp_notifiable,"Hong Kong, China CHP Notifiable Diseases",https://www.chp.gov.hk/en/static/24012.html,open_data_csv,chp_notifiable,"Hong Kong, China CHP Notifiable Diseases",https://www.chp.gov.hk/en/static/24012.html,open_data_csv,legacy_fallback,legacy_fallback,,legacy_identity_may_be_lossy,,0,
disease,D165,amebiasis,Amebiasis,HK,"Hong Kong, China",D165,Amebiasis,阿米巴病,Parasitic,2021-08-01,2021-08,0,0.0,0,,missing_population,,1997-01-01,2026-06-01,2026-08-01T00:00:00+00:00,chp_notifiable,"Hong Kong, China CHP Notifiable Diseases",https://www.chp.gov.hk/en/static/24012.html,open_data_csv,chp_notifiable,"Hong Kong, China CHP Notifiable Diseases",https://www.chp.gov.hk/en/static/24012.html,open_data_csv,legacy_fallback,legacy_fallback,,legacy_identity_may_be_lossy,,0,
disease,D165,amebiasis,Amebiasis,HK,"Hong Kong, China",D165,Amebiasis,阿米巴病,Parasitic,2021-09-01,2021-09,2,0.45161290322580644,0,,missing_population,,1997-01-01,2026-06-01,2026-08-01T00:00:00+00:00,chp_notifiable,"Hong Kong, China CHP Notifiable Diseases",https://www.chp.gov.hk/en/static/24012.html,open_data_csv,chp_notifiable,"Hong Kong, China CHP Notifiable Diseases",https://www.chp.gov.hk/en/static/24012.html,open_data_csv,legacy_fallback,legacy_fallback,,legacy_identity_may_be_lossy,,0,
disease,D165,amebiasis,Amebiasis,HK,"Hong Kong, China",D165,Amebiasis,阿米巴病,Parasitic,2021-10-01,2021-10,0,0.0,0,,missing_population,,1997-01-01,2026-06-01,2026-08-01T00:00:00+00:00,chp_notifiable,"Hong Kong, China CHP Notifiable Diseases",https://www.chp.gov.hk/en/static/24012.html,open_data_csv,chp_notifiable,"Hong Kong, China CHP Notifiable Diseases",https://www.chp.gov.hk/en/static/24012.html,open_data_csv,legacy_fallback,legacy_fallback,,legacy_identity_may_be_lossy,,0,
disease,D165,amebiasis,Amebiasis,HK,"Hong Kong, China",D165,Amebiasis,阿米巴病,Parasitic,2021-11-01,2021-11,1,0.22580645161290322,0,,missing_population,,1997-01-01,2026-06-01,2026-08-01T00:00:00+00:00,chp_notifiable,"Hong Kong, China CHP Notifiable Diseases",https://www.chp.gov.hk/en/static/24012.html,open_data_csv,chp_notifiable,"Hong Kong, China CHP Notifiable Diseases",https://www.chp.gov.hk/en/static/24012.html,open_data_csv,legacy_fallback,legacy_fallback,,legacy_identity_may_be_lossy,,0,
disease,D165,amebiasis,Amebiasis,HK,"Hong Kong, China",D165,Amebiasis,阿米巴病,Parasitic,2021-12-01,2021-12,0,0.0,0,,missing_population,,1997-01-01,2026-06-01,2026-08-01T00:00:00+00:00,chp_notifiable,"Hong Kong, China CHP Notifiable Diseases",https://www.chp.gov.hk/en/static/24012.html,open_data_csv,chp_notifiable,"Hong Kong, China CHP Notifiable Diseases",https://www.chp.gov.hk/en/static/24012.html,open_data_csv,legacy_fallback,legacy_fallback,,legacy_identity_may_be_lossy,,0,
disease,D165,amebiasis,Amebiasis,HK,"Hong Kong, China",D165,Amebiasis,阿米巴病,Parasitic,2022-01-01,2022-01,3,0.6774193548387096,0,,missing_population,,1997-01-01,2026-06-01,2026-08-01T00:00:00+00:00,chp_notifiable,"Hong Kong, China CHP Notifiable Diseases",https://www.chp.gov.hk/en/static/24012.html,open_data_csv,chp_notifiable,"Hong Kong, China CHP Notifiable Diseases",https://www.chp.gov.hk/en/static/24012.html,open_data_csv,legacy_fallback,legacy_fallback,,legacy_identity_may_be_lossy,,0,
disease,D165,amebiasis,Amebiasis,HK,"Hong Kong, China",D165,Amebiasis,阿米巴病,Parasitic,2022-02-01,2022-02,2,0.45161290322580644,0,,missing_population,,1997-01-01,2026-06-01,2026-08-01T00:00:00+00:00,chp_notifiable,"Hong Kong, China CHP Notifiable Diseases",https://www.chp.gov.hk/en/static/24012.html,open_data_csv,chp_notifiable,"Hong Kong, China CHP Notifiable Diseases",https://www.chp.gov.hk/en/static/24012.html,open_data_csv,legacy_fallback,legacy_fallback,,legacy_identity_may_be_lossy,,0,
disease,D165,amebiasis,Amebiasis,HK,"Hong Kong, China",D165,Amebiasis,阿米巴病,Parasitic,2022-03-01,2022-03,0,0.0,0,,missing_population,,1997-01-01,2026-06-01,2026-08-01T00:00:00+00:00,chp_notifiable,"Hong Kong, China CHP Notifiable Diseases",https://www.chp.gov.hk/en/static/24012.html,open_data_csv,chp_notifiable,"Hong Kong, China CHP Notifiable Diseases",https://www.chp.gov.hk/en/static/24012.html,open_data_csv,legacy_fallback,legacy_fallback,,legacy_identity_may_be_lossy,,0,
disease,D165,amebiasis,Amebiasis,HK,"Hong Kong, China",D165,Amebiasis,阿米巴病,Parasitic,2022-04-01,2022-04,0,0.0,0,,missing_population,,1997-01-01,2026-06-01,2026-08-01T00:00:00+00:00,chp_notifiable,"Hong Kong, China CHP Notifiable Diseases",https://www.chp.gov.hk/en/static/24012.html,open_data_csv,chp_notifiable,"Hong Kong, China CHP Notifiable Diseases",https://www.chp.gov.hk/en/static/24012.html,open_data_csv,legacy_fallback,legacy_fallback,,legacy_identity_may_be_lossy,,0,
disease,D165,amebiasis,Amebiasis,HK,"Hong Kong, China",D165,Amebiasis,阿米巴病,Parasitic,2022-05-01,2022-05,1,0.23333333333333334,0,,missing_population,,1997-01-01,2026-06-01,2026-08-01T00:00:00+00:00,chp_notifiable,"Hong Kong, China CHP Notifiable Diseases",https://www.chp.gov.hk/en/static/24012.html,open_data_csv,chp_notifiable,"Hong Kong, China CHP Notifiable Diseases",https://www.chp.gov.hk/en/static/24012.html,open_data_csv,legacy_fallback,legacy_fallback,,legacy_identity_may_be_lossy,,0,
disease,D165,amebiasis,Amebiasis,HK,"Hong Kong, China",D165,Amebiasis,阿米巴病,Parasitic,2022-06-01,2022-06,3,0.6774193548387096,0,,missing_population,,1997-01-01,2026-06-01,2026-08-01T00:00:00+00:00,chp_notifiable,"Hong Kong, China CHP Notifiable Diseases",https://www.chp.gov.hk/en/static/24012.html,open_data_csv,chp_notifiable,"Hong Kong, China CHP Notifiable Diseases",https://www.chp.gov.hk/en/static/24012.html,open_data_csv,legacy_fallback,legacy_fallback,,legacy_identity_may_be_lossy,,0,
disease,D165,amebiasis,Amebiasis,HK,"Hong Kong, China",D165,Amebiasis,阿米巴病,Parasitic,2022-07-01,2022-07,1,0.23333333333333334,0,,missing_population,,1997-01-01,2026-06-01,2026-08-01T00:00:00+00:00,chp_notifiable,"Hong Kong, China CHP Notifiable Diseases",https://www.chp.gov.hk/en/static/24012.html,open_data_csv,chp_notifiable,"Hong Kong, China CHP Notifiable Diseases",https://www.chp.gov.hk/en/static/24012.html,open_data_csv,legacy_fallback,legacy_fallback,,legacy_identity_may_be_lossy,,0,
disease,D165,amebiasis,Amebiasis,HK,"Hong Kong, China",D165,Amebiasis,阿米巴病,Parasitic,2022-08-01,2022-08,1,0.22580645161290322,0,,missing_population,,1997-01-01,2026-06-01,2026-08-01T00:00:00+00:00,chp_notifiable,"Hong Kong, China CHP Notifiable Diseases",https://www.chp.gov.hk/en/static/24012.html,open_data_csv,chp_notifiable,"Hong Kong, China CHP Notifiable Diseases",https://www.chp.gov.hk/en/static/24012.html,open_data_csv,legacy_fallback,legacy_fallback,,legacy_identity_may_be_lossy,,0,
disease,D165,amebiasis,Amebiasis,HK,"Hong Kong, China",D165,Amebiasis,阿米巴病,Parasitic,2022-09-01,2022-09,0,0.0,0,,missing_population,,1997-01-01,2026-06-01,2026-08-01T00:00:00+00:00,chp_notifiable,"Hong Kong, China CHP Notifiable Diseases",https://www.chp.gov.hk/en/static/24012.html,open_data_csv,chp_notifiable,"Hong Kong, China CHP Notifiable Diseases",https://www.chp.gov.hk/en/static/24012.html,open_data_csv,legacy_fallback,legacy_fallback,,legacy_identity_may_be_lossy,,0,
disease,D165,amebiasis,Amebiasis,HK,"Hong Kong, China",D165,Amebiasis,阿米巴病,Parasitic,2022-10-01,2022-10,2,0.4666666666666667,0,,missing_population,,1997-01-01,2026-06-01,2026-08-01T00:00:00+00:00,chp_notifiable,"Hong Kong, China CHP Notifiable Diseases",https://www.chp.gov.hk/en/static/24012.html,open_data_csv,chp_notifiable,"Hong Kong, China CHP Notifiable Diseases",https://www.chp.gov.hk/en/static/24012.html,open_data_csv,legacy_fallback,legacy_fallback,,legacy_identity_may_be_lossy,,0,
disease,D165,amebiasis,Amebiasis,HK,"Hong Kong, China",D165,Amebiasis,阿米巴病,Parasitic,2022-11-01,2022-11,0,0.0,0,,missing_population,,1997-01-01,2026-06-01,2026-08-01T00:00:00+00:00,chp_notifiable,"Hong Kong, China CHP Notifiable Diseases",https://www.chp.gov.hk/en/static/24012.html,open_data_csv,chp_notifiable,"Hong Kong, China CHP Notifiable Diseases",https://www.chp.gov.hk/en/static/24012.html,open_data_csv,legacy_fallback,legacy_fallback,,legacy_identity_may_be_lossy,,0,
disease,D165,amebiasis,Amebiasis,HK,"Hong Kong, China",D165,Amebiasis,阿米巴病,Parasitic,2022-12-01,2022-12,1,0.23333333333333334,0,,missing_population,,1997-01-01,2026-06-01,2026-08-01T00:00:00+00:00,chp_notifiable,"Hong Kong, China CHP Notifiable Diseases",https://www.chp.gov.hk/en/static/24012.html,open_data_csv,chp_notifiable,"Hong Kong, China CHP Notifiable Diseases",https://www.chp.gov.hk/en/static/24012.html,open_data_csv,legacy_fallback,legacy_fallback,,legacy_identity_may_be_lossy,,0,
disease,D165,amebiasis,Amebiasis,HK,"Hong Kong, China",D165,Amebiasis,阿米巴病,Parasitic,2023-01-01,2023-01,2,0.45161290322580644,0,,missing_population,,1997-01-01,2026-06-01,2026-08-01T00:00:00+00:00,chp_notifiable,"Hong Kong, China CHP Notifiable Diseases",https://www.chp.gov.hk/en/static/24012.html,open_data_csv,chp_notifiable,"Hong Kong, China CHP Notifiable Diseases",https://www.chp.gov.hk/en/static/24012.html,open_data_csv,legacy_fallback,legacy_fallback,,legacy_identity_may_be_lossy,,0,
disease,D165,amebiasis,Amebiasis,HK,"Hong Kong, China",D165,Amebiasis,阿米巴病,Parasitic,2023-02-01,2023-02,3,0.6774193548387096,0,,missing_population,,1997-01-01,2026-06-01,2026-08-01T00:00:00+00:00,chp_notifiable,"Hong Kong, China CHP Notifiable Diseases",https://www.chp.gov.hk/en/static/24012.html,open_data_csv,chp_notifiable,"Hong Kong, China CHP Notifiable Diseases",https://www.chp.gov.hk/en/static/24012.html,open_data_csv,legacy_fallback,legacy_fallback,,legacy_identity_may_be_lossy,,0,
disease,D165,amebiasis,Amebiasis,HK,"Hong Kong, China",D165,Amebiasis,阿米巴病,Parasitic,2023-03-01,2023-03,0,0.0,0,,missing_population,,1997-01-01,2026-06-01,2026-08-01T00:00:00+00:00,chp_notifiable,"Hong Kong, China CHP Notifiable Diseases",https://www.chp.gov.hk/en/static/24012.html,open_data_csv,chp_notifiable,"Hong Kong, China CHP Notifiable Diseases",https://www.chp.gov.hk/en/static/24012.html,open_data_csv,legacy_fallback,legacy_fallback,,legacy_identity_may_be_lossy,,0,
disease,D165,amebiasis,Amebiasis,HK,"Hong Kong, China",D165,Amebiasis,阿米巴病,Parasitic,2023-04-01,2023-04,0,0.0,0,,missing_population,,1997-01-01,2026-06-01,2026-08-01T00:00:00+00:00,chp_notifiable,"Hong Kong, China CHP Notifiable Diseases",https://www.chp.gov.hk/en/static/24012.html,open_data_csv,chp_notifiable,"Hong Kong, China CHP Notifiable Diseases",https://www.chp.gov.hk/en/static/24012.html,open_data_csv,legacy_fallback,legacy_fallback,,legacy_identity_may_be_lossy,,0,
disease,D165,amebiasis,Amebiasis,HK,"Hong Kong, China",D165,Amebiasis,阿米巴病,Parasitic,2023-05-01,2023-05,0,0.0,0,,missing_population,,1997-01-01,2026-06-01,2026-08-01T00:00:00+00:00,chp_notifiable,"Hong Kong, China CHP Notifiable Diseases",https://www.chp.gov.hk/en/static/24012.html,open_data_csv,chp_notifiable,"Hong Kong, China CHP Notifiable Diseases",https://www.chp.gov.hk/en/static/24012.html,open_data_csv,legacy_fallback,legacy_fallback,,legacy_identity_may_be_lossy,,0,
disease,D165,amebiasis,Amebiasis,HK,"Hong Kong, China",D165,Amebiasis,阿米巴病,Parasitic,2023-06-01,2023-06,1,0.22580645161290322,0,,missing_population,,1997-01-01,2026-06-01,2026-08-01T00:00:00+00:00,chp_notifiable,"Hong Kong, China CHP Notifiable Diseases",https://www.chp.gov.hk/en/static/24012.html,open_data_csv,chp_notifiable,"Hong Kong, China CHP Notifiable Diseases",https://www.chp.gov.hk/en/static/24012.html,open_data_csv,legacy_fallback,legacy_fallback,,legacy_identity_may_be_lossy,,0,
disease,D165,amebiasis,Amebiasis,HK,"Hong Kong, China",D165,Amebiasis,阿米巴病,Parasitic,2023-07-01,2023-07,1,0.23333333333333334,0,,missing_population,,1997-01-01,2026-06-01,2026-08-01T00:00:00+00:00,chp_notifiable,"Hong Kong, China CHP Notifiable Diseases",https://www.chp.gov.hk/en/static/24012.html,open_data_csv,chp_notifiable,"Hong Kong, China CHP Notifiable Diseases",https://www.chp.gov.hk/en/static/24012.html,open_data_csv,legacy_fallback,legacy_fallback,,legacy_identity_may_be_lossy,,0,
disease,D165,amebiasis,Amebiasis,HK,"Hong Kong, China",D165,Amebiasis,阿米巴病,Parasitic,2023-08-01,2023-08,0,0.0,0,,missing_population,,1997-01-01,2026-06-01,2026-08-01T00:00:00+00:00,chp_notifiable,"Hong Kong, China CHP Notifiable Diseases",https://www.chp.gov.hk/en/static/24012.html,open_data_csv,chp_notifiable,"Hong Kong, China CHP Notifiable Diseases",https://www.chp.gov.hk/en/static/24012.html,open_data_csv,legacy_fallback,legacy_fallback,,legacy_identity_may_be_lossy,,0,
disease,D165,amebiasis,Amebiasis,HK,"Hong Kong, China",D165,Amebiasis,阿米巴病,Parasitic,2023-09-01,2023-09,0,0.0,0,,missing_population,,1997-01-01,2026-06-01,2026-08-01T00:00:00+00:00,chp_notifiable,"Hong Kong, China CHP Notifiable Diseases",https://www.chp.gov.hk/en/static/24012.html,open_data_csv,chp_notifiable,"Hong Kong, China CHP Notifiable Diseases",https://www.chp.gov.hk/en/static/24012.html,open_data_csv,legacy_fallback,legacy_fallback,,legacy_identity_may_be_lossy,,0,
disease,D165,amebiasis,Amebiasis,HK,"Hong Kong, China",D165,Amebiasis,阿米巴病,Parasitic,2023-10-01,2023-10,2,0.4666666666666667,0,,missing_population,,1997-01-01,2026-06-01,2026-08-01T00:00:00+00:00,chp_notifiable,"Hong Kong, China CHP Notifiable Diseases",https://www.chp.gov.hk/en/static/24012.html,open_data_csv,chp_notifiable,"Hong Kong, China CHP Notifiable Diseases",https://www.chp.gov.hk/en/static/24012.html,open_data_csv,legacy_fallback,legacy_fallback,,legacy_identity_may_be_lossy,,0,
disease,D165,amebiasis,Amebiasis,HK,"Hong Kong, China",D165,Amebiasis,阿米巴病,Parasitic,2023-11-01,2023-11,3,0.6774193548387096,0,,missing_population,,1997-01-01,2026-06-01,2026-08-01T00:00:00+00:00,chp_notifiable,"Hong Kong, China CHP Notifiable Diseases",https://www.chp.gov.hk/en/static/24012.html,open_data_csv,chp_notifiable,"Hong Kong, China CHP Notifiable Diseases",https://www.chp.gov.hk/en/static/24012.html,open_data_csv,legacy_fallback,legacy_fallback,,legacy_identity_may_be_lossy,,0,
disease,D165,amebiasis,Amebiasis,HK,"Hong Kong, China",D165,Amebiasis,阿米巴病,Parasitic,2023-12-01,2023-12,2,0.4666666666666667,0,,missing_population,,1997-01-01,2026-06-01,2026-08-01T00:00:00+00:00,chp_notifiable,"Hong Kong, China CHP Notifiable Diseases",https://www.chp.gov.hk/en/static/24012.html,open_data_csv,chp_notifiable,"Hong Kong, China CHP Notifiable Diseases",https://www.chp.gov.hk/en/static/24012.html,open_data_csv,legacy_fallback,legacy_fallback,,legacy_identity_may_be_lossy,,0,
disease,D165,amebiasis,Amebiasis,HK,"Hong Kong, China",D165,Amebiasis,阿米巴病,Parasitic,2024-01-01,2024-01,1,0.22580645161290322,0,,missing_population,,1997-01-01,2026-06-01,2026-08-01T00:00:00+00:00,chp_notifiable,"Hong Kong, China CHP Notifiable Diseases",https://www.chp.gov.hk/en/static/24012.html,open_data_csv,chp_notifiable,"Hong Kong, China CHP Notifiable Diseases",https://www.chp.gov.hk/en/static/24012.html,open_data_csv,legacy_fallback,legacy_fallback,,legacy_identity_may_be_lossy,,0,
disease,D165,amebiasis,Amebiasis,HK,"Hong Kong, China",D165,Amebiasis,阿米巴病,Parasitic,2024-02-01,2024-02,0,0.0,0,,missing_population,,1997-01-01,2026-06-01,2026-08-01T00:00:00+00:00,chp_notifiable,"Hong Kong, China CHP Notifiable Diseases",https://www.chp.gov.hk/en/static/24012.html,open_data_csv,chp_notifiable,"Hong Kong, China CHP Notifiable Diseases",https://www.chp.gov.hk/en/static/24012.html,open_data_csv,legacy_fallback,legacy_fallback,,legacy_identity_may_be_lossy,,0,
disease,D165,amebiasis,Amebiasis,HK,"Hong Kong, China",D165,Amebiasis,阿米巴病,Parasitic,2024-03-01,2024-03,0,0.0,0,,missing_population,,1997-01-01,2026-06-01,2026-08-01T00:00:00+00:00,chp_notifiable,"Hong Kong, China CHP Notifiable Diseases",https://www.chp.gov.hk/en/static/24012.html,open_data_csv,chp_notifiable,"Hong Kong, China CHP Notifiable Diseases",https://www.chp.gov.hk/en/static/24012.html,open_data_csv,legacy_fallback,legacy_fallback,,legacy_identity_may_be_lossy,,0,
disease,D165,amebiasis,Amebiasis,HK,"Hong Kong, China",D165,Amebiasis,阿米巴病,Parasitic,2024-04-01,2024-04,0,0.0,0,,missing_population,,1997-01-01,2026-06-01,2026-08-01T00:00:00+00:00,chp_notifiable,"Hong Kong, China CHP Notifiable Diseases",https://www.chp.gov.hk/en/static/24012.html,open_data_csv,chp_notifiable,"Hong Kong, China CHP Notifiable Diseases",https://www.chp.gov.hk/en/static/24012.html,open_data_csv,legacy_fallback,legacy_fallback,,legacy_identity_may_be_lossy,,0,
disease,D165,amebiasis,Amebiasis,HK,"Hong Kong, China",D165,Amebiasis,阿米巴病,Parasitic,2024-05-01,2024-05,1,0.23333333333333334,0,,missing_population,,1997-01-01,2026-06-01,2026-08-01T00:00:00+00:00,chp_notifiable,"Hong Kong, China CHP Notifiable Diseases",https://www.chp.gov.hk/en/static/24012.html,open_data_csv,chp_notifiable,"Hong Kong, China CHP Notifiable Diseases",https://www.chp.gov.hk/en/static/24012.html,open_data_csv,legacy_fallback,legacy_fallback,,legacy_identity_may_be_lossy,,0,
disease,D165,amebiasis,Amebiasis,HK,"Hong Kong, China",D165,Amebiasis,阿米巴病,Parasitic,2024-06-01,2024-06,0,0.0,0,,missing_population,,1997-01-01,2026-06-01,2026-08-01T00:00:00+00:00,chp_notifiable,"Hong Kong, China CHP Notifiable Diseases",https://www.chp.gov.hk/en/static/24012.html,open_data_csv,chp_notifiable,"Hong Kong, China CHP Notifiable Diseases",https://www.chp.gov.hk/en/static/24012.html,open_data_csv,legacy_fallback,legacy_fallback,,legacy_identity_may_be_lossy,,0,
disease,D165,amebiasis,Amebiasis,HK,"Hong Kong, China",D165,Amebiasis,阿米巴病,Parasitic,2024-07-01,2024-07,3,0.7000000000000001,0,,missing_population,,1997-01-01,2026-06-01,2026-08-01T00:00:00+00:00,chp_notifiable,"Hong Kong, China CHP Notifiable Diseases",https://www.chp.gov.hk/en/static/24012.html,open_data_csv,chp_notifiable,"Hong Kong, China CHP Notifiable Diseases",https://www.chp.gov.hk/en/static/24012.html,open_data_csv,legacy_fallback,legacy_fallback,,legacy_identity_may_be_lossy,,0,
disease,D165,amebiasis,Amebiasis,HK,"Hong Kong, China",D165,Amebiasis,阿米巴病,Parasitic,2024-08-01,2024-08,1,0.22580645161290322,0,,missing_population,,1997-01-01,2026-06-01,2026-08-01T00:00:00+00:00,chp_notifiable,"Hong Kong, China CHP Notifiable Diseases",https://www.chp.gov.hk/en/static/24012.html,open_data_csv,chp_notifiable,"Hong Kong, China CHP Notifiable Diseases",https://www.chp.gov.hk/en/static/24012.html,open_data_csv,legacy_fallback,legacy_fallback,,legacy_identity_may_be_lossy,,0,
disease,D165,amebiasis,Amebiasis,HK,"Hong Kong, China",D165,Amebiasis,阿米巴病,Parasitic,2024-09-01,2024-09,2,0.45161290322580644,0,,missing_population,,1997-01-01,2026-06-01,2026-08-01T00:00:00+00:00,chp_notifiable,"Hong Kong, China CHP Notifiable Diseases",https://www.chp.gov.hk/en/static/24012.html,open_data_csv,chp_notifiable,"Hong Kong, China CHP Notifiable Diseases",https://www.chp.gov.hk/en/static/24012.html,open_data_csv,legacy_fallback,legacy_fallback,,legacy_identity_may_be_lossy,,0,
disease,D165,amebiasis,Amebiasis,HK,"Hong Kong, China",D165,Amebiasis,阿米巴病,Parasitic,2024-10-01,2024-10,1,0.23333333333333334,0,,missing_population,,1997-01-01,2026-06-01,2026-08-01T00:00:00+00:00,chp_notifiable,"Hong Kong, China CHP Notifiable Diseases",https://www.chp.gov.hk/en/static/24012.html,open_data_csv,chp_notifiable,"Hong Kong, China CHP Notifiable Diseases",https://www.chp.gov.hk/en/static/24012.html,open_data_csv,legacy_fallback,legacy_fallback,,legacy_identity_may_be_lossy,,0,
disease,D165,amebiasis,Amebiasis,HK,"Hong Kong, China",D165,Amebiasis,阿米巴病,Parasitic,2024-11-01,2024-11,0,0.0,0,,missing_population,,1997-01-01,2026-06-01,2026-08-01T00:00:00+00:00,chp_notifiable,"Hong Kong, China CHP Notifiable Diseases",https://www.chp.gov.hk/en/static/24012.html,open_data_csv,chp_notifiable,"Hong Kong, China CHP Notifiable Diseases",https://www.chp.gov.hk/en/static/24012.html,open_data_csv,legacy_fallback,legacy_fallback,,legacy_identity_may_be_lossy,,0,
disease,D165,amebiasis,Amebiasis,HK,"Hong Kong, China",D165,Amebiasis,阿米巴病,Parasitic,2024-12-01,2024-12,1,0.23333333333333334,0,,missing_population,,1997-01-01,2026-06-01,2026-08-01T00:00:00+00:00,chp_notifiable,"Hong Kong, China CHP Notifiable Diseases",https://www.chp.gov.hk/en/static/24012.html,open_data_csv,chp_notifiable,"Hong Kong, China CHP Notifiable Diseases",https://www.chp.gov.hk/en/static/24012.html,open_data_csv,legacy_fallback,legacy_fallback,,legacy_identity_may_be_lossy,,0,
disease,D165,amebiasis,Amebiasis,HK,"Hong Kong, China",D165,Amebiasis,阿米巴病,Parasitic,2025-01-01,2025-01,0,0.0,0,,missing_population,,1997-01-01,2026-06-01,2026-08-01T00:00:00+00:00,chp_notifiable,"Hong Kong, China CHP Notifiable Diseases",https://www.chp.gov.hk/en/static/24012.html,open_data_csv,chp_notifiable,"Hong Kong, China CHP Notifiable Diseases",https://www.chp.gov.hk/en/static/24012.html,open_data_csv,legacy_fallback,legacy_fallback,,legacy_identity_may_be_lossy,,0,
disease,D165,amebiasis,Amebiasis,HK,"Hong Kong, China",D165,Amebiasis,阿米巴病,Parasitic,2025-02-01,2025-02,1,0.22580645161290322,0,,missing_population,,1997-01-01,2026-06-01,2026-08-01T00:00:00+00:00,chp_notifiable,"Hong Kong, China CHP Notifiable Diseases",https://www.chp.gov.hk/en/static/24012.html,open_data_csv,chp_notifiable,"Hong Kong, China CHP Notifiable Diseases",https://www.chp.gov.hk/en/static/24012.html,open_data_csv,legacy_fallback,legacy_fallback,,legacy_identity_may_be_lossy,,0,
disease,D165,amebiasis,Amebiasis,HK,"Hong Kong, China",D165,Amebiasis,阿米巴病,Parasitic,2025-03-01,2025-03,1,0.25,0,,missing_population,,1997-01-01,2026-06-01,2026-08-01T00:00:00+00:00,chp_notifiable,"Hong Kong, China CHP Notifiable Diseases",https://www.chp.gov.hk/en/static/24012.html,open_data_csv,chp_notifiable,"Hong Kong, China CHP Notifiable Diseases",https://www.chp.gov.hk/en/static/24012.html,open_data_csv,legacy_fallback,legacy_fallback,,legacy_identity_may_be_lossy,,0,
disease,D165,amebiasis,Amebiasis,HK,"Hong Kong, China",D165,Amebiasis,阿米巴病,Parasitic,2025-04-01,2025-04,0,0.0,0,,missing_population,,1997-01-01,2026-06-01,2026-08-01T00:00:00+00:00,chp_notifiable,"Hong Kong, China CHP Notifiable Diseases",https://www.chp.gov.hk/en/static/24012.html,open_data_csv,chp_notifiable,"Hong Kong, China CHP Notifiable Diseases",https://www.chp.gov.hk/en/static/24012.html,open_data_csv,legacy_fallback,legacy_fallback,,legacy_identity_may_be_lossy,,0,
disease,D165,amebiasis,Amebiasis,HK,"Hong Kong, China",D165,Amebiasis,阿米巴病,Parasitic,2025-05-01,2025-05,1,0.23333333333333334,0,,missing_population,,1997-01-01,2026-06-01,2026-08-01T00:00:00+00:00,chp_notifiable,"Hong Kong, China CHP Notifiable Diseases",https://www.chp.gov.hk/en/static/24012.html,open_data_csv,chp_notifiable,"Hong Kong, China CHP Notifiable Diseases",https://www.chp.gov.hk/en/static/24012.html,open_data_csv,legacy_fallback,legacy_fallback,,legacy_identity_may_be_lossy,,0,
disease,D165,amebiasis,Amebiasis,HK,"Hong Kong, China",D165,Amebiasis,阿米巴病,Parasitic,2025-06-01,2025-06,0,0.0,0,,missing_population,,1997-01-01,2026-06-01,2026-08-01T00:00:00+00:00,chp_notifiable,"Hong Kong, China CHP Notifiable Diseases",https://www.chp.gov.hk/en/static/24012.html,open_data_csv,chp_notifiable,"Hong Kong, China CHP Notifiable Diseases",https://www.chp.gov.hk/en/static/24012.html,open_data_csv,legacy_fallback,legacy_fallback,,legacy_identity_may_be_lossy,,0,
disease,D165,amebiasis,Amebiasis,HK,"Hong Kong, China",D165,Amebiasis,阿米巴病,Parasitic,2025-07-01,2025-07,1,0.23333333333333334,0,,missing_population,,1997-01-01,2026-06-01,2026-08-01T00:00:00+00:00,chp_notifiable,"Hong Kong, China CHP Notifiable Diseases",https://www.chp.gov.hk/en/static/24012.html,open_data_csv,chp_notifiable,"Hong Kong, China CHP Notifiable Diseases",https://www.chp.gov.hk/en/static/24012.html,open_data_csv,legacy_fallback,legacy_fallback,,legacy_identity_may_be_lossy,,0,
disease,D165,amebiasis,Amebiasis,HK,"Hong Kong, China",D165,Amebiasis,阿米巴病,Parasitic,2025-08-01,2025-08,1,0.22580645161290322,0,,missing_population,,1997-01-01,2026-06-01,2026-08-01T00:00:00+00:00,chp_notifiable,"Hong Kong, China CHP Notifiable Diseases",https://www.chp.gov.hk/en/static/24012.html,open_data_csv,chp_notifiable,"Hong Kong, China CHP Notifiable Diseases",https://www.chp.gov.hk/en/static/24012.html,open_data_csv,legacy_fallback,legacy_fallback,,legacy_identity_may_be_lossy,,0,
disease,D165,amebiasis,Amebiasis,HK,"Hong Kong, China",D165,Amebiasis,阿米巴病,Parasitic,2025-09-01,2025-09,1,0.22580645161290322,0,,missing_population,,1997-01-01,2026-06-01,2026-08-01T00:00:00+00:00,chp_notifiable,"Hong Kong, China CHP Notifiable Diseases",https://www.chp.gov.hk/en/static/24012.html,open_data_csv,chp_notifiable,"Hong Kong, China CHP Notifiable Diseases",https://www.chp.gov.hk/en/static/24012.html,open_data_csv,legacy_fallback,legacy_fallback,,legacy_identity_may_be_lossy,,0,
disease,D165,amebiasis,Amebiasis,HK,"Hong Kong, China",D165,Amebiasis,阿米巴病,Parasitic,2025-10-01,2025-10,2,0.4666666666666667,0,,missing_population,,1997-01-01,2026-06-01,2026-08-01T00:00:00+00:00,chp_notifiable,"Hong Kong, China CHP Notifiable Diseases",https://www.chp.gov.hk/en/static/24012.html,open_data_csv,chp_notifiable,"Hong Kong, China CHP Notifiable Diseases",https://www.chp.gov.hk/en/static/24012.html,open_data_csv,legacy_fallback,legacy_fallback,,legacy_identity_may_be_lossy,,0,
disease,D165,amebiasis,Amebiasis,HK,"Hong Kong, China",D165,Amebiasis,阿米巴病,Parasitic,2025-11-01,2025-11,2,0.45161290322580644,0,,missing_population,,1997-01-01,2026-06-01,2026-08-01T00:00:00+00:00,chp_notifiable,"Hong Kong, China CHP Notifiable Diseases",https://www.chp.gov.hk/en/static/24012.html,open_data_csv,chp_notifiable,"Hong Kong, China CHP Notifiable Diseases",https://www.chp.gov.hk/en/static/24012.html,open_data_csv,legacy_fallback,legacy_fallback,,legacy_identity_may_be_lossy,,0,
disease,D165,amebiasis,Amebiasis,HK,"Hong Kong, China",D165,Amebiasis,阿米巴病,Parasitic,2025-12-01,2025-12,2,0.4666666666666667,0,,missing_population,,1997-01-01,2026-06-01,2026-08-01T00:00:00+00:00,chp_notifiable,"Hong Kong, China CHP Notifiable Diseases",https://www.chp.gov.hk/en/static/24012.html,open_data_csv,chp_notifiable,"Hong Kong, China CHP Notifiable Diseases",https://www.chp.gov.hk/en/static/24012.html,open_data_csv,legacy_fallback,legacy_fallback,,legacy_identity_may_be_lossy,,0,
disease,D165,amebiasis,Amebiasis,HK,"Hong Kong, China",D165,Amebiasis,阿米巴病,Parasitic,2026-01-01,2026-01,1,0.22580645161290322,0,,missing_population,,1997-01-01,2026-06-01,2026-08-01T00:00:00+00:00,chp_notifiable,"Hong Kong, China CHP Notifiable Diseases",https://www.chp.gov.hk/en/static/24012.html,open_data_csv,chp_notifiable,"Hong Kong, China CHP Notifiable Diseases",https://www.chp.gov.hk/en/static/24012.html,open_data_csv,legacy_fallback,legacy_fallback,,legacy_identity_may_be_lossy,,0,
disease,D165,amebiasis,Amebiasis,HK,"Hong Kong, China",D165,Amebiasis,阿米巴病,Parasitic,2026-02-01,2026-02,0,0.0,0,,missing_population,,1997-01-01,2026-06-01,2026-08-01T00:00:00+00:00,chp_notifiable,"Hong Kong, China CHP Notifiable Diseases",https://www.chp.gov.hk/en/static/24012.html,open_data_csv,chp_notifiable,"Hong Kong, China CHP Notifiable Diseases",https://www.chp.gov.hk/en/static/24012.html,open_data_csv,legacy_fallback,legacy_fallback,,legacy_identity_may_be_lossy,,0,
disease,D165,amebiasis,Amebiasis,HK,"Hong Kong, China",D165,Amebiasis,阿米巴病,Parasitic,2026-03-01,2026-03,1,0.25,0,,missing_population,,1997-01-01,2026-06-01,2026-08-01T00:00:00+00:00,chp_notifiable,"Hong Kong, China CHP Notifiable Diseases",https://www.chp.gov.hk/en/static/24012.html,open_data_csv,chp_notifiable,"Hong Kong, China CHP Notifiable Diseases",https://www.chp.gov.hk/en/static/24012.html,open_data_csv,legacy_fallback,legacy_fallback,,legacy_identity_may_be_lossy,,0,
disease,D165,amebiasis,Amebiasis,HK,"Hong Kong, China",D165,Amebiasis,阿米巴病,Parasitic,2026-04-01,2026-04,2,0.45161290322580644,0,,missing_population,,1997-01-01,2026-06-01,2026-08-01T00:00:00+00:00,chp_notifiable,"Hong Kong, China CHP Notifiable Diseases",https://www.chp.gov.hk/en/static/24012.html,open_data_csv,chp_notifiable,"Hong Kong, China CHP Notifiable Diseases",https://www.chp.gov.hk/en/static/24012.html,open_data_csv,legacy_fallback,legacy_fallback,,legacy_identity_may_be_lossy,,0,
disease,D165,amebiasis,Amebiasis,HK,"Hong Kong, China",D165,Amebiasis,阿米巴病,Parasitic,2026-05-01,2026-05,3,0.7000000000000001,0,,missing_population,,1997-01-01,2026-06-01,2026-08-01T00:00:00+00:00,chp_notifiable,"Hong Kong, China CHP Notifiable Diseases",https://www.chp.gov.hk/en/static/24012.html,open_data_csv,chp_notifiable,"Hong Kong, China CHP Notifiable Diseases",https://www.chp.gov.hk/en/static/24012.html,open_data_csv,legacy_fallback,legacy_fallback,,legacy_identity_may_be_lossy,,0,
disease,D165,amebiasis,Amebiasis,HK,"Hong Kong, China",D165,Amebiasis,阿米巴病,Parasitic,2026-06-01,2026-06,2,0.45161290322580644,0,,missing_population,,1997-01-01,2026-06-01,2026-08-01T00:00:00+00:00,chp_notifiable,"Hong Kong, China CHP Notifiable Diseases",https://www.chp.gov.hk/en/static/24012.html,open_data_csv,chp_notifiable,"Hong Kong, China CHP Notifiable Diseases",https://www.chp.gov.hk/en/static/24012.html,open_data_csv,legacy_fallback,legacy_fallback,,legacy_identity_may_be_lossy,,0,
disease,D165,amebiasis,Amebiasis,JP,Japan,D165,Amebiasis,阿米巴病,Parasitic,2012-09-16,2012-09,15,15.0,0,0.011725319384997619,wpp_computed,,2012-09-16,2026-07-25,2026-08-01T00:00:00+00:00,jp_weekly,JP NIID Weekly,https://id-info.jihs.go.jp/en/surveillance/idwr/rapid/index.html,web,jp_weekly,JP NIID Weekly,https://id-info.jihs.go.jp/en/surveillance/idwr/rapid/index.html,web,mixed,single_series,SER_JP_AMEBIASIS_WEEKLY,,legacy_gap_fill,32,0.0
disease,D165,amebiasis,Amebiasis,JP,Japan,D165,Amebiasis,阿米巴病,Parasitic,2012-09-23,2012-09,4,4.0,0,0.0031267518359993644,wpp_computed,,2012-09-16,2026-07-25,2026-08-01T00:00:00+00:00,jp_weekly,JP NIID Weekly,https://id-info.jihs.go.jp/en/surveillance/idwr/rapid/index.html,web,jp_weekly,JP NIID Weekly,https://id-info.jihs.go.jp/en/surveillance/idwr/rapid/index.html,web,mixed,single_series,SER_JP_AMEBIASIS_WEEKLY,,legacy_gap_fill,32,0.0
disease,D165,amebiasis,Amebiasis,JP,Japan,D165,Amebiasis,阿米巴病,Parasitic,2012-09-30,2012-09,12,12.0,0,0.009380255507998096,wpp_computed,,2012-09-16,2026-07-25,2026-08-01T00:00:00+00:00,jp_weekly,JP NIID Weekly,https://id-info.jihs.go.jp/en/surveillance/idwr/rapid/index.html,web,jp_weekly,JP NIID Weekly,https://id-info.jihs.go.jp/en/surveillance/idwr/rapid/index.html,web,mixed,single_series,SER_JP_AMEBIASIS_WEEKLY,,legacy_gap_fill,32,0.0
disease,D165,amebiasis,Amebiasis,JP,Japan,D165,Amebiasis,阿米巴病,Parasitic,2012-10-07,2012-10,12,12.0,0,0.009380255507998096,wpp_computed,,2012-09-16,2026-07-25,2026-08-01T00:00:00+00:00,jp_weekly,JP NIID Weekly,https://id-info.jihs.go.jp/en/surveillance/idwr/rapid/index.html,web,jp_weekly,JP NIID Weekly,https://id-info.jihs.go.jp/en/surveillance/idwr/rapid/index.html,web,mixed,single_series,SER_JP_AMEBIASIS_WEEKLY,,legacy_gap_fill,32,0.0
disease,D165,amebiasis,Amebiasis,JP,Japan,D165,Amebiasis,阿米巴病,Parasitic,2012-10-14,2012-10,13,13.0,0,0.010161943466997937,wpp_computed,,2012-09-16,2026-07-25,2026-08-01T00:00:00+00:00,jp_weekly,JP NIID Weekly,https://id-info.jihs.go.jp/en/surveillance/idwr/rapid/index.html,web,jp_weekly,JP NIID Weekly,https://id-info.jihs.go.jp/en/surveillance/idwr/rapid/index.html,web,mixed,single_series,SER_JP_AMEBIASIS_WEEKLY,,legacy_gap_fill,32,0.0
disease,D165,amebiasis,Amebiasis,JP,Japan,D165,Amebiasis,阿米巴病,Parasitic,2012-10-21,2012-10,6,6.0,0,0.004690127753999048,wpp_computed,,2012-09-16,2026-07-25,2026-08-01T00:00:00+00:00,jp_weekly,JP NIID Weekly,https://id-info.jihs.go.jp/en/surveillance/idwr/rapid/index.html,web,jp_weekly,JP NIID Weekly,https://id-info.jihs.go.jp/en/surveillance/idwr/rapid/index.html,web,mixed,single_series,SER_JP_AMEBIASIS_WEEKLY,,legacy_gap_fill,32,0.0
disease,D165,amebiasis,Amebiasis,JP,Japan,D165,Amebiasis,阿米巴病,Parasitic,2012-10-28,2012-10,15,15.0,0,0.011725319384997619,wpp_computed,,2012-09-16,2026-07-25,2026-08-01T00:00:00+00:00,jp_weekly,JP NIID Weekly,https://id-info.jihs.go.jp/en/surveillance/idwr/rapid/index.html,web,jp_weekly,JP NIID Weekly,https://id-info.jihs.go.jp/en/surveillance/idwr/rapid/index.html,web,mixed,single_series,SER_JP_AMEBIASIS_WEEKLY,,legacy_gap_fill,32,0.0
disease,D165,amebiasis,Amebiasis,JP,Japan,D165,Amebiasis,阿米巴病,Parasitic,2012-11-04,2012-11,13,13.0,0,0.010161943466997937,wpp_computed,,2012-09-16,2026-07-25,2026-08-01T00:00:00+00:00,jp_weekly,JP NIID Weekly,https://id-info.jihs.go.jp/en/surveillance/idwr/rapid/index.html,web,jp_weekly,JP NIID Weekly,https://id-info.jihs.go.jp/en/surveillance/idwr/rapid/index.html,web,mixed,single_series,SER_JP_AMEBIASIS_WEEKLY,,legacy_gap_fill,32,0.0
disease,D165,amebiasis,Amebiasis,JP,Japan,D165,Amebiasis,阿米巴病,Parasitic,2012-11-11,2012-11,8,8.0,0,0.006253503671998729,wpp_computed,,2012-09-16,2026-07-25,2026-08-01T00:00:00+00:00,jp_weekly,JP NIID Weekly,https://id-info.jihs.go.jp/en/surveillance/idwr/rapid/index.html,web,jp_weekly,JP NIID Weekly,https://id-info.jihs.go.jp/en/surveillance/idwr/rapid/index.html,web,mixed,single_series,SER_JP_AMEBIASIS_WEEKLY,,legacy_gap_fill,32,0.0
disease,D165,amebiasis,Amebiasis,JP,Japan,D165,Amebiasis,阿米巴病,Parasitic,2012-11-18,2012-11,21,21.0,0,0.016415447138996665,wpp_computed,,2012-09-16,2026-07-25,2026-08-01T00:00:00+00:00,jp_weekly,JP NIID Weekly,https://id-info.jihs.go.jp/en/surveillance/idwr/rapid/index.html,web,jp_weekly,JP NIID Weekly,https://id-info.jihs.go.jp/en/surveillance/idwr/rapid/index.html,web,mixed,single_series,SER_JP_AMEBIASIS_WEEKLY,,legacy_gap_fill,32,0.0
disease,D165,amebiasis,Amebiasis,JP,Japan,D165,Amebiasis,阿米巴病,Parasitic,2012-11-25,2012-11,7,7.0,0,0.005471815712998889,wpp_computed,,2012-09-16,2026-07-25,2026-08-01T00:00:00+00:00,jp_weekly,JP NIID Weekly,https://id-info.jihs.go.jp/en/surveillance/idwr/rapid/index.html,web,jp_weekly,JP NIID Weekly,https://id-info.jihs.go.jp/en/surveillance/idwr/rapid/index.html,web,mixed,single_series,SER_JP_AMEBIASIS_WEEKLY,,legacy_gap_fill,32,0.0
disease,D165,amebiasis,Amebiasis,JP,Japan,D165,Amebiasis,阿米巴病,Parasitic,2012-12-02,2012-12,18,18.0,0,0.01407038326199714,wpp_computed,,2012-09-16,2026-07-25,2026-08-01T00:00:00+00:00,jp_weekly,JP NIID Weekly,https://id-info.jihs.go.jp/en/surveillance/idwr/rapid/index.html,web,jp_weekly,JP NIID Weekly,https://id-info.jihs.go.jp/en/surveillance/idwr/rapid/index.html,web,mixed,single_series,SER_JP_AMEBIASIS_WEEKLY,,legacy_gap_fill,32,0.0
disease,D165,amebiasis,Amebiasis,JP,Japan,D165,Amebiasis,阿米巴病,Parasitic,2012-12-09,2012-12,11,11.0,0,0.008598567548998253,wpp_computed,,2012-09-16,2026-07-25,2026-08-01T00:00:00+00:00,jp_weekly,JP NIID Weekly,https://id-info.jihs.go.jp/en/surveillance/idwr/rapid/index.html,web,jp_weekly,JP NIID Weekly,https://id-info.jihs.go.jp/en/surveillance/idwr/rapid/index.html,web,mixed,single_series,SER_JP_AMEBIASIS_WEEKLY,,legacy_gap_fill,32,0.0
disease,D165,amebiasis,Amebiasis,JP,Japan,D165,Amebiasis,阿米巴病,Parasitic,2012-12-16,2012-12,14,14.0,0,0.010943631425997778,wpp_computed,,2012-09-16,2026-07-25,2026-08-01T00:00:00+00:00,jp_weekly,JP NIID Weekly,https://id-info.jihs.go.jp/en/surveillance/idwr/rapid/index.html,web,jp_weekly,JP NIID Weekly,https://id-info.jihs.go.jp/en/surveillance/idwr/rapid/index.html,web,mixed,single_series,SER_JP_AMEBIASIS_WEEKLY,,legacy_gap_fill,32,0.0
disease,D165,amebiasis,Amebiasis,JP,Japan,D165,Amebiasis,阿米巴病,Parasitic,2012-12-23,2012-12,16,16.0,0,0.012507007343997458,wpp_computed,,2012-09-16,2026-07-25,2026-08-01T00:00:00+00:00,jp_weekly,JP NIID Weekly,https://id-info.jihs.go.jp/en/surveillance/idwr/rapid/index.html,web,jp_weekly,JP NIID Weekly,https://id-info.jihs.go.jp/en/surveillance/idwr/rapid/index.html,web,mixed,single_series,SER_JP_AMEBIASIS_WEEKLY,,legacy_gap_fill,32,0.0
disease,D165,amebiasis,Amebiasis,JP,Japan,D165,Amebiasis,阿米巴病,Parasitic,2012-12-30,2012-12,18,18.0,0,0.01407038326199714,wpp_computed,,2012-09-16,2026-07-25,2026-08-01T00:00:00+00:00,jp_weekly,JP NIID Weekly,https://id-info.jihs.go.jp/en/surveillance/idwr/rapid/index.html,web,jp_weekly,JP NIID Weekly,https://id-info.jihs.go.jp/en/surveillance/idwr/rapid/index.html,web,mixed,single_series,SER_JP_AMEBIASIS_WEEKLY,,legacy_gap_fill,32,0.0
disease,D165,amebiasis,Amebiasis,JP,Japan,D165,Amebiasis,阿米巴病,Parasitic,2013-01-06,2013-01,5,5.0,0,0.003914701917899767,wpp_computed,,2012-09-16,2026-07-25,2026-08-01T00:00:00+00:00,jp_weekly,JP NIID Weekly,https://id-info.jihs.go.jp/en/surveillance/idwr/rapid/index.html,web,jp_weekly,JP NIID Weekly,https://id-info.jihs.go.jp/en/surveillance/idwr/rapid/index.html,web,mixed,single_series,SER_JP_AMEBIASIS_WEEKLY,,legacy_gap_fill,32,0.0
disease,D165,amebiasis,Amebiasis,JP,Japan,D165,Amebiasis,阿米巴病,Parasitic,2013-01-13,2013-01,11,11.0,0,0.00861234421937949,wpp_computed,,2012-09-16,2026-07-25,2026-08-01T00:00:00+00:00,jp_weekly,JP NIID Weekly,https://id-info.jihs.go.jp/en/surveillance/idwr/rapid/index.html,web,jp_weekly,JP NIID Weekly,https://id-info.jihs.go.jp/en/surveillance/idwr/rapid/index.html,web,mixed,single_series,SER_JP_AMEBIASIS_WEEKLY,,legacy_gap_fill,32,0.0
disease,D165,amebiasis,Amebiasis,JP,Japan,D165,Amebiasis,阿米巴病,Parasitic,2013-01-20,2013-01,17,17.0,0,0.01330998652085921,wpp_computed,,2012-09-16,2026-07-25,2026-08-01T00:00:00+00:00,jp_weekly,JP NIID Weekly,https://id-info.jihs.go.jp/en/surveillance/idwr/rapid/index.html,web,jp_weekly,JP NIID Weekly,https://id-info.jihs.go.jp/en/surveillance/idwr/rapid/index.html,web,mixed,single_series,SER_JP_AMEBIASIS_WEEKLY,,legacy_gap_fill,32,0.0
disease,D165,amebiasis,Amebiasis,JP,Japan,D165,Amebiasis,阿米巴病,Parasitic,2013-01-27,2013-01,15,15.0,0,0.011744105753699302,wpp_computed,,2012-09-16,2026-07-25,2026-08-01T00:00:00+00:00,jp_weekly,JP NIID Weekly,https://id-info.jihs.go.jp/en/surveillance/idwr/rapid/index.html,web,jp_weekly,JP NIID Weekly,https://id-info.jihs.go.jp/en/surveillance/idwr/rapid/index.html,web,mixed,single_series,SER_JP_AMEBIASIS_WEEKLY,,legacy_gap_fill,32,0.0
disease,D165,amebiasis,Amebiasis,JP,Japan,D165,Amebiasis,阿米巴病,Parasitic,2013-02-03,2013-02,11,11.0,0,0.00861234421937949,wpp_computed,,2012-09-16,2026-07-25,2026-08-01T00:00:00+00:00,jp_weekly,JP NIID Weekly,https://id-info.jihs.go.jp/en/surveillance/idwr/rapid/index.html,web,jp_weekly,JP NIID Weekly,https://id-info.jihs.go.jp/en/surveillance/idwr/rapid/index.html,web,mixed,single_series,SER_JP_AMEBIASIS_WEEKLY,,legacy_gap_fill,32,0.0
disease,D165,amebiasis,Amebiasis,JP,Japan,D165,Amebiasis,阿米巴病,Parasitic,2013-02-10,2013-02,11,11.0,0,0.00861234421937949,wpp_computed,,2012-09-16,2026-07-25,2026-08-01T00:00:00+00:00,jp_weekly,JP NIID Weekly,https://id-info.jihs.go.jp/en/surveillance/idwr/rapid/index.html,web,jp_weekly,JP NIID Weekly,https://id-info.jihs.go.jp/en/surveillance/idwr/rapid/index.html,web,mixed,single_series,SER_JP_AMEBIASIS_WEEKLY,,legacy_gap_fill,32,0.0
disease,D165,amebiasis,Amebiasis,JP,Japan,D165,Amebiasis,阿米巴病,Parasitic,2013-02-17,2013-02,5,5.0,0,0.003914701917899767,wpp_computed,,2012-09-16,2026-07-25,2026-08-01T00:00:00+00:00,jp_weekly,JP NIID Weekly,https://id-info.jihs.go.jp/en/surveillance/idwr/rapid/index.html,web,jp_weekly,JP NIID Weekly,https://id-info.jihs.go.jp/en/surveillance/idwr/rapid/index.html,web,mixed,single_series,SER_JP_AMEBIASIS_WEEKLY,,legacy_gap_fill,32,0.0
disease,D165,amebiasis,Amebiasis,JP,Japan,D165,Amebiasis,阿米巴病,Parasitic,2013-02-24,2013-02,11,11.0,0,0.00861234421937949,wpp_computed,,2012-09-16,2026-07-25,2026-08-01T00:00:00+00:00,jp_weekly,JP NIID Weekly,https://id-info.jihs.go.jp/en/surveillance/idwr/rapid/index.html,web,jp_weekly,JP NIID Weekly,https://id-info.jihs.go.jp/en/surveillance/idwr/rapid/index.html,web,mixed,single_series,SER_JP_AMEBIASIS_WEEKLY,,legacy_gap_fill,32,0.0
disease,D165,amebiasis,Amebiasis,JP,Japan,D165,Amebiasis,阿米巴病,Parasitic,2013-03-03,2013-03,13,13.0,0,0.010178224986539395,wpp_computed,,2012-09-16,2026-07-25,2026-08-01T00:00:00+00:00,jp_weekly,JP NIID Weekly,https://id-info.jihs.go.jp/en/surveillance/idwr/rapid/index.html,web,jp_weekly,JP NIID Weekly,https://id-info.jihs.go.jp/en/surveillance/idwr/rapid/index.html,web,mixed,single_series,SER_JP_AMEBIASIS_WEEKLY,,legacy_gap_fill,32,0.0
disease,D165,amebiasis,Amebiasis,JP,Japan,D165,Amebiasis,阿米巴病,Parasitic,2013-03-10,2013-03,14,14.0,0,0.010961165370119349,wpp_computed,,2012-09-16,2026-07-25,2026-08-01T00:00:00+00:00,jp_weekly,JP NIID Weekly,https://id-info.jihs.go.jp/en/surveillance/idwr/rapid/index.html,web,jp_weekly,JP NIID Weekly,https://id-info.jihs.go.jp/en/surveillance/idwr/rapid/index.html,web,mixed,single_series,SER_JP_AMEBIASIS_WEEKLY,,legacy_gap_fill,32,0.0
disease,D165,amebiasis,Amebiasis,JP,Japan,D165,Amebiasis,阿米巴病,Parasitic,2013-03-17,2013-03,14,14.0,0,0.010961165370119349,wpp_computed,,2012-09-16,2026-07-25,2026-08-01T00:00:00+00:00,jp_weekly,JP NIID Weekly,https://id-info.jihs.go.jp/en/surveillance/idwr/rapid/index.html,web,jp_weekly,JP NIID Weekly,https://id-info.jihs.go.jp/en/surveillance/idwr/rapid/index.html,web,mixed,single_series,SER_JP_AMEBIASIS_WEEKLY,,legacy_gap_fill,32,0.0
disease,D165,amebiasis,Amebiasis,JP,Japan,D165,Amebiasis,阿米巴病,Parasitic,2013-03-24,2013-03,8,8.0,0,0.006263523068639628,wpp_computed,,2012-09-16,2026-07-25,2026-08-01T00:00:00+00:00,jp_weekly,JP NIID Weekly,https://id-info.jihs.go.jp/en/surveillance/idwr/rapid/index.html,web,jp_weekly,JP NIID Weekly,https://id-info.jihs.go.jp/en/surveillance/idwr/rapid/index.html,web,mixed,single_series,SER_JP_AMEBIASIS_WEEKLY,,legacy_gap_fill,32,0.0
disease,D165,amebiasis,Amebiasis,JP,Japan,D165,Amebiasis,阿米巴病,Parasitic,2013-03-31,2013-03,9,9.0,0,0.007046463452219581,wpp_computed,,2012-09-16,2026-07-25,2026-08-01T00:00:00+00:00,jp_weekly,JP NIID Weekly,https://id-info.jihs.go.jp/en/surveillance/idwr/rapid/index.html,web,jp_weekly,JP NIID Weekly,https://id-info.jihs.go.jp/en/surveillance/idwr/rapid/index.html,web,mixed,single_series,SER_JP_AMEBIASIS_WEEKLY,,legacy_gap_fill,32,0.0
disease,D165,amebiasis,Amebiasis,JP,Japan,D165,Amebiasis,阿米巴病,Parasitic,2013-04-07,2013-04,16,16.0,0,0.012527046137279256,wpp_computed,,2012-09-16,2026-07-25,2026-08-01T00:00:00+00:00,jp_weekly,JP NIID Weekly,https://id-info.jihs.go.jp/en/surveillance/idwr/rapid/index.html,web,jp_weekly,JP NIID Weekly,https://id-info.jihs.go.jp/en/surveillance/idwr/rapid/index.html,web,mixed,single_series,SER_JP_AMEBIASIS_WEEKLY,,legacy_gap_fill,32,0.0
disease,D165,amebiasis,Amebiasis,JP,Japan,D165,Amebiasis,阿米巴病,Parasitic,2013-04-14,2013-04,13,13.0,0,0.010178224986539395,wpp_computed,,2012-09-16,2026-07-25,2026-08-01T00:00:00+00:00,jp_weekly,JP NIID Weekly,https://id-info.jihs.go.jp/en/surveillance/idwr/rapid/index.html,web,jp_weekly,JP NIID Weekly,https://id-info.jihs.go.jp/en/surveillance/idwr/rapid/index.html,web,mixed,single_series,SER_JP_AMEBIASIS_WEEKLY,,legacy_gap_fill,32,0.0
disease,D165,amebiasis,Amebiasis,JP,Japan,D165,Amebiasis,阿米巴病,Parasitic,2013-04-21,2013-04,10,10.0,0,0.007829403835799534,wpp_computed,,2012-09-16,2026-07-25,2026-08-01T00:00:00+00:00,jp_weekly,JP NIID Weekly,https://id-info.jihs.go.jp/en/surveillance/idwr/rapid/index.html,web,jp_weekly,JP NIID Weekly,https://id-info.jihs.go.jp/en/surveillance/idwr/rapid/index.html,web,mixed,single_series,SER_JP_AMEBIASIS_WEEKLY,,legacy_gap_fill,32,0.0
disease,D165,amebiasis,Amebiasis,JP,Japan,D165,Amebiasis,阿米巴病,Parasitic,2013-04-28,2013-04,16,16.0,0,0.012527046137279256,wpp_computed,,2012-09-16,2026-07-25,2026-08-01T00:00:00+00:00,jp_weekly,JP NIID Weekly,https://id-info.jihs.go.jp/en/surveillance/idwr/rapid/index.html,web,jp_weekly,JP NIID Weekly,https://id-info.jihs.go.jp/en/surveillance/idwr/rapid/index.html,web,mixed,single_series,SER_JP_AMEBIASIS_WEEKLY,,legacy_gap_fill,32,0.0
disease,D165,amebiasis,Amebiasis,JP,Japan,D165,Amebiasis,阿米巴病,Parasitic,2013-05-05,2013-05,12,12.0,0,0.009395284602959443,wpp_computed,,2012-09-16,2026-07-25,2026-08-01T00:00:00+00:00,jp_weekly,JP NIID Weekly,https://id-info.jihs.go.jp/en/surveillance/idwr/rapid/index.html,web,jp_weekly,JP NIID Weekly,https://id-info.jihs.go.jp/en/surveillance/idwr/rapid/index.html,web,mixed,single_series,SER_JP_AMEBIASIS_WEEKLY,,legacy_gap_fill,32,0.0
disease,D165,amebiasis,Amebiasis,JP,Japan,D165,Amebiasis,阿米巴病,Parasitic,2013-05-12,2013-05,6,6.0,0,0.0046976423014797215,wpp_computed,,2012-09-16,2026-07-25,2026-08-01T00:00:00+00:00,jp_weekly,JP NIID Weekly,https://id-info.jihs.go.jp/en/surveillance/idwr/rapid/index.html,web,jp_weekly,JP NIID Weekly,https://id-info.jihs.go.jp/en/surveillance/idwr/rapid/index.html,web,mixed,single_series,SER_JP_AMEBIASIS_WEEKLY,,legacy_gap_fill,32,0.0
disease,D165,amebiasis,Amebiasis,JP,Japan,D165,Amebiasis,阿米巴病,Parasitic,2013-05-19,2013-05,5,5.0,0,0.003914701917899767,wpp_computed,,2012-09-16,2026-07-25,2026-08-01T00:00:00+00:00,jp_weekly,JP NIID Weekly,https://id-info.jihs.go.jp/en/surveillance/idwr/rapid/index.html,web,jp_weekly,JP NIID Weekly,https://id-info.jihs.go.jp/en/surveillance/idwr/rapid/index.html,web,mixed,single_series,SER_JP_AMEBIASIS_WEEKLY,,legacy_gap_fill,32,0.0
disease,D165,amebiasis,Amebiasis,JP,Japan,D165,Amebiasis,阿米巴病,Parasitic,2013-05-26,2013-05,16,16.0,0,0.012527046137279256,wpp_computed,,2012-09-16,2026-07-25,2026-08-01T00:00:00+00:00,jp_weekly,JP NIID Weekly,https://id-info.jihs.go.jp/en/surveillance/idwr/rapid/index.html,web,jp_weekly,JP NIID Weekly,https://id-info.jihs.go.jp/en/surveillance/idwr/rapid/index.html,web,mixed,single_series,SER_JP_AMEBIASIS_WEEKLY,,legacy_gap_fill,32,0.0
disease,D165,amebiasis,Amebiasis,JP,Japan,D165,Amebiasis,阿米巴病,Parasitic,2013-06-02,2013-06,17,17.0,0,0.01330998652085921,wpp_computed,,2012-09-16,2026-07-25,2026-08-01T00:00:00+00:00,jp_weekly,JP NIID Weekly,https://id-info.jihs.go.jp/en/surveillance/idwr/rapid/index.html,web,jp_weekly,JP NIID Weekly,https://id-info.jihs.go.jp/en/surveillance/idwr/rapid/index.html,web,mixed,single_series,SER_JP_AMEBIASIS_WEEKLY,,legacy_gap_fill,32,0.0
disease,D165,amebiasis,Amebiasis,JP,Japan,D165,Amebiasis,阿米巴病,Parasitic,2013-06-09,2013-06,21,21.0,0,0.016441748055179024,wpp_computed,,2012-09-16,2026-07-25,2026-08-01T00:00:00+00:00,jp_weekly,JP NIID Weekly,https://id-info.jihs.go.jp/en/surveillance/idwr/rapid/index.html,web,jp_weekly,JP NIID Weekly,https://id-info.jihs.go.jp/en/surveillance/idwr/rapid/index.html,web,mixed,single_series,SER_JP_AMEBIASIS_WEEKLY,,legacy_gap_fill,32,0.0
disease,D165,amebiasis,Amebiasis,JP,Japan,D165,Amebiasis,阿米巴病,Parasitic,2013-06-16,2013-06,15,15.0,0,0.011744105753699302,wpp_computed,,2012-09-16,2026-07-25,2026-08-01T00:00:00+00:00,jp_weekly,JP NIID Weekly,https://id-info.jihs.go.jp/en/surveillance/idwr/rapid/index.html,web,jp_weekly,JP NIID Weekly,https://id-info.jihs.go.jp/en/surveillance/idwr/rapid/index.html,web,mixed,single_series,SER_JP_AMEBIASIS_WEEKLY,,legacy_gap_fill,32,0.0
disease,D165,amebiasis,Amebiasis,JP,Japan,D165,Amebiasis,阿米巴病,Parasitic,2013-06-23,2013-06,12,12.0,0,0.009395284602959443,wpp_computed,,2012-09-16,2026-07-25,2026-08-01T00:00:00+00:00,jp_weekly,JP NIID Weekly,https://id-info.jihs.go.jp/en/surveillance/idwr/rapid/index.html,web,jp_weekly,JP NIID Weekly,https://id-info.jihs.go.jp/en/surveillance/idwr/rapid/index.html,web,mixed,single_series,SER_JP_AMEBIASIS_WEEKLY,,legacy_gap_fill,32,0.0
disease,D165,amebiasis,Amebiasis,JP,Japan,D165,Amebiasis,阿米巴病,Parasitic,2013-06-30,2013-06,13,13.0,0,0.010178224986539395,wpp_computed,,2012-09-16,2026-07-25,2026-08-01T00:00:00+00:00,jp_weekly,JP NIID Weekly,https://id-info.jihs.go.jp/en/surveillance/idwr/rapid/index.html,web,jp_weekly,JP NIID Weekly,https://id-info.jihs.go.jp/en/surveillance/idwr/rapid/index.html,web,mixed,single_series,SER_JP_AMEBIASIS_WEEKLY,,legacy_gap_fill,32,0.0
disease,D165,amebiasis,Amebiasis,JP,Japan,D165,Amebiasis,阿米巴病,Parasitic,2013-07-07,2013-07,14,14.0,0,0.010961165370119349,wpp_computed,,2012-09-16,2026-07-25,2026-08-01T00:00:00+00:00,jp_weekly,JP NIID Weekly,https://id-info.jihs.go.jp/en/surveillance/idwr/rapid/index.html,web,jp_weekly,JP NIID Weekly,https://id-info.jihs.go.jp/en/surveillance/idwr/rapid/index.html,web,mixed,single_series,SER_JP_AMEBIASIS_WEEKLY,,legacy_gap_fill,32,0.0
disease,D165,amebiasis,Amebiasis,JP,Japan,D165,Amebiasis,阿米巴病,Parasitic,2013-07-14,2013-07,14,14.0,0,0.010961165370119349,wpp_computed,,2012-09-16,2026-07-25,2026-08-01T00:00:00+00:00,jp_weekly,JP NIID Weekly,https://id-info.jihs.go.jp/en/surveillance/idwr/rapid/index.html,web,jp_weekly,JP NIID Weekly,https://id-info.jihs.go.jp/en/surveillance/idwr/rapid/index.html,web,mixed,single_series,SER_JP_AMEBIASIS_WEEKLY,,legacy_gap_fill,32,0.0
disease,D165,amebiasis,Amebiasis,JP,Japan,D165,Amebiasis,阿米巴病,Parasitic,2013-07-21,2013-07,15,15.0,0,0.011744105753699302,wpp_computed,,2012-09-16,2026-07-25,2026-08-01T00:00:00+00:00,jp_weekly,JP NIID Weekly,https://id-info.jihs.go.jp/en/surveillance/idwr/rapid/index.html,web,jp_weekly,JP NIID Weekly,https://id-info.jihs.go.jp/en/surveillance/idwr/rapid/index.html,web,mixed,single_series,SER_JP_AMEBIASIS_WEEKLY,,legacy_gap_fill,32,0.0
disease,D165,amebiasis,Amebiasis,JP,Japan,D165,Amebiasis,阿米巴病,Parasitic,2013-07-28,2013-07,13,13.0,0,0.010178224986539395,wpp_computed,,2012-09-16,2026-07-25,2026-08-01T00:00:00+00:00,jp_weekly,JP NIID Weekly,https://id-info.jihs.go.jp/en/surveillance/idwr/rapid/index.html,web,jp_weekly,JP NIID Weekly,https://id-info.jihs.go.jp/en/surveillance/idwr/rapid/index.html,web,mixed,single_series,SER_JP_AMEBIASIS_WEEKLY,,legacy_gap_fill,32,0.0
disease,D165,amebiasis,Amebiasis,JP,Japan,D165,Amebiasis,阿米巴病,Parasitic,2013-08-04,2013-08,13,13.0,0,0.010178224986539395,wpp_computed,,2012-09-16,2026-07-25,2026-08-01T00:00:00+00:00,jp_weekly,JP NIID Weekly,https://id-info.jihs.go.jp/en/surveillance/idwr/rapid/index.html,web,jp_weekly,JP NIID Weekly,https://id-info.jihs.go.jp/en/surveillance/idwr/rapid/index.html,web,mixed,single_series,SER_JP_AMEBIASIS_WEEKLY,,legacy_gap_fill,32,0.0
disease,D165,amebiasis,Amebiasis,JP,Japan,D165,Amebiasis,阿米巴病,Parasitic,2013-08-11,2013-08,18,18.0,0,0.014092926904439163,wpp_computed,,2012-09-16,2026-07-25,2026-08-01T00:00:00+00:00,jp_weekly,JP NIID Weekly,https://id-info.jihs.go.jp/en/surveillance/idwr/rapid/index.html,web,jp_weekly,JP NIID Weekly,https://id-info.jihs.go.jp/en/surveillance/idwr/rapid/index.html,web,mixed,single_series,SER_JP_AMEBIASIS_WEEKLY,,legacy_gap_fill,32,0.0
disease,D165,amebiasis,Amebiasis,JP,Japan,D165,Amebiasis,阿米巴病,Parasitic,2013-08-18,2013-08,14,14.0,0,0.010961165370119349,wpp_computed,,2012-09-16,2026-07-25,2026-08-01T00:00:00+00:00,jp_weekly,JP NIID Weekly,https://id-info.jihs.go.jp/en/surveillance/idwr/rapid/index.html,web,jp_weekly,JP NIID Weekly,https://id-info.jihs.go.jp/en/surveillance/idwr/rapid/index.html,web,mixed,single_series,SER_JP_AMEBIASIS_WEEKLY,,legacy_gap_fill,32,0.0
disease,D165,amebiasis,Amebiasis,JP,Japan,D165,Amebiasis,阿米巴病,Parasitic,2013-08-25,2013-08,12,12.0,0,0.009395284602959443,wpp_computed,,2012-09-16,2026-07-25,2026-08-01T00:00:00+00:00,jp_weekly,JP NIID Weekly,https://id-info.jihs.go.jp/en/surveillance/idwr/rapid/index.html,web,jp_weekly,JP NIID Weekly,https://id-info.jihs.go.jp/en/surveillance/idwr/rapid/index.html,web,mixed,single_series,SER_JP_AMEBIASIS_WEEKLY,,legacy_gap_fill,32,0.0
disease,D165,amebiasis,Amebiasis,JP,Japan,D165,Amebiasis,阿米巴病,Parasitic,2013-09-01,2013-09,13,13.0,0,0.010178224986539395,wpp_computed,,2012-09-16,2026-07-25,2026-08-01T00:00:00+00:00,jp_weekly,JP NIID Weekly,https://id-info.jihs.go.jp/en/surveillance/idwr/rapid/index.html,web,jp_weekly,JP NIID Weekly,https://id-info.jihs.go.jp/en/surveillance/idwr/rapid/index.html,web,mixed,single_series,SER_JP_AMEBIASIS_WEEKLY,,legacy_gap_fill,32,0.0
disease,D165,amebiasis,Amebiasis,JP,Japan,D165,Amebiasis,阿米巴病,Parasitic,2013-09-08,2013-09,16,16.0,0,0.012527046137279256,wpp_computed,,2012-09-16,2026-07-25,2026-08-01T00:00:00+00:00,jp_weekly,JP NIID Weekly,https://id-info.jihs.go.jp/en/surveillance/idwr/rapid/index.html,web,jp_weekly,JP NIID Weekly,https://id-info.jihs.go.jp/en/surveillance/idwr/rapid/index.html,web,mixed,single_series,SER_JP_AMEBIASIS_WEEKLY,,legacy_gap_fill,32,0.0
disease,D165,amebiasis,Amebiasis,JP,Japan,D165,Amebiasis,阿米巴病,Parasitic,2013-09-15,2013-09,19,19.0,0,0.014875867288019115,wpp_computed,,2012-09-16,2026-07-25,2026-08-01T00:00:00+00:00,jp_weekly,JP NIID Weekly,https://id-info.jihs.go.jp/en/surveillance/idwr/rapid/index.html,web,jp_weekly,JP NIID Weekly,https://id-info.jihs.go.jp/en/surveillance/idwr/rapid/index.html,web,mixed,single_series,SER_JP_AMEBIASIS_WEEKLY,,legacy_gap_fill,32,0.0
disease,D165,amebiasis,Amebiasis,JP,Japan,D165,Amebiasis,阿米巴病,Parasitic,2013-09-22,2013-09,12,12.0,0,0.009395284602959443,wpp_computed,,2012-09-16,2026-07-25,2026-08-01T00:00:00+00:00,jp_weekly,JP NIID Weekly,https://id-info.jihs.go.jp/en/surveillance/idwr/rapid/index.html,web,jp_weekly,JP NIID Weekly,https://id-info.jihs.go.jp/en/surveillance/idwr/rapid/index.html,web,mixed,single_series,SER_JP_AMEBIASIS_WEEKLY,,legacy_gap_fill,32,0.0
disease,D165,amebiasis,Amebiasis,JP,Japan,D165,Amebiasis,阿米巴病,Parasitic,2013-09-29,2013-09,12,12.0,0,0.009395284602959443,wpp_computed,,2012-09-16,2026-07-25,2026-08-01T00:00:00+00:00,jp_weekly,JP NIID Weekly,https://id-info.jihs.go.jp/en/surveillance/idwr/rapid/index.html,web,jp_weekly,JP NIID Weekly,https://id-info.jihs.go.jp/en/surveillance/idwr/rapid/index.html,web,mixed,single_series,SER_JP_AMEBIASIS_WEEKLY,,legacy_gap_fill,32,0.0
disease,D165,amebiasis,Amebiasis,JP,Japan,D165,Amebiasis,阿米巴病,Parasitic,2013-10-06,2013-10,11,11.0,0,0.00861234421937949,wpp_computed,,2012-09-16,2026-07-25,2026-08-01T00:00:00+00:00,jp_weekly,JP NIID Weekly,https://id-info.jihs.go.jp/en/surveillance/idwr/rapid/index.html,web,jp_weekly,JP NIID Weekly,https://id-info.jihs.go.jp/en/surveillance/idwr/rapid/index.html,web,mixed,single_series,SER_JP_AMEBIASIS_WEEKLY,,legacy_gap_fill,32,0.0
disease,D165,amebiasis,Amebiasis,JP,Japan,D165,Amebiasis,阿米巴病,Parasitic,2013-10-13,2013-10,10,10.0,0,0.007829403835799534,wpp_computed,,2012-09-16,2026-07-25,2026-08-01T00:00:00+00:00,jp_weekly,JP NIID Weekly,https://id-info.jihs.go.jp/en/surveillance/idwr/rapid/index.html,web,jp_weekly,JP NIID Weekly,https://id-info.jihs.go.jp/en/surveillance/idwr/rapid/index.html,web,mixed,single_series,SER_JP_AMEBIASIS_WEEKLY,,legacy_gap_fill,32,0.0
disease,D165,amebiasis,Amebiasis,JP,Japan,D165,Amebiasis,阿米巴病,Parasitic,2013-10-20,2013-10,11,11.0,0,0.00861234421937949,wpp_computed,,2012-09-16,2026-07-25,2026-08-01T00:00:00+00:00,jp_weekly,JP NIID Weekly,https://id-info.jihs.go.jp/en/surveillance/idwr/rapid/index.html,web,jp_weekly,JP NIID Weekly,https://id-info.jihs.go.jp/en/surveillance/idwr/rapid/index.html,web,mixed,single_series,SER_JP_AMEBIASIS_WEEKLY,,legacy_gap_fill,32,0.0
disease,D165,amebiasis,Amebiasis,JP,Japan,D165,Amebiasis,阿米巴病,Parasitic,2013-10-27,2013-10,18,18.0,0,0.014092926904439163,wpp_computed,,2012-09-16,2026-07-25,2026-08-01T00:00:00+00:00,jp_weekly,JP NIID Weekly,https://id-info.jihs.go.jp/en/surveillance/idwr/rapid/index.html,web,jp_weekly,JP NIID Weekly,https://id-info.jihs.go.jp/en/surveillance/idwr/rapid/index.html,web,mixed,single_series,SER_JP_AMEBIASIS_WEEKLY,,legacy_gap_fill,32,0.0
disease,D165,amebiasis,Amebiasis,JP,Japan,D165,Amebiasis,阿米巴病,Parasitic,2013-11-03,2013-11,9,9.0,0,0.007046463452219581,wpp_computed,,2012-09-16,2026-07-25,2026-08-01T00:00:00+00:00,jp_weekly,JP NIID Weekly,https://id-info.jihs.go.jp/en/surveillance/idwr/rapid/index.html,web,jp_weekly,JP NIID Weekly,https://id-info.jihs.go.jp/en/surveillance/idwr/rapid/index.html,web,mixed,single_series,SER_JP_AMEBIASIS_WEEKLY,,legacy_gap_fill,32,0.0
disease,D165,amebiasis,Amebiasis,JP,Japan,D165,Amebiasis,阿米巴病,Parasitic,2013-11-10,2013-11,14,14.0,0,0.010961165370119349,wpp_computed,,2012-09-16,2026-07-25,2026-08-01T00:00:00+00:00,jp_weekly,JP NIID Weekly,https://id-info.jihs.go.jp/en/surveillance/idwr/rapid/index.html,web,jp_weekly,JP NIID Weekly,https://id-info.jihs.go.jp/en/surveillance/idwr/rapid/index.html,web,mixed,single_series,SER_JP_AMEBIASIS_WEEKLY,,legacy_gap_fill,32,0.0
disease,D165,amebiasis,Amebiasis,JP,Japan,D165,Amebiasis,阿米巴病,Parasitic,2013-11-17,2013-11,12,12.0,0,0.009395284602959443,wpp_computed,,2012-09-16,2026-07-25,2026-08-01T00:00:00+00:00,jp_weekly,JP NIID Weekly,https://id-info.jihs.go.jp/en/surveillance/idwr/rapid/index.html,web,jp_weekly,JP NIID Weekly,https://id-info.jihs.go.jp/en/surveillance/idwr/rapid/index.html,web,mixed,single_series,SER_JP_AMEBIASIS_WEEKLY,,legacy_gap_fill,32,0.0
disease,D165,amebiasis,Amebiasis,JP,Japan,D165,Amebiasis,阿米巴病,Parasitic,2013-11-24,2013-11,9,9.0,0,0.007046463452219581,wpp_computed,,2012-09-16,2026-07-25,2026-08-01T00:00:00+00:00,jp_weekly,JP NIID Weekly,https://id-info.jihs.go.jp/en/surveillance/idwr/rapid/index.html,web,jp_weekly,JP NIID Weekly,https://id-info.jihs.go.jp/en/surveillance/idwr/rapid/index.html,web,mixed,single_series,SER_JP_AMEBIASIS_WEEKLY,,legacy_gap_fill,32,0.0
disease,D165,amebiasis,Amebiasis,JP,Japan,D165,Amebiasis,阿米巴病,Parasitic,2013-12-01,2013-12,14,14.0,0,0.010961165370119349,wpp_computed,,2012-09-16,2026-07-25,2026-08-01T00:00:00+00:00,jp_weekly,JP NIID Weekly,https://id-info.jihs.go.jp/en/surveillance/idwr/rapid/index.html,web,jp_weekly,JP NIID Weekly,https://id-info.jihs.go.jp/en/surveillance/idwr/rapid/index.html,web,mixed,single_series,SER_JP_AMEBIASIS_WEEKLY,,legacy_gap_fill,32,0.0
disease,D165,amebiasis,Amebiasis,JP,Japan,D165,Amebiasis,阿米巴病,Parasitic,2013-12-08,2013-12,10,10.0,0,0.007829403835799534,wpp_computed,,2012-09-16,2026-07-25,2026-08-01T00:00:00+00:00,jp_weekly,JP NIID Weekly,https://id-info.jihs.go.jp/en/surveillance/idwr/rapid/index.html,web,jp_weekly,JP NIID Weekly,https://id-info.jihs.go.jp/en/surveillance/idwr/rapid/index.html,web,mixed,single_series,SER_JP_AMEBIASIS_WEEKLY,,legacy_gap_fill,32,0.0
disease,D165,amebiasis,Amebiasis,JP,Japan,D165,Amebiasis,阿米巴病,Parasitic,2013-12-15,2013-12,13,13.0,0,0.010178224986539395,wpp_computed,,2012-09-16,2026-07-25,2026-08-01T00:00:00+00:00,jp_weekly,JP NIID Weekly,https://id-info.jihs.go.jp/en/surveillance/idwr/rapid/index.html,web,jp_weekly,JP NIID Weekly,https://id-info.jihs.go.jp/en/surveillance/idwr/rapid/index.html,web,mixed,single_series,SER_JP_AMEBIASIS_WEEKLY,,legacy_gap_fill,32,0.0
disease,D165,amebiasis,Amebiasis,JP,Japan,D165,Amebiasis,阿米巴病,Parasitic,2013-12-22,2013-12,13,13.0,0,0.010178224986539395,wpp_computed,,2012-09-16,2026-07-25,2026-08-01T00:00:00+00:00,jp_weekly,JP NIID Weekly,https://id-info.jihs.go.jp/en/surveillance/idwr/rapid/index.html,web,jp_weekly,JP NIID Weekly,https://id-info.jihs.go.jp/en/surveillance/idwr/rapid/index.html,web,mixed,single_series,SER_JP_AMEBIASIS_WEEKLY,,legacy_gap_fill,32,0.0
disease,D165,amebiasis,Amebiasis,JP,Japan,D165,Amebiasis,阿米巴病,Parasitic,2013-12-29,2013-12,12,12.0,0,0.009395284602959443,wpp_computed,,2012-09-16,2026-07-25,2026-08-01T00:00:00+00:00,jp_weekly,JP NIID Weekly,https://id-info.jihs.go.jp/en/surveillance/idwr/rapid/index.html,web,jp_weekly,JP NIID Weekly,https://id-info.jihs.go.jp/en/surveillance/idwr/rapid/index.html,web,mixed,single_series,SER_JP_AMEBIASIS_WEEKLY,,legacy_gap_fill,32,0.0
disease,D165,amebiasis,Amebiasis,JP,Japan,D165,Amebiasis,阿米巴病,Parasitic,2014-01-05,2014-01,1,1.0,0,0.0007843961363015203,wpp_computed,,2012-09-16,2026-07-25,2026-08-01T00:00:00+00:00,jp_weekly,JP NIID Weekly,https://id-info.jihs.go.jp/en/surveillance/idwr/rapid/index.html,web,jp_weekly,JP NIID Weekly,https://id-info.jihs.go.jp/en/surveillance/idwr/rapid/index.html,web,mixed,single_series,SER_JP_AMEBIASIS_WEEKLY,,legacy_gap_fill,32,0.0
disease,D165,amebiasis,Amebiasis,JP,Japan,D165,Amebiasis,阿米巴病,Parasitic,2014-01-12,2014-01,11,11.0,0,0.008628357499316723,wpp_computed,,2012-09-16,2026-07-25,2026-08-01T00:00:00+00:00,jp_weekly,JP NIID Weekly,https://id-info.jihs.go.jp/en/surveillance/idwr/rapid/index.html,web,jp_weekly,JP NIID Weekly,https://id-info.jihs.go.jp/en/surveillance/idwr/rapid/index.html,web,mixed,single_series,SER_JP_AMEBIASIS_WEEKLY,,legacy_gap_fill,32,0.0
disease,D165,amebiasis,Amebiasis,JP,Japan,D165,Amebiasis,阿米巴病,Parasitic,2014-01-19,2014-01,13,13.0,0,0.010197149771919763,wpp_computed,,2012-09-16,2026-07-25,2026-08-01T00:00:00+00:00,jp_weekly,JP NIID Weekly,https://id-info.jihs.go.jp/en/surveillance/idwr/rapid/index.html,web,jp_weekly,JP NIID Weekly,https://id-info.jihs.go.jp/en/surveillance/idwr/rapid/index.html,web,mixed,single_series,SER_JP_AMEBIASIS_WEEKLY,,legacy_gap_fill,32,0.0
disease,D165,amebiasis,Amebiasis,JP,Japan,D165,Amebiasis,阿米巴病,Parasitic,2014-01-26,2014-01,12,12.0,0,0.009412753635618243,wpp_computed,,2012-09-16,2026-07-25,2026-08-01T00:00:00+00:00,jp_weekly,JP NIID Weekly,https://id-info.jihs.go.jp/en/surveillance/idwr/rapid/index.html,web,jp_weekly,JP NIID Weekly,https://id-info.jihs.go.jp/en/surveillance/idwr/rapid/index.html,web,mixed,single_series,SER_JP_AMEBIASIS_WEEKLY,,legacy_gap_fill,32,0.0
disease,D165,amebiasis,Amebiasis,JP,Japan,D165,Amebiasis,阿米巴病,Parasitic,2014-02-02,2014-02,14,14.0,0,0.010981545908221282,wpp_computed,,2012-09-16,2026-07-25,2026-08-01T00:00:00+00:00,jp_weekly,JP NIID Weekly,https://id-info.jihs.go.jp/en/surveillance/idwr/rapid/index.html,web,jp_weekly,JP NIID Weekly,https://id-info.jihs.go.jp/en/surveillance/idwr/rapid/index.html,web,mixed,single_series,SER_JP_AMEBIASIS_WEEKLY,,legacy_gap_fill,32,0.0
disease,D165,amebiasis,Amebiasis,JP,Japan,D165,Amebiasis,阿米巴病,Parasitic,2014-02-09,2014-02,12,12.0,0,0.009412753635618243,wpp_computed,,2012-09-16,2026-07-25,2026-08-01T00:00:00+00:00,jp_weekly,JP NIID Weekly,https://id-info.jihs.go.jp/en/surveillance/idwr/rapid/index.html,web,jp_weekly,JP NIID Weekly,https://id-info.jihs.go.jp/en/surveillance/idwr/rapid/index.html,web,mixed,single_series,SER_JP_AMEBIASIS_WEEKLY,,legacy_gap_fill,32,0.0
disease,D165,amebiasis,Amebiasis,JP,Japan,D165,Amebiasis,阿米巴病,Parasitic,2014-02-16,2014-02,10,10.0,0,0.007843961363015201,wpp_computed,,2012-09-16,2026-07-25,2026-08-01T00:00:00+00:00,jp_weekly,JP NIID Weekly,https://id-info.jihs.go.jp/en/surveillance/idwr/rapid/index.html,web,jp_weekly,JP NIID Weekly,https://id-info.jihs.go.jp/en/surveillance/idwr/rapid/index.html,web,mixed,single_series,SER_JP_AMEBIASIS_WEEKLY,,legacy_gap_fill,32,0.0
disease,D165,amebiasis,Amebiasis,JP,Japan,D165,Amebiasis,阿米巴病,Parasitic,2014-02-23,2014-02,10,10.0,0,0.007843961363015201,wpp_computed,,2012-09-16,2026-07-25,2026-08-01T00:00:00+00:00,jp_weekly,JP NIID Weekly,https://id-info.jihs.go.jp/en/surveillance/idwr/rapid/index.html,web,jp_weekly,JP NIID Weekly,https://id-info.jihs.go.jp/en/surveillance/idwr/rapid/index.html,web,mixed,single_series,SER_JP_AMEBIASIS_WEEKLY,,legacy_gap_fill,32,0.0
disease,D165,amebiasis,Amebiasis,JP,Japan,D165,Amebiasis,阿米巴病,Parasitic,2014-03-02,2014-03,15,15.0,0,0.011765942044522804,wpp_computed,,2012-09-16,2026-07-25,2026-08-01T00:00:00+00:00,jp_weekly,JP NIID Weekly,https://id-info.jihs.go.jp/en/surveillance/idwr/rapid/index.html,web,jp_weekly,JP NIID Weekly,https://id-info.jihs.go.jp/en/surveillance/idwr/rapid/index.html,web,mixed,single_series,SER_JP_AMEBIASIS_WEEKLY,,legacy_gap_fill,32,0.0
disease,D165,amebiasis,Amebiasis,JP,Japan,D165,Amebiasis,阿米巴病,Parasitic,2014-03-09,2014-03,10,10.0,0,0.007843961363015201,wpp_computed,,2012-09-16,2026-07-25,2026-08-01T00:00:00+00:00,jp_weekly,JP NIID Weekly,https://id-info.jihs.go.jp/en/surveillance/idwr/rapid/index.html,web,jp_weekly,JP NIID Weekly,https://id-info.jihs.go.jp/en/surveillance/idwr/rapid/index.html,web,mixed,single_series,SER_JP_AMEBIASIS_WEEKLY,,legacy_gap_fill,32,0.0
disease,D165,amebiasis,Amebiasis,JP,Japan,D165,Amebiasis,阿米巴病,Parasitic,2014-03-16,2014-03,17,17.0,0,0.013334734317125842,wpp_computed,,2012-09-16,2026-07-25,2026-08-01T00:00:00+00:00,jp_weekly,JP NIID Weekly,https://id-info.jihs.go.jp/en/surveillance/idwr/rapid/index.html,web,jp_weekly,JP NIID Weekly,https://id-info.jihs.go.jp/en/surveillance/idwr/rapid/index.html,web,mixed,single_series,SER_JP_AMEBIASIS_WEEKLY,,legacy_gap_fill,32,0.0
disease,D165,amebiasis,Amebiasis,JP,Japan,D165,Amebiasis,阿米巴病,Parasitic,2014-03-23,2014-03,17,17.0,0,0.013334734317125842,wpp_computed,,2012-09-16,2026-07-25,2026-08-01T00:00:00+00:00,jp_weekly,JP NIID Weekly,https://id-info.jihs.go.jp/en/surveillance/idwr/rapid/index.html,web,jp_weekly,JP NIID Weekly,https://id-info.jihs.go.jp/en/surveillance/idwr/rapid/index.html,web,mixed,single_series,SER_JP_AMEBIASIS_WEEKLY,,legacy_gap_fill,32,0.0
disease,D165,amebiasis,Amebiasis,JP,Japan,D165,Amebiasis,阿米巴病,Parasitic,2014-03-30,2014-03,16,16.0,0,0.012550338180824325,wpp_computed,,2012-09-16,2026-07-25,2026-08-01T00:00:00+00:00,jp_weekly,JP NIID Weekly,https://id-info.jihs.go.jp/en/surveillance/idwr/rapid/index.html,web,jp_weekly,JP NIID Weekly,https://id-info.jihs.go.jp/en/surveillance/idwr/rapid/index.html,web,mixed,single_series,SER_JP_AMEBIASIS_WEEKLY,,legacy_gap_fill,32,0.0
disease,D165,amebiasis,Amebiasis,JP,Japan,D165,Amebiasis,阿米巴病,Parasitic,2014-04-06,2014-04,14,14.0,0,0.010981545908221282,wpp_computed,,2012-09-16,2026-07-25,2026-08-01T00:00:00+00:00,jp_weekly,JP NIID Weekly,https://id-info.jihs.go.jp/en/surveillance/idwr/rapid/index.html,web,jp_weekly,JP NIID Weekly,https://id-info.jihs.go.jp/en/surveillance/idwr/rapid/index.html,web,mixed,single_series,SER_JP_AMEBIASIS_WEEKLY,,legacy_gap_fill,32,0.0
disease,D165,amebiasis,Amebiasis,JP,Japan,D165,Amebiasis,阿米巴病,Parasitic,2014-04-13,2014-04,18,18.0,0,0.014119130453427362,wpp_computed,,2012-09-16,2026-07-25,2026-08-01T00:00:00+00:00,jp_weekly,JP NIID Weekly,https://id-info.jihs.go.jp/en/surveillance/idwr/rapid/index.html,web,jp_weekly,JP NIID Weekly,https://id-info.jihs.go.jp/en/surveillance/idwr/rapid/index.html,web,mixed,single_series,SER_JP_AMEBIASIS_WEEKLY,,legacy_gap_fill,32,0.0
disease,D165,amebiasis,Amebiasis,JP,Japan,D165,Amebiasis,阿米巴病,Parasitic,2014-04-20,2014-04,12,12.0,0,0.009412753635618243,wpp_computed,,2012-09-16,2026-07-25,2026-08-01T00:00:00+00:00,jp_weekly,JP NIID Weekly,https://id-info.jihs.go.jp/en/surveillance/idwr/rapid/index.html,web,jp_weekly,JP NIID Weekly,https://id-info.jihs.go.jp/en/surveillance/idwr/rapid/index.html,web,mixed,single_series,SER_JP_AMEBIASIS_WEEKLY,,legacy_gap_fill,32,0.0
disease,D165,amebiasis,Amebiasis,JP,Japan,D165,Amebiasis,阿米巴病,Parasitic,2014-04-27,2014-04,17,17.0,0,0.013334734317125842,wpp_computed,,2012-09-16,2026-07-25,2026-08-01T00:00:00+00:00,jp_weekly,JP NIID Weekly,https://id-info.jihs.go.jp/en/surveillance/idwr/rapid/index.html,web,jp_weekly,JP NIID Weekly,https://id-info.jihs.go.jp/en/surveillance/idwr/rapid/index.html,web,mixed,single_series,SER_JP_AMEBIASIS_WEEKLY,,legacy_gap_fill,32,0.0
disease,D165,amebiasis,Amebiasis,JP,Japan,D165,Amebiasis,阿米巴病,Parasitic,2014-05-04,2014-05,8,8.0,0,0.006275169090412163,wpp_computed,,2012-09-16,2026-07-25,2026-08-01T00:00:00+00:00,jp_weekly,JP NIID Weekly,https://id-info.jihs.go.jp/en/surveillance/idwr/rapid/index.html,web,jp_weekly,JP NIID Weekly,https://id-info.jihs.go.jp/en/surveillance/idwr/rapid/index.html,web,mixed,single_series,SER_JP_AMEBIASIS_WEEKLY,,legacy_gap_fill,32,0.0
disease,D165,amebiasis,Amebiasis,JP,Japan,D165,Amebiasis,阿米巴病,Parasitic,2014-05-11,2014-05,11,11.0,0,0.008628357499316723,wpp_computed,,2012-09-16,2026-07-25,2026-08-01T00:00:00+00:00,jp_weekly,JP NIID Weekly,https://id-info.jihs.go.jp/en/surveillance/idwr/rapid/index.html,web,jp_weekly,JP NIID Weekly,https://id-info.jihs.go.jp/en/surveillance/idwr/rapid/index.html,web,mixed,single_series,SER_JP_AMEBIASIS_WEEKLY,,legacy_gap_fill,32,0.0
disease,D165,amebiasis,Amebiasis,JP,Japan,D165,Amebiasis,阿米巴病,Parasitic,2014-05-18,2014-05,16,16.0,0,0.012550338180824325,wpp_computed,,2012-09-16,2026-07-25,2026-08-01T00:00:00+00:00,jp_weekly,JP NIID Weekly,https://id-info.jihs.go.jp/en/surveillance/idwr/rapid/index.html,web,jp_weekly,JP NIID Weekly,https://id-info.jihs.go.jp/en/surveillance/idwr/rapid/index.html,web,mixed,single_series,SER_JP_AMEBIASIS_WEEKLY,,legacy_gap_fill,32,0.0
disease,D165,amebiasis,Amebiasis,JP,Japan,D165,Amebiasis,阿米巴病,Parasitic,2014-05-25,2014-05,21,21.0,0,0.016472318862331924,wpp_computed,,2012-09-16,2026-07-25,2026-08-01T00:00:00+00:00,jp_weekly,JP NIID Weekly,https://id-info.jihs.go.jp/en/surveillance/idwr/rapid/index.html,web,jp_weekly,JP NIID Weekly,https://id-info.jihs.go.jp/en/surveillance/idwr/rapid/index.html,web,mixed,single_series,SER_JP_AMEBIASIS_WEEKLY,,legacy_gap_fill,32,0.0
disease,D165,amebiasis,Amebiasis,JP,Japan,D165,Amebiasis,阿米巴病,Parasitic,2014-06-01,2014-06,15,15.0,0,0.011765942044522804,wpp_computed,,2012-09-16,2026-07-25,2026-08-01T00:00:00+00:00,jp_weekly,JP NIID Weekly,https://id-info.jihs.go.jp/en/surveillance/idwr/rapid/index.html,web,jp_weekly,JP NIID Weekly,https://id-info.jihs.go.jp/en/surveillance/idwr/rapid/index.html,web,mixed,single_series,SER_JP_AMEBIASIS_WEEKLY,,legacy_gap_fill,32,0.0
disease,D165,amebiasis,Amebiasis,JP,Japan,D165,Amebiasis,阿米巴病,Parasitic,2014-06-08,2014-06,14,14.0,0,0.010981545908221282,wpp_computed,,2012-09-16,2026-07-25,2026-08-01T00:00:00+00:00,jp_weekly,JP NIID Weekly,https://id-info.jihs.go.jp/en/surveillance/idwr/rapid/index.html,web,jp_weekly,JP NIID Weekly,https://id-info.jihs.go.jp/en/surveillance/idwr/rapid/index.html,web,mixed,single_series,SER_JP_AMEBIASIS_WEEKLY,,legacy_gap_fill,32,0.0
disease,D165,amebiasis,Amebiasis,JP,Japan,D165,Amebiasis,阿米巴病,Parasitic,2014-06-15,2014-06,19,19.0,0,0.014903526589728884,wpp_computed,,2012-09-16,2026-07-25,2026-08-01T00:00:00+00:00,jp_weekly,JP NIID Weekly,https://id-info.jihs.go.jp/en/surveillance/idwr/rapid/index.html,web,jp_weekly,JP NIID Weekly,https://id-info.jihs.go.jp/en/surveillance/idwr/rapid/index.html,web,mixed,single_series,SER_JP_AMEBIASIS_WEEKLY,,legacy_gap_fill,32,0.0
disease,D165,amebiasis,Amebiasis,JP,Japan,D165,Amebiasis,阿米巴病,Parasitic,2014-06-22,2014-06,17,17.0,0,0.013334734317125842,wpp_computed,,2012-09-16,2026-07-25,2026-08-01T00:00:00+00:00,jp_weekly,JP NIID Weekly,https://id-info.jihs.go.jp/en/surveillance/idwr/rapid/index.html,web,jp_weekly,JP NIID Weekly,https://id-info.jihs.go.jp/en/surveillance/idwr/rapid/index.html,web,mixed,single_series,SER_JP_AMEBIASIS_WEEKLY,,legacy_gap_fill,32,0.0
disease,D165,amebiasis,Amebiasis,JP,Japan,D165,Amebiasis,阿米巴病,Parasitic,2014-06-29,2014-06,16,16.0,0,0.012550338180824325,wpp_computed,,2012-09-16,2026-07-25,2026-08-01T00:00:00+00:00,jp_weekly,JP NIID Weekly,https://id-info.jihs.go.jp/en/surveillance/idwr/rapid/index.html,web,jp_weekly,JP NIID Weekly,https://id-info.jihs.go.jp/en/surveillance/idwr/rapid/index.html,web,mixed,single_series,SER_JP_AMEBIASIS_WEEKLY,,legacy_gap_fill,32,0.0
disease,D165,amebiasis,Amebiasis,JP,Japan,D165,Amebiasis,阿米巴病,Parasitic,2014-07-06,2014-07,16,16.0,0,0.012550338180824325,wpp_computed,,2012-09-16,2026-07-25,2026-08-01T00:00:00+00:00,jp_weekly,JP NIID Weekly,https://id-info.jihs.go.jp/en/surveillance/idwr/rapid/index.html,web,jp_weekly,JP NIID Weekly,https://id-info.jihs.go.jp/en/surveillance/idwr/rapid/index.html,web,mixed,single_series,SER_JP_AMEBIASIS_WEEKLY,,legacy_gap_fill,32,0.0
disease,D165,amebiasis,Amebiasis,JP,Japan,D165,Amebiasis,阿米巴病,Parasitic,2014-07-13,2014-07,22,22.0,0,0.017256714998633446,wpp_computed,,2012-09-16,2026-07-25,2026-08-01T00:00:00+00:00,jp_weekly,JP NIID Weekly,https://id-info.jihs.go.jp/en/surveillance/idwr/rapid/index.html,web,jp_weekly,JP NIID Weekly,https://id-info.jihs.go.jp/en/surveillance/idwr/rapid/index.html,web,mixed,single_series,SER_JP_AMEBIASIS_WEEKLY,,legacy_gap_fill,32,0.0
disease,D165,amebiasis,Amebiasis,JP,Japan,D165,Amebiasis,阿米巴病,Parasitic,2014-07-20,2014-07,11,11.0,0,0.008628357499316723,wpp_computed,,2012-09-16,2026-07-25,2026-08-01T00:00:00+00:00,jp_weekly,JP NIID Weekly,https://id-info.jihs.go.jp/en/surveillance/idwr/rapid/index.html,web,jp_weekly,JP NIID Weekly,https://id-info.jihs.go.jp/en/surveillance/idwr/rapid/index.html,web,mixed,single_series,SER_JP_AMEBIASIS_WEEKLY,,legacy_gap_fill,32,0.0
disease,D165,amebiasis,Amebiasis,JP,Japan,D165,Amebiasis,阿米巴病,Parasitic,2014-07-27,2014-07,11,11.0,0,0.008628357499316723,wpp_computed,,2012-09-16,2026-07-25,2026-08-01T00:00:00+00:00,jp_weekly,JP NIID Weekly,https://id-info.jihs.go.jp/en/surveillance/idwr/rapid/index.html,web,jp_weekly,JP NIID Weekly,https://id-info.jihs.go.jp/en/surveillance/idwr/rapid/index.html,web,mixed,single_series,SER_JP_AMEBIASIS_WEEKLY,,legacy_gap_fill,32,0.0
disease,D165,amebiasis,Amebiasis,JP,Japan,D165,Amebiasis,阿米巴病,Parasitic,2014-08-03,2014-08,22,22.0,0,0.017256714998633446,wpp_computed,,2012-09-16,2026-07-25,2026-08-01T00:00:00+00:00,jp_weekly,JP NIID Weekly,https://id-info.jihs.go.jp/en/surveillance/idwr/rapid/index.html,web,jp_weekly,JP NIID Weekly,https://id-info.jihs.go.jp/en/surveillance/idwr/rapid/index.html,web,mixed,single_series,SER_JP_AMEBIASIS_WEEKLY,,legacy_gap_fill,32,0.0
disease,D165,amebiasis,Amebiasis,JP,Japan,D165,Amebiasis,阿米巴病,Parasitic,2014-08-10,2014-08,15,15.0,0,0.011765942044522804,wpp_computed,,2012-09-16,2026-07-25,2026-08-01T00:00:00+00:00,jp_weekly,JP NIID Weekly,https://id-info.jihs.go.jp/en/surveillance/idwr/rapid/index.html,web,jp_weekly,JP NIID Weekly,https://id-info.jihs.go.jp/en/surveillance/idwr/rapid/index.html,web,mixed,single_series,SER_JP_AMEBIASIS_WEEKLY,,legacy_gap_fill,32,0.0
disease,D165,amebiasis,Amebiasis,JP,Japan,D165,Amebiasis,阿米巴病,Parasitic,2014-08-17,2014-08,12,12.0,0,0.009412753635618243,wpp_computed,,2012-09-16,2026-07-25,2026-08-01T00:00:00+00:00,jp_weekly,JP NIID Weekly,https://id-info.jihs.go.jp/en/surveillance/idwr/rapid/index.html,web,jp_weekly,JP NIID Weekly,https://id-info.jihs.go.jp/en/surveillance/idwr/rapid/index.html,web,mixed,single_series,SER_JP_AMEBIASIS_WEEKLY,,legacy_gap_fill,32,0.0
disease,D165,amebiasis,Amebiasis,JP,Japan,D165,Amebiasis,阿米巴病,Parasitic,2014-08-24,2014-08,8,8.0,0,0.006275169090412163,wpp_computed,,2012-09-16,2026-07-25,2026-08-01T00:00:00+00:00,jp_weekly,JP NIID Weekly,https://id-info.jihs.go.jp/en/surveillance/idwr/rapid/index.html,web,jp_weekly,JP NIID Weekly,https://id-info.jihs.go.jp/en/surveillance/idwr/rapid/index.html,web,mixed,single_series,SER_JP_AMEBIASIS_WEEKLY,,legacy_gap_fill,32,0.0
disease,D165,amebiasis,Amebiasis,JP,Japan,D165,Amebiasis,阿米巴病,Parasitic,2014-08-31,2014-08,18,18.0,0,0.014119130453427362,wpp_computed,,2012-09-16,2026-07-25,2026-08-01T00:00:00+00:00,jp_weekly,JP NIID Weekly,https://id-info.jihs.go.jp/en/surveillance/idwr/rapid/index.html,web,jp_weekly,JP NIID Weekly,https://id-info.jihs.go.jp/en/surveillance/idwr/rapid/index.html,web,mixed,single_series,SER_JP_AMEBIASIS_WEEKLY,,legacy_gap_fill,32,0.0
disease,D165,amebiasis,Amebiasis,JP,Japan,D165,Amebiasis,阿米巴病,Parasitic,2014-09-07,2014-09,16,16.0,0,0.012550338180824325,wpp_computed,,2012-09-16,2026-07-25,2026-08-01T00:00:00+00:00,jp_weekly,JP NIID Weekly,https://id-info.jihs.go.jp/en/surveillance/idwr/rapid/index.html,web,jp_weekly,JP NIID Weekly,https://id-info.jihs.go.jp/en/surveillance/idwr/rapid/index.html,web,mixed,single_series,SER_JP_AMEBIASIS_WEEKLY,,legacy_gap_fill,32,0.0
disease,D165,amebiasis,Amebiasis,JP,Japan,D165,Amebiasis,阿米巴病,Parasitic,2014-09-14,2014-09,13,13.0,0,0.010197149771919763,wpp_computed,,2012-09-16,2026-07-25,2026-08-01T00:00:00+00:00,jp_weekly,JP NIID Weekly,https://id-info.jihs.go.jp/en/surveillance/idwr/rapid/index.html,web,jp_weekly,JP NIID Weekly,https://id-info.jihs.go.jp/en/surveillance/idwr/rapid/index.html,web,mixed,single_series,SER_JP_AMEBIASIS_WEEKLY,,legacy_gap_fill,32,0.0
disease,D165,amebiasis,Amebiasis,JP,Japan,D165,Amebiasis,阿米巴病,Parasitic,2014-09-21,2014-09,11,11.0,0,0.008628357499316723,wpp_computed,,2012-09-16,2026-07-25,2026-08-01T00:00:00+00:00,jp_weekly,JP NIID Weekly,https://id-info.jihs.go.jp/en/surveillance/idwr/rapid/index.html,web,jp_weekly,JP NIID Weekly,https://id-info.jihs.go.jp/en/surveillance/idwr/rapid/index.html,web,mixed,single_series,SER_JP_AMEBIASIS_WEEKLY,,legacy_gap_fill,32,0.0
disease,D165,amebiasis,Amebiasis,JP,Japan,D165,Amebiasis,阿米巴病,Parasitic,2014-09-28,2014-09,9,9.0,0,0.007059565226713681,wpp_computed,,2012-09-16,2026-07-25,2026-08-01T00:00:00+00:00,jp_weekly,JP NIID Weekly,https://id-info.jihs.go.jp/en/surveillance/idwr/rapid/index.html,web,jp_weekly,JP NIID Weekly,https://id-info.jihs.go.jp/en/surveillance/idwr/rapid/index.html,web,mixed,single_series,SER_JP_AMEBIASIS_WEEKLY,,legacy_gap_fill,32,0.0
disease,D165,amebiasis,Amebiasis,JP,Japan,D165,Amebiasis,阿米巴病,Parasitic,2014-10-05,2014-10,20,20.0,0,0.015687922726030402,wpp_computed,,2012-09-16,2026-07-25,2026-08-01T00:00:00+00:00,jp_weekly,JP NIID Weekly,https://id-info.jihs.go.jp/en/surveillance/idwr/rapid/index.html,web,jp_weekly,JP NIID Weekly,https://id-info.jihs.go.jp/en/surveillance/idwr/rapid/index.html,web,mixed,single_series,SER_JP_AMEBIASIS_WEEKLY,,legacy_gap_fill,32,0.0
disease,D165,amebiasis,Amebiasis,JP,Japan,D165,Amebiasis,阿米巴病,Parasitic,2014-10-12,2014-10,10,10.0,0,0.007843961363015201,wpp_computed,,2012-09-16,2026-07-25,2026-08-01T00:00:00+00:00,jp_weekly,JP NIID Weekly,https://id-info.jihs.go.jp/en/surveillance/idwr/rapid/index.html,web,jp_weekly,JP NIID Weekly,https://id-info.jihs.go.jp/en/surveillance/idwr/rapid/index.html,web,mixed,single_series,SER_JP_AMEBIASIS_WEEKLY,,legacy_gap_fill,32,0.0
disease,D165,amebiasis,Amebiasis,JP,Japan,D165,Amebiasis,阿米巴病,Parasitic,2014-10-19,2014-10,18,18.0,0,0.014119130453427362,wpp_computed,,2012-09-16,2026-07-25,2026-08-01T00:00:00+00:00,jp_weekly,JP NIID Weekly,https://id-info.jihs.go.jp/en/surveillance/idwr/rapid/index.html,web,jp_weekly,JP NIID Weekly,https://id-info.jihs.go.jp/en/surveillance/idwr/rapid/index.html,web,mixed,single_series,SER_JP_AMEBIASIS_WEEKLY,,legacy_gap_fill,32,0.0
disease,D165,amebiasis,Amebiasis,JP,Japan,D165,Amebiasis,阿米巴病,Parasitic,2014-10-26,2014-10,18,18.0,0,0.014119130453427362,wpp_computed,,2012-09-16,2026-07-25,2026-08-01T00:00:00+00:00,jp_weekly,JP NIID Weekly,https://id-info.jihs.go.jp/en/surveillance/idwr/rapid/index.html,web,jp_weekly,JP NIID Weekly,https://id-info.jihs.go.jp/en/surveillance/idwr/rapid/index.html,web,mixed,single_series,SER_JP_AMEBIASIS_WEEKLY,,legacy_gap_fill,32,0.0
disease,D165,amebiasis,Amebiasis,JP,Japan,D165,Amebiasis,阿米巴病,Parasitic,2014-11-02,2014-11,8,8.0,0,0.006275169090412163,wpp_computed,,2012-09-16,2026-07-25,2026-08-01T00:00:00+00:00,jp_weekly,JP NIID Weekly,https://id-info.jihs.go.jp/en/surveillance/idwr/rapid/index.html,web,jp_weekly,JP NIID Weekly,https://id-info.jihs.go.jp/en/surveillance/idwr/rapid/index.html,web,mixed,single_series,SER_JP_AMEBIASIS_WEEKLY,,legacy_gap_fill,32,0.0
disease,D165,amebiasis,Amebiasis,JP,Japan,D165,Amebiasis,阿米巴病,Parasitic,2014-11-09,2014-11,10,10.0,0,0.007843961363015201,wpp_computed,,2012-09-16,2026-07-25,2026-08-01T00:00:00+00:00,jp_weekly,JP NIID Weekly,https://id-info.jihs.go.jp/en/surveillance/idwr/rapid/index.html,web,jp_weekly,JP NIID Weekly,https://id-info.jihs.go.jp/en/surveillance/idwr/rapid/index.html,web,mixed,single_series,SER_JP_AMEBIASIS_WEEKLY,,legacy_gap_fill,32,0.0
disease,D165,amebiasis,Amebiasis,JP,Japan,D165,Amebiasis,阿米巴病,Parasitic,2014-11-16,2014-11,11,11.0,0,0.008628357499316723,wpp_computed,,2012-09-16,2026-07-25,2026-08-01T00:00:00+00:00,jp_weekly,JP NIID Weekly,https://id-info.jihs.go.jp/en/surveillance/idwr/rapid/index.html,web,jp_weekly,JP NIID Weekly,https://id-info.jihs.go.jp/en/surveillance/idwr/rapid/index.html,web,mixed,single_series,SER_JP_AMEBIASIS_WEEKLY,,legacy_gap_fill,32,0.0
disease,D165,amebiasis,Amebiasis,JP,Japan,D165,Amebiasis,阿米巴病,Parasitic,2014-11-23,2014-11,19,19.0,0,0.014903526589728884,wpp_computed,,2012-09-16,2026-07-25,2026-08-01T00:00:00+00:00,jp_weekly,JP NIID Weekly,https://id-info.jihs.go.jp/en/surveillance/idwr/rapid/index.html,web,jp_weekly,JP NIID Weekly,https://id-info.jihs.go.jp/en/surveillance/idwr/rapid/index.html,web,mixed,single_series,SER_JP_AMEBIASIS_WEEKLY,,legacy_gap_fill,32,0.0
disease,D165,amebiasis,Amebiasis,JP,Japan,D165,Amebiasis,阿米巴病,Parasitic,2014-11-30,2014-11,10,10.0,0,0.007843961363015201,wpp_computed,,2012-09-16,2026-07-25,2026-08-01T00:00:00+00:00,jp_weekly,JP NIID Weekly,https://id-info.jihs.go.jp/en/surveillance/idwr/rapid/index.html,web,jp_weekly,JP NIID Weekly,https://id-info.jihs.go.jp/en/surveillance/idwr/rapid/index.html,web,mixed,single_series,SER_JP_AMEBIASIS_WEEKLY,,legacy_gap_fill,32,0.0
disease,D165,amebiasis,Amebiasis,JP,Japan,D165,Amebiasis,阿米巴病,Parasitic,2014-12-07,2014-12,14,14.0,0,0.010981545908221282,wpp_computed,,2012-09-16,2026-07-25,2026-08-01T00:00:00+00:00,jp_weekly,JP NIID Weekly,https://id-info.jihs.go.jp/en/surveillance/idwr/rapid/index.html,web,jp_weekly,JP NIID Weekly,https://id-info.jihs.go.jp/en/surveillance/idwr/rapid/index.html,web,mixed,single_series,SER_JP_AMEBIASIS_WEEKLY,,legacy_gap_fill,32,0.0
disease,D165,amebiasis,Amebiasis,JP,Japan,D165,Amebiasis,阿米巴病,Parasitic,2014-12-14,2014-12,12,12.0,0,0.009412753635618243,wpp_computed,,2012-09-16,2026-07-25,2026-08-01T00:00:00+00:00,jp_weekly,JP NIID Weekly,https://id-info.jihs.go.jp/en/surveillance/idwr/rapid/index.html,web,jp_weekly,JP NIID Weekly,https://id-info.jihs.go.jp/en/surveillance/idwr/rapid/index.html,web,mixed,single_series,SER_JP_AMEBIASIS_WEEKLY,,legacy_gap_fill,32,0.0
disease,D165,amebiasis,Amebiasis,JP,Japan,D165,Amebiasis,阿米巴病,Parasitic,2014-12-21,2014-12,16,16.0,0,0.012550338180824325,wpp_computed,,2012-09-16,2026-07-25,2026-08-01T00:00:00+00:00,jp_weekly,JP NIID Weekly,https://id-info.jihs.go.jp/en/surveillance/idwr/rapid/index.html,web,jp_weekly,JP NIID Weekly,https://id-info.jihs.go.jp/en/surveillance/idwr/rapid/index.html,web,mixed,single_series,SER_JP_AMEBIASIS_WEEKLY,,legacy_gap_fill,32,0.0
disease,D165,amebiasis,Amebiasis,JP,Japan,D165,Amebiasis,阿米巴病,Parasitic,2014-12-28,2014-12,14,14.0,0,0.010981545908221282,wpp_computed,,2012-09-16,2026-07-25,2026-08-01T00:00:00+00:00,jp_weekly,JP NIID Weekly,https://id-info.jihs.go.jp/en/surveillance/idwr/rapid/index.html,web,jp_weekly,JP NIID Weekly,https://id-info.jihs.go.jp/en/surveillance/idwr/rapid/index.html,web,mixed,single_series,SER_JP_AMEBIASIS_WEEKLY,,legacy_gap_fill,32,0.0
disease,D165,amebiasis,Amebiasis,JP,Japan,D165,Amebiasis,阿米巴病,Parasitic,2015-01-04,2015-01,3,3.0,0,0.0023570846076894896,wpp_computed,,2012-09-16,2026-07-25,2026-08-01T00:00:00+00:00,jp_weekly,JP NIID Weekly,https://id-info.jihs.go.jp/en/surveillance/idwr/rapid/index.html,web,jp_weekly,JP NIID Weekly,https://id-info.jihs.go.jp/en/surveillance/idwr/rapid/index.html,web,mixed,single_series,SER_JP_AMEBIASIS_WEEKLY,,legacy_gap_fill,32,0.0
disease,D165,amebiasis,Amebiasis,JP,Japan,D165,Amebiasis,阿米巴病,Parasitic,2015-01-11,2015-01,10,10.0,0,0.0078569486922983,wpp_computed,,2012-09-16,2026-07-25,2026-08-01T00:00:00+00:00,jp_weekly,JP NIID Weekly,https://id-info.jihs.go.jp/en/surveillance/idwr/rapid/index.html,web,jp_weekly,JP NIID Weekly,https://id-info.jihs.go.jp/en/surveillance/idwr/rapid/index.html,web,mixed,single_series,SER_JP_AMEBIASIS_WEEKLY,,legacy_gap_fill,32,0.0
disease,D165,amebiasis,Amebiasis,JP,Japan,D165,Amebiasis,阿米巴病,Parasitic,2015-01-18,2015-01,12,12.0,0,0.009428338430757958,wpp_computed,,2012-09-16,2026-07-25,2026-08-01T00:00:00+00:00,jp_weekly,JP NIID Weekly,https://id-info.jihs.go.jp/en/surveillance/idwr/rapid/index.html,web,jp_weekly,JP NIID Weekly,https://id-info.jihs.go.jp/en/surveillance/idwr/rapid/index.html,web,mixed,single_series,SER_JP_AMEBIASIS_WEEKLY,,legacy_gap_fill,32,0.0
disease,D165,amebiasis,Amebiasis,JP,Japan,D165,Amebiasis,阿米巴病,Parasitic,2015-01-25,2015-01,22,22.0,0,0.01728528712305626,wpp_computed,,2012-09-16,2026-07-25,2026-08-01T00:00:00+00:00,jp_weekly,JP NIID Weekly,https://id-info.jihs.go.jp/en/surveillance/idwr/rapid/index.html,web,jp_weekly,JP NIID Weekly,https://id-info.jihs.go.jp/en/surveillance/idwr/rapid/index.html,web,mixed,single_series,SER_JP_AMEBIASIS_WEEKLY,,legacy_gap_fill,32,0.0
disease,D165,amebiasis,Amebiasis,JP,Japan,D165,Amebiasis,阿米巴病,Parasitic,2015-02-01,2015-02,14,14.0,0,0.010999728169217618,wpp_computed,,2012-09-16,2026-07-25,2026-08-01T00:00:00+00:00,jp_weekly,JP NIID Weekly,https://id-info.jihs.go.jp/en/surveillance/idwr/rapid/index.html,web,jp_weekly,JP NIID Weekly,https://id-info.jihs.go.jp/en/surveillance/idwr/rapid/index.html,web,mixed,single_series,SER_JP_AMEBIASIS_WEEKLY,,legacy_gap_fill,32,0.0
disease,D165,amebiasis,Amebiasis,JP,Japan,D165,Amebiasis,阿米巴病,Parasitic,2015-02-08,2015-02,16,16.0,0,0.012571117907677279,wpp_computed,,2012-09-16,2026-07-25,2026-08-01T00:00:00+00:00,jp_weekly,JP NIID Weekly,https://id-info.jihs.go.jp/en/surveillance/idwr/rapid/index.html,web,jp_weekly,JP NIID Weekly,https://id-info.jihs.go.jp/en/surveillance/idwr/rapid/index.html,web,mixed,single_series,SER_JP_AMEBIASIS_WEEKLY,,legacy_gap_fill,32,0.0
disease,D165,amebiasis,Amebiasis,JP,Japan,D165,Amebiasis,阿米巴病,Parasitic,2015-02-15,2015-02,20,20.0,0,0.0157138973845966,wpp_computed,,2012-09-16,2026-07-25,2026-08-01T00:00:00+00:00,jp_weekly,JP NIID Weekly,https://id-info.jihs.go.jp/en/surveillance/idwr/rapid/index.html,web,jp_weekly,JP NIID Weekly,https://id-info.jihs.go.jp/en/surveillance/idwr/rapid/index.html,web,mixed,single_series,SER_JP_AMEBIASIS_WEEKLY,,legacy_gap_fill,32,0.0
disease,D165,amebiasis,Amebiasis,JP,Japan,D165,Amebiasis,阿米巴病,Parasitic,2015-02-22,2015-02,12,12.0,0,0.009428338430757958,wpp_computed,,2012-09-16,2026-07-25,2026-08-01T00:00:00+00:00,jp_weekly,JP NIID Weekly,https://id-info.jihs.go.jp/en/surveillance/idwr/rapid/index.html,web,jp_weekly,JP NIID Weekly,https://id-info.jihs.go.jp/en/surveillance/idwr/rapid/index.html,web,mixed,single_series,SER_JP_AMEBIASIS_WEEKLY,,legacy_gap_fill,32,0.0
disease,D165,amebiasis,Amebiasis,JP,Japan,D165,Amebiasis,阿米巴病,Parasitic,2015-03-01,2015-03,15,15.0,0,0.011785423038447448,wpp_computed,,2012-09-16,2026-07-25,2026-08-01T00:00:00+00:00,jp_weekly,JP NIID Weekly,https://id-info.jihs.go.jp/en/surveillance/idwr/rapid/index.html,web,jp_weekly,JP NIID Weekly,https://id-info.jihs.go.jp/en/surveillance/idwr/rapid/index.html,web,mixed,single_series,SER_JP_AMEBIASIS_WEEKLY,,legacy_gap_fill,32,0.0
disease,D165,amebiasis,Amebiasis,JP,Japan,D165,Amebiasis,阿米巴病,Parasitic,2015-03-08,2015-03,10,10.0,0,0.0078569486922983,wpp_computed,,2012-09-16,2026-07-25,2026-08-01T00:00:00+00:00,jp_weekly,JP NIID Weekly,https://id-info.jihs.go.jp/en/surveillance/idwr/rapid/index.html,web,jp_weekly,JP NIID Weekly,https://id-info.jihs.go.jp/en/surveillance/idwr/rapid/index.html,web,mixed,single_series,SER_JP_AMEBIASIS_WEEKLY,,legacy_gap_fill,32,0.0
disease,D165,amebiasis,Amebiasis,JP,Japan,D165,Amebiasis,阿米巴病,Parasitic,2015-03-15,2015-03,9,9.0,0,0.007071253823068468,wpp_computed,,2012-09-16,2026-07-25,2026-08-01T00:00:00+00:00,jp_weekly,JP NIID Weekly,https://id-info.jihs.go.jp/en/surveillance/idwr/rapid/index.html,web,jp_weekly,JP NIID Weekly,https://id-info.jihs.go.jp/en/surveillance/idwr/rapid/index.html,web,mixed,single_series,SER_JP_AMEBIASIS_WEEKLY,,legacy_gap_fill,32,0.0
disease,D165,amebiasis,Amebiasis,JP,Japan,D165,Amebiasis,阿米巴病,Parasitic,2015-03-22,2015-03,14,14.0,0,0.010999728169217618,wpp_computed,,2012-09-16,2026-07-25,2026-08-01T00:00:00+00:00,jp_weekly,JP NIID Weekly,https://id-info.jihs.go.jp/en/surveillance/idwr/rapid/index.html,web,jp_weekly,JP NIID Weekly,https://id-info.jihs.go.jp/en/surveillance/idwr/rapid/index.html,web,mixed,single_series,SER_JP_AMEBIASIS_WEEKLY,,legacy_gap_fill,32,0.0
disease,D165,amebiasis,Amebiasis,JP,Japan,D165,Amebiasis,阿米巴病,Parasitic,2015-03-29,2015-03,17,17.0,0,0.013356812776907109,wpp_computed,,2012-09-16,2026-07-25,2026-08-01T00:00:00+00:00,jp_weekly,JP NIID Weekly,https://id-info.jihs.go.jp/en/surveillance/idwr/rapid/index.html,web,jp_weekly,JP NIID Weekly,https://id-info.jihs.go.jp/en/surveillance/idwr/rapid/index.html,web,mixed,single_series,SER_JP_AMEBIASIS_WEEKLY,,legacy_gap_fill,32,0.0
disease,D165,amebiasis,Amebiasis,JP,Japan,D165,Amebiasis,阿米巴病,Parasitic,2015-04-05,2015-04,8,8.0,0,0.006285558953838639,wpp_computed,,2012-09-16,2026-07-25,2026-08-01T00:00:00+00:00,jp_weekly,JP NIID Weekly,https://id-info.jihs.go.jp/en/surveillance/idwr/rapid/index.html,web,jp_weekly,JP NIID Weekly,https://id-info.jihs.go.jp/en/surveillance/idwr/rapid/index.html,web,mixed,single_series,SER_JP_AMEBIASIS_WEEKLY,,legacy_gap_fill,32,0.0
disease,D165,amebiasis,Amebiasis,JP,Japan,D165,Amebiasis,阿米巴病,Parasitic,2015-04-12,2015-04,11,11.0,0,0.00864264356152813,wpp_computed,,2012-09-16,2026-07-25,2026-08-01T00:00:00+00:00,jp_weekly,JP NIID Weekly,https://id-info.jihs.go.jp/en/surveillance/idwr/rapid/index.html,web,jp_weekly,JP NIID Weekly,https://id-info.jihs.go.jp/en/surveillance/idwr/rapid/index.html,web,mixed,single_series,SER_JP_AMEBIASIS_WEEKLY,,legacy_gap_fill,32,0.0
disease,D165,amebiasis,Amebiasis,JP,Japan,D165,Amebiasis,阿米巴病,Parasitic,2015-04-19,2015-04,6,6.0,0,0.004714169215378979,wpp_computed,,2012-09-16,2026-07-25,2026-08-01T00:00:00+00:00,jp_weekly,JP NIID Weekly,https://id-info.jihs.go.jp/en/surveillance/idwr/rapid/index.html,web,jp_weekly,JP NIID Weekly,https://id-info.jihs.go.jp/en/surveillance/idwr/rapid/index.html,web,mixed,single_series,SER_JP_AMEBIASIS_WEEKLY,,legacy_gap_fill,32,0.0
disease,D165,amebiasis,Amebiasis,JP,Japan,D165,Amebiasis,阿米巴病,Parasitic,2015-04-26,2015-04,11,11.0,0,0.00864264356152813,wpp_computed,,2012-09-16,2026-07-25,2026-08-01T00:00:00+00:00,jp_weekly,JP NIID Weekly,https://id-info.jihs.go.jp/en/surveillance/idwr/rapid/index.html,web,jp_weekly,JP NIID Weekly,https://id-info.jihs.go.jp/en/surveillance/idwr/rapid/index.html,web,mixed,single_series,SER_JP_AMEBIASIS_WEEKLY,,legacy_gap_fill,32,0.0
disease,D165,amebiasis,Amebiasis,JP,Japan,D165,Amebiasis,阿米巴病,Parasitic,2015-05-03,2015-05,14,14.0,0,0.010999728169217618,wpp_computed,,2012-09-16,2026-07-25,2026-08-01T00:00:00+00:00,jp_weekly,JP NIID Weekly,https://id-info.jihs.go.jp/en/surveillance/idwr/rapid/index.html,web,jp_weekly,JP NIID Weekly,https://id-info.jihs.go.jp/en/surveillance/idwr/rapid/index.html,web,mixed,single_series,SER_JP_AMEBIASIS_WEEKLY,,legacy_gap_fill,32,0.0
disease,D165,amebiasis,Amebiasis,JP,Japan,D165,Amebiasis,阿米巴病,Parasitic,2015-05-10,2015-05,12,12.0,0,0.009428338430757958,wpp_computed,,2012-09-16,2026-07-25,2026-08-01T00:00:00+00:00,jp_weekly,JP NIID Weekly,https://id-info.jihs.go.jp/en/surveillance/idwr/rapid/index.html,web,jp_weekly,JP NIID Weekly,https://id-info.jihs.go.jp/en/surveillance/idwr/rapid/index.html,web,mixed,single_series,SER_JP_AMEBIASIS_WEEKLY,,legacy_gap_fill,32,0.0
disease,D165,amebiasis,Amebiasis,JP,Japan,D165,Amebiasis,阿米巴病,Parasitic,2015-05-17,2015-05,8,8.0,0,0.006285558953838639,wpp_computed,,2012-09-16,2026-07-25,2026-08-01T00:00:00+00:00,jp_weekly,JP NIID Weekly,https://id-info.jihs.go.jp/en/surveillance/idwr/rapid/index.html,web,jp_weekly,JP NIID Weekly,https://id-info.jihs.go.jp/en/surveillance/idwr/rapid/index.html,web,mixed,single_series,SER_JP_AMEBIASIS_WEEKLY,,legacy_gap_fill,32,0.0
disease,D165,amebiasis,Amebiasis,JP,Japan,D165,Amebiasis,阿米巴病,Parasitic,2015-05-24,2015-05,11,11.0,0,0.00864264356152813,wpp_computed,,2012-09-16,2026-07-25,2026-08-01T00:00:00+00:00,jp_weekly,JP NIID Weekly,https://id-info.jihs.go.jp/en/surveillance/idwr/rapid/index.html,web,jp_weekly,JP NIID Weekly,https://id-info.jihs.go.jp/en/surveillance/idwr/rapid/index.html,web,mixed,single_series,SER_JP_AMEBIASIS_WEEKLY,,legacy_gap_fill,32,0.0
disease,D165,amebiasis,Amebiasis,JP,Japan,D165,Amebiasis,阿米巴病,Parasitic,2015-05-31,2015-05,22,22.0,0,0.01728528712305626,wpp_computed,,2012-09-16,2026-07-25,2026-08-01T00:00:00+00:00,jp_weekly,JP NIID Weekly,https://id-info.jihs.go.jp/en/surveillance/idwr/rapid/index.html,web,jp_weekly,JP NIID Weekly,https://id-info.jihs.go.jp/en/surveillance/idwr/rapid/index.html,web,mixed,single_series,SER_JP_AMEBIASIS_WEEKLY,,legacy_gap_fill,32,0.0
disease,D165,amebiasis,Amebiasis,JP,Japan,D165,Amebiasis,阿米巴病,Parasitic,2015-06-07,2015-06,17,17.0,0,0.013356812776907109,wpp_computed,,2012-09-16,2026-07-25,2026-08-01T00:00:00+00:00,jp_weekly,JP NIID Weekly,https://id-info.jihs.go.jp/en/surveillance/idwr/rapid/index.html,web,jp_weekly,JP NIID Weekly,https://id-info.jihs.go.jp/en/surveillance/idwr/rapid/index.html,web,mixed,single_series,SER_JP_AMEBIASIS_WEEKLY,,legacy_gap_fill,32,0.0
disease,D165,amebiasis,Amebiasis,JP,Japan,D165,Amebiasis,阿米巴病,Parasitic,2015-06-14,2015-06,14,14.0,0,0.010999728169217618,wpp_computed,,2012-09-16,2026-07-25,2026-08-01T00:00:00+00:00,jp_weekly,JP NIID Weekly,https://id-info.jihs.go.jp/en/surveillance/idwr/rapid/index.html,web,jp_weekly,JP NIID Weekly,https://id-info.jihs.go.jp/en/surveillance/idwr/rapid/index.html,web,mixed,single_series,SER_JP_AMEBIASIS_WEEKLY,,legacy_gap_fill,32,0.0
disease,D165,amebiasis,Amebiasis,JP,Japan,D165,Amebiasis,阿米巴病,Parasitic,2015-06-21,2015-06,13,13.0,0,0.010214033299987789,wpp_computed,,2012-09-16,2026-07-25,2026-08-01T00:00:00+00:00,jp_weekly,JP NIID Weekly,https://id-info.jihs.go.jp/en/surveillance/idwr/rapid/index.html,web,jp_weekly,JP NIID Weekly,https://id-info.jihs.go.jp/en/surveillance/idwr/rapid/index.html,web,mixed,single_series,SER_JP_AMEBIASIS_WEEKLY,,legacy_gap_fill,32,0.0
disease,D165,amebiasis,Amebiasis,JP,Japan,D165,Amebiasis,阿米巴病,Parasitic,2015-06-28,2015-06,15,15.0,0,0.011785423038447448,wpp_computed,,2012-09-16,2026-07-25,2026-08-01T00:00:00+00:00,jp_weekly,JP NIID Weekly,https://id-info.jihs.go.jp/en/surveillance/idwr/rapid/index.html,web,jp_weekly,JP NIID Weekly,https://id-info.jihs.go.jp/en/surveillance/idwr/rapid/index.html,web,mixed,single_series,SER_JP_AMEBIASIS_WEEKLY,,legacy_gap_fill,32,0.0
disease,D165,amebiasis,Amebiasis,JP,Japan,D165,Amebiasis,阿米巴病,Parasitic,2015-07-05,2015-07,18,18.0,0,0.014142507646136936,wpp_computed,,2012-09-16,2026-07-25,2026-08-01T00:00:00+00:00,jp_weekly,JP NIID Weekly,https://id-info.jihs.go.jp/en/surveillance/idwr/rapid/index.html,web,jp_weekly,JP NIID Weekly,https://id-info.jihs.go.jp/en/surveillance/idwr/rapid/index.html,web,mixed,single_series,SER_JP_AMEBIASIS_WEEKLY,,legacy_gap_fill,32,0.0
disease,D165,amebiasis,Amebiasis,JP,Japan,D165,Amebiasis,阿米巴病,Parasitic,2015-07-12,2015-07,16,16.0,0,0.012571117907677279,wpp_computed,,2012-09-16,2026-07-25,2026-08-01T00:00:00+00:00,jp_weekly,JP NIID Weekly,https://id-info.jihs.go.jp/en/surveillance/idwr/rapid/index.html,web,jp_weekly,JP NIID Weekly,https://id-info.jihs.go.jp/en/surveillance/idwr/rapid/index.html,web,mixed,single_series,SER_JP_AMEBIASIS_WEEKLY,,legacy_gap_fill,32,0.0
disease,D165,amebiasis,Amebiasis,JP,Japan,D165,Amebiasis,阿米巴病,Parasitic,2015-07-19,2015-07,11,11.0,0,0.00864264356152813,wpp_computed,,2012-09-16,2026-07-25,2026-08-01T00:00:00+00:00,jp_weekly,JP NIID Weekly,https://id-info.jihs.go.jp/en/surveillance/idwr/rapid/index.html,web,jp_weekly,JP NIID Weekly,https://id-info.jihs.go.jp/en/surveillance/idwr/rapid/index.html,web,mixed,single_series,SER_JP_AMEBIASIS_WEEKLY,,legacy_gap_fill,32,0.0
disease,D165,amebiasis,Amebiasis,JP,Japan,D165,Amebiasis,阿米巴病,Parasitic,2015-07-26,2015-07,10,10.0,0,0.0078569486922983,wpp_computed,,2012-09-16,2026-07-25,2026-08-01T00:00:00+00:00,jp_weekly,JP NIID Weekly,https://id-info.jihs.go.jp/en/surveillance/idwr/rapid/index.html,web,jp_weekly,JP NIID Weekly,https://id-info.jihs.go.jp/en/surveillance/idwr/rapid/index.html,web,mixed,single_series,SER_JP_AMEBIASIS_WEEKLY,,legacy_gap_fill,32,0.0
disease,D165,amebiasis,Amebiasis,JP,Japan,D165,Amebiasis,阿米巴病,Parasitic,2015-08-02,2015-08,12,12.0,0,0.009428338430757958,wpp_computed,,2012-09-16,2026-07-25,2026-08-01T00:00:00+00:00,jp_weekly,JP NIID Weekly,https://id-info.jihs.go.jp/en/surveillance/idwr/rapid/index.html,web,jp_weekly,JP NIID Weekly,https://id-info.jihs.go.jp/en/surveillance/idwr/rapid/index.html,web,mixed,single_series,SER_JP_AMEBIASIS_WEEKLY,,legacy_gap_fill,32,0.0
disease,D165,amebiasis,Amebiasis,JP,Japan,D165,Amebiasis,阿米巴病,Parasitic,2015-08-09,2015-08,11,11.0,0,0.00864264356152813,wpp_computed,,2012-09-16,2026-07-25,2026-08-01T00:00:00+00:00,jp_weekly,JP NIID Weekly,https://id-info.jihs.go.jp/en/surveillance/idwr/rapid/index.html,web,jp_weekly,JP NIID Weekly,https://id-info.jihs.go.jp/en/surveillance/idwr/rapid/index.html,web,mixed,single_series,SER_JP_AMEBIASIS_WEEKLY,,legacy_gap_fill,32,0.0
disease,D165,amebiasis,Amebiasis,JP,Japan,D165,Amebiasis,阿米巴病,Parasitic,2015-08-16,2015-08,19,19.0,0,0.014928202515366766,wpp_computed,,2012-09-16,2026-07-25,2026-08-01T00:00:00+00:00,jp_weekly,JP NIID Weekly,https://id-info.jihs.go.jp/en/surveillance/idwr/rapid/index.html,web,jp_weekly,JP NIID Weekly,https://id-info.jihs.go.jp/en/surveillance/idwr/rapid/index.html,web,mixed,single_series,SER_JP_AMEBIASIS_WEEKLY,,legacy_gap_fill,32,0.0
disease,D165,amebiasis,Amebiasis,JP,Japan,D165,Amebiasis,阿米巴病,Parasitic,2015-08-23,2015-08,19,19.0,0,0.014928202515366766,wpp_computed,,2012-09-16,2026-07-25,2026-08-01T00:00:00+00:00,jp_weekly,JP NIID Weekly,https://id-info.jihs.go.jp/en/surveillance/idwr/rapid/index.html,web,jp_weekly,JP NIID Weekly,https://id-info.jihs.go.jp/en/surveillance/idwr/rapid/index.html,web,mixed,single_series,SER_JP_AMEBIASIS_WEEKLY,,legacy_gap_fill,32,0.0
disease,D165,amebiasis,Amebiasis,JP,Japan,D165,Amebiasis,阿米巴病,Parasitic,2015-08-30,2015-08,19,19.0,0,0.014928202515366766,wpp_computed,,2012-09-16,2026-07-25,2026-08-01T00:00:00+00:00,jp_weekly,JP NIID Weekly,https://id-info.jihs.go.jp/en/surveillance/idwr/rapid/index.html,web,jp_weekly,JP NIID Weekly,https://id-info.jihs.go.jp/en/surveillance/idwr/rapid/index.html,web,mixed,single_series,SER_JP_AMEBIASIS_WEEKLY,,legacy_gap_fill,32,0.0
disease,D165,amebiasis,Amebiasis,JP,Japan,D165,Amebiasis,阿米巴病,Parasitic,2015-09-06,2015-09,21,21.0,0,0.01649959225382643,wpp_computed,,2012-09-16,2026-07-25,2026-08-01T00:00:00+00:00,jp_weekly,JP NIID Weekly,https://id-info.jihs.go.jp/en/surveillance/idwr/rapid/index.html,web,jp_weekly,JP NIID Weekly,https://id-info.jihs.go.jp/en/surveillance/idwr/rapid/index.html,web,mixed,single_series,SER_JP_AMEBIASIS_WEEKLY,,legacy_gap_fill,32,0.0
disease,D165,amebiasis,Amebiasis,JP,Japan,D165,Amebiasis,阿米巴病,Parasitic,2015-09-13,2015-09,9,9.0,0,0.007071253823068468,wpp_computed,,2012-09-16,2026-07-25,2026-08-01T00:00:00+00:00,jp_weekly,JP NIID Weekly,https://id-info.jihs.go.jp/en/surveillance/idwr/rapid/index.html,web,jp_weekly,JP NIID Weekly,https://id-info.jihs.go.jp/en/surveillance/idwr/rapid/index.html,web,mixed,single_series,SER_JP_AMEBIASIS_WEEKLY,,legacy_gap_fill,32,0.0
disease,D165,amebiasis,Amebiasis,JP,Japan,D165,Amebiasis,阿米巴病,Parasitic,2015-09-20,2015-09,11,11.0,0,0.00864264356152813,wpp_computed,,2012-09-16,2026-07-25,2026-08-01T00:00:00+00:00,jp_weekly,JP NIID Weekly,https://id-info.jihs.go.jp/en/surveillance/idwr/rapid/index.html,web,jp_weekly,JP NIID Weekly,https://id-info.jihs.go.jp/en/surveillance/idwr/rapid/index.html,web,mixed,single_series,SER_JP_AMEBIASIS_WEEKLY,,legacy_gap_fill,32,0.0
disease,D165,amebiasis,Amebiasis,JP,Japan,D165,Amebiasis,阿米巴病,Parasitic,2015-09-27,2015-09,1,1.0,0,0.0007856948692298299,wpp_computed,,2012-09-16,2026-07-25,2026-08-01T00:00:00+00:00,jp_weekly,JP NIID Weekly,https://id-info.jihs.go.jp/en/surveillance/idwr/rapid/index.html,web,jp_weekly,JP NIID Weekly,https://id-info.jihs.go.jp/en/surveillance/idwr/rapid/index.html,web,mixed,single_series,SER_JP_AMEBIASIS_WEEKLY,,legacy_gap_fill,32,0.0
disease,D165,amebiasis,Amebiasis,JP,Japan,D165,Amebiasis,阿米巴病,Parasitic,2015-10-04,2015-10,7,7.0,0,0.005499864084608809,wpp_computed,,2012-09-16,2026-07-25,2026-08-01T00:00:00+00:00,jp_weekly,JP NIID Weekly,https://id-info.jihs.go.jp/en/surveillance/idwr/rapid/index.html,web,jp_weekly,JP NIID Weekly,https://id-info.jihs.go.jp/en/surveillance/idwr/rapid/index.html,web,mixed,single_series,SER_JP_AMEBIASIS_WEEKLY,,legacy_gap_fill,32,0.0
disease,D165,amebiasis,Amebiasis,JP,Japan,D165,Amebiasis,阿米巴病,Parasitic,2015-10-11,2015-10,15,15.0,0,0.011785423038447448,wpp_computed,,2012-09-16,2026-07-25,2026-08-01T00:00:00+00:00,jp_weekly,JP NIID Weekly,https://id-info.jihs.go.jp/en/surveillance/idwr/rapid/index.html,web,jp_weekly,JP NIID Weekly,https://id-info.jihs.go.jp/en/surveillance/idwr/rapid/index.html,web,mixed,single_series,SER_JP_AMEBIASIS_WEEKLY,,legacy_gap_fill,32,0.0
disease,D165,amebiasis,Amebiasis,JP,Japan,D165,Amebiasis,阿米巴病,Parasitic,2015-10-18,2015-10,7,7.0,0,0.005499864084608809,wpp_computed,,2012-09-16,2026-07-25,2026-08-01T00:00:00+00:00,jp_weekly,JP NIID Weekly,https://id-info.jihs.go.jp/en/surveillance/idwr/rapid/index.html,web,jp_weekly,JP NIID Weekly,https://id-info.jihs.go.jp/en/surveillance/idwr/rapid/index.html,web,mixed,single_series,SER_JP_AMEBIASIS_WEEKLY,,legacy_gap_fill,32,0.0
disease,D165,amebiasis,Amebiasis,JP,Japan,D165,Amebiasis,阿米巴病,Parasitic,2015-10-25,2015-10,10,10.0,0,0.0078569486922983,wpp_computed,,2012-09-16,2026-07-25,2026-08-01T00:00:00+00:00,jp_weekly,JP NIID Weekly,https://id-info.jihs.go.jp/en/surveillance/idwr/rapid/index.html,web,jp_weekly,JP NIID Weekly,https://id-info.jihs.go.jp/en/surveillance/idwr/rapid/index.html,web,mixed,single_series,SER_JP_AMEBIASIS_WEEKLY,,legacy_gap_fill,32,0.0
disease,D165,amebiasis,Amebiasis,JP,Japan,D165,Amebiasis,阿米巴病,Parasitic,2015-11-01,2015-11,11,11.0,0,0.00864264356152813,wpp_computed,,2012-09-16,2026-07-25,2026-08-01T00:00:00+00:00,jp_weekly,JP NIID Weekly,https://id-info.jihs.go.jp/en/surveillance/idwr/rapid/index.html,web,jp_weekly,JP NIID Weekly,https://id-info.jihs.go.jp/en/surveillance/idwr/rapid/index.html,web,mixed,single_series,SER_JP_AMEBIASIS_WEEKLY,,legacy_gap_fill,32,0.0
disease,D165,amebiasis,Amebiasis,JP,Japan,D165,Amebiasis,阿米巴病,Parasitic,2015-11-08,2015-11,12,12.0,0,0.009428338430757958,wpp_computed,,2012-09-16,2026-07-25,2026-08-01T00:00:00+00:00,jp_weekly,JP NIID Weekly,https://id-info.jihs.go.jp/en/surveillance/idwr/rapid/index.html,web,jp_weekly,JP NIID Weekly,https://id-info.jihs.go.jp/en/surveillance/idwr/rapid/index.html,web,mixed,single_series,SER_JP_AMEBIASIS_WEEKLY,,legacy_gap_fill,32,0.0
disease,D165,amebiasis,Amebiasis,JP,Japan,D165,Amebiasis,阿米巴病,Parasitic,2015-11-15,2015-11,11,11.0,0,0.00864264356152813,wpp_computed,,2012-09-16,2026-07-25,2026-08-01T00:00:00+00:00,jp_weekly,JP NIID Weekly,https://id-info.jihs.go.jp/en/surveillance/idwr/rapid/index.html,web,jp_weekly,JP NIID Weekly,https://id-info.jihs.go.jp/en/surveillance/idwr/rapid/index.html,web,mixed,single_series,SER_JP_AMEBIASIS_WEEKLY,,legacy_gap_fill,32,0.0
disease,D165,amebiasis,Amebiasis,JP,Japan,D165,Amebiasis,阿米巴病,Parasitic,2015-11-22,2015-11,17,17.0,0,0.013356812776907109,wpp_computed,,2012-09-16,2026-07-25,2026-08-01T00:00:00+00:00,jp_weekly,JP NIID Weekly,https://id-info.jihs.go.jp/en/surveillance/idwr/rapid/index.html,web,jp_weekly,JP NIID Weekly,https://id-info.jihs.go.jp/en/surveillance/idwr/rapid/index.html,web,mixed,single_series,SER_JP_AMEBIASIS_WEEKLY,,legacy_gap_fill,32,0.0
disease,D165,amebiasis,Amebiasis,JP,Japan,D165,Amebiasis,阿米巴病,Parasitic,2015-11-29,2015-11,8,8.0,0,0.006285558953838639,wpp_computed,,2012-09-16,2026-07-25,2026-08-01T00:00:00+00:00,jp_weekly,JP NIID Weekly,https://id-info.jihs.go.jp/en/surveillance/idwr/rapid/index.html,web,jp_weekly,JP NIID Weekly,https://id-info.jihs.go.jp/en/surveillance/idwr/rapid/index.html,web,mixed,single_series,SER_JP_AMEBIASIS_WEEKLY,,legacy_gap_fill,32,0.0
disease,D165,amebiasis,Amebiasis,JP,Japan,D165,Amebiasis,阿米巴病,Parasitic,2015-12-06,2015-12,13,13.0,0,0.010214033299987789,wpp_computed,,2012-09-16,2026-07-25,2026-08-01T00:00:00+00:00,jp_weekly,JP NIID Weekly,https://id-info.jihs.go.jp/en/surveillance/idwr/rapid/index.html,web,jp_weekly,JP NIID Weekly,https://id-info.jihs.go.jp/en/surveillance/idwr/rapid/index.html,web,mixed,single_series,SER_JP_AMEBIASIS_WEEKLY,,legacy_gap_fill,32,0.0
disease,D165,amebiasis,Amebiasis,JP,Japan,D165,Amebiasis,阿米巴病,Parasitic,2015-12-13,2015-12,15,15.0,0,0.011785423038447448,wpp_computed,,2012-09-16,2026-07-25,2026-08-01T00:00:00+00:00,jp_weekly,JP NIID Weekly,https://id-info.jihs.go.jp/en/surveillance/idwr/rapid/index.html,web,jp_weekly,JP NIID Weekly,https://id-info.jihs.go.jp/en/surveillance/idwr/rapid/index.html,web,mixed,single_series,SER_JP_AMEBIASIS_WEEKLY,,legacy_gap_fill,32,0.0
disease,D165,amebiasis,Amebiasis,JP,Japan,D165,Amebiasis,阿米巴病,Parasitic,2015-12-20,2015-12,13,13.0,0,0.010214033299987789,wpp_computed,,2012-09-16,2026-07-25,2026-08-01T00:00:00+00:00,jp_weekly,JP NIID Weekly,https://id-info.jihs.go.jp/en/surveillance/idwr/rapid/index.html,web,jp_weekly,JP NIID Weekly,https://id-info.jihs.go.jp/en/surveillance/idwr/rapid/index.html,web,mixed,single_series,SER_JP_AMEBIASIS_WEEKLY,,legacy_gap_fill,32,0.0
disease,D165,amebiasis,Amebiasis,JP,Japan,D165,Amebiasis,阿米巴病,Parasitic,2015-12-27,2015-12,19,19.0,0,0.014928202515366766,wpp_computed,,2012-09-16,2026-07-25,2026-08-01T00:00:00+00:00,jp_weekly,JP NIID Weekly,https://id-info.jihs.go.jp/en/surveillance/idwr/rapid/index.html,web,jp_weekly,JP NIID Weekly,https://id-info.jihs.go.jp/en/surveillance/idwr/rapid/index.html,web,mixed,single_series,SER_JP_AMEBIASIS_WEEKLY,,legacy_gap_fill,32,0.0
disease,D165,amebiasis,Amebiasis,JP,Japan,D165,Amebiasis,阿米巴病,Parasitic,2016-01-03,2016-01,8,8.0,0,0.006291288992396671,wpp_computed,,2012-09-16,2026-07-25,2026-08-01T00:00:00+00:00,jp_weekly,JP NIID Weekly,https://id-info.jihs.go.jp/en/surveillance/idwr/rapid/index.html,web,jp_weekly,JP NIID Weekly,https://id-info.jihs.go.jp/en/surveillance/idwr/rapid/index.html,web,mixed,single_series,SER_JP_AMEBIASIS_WEEKLY,,legacy_gap_fill,32,0.0
disease,D165,amebiasis,Amebiasis,JP,Japan,D165,Amebiasis,阿米巴病,Parasitic,2016-01-10,2016-01,12,12.0,0,0.009436933488595006,wpp_computed,,2012-09-16,2026-07-25,2026-08-01T00:00:00+00:00,jp_weekly,JP NIID Weekly,https://id-info.jihs.go.jp/en/surveillance/idwr/rapid/index.html,web,jp_weekly,JP NIID Weekly,https://id-info.jihs.go.jp/en/surveillance/idwr/rapid/index.html,web,mixed,single_series,SER_JP_AMEBIASIS_WEEKLY,,legacy_gap_fill,32,0.0
disease,D165,amebiasis,Amebiasis,JP,Japan,D165,Amebiasis,阿米巴病,Parasitic,2016-01-17,2016-01,12,12.0,0,0.009436933488595006,wpp_computed,,2012-09-16,2026-07-25,2026-08-01T00:00:00+00:00,jp_weekly,JP NIID Weekly,https://id-info.jihs.go.jp/en/surveillance/idwr/rapid/index.html,web,jp_weekly,JP NIID Weekly,https://id-info.jihs.go.jp/en/surveillance/idwr/rapid/index.html,web,mixed,single_series,SER_JP_AMEBIASIS_WEEKLY,,legacy_gap_fill,32,0.0
disease,D165,amebiasis,Amebiasis,JP,Japan,D165,Amebiasis,阿米巴病,Parasitic,2016-01-24,2016-01,18,18.0,0,0.014155400232892508,wpp_computed,,2012-09-16,2026-07-25,2026-08-01T00:00:00+00:00,jp_weekly,JP NIID Weekly,https://id-info.jihs.go.jp/en/surveillance/idwr/rapid/index.html,web,jp_weekly,JP NIID Weekly,https://id-info.jihs.go.jp/en/surveillance/idwr/rapid/index.html,web,mixed,single_series,SER_JP_AMEBIASIS_WEEKLY,,legacy_gap_fill,32,0.0
disease,D165,amebiasis,Amebiasis,JP,Japan,D165,Amebiasis,阿米巴病,Parasitic,2016-01-31,2016-01,23,23.0,0,0.01808745585314043,wpp_computed,,2012-09-16,2026-07-25,2026-08-01T00:00:00+00:00,jp_weekly,JP NIID Weekly,https://id-info.jihs.go.jp/en/surveillance/idwr/rapid/index.html,web,jp_weekly,JP NIID Weekly,https://id-info.jihs.go.jp/en/surveillance/idwr/rapid/index.html,web,mixed,single_series,SER_JP_AMEBIASIS_WEEKLY,,legacy_gap_fill,32,0.0
disease,D165,amebiasis,Amebiasis,JP,Japan,D165,Amebiasis,阿米巴病,Parasitic,2016-02-07,2016-02,13,13.0,0,0.01022334461264459,wpp_computed,,2012-09-16,2026-07-25,2026-08-01T00:00:00+00:00,jp_weekly,JP NIID Weekly,https://id-info.jihs.go.jp/en/surveillance/idwr/rapid/index.html,web,jp_weekly,JP NIID Weekly,https://id-info.jihs.go.jp/en/surveillance/idwr/rapid/index.html,web,mixed,single_series,SER_JP_AMEBIASIS_WEEKLY,,legacy_gap_fill,32,0.0
disease,D165,amebiasis,Amebiasis,JP,Japan,D165,Amebiasis,阿米巴病,Parasitic,2016-02-14,2016-02,11,11.0,0,0.00865052236454542,wpp_computed,,2012-09-16,2026-07-25,2026-08-01T00:00:00+00:00,jp_weekly,JP NIID Weekly,https://id-info.jihs.go.jp/en/surveillance/idwr/rapid/index.html,web,jp_weekly,JP NIID Weekly,https://id-info.jihs.go.jp/en/surveillance/idwr/rapid/index.html,web,mixed,single_series,SER_JP_AMEBIASIS_WEEKLY,,legacy_gap_fill,32,0.0
disease,D165,amebiasis,Amebiasis,JP,Japan,D165,Amebiasis,阿米巴病,Parasitic,2016-02-21,2016-02,10,10.0,0,0.007864111240495839,wpp_computed,,2012-09-16,2026-07-25,2026-08-01T00:00:00+00:00,jp_weekly,JP NIID Weekly,https://id-info.jihs.go.jp/en/surveillance/idwr/rapid/index.html,web,jp_weekly,JP NIID Weekly,https://id-info.jihs.go.jp/en/surveillance/idwr/rapid/index.html,web,mixed,single_series,SER_JP_AMEBIASIS_WEEKLY,,legacy_gap_fill,32,0.0
disease,D165,amebiasis,Amebiasis,JP,Japan,D165,Amebiasis,阿米巴病,Parasitic,2016-02-28,2016-02,12,12.0,0,0.009436933488595006,wpp_computed,,2012-09-16,2026-07-25,2026-08-01T00:00:00+00:00,jp_weekly,JP NIID Weekly,https://id-info.jihs.go.jp/en/surveillance/idwr/rapid/index.html,web,jp_weekly,JP NIID Weekly,https://id-info.jihs.go.jp/en/surveillance/idwr/rapid/index.html,web,mixed,single_series,SER_JP_AMEBIASIS_WEEKLY,,legacy_gap_fill,32,0.0
disease,D165,amebiasis,Amebiasis,JP,Japan,D165,Amebiasis,阿米巴病,Parasitic,2016-03-06,2016-03,6,6.0,0,0.004718466744297503,wpp_computed,,2012-09-16,2026-07-25,2026-08-01T00:00:00+00:00,jp_weekly,JP NIID Weekly,https://id-info.jihs.go.jp/en/surveillance/idwr/rapid/index.html,web,jp_weekly,JP NIID Weekly,https://id-info.jihs.go.jp/en/surveillance/idwr/rapid/index.html,web,mixed,single_series,SER_JP_AMEBIASIS_WEEKLY,,legacy_gap_fill,32,0.0
disease,D165,amebiasis,Amebiasis,JP,Japan,D165,Amebiasis,阿米巴病,Parasitic,2016-03-13,2016-03,14,14.0,0,0.011009755736694174,wpp_computed,,2012-09-16,2026-07-25,2026-08-01T00:00:00+00:00,jp_weekly,JP NIID Weekly,https://id-info.jihs.go.jp/en/surveillance/idwr/rapid/index.html,web,jp_weekly,JP NIID Weekly,https://id-info.jihs.go.jp/en/surveillance/idwr/rapid/index.html,web,mixed,single_series,SER_JP_AMEBIASIS_WEEKLY,,legacy_gap_fill,32,0.0
disease,D165,amebiasis,Amebiasis,JP,Japan,D165,Amebiasis,阿米巴病,Parasitic,2016-03-20,2016-03,5,5.0,0,0.003932055620247919,wpp_computed,,2012-09-16,2026-07-25,2026-08-01T00:00:00+00:00,jp_weekly,JP NIID Weekly,https://id-info.jihs.go.jp/en/surveillance/idwr/rapid/index.html,web,jp_weekly,JP NIID Weekly,https://id-info.jihs.go.jp/en/surveillance/idwr/rapid/index.html,web,mixed,single_series,SER_JP_AMEBIASIS_WEEKLY,,legacy_gap_fill,32,0.0
disease,D165,amebiasis,Amebiasis,JP,Japan,D165,Amebiasis,阿米巴病,Parasitic,2016-03-27,2016-03,18,18.0,0,0.014155400232892508,wpp_computed,,2012-09-16,2026-07-25,2026-08-01T00:00:00+00:00,jp_weekly,JP NIID Weekly,https://id-info.jihs.go.jp/en/surveillance/idwr/rapid/index.html,web,jp_weekly,JP NIID Weekly,https://id-info.jihs.go.jp/en/surveillance/idwr/rapid/index.html,web,mixed,single_series,SER_JP_AMEBIASIS_WEEKLY,,legacy_gap_fill,32,0.0
disease,D165,amebiasis,Amebiasis,JP,Japan,D165,Amebiasis,阿米巴病,Parasitic,2016-04-03,2016-04,10,10.0,0,0.007864111240495839,wpp_computed,,2012-09-16,2026-07-25,2026-08-01T00:00:00+00:00,jp_weekly,JP NIID Weekly,https://id-info.jihs.go.jp/en/surveillance/idwr/rapid/index.html,web,jp_weekly,JP NIID Weekly,https://id-info.jihs.go.jp/en/surveillance/idwr/rapid/index.html,web,mixed,single_series,SER_JP_AMEBIASIS_WEEKLY,,legacy_gap_fill,32,0.0
disease,D165,amebiasis,Amebiasis,JP,Japan,D165,Amebiasis,阿米巴病,Parasitic,2016-04-10,2016-04,12,12.0,0,0.009436933488595006,wpp_computed,,2012-09-16,2026-07-25,2026-08-01T00:00:00+00:00,jp_weekly,JP NIID Weekly,https://id-info.jihs.go.jp/en/surveillance/idwr/rapid/index.html,web,jp_weekly,JP NIID Weekly,https://id-info.jihs.go.jp/en/surveillance/idwr/rapid/index.html,web,mixed,single_series,SER_JP_AMEBIASIS_WEEKLY,,legacy_gap_fill,32,0.0
disease,D165,amebiasis,Amebiasis,JP,Japan,D165,Amebiasis,阿米巴病,Parasitic,2016-04-17,2016-04,15,15.0,0,0.011796166860743758,wpp_computed,,2012-09-16,2026-07-25,2026-08-01T00:00:00+00:00,jp_weekly,JP NIID Weekly,https://id-info.jihs.go.jp/en/surveillance/idwr/rapid/index.html,web,jp_weekly,JP NIID Weekly,https://id-info.jihs.go.jp/en/surveillance/idwr/rapid/index.html,web,mixed,single_series,SER_JP_AMEBIASIS_WEEKLY,,legacy_gap_fill,32,0.0
disease,D165,amebiasis,Amebiasis,JP,Japan,D165,Amebiasis,阿米巴病,Parasitic,2016-04-24,2016-04,15,15.0,0,0.011796166860743758,wpp_computed,,2012-09-16,2026-07-25,2026-08-01T00:00:00+00:00,jp_weekly,JP NIID Weekly,https://id-info.jihs.go.jp/en/surveillance/idwr/rapid/index.html,web,jp_weekly,JP NIID Weekly,https://id-info.jihs.go.jp/en/surveillance/idwr/rapid/index.html,web,mixed,single_series,SER_JP_AMEBIASIS_WEEKLY,,legacy_gap_fill,32,0.0
disease,D165,amebiasis,Amebiasis,JP,Japan,D165,Amebiasis,阿米巴病,Parasitic,2016-05-01,2016-05,18,18.0,0,0.014155400232892508,wpp_computed,,2012-09-16,2026-07-25,2026-08-01T00:00:00+00:00,jp_weekly,JP NIID Weekly,https://id-info.jihs.go.jp/en/surveillance/idwr/rapid/index.html,web,jp_weekly,JP NIID Weekly,https://id-info.jihs.go.jp/en/surveillance/idwr/rapid/index.html,web,mixed,single_series,SER_JP_AMEBIASIS_WEEKLY,,legacy_gap_fill,32,0.0
disease,D165,amebiasis,Amebiasis,JP,Japan,D165,Amebiasis,阿米巴病,Parasitic,2016-05-08,2016-05,5,5.0,0,0.003932055620247919,wpp_computed,,2012-09-16,2026-07-25,2026-08-01T00:00:00+00:00,jp_weekly,JP NIID Weekly,https://id-info.jihs.go.jp/en/surveillance/idwr/rapid/index.html,web,jp_weekly,JP NIID Weekly,https://id-info.jihs.go.jp/en/surveillance/idwr/rapid/index.html,web,mixed,single_series,SER_JP_AMEBIASIS_WEEKLY,,legacy_gap_fill,32,0.0
disease,D165,amebiasis,Amebiasis,JP,Japan,D165,Amebiasis,阿米巴病,Parasitic,2016-05-15,2016-05,15,15.0,0,0.011796166860743758,wpp_computed,,2012-09-16,2026-07-25,2026-08-01T00:00:00+00:00,jp_weekly,JP NIID Weekly,https://id-info.jihs.go.jp/en/surveillance/idwr/rapid/index.html,web,jp_weekly,JP NIID Weekly,https://id-info.jihs.go.jp/en/surveillance/idwr/rapid/index.html,web,mixed,single_series,SER_JP_AMEBIASIS_WEEKLY,,legacy_gap_fill,32,0.0
disease,D165,amebiasis,Amebiasis,JP,Japan,D165,Amebiasis,阿米巴病,Parasitic,2016-05-22,2016-05,17,17.0,0,0.013368989108842924,wpp_computed,,2012-09-16,2026-07-25,2026-08-01T00:00:00+00:00,jp_weekly,JP NIID Weekly,https://id-info.jihs.go.jp/en/surveillance/idwr/rapid/index.html,web,jp_weekly,JP NIID Weekly,https://id-info.jihs.go.jp/en/surveillance/idwr/rapid/index.html,web,mixed,single_series,SER_JP_AMEBIASIS_WEEKLY,,legacy_gap_fill,32,0.0
disease,D165,amebiasis,Amebiasis,JP,Japan,D165,Amebiasis,阿米巴病,Parasitic,2016-05-29,2016-05,9,9.0,0,0.007077700116446254,wpp_computed,,2012-09-16,2026-07-25,2026-08-01T00:00:00+00:00,jp_weekly,JP NIID Weekly,https://id-info.jihs.go.jp/en/surveillance/idwr/rapid/index.html,web,jp_weekly,JP NIID Weekly,https://id-info.jihs.go.jp/en/surveillance/idwr/rapid/index.html,web,mixed,single_series,SER_JP_AMEBIASIS_WEEKLY,,legacy_gap_fill,32,0.0
disease,D165,amebiasis,Amebiasis,JP,Japan,D165,Amebiasis,阿米巴病,Parasitic,2016-06-05,2016-06,8,8.0,0,0.006291288992396671,wpp_computed,,2012-09-16,2026-07-25,2026-08-01T00:00:00+00:00,jp_weekly,JP NIID Weekly,https://id-info.jihs.go.jp/en/surveillance/idwr/rapid/index.html,web,jp_weekly,JP NIID Weekly,https://id-info.jihs.go.jp/en/surveillance/idwr/rapid/index.html,web,mixed,single_series,SER_JP_AMEBIASIS_WEEKLY,,legacy_gap_fill,32,0.0
disease,D165,amebiasis,Amebiasis,JP,Japan,D165,Amebiasis,阿米巴病,Parasitic,2016-06-12,2016-06,14,14.0,0,0.011009755736694174,wpp_computed,,2012-09-16,2026-07-25,2026-08-01T00:00:00+00:00,jp_weekly,JP NIID Weekly,https://id-info.jihs.go.jp/en/surveillance/idwr/rapid/index.html,web,jp_weekly,JP NIID Weekly,https://id-info.jihs.go.jp/en/surveillance/idwr/rapid/index.html,web,mixed,single_series,SER_JP_AMEBIASIS_WEEKLY,,legacy_gap_fill,32,0.0
disease,D165,amebiasis,Amebiasis,JP,Japan,D165,Amebiasis,阿米巴病,Parasitic,2016-06-19,2016-06,20,20.0,0,0.015728222480991677,wpp_computed,,2012-09-16,2026-07-25,2026-08-01T00:00:00+00:00,jp_weekly,JP NIID Weekly,https://id-info.jihs.go.jp/en/surveillance/idwr/rapid/index.html,web,jp_weekly,JP NIID Weekly,https://id-info.jihs.go.jp/en/surveillance/idwr/rapid/index.html,web,mixed,single_series,SER_JP_AMEBIASIS_WEEKLY,,legacy_gap_fill,32,0.0
disease,D165,amebiasis,Amebiasis,JP,Japan,D165,Amebiasis,阿米巴病,Parasitic,2016-06-26,2016-06,10,10.0,0,0.007864111240495839,wpp_computed,,2012-09-16,2026-07-25,2026-08-01T00:00:00+00:00,jp_weekly,JP NIID Weekly,https://id-info.jihs.go.jp/en/surveillance/idwr/rapid/index.html,web,jp_weekly,JP NIID Weekly,https://id-info.jihs.go.jp/en/surveillance/idwr/rapid/index.html,web,mixed,single_series,SER_JP_AMEBIASIS_WEEKLY,,legacy_gap_fill,32,0.0
disease,D165,amebiasis,Amebiasis,JP,Japan,D165,Amebiasis,阿米巴病,Parasitic,2016-07-03,2016-07,14,14.0,0,0.011009755736694174,wpp_computed,,2012-09-16,2026-07-25,2026-08-01T00:00:00+00:00,jp_weekly,JP NIID Weekly,https://id-info.jihs.go.jp/en/surveillance/idwr/rapid/index.html,web,jp_weekly,JP NIID Weekly,https://id-info.jihs.go.jp/en/surveillance/idwr/rapid/index.html,web,mixed,single_series,SER_JP_AMEBIASIS_WEEKLY,,legacy_gap_fill,32,0.0
disease,D165,amebiasis,Amebiasis,JP,Japan,D165,Amebiasis,阿米巴病,Parasitic,2016-07-10,2016-07,17,17.0,0,0.013368989108842924,wpp_computed,,2012-09-16,2026-07-25,2026-08-01T00:00:00+00:00,jp_weekly,JP NIID Weekly,https://id-info.jihs.go.jp/en/surveillance/idwr/rapid/index.html,web,jp_weekly,JP NIID Weekly,https://id-info.jihs.go.jp/en/surveillance/idwr/rapid/index.html,web,mixed,single_series,SER_JP_AMEBIASIS_WEEKLY,,legacy_gap_fill,32,0.0
disease,D165,amebiasis,Amebiasis,JP,Japan,D165,Amebiasis,阿米巴病,Parasitic,2016-07-17,2016-07,15,15.0,0,0.011796166860743758,wpp_computed,,2012-09-16,2026-07-25,2026-08-01T00:00:00+00:00,jp_weekly,JP NIID Weekly,https://id-info.jihs.go.jp/en/surveillance/idwr/rapid/index.html,web,jp_weekly,JP NIID Weekly,https://id-info.jihs.go.jp/en/surveillance/idwr/rapid/index.html,web,mixed,single_series,SER_JP_AMEBIASIS_WEEKLY,,legacy_gap_fill,32,0.0
disease,D165,amebiasis,Amebiasis,JP,Japan,D165,Amebiasis,阿米巴病,Parasitic,2016-07-24,2016-07,10,10.0,0,0.007864111240495839,wpp_computed,,2012-09-16,2026-07-25,2026-08-01T00:00:00+00:00,jp_weekly,JP NIID Weekly,https://id-info.jihs.go.jp/en/surveillance/idwr/rapid/index.html,web,jp_weekly,JP NIID Weekly,https://id-info.jihs.go.jp/en/surveillance/idwr/rapid/index.html,web,mixed,single_series,SER_JP_AMEBIASIS_WEEKLY,,legacy_gap_fill,32,0.0
disease,D165,amebiasis,Amebiasis,JP,Japan,D165,Amebiasis,阿米巴病,Parasitic,2016-07-31,2016-07,13,13.0,0,0.01022334461264459,wpp_computed,,2012-09-16,2026-07-25,2026-08-01T00:00:00+00:00,jp_weekly,JP NIID Weekly,https://id-info.jihs.go.jp/en/surveillance/idwr/rapid/index.html,web,jp_weekly,JP NIID Weekly,https://id-info.jihs.go.jp/en/surveillance/idwr/rapid/index.html,web,mixed,single_series,SER_JP_AMEBIASIS_WEEKLY,,legacy_gap_fill,32,0.0
disease,D165,amebiasis,Amebiasis,JP,Japan,D165,Amebiasis,阿米巴病,Parasitic,2016-08-07,2016-08,16,16.0,0,0.012582577984793342,wpp_computed,,2012-09-16,2026-07-25,2026-08-01T00:00:00+00:00,jp_weekly,JP NIID Weekly,https://id-info.jihs.go.jp/en/surveillance/idwr/rapid/index.html,web,jp_weekly,JP NIID Weekly,https://id-info.jihs.go.jp/en/surveillance/idwr/rapid/index.html,web,mixed,single_series,SER_JP_AMEBIASIS_WEEKLY,,legacy_gap_fill,32,0.0
disease,D165,amebiasis,Amebiasis,JP,Japan,D165,Amebiasis,阿米巴病,Parasitic,2016-08-14,2016-08,12,12.0,0,0.009436933488595006,wpp_computed,,2012-09-16,2026-07-25,2026-08-01T00:00:00+00:00,jp_weekly,JP NIID Weekly,https://id-info.jihs.go.jp/en/surveillance/idwr/rapid/index.html,web,jp_weekly,JP NIID Weekly,https://id-info.jihs.go.jp/en/surveillance/idwr/rapid/index.html,web,mixed,single_series,SER_JP_AMEBIASIS_WEEKLY,,legacy_gap_fill,32,0.0
disease,D165,amebiasis,Amebiasis,JP,Japan,D165,Amebiasis,阿米巴病,Parasitic,2016-08-21,2016-08,22,22.0,0,0.01730104472909084,wpp_computed,,2012-09-16,2026-07-25,2026-08-01T00:00:00+00:00,jp_weekly,JP NIID Weekly,https://id-info.jihs.go.jp/en/surveillance/idwr/rapid/index.html,web,jp_weekly,JP NIID Weekly,https://id-info.jihs.go.jp/en/surveillance/idwr/rapid/index.html,web,mixed,single_series,SER_JP_AMEBIASIS_WEEKLY,,legacy_gap_fill,32,0.0
disease,D165,amebiasis,Amebiasis,JP,Japan,D165,Amebiasis,阿米巴病,Parasitic,2016-08-28,2016-08,12,12.0,0,0.009436933488595006,wpp_computed,,2012-09-16,2026-07-25,2026-08-01T00:00:00+00:00,jp_weekly,JP NIID Weekly,https://id-info.jihs.go.jp/en/surveillance/idwr/rapid/index.html,web,jp_weekly,JP NIID Weekly,https://id-info.jihs.go.jp/en/surveillance/idwr/rapid/index.html,web,mixed,single_series,SER_JP_AMEBIASIS_WEEKLY,,legacy_gap_fill,32,0.0
disease,D165,amebiasis,Amebiasis,JP,Japan,D165,Amebiasis,阿米巴病,Parasitic,2016-09-04,2016-09,16,16.0,0,0.012582577984793342,wpp_computed,,2012-09-16,2026-07-25,2026-08-01T00:00:00+00:00,jp_weekly,JP NIID Weekly,https://id-info.jihs.go.jp/en/surveillance/idwr/rapid/index.html,web,jp_weekly,JP NIID Weekly,https://id-info.jihs.go.jp/en/surveillance/idwr/rapid/index.html,web,mixed,single_series,SER_JP_AMEBIASIS_WEEKLY,,legacy_gap_fill,32,0.0
disease,D165,amebiasis,Amebiasis,JP,Japan,D165,Amebiasis,阿米巴病,Parasitic,2016-09-11,2016-09,17,17.0,0,0.013368989108842924,wpp_computed,,2012-09-16,2026-07-25,2026-08-01T00:00:00+00:00,jp_weekly,JP NIID Weekly,https://id-info.jihs.go.jp/en/surveillance/idwr/rapid/index.html,web,jp_weekly,JP NIID Weekly,https://id-info.jihs.go.jp/en/surveillance/idwr/rapid/index.html,web,mixed,single_series,SER_JP_AMEBIASIS_WEEKLY,,legacy_gap_fill,32,0.0
disease,D165,amebiasis,Amebiasis,JP,Japan,D165,Amebiasis,阿米巴病,Parasitic,2016-09-18,2016-09,11,11.0,0,0.00865052236454542,wpp_computed,,2012-09-16,2026-07-25,2026-08-01T00:00:00+00:00,jp_weekly,JP NIID Weekly,https://id-info.jihs.go.jp/en/surveillance/idwr/rapid/index.html,web,jp_weekly,JP NIID Weekly,https://id-info.jihs.go.jp/en/surveillance/idwr/rapid/index.html,web,mixed,single_series,SER_JP_AMEBIASIS_WEEKLY,,legacy_gap_fill,32,0.0
disease,D165,amebiasis,Amebiasis,JP,Japan,D165,Amebiasis,阿米巴病,Parasitic,2016-09-25,2016-09,10,10.0,0,0.007864111240495839,wpp_computed,,2012-09-16,2026-07-25,2026-08-01T00:00:00+00:00,jp_weekly,JP NIID Weekly,https://id-info.jihs.go.jp/en/surveillance/idwr/rapid/index.html,web,jp_weekly,JP NIID Weekly,https://id-info.jihs.go.jp/en/surveillance/idwr/rapid/index.html,web,mixed,single_series,SER_JP_AMEBIASIS_WEEKLY,,legacy_gap_fill,32,0.0
disease,D165,amebiasis,Amebiasis,JP,Japan,D165,Amebiasis,阿米巴病,Parasitic,2016-10-02,2016-10,12,12.0,0,0.009436933488595006,wpp_computed,,2012-09-16,2026-07-25,2026-08-01T00:00:00+00:00,jp_weekly,JP NIID Weekly,https://id-info.jihs.go.jp/en/surveillance/idwr/rapid/index.html,web,jp_weekly,JP NIID Weekly,https://id-info.jihs.go.jp/en/surveillance/idwr/rapid/index.html,web,mixed,single_series,SER_JP_AMEBIASIS_WEEKLY,,legacy_gap_fill,32,0.0
disease,D165,amebiasis,Amebiasis,JP,Japan,D165,Amebiasis,阿米巴病,Parasitic,2016-10-09,2016-10,9,9.0,0,0.007077700116446254,wpp_computed,,2012-09-16,2026-07-25,2026-08-01T00:00:00+00:00,jp_weekly,JP NIID Weekly,https://id-info.jihs.go.jp/en/surveillance/idwr/rapid/index.html,web,jp_weekly,JP NIID Weekly,https://id-info.jihs.go.jp/en/surveillance/idwr/rapid/index.html,web,mixed,single_series,SER_JP_AMEBIASIS_WEEKLY,,legacy_gap_fill,32,0.0
disease,D165,amebiasis,Amebiasis,JP,Japan,D165,Amebiasis,阿米巴病,Parasitic,2016-10-16,2016-10,14,14.0,0,0.011009755736694174,wpp_computed,,2012-09-16,2026-07-25,2026-08-01T00:00:00+00:00,jp_weekly,JP NIID Weekly,https://id-info.jihs.go.jp/en/surveillance/idwr/rapid/index.html,web,jp_weekly,JP NIID Weekly,https://id-info.jihs.go.jp/en/surveillance/idwr/rapid/index.html,web,mixed,single_series,SER_JP_AMEBIASIS_WEEKLY,,legacy_gap_fill,32,0.0
disease,D165,amebiasis,Amebiasis,JP,Japan,D165,Amebiasis,阿米巴病,Parasitic,2016-10-23,2016-10,13,13.0,0,0.01022334461264459,wpp_computed,,2012-09-16,2026-07-25,2026-08-01T00:00:00+00:00,jp_weekly,JP NIID Weekly,https://id-info.jihs.go.jp/en/surveillance/idwr/rapid/index.html,web,jp_weekly,JP NIID Weekly,https://id-info.jihs.go.jp/en/surveillance/idwr/rapid/index.html,web,mixed,single_series,SER_JP_AMEBIASIS_WEEKLY,,legacy_gap_fill,32,0.0
disease,D165,amebiasis,Amebiasis,JP,Japan,D165,Amebiasis,阿米巴病,Parasitic,2016-10-30,2016-10,15,15.0,0,0.011796166860743758,wpp_computed,,2012-09-16,2026-07-25,2026-08-01T00:00:00+00:00,jp_weekly,JP NIID Weekly,https://id-info.jihs.go.jp/en/surveillance/idwr/rapid/index.html,web,jp_weekly,JP NIID Weekly,https://id-info.jihs.go.jp/en/surveillance/idwr/rapid/index.html,web,mixed,single_series,SER_JP_AMEBIASIS_WEEKLY,,legacy_gap_fill,32,0.0
disease,D165,amebiasis,Amebiasis,JP,Japan,D165,Amebiasis,阿米巴病,Parasitic,2016-11-06,2016-11,13,13.0,0,0.01022334461264459,wpp_computed,,2012-09-16,2026-07-25,2026-08-01T00:00:00+00:00,jp_weekly,JP NIID Weekly,https://id-info.jihs.go.jp/en/surveillance/idwr/rapid/index.html,web,jp_weekly,JP NIID Weekly,https://id-info.jihs.go.jp/en/surveillance/idwr/rapid/index.html,web,mixed,single_series,SER_JP_AMEBIASIS_WEEKLY,,legacy_gap_fill,32,0.0
disease,D165,amebiasis,Amebiasis,JP,Japan,D165,Amebiasis,阿米巴病,Parasitic,2016-11-13,2016-11,8,8.0,0,0.006291288992396671,wpp_computed,,2012-09-16,2026-07-25,2026-08-01T00:00:00+00:00,jp_weekly,JP NIID Weekly,https://id-info.jihs.go.jp/en/surveillance/idwr/rapid/index.html,web,jp_weekly,JP NIID Weekly,https://id-info.jihs.go.jp/en/surveillance/idwr/rapid/index.html,web,mixed,single_series,SER_JP_AMEBIASIS_WEEKLY,,legacy_gap_fill,32,0.0
disease,D165,amebiasis,Amebiasis,JP,Japan,D165,Amebiasis,阿米巴病,Parasitic,2016-11-20,2016-11,10,10.0,0,0.007864111240495839,wpp_computed,,2012-09-16,2026-07-25,2026-08-01T00:00:00+00:00,jp_weekly,JP NIID Weekly,https://id-info.jihs.go.jp/en/surveillance/idwr/rapid/index.html,web,jp_weekly,JP NIID Weekly,https://id-info.jihs.go.jp/en/surveillance/idwr/rapid/index.html,web,mixed,single_series,SER_JP_AMEBIASIS_WEEKLY,,legacy_gap_fill,32,0.0
disease,D165,amebiasis,Amebiasis,JP,Japan,D165,Amebiasis,阿米巴病,Parasitic,2016-11-27,2016-11,12,12.0,0,0.009436933488595006,wpp_computed,,2012-09-16,2026-07-25,2026-08-01T00:00:00+00:00,jp_weekly,JP NIID Weekly,https://id-info.jihs.go.jp/en/surveillance/idwr/rapid/index.html,web,jp_weekly,JP NIID Weekly,https://id-info.jihs.go.jp/en/surveillance/idwr/rapid/index.html,web,mixed,single_series,SER_JP_AMEBIASIS_WEEKLY,,legacy_gap_fill,32,0.0
disease,D165,amebiasis,Amebiasis,JP,Japan,D165,Amebiasis,阿米巴病,Parasitic,2016-12-04,2016-12,15,15.0,0,0.011796166860743758,wpp_computed,,2012-09-16,2026-07-25,2026-08-01T00:00:00+00:00,jp_weekly,JP NIID Weekly,https://id-info.jihs.go.jp/en/surveillance/idwr/rapid/index.html,web,jp_weekly,JP NIID Weekly,https://id-info.jihs.go.jp/en/surveillance/idwr/rapid/index.html,web,mixed,single_series,SER_JP_AMEBIASIS_WEEKLY,,legacy_gap_fill,32,0.0
disease,D165,amebiasis,Amebiasis,JP,Japan,D165,Amebiasis,阿米巴病,Parasitic,2016-12-11,2016-12,23,23.0,0,0.01808745585314043,wpp_computed,,2012-09-16,2026-07-25,2026-08-01T00:00:00+00:00,jp_weekly,JP NIID Weekly,https://id-info.jihs.go.jp/en/surveillance/idwr/rapid/index.html,web,jp_weekly,JP NIID Weekly,https://id-info.jihs.go.jp/en/surveillance/idwr/rapid/index.html,web,mixed,single_series,SER_JP_AMEBIASIS_WEEKLY,,legacy_gap_fill,32,0.0
disease,D165,amebiasis,Amebiasis,JP,Japan,D165,Amebiasis,阿米巴病,Parasitic,2016-12-18,2016-12,13,13.0,0,0.01022334461264459,wpp_computed,,2012-09-16,2026-07-25,2026-08-01T00:00:00+00:00,jp_weekly,JP NIID Weekly,https://id-info.jihs.go.jp/en/surveillance/idwr/rapid/index.html,web,jp_weekly,JP NIID Weekly,https://id-info.jihs.go.jp/en/surveillance/idwr/rapid/index.html,web,mixed,single_series,SER_JP_AMEBIASIS_WEEKLY,,legacy_gap_fill,32,0.0
disease,D165,amebiasis,Amebiasis,JP,Japan,D165,Amebiasis,阿米巴病,Parasitic,2016-12-25,2016-12,17,17.0,0,0.013368989108842924,wpp_computed,,2012-09-16,2026-07-25,2026-08-01T00:00:00+00:00,jp_weekly,JP NIID Weekly,https://id-info.jihs.go.jp/en/surveillance/idwr/rapid/index.html,web,jp_weekly,JP NIID Weekly,https://id-info.jihs.go.jp/en/surveillance/idwr/rapid/index.html,web,mixed,single_series,SER_JP_AMEBIASIS_WEEKLY,,legacy_gap_fill,32,0.0
disease,D165,amebiasis,Amebiasis,JP,Japan,D165,Amebiasis,阿米巴病,Parasitic,2017-01-01,2017-01,10,10.0,0,0.007870007001945229,wpp_computed,,2012-09-16,2026-07-25,2026-08-01T00:00:00+00:00,jp_weekly,JP NIID Weekly,https://id-info.jihs.go.jp/en/surveillance/idwr/rapid/index.html,web,jp_weekly,JP NIID Weekly,https://id-info.jihs.go.jp/en/surveillance/idwr/rapid/index.html,web,mixed,single_series,SER_JP_AMEBIASIS_WEEKLY,,legacy_gap_fill,32,0.0
disease,D165,amebiasis,Amebiasis,JP,Japan,D165,Amebiasis,阿米巴病,Parasitic,2017-01-08,2017-01,8,8.0,0,0.0062960056015561846,wpp_computed,,2012-09-16,2026-07-25,2026-08-01T00:00:00+00:00,jp_weekly,JP NIID Weekly,https://id-info.jihs.go.jp/en/surveillance/idwr/rapid/index.html,web,jp_weekly,JP NIID Weekly,https://id-info.jihs.go.jp/en/surveillance/idwr/rapid/index.html,web,mixed,single_series,SER_JP_AMEBIASIS_WEEKLY,,legacy_gap_fill,32,0.0
disease,D165,amebiasis,Amebiasis,JP,Japan,D165,Amebiasis,阿米巴病,Parasitic,2017-01-15,2017-01,15,15.0,0,0.011805010502917844,wpp_computed,,2012-09-16,2026-07-25,2026-08-01T00:00:00+00:00,jp_weekly,JP NIID Weekly,https://id-info.jihs.go.jp/en/surveillance/idwr/rapid/index.html,web,jp_weekly,JP NIID Weekly,https://id-info.jihs.go.jp/en/surveillance/idwr/rapid/index.html,web,mixed,single_series,SER_JP_AMEBIASIS_WEEKLY,,legacy_gap_fill,32,0.0
disease,D165,amebiasis,Amebiasis,JP,Japan,D165,Amebiasis,阿米巴病,Parasitic,2017-01-22,2017-01,15,15.0,0,0.011805010502917844,wpp_computed,,2012-09-16,2026-07-25,2026-08-01T00:00:00+00:00,jp_weekly,JP NIID Weekly,https://id-info.jihs.go.jp/en/surveillance/idwr/rapid/index.html,web,jp_weekly,JP NIID Weekly,https://id-info.jihs.go.jp/en/surveillance/idwr/rapid/index.html,web,mixed,single_series,SER_JP_AMEBIASIS_WEEKLY,,legacy_gap_fill,32,0.0
disease,D165,amebiasis,Amebiasis,JP,Japan,D165,Amebiasis,阿米巴病,Parasitic,2017-01-29,2017-01,16,16.0,0,0.012592011203112369,wpp_computed,,2012-09-16,2026-07-25,2026-08-01T00:00:00+00:00,jp_weekly,JP NIID Weekly,https://id-info.jihs.go.jp/en/surveillance/idwr/rapid/index.html,web,jp_weekly,JP NIID Weekly,https://id-info.jihs.go.jp/en/surveillance/idwr/rapid/index.html,web,mixed,single_series,SER_JP_AMEBIASIS_WEEKLY,,legacy_gap_fill,32,0.0
disease,D165,amebiasis,Amebiasis,JP,Japan,D165,Amebiasis,阿米巴病,Parasitic,2017-02-05,2017-02,12,12.0,0,0.009444008402334276,wpp_computed,,2012-09-16,2026-07-25,2026-08-01T00:00:00+00:00,jp_weekly,JP NIID Weekly,https://id-info.jihs.go.jp/en/surveillance/idwr/rapid/index.html,web,jp_weekly,JP NIID Weekly,https://id-info.jihs.go.jp/en/surveillance/idwr/rapid/index.html,web,mixed,single_series,SER_JP_AMEBIASIS_WEEKLY,,legacy_gap_fill,32,0.0
disease,D165,amebiasis,Amebiasis,JP,Japan,D165,Amebiasis,阿米巴病,Parasitic,2017-02-12,2017-02,16,16.0,0,0.012592011203112369,wpp_computed,,2012-09-16,2026-07-25,2026-08-01T00:00:00+00:00,jp_weekly,JP NIID Weekly,https://id-info.jihs.go.jp/en/surveillance/idwr/rapid/index.html,web,jp_weekly,JP NIID Weekly,https://id-info.jihs.go.jp/en/surveillance/idwr/rapid/index.html,web,mixed,single_series,SER_JP_AMEBIASIS_WEEKLY,,legacy_gap_fill,32,0.0
disease,D165,amebiasis,Amebiasis,JP,Japan,D165,Amebiasis,阿米巴病,Parasitic,2017-02-19,2017-02,19,19.0,0,0.014953013303695936,wpp_computed,,2012-09-16,2026-07-25,2026-08-01T00:00:00+00:00,jp_weekly,JP NIID Weekly,https://id-info.jihs.go.jp/en/surveillance/idwr/rapid/index.html,web,jp_weekly,JP NIID Weekly,https://id-info.jihs.go.jp/en/surveillance/idwr/rapid/index.html,web,mixed,single_series,SER_JP_AMEBIASIS_WEEKLY,,legacy_gap_fill,32,0.0
disease,D165,amebiasis,Amebiasis,JP,Japan,D165,Amebiasis,阿米巴病,Parasitic,2017-02-26,2017-02,13,13.0,0,0.010231009102528799,wpp_computed,,2012-09-16,2026-07-25,2026-08-01T00:00:00+00:00,jp_weekly,JP NIID Weekly,https://id-info.jihs.go.jp/en/surveillance/idwr/rapid/index.html,web,jp_weekly,JP NIID Weekly,https://id-info.jihs.go.jp/en/surveillance/idwr/rapid/index.html,web,mixed,single_series,SER_JP_AMEBIASIS_WEEKLY,,legacy_gap_fill,32,0.0
disease,D165,amebiasis,Amebiasis,JP,Japan,D165,Amebiasis,阿米巴病,Parasitic,2017-03-05,2017-03,11,11.0,0,0.008657007702139752,wpp_computed,,2012-09-16,2026-07-25,2026-08-01T00:00:00+00:00,jp_weekly,JP NIID Weekly,https://id-info.jihs.go.jp/en/surveillance/idwr/rapid/index.html,web,jp_weekly,JP NIID Weekly,https://id-info.jihs.go.jp/en/surveillance/idwr/rapid/index.html,web,mixed,single_series,SER_JP_AMEBIASIS_WEEKLY,,legacy_gap_fill,32,0.0
disease,D165,amebiasis,Amebiasis,JP,Japan,D165,Amebiasis,阿米巴病,Parasitic,2017-03-12,2017-03,11,11.0,0,0.008657007702139752,wpp_computed,,2012-09-16,2026-07-25,2026-08-01T00:00:00+00:00,jp_weekly,JP NIID Weekly,https://id-info.jihs.go.jp/en/surveillance/idwr/rapid/index.html,web,jp_weekly,JP NIID Weekly,https://id-info.jihs.go.jp/en/surveillance/idwr/rapid/index.html,web,mixed,single_series,SER_JP_AMEBIASIS_WEEKLY,,legacy_gap_fill,32,0.0
disease,D165,amebiasis,Amebiasis,JP,Japan,D165,Amebiasis,阿米巴病,Parasitic,2017-03-19,2017-03,12,12.0,0,0.009444008402334276,wpp_computed,,2012-09-16,2026-07-25,2026-08-01T00:00:00+00:00,jp_weekly,JP NIID Weekly,https://id-info.jihs.go.jp/en/surveillance/idwr/rapid/index.html,web,jp_weekly,JP NIID Weekly,https://id-info.jihs.go.jp/en/surveillance/idwr/rapid/index.html,web,mixed,single_series,SER_JP_AMEBIASIS_WEEKLY,,legacy_gap_fill,32,0.0
disease,D165,amebiasis,Amebiasis,JP,Japan,D165,Amebiasis,阿米巴病,Parasitic,2017-03-26,2017-03,5,5.0,0,0.003935003500972614,wpp_computed,,2012-09-16,2026-07-25,2026-08-01T00:00:00+00:00,jp_weekly,JP NIID Weekly,https://id-info.jihs.go.jp/en/surveillance/idwr/rapid/index.html,web,jp_weekly,JP NIID Weekly,https://id-info.jihs.go.jp/en/surveillance/idwr/rapid/index.html,web,mixed,single_series,SER_JP_AMEBIASIS_WEEKLY,,legacy_gap_fill,32,0.0
disease,D165,amebiasis,Amebiasis,JP,Japan,D165,Amebiasis,阿米巴病,Parasitic,2017-04-02,2017-04,13,13.0,0,0.010231009102528799,wpp_computed,,2012-09-16,2026-07-25,2026-08-01T00:00:00+00:00,jp_weekly,JP NIID Weekly,https://id-info.jihs.go.jp/en/surveillance/idwr/rapid/index.html,web,jp_weekly,JP NIID Weekly,https://id-info.jihs.go.jp/en/surveillance/idwr/rapid/index.html,web,mixed,single_series,SER_JP_AMEBIASIS_WEEKLY,,legacy_gap_fill,32,0.0
disease,D165,amebiasis,Amebiasis,JP,Japan,D165,Amebiasis,阿米巴病,Parasitic,2017-04-09,2017-04,7,7.0,0,0.005509004901361661,wpp_computed,,2012-09-16,2026-07-25,2026-08-01T00:00:00+00:00,jp_weekly,JP NIID Weekly,https://id-info.jihs.go.jp/en/surveillance/idwr/rapid/index.html,web,jp_weekly,JP NIID Weekly,https://id-info.jihs.go.jp/en/surveillance/idwr/rapid/index.html,web,mixed,single_series,SER_JP_AMEBIASIS_WEEKLY,,legacy_gap_fill,32,0.0
disease,D165,amebiasis,Amebiasis,JP,Japan,D165,Amebiasis,阿米巴病,Parasitic,2017-04-16,2017-04,9,9.0,0,0.007083006301750707,wpp_computed,,2012-09-16,2026-07-25,2026-08-01T00:00:00+00:00,jp_weekly,JP NIID Weekly,https://id-info.jihs.go.jp/en/surveillance/idwr/rapid/index.html,web,jp_weekly,JP NIID Weekly,https://id-info.jihs.go.jp/en/surveillance/idwr/rapid/index.html,web,mixed,single_series,SER_JP_AMEBIASIS_WEEKLY,,legacy_gap_fill,32,0.0
disease,D165,amebiasis,Amebiasis,JP,Japan,D165,Amebiasis,阿米巴病,Parasitic,2017-04-23,2017-04,11,11.0,0,0.008657007702139752,wpp_computed,,2012-09-16,2026-07-25,2026-08-01T00:00:00+00:00,jp_weekly,JP NIID Weekly,https://id-info.jihs.go.jp/en/surveillance/idwr/rapid/index.html,web,jp_weekly,JP NIID Weekly,https://id-info.jihs.go.jp/en/surveillance/idwr/rapid/index.html,web,mixed,single_series,SER_JP_AMEBIASIS_WEEKLY,,legacy_gap_fill,32,0.0
disease,D165,amebiasis,Amebiasis,JP,Japan,D165,Amebiasis,阿米巴病,Parasitic,2017-04-30,2017-04,9,9.0,0,0.007083006301750707,wpp_computed,,2012-09-16,2026-07-25,2026-08-01T00:00:00+00:00,jp_weekly,JP NIID Weekly,https://id-info.jihs.go.jp/en/surveillance/idwr/rapid/index.html,web,jp_weekly,JP NIID Weekly,https://id-info.jihs.go.jp/en/surveillance/idwr/rapid/index.html,web,mixed,single_series,SER_JP_AMEBIASIS_WEEKLY,,legacy_gap_fill,32,0.0
disease,D165,amebiasis,Amebiasis,JP,Japan,D165,Amebiasis,阿米巴病,Parasitic,2017-05-07,2017-05,10,10.0,0,0.007870007001945229,wpp_computed,,2012-09-16,2026-07-25,2026-08-01T00:00:00+00:00,jp_weekly,JP NIID Weekly,https://id-info.jihs.go.jp/en/surveillance/idwr/rapid/index.html,web,jp_weekly,JP NIID Weekly,https://id-info.jihs.go.jp/en/surveillance/idwr/rapid/index.html,web,mixed,single_series,SER_JP_AMEBIASIS_WEEKLY,,legacy_gap_fill,32,0.0
disease,D165,amebiasis,Amebiasis,JP,Japan,D165,Amebiasis,阿米巴病,Parasitic,2017-05-14,2017-05,15,15.0,0,0.011805010502917844,wpp_computed,,2012-09-16,2026-07-25,2026-08-01T00:00:00+00:00,jp_weekly,JP NIID Weekly,https://id-info.jihs.go.jp/en/surveillance/idwr/rapid/index.html,web,jp_weekly,JP NIID Weekly,https://id-info.jihs.go.jp/en/surveillance/idwr/rapid/index.html,web,mixed,single_series,SER_JP_AMEBIASIS_WEEKLY,,legacy_gap_fill,32,0.0
disease,D165,amebiasis,Amebiasis,JP,Japan,D165,Amebiasis,阿米巴病,Parasitic,2017-05-21,2017-05,12,12.0,0,0.009444008402334276,wpp_computed,,2012-09-16,2026-07-25,2026-08-01T00:00:00+00:00,jp_weekly,JP NIID Weekly,https://id-info.jihs.go.jp/en/surveillance/idwr/rapid/index.html,web,jp_weekly,JP NIID Weekly,https://id-info.jihs.go.jp/en/surveillance/idwr/rapid/index.html,web,mixed,single_series,SER_JP_AMEBIASIS_WEEKLY,,legacy_gap_fill,32,0.0
disease,D165,amebiasis,Amebiasis,JP,Japan,D165,Amebiasis,阿米巴病,Parasitic,2017-05-28,2017-05,11,11.0,0,0.008657007702139752,wpp_computed,,2012-09-16,2026-07-25,2026-08-01T00:00:00+00:00,jp_weekly,JP NIID Weekly,https://id-info.jihs.go.jp/en/surveillance/idwr/rapid/index.html,web,jp_weekly,JP NIID Weekly,https://id-info.jihs.go.jp/en/surveillance/idwr/rapid/index.html,web,mixed,single_series,SER_JP_AMEBIASIS_WEEKLY,,legacy_gap_fill,32,0.0
disease,D165,amebiasis,Amebiasis,JP,Japan,D165,Amebiasis,阿米巴病,Parasitic,2017-06-04,2017-06,16,16.0,0,0.012592011203112369,wpp_computed,,2012-09-16,2026-07-25,2026-08-01T00:00:00+00:00,jp_weekly,JP NIID Weekly,https://id-info.jihs.go.jp/en/surveillance/idwr/rapid/index.html,web,jp_weekly,JP NIID Weekly,https://id-info.jihs.go.jp/en/surveillance/idwr/rapid/index.html,web,mixed,single_series,SER_JP_AMEBIASIS_WEEKLY,,legacy_gap_fill,32,0.0
disease,D165,amebiasis,Amebiasis,JP,Japan,D165,Amebiasis,阿米巴病,Parasitic,2017-06-11,2017-06,16,16.0,0,0.012592011203112369,wpp_computed,,2012-09-16,2026-07-25,2026-08-01T00:00:00+00:00,jp_weekly,JP NIID Weekly,https://id-info.jihs.go.jp/en/surveillance/idwr/rapid/index.html,web,jp_weekly,JP NIID Weekly,https://id-info.jihs.go.jp/en/surveillance/idwr/rapid/index.html,web,mixed,single_series,SER_JP_AMEBIASIS_WEEKLY,,legacy_gap_fill,32,0.0
disease,D165,amebiasis,Amebiasis,JP,Japan,D165,Amebiasis,阿米巴病,Parasitic,2017-06-18,2017-06,12,12.0,0,0.009444008402334276,wpp_computed,,2012-09-16,2026-07-25,2026-08-01T00:00:00+00:00,jp_weekly,JP NIID Weekly,https://id-info.jihs.go.jp/en/surveillance/idwr/rapid/index.html,web,jp_weekly,JP NIID Weekly,https://id-info.jihs.go.jp/en/surveillance/idwr/rapid/index.html,web,mixed,single_series,SER_JP_AMEBIASIS_WEEKLY,,legacy_gap_fill,32,0.0
disease,D165,amebiasis,Amebiasis,JP,Japan,D165,Amebiasis,阿米巴病,Parasitic,2017-06-25,2017-06,12,12.0,0,0.009444008402334276,wpp_computed,,2012-09-16,2026-07-25,2026-08-01T00:00:00+00:00,jp_weekly,JP NIID Weekly,https://id-info.jihs.go.jp/en/surveillance/idwr/rapid/index.html,web,jp_weekly,JP NIID Weekly,https://id-info.jihs.go.jp/en/surveillance/idwr/rapid/index.html,web,mixed,single_series,SER_JP_AMEBIASIS_WEEKLY,,legacy_gap_fill,32,0.0
disease,D165,amebiasis,Amebiasis,JP,Japan,D165,Amebiasis,阿米巴病,Parasitic,2017-07-02,2017-07,15,15.0,0,0.011805010502917844,wpp_computed,,2012-09-16,2026-07-25,2026-08-01T00:00:00+00:00,jp_weekly,JP NIID Weekly,https://id-info.jihs.go.jp/en/surveillance/idwr/rapid/index.html,web,jp_weekly,JP NIID Weekly,https://id-info.jihs.go.jp/en/surveillance/idwr/rapid/index.html,web,mixed,single_series,SER_JP_AMEBIASIS_WEEKLY,,legacy_gap_fill,32,0.0
disease,D165,amebiasis,Amebiasis,JP,Japan,D165,Amebiasis,阿米巴病,Parasitic,2017-07-09,2017-07,12,12.0,0,0.009444008402334276,wpp_computed,,2012-09-16,2026-07-25,2026-08-01T00:00:00+00:00,jp_weekly,JP NIID Weekly,https://id-info.jihs.go.jp/en/surveillance/idwr/rapid/index.html,web,jp_weekly,JP NIID Weekly,https://id-info.jihs.go.jp/en/surveillance/idwr/rapid/index.html,web,mixed,single_series,SER_JP_AMEBIASIS_WEEKLY,,legacy_gap_fill,32,0.0
disease,D165,amebiasis,Amebiasis,JP,Japan,D165,Amebiasis,阿米巴病,Parasitic,2017-07-16,2017-07,14,14.0,0,0.011018009802723322,wpp_computed,,2012-09-16,2026-07-25,2026-08-01T00:00:00+00:00,jp_weekly,JP NIID Weekly,https://id-info.jihs.go.jp/en/surveillance/idwr/rapid/index.html,web,jp_weekly,JP NIID Weekly,https://id-info.jihs.go.jp/en/surveillance/idwr/rapid/index.html,web,mixed,single_series,SER_JP_AMEBIASIS_WEEKLY,,legacy_gap_fill,32,0.0
disease,D165,amebiasis,Amebiasis,JP,Japan,D165,Amebiasis,阿米巴病,Parasitic,2017-07-23,2017-07,14,14.0,0,0.011018009802723322,wpp_computed,,2012-09-16,2026-07-25,2026-08-01T00:00:00+00:00,jp_weekly,JP NIID Weekly,https://id-info.jihs.go.jp/en/surveillance/idwr/rapid/index.html,web,jp_weekly,JP NIID Weekly,https://id-info.jihs.go.jp/en/surveillance/idwr/rapid/index.html,web,mixed,single_series,SER_JP_AMEBIASIS_WEEKLY,,legacy_gap_fill,32,0.0
disease,D165,amebiasis,Amebiasis,JP,Japan,D165,Amebiasis,阿米巴病,Parasitic,2017-07-30,2017-07,16,16.0,0,0.012592011203112369,wpp_computed,,2012-09-16,2026-07-25,2026-08-01T00:00:00+00:00,jp_weekly,JP NIID Weekly,https://id-info.jihs.go.jp/en/surveillance/idwr/rapid/index.html,web,jp_weekly,JP NIID Weekly,https://id-info.jihs.go.jp/en/surveillance/idwr/rapid/index.html,web,mixed,single_series,SER_JP_AMEBIASIS_WEEKLY,,legacy_gap_fill,32,0.0
disease,D165,amebiasis,Amebiasis,JP,Japan,D165,Amebiasis,阿米巴病,Parasitic,2017-08-06,2017-08,11,11.0,0,0.008657007702139752,wpp_computed,,2012-09-16,2026-07-25,2026-08-01T00:00:00+00:00,jp_weekly,JP NIID Weekly,https://id-info.jihs.go.jp/en/surveillance/idwr/rapid/index.html,web,jp_weekly,JP NIID Weekly,https://id-info.jihs.go.jp/en/surveillance/idwr/rapid/index.html,web,mixed,single_series,SER_JP_AMEBIASIS_WEEKLY,,legacy_gap_fill,32,0.0
disease,D165,amebiasis,Amebiasis,JP,Japan,D165,Amebiasis,阿米巴病,Parasitic,2017-08-13,2017-08,6,6.0,0,0.004722004201167138,wpp_computed,,2012-09-16,2026-07-25,2026-08-01T00:00:00+00:00,jp_weekly,JP NIID Weekly,https://id-info.jihs.go.jp/en/surveillance/idwr/rapid/index.html,web,jp_weekly,JP NIID Weekly,https://id-info.jihs.go.jp/en/surveillance/idwr/rapid/index.html,web,mixed,single_series,SER_JP_AMEBIASIS_WEEKLY,,legacy_gap_fill,32,0.0
disease,D165,amebiasis,Amebiasis,JP,Japan,D165,Amebiasis,阿米巴病,Parasitic,2017-08-20,2017-08,10,10.0,0,0.007870007001945229,wpp_computed,,2012-09-16,2026-07-25,2026-08-01T00:00:00+00:00,jp_weekly,JP NIID Weekly,https://id-info.jihs.go.jp/en/surveillance/idwr/rapid/index.html,web,jp_weekly,JP NIID Weekly,https://id-info.jihs.go.jp/en/surveillance/idwr/rapid/index.html,web,mixed,single_series,SER_JP_AMEBIASIS_WEEKLY,,legacy_gap_fill,32,0.0
disease,D165,amebiasis,Amebiasis,JP,Japan,D165,Amebiasis,阿米巴病,Parasitic,2017-08-27,2017-08,12,12.0,0,0.009444008402334276,wpp_computed,,2012-09-16,2026-07-25,2026-08-01T00:00:00+00:00,jp_weekly,JP NIID Weekly,https://id-info.jihs.go.jp/en/surveillance/idwr/rapid/index.html,web,jp_weekly,JP NIID Weekly,https://id-info.jihs.go.jp/en/surveillance/idwr/rapid/index.html,web,mixed,single_series,SER_JP_AMEBIASIS_WEEKLY,,legacy_gap_fill,32,0.0
disease,D165,amebiasis,Amebiasis,JP,Japan,D165,Amebiasis,阿米巴病,Parasitic,2017-09-03,2017-09,13,13.0,0,0.010231009102528799,wpp_computed,,2012-09-16,2026-07-25,2026-08-01T00:00:00+00:00,jp_weekly,JP NIID Weekly,https://id-info.jihs.go.jp/en/surveillance/idwr/rapid/index.html,web,jp_weekly,JP NIID Weekly,https://id-info.jihs.go.jp/en/surveillance/idwr/rapid/index.html,web,mixed,single_series,SER_JP_AMEBIASIS_WEEKLY,,legacy_gap_fill,32,0.0
disease,D165,amebiasis,Amebiasis,JP,Japan,D165,Amebiasis,阿米巴病,Parasitic,2017-09-10,2017-09,13,13.0,0,0.010231009102528799,wpp_computed,,2012-09-16,2026-07-25,2026-08-01T00:00:00+00:00,jp_weekly,JP NIID Weekly,https://id-info.jihs.go.jp/en/surveillance/idwr/rapid/index.html,web,jp_weekly,JP NIID Weekly,https://id-info.jihs.go.jp/en/surveillance/idwr/rapid/index.html,web,mixed,single_series,SER_JP_AMEBIASIS_WEEKLY,,legacy_gap_fill,32,0.0
disease,D165,amebiasis,Amebiasis,JP,Japan,D165,Amebiasis,阿米巴病,Parasitic,2017-09-17,2017-09,14,14.0,0,0.011018009802723322,wpp_computed,,2012-09-16,2026-07-25,2026-08-01T00:00:00+00:00,jp_weekly,JP NIID Weekly,https://id-info.jihs.go.jp/en/surveillance/idwr/rapid/index.html,web,jp_weekly,JP NIID Weekly,https://id-info.jihs.go.jp/en/surveillance/idwr/rapid/index.html,web,mixed,single_series,SER_JP_AMEBIASIS_WEEKLY,,legacy_gap_fill,32,0.0
disease,D165,amebiasis,Amebiasis,JP,Japan,D165,Amebiasis,阿米巴病,Parasitic,2017-09-24,2017-09,6,6.0,0,0.004722004201167138,wpp_computed,,2012-09-16,2026-07-25,2026-08-01T00:00:00+00:00,jp_weekly,JP NIID Weekly,https://id-info.jihs.go.jp/en/surveillance/idwr/rapid/index.html,web,jp_weekly,JP NIID Weekly,https://id-info.jihs.go.jp/en/surveillance/idwr/rapid/index.html,web,mixed,single_series,SER_JP_AMEBIASIS_WEEKLY,,legacy_gap_fill,32,0.0
disease,D165,amebiasis,Amebiasis,JP,Japan,D165,Amebiasis,阿米巴病,Parasitic,2017-10-01,2017-10,19,19.0,0,0.014953013303695936,wpp_computed,,2012-09-16,2026-07-25,2026-08-01T00:00:00+00:00,jp_weekly,JP NIID Weekly,https://id-info.jihs.go.jp/en/surveillance/idwr/rapid/index.html,web,jp_weekly,JP NIID Weekly,https://id-info.jihs.go.jp/en/surveillance/idwr/rapid/index.html,web,mixed,single_series,SER_JP_AMEBIASIS_WEEKLY,,legacy_gap_fill,32,0.0
disease,D165,amebiasis,Amebiasis,JP,Japan,D165,Amebiasis,阿米巴病,Parasitic,2017-10-08,2017-10,18,18.0,0,0.014166012603501414,wpp_computed,,2012-09-16,2026-07-25,2026-08-01T00:00:00+00:00,jp_weekly,JP NIID Weekly,https://id-info.jihs.go.jp/en/surveillance/idwr/rapid/index.html,web,jp_weekly,JP NIID Weekly,https://id-info.jihs.go.jp/en/surveillance/idwr/rapid/index.html,web,mixed,single_series,SER_JP_AMEBIASIS_WEEKLY,,legacy_gap_fill,32,0.0
disease,D165,amebiasis,Amebiasis,JP,Japan,D165,Amebiasis,阿米巴病,Parasitic,2017-10-15,2017-10,8,8.0,0,0.0062960056015561846,wpp_computed,,2012-09-16,2026-07-25,2026-08-01T00:00:00+00:00,jp_weekly,JP NIID Weekly,https://id-info.jihs.go.jp/en/surveillance/idwr/rapid/index.html,web,jp_weekly,JP NIID Weekly,https://id-info.jihs.go.jp/en/surveillance/idwr/rapid/index.html,web,mixed,single_series,SER_JP_AMEBIASIS_WEEKLY,,legacy_gap_fill,32,0.0
disease,D165,amebiasis,Amebiasis,JP,Japan,D165,Amebiasis,阿米巴病,Parasitic,2017-10-22,2017-10,12,12.0,0,0.009444008402334276,wpp_computed,,2012-09-16,2026-07-25,2026-08-01T00:00:00+00:00,jp_weekly,JP NIID Weekly,https://id-info.jihs.go.jp/en/surveillance/idwr/rapid/index.html,web,jp_weekly,JP NIID Weekly,https://id-info.jihs.go.jp/en/surveillance/idwr/rapid/index.html,web,mixed,single_series,SER_JP_AMEBIASIS_WEEKLY,,legacy_gap_fill,32,0.0
disease,D165,amebiasis,Amebiasis,JP,Japan,D165,Amebiasis,阿米巴病,Parasitic,2017-10-29,2017-10,16,16.0,0,0.012592011203112369,wpp_computed,,2012-09-16,2026-07-25,2026-08-01T00:00:00+00:00,jp_weekly,JP NIID Weekly,https://id-info.jihs.go.jp/en/surveillance/idwr/rapid/index.html,web,jp_weekly,JP NIID Weekly,https://id-info.jihs.go.jp/en/surveillance/idwr/rapid/index.html,web,mixed,single_series,SER_JP_AMEBIASIS_WEEKLY,,legacy_gap_fill,32,0.0
disease,D165,amebiasis,Amebiasis,JP,Japan,D165,Amebiasis,阿米巴病,Parasitic,2017-11-05,2017-11,12,12.0,0,0.009444008402334276,wpp_computed,,2012-09-16,2026-07-25,2026-08-01T00:00:00+00:00,jp_weekly,JP NIID Weekly,https://id-info.jihs.go.jp/en/surveillance/idwr/rapid/index.html,web,jp_weekly,JP NIID Weekly,https://id-info.jihs.go.jp/en/surveillance/idwr/rapid/index.html,web,mixed,single_series,SER_JP_AMEBIASIS_WEEKLY,,legacy_gap_fill,32,0.0
disease,D165,amebiasis,Amebiasis,JP,Japan,D165,Amebiasis,阿米巴病,Parasitic,2017-11-12,2017-11,17,17.0,0,0.013379011903306889,wpp_computed,,2012-09-16,2026-07-25,2026-08-01T00:00:00+00:00,jp_weekly,JP NIID Weekly,https://id-info.jihs.go.jp/en/surveillance/idwr/rapid/index.html,web,jp_weekly,JP NIID Weekly,https://id-info.jihs.go.jp/en/surveillance/idwr/rapid/index.html,web,mixed,single_series,SER_JP_AMEBIASIS_WEEKLY,,legacy_gap_fill,32,0.0
disease,D165,amebiasis,Amebiasis,JP,Japan,D165,Amebiasis,阿米巴病,Parasitic,2017-11-19,2017-11,14,14.0,0,0.011018009802723322,wpp_computed,,2012-09-16,2026-07-25,2026-08-01T00:00:00+00:00,jp_weekly,JP NIID Weekly,https://id-info.jihs.go.jp/en/surveillance/idwr/rapid/index.html,web,jp_weekly,JP NIID Weekly,https://id-info.jihs.go.jp/en/surveillance/idwr/rapid/index.html,web,mixed,single_series,SER_JP_AMEBIASIS_WEEKLY,,legacy_gap_fill,32,0.0
disease,D165,amebiasis,Amebiasis,JP,Japan,D165,Amebiasis,阿米巴病,Parasitic,2017-11-26,2017-11,9,9.0,0,0.007083006301750707,wpp_computed,,2012-09-16,2026-07-25,2026-08-01T00:00:00+00:00,jp_weekly,JP NIID Weekly,https://id-info.jihs.go.jp/en/surveillance/idwr/rapid/index.html,web,jp_weekly,JP NIID Weekly,https://id-info.jihs.go.jp/en/surveillance/idwr/rapid/index.html,web,mixed,single_series,SER_JP_AMEBIASIS_WEEKLY,,legacy_gap_fill,32,0.0
disease,D165,amebiasis,Amebiasis,JP,Japan,D165,Amebiasis,阿米巴病,Parasitic,2017-12-03,2017-12,10,10.0,0,0.007870007001945229,wpp_computed,,2012-09-16,2026-07-25,2026-08-01T00:00:00+00:00,jp_weekly,JP NIID Weekly,https://id-info.jihs.go.jp/en/surveillance/idwr/rapid/index.html,web,jp_weekly,JP NIID Weekly,https://id-info.jihs.go.jp/en/surveillance/idwr/rapid/index.html,web,mixed,single_series,SER_JP_AMEBIASIS_WEEKLY,,legacy_gap_fill,32,0.0
disease,D165,amebiasis,Amebiasis,JP,Japan,D165,Amebiasis,阿米巴病,Parasitic,2017-12-10,2017-12,18,18.0,0,0.014166012603501414,wpp_computed,,2012-09-16,2026-07-25,2026-08-01T00:00:00+00:00,jp_weekly,JP NIID Weekly,https://id-info.jihs.go.jp/en/surveillance/idwr/rapid/index.html,web,jp_weekly,JP NIID Weekly,https://id-info.jihs.go.jp/en/surveillance/idwr/rapid/index.html,web,mixed,single_series,SER_JP_AMEBIASIS_WEEKLY,,legacy_gap_fill,32,0.0
disease,D165,amebiasis,Amebiasis,JP,Japan,D165,Amebiasis,阿米巴病,Parasitic,2017-12-17,2017-12,18,18.0,0,0.014166012603501414,wpp_computed,,2012-09-16,2026-07-25,2026-08-01T00:00:00+00:00,jp_weekly,JP NIID Weekly,https://id-info.jihs.go.jp/en/surveillance/idwr/rapid/index.html,web,jp_weekly,JP NIID Weekly,https://id-info.jihs.go.jp/en/surveillance/idwr/rapid/index.html,web,mixed,single_series,SER_JP_AMEBIASIS_WEEKLY,,legacy_gap_fill,32,0.0
disease,D165,amebiasis,Amebiasis,JP,Japan,D165,Amebiasis,阿米巴病,Parasitic,2017-12-24,2017-12,10,10.0,0,0.007870007001945229,wpp_computed,,2012-09-16,2026-07-25,2026-08-01T00:00:00+00:00,jp_weekly,JP NIID Weekly,https://id-info.jihs.go.jp/en/surveillance/idwr/rapid/index.html,web,jp_weekly,JP NIID Weekly,https://id-info.jihs.go.jp/en/surveillance/idwr/rapid/index.html,web,mixed,single_series,SER_JP_AMEBIASIS_WEEKLY,,legacy_gap_fill,32,0.0
disease,D165,amebiasis,Amebiasis,JP,Japan,D165,Amebiasis,阿米巴病,Parasitic,2017-12-31,2017-12,16,16.0,0,0.012592011203112369,wpp_computed,,2012-09-16,2026-07-25,2026-08-01T00:00:00+00:00,jp_weekly,JP NIID Weekly,https://id-info.jihs.go.jp/en/surveillance/idwr/rapid/index.html,web,jp_weekly,JP NIID Weekly,https://id-info.jihs.go.jp/en/surveillance/idwr/rapid/index.html,web,mixed,single_series,SER_JP_AMEBIASIS_WEEKLY,,legacy_gap_fill,32,0.0
disease,D165,amebiasis,Amebiasis,JP,Japan,D165,Amebiasis,阿米巴病,Parasitic,2018-01-07,2018-01,1,1.0,0,0.0007879386604723656,wpp_computed,,2012-09-16,2026-07-25,2026-08-01T00:00:00+00:00,jp_weekly,JP NIID Weekly,https://id-info.jihs.go.jp/en/surveillance/idwr/rapid/index.html,web,jp_weekly,JP NIID Weekly,https://id-info.jihs.go.jp/en/surveillance/idwr/rapid/index.html,web,mixed,single_series,SER_JP_AMEBIASIS_WEEKLY,,legacy_gap_fill,32,0.0
disease,D165,amebiasis,Amebiasis,JP,Japan,D165,Amebiasis,阿米巴病,Parasitic,2018-01-14,2018-01,8,8.0,0,0.0063035092837789245,wpp_computed,,2012-09-16,2026-07-25,2026-08-01T00:00:00+00:00,jp_weekly,JP NIID Weekly,https://id-info.jihs.go.jp/en/surveillance/idwr/rapid/index.html,web,jp_weekly,JP NIID Weekly,https://id-info.jihs.go.jp/en/surveillance/idwr/rapid/index.html,web,mixed,single_series,SER_JP_AMEBIASIS_WEEKLY,,legacy_gap_fill,32,0.0
disease,D165,amebiasis,Amebiasis,JP,Japan,D165,Amebiasis,阿米巴病,Parasitic,2018-01-21,2018-01,11,11.0,0,0.008667325265196023,wpp_computed,,2012-09-16,2026-07-25,2026-08-01T00:00:00+00:00,jp_weekly,JP NIID Weekly,https://id-info.jihs.go.jp/en/surveillance/idwr/rapid/index.html,web,jp_weekly,JP NIID Weekly,https://id-info.jihs.go.jp/en/surveillance/idwr/rapid/index.html,web,mixed,single_series,SER_JP_AMEBIASIS_WEEKLY,,legacy_gap_fill,32,0.0
disease,D165,amebiasis,Amebiasis,JP,Japan,D165,Amebiasis,阿米巴病,Parasitic,2018-01-28,2018-01,9,9.0,0,0.007091447944251291,wpp_computed,,2012-09-16,2026-07-25,2026-08-01T00:00:00+00:00,jp_weekly,JP NIID Weekly,https://id-info.jihs.go.jp/en/surveillance/idwr/rapid/index.html,web,jp_weekly,JP NIID Weekly,https://id-info.jihs.go.jp/en/surveillance/idwr/rapid/index.html,web,mixed,single_series,SER_JP_AMEBIASIS_WEEKLY,,legacy_gap_fill,32,0.0
disease,D165,amebiasis,Amebiasis,JP,Japan,D165,Amebiasis,阿米巴病,Parasitic,2018-02-04,2018-02,6,6.0,0,0.004727631962834195,wpp_computed,,2012-09-16,2026-07-25,2026-08-01T00:00:00+00:00,jp_weekly,JP NIID Weekly,https://id-info.jihs.go.jp/en/surveillance/idwr/rapid/index.html,web,jp_weekly,JP NIID Weekly,https://id-info.jihs.go.jp/en/surveillance/idwr/rapid/index.html,web,mixed,single_series,SER_JP_AMEBIASIS_WEEKLY,,legacy_gap_fill,32,0.0
disease,D165,amebiasis,Amebiasis,JP,Japan,D165,Amebiasis,阿米巴病,Parasitic,2018-02-11,2018-02,13,13.0,0,0.010243202586140754,wpp_computed,,2012-09-16,2026-07-25,2026-08-01T00:00:00+00:00,jp_weekly,JP NIID Weekly,https://id-info.jihs.go.jp/en/surveillance/idwr/rapid/index.html,web,jp_weekly,JP NIID Weekly,https://id-info.jihs.go.jp/en/surveillance/idwr/rapid/index.html,web,mixed,single_series,SER_JP_AMEBIASIS_WEEKLY,,legacy_gap_fill,32,0.0
disease,D165,amebiasis,Amebiasis,JP,Japan,D165,Amebiasis,阿米巴病,Parasitic,2018-02-18,2018-02,8,8.0,0,0.0063035092837789245,wpp_computed,,2012-09-16,2026-07-25,2026-08-01T00:00:00+00:00,jp_weekly,JP NIID Weekly,https://id-info.jihs.go.jp/en/surveillance/idwr/rapid/index.html,web,jp_weekly,JP NIID Weekly,https://id-info.jihs.go.jp/en/surveillance/idwr/rapid/index.html,web,mixed,single_series,SER_JP_AMEBIASIS_WEEKLY,,legacy_gap_fill,32,0.0
disease,D165,amebiasis,Amebiasis,JP,Japan,D165,Amebiasis,阿米巴病,Parasitic,2018-02-25,2018-02,7,7.0,0,0.005515570623306559,wpp_computed,,2012-09-16,2026-07-25,2026-08-01T00:00:00+00:00,jp_weekly,JP NIID Weekly,https://id-info.jihs.go.jp/en/surveillance/idwr/rapid/index.html,web,jp_weekly,JP NIID Weekly,https://id-info.jihs.go.jp/en/surveillance/idwr/rapid/index.html,web,mixed,single_series,SER_JP_AMEBIASIS_WEEKLY,,legacy_gap_fill,32,0.0
disease,D165,amebiasis,Amebiasis,JP,Japan,D165,Amebiasis,阿米巴病,Parasitic,2018-03-04,2018-03,10,10.0,0,0.007879386604723657,wpp_computed,,2012-09-16,2026-07-25,2026-08-01T00:00:00+00:00,jp_weekly,JP NIID Weekly,https://id-info.jihs.go.jp/en/surveillance/idwr/rapid/index.html,web,jp_weekly,JP NIID Weekly,https://id-info.jihs.go.jp/en/surveillance/idwr/rapid/index.html,web,mixed,single_series,SER_JP_AMEBIASIS_WEEKLY,,legacy_gap_fill,32,0.0
disease,D165,amebiasis,Amebiasis,JP,Japan,D165,Amebiasis,阿米巴病,Parasitic,2018-03-11,2018-03,8,8.0,0,0.0063035092837789245,wpp_computed,,2012-09-16,2026-07-25,2026-08-01T00:00:00+00:00,jp_weekly,JP NIID Weekly,https://id-info.jihs.go.jp/en/surveillance/idwr/rapid/index.html,web,jp_weekly,JP NIID Weekly,https://id-info.jihs.go.jp/en/surveillance/idwr/rapid/index.html,web,mixed,single_series,SER_JP_AMEBIASIS_WEEKLY,,legacy_gap_fill,32,0.0
disease,D165,amebiasis,Amebiasis,JP,Japan,D165,Amebiasis,阿米巴病,Parasitic,2018-03-18,2018-03,8,8.0,0,0.0063035092837789245,wpp_computed,,2012-09-16,2026-07-25,2026-08-01T00:00:00+00:00,jp_weekly,JP NIID Weekly,https://id-info.jihs.go.jp/en/surveillance/idwr/rapid/index.html,web,jp_weekly,JP NIID Weekly,https://id-info.jihs.go.jp/en/surveillance/idwr/rapid/index.html,web,mixed,single_series,SER_JP_AMEBIASIS_WEEKLY,,legacy_gap_fill,32,0.0
disease,D165,amebiasis,Amebiasis,JP,Japan,D165,Amebiasis,阿米巴病,Parasitic,2018-03-25,2018-03,10,10.0,0,0.007879386604723657,wpp_computed,,2012-09-16,2026-07-25,2026-08-01T00:00:00+00:00,jp_weekly,JP NIID Weekly,https://id-info.jihs.go.jp/en/surveillance/idwr/rapid/index.html,web,jp_weekly,JP NIID Weekly,https://id-info.jihs.go.jp/en/surveillance/idwr/rapid/index.html,web,mixed,single_series,SER_JP_AMEBIASIS_WEEKLY,,legacy_gap_fill,32,0.0
disease,D165,amebiasis,Amebiasis,JP,Japan,D165,Amebiasis,阿米巴病,Parasitic,2018-04-01,2018-04,15,15.0,0,0.011819079907085485,wpp_computed,,2012-09-16,2026-07-25,2026-08-01T00:00:00+00:00,jp_weekly,JP NIID Weekly,https://id-info.jihs.go.jp/en/surveillance/idwr/rapid/index.html,web,jp_weekly,JP NIID Weekly,https://id-info.jihs.go.jp/en/surveillance/idwr/rapid/index.html,web,mixed,single_series,SER_JP_AMEBIASIS_WEEKLY,,legacy_gap_fill,32,0.0
disease,D165,amebiasis,Amebiasis,JP,Japan,D165,Amebiasis,阿米巴病,Parasitic,2018-04-08,2018-04,8,8.0,0,0.0063035092837789245,wpp_computed,,2012-09-16,2026-07-25,2026-08-01T00:00:00+00:00,jp_weekly,JP NIID Weekly,https://id-info.jihs.go.jp/en/surveillance/idwr/rapid/index.html,web,jp_weekly,JP NIID Weekly,https://id-info.jihs.go.jp/en/surveillance/idwr/rapid/index.html,web,mixed,single_series,SER_JP_AMEBIASIS_WEEKLY,,legacy_gap_fill,32,0.0
disease,D165,amebiasis,Amebiasis,JP,Japan,D165,Amebiasis,阿米巴病,Parasitic,2018-04-15,2018-04,10,10.0,0,0.007879386604723657,wpp_computed,,2012-09-16,2026-07-25,2026-08-01T00:00:00+00:00,jp_weekly,JP NIID Weekly,https://id-info.jihs.go.jp/en/surveillance/idwr/rapid/index.html,web,jp_weekly,JP NIID Weekly,https://id-info.jihs.go.jp/en/surveillance/idwr/rapid/index.html,web,mixed,single_series,SER_JP_AMEBIASIS_WEEKLY,,legacy_gap_fill,32,0.0
disease,D165,amebiasis,Amebiasis,JP,Japan,D165,Amebiasis,阿米巴病,Parasitic,2018-04-22,2018-04,7,7.0,0,0.005515570623306559,wpp_computed,,2012-09-16,2026-07-25,2026-08-01T00:00:00+00:00,jp_weekly,JP NIID Weekly,https://id-info.jihs.go.jp/en/surveillance/idwr/rapid/index.html,web,jp_weekly,JP NIID Weekly,https://id-info.jihs.go.jp/en/surveillance/idwr/rapid/index.html,web,mixed,single_series,SER_JP_AMEBIASIS_WEEKLY,,legacy_gap_fill,32,0.0
disease,D165,amebiasis,Amebiasis,JP,Japan,D165,Amebiasis,阿米巴病,Parasitic,2018-04-29,2018-04,10,10.0,0,0.007879386604723657,wpp_computed,,2012-09-16,2026-07-25,2026-08-01T00:00:00+00:00,jp_weekly,JP NIID Weekly,https://id-info.jihs.go.jp/en/surveillance/idwr/rapid/index.html,web,jp_weekly,JP NIID Weekly,https://id-info.jihs.go.jp/en/surveillance/idwr/rapid/index.html,web,mixed,single_series,SER_JP_AMEBIASIS_WEEKLY,,legacy_gap_fill,32,0.0
disease,D165,amebiasis,Amebiasis,JP,Japan,D165,Amebiasis,阿米巴病,Parasitic,2018-05-06,2018-05,6,6.0,0,0.004727631962834195,wpp_computed,,2012-09-16,2026-07-25,2026-08-01T00:00:00+00:00,jp_weekly,JP NIID Weekly,https://id-info.jihs.go.jp/en/surveillance/idwr/rapid/index.html,web,jp_weekly,JP NIID Weekly,https://id-info.jihs.go.jp/en/surveillance/idwr/rapid/index.html,web,mixed,single_series,SER_JP_AMEBIASIS_WEEKLY,,legacy_gap_fill,32,0.0
disease,D165,amebiasis,Amebiasis,JP,Japan,D165,Amebiasis,阿米巴病,Parasitic,2018-05-13,2018-05,13,13.0,0,0.010243202586140754,wpp_computed,,2012-09-16,2026-07-25,2026-08-01T00:00:00+00:00,jp_weekly,JP NIID Weekly,https://id-info.jihs.go.jp/en/surveillance/idwr/rapid/index.html,web,jp_weekly,JP NIID Weekly,https://id-info.jihs.go.jp/en/surveillance/idwr/rapid/index.html,web,mixed,single_series,SER_JP_AMEBIASIS_WEEKLY,,legacy_gap_fill,32,0.0
disease,D165,amebiasis,Amebiasis,JP,Japan,D165,Amebiasis,阿米巴病,Parasitic,2018-05-20,2018-05,15,15.0,0,0.011819079907085485,wpp_computed,,2012-09-16,2026-07-25,2026-08-01T00:00:00+00:00,jp_weekly,JP NIID Weekly,https://id-info.jihs.go.jp/en/surveillance/idwr/rapid/index.html,web,jp_weekly,JP NIID Weekly,https://id-info.jihs.go.jp/en/surveillance/idwr/rapid/index.html,web,mixed,single_series,SER_JP_AMEBIASIS_WEEKLY,,legacy_gap_fill,32,0.0
disease,D165,amebiasis,Amebiasis,JP,Japan,D165,Amebiasis,阿米巴病,Parasitic,2018-05-27,2018-05,11,11.0,0,0.008667325265196023,wpp_computed,,2012-09-16,2026-07-25,2026-08-01T00:00:00+00:00,jp_weekly,JP NIID Weekly,https://id-info.jihs.go.jp/en/surveillance/idwr/rapid/index.html,web,jp_weekly,JP NIID Weekly,https://id-info.jihs.go.jp/en/surveillance/idwr/rapid/index.html,web,mixed,single_series,SER_JP_AMEBIASIS_WEEKLY,,legacy_gap_fill,32,0.0
disease,D165,amebiasis,Amebiasis,JP,Japan,D165,Amebiasis,阿米巴病,Parasitic,2018-06-03,2018-06,9,9.0,0,0.007091447944251291,wpp_computed,,2012-09-16,2026-07-25,2026-08-01T00:00:00+00:00,jp_weekly,JP NIID Weekly,https://id-info.jihs.go.jp/en/surveillance/idwr/rapid/index.html,web,jp_weekly,JP NIID Weekly,https://id-info.jihs.go.jp/en/surveillance/idwr/rapid/index.html,web,mixed,single_series,SER_JP_AMEBIASIS_WEEKLY,,legacy_gap_fill,32,0.0
disease,D165,amebiasis,Amebiasis,JP,Japan,D165,Amebiasis,阿米巴病,Parasitic,2018-06-10,2018-06,12,12.0,0,0.00945526392566839,wpp_computed,,2012-09-16,2026-07-25,2026-08-01T00:00:00+00:00,jp_weekly,JP NIID Weekly,https://id-info.jihs.go.jp/en/surveillance/idwr/rapid/index.html,web,jp_weekly,JP NIID Weekly,https://id-info.jihs.go.jp/en/surveillance/idwr/rapid/index.html,web,mixed,single_series,SER_JP_AMEBIASIS_WEEKLY,,legacy_gap_fill,32,0.0
disease,D165,amebiasis,Amebiasis,JP,Japan,D165,Amebiasis,阿米巴病,Parasitic,2018-06-17,2018-06,9,9.0,0,0.007091447944251291,wpp_computed,,2012-09-16,2026-07-25,2026-08-01T00:00:00+00:00,jp_weekly,JP NIID Weekly,https://id-info.jihs.go.jp/en/surveillance/idwr/rapid/index.html,web,jp_weekly,JP NIID Weekly,https://id-info.jihs.go.jp/en/surveillance/idwr/rapid/index.html,web,mixed,single_series,SER_JP_AMEBIASIS_WEEKLY,,legacy_gap_fill,32,0.0
disease,D165,amebiasis,Amebiasis,JP,Japan,D165,Amebiasis,阿米巴病,Parasitic,2018-06-24,2018-06,6,6.0,0,0.004727631962834195,wpp_computed,,2012-09-16,2026-07-25,2026-08-01T00:00:00+00:00,jp_weekly,JP NIID Weekly,https://id-info.jihs.go.jp/en/surveillance/idwr/rapid/index.html,web,jp_weekly,JP NIID Weekly,https://id-info.jihs.go.jp/en/surveillance/idwr/rapid/index.html,web,mixed,single_series,SER_JP_AMEBIASIS_WEEKLY,,legacy_gap_fill,32,0.0
disease,D165,amebiasis,Amebiasis,JP,Japan,D165,Amebiasis,阿米巴病,Parasitic,2018-07-01,2018-07,17,17.0,0,0.013394957228030217,wpp_computed,,2012-09-16,2026-07-25,2026-08-01T00:00:00+00:00,jp_weekly,JP NIID Weekly,https://id-info.jihs.go.jp/en/surveillance/idwr/rapid/index.html,web,jp_weekly,JP NIID Weekly,https://id-info.jihs.go.jp/en/surveillance/idwr/rapid/index.html,web,mixed,single_series,SER_JP_AMEBIASIS_WEEKLY,,legacy_gap_fill,32,0.0
disease,D165,amebiasis,Amebiasis,JP,Japan,D165,Amebiasis,阿米巴病,Parasitic,2018-07-08,2018-07,15,15.0,0,0.011819079907085485,wpp_computed,,2012-09-16,2026-07-25,2026-08-01T00:00:00+00:00,jp_weekly,JP NIID Weekly,https://id-info.jihs.go.jp/en/surveillance/idwr/rapid/index.html,web,jp_weekly,JP NIID Weekly,https://id-info.jihs.go.jp/en/surveillance/idwr/rapid/index.html,web,mixed,single_series,SER_JP_AMEBIASIS_WEEKLY,,legacy_gap_fill,32,0.0
disease,D165,amebiasis,Amebiasis,JP,Japan,D165,Amebiasis,阿米巴病,Parasitic,2018-07-15,2018-07,10,10.0,0,0.007879386604723657,wpp_computed,,2012-09-16,2026-07-25,2026-08-01T00:00:00+00:00,jp_weekly,JP NIID Weekly,https://id-info.jihs.go.jp/en/surveillance/idwr/rapid/index.html,web,jp_weekly,JP NIID Weekly,https://id-info.jihs.go.jp/en/surveillance/idwr/rapid/index.html,web,mixed,single_series,SER_JP_AMEBIASIS_WEEKLY,,legacy_gap_fill,32,0.0
disease,D165,amebiasis,Amebiasis,JP,Japan,D165,Amebiasis,阿米巴病,Parasitic,2018-07-22,2018-07,10,10.0,0,0.007879386604723657,wpp_computed,,2012-09-16,2026-07-25,2026-08-01T00:00:00+00:00,jp_weekly,JP NIID Weekly,https://id-info.jihs.go.jp/en/surveillance/idwr/rapid/index.html,web,jp_weekly,JP NIID Weekly,https://id-info.jihs.go.jp/en/surveillance/idwr/rapid/index.html,web,mixed,single_series,SER_JP_AMEBIASIS_WEEKLY,,legacy_gap_fill,32,0.0
disease,D165,amebiasis,Amebiasis,JP,Japan,D165,Amebiasis,阿米巴病,Parasitic,2018-07-29,2018-07,8,8.0,0,0.0063035092837789245,wpp_computed,,2012-09-16,2026-07-25,2026-08-01T00:00:00+00:00,jp_weekly,JP NIID Weekly,https://id-info.jihs.go.jp/en/surveillance/idwr/rapid/index.html,web,jp_weekly,JP NIID Weekly,https://id-info.jihs.go.jp/en/surveillance/idwr/rapid/index.html,web,mixed,single_series,SER_JP_AMEBIASIS_WEEKLY,,legacy_gap_fill,32,0.0
disease,D165,amebiasis,Amebiasis,JP,Japan,D165,Amebiasis,阿米巴病,Parasitic,2018-08-05,2018-08,4,4.0,0,0.0031517546418894623,wpp_computed,,2012-09-16,2026-07-25,2026-08-01T00:00:00+00:00,jp_weekly,JP NIID Weekly,https://id-info.jihs.go.jp/en/surveillance/idwr/rapid/index.html,web,jp_weekly,JP NIID Weekly,https://id-info.jihs.go.jp/en/surveillance/idwr/rapid/index.html,web,mixed,single_series,SER_JP_AMEBIASIS_WEEKLY,,legacy_gap_fill,32,0.0
disease,D165,amebiasis,Amebiasis,JP,Japan,D165,Amebiasis,阿米巴病,Parasitic,2018-08-12,2018-08,7,7.0,0,0.005515570623306559,wpp_computed,,2012-09-16,2026-07-25,2026-08-01T00:00:00+00:00,jp_weekly,JP NIID Weekly,https://id-info.jihs.go.jp/en/surveillance/idwr/rapid/index.html,web,jp_weekly,JP NIID Weekly,https://id-info.jihs.go.jp/en/surveillance/idwr/rapid/index.html,web,mixed,single_series,SER_JP_AMEBIASIS_WEEKLY,,legacy_gap_fill,32,0.0
disease,D165,amebiasis,Amebiasis,JP,Japan,D165,Amebiasis,阿米巴病,Parasitic,2018-08-19,2018-08,13,13.0,0,0.010243202586140754,wpp_computed,,2012-09-16,2026-07-25,2026-08-01T00:00:00+00:00,jp_weekly,JP NIID Weekly,https://id-info.jihs.go.jp/en/surveillance/idwr/rapid/index.html,web,jp_weekly,JP NIID Weekly,https://id-info.jihs.go.jp/en/surveillance/idwr/rapid/index.html,web,mixed,single_series,SER_JP_AMEBIASIS_WEEKLY,,legacy_gap_fill,32,0.0
disease,D165,amebiasis,Amebiasis,JP,Japan,D165,Amebiasis,阿米巴病,Parasitic,2018-08-26,2018-08,11,11.0,0,0.008667325265196023,wpp_computed,,2012-09-16,2026-07-25,2026-08-01T00:00:00+00:00,jp_weekly,JP NIID Weekly,https://id-info.jihs.go.jp/en/surveillance/idwr/rapid/index.html,web,jp_weekly,JP NIID Weekly,https://id-info.jihs.go.jp/en/surveillance/idwr/rapid/index.html,web,mixed,single_series,SER_JP_AMEBIASIS_WEEKLY,,legacy_gap_fill,32,0.0
disease,D165,amebiasis,Amebiasis,JP,Japan,D165,Amebiasis,阿米巴病,Parasitic,2018-09-02,2018-09,15,15.0,0,0.011819079907085485,wpp_computed,,2012-09-16,2026-07-25,2026-08-01T00:00:00+00:00,jp_weekly,JP NIID Weekly,https://id-info.jihs.go.jp/en/surveillance/idwr/rapid/index.html,web,jp_weekly,JP NIID Weekly,https://id-info.jihs.go.jp/en/surveillance/idwr/rapid/index.html,web,mixed,single_series,SER_JP_AMEBIASIS_WEEKLY,,legacy_gap_fill,32,0.0
disease,D165,amebiasis,Amebiasis,JP,Japan,D165,Amebiasis,阿米巴病,Parasitic,2018-09-09,2018-09,3,3.0,0,0.0023638159814170973,wpp_computed,,2012-09-16,2026-07-25,2026-08-01T00:00:00+00:00,jp_weekly,JP NIID Weekly,https://id-info.jihs.go.jp/en/surveillance/idwr/rapid/index.html,web,jp_weekly,JP NIID Weekly,https://id-info.jihs.go.jp/en/surveillance/idwr/rapid/index.html,web,mixed,single_series,SER_JP_AMEBIASIS_WEEKLY,,legacy_gap_fill,32,0.0
disease,D165,amebiasis,Amebiasis,JP,Japan,D165,Amebiasis,阿米巴病,Parasitic,2018-09-16,2018-09,8,8.0,0,0.0063035092837789245,wpp_computed,,2012-09-16,2026-07-25,2026-08-01T00:00:00+00:00,jp_weekly,JP NIID Weekly,https://id-info.jihs.go.jp/en/surveillance/idwr/rapid/index.html,web,jp_weekly,JP NIID Weekly,https://id-info.jihs.go.jp/en/surveillance/idwr/rapid/index.html,web,mixed,single_series,SER_JP_AMEBIASIS_WEEKLY,,legacy_gap_fill,32,0.0
disease,D165,amebiasis,Amebiasis,JP,Japan,D165,Amebiasis,阿米巴病,Parasitic,2018-09-23,2018-09,9,9.0,0,0.007091447944251291,wpp_computed,,2012-09-16,2026-07-25,2026-08-01T00:00:00+00:00,jp_weekly,JP NIID Weekly,https://id-info.jihs.go.jp/en/surveillance/idwr/rapid/index.html,web,jp_weekly,JP NIID Weekly,https://id-info.jihs.go.jp/en/surveillance/idwr/rapid/index.html,web,mixed,single_series,SER_JP_AMEBIASIS_WEEKLY,,legacy_gap_fill,32,0.0
disease,D165,amebiasis,Amebiasis,JP,Japan,D165,Amebiasis,阿米巴病,Parasitic,2018-09-30,2018-09,12,12.0,0,0.00945526392566839,wpp_computed,,2012-09-16,2026-07-25,2026-08-01T00:00:00+00:00,jp_weekly,JP NIID Weekly,https://id-info.jihs.go.jp/en/surveillance/idwr/rapid/index.html,web,jp_weekly,JP NIID Weekly,https://id-info.jihs.go.jp/en/surveillance/idwr/rapid/index.html,web,mixed,single_series,SER_JP_AMEBIASIS_WEEKLY,,legacy_gap_fill,32,0.0
disease,D165,amebiasis,Amebiasis,JP,Japan,D165,Amebiasis,阿米巴病,Parasitic,2018-10-07,2018-10,9,9.0,0,0.007091447944251291,wpp_computed,,2012-09-16,2026-07-25,2026-08-01T00:00:00+00:00,jp_weekly,JP NIID Weekly,https://id-info.jihs.go.jp/en/surveillance/idwr/rapid/index.html,web,jp_weekly,JP NIID Weekly,https://id-info.jihs.go.jp/en/surveillance/idwr/rapid/index.html,web,mixed,single_series,SER_JP_AMEBIASIS_WEEKLY,,legacy_gap_fill,32,0.0
disease,D165,amebiasis,Amebiasis,JP,Japan,D165,Amebiasis,阿米巴病,Parasitic,2018-10-14,2018-10,7,7.0,0,0.005515570623306559,wpp_computed,,2012-09-16,2026-07-25,2026-08-01T00:00:00+00:00,jp_weekly,JP NIID Weekly,https://id-info.jihs.go.jp/en/surveillance/idwr/rapid/index.html,web,jp_weekly,JP NIID Weekly,https://id-info.jihs.go.jp/en/surveillance/idwr/rapid/index.html,web,mixed,single_series,SER_JP_AMEBIASIS_WEEKLY,,legacy_gap_fill,32,0.0
disease,D165,amebiasis,Amebiasis,JP,Japan,D165,Amebiasis,阿米巴病,Parasitic,2018-10-21,2018-10,13,13.0,0,0.010243202586140754,wpp_computed,,2012-09-16,2026-07-25,2026-08-01T00:00:00+00:00,jp_weekly,JP NIID Weekly,https://id-info.jihs.go.jp/en/surveillance/idwr/rapid/index.html,web,jp_weekly,JP NIID Weekly,https://id-info.jihs.go.jp/en/surveillance/idwr/rapid/index.html,web,mixed,single_series,SER_JP_AMEBIASIS_WEEKLY,,legacy_gap_fill,32,0.0
disease,D165,amebiasis,Amebiasis,JP,Japan,D165,Amebiasis,阿米巴病,Parasitic,2018-10-28,2018-10,15,15.0,0,0.011819079907085485,wpp_computed,,2012-09-16,2026-07-25,2026-08-01T00:00:00+00:00,jp_weekly,JP NIID Weekly,https://id-info.jihs.go.jp/en/surveillance/idwr/rapid/index.html,web,jp_weekly,JP NIID Weekly,https://id-info.jihs.go.jp/en/surveillance/idwr/rapid/index.html,web,mixed,single_series,SER_JP_AMEBIASIS_WEEKLY,,legacy_gap_fill,32,0.0
disease,D165,amebiasis,Amebiasis,JP,Japan,D165,Amebiasis,阿米巴病,Parasitic,2018-11-04,2018-11,5,5.0,0,0.0039396933023618285,wpp_computed,,2012-09-16,2026-07-25,2026-08-01T00:00:00+00:00,jp_weekly,JP NIID Weekly,https://id-info.jihs.go.jp/en/surveillance/idwr/rapid/index.html,web,jp_weekly,JP NIID Weekly,https://id-info.jihs.go.jp/en/surveillance/idwr/rapid/index.html,web,mixed,single_series,SER_JP_AMEBIASIS_WEEKLY,,legacy_gap_fill,32,0.0
disease,D165,amebiasis,Amebiasis,JP,Japan,D165,Amebiasis,阿米巴病,Parasitic,2018-11-11,2018-11,6,6.0,0,0.004727631962834195,wpp_computed,,2012-09-16,2026-07-25,2026-08-01T00:00:00+00:00,jp_weekly,JP NIID Weekly,https://id-info.jihs.go.jp/en/surveillance/idwr/rapid/index.html,web,jp_weekly,JP NIID Weekly,https://id-info.jihs.go.jp/en/surveillance/idwr/rapid/index.html,web,mixed,single_series,SER_JP_AMEBIASIS_WEEKLY,,legacy_gap_fill,32,0.0
disease,D165,amebiasis,Amebiasis,JP,Japan,D165,Amebiasis,阿米巴病,Parasitic,2018-11-18,2018-11,8,8.0,0,0.0063035092837789245,wpp_computed,,2012-09-16,2026-07-25,2026-08-01T00:00:00+00:00,jp_weekly,JP NIID Weekly,https://id-info.jihs.go.jp/en/surveillance/idwr/rapid/index.html,web,jp_weekly,JP NIID Weekly,https://id-info.jihs.go.jp/en/surveillance/idwr/rapid/index.html,web,mixed,single_series,SER_JP_AMEBIASIS_WEEKLY,,legacy_gap_fill,32,0.0
disease,D165,amebiasis,Amebiasis,JP,Japan,D165,Amebiasis,阿米巴病,Parasitic,2018-11-25,2018-11,9,9.0,0,0.007091447944251291,wpp_computed,,2012-09-16,2026-07-25,2026-08-01T00:00:00+00:00,jp_weekly,JP NIID Weekly,https://id-info.jihs.go.jp/en/surveillance/idwr/rapid/index.html,web,jp_weekly,JP NIID Weekly,https://id-info.jihs.go.jp/en/surveillance/idwr/rapid/index.html,web,mixed,single_series,SER_JP_AMEBIASIS_WEEKLY,,legacy_gap_fill,32,0.0
disease,D165,amebiasis,Amebiasis,JP,Japan,D165,Amebiasis,阿米巴病,Parasitic,2018-12-02,2018-12,8,8.0,0,0.0063035092837789245,wpp_computed,,2012-09-16,2026-07-25,2026-08-01T00:00:00+00:00,jp_weekly,JP NIID Weekly,https://id-info.jihs.go.jp/en/surveillance/idwr/rapid/index.html,web,jp_weekly,JP NIID Weekly,https://id-info.jihs.go.jp/en/surveillance/idwr/rapid/index.html,web,mixed,single_series,SER_JP_AMEBIASIS_WEEKLY,,legacy_gap_fill,32,0.0
disease,D165,amebiasis,Amebiasis,JP,Japan,D165,Amebiasis,阿米巴病,Parasitic,2018-12-09,2018-12,14,14.0,0,0.011031141246613118,wpp_computed,,2012-09-16,2026-07-25,2026-08-01T00:00:00+00:00,jp_weekly,JP NIID Weekly,https://id-info.jihs.go.jp/en/surveillance/idwr/rapid/index.html,web,jp_weekly,JP NIID Weekly,https://id-info.jihs.go.jp/en/surveillance/idwr/rapid/index.html,web,mixed,single_series,SER_JP_AMEBIASIS_WEEKLY,,legacy_gap_fill,32,0.0
disease,D165,amebiasis,Amebiasis,JP,Japan,D165,Amebiasis,阿米巴病,Parasitic,2018-12-16,2018-12,13,13.0,0,0.010243202586140754,wpp_computed,,2012-09-16,2026-07-25,2026-08-01T00:00:00+00:00,jp_weekly,JP NIID Weekly,https://id-info.jihs.go.jp/en/surveillance/idwr/rapid/index.html,web,jp_weekly,JP NIID Weekly,https://id-info.jihs.go.jp/en/surveillance/idwr/rapid/index.html,web,mixed,single_series,SER_JP_AMEBIASIS_WEEKLY,,legacy_gap_fill,32,0.0
disease,D165,amebiasis,Amebiasis,JP,Japan,D165,Amebiasis,阿米巴病,Parasitic,2018-12-23,2018-12,8,8.0,0,0.0063035092837789245,wpp_computed,,2012-09-16,2026-07-25,2026-08-01T00:00:00+00:00,jp_weekly,JP NIID Weekly,https://id-info.jihs.go.jp/en/surveillance/idwr/rapid/index.html,web,jp_weekly,JP NIID Weekly,https://id-info.jihs.go.jp/en/surveillance/idwr/rapid/index.html,web,mixed,single_series,SER_JP_AMEBIASIS_WEEKLY,,legacy_gap_fill,32,0.0
disease,D165,amebiasis,Amebiasis,JP,Japan,D165,Amebiasis,阿米巴病,Parasitic,2018-12-30,2018-12,14,14.0,0,0.011031141246613118,wpp_computed,,2012-09-16,2026-07-25,2026-08-01T00:00:00+00:00,jp_weekly,JP NIID Weekly,https://id-info.jihs.go.jp/en/surveillance/idwr/rapid/index.html,web,jp_weekly,JP NIID Weekly,https://id-info.jihs.go.jp/en/surveillance/idwr/rapid/index.html,web,mixed,single_series,SER_JP_AMEBIASIS_WEEKLY,,legacy_gap_fill,32,0.0
disease,D165,amebiasis,Amebiasis,JP,Japan,D165,Amebiasis,阿米巴病,Parasitic,2019-01-06,2019-01,3,3.0,0,0.0023678087217184536,wpp_computed,,2012-09-16,2026-07-25,2026-08-01T00:00:00+00:00,jp_weekly,JP NIID Weekly,https://id-info.jihs.go.jp/en/surveillance/idwr/rapid/index.html,web,jp_weekly,JP NIID Weekly,https://id-info.jihs.go.jp/en/surveillance/idwr/rapid/index.html,web,mixed,single_series,SER_JP_AMEBIASIS_WEEKLY,,legacy_gap_fill,32,0.0
disease,D165,amebiasis,Amebiasis,JP,Japan,D165,Amebiasis,阿米巴病,Parasitic,2019-01-13,2019-01,11,11.0,0,0.008681965312967664,wpp_computed,,2012-09-16,2026-07-25,2026-08-01T00:00:00+00:00,jp_weekly,JP NIID Weekly,https://id-info.jihs.go.jp/en/surveillance/idwr/rapid/index.html,web,jp_weekly,JP NIID Weekly,https://id-info.jihs.go.jp/en/surveillance/idwr/rapid/index.html,web,mixed,single_series,SER_JP_AMEBIASIS_WEEKLY,,legacy_gap_fill,32,0.0
disease,D165,amebiasis,Amebiasis,JP,Japan,D165,Amebiasis,阿米巴病,Parasitic,2019-01-20,2019-01,4,4.0,0,0.003157078295624605,wpp_computed,,2012-09-16,2026-07-25,2026-08-01T00:00:00+00:00,jp_weekly,JP NIID Weekly,https://id-info.jihs.go.jp/en/surveillance/idwr/rapid/index.html,web,jp_weekly,JP NIID Weekly,https://id-info.jihs.go.jp/en/surveillance/idwr/rapid/index.html,web,mixed,single_series,SER_JP_AMEBIASIS_WEEKLY,,legacy_gap_fill,32,0.0
disease,D165,amebiasis,Amebiasis,JP,Japan,D165,Amebiasis,阿米巴病,Parasitic,2019-01-27,2019-01,9,9.0,0,0.00710342616515536,wpp_computed,,2012-09-16,2026-07-25,2026-08-01T00:00:00+00:00,jp_weekly,JP NIID Weekly,https://id-info.jihs.go.jp/en/surveillance/idwr/rapid/index.html,web,jp_weekly,JP NIID Weekly,https://id-info.jihs.go.jp/en/surveillance/idwr/rapid/index.html,web,mixed,single_series,SER_JP_AMEBIASIS_WEEKLY,,legacy_gap_fill,32,0.0
disease,D165,amebiasis,Amebiasis,JP,Japan,D165,Amebiasis,阿米巴病,Parasitic,2019-02-03,2019-02,7,7.0,0,0.0055248870173430584,wpp_computed,,2012-09-16,2026-07-25,2026-08-01T00:00:00+00:00,jp_weekly,JP NIID Weekly,https://id-info.jihs.go.jp/en/surveillance/idwr/rapid/index.html,web,jp_weekly,JP NIID Weekly,https://id-info.jihs.go.jp/en/surveillance/idwr/rapid/index.html,web,mixed,single_series,SER_JP_AMEBIASIS_WEEKLY,,legacy_gap_fill,32,0.0
disease,D165,amebiasis,Amebiasis,JP,Japan,D165,Amebiasis,阿米巴病,Parasitic,2019-02-10,2019-02,10,10.0,0,0.007892695739061513,wpp_computed,,2012-09-16,2026-07-25,2026-08-01T00:00:00+00:00,jp_weekly,JP NIID Weekly,https://id-info.jihs.go.jp/en/surveillance/idwr/rapid/index.html,web,jp_weekly,JP NIID Weekly,https://id-info.jihs.go.jp/en/surveillance/idwr/rapid/index.html,web,mixed,single_series,SER_JP_AMEBIASIS_WEEKLY,,legacy_gap_fill,32,0.0
disease,D165,amebiasis,Amebiasis,JP,Japan,D165,Amebiasis,阿米巴病,Parasitic,2019-02-17,2019-02,8,8.0,0,0.00631415659124921,wpp_computed,,2012-09-16,2026-07-25,2026-08-01T00:00:00+00:00,jp_weekly,JP NIID Weekly,https://id-info.jihs.go.jp/en/surveillance/idwr/rapid/index.html,web,jp_weekly,JP NIID Weekly,https://id-info.jihs.go.jp/en/surveillance/idwr/rapid/index.html,web,mixed,single_series,SER_JP_AMEBIASIS_WEEKLY,,legacy_gap_fill,32,0.0
disease,D165,amebiasis,Amebiasis,JP,Japan,D165,Amebiasis,阿米巴病,Parasitic,2019-02-24,2019-02,18,18.0,0,0.01420685233031072,wpp_computed,,2012-09-16,2026-07-25,2026-08-01T00:00:00+00:00,jp_weekly,JP NIID Weekly,https://id-info.jihs.go.jp/en/surveillance/idwr/rapid/index.html,web,jp_weekly,JP NIID Weekly,https://id-info.jihs.go.jp/en/surveillance/idwr/rapid/index.html,web,mixed,single_series,SER_JP_AMEBIASIS_WEEKLY,,legacy_gap_fill,32,0.0
disease,D165,amebiasis,Amebiasis,JP,Japan,D165,Amebiasis,阿米巴病,Parasitic,2019-03-03,2019-03,9,9.0,0,0.00710342616515536,wpp_computed,,2012-09-16,2026-07-25,2026-08-01T00:00:00+00:00,jp_weekly,JP NIID Weekly,https://id-info.jihs.go.jp/en/surveillance/idwr/rapid/index.html,web,jp_weekly,JP NIID Weekly,https://id-info.jihs.go.jp/en/surveillance/idwr/rapid/index.html,web,mixed,single_series,SER_JP_AMEBIASIS_WEEKLY,,legacy_gap_fill,32,0.0
disease,D165,amebiasis,Amebiasis,JP,Japan,D165,Amebiasis,阿米巴病,Parasitic,2019-03-10,2019-03,14,14.0,0,0.011049774034686117,wpp_computed,,2012-09-16,2026-07-25,2026-08-01T00:00:00+00:00,jp_weekly,JP NIID Weekly,https://id-info.jihs.go.jp/en/surveillance/idwr/rapid/index.html,web,jp_weekly,JP NIID Weekly,https://id-info.jihs.go.jp/en/surveillance/idwr/rapid/index.html,web,mixed,single_series,SER_JP_AMEBIASIS_WEEKLY,,legacy_gap_fill,32,0.0
disease,D165,amebiasis,Amebiasis,JP,Japan,D165,Amebiasis,阿米巴病,Parasitic,2019-03-17,2019-03,13,13.0,0,0.010260504460779966,wpp_computed,,2012-09-16,2026-07-25,2026-08-01T00:00:00+00:00,jp_weekly,JP NIID Weekly,https://id-info.jihs.go.jp/en/surveillance/idwr/rapid/index.html,web,jp_weekly,JP NIID Weekly,https://id-info.jihs.go.jp/en/surveillance/idwr/rapid/index.html,web,mixed,single_series,SER_JP_AMEBIASIS_WEEKLY,,legacy_gap_fill,32,0.0
disease,D165,amebiasis,Amebiasis,JP,Japan,D165,Amebiasis,阿米巴病,Parasitic,2019-03-24,2019-03,8,8.0,0,0.00631415659124921,wpp_computed,,2012-09-16,2026-07-25,2026-08-01T00:00:00+00:00,jp_weekly,JP NIID Weekly,https://id-info.jihs.go.jp/en/surveillance/idwr/rapid/index.html,web,jp_weekly,JP NIID Weekly,https://id-info.jihs.go.jp/en/surveillance/idwr/rapid/index.html,web,mixed,single_series,SER_JP_AMEBIASIS_WEEKLY,,legacy_gap_fill,32,0.0
disease,D165,amebiasis,Amebiasis,JP,Japan,D165,Amebiasis,阿米巴病,Parasitic,2019-03-31,2019-03,12,12.0,0,0.009471234886873814,wpp_computed,,2012-09-16,2026-07-25,2026-08-01T00:00:00+00:00,jp_weekly,JP NIID Weekly,https://id-info.jihs.go.jp/en/surveillance/idwr/rapid/index.html,web,jp_weekly,JP NIID Weekly,https://id-info.jihs.go.jp/en/surveillance/idwr/rapid/index.html,web,mixed,single_series,SER_JP_AMEBIASIS_WEEKLY,,legacy_gap_fill,32,0.0
disease,D165,amebiasis,Amebiasis,JP,Japan,D165,Amebiasis,阿米巴病,Parasitic,2019-04-07,2019-04,13,13.0,0,0.010260504460779966,wpp_computed,,2012-09-16,2026-07-25,2026-08-01T00:00:00+00:00,jp_weekly,JP NIID Weekly,https://id-info.jihs.go.jp/en/surveillance/idwr/rapid/index.html,web,jp_weekly,JP NIID Weekly,https://id-info.jihs.go.jp/en/surveillance/idwr/rapid/index.html,web,mixed,single_series,SER_JP_AMEBIASIS_WEEKLY,,legacy_gap_fill,32,0.0
disease,D165,amebiasis,Amebiasis,JP,Japan,D165,Amebiasis,阿米巴病,Parasitic,2019-04-14,2019-04,11,11.0,0,0.008681965312967664,wpp_computed,,2012-09-16,2026-07-25,2026-08-01T00:00:00+00:00,jp_weekly,JP NIID Weekly,https://id-info.jihs.go.jp/en/surveillance/idwr/rapid/index.html,web,jp_weekly,JP NIID Weekly,https://id-info.jihs.go.jp/en/surveillance/idwr/rapid/index.html,web,mixed,single_series,SER_JP_AMEBIASIS_WEEKLY,,legacy_gap_fill,32,0.0
disease,D165,amebiasis,Amebiasis,JP,Japan,D165,Amebiasis,阿米巴病,Parasitic,2019-04-21,2019-04,14,14.0,0,0.011049774034686117,wpp_computed,,2012-09-16,2026-07-25,2026-08-01T00:00:00+00:00,jp_weekly,JP NIID Weekly,https://id-info.jihs.go.jp/en/surveillance/idwr/rapid/index.html,web,jp_weekly,JP NIID Weekly,https://id-info.jihs.go.jp/en/surveillance/idwr/rapid/index.html,web,mixed,single_series,SER_JP_AMEBIASIS_WEEKLY,,legacy_gap_fill,32,0.0
disease,D165,amebiasis,Amebiasis,JP,Japan,D165,Amebiasis,阿米巴病,Parasitic,2019-04-28,2019-04,10,10.0,0,0.007892695739061513,wpp_computed,,2012-09-16,2026-07-25,2026-08-01T00:00:00+00:00,jp_weekly,JP NIID Weekly,https://id-info.jihs.go.jp/en/surveillance/idwr/rapid/index.html,web,jp_weekly,JP NIID Weekly,https://id-info.jihs.go.jp/en/surveillance/idwr/rapid/index.html,web,mixed,single_series,SER_JP_AMEBIASIS_WEEKLY,,legacy_gap_fill,32,0.0
disease,D165,amebiasis,Amebiasis,JP,Japan,D165,Amebiasis,阿米巴病,Parasitic,2019-05-05,2019-05,2,2.0,0,0.0015785391478123024,wpp_computed,,2012-09-16,2026-07-25,2026-08-01T00:00:00+00:00,jp_weekly,JP NIID Weekly,https://id-info.jihs.go.jp/en/surveillance/idwr/rapid/index.html,web,jp_weekly,JP NIID Weekly,https://id-info.jihs.go.jp/en/surveillance/idwr/rapid/index.html,web,mixed,single_series,SER_JP_AMEBIASIS_WEEKLY,,legacy_gap_fill,32,0.0
disease,D165,amebiasis,Amebiasis,JP,Japan,D165,Amebiasis,阿米巴病,Parasitic,2019-05-12,2019-05,9,9.0,0,0.00710342616515536,wpp_computed,,2012-09-16,2026-07-25,2026-08-01T00:00:00+00:00,jp_weekly,JP NIID Weekly,https://id-info.jihs.go.jp/en/surveillance/idwr/rapid/index.html,web,jp_weekly,JP NIID Weekly,https://id-info.jihs.go.jp/en/surveillance/idwr/rapid/index.html,web,mixed,single_series,SER_JP_AMEBIASIS_WEEKLY,,legacy_gap_fill,32,0.0
disease,D165,amebiasis,Amebiasis,JP,Japan,D165,Amebiasis,阿米巴病,Parasitic,2019-05-19,2019-05,9,9.0,0,0.00710342616515536,wpp_computed,,2012-09-16,2026-07-25,2026-08-01T00:00:00+00:00,jp_weekly,JP NIID Weekly,https://id-info.jihs.go.jp/en/surveillance/idwr/rapid/index.html,web,jp_weekly,JP NIID Weekly,https://id-info.jihs.go.jp/en/surveillance/idwr/rapid/index.html,web,mixed,single_series,SER_JP_AMEBIASIS_WEEKLY,,legacy_gap_fill,32,0.0
disease,D165,amebiasis,Amebiasis,JP,Japan,D165,Amebiasis,阿米巴病,Parasitic,2019-05-26,2019-05,11,11.0,0,0.008681965312967664,wpp_computed,,2012-09-16,2026-07-25,2026-08-01T00:00:00+00:00,jp_weekly,JP NIID Weekly,https://id-info.jihs.go.jp/en/surveillance/idwr/rapid/index.html,web,jp_weekly,JP NIID Weekly,https://id-info.jihs.go.jp/en/surveillance/idwr/rapid/index.html,web,mixed,single_series,SER_JP_AMEBIASIS_WEEKLY,,legacy_gap_fill,32,0.0
disease,D165,amebiasis,Amebiasis,JP,Japan,D165,Amebiasis,阿米巴病,Parasitic,2019-06-02,2019-06,11,11.0,0,0.008681965312967664,wpp_computed,,2012-09-16,2026-07-25,2026-08-01T00:00:00+00:00,jp_weekly,JP NIID Weekly,https://id-info.jihs.go.jp/en/surveillance/idwr/rapid/index.html,web,jp_weekly,JP NIID Weekly,https://id-info.jihs.go.jp/en/surveillance/idwr/rapid/index.html,web,mixed,single_series,SER_JP_AMEBIASIS_WEEKLY,,legacy_gap_fill,32,0.0
disease,D165,amebiasis,Amebiasis,JP,Japan,D165,Amebiasis,阿米巴病,Parasitic,2019-06-09,2019-06,7,7.0,0,0.0055248870173430584,wpp_computed,,2012-09-16,2026-07-25,2026-08-01T00:00:00+00:00,jp_weekly,JP NIID Weekly,https://id-info.jihs.go.jp/en/surveillance/idwr/rapid/index.html,web,jp_weekly,JP NIID Weekly,https://id-info.jihs.go.jp/en/surveillance/idwr/rapid/index.html,web,mixed,single_series,SER_JP_AMEBIASIS_WEEKLY,,legacy_gap_fill,32,0.0
disease,D165,amebiasis,Amebiasis,JP,Japan,D165,Amebiasis,阿米巴病,Parasitic,2019-06-16,2019-06,9,9.0,0,0.00710342616515536,wpp_computed,,2012-09-16,2026-07-25,2026-08-01T00:00:00+00:00,jp_weekly,JP NIID Weekly,https://id-info.jihs.go.jp/en/surveillance/idwr/rapid/index.html,web,jp_weekly,JP NIID Weekly,https://id-info.jihs.go.jp/en/surveillance/idwr/rapid/index.html,web,mixed,single_series,SER_JP_AMEBIASIS_WEEKLY,,legacy_gap_fill,32,0.0
disease,D165,amebiasis,Amebiasis,JP,Japan,D165,Amebiasis,阿米巴病,Parasitic,2019-06-23,2019-06,11,11.0,0,0.008681965312967664,wpp_computed,,2012-09-16,2026-07-25,2026-08-01T00:00:00+00:00,jp_weekly,JP NIID Weekly,https://id-info.jihs.go.jp/en/surveillance/idwr/rapid/index.html,web,jp_weekly,JP NIID Weekly,https://id-info.jihs.go.jp/en/surveillance/idwr/rapid/index.html,web,mixed,single_series,SER_JP_AMEBIASIS_WEEKLY,,legacy_gap_fill,32,0.0
disease,D165,amebiasis,Amebiasis,JP,Japan,D165,Amebiasis,阿米巴病,Parasitic,2019-06-30,2019-06,10,10.0,0,0.007892695739061513,wpp_computed,,2012-09-16,2026-07-25,2026-08-01T00:00:00+00:00,jp_weekly,JP NIID Weekly,https://id-info.jihs.go.jp/en/surveillance/idwr/rapid/index.html,web,jp_weekly,JP NIID Weekly,https://id-info.jihs.go.jp/en/surveillance/idwr/rapid/index.html,web,mixed,single_series,SER_JP_AMEBIASIS_WEEKLY,,legacy_gap_fill,32,0.0
disease,D165,amebiasis,Amebiasis,JP,Japan,D165,Amebiasis,阿米巴病,Parasitic,2019-07-07,2019-07,10,10.0,0,0.007892695739061513,wpp_computed,,2012-09-16,2026-07-25,2026-08-01T00:00:00+00:00,jp_weekly,JP NIID Weekly,https://id-info.jihs.go.jp/en/surveillance/idwr/rapid/index.html,web,jp_weekly,JP NIID Weekly,https://id-info.jihs.go.jp/en/surveillance/idwr/rapid/index.html,web,mixed,single_series,SER_JP_AMEBIASIS_WEEKLY,,legacy_gap_fill,32,0.0
disease,D165,amebiasis,Amebiasis,JP,Japan,D165,Amebiasis,阿米巴病,Parasitic,2019-07-14,2019-07,11,11.0,0,0.008681965312967664,wpp_computed,,2012-09-16,2026-07-25,2026-08-01T00:00:00+00:00,jp_weekly,JP NIID Weekly,https://id-info.jihs.go.jp/en/surveillance/idwr/rapid/index.html,web,jp_weekly,JP NIID Weekly,https://id-info.jihs.go.jp/en/surveillance/idwr/rapid/index.html,web,mixed,single_series,SER_JP_AMEBIASIS_WEEKLY,,legacy_gap_fill,32,0.0
disease,D165,amebiasis,Amebiasis,JP,Japan,D165,Amebiasis,阿米巴病,Parasitic,2019-07-21,2019-07,7,7.0,0,0.0055248870173430584,wpp_computed,,2012-09-16,2026-07-25,2026-08-01T00:00:00+00:00,jp_weekly,JP NIID Weekly,https://id-info.jihs.go.jp/en/surveillance/idwr/rapid/index.html,web,jp_weekly,JP NIID Weekly,https://id-info.jihs.go.jp/en/surveillance/idwr/rapid/index.html,web,mixed,single_series,SER_JP_AMEBIASIS_WEEKLY,,legacy_gap_fill,32,0.0
disease,D165,amebiasis,Amebiasis,JP,Japan,D165,Amebiasis,阿米巴病,Parasitic,2019-07-28,2019-07,16,16.0,0,0.01262831318249842,wpp_computed,,2012-09-16,2026-07-25,2026-08-01T00:00:00+00:00,jp_weekly,JP NIID Weekly,https://id-info.jihs.go.jp/en/surveillance/idwr/rapid/index.html,web,jp_weekly,JP NIID Weekly,https://id-info.jihs.go.jp/en/surveillance/idwr/rapid/index.html,web,mixed,single_series,SER_JP_AMEBIASIS_WEEKLY,,legacy_gap_fill,32,0.0
disease,D165,amebiasis,Amebiasis,JP,Japan,D165,Amebiasis,阿米巴病,Parasitic,2019-08-04,2019-08,10,10.0,0,0.007892695739061513,wpp_computed,,2012-09-16,2026-07-25,2026-08-01T00:00:00+00:00,jp_weekly,JP NIID Weekly,https://id-info.jihs.go.jp/en/surveillance/idwr/rapid/index.html,web,jp_weekly,JP NIID Weekly,https://id-info.jihs.go.jp/en/surveillance/idwr/rapid/index.html,web,mixed,single_series,SER_JP_AMEBIASIS_WEEKLY,,legacy_gap_fill,32,0.0
disease,D165,amebiasis,Amebiasis,JP,Japan,D165,Amebiasis,阿米巴病,Parasitic,2019-08-11,2019-08,11,11.0,0,0.008681965312967664,wpp_computed,,2012-09-16,2026-07-25,2026-08-01T00:00:00+00:00,jp_weekly,JP NIID Weekly,https://id-info.jihs.go.jp/en/surveillance/idwr/rapid/index.html,web,jp_weekly,JP NIID Weekly,https://id-info.jihs.go.jp/en/surveillance/idwr/rapid/index.html,web,mixed,single_series,SER_JP_AMEBIASIS_WEEKLY,,legacy_gap_fill,32,0.0
disease,D165,amebiasis,Amebiasis,JP,Japan,D165,Amebiasis,阿米巴病,Parasitic,2019-08-18,2019-08,2,2.0,0,0.0015785391478123024,wpp_computed,,2012-09-16,2026-07-25,2026-08-01T00:00:00+00:00,jp_weekly,JP NIID Weekly,https://id-info.jihs.go.jp/en/surveillance/idwr/rapid/index.html,web,jp_weekly,JP NIID Weekly,https://id-info.jihs.go.jp/en/surveillance/idwr/rapid/index.html,web,mixed,single_series,SER_JP_AMEBIASIS_WEEKLY,,legacy_gap_fill,32,0.0
disease,D165,amebiasis,Amebiasis,JP,Japan,D165,Amebiasis,阿米巴病,Parasitic,2019-08-25,2019-08,12,12.0,0,0.009471234886873814,wpp_computed,,2012-09-16,2026-07-25,2026-08-01T00:00:00+00:00,jp_weekly,JP NIID Weekly,https://id-info.jihs.go.jp/en/surveillance/idwr/rapid/index.html,web,jp_weekly,JP NIID Weekly,https://id-info.jihs.go.jp/en/surveillance/idwr/rapid/index.html,web,mixed,single_series,SER_JP_AMEBIASIS_WEEKLY,,legacy_gap_fill,32,0.0
disease,D165,amebiasis,Amebiasis,JP,Japan,D165,Amebiasis,阿米巴病,Parasitic,2019-09-01,2019-09,14,14.0,0,0.011049774034686117,wpp_computed,,2012-09-16,2026-07-25,2026-08-01T00:00:00+00:00,jp_weekly,JP NIID Weekly,https://id-info.jihs.go.jp/en/surveillance/idwr/rapid/index.html,web,jp_weekly,JP NIID Weekly,https://id-info.jihs.go.jp/en/surveillance/idwr/rapid/index.html,web,mixed,single_series,SER_JP_AMEBIASIS_WEEKLY,,legacy_gap_fill,32,0.0
disease,D165,amebiasis,Amebiasis,JP,Japan,D165,Amebiasis,阿米巴病,Parasitic,2019-09-08,2019-09,13,13.0,0,0.010260504460779966,wpp_computed,,2012-09-16,2026-07-25,2026-08-01T00:00:00+00:00,jp_weekly,JP NIID Weekly,https://id-info.jihs.go.jp/en/surveillance/idwr/rapid/index.html,web,jp_weekly,JP NIID Weekly,https://id-info.jihs.go.jp/en/surveillance/idwr/rapid/index.html,web,mixed,single_series,SER_JP_AMEBIASIS_WEEKLY,,legacy_gap_fill,32,0.0
disease,D165,amebiasis,Amebiasis,JP,Japan,D165,Amebiasis,阿米巴病,Parasitic,2019-09-15,2019-09,16,16.0,0,0.01262831318249842,wpp_computed,,2012-09-16,2026-07-25,2026-08-01T00:00:00+00:00,jp_weekly,JP NIID Weekly,https://id-info.jihs.go.jp/en/surveillance/idwr/rapid/index.html,web,jp_weekly,JP NIID Weekly,https://id-info.jihs.go.jp/en/surveillance/idwr/rapid/index.html,web,mixed,single_series,SER_JP_AMEBIASIS_WEEKLY,,legacy_gap_fill,32,0.0
disease,D165,amebiasis,Amebiasis,JP,Japan,D165,Amebiasis,阿米巴病,Parasitic,2019-09-22,2019-09,11,11.0,0,0.008681965312967664,wpp_computed,,2012-09-16,2026-07-25,2026-08-01T00:00:00+00:00,jp_weekly,JP NIID Weekly,https://id-info.jihs.go.jp/en/surveillance/idwr/rapid/index.html,web,jp_weekly,JP NIID Weekly,https://id-info.jihs.go.jp/en/surveillance/idwr/rapid/index.html,web,mixed,single_series,SER_JP_AMEBIASIS_WEEKLY,,legacy_gap_fill,32,0.0
disease,D165,amebiasis,Amebiasis,JP,Japan,D165,Amebiasis,阿米巴病,Parasitic,2019-09-29,2019-09,8,8.0,0,0.00631415659124921,wpp_computed,,2012-09-16,2026-07-25,2026-08-01T00:00:00+00:00,jp_weekly,JP NIID Weekly,https://id-info.jihs.go.jp/en/surveillance/idwr/rapid/index.html,web,jp_weekly,JP NIID Weekly,https://id-info.jihs.go.jp/en/surveillance/idwr/rapid/index.html,web,mixed,single_series,SER_JP_AMEBIASIS_WEEKLY,,legacy_gap_fill,32,0.0
disease,D165,amebiasis,Amebiasis,JP,Japan,D165,Amebiasis,阿米巴病,Parasitic,2019-10-06,2019-10,10,10.0,0,0.007892695739061513,wpp_computed,,2012-09-16,2026-07-25,2026-08-01T00:00:00+00:00,jp_weekly,JP NIID Weekly,https://id-info.jihs.go.jp/en/surveillance/idwr/rapid/index.html,web,jp_weekly,JP NIID Weekly,https://id-info.jihs.go.jp/en/surveillance/idwr/rapid/index.html,web,mixed,single_series,SER_JP_AMEBIASIS_WEEKLY,,legacy_gap_fill,32,0.0
disease,D165,amebiasis,Amebiasis,JP,Japan,D165,Amebiasis,阿米巴病,Parasitic,2019-10-13,2019-10,11,11.0,0,0.008681965312967664,wpp_computed,,2012-09-16,2026-07-25,2026-08-01T00:00:00+00:00,jp_weekly,JP NIID Weekly,https://id-info.jihs.go.jp/en/surveillance/idwr/rapid/index.html,web,jp_weekly,JP NIID Weekly,https://id-info.jihs.go.jp/en/surveillance/idwr/rapid/index.html,web,mixed,single_series,SER_JP_AMEBIASIS_WEEKLY,,legacy_gap_fill,32,0.0
disease,D165,amebiasis,Amebiasis,JP,Japan,D165,Amebiasis,阿米巴病,Parasitic,2019-10-20,2019-10,6,6.0,0,0.004735617443436907,wpp_computed,,2012-09-16,2026-07-25,2026-08-01T00:00:00+00:00,jp_weekly,JP NIID Weekly,https://id-info.jihs.go.jp/en/surveillance/idwr/rapid/index.html,web,jp_weekly,JP NIID Weekly,https://id-info.jihs.go.jp/en/surveillance/idwr/rapid/index.html,web,mixed,single_series,SER_JP_AMEBIASIS_WEEKLY,,legacy_gap_fill,32,0.0
disease,D165,amebiasis,Amebiasis,JP,Japan,D165,Amebiasis,阿米巴病,Parasitic,2019-10-27,2019-10,5,5.0,0,0.003946347869530757,wpp_computed,,2012-09-16,2026-07-25,2026-08-01T00:00:00+00:00,jp_weekly,JP NIID Weekly,https://id-info.jihs.go.jp/en/surveillance/idwr/rapid/index.html,web,jp_weekly,JP NIID Weekly,https://id-info.jihs.go.jp/en/surveillance/idwr/rapid/index.html,web,mixed,single_series,SER_JP_AMEBIASIS_WEEKLY,,legacy_gap_fill,32,0.0
disease,D165,amebiasis,Amebiasis,JP,Japan,D165,Amebiasis,阿米巴病,Parasitic,2019-11-03,2019-11,5,5.0,0,0.003946347869530757,wpp_computed,,2012-09-16,2026-07-25,2026-08-01T00:00:00+00:00,jp_weekly,JP NIID Weekly,https://id-info.jihs.go.jp/en/surveillance/idwr/rapid/index.html,web,jp_weekly,JP NIID Weekly,https://id-info.jihs.go.jp/en/surveillance/idwr/rapid/index.html,web,mixed,single_series,SER_JP_AMEBIASIS_WEEKLY,,legacy_gap_fill,32,0.0
disease,D165,amebiasis,Amebiasis,JP,Japan,D165,Amebiasis,阿米巴病,Parasitic,2019-11-10,2019-11,10,10.0,0,0.007892695739061513,wpp_computed,,2012-09-16,2026-07-25,2026-08-01T00:00:00+00:00,jp_weekly,JP NIID Weekly,https://id-info.jihs.go.jp/en/surveillance/idwr/rapid/index.html,web,jp_weekly,JP NIID Weekly,https://id-info.jihs.go.jp/en/surveillance/idwr/rapid/index.html,web,mixed,single_series,SER_JP_AMEBIASIS_WEEKLY,,legacy_gap_fill,32,0.0
disease,D165,amebiasis,Amebiasis,JP,Japan,D165,Amebiasis,阿米巴病,Parasitic,2019-11-17,2019-11,14,14.0,0,0.011049774034686117,wpp_computed,,2012-09-16,2026-07-25,2026-08-01T00:00:00+00:00,jp_weekly,JP NIID Weekly,https://id-info.jihs.go.jp/en/surveillance/idwr/rapid/index.html,web,jp_weekly,JP NIID Weekly,https://id-info.jihs.go.jp/en/surveillance/idwr/rapid/index.html,web,mixed,single_series,SER_JP_AMEBIASIS_WEEKLY,,legacy_gap_fill,32,0.0
disease,D165,amebiasis,Amebiasis,JP,Japan,D165,Amebiasis,阿米巴病,Parasitic,2019-11-24,2019-11,7,7.0,0,0.0055248870173430584,wpp_computed,,2012-09-16,2026-07-25,2026-08-01T00:00:00+00:00,jp_weekly,JP NIID Weekly,https://id-info.jihs.go.jp/en/surveillance/idwr/rapid/index.html,web,jp_weekly,JP NIID Weekly,https://id-info.jihs.go.jp/en/surveillance/idwr/rapid/index.html,web,mixed,single_series,SER_JP_AMEBIASIS_WEEKLY,,legacy_gap_fill,32,0.0
disease,D165,amebiasis,Amebiasis,JP,Japan,D165,Amebiasis,阿米巴病,Parasitic,2019-12-01,2019-12,9,9.0,0,0.00710342616515536,wpp_computed,,2012-09-16,2026-07-25,2026-08-01T00:00:00+00:00,jp_weekly,JP NIID Weekly,https://id-info.jihs.go.jp/en/surveillance/idwr/rapid/index.html,web,jp_weekly,JP NIID Weekly,https://id-info.jihs.go.jp/en/surveillance/idwr/rapid/index.html,web,mixed,single_series,SER_JP_AMEBIASIS_WEEKLY,,legacy_gap_fill,32,0.0
disease,D165,amebiasis,Amebiasis,JP,Japan,D165,Amebiasis,阿米巴病,Parasitic,2019-12-08,2019-12,11,11.0,0,0.008681965312967664,wpp_computed,,2012-09-16,2026-07-25,2026-08-01T00:00:00+00:00,jp_weekly,JP NIID Weekly,https://id-info.jihs.go.jp/en/surveillance/idwr/rapid/index.html,web,jp_weekly,JP NIID Weekly,https://id-info.jihs.go.jp/en/surveillance/idwr/rapid/index.html,web,mixed,single_series,SER_JP_AMEBIASIS_WEEKLY,,legacy_gap_fill,32,0.0
disease,D165,amebiasis,Amebiasis,JP,Japan,D165,Amebiasis,阿米巴病,Parasitic,2019-12-15,2019-12,8,8.0,0,0.00631415659124921,wpp_computed,,2012-09-16,2026-07-25,2026-08-01T00:00:00+00:00,jp_weekly,JP NIID Weekly,https://id-info.jihs.go.jp/en/surveillance/idwr/rapid/index.html,web,jp_weekly,JP NIID Weekly,https://id-info.jihs.go.jp/en/surveillance/idwr/rapid/index.html,web,mixed,single_series,SER_JP_AMEBIASIS_WEEKLY,,legacy_gap_fill,32,0.0
disease,D165,amebiasis,Amebiasis,JP,Japan,D165,Amebiasis,阿米巴病,Parasitic,2019-12-22,2019-12,13,13.0,0,0.010260504460779966,wpp_computed,,2012-09-16,2026-07-25,2026-08-01T00:00:00+00:00,jp_weekly,JP NIID Weekly,https://id-info.jihs.go.jp/en/surveillance/idwr/rapid/index.html,web,jp_weekly,JP NIID Weekly,https://id-info.jihs.go.jp/en/surveillance/idwr/rapid/index.html,web,mixed,single_series,SER_JP_AMEBIASIS_WEEKLY,,legacy_gap_fill,32,0.0
disease,D165,amebiasis,Amebiasis,JP,Japan,D165,Amebiasis,阿米巴病,Parasitic,2019-12-29,2019-12,13,13.0,0,0.010260504460779966,wpp_computed,,2012-09-16,2026-07-25,2026-08-01T00:00:00+00:00,jp_weekly,JP NIID Weekly,https://id-info.jihs.go.jp/en/surveillance/idwr/rapid/index.html,web,jp_weekly,JP NIID Weekly,https://id-info.jihs.go.jp/en/surveillance/idwr/rapid/index.html,web,mixed,single_series,SER_JP_AMEBIASIS_WEEKLY,,legacy_gap_fill,32,0.0
disease,D165,amebiasis,Amebiasis,JP,Japan,D165,Amebiasis,阿米巴病,Parasitic,2020-01-05,2020-01,4,4.0,0,0.003166948634618788,wpp_computed,,2012-09-16,2026-07-25,2026-08-01T00:00:00+00:00,jp_weekly,JP NIID Weekly,https://id-info.jihs.go.jp/en/surveillance/idwr/rapid/index.html,web,jp_weekly,JP NIID Weekly,https://id-info.jihs.go.jp/en/surveillance/idwr/rapid/index.html,web,mixed,single_series,SER_JP_AMEBIASIS_WEEKLY,,legacy_gap_fill,32,0.0
disease,D165,amebiasis,Amebiasis,JP,Japan,D165,Amebiasis,阿米巴病,Parasitic,2020-01-12,2020-01,16,16.0,0,0.012667794538475151,wpp_computed,,2012-09-16,2026-07-25,2026-08-01T00:00:00+00:00,jp_weekly,JP NIID Weekly,https://id-info.jihs.go.jp/en/surveillance/idwr/rapid/index.html,web,jp_weekly,JP NIID Weekly,https://id-info.jihs.go.jp/en/surveillance/idwr/rapid/index.html,web,mixed,single_series,SER_JP_AMEBIASIS_WEEKLY,,legacy_gap_fill,32,0.0
disease,D165,amebiasis,Amebiasis,JP,Japan,D165,Amebiasis,阿米巴病,Parasitic,2020-01-19,2020-01,5,5.0,0,0.003958685793273485,wpp_computed,,2012-09-16,2026-07-25,2026-08-01T00:00:00+00:00,jp_weekly,JP NIID Weekly,https://id-info.jihs.go.jp/en/surveillance/idwr/rapid/index.html,web,jp_weekly,JP NIID Weekly,https://id-info.jihs.go.jp/en/surveillance/idwr/rapid/index.html,web,mixed,single_series,SER_JP_AMEBIASIS_WEEKLY,,legacy_gap_fill,32,0.0
disease,D165,amebiasis,Amebiasis,JP,Japan,D165,Amebiasis,阿米巴病,Parasitic,2020-01-26,2020-01,4,4.0,0,0.003166948634618788,wpp_computed,,2012-09-16,2026-07-25,2026-08-01T00:00:00+00:00,jp_weekly,JP NIID Weekly,https://id-info.jihs.go.jp/en/surveillance/idwr/rapid/index.html,web,jp_weekly,JP NIID Weekly,https://id-info.jihs.go.jp/en/surveillance/idwr/rapid/index.html,web,mixed,single_series,SER_JP_AMEBIASIS_WEEKLY,,legacy_gap_fill,32,0.0
disease,D165,amebiasis,Amebiasis,JP,Japan,D165,Amebiasis,阿米巴病,Parasitic,2020-02-02,2020-02,6,6.0,0,0.004750422951928182,wpp_computed,,2012-09-16,2026-07-25,2026-08-01T00:00:00+00:00,jp_weekly,JP NIID Weekly,https://id-info.jihs.go.jp/en/surveillance/idwr/rapid/index.html,web,jp_weekly,JP NIID Weekly,https://id-info.jihs.go.jp/en/surveillance/idwr/rapid/index.html,web,mixed,single_series,SER_JP_AMEBIASIS_WEEKLY,,legacy_gap_fill,32,0.0
disease,D165,amebiasis,Amebiasis,JP,Japan,D165,Amebiasis,阿米巴病,Parasitic,2020-02-09,2020-02,7,7.0,0,0.00554216011058288,wpp_computed,,2012-09-16,2026-07-25,2026-08-01T00:00:00+00:00,jp_weekly,JP NIID Weekly,https://id-info.jihs.go.jp/en/surveillance/idwr/rapid/index.html,web,jp_weekly,JP NIID Weekly,https://id-info.jihs.go.jp/en/surveillance/idwr/rapid/index.html,web,mixed,single_series,SER_JP_AMEBIASIS_WEEKLY,,legacy_gap_fill,32,0.0
disease,D165,amebiasis,Amebiasis,JP,Japan,D165,Amebiasis,阿米巴病,Parasitic,2020-02-16,2020-02,8,8.0,0,0.006333897269237576,wpp_computed,,2012-09-16,2026-07-25,2026-08-01T00:00:00+00:00,jp_weekly,JP NIID Weekly,https://id-info.jihs.go.jp/en/surveillance/idwr/rapid/index.html,web,jp_weekly,JP NIID Weekly,https://id-info.jihs.go.jp/en/surveillance/idwr/rapid/index.html,web,mixed,single_series,SER_JP_AMEBIASIS_WEEKLY,,legacy_gap_fill,32,0.0
disease,D165,amebiasis,Amebiasis,JP,Japan,D165,Amebiasis,阿米巴病,Parasitic,2020-02-23,2020-02,7,7.0,0,0.00554216011058288,wpp_computed,,2012-09-16,2026-07-25,2026-08-01T00:00:00+00:00,jp_weekly,JP NIID Weekly,https://id-info.jihs.go.jp/en/surveillance/idwr/rapid/index.html,web,jp_weekly,JP NIID Weekly,https://id-info.jihs.go.jp/en/surveillance/idwr/rapid/index.html,web,mixed,single_series,SER_JP_AMEBIASIS_WEEKLY,,legacy_gap_fill,32,0.0
disease,D165,amebiasis,Amebiasis,JP,Japan,D165,Amebiasis,阿米巴病,Parasitic,2020-03-01,2020-03,7,7.0,0,0.00554216011058288,wpp_computed,,2012-09-16,2026-07-25,2026-08-01T00:00:00+00:00,jp_weekly,JP NIID Weekly,https://id-info.jihs.go.jp/en/surveillance/idwr/rapid/index.html,web,jp_weekly,JP NIID Weekly,https://id-info.jihs.go.jp/en/surveillance/idwr/rapid/index.html,web,mixed,single_series,SER_JP_AMEBIASIS_WEEKLY,,legacy_gap_fill,32,0.0
disease,D165,amebiasis,Amebiasis,JP,Japan,D165,Amebiasis,阿米巴病,Parasitic,2020-03-08,2020-03,14,14.0,0,0.01108432022116576,wpp_computed,,2012-09-16,2026-07-25,2026-08-01T00:00:00+00:00,jp_weekly,JP NIID Weekly,https://id-info.jihs.go.jp/en/surveillance/idwr/rapid/index.html,web,jp_weekly,JP NIID Weekly,https://id-info.jihs.go.jp/en/surveillance/idwr/rapid/index.html,web,mixed,single_series,SER_JP_AMEBIASIS_WEEKLY,,legacy_gap_fill,32,0.0
disease,D165,amebiasis,Amebiasis,JP,Japan,D165,Amebiasis,阿米巴病,Parasitic,2020-03-15,2020-03,8,8.0,0,0.006333897269237576,wpp_computed,,2012-09-16,2026-07-25,2026-08-01T00:00:00+00:00,jp_weekly,JP NIID Weekly,https://id-info.jihs.go.jp/en/surveillance/idwr/rapid/index.html,web,jp_weekly,JP NIID Weekly,https://id-info.jihs.go.jp/en/surveillance/idwr/rapid/index.html,web,mixed,single_series,SER_JP_AMEBIASIS_WEEKLY,,legacy_gap_fill,32,0.0
disease,D165,amebiasis,Amebiasis,JP,Japan,D165,Amebiasis,阿米巴病,Parasitic,2020-03-22,2020-03,7,7.0,0,0.00554216011058288,wpp_computed,,2012-09-16,2026-07-25,2026-08-01T00:00:00+00:00,jp_weekly,JP NIID Weekly,https://id-info.jihs.go.jp/en/surveillance/idwr/rapid/index.html,web,jp_weekly,JP NIID Weekly,https://id-info.jihs.go.jp/en/surveillance/idwr/rapid/index.html,web,mixed,single_series,SER_JP_AMEBIASIS_WEEKLY,,legacy_gap_fill,32,0.0
disease,D165,amebiasis,Amebiasis,JP,Japan,D165,Amebiasis,阿米巴病,Parasitic,2020-03-29,2020-03,9,9.0,0,0.0071256344278922724,wpp_computed,,2012-09-16,2026-07-25,2026-08-01T00:00:00+00:00,jp_weekly,JP NIID Weekly,https://id-info.jihs.go.jp/en/surveillance/idwr/rapid/index.html,web,jp_weekly,JP NIID Weekly,https://id-info.jihs.go.jp/en/surveillance/idwr/rapid/index.html,web,mixed,single_series,SER_JP_AMEBIASIS_WEEKLY,,legacy_gap_fill,32,0.0
disease,D165,amebiasis,Amebiasis,JP,Japan,D165,Amebiasis,阿米巴病,Parasitic,2020-04-05,2020-04,11,11.0,0,0.008709108745201666,wpp_computed,,2012-09-16,2026-07-25,2026-08-01T00:00:00+00:00,jp_weekly,JP NIID Weekly,https://id-info.jihs.go.jp/en/surveillance/idwr/rapid/index.html,web,jp_weekly,JP NIID Weekly,https://id-info.jihs.go.jp/en/surveillance/idwr/rapid/index.html,web,mixed,single_series,SER_JP_AMEBIASIS_WEEKLY,,legacy_gap_fill,32,0.0
disease,D165,amebiasis,Amebiasis,JP,Japan,D165,Amebiasis,阿米巴病,Parasitic,2020-04-12,2020-04,7,7.0,0,0.00554216011058288,wpp_computed,,2012-09-16,2026-07-25,2026-08-01T00:00:00+00:00,jp_weekly,JP NIID Weekly,https://id-info.jihs.go.jp/en/surveillance/idwr/rapid/index.html,web,jp_weekly,JP NIID Weekly,https://id-info.jihs.go.jp/en/surveillance/idwr/rapid/index.html,web,mixed,single_series,SER_JP_AMEBIASIS_WEEKLY,,legacy_gap_fill,32,0.0
disease,D165,amebiasis,Amebiasis,JP,Japan,D165,Amebiasis,阿米巴病,Parasitic,2020-04-19,2020-04,10,10.0,0,0.00791737158654697,wpp_computed,,2012-09-16,2026-07-25,2026-08-01T00:00:00+00:00,jp_weekly,JP NIID Weekly,https://id-info.jihs.go.jp/en/surveillance/idwr/rapid/index.html,web,jp_weekly,JP NIID Weekly,https://id-info.jihs.go.jp/en/surveillance/idwr/rapid/index.html,web,mixed,single_series,SER_JP_AMEBIASIS_WEEKLY,,legacy_gap_fill,32,0.0
disease,D165,amebiasis,Amebiasis,JP,Japan,D165,Amebiasis,阿米巴病,Parasitic,2020-04-26,2020-04,5,5.0,0,0.003958685793273485,wpp_computed,,2012-09-16,2026-07-25,2026-08-01T00:00:00+00:00,jp_weekly,JP NIID Weekly,https://id-info.jihs.go.jp/en/surveillance/idwr/rapid/index.html,web,jp_weekly,JP NIID Weekly,https://id-info.jihs.go.jp/en/surveillance/idwr/rapid/index.html,web,mixed,single_series,SER_JP_AMEBIASIS_WEEKLY,,legacy_gap_fill,32,0.0
disease,D165,amebiasis,Amebiasis,JP,Japan,D165,Amebiasis,阿米巴病,Parasitic,2020-05-03,2020-05,9,9.0,0,0.0071256344278922724,wpp_computed,,2012-09-16,2026-07-25,2026-08-01T00:00:00+00:00,jp_weekly,JP NIID Weekly,https://id-info.jihs.go.jp/en/surveillance/idwr/rapid/index.html,web,jp_weekly,JP NIID Weekly,https://id-info.jihs.go.jp/en/surveillance/idwr/rapid/index.html,web,mixed,single_series,SER_JP_AMEBIASIS_WEEKLY,,legacy_gap_fill,32,0.0
disease,D165,amebiasis,Amebiasis,JP,Japan,D165,Amebiasis,阿米巴病,Parasitic,2020-05-10,2020-05,2,2.0,0,0.001583474317309394,wpp_computed,,2012-09-16,2026-07-25,2026-08-01T00:00:00+00:00,jp_weekly,JP NIID Weekly,https://id-info.jihs.go.jp/en/surveillance/idwr/rapid/index.html,web,jp_weekly,JP NIID Weekly,https://id-info.jihs.go.jp/en/surveillance/idwr/rapid/index.html,web,mixed,single_series,SER_JP_AMEBIASIS_WEEKLY,,legacy_gap_fill,32,0.0
disease,D165,amebiasis,Amebiasis,JP,Japan,D165,Amebiasis,阿米巴病,Parasitic,2020-05-17,2020-05,6,6.0,0,0.004750422951928182,wpp_computed,,2012-09-16,2026-07-25,2026-08-01T00:00:00+00:00,jp_weekly,JP NIID Weekly,https://id-info.jihs.go.jp/en/surveillance/idwr/rapid/index.html,web,jp_weekly,JP NIID Weekly,https://id-info.jihs.go.jp/en/surveillance/idwr/rapid/index.html,web,mixed,single_series,SER_JP_AMEBIASIS_WEEKLY,,legacy_gap_fill,32,0.0
disease,D165,amebiasis,Amebiasis,JP,Japan,D165,Amebiasis,阿米巴病,Parasitic,2020-05-24,2020-05,6,6.0,0,0.004750422951928182,wpp_computed,,2012-09-16,2026-07-25,2026-08-01T00:00:00+00:00,jp_weekly,JP NIID Weekly,https://id-info.jihs.go.jp/en/surveillance/idwr/rapid/index.html,web,jp_weekly,JP NIID Weekly,https://id-info.jihs.go.jp/en/surveillance/idwr/rapid/index.html,web,mixed,single_series,SER_JP_AMEBIASIS_WEEKLY,,legacy_gap_fill,32,0.0
disease,D165,amebiasis,Amebiasis,JP,Japan,D165,Amebiasis,阿米巴病,Parasitic,2020-05-31,2020-05,7,7.0,0,0.00554216011058288,wpp_computed,,2012-09-16,2026-07-25,2026-08-01T00:00:00+00:00,jp_weekly,JP NIID Weekly,https://id-info.jihs.go.jp/en/surveillance/idwr/rapid/index.html,web,jp_weekly,JP NIID Weekly,https://id-info.jihs.go.jp/en/surveillance/idwr/rapid/index.html,web,mixed,single_series,SER_JP_AMEBIASIS_WEEKLY,,legacy_gap_fill,32,0.0
disease,D165,amebiasis,Amebiasis,JP,Japan,D165,Amebiasis,阿米巴病,Parasitic,2020-06-07,2020-06,3,3.0,0,0.002375211475964091,wpp_computed,,2012-09-16,2026-07-25,2026-08-01T00:00:00+00:00,jp_weekly,JP NIID Weekly,https://id-info.jihs.go.jp/en/surveillance/idwr/rapid/index.html,web,jp_weekly,JP NIID Weekly,https://id-info.jihs.go.jp/en/surveillance/idwr/rapid/index.html,web,mixed,single_series,SER_JP_AMEBIASIS_WEEKLY,,legacy_gap_fill,32,0.0
disease,D165,amebiasis,Amebiasis,JP,Japan,D165,Amebiasis,阿米巴病,Parasitic,2020-06-14,2020-06,11,11.0,0,0.008709108745201666,wpp_computed,,2012-09-16,2026-07-25,2026-08-01T00:00:00+00:00,jp_weekly,JP NIID Weekly,https://id-info.jihs.go.jp/en/surveillance/idwr/rapid/index.html,web,jp_weekly,JP NIID Weekly,https://id-info.jihs.go.jp/en/surveillance/idwr/rapid/index.html,web,mixed,single_series,SER_JP_AMEBIASIS_WEEKLY,,legacy_gap_fill,32,0.0
disease,D165,amebiasis,Amebiasis,JP,Japan,D165,Amebiasis,阿米巴病,Parasitic,2020-06-21,2020-06,10,10.0,0,0.00791737158654697,wpp_computed,,2012-09-16,2026-07-25,2026-08-01T00:00:00+00:00,jp_weekly,JP NIID Weekly,https://id-info.jihs.go.jp/en/surveillance/idwr/rapid/index.html,web,jp_weekly,JP NIID Weekly,https://id-info.jihs.go.jp/en/surveillance/idwr/rapid/index.html,web,mixed,single_series,SER_JP_AMEBIASIS_WEEKLY,,legacy_gap_fill,32,0.0
disease,D165,amebiasis,Amebiasis,JP,Japan,D165,Amebiasis,阿米巴病,Parasitic,2020-06-28,2020-06,12,12.0,0,0.009500845903856364,wpp_computed,,2012-09-16,2026-07-25,2026-08-01T00:00:00+00:00,jp_weekly,JP NIID Weekly,https://id-info.jihs.go.jp/en/surveillance/idwr/rapid/index.html,web,jp_weekly,JP NIID Weekly,https://id-info.jihs.go.jp/en/surveillance/idwr/rapid/index.html,web,mixed,single_series,SER_JP_AMEBIASIS_WEEKLY,,legacy_gap_fill,32,0.0
disease,D165,amebiasis,Amebiasis,JP,Japan,D165,Amebiasis,阿米巴病,Parasitic,2020-07-05,2020-07,4,4.0,0,0.003166948634618788,wpp_computed,,2012-09-16,2026-07-25,2026-08-01T00:00:00+00:00,jp_weekly,JP NIID Weekly,https://id-info.jihs.go.jp/en/surveillance/idwr/rapid/index.html,web,jp_weekly,JP NIID Weekly,https://id-info.jihs.go.jp/en/surveillance/idwr/rapid/index.html,web,mixed,single_series,SER_JP_AMEBIASIS_WEEKLY,,legacy_gap_fill,32,0.0
disease,D165,amebiasis,Amebiasis,JP,Japan,D165,Amebiasis,阿米巴病,Parasitic,2020-07-12,2020-07,10,10.0,0,0.00791737158654697,wpp_computed,,2012-09-16,2026-07-25,2026-08-01T00:00:00+00:00,jp_weekly,JP NIID Weekly,https://id-info.jihs.go.jp/en/surveillance/idwr/rapid/index.html,web,jp_weekly,JP NIID Weekly,https://id-info.jihs.go.jp/en/surveillance/idwr/rapid/index.html,web,mixed,single_series,SER_JP_AMEBIASIS_WEEKLY,,legacy_gap_fill,32,0.0
disease,D165,amebiasis,Amebiasis,JP,Japan,D165,Amebiasis,阿米巴病,Parasitic,2020-07-19,2020-07,10,10.0,0,0.00791737158654697,wpp_computed,,2012-09-16,2026-07-25,2026-08-01T00:00:00+00:00,jp_weekly,JP NIID Weekly,https://id-info.jihs.go.jp/en/surveillance/idwr/rapid/index.html,web,jp_weekly,JP NIID Weekly,https://id-info.jihs.go.jp/en/surveillance/idwr/rapid/index.html,web,mixed,single_series,SER_JP_AMEBIASIS_WEEKLY,,legacy_gap_fill,32,0.0
disease,D165,amebiasis,Amebiasis,JP,Japan,D165,Amebiasis,阿米巴病,Parasitic,2020-07-26,2020-07,5,5.0,0,0.003958685793273485,wpp_computed,,2012-09-16,2026-07-25,2026-08-01T00:00:00+00:00,jp_weekly,JP NIID Weekly,https://id-info.jihs.go.jp/en/surveillance/idwr/rapid/index.html,web,jp_weekly,JP NIID Weekly,https://id-info.jihs.go.jp/en/surveillance/idwr/rapid/index.html,web,mixed,single_series,SER_JP_AMEBIASIS_WEEKLY,,legacy_gap_fill,32,0.0
disease,D165,amebiasis,Amebiasis,JP,Japan,D165,Amebiasis,阿米巴病,Parasitic,2020-08-02,2020-08,8,8.0,0,0.006333897269237576,wpp_computed,,2012-09-16,2026-07-25,2026-08-01T00:00:00+00:00,jp_weekly,JP NIID Weekly,https://id-info.jihs.go.jp/en/surveillance/idwr/rapid/index.html,web,jp_weekly,JP NIID Weekly,https://id-info.jihs.go.jp/en/surveillance/idwr/rapid/index.html,web,mixed,single_series,SER_JP_AMEBIASIS_WEEKLY,,legacy_gap_fill,32,0.0
disease,D165,amebiasis,Amebiasis,JP,Japan,D165,Amebiasis,阿米巴病,Parasitic,2020-08-09,2020-08,3,3.0,0,0.002375211475964091,wpp_computed,,2012-09-16,2026-07-25,2026-08-01T00:00:00+00:00,jp_weekly,JP NIID Weekly,https://id-info.jihs.go.jp/en/surveillance/idwr/rapid/index.html,web,jp_weekly,JP NIID Weekly,https://id-info.jihs.go.jp/en/surveillance/idwr/rapid/index.html,web,mixed,single_series,SER_JP_AMEBIASIS_WEEKLY,,legacy_gap_fill,32,0.0
disease,D165,amebiasis,Amebiasis,JP,Japan,D165,Amebiasis,阿米巴病,Parasitic,2020-08-16,2020-08,5,5.0,0,0.003958685793273485,wpp_computed,,2012-09-16,2026-07-25,2026-08-01T00:00:00+00:00,jp_weekly,JP NIID Weekly,https://id-info.jihs.go.jp/en/surveillance/idwr/rapid/index.html,web,jp_weekly,JP NIID Weekly,https://id-info.jihs.go.jp/en/surveillance/idwr/rapid/index.html,web,mixed,single_series,SER_JP_AMEBIASIS_WEEKLY,,legacy_gap_fill,32,0.0
disease,D165,amebiasis,Amebiasis,JP,Japan,D165,Amebiasis,阿米巴病,Parasitic,2020-08-23,2020-08,10,10.0,0,0.00791737158654697,wpp_computed,,2012-09-16,2026-07-25,2026-08-01T00:00:00+00:00,jp_weekly,JP NIID Weekly,https://id-info.jihs.go.jp/en/surveillance/idwr/rapid/index.html,web,jp_weekly,JP NIID Weekly,https://id-info.jihs.go.jp/en/surveillance/idwr/rapid/index.html,web,mixed,single_series,SER_JP_AMEBIASIS_WEEKLY,,legacy_gap_fill,32,0.0
disease,D165,amebiasis,Amebiasis,JP,Japan,D165,Amebiasis,阿米巴病,Parasitic,2020-08-30,2020-08,13,13.0,0,0.010292583062511062,wpp_computed,,2012-09-16,2026-07-25,2026-08-01T00:00:00+00:00,jp_weekly,JP NIID Weekly,https://id-info.jihs.go.jp/en/surveillance/idwr/rapid/index.html,web,jp_weekly,JP NIID Weekly,https://id-info.jihs.go.jp/en/surveillance/idwr/rapid/index.html,web,mixed,single_series,SER_JP_AMEBIASIS_WEEKLY,,legacy_gap_fill,32,0.0
disease,D165,amebiasis,Amebiasis,JP,Japan,D165,Amebiasis,阿米巴病,Parasitic,2020-09-06,2020-09,7,7.0,0,0.00554216011058288,wpp_computed,,2012-09-16,2026-07-25,2026-08-01T00:00:00+00:00,jp_weekly,JP NIID Weekly,https://id-info.jihs.go.jp/en/surveillance/idwr/rapid/index.html,web,jp_weekly,JP NIID Weekly,https://id-info.jihs.go.jp/en/surveillance/idwr/rapid/index.html,web,mixed,single_series,SER_JP_AMEBIASIS_WEEKLY,,legacy_gap_fill,32,0.0
disease,D165,amebiasis,Amebiasis,JP,Japan,D165,Amebiasis,阿米巴病,Parasitic,2020-09-13,2020-09,10,10.0,0,0.00791737158654697,wpp_computed,,2012-09-16,2026-07-25,2026-08-01T00:00:00+00:00,jp_weekly,JP NIID Weekly,https://id-info.jihs.go.jp/en/surveillance/idwr/rapid/index.html,web,jp_weekly,JP NIID Weekly,https://id-info.jihs.go.jp/en/surveillance/idwr/rapid/index.html,web,mixed,single_series,SER_JP_AMEBIASIS_WEEKLY,,legacy_gap_fill,32,0.0
disease,D165,amebiasis,Amebiasis,JP,Japan,D165,Amebiasis,阿米巴病,Parasitic,2020-09-20,2020-09,10,10.0,0,0.00791737158654697,wpp_computed,,2012-09-16,2026-07-25,2026-08-01T00:00:00+00:00,jp_weekly,JP NIID Weekly,https://id-info.jihs.go.jp/en/surveillance/idwr/rapid/index.html,web,jp_weekly,JP NIID Weekly,https://id-info.jihs.go.jp/en/surveillance/idwr/rapid/index.html,web,mixed,single_series,SER_JP_AMEBIASIS_WEEKLY,,legacy_gap_fill,32,0.0
disease,D165,amebiasis,Amebiasis,JP,Japan,D165,Amebiasis,阿米巴病,Parasitic,2020-09-27,2020-09,6,6.0,0,0.004750422951928182,wpp_computed,,2012-09-16,2026-07-25,2026-08-01T00:00:00+00:00,jp_weekly,JP NIID Weekly,https://id-info.jihs.go.jp/en/surveillance/idwr/rapid/index.html,web,jp_weekly,JP NIID Weekly,https://id-info.jihs.go.jp/en/surveillance/idwr/rapid/index.html,web,mixed,single_series,SER_JP_AMEBIASIS_WEEKLY,,legacy_gap_fill,32,0.0
disease,D165,amebiasis,Amebiasis,JP,Japan,D165,Amebiasis,阿米巴病,Parasitic,2020-10-04,2020-10,3,3.0,0,0.002375211475964091,wpp_computed,,2012-09-16,2026-07-25,2026-08-01T00:00:00+00:00,jp_weekly,JP NIID Weekly,https://id-info.jihs.go.jp/en/surveillance/idwr/rapid/index.html,web,jp_weekly,JP NIID Weekly,https://id-info.jihs.go.jp/en/surveillance/idwr/rapid/index.html,web,mixed,single_series,SER_JP_AMEBIASIS_WEEKLY,,legacy_gap_fill,32,0.0
disease,D165,amebiasis,Amebiasis,JP,Japan,D165,Amebiasis,阿米巴病,Parasitic,2020-10-11,2020-10,9,9.0,0,0.0071256344278922724,wpp_computed,,2012-09-16,2026-07-25,2026-08-01T00:00:00+00:00,jp_weekly,JP NIID Weekly,https://id-info.jihs.go.jp/en/surveillance/idwr/rapid/index.html,web,jp_weekly,JP NIID Weekly,https://id-info.jihs.go.jp/en/surveillance/idwr/rapid/index.html,web,mixed,single_series,SER_JP_AMEBIASIS_WEEKLY,,legacy_gap_fill,32,0.0
disease,D165,amebiasis,Amebiasis,JP,Japan,D165,Amebiasis,阿米巴病,Parasitic,2020-10-18,2020-10,6,6.0,0,0.004750422951928182,wpp_computed,,2012-09-16,2026-07-25,2026-08-01T00:00:00+00:00,jp_weekly,JP NIID Weekly,https://id-info.jihs.go.jp/en/surveillance/idwr/rapid/index.html,web,jp_weekly,JP NIID Weekly,https://id-info.jihs.go.jp/en/surveillance/idwr/rapid/index.html,web,mixed,single_series,SER_JP_AMEBIASIS_WEEKLY,,legacy_gap_fill,32,0.0
disease,D165,amebiasis,Amebiasis,JP,Japan,D165,Amebiasis,阿米巴病,Parasitic,2020-10-25,2020-10,11,11.0,0,0.008709108745201666,wpp_computed,,2012-09-16,2026-07-25,2026-08-01T00:00:00+00:00,jp_weekly,JP NIID Weekly,https://id-info.jihs.go.jp/en/surveillance/idwr/rapid/index.html,web,jp_weekly,JP NIID Weekly,https://id-info.jihs.go.jp/en/surveillance/idwr/rapid/index.html,web,mixed,single_series,SER_JP_AMEBIASIS_WEEKLY,,legacy_gap_fill,32,0.0
disease,D165,amebiasis,Amebiasis,JP,Japan,D165,Amebiasis,阿米巴病,Parasitic,2020-11-01,2020-11,5,5.0,0,0.003958685793273485,wpp_computed,,2012-09-16,2026-07-25,2026-08-01T00:00:00+00:00,jp_weekly,JP NIID Weekly,https://id-info.jihs.go.jp/en/surveillance/idwr/rapid/index.html,web,jp_weekly,JP NIID Weekly,https://id-info.jihs.go.jp/en/surveillance/idwr/rapid/index.html,web,mixed,single_series,SER_JP_AMEBIASIS_WEEKLY,,legacy_gap_fill,32,0.0
disease,D165,amebiasis,Amebiasis,JP,Japan,D165,Amebiasis,阿米巴病,Parasitic,2020-11-08,2020-11,7,7.0,0,0.00554216011058288,wpp_computed,,2012-09-16,2026-07-25,2026-08-01T00:00:00+00:00,jp_weekly,JP NIID Weekly,https://id-info.jihs.go.jp/en/surveillance/idwr/rapid/index.html,web,jp_weekly,JP NIID Weekly,https://id-info.jihs.go.jp/en/surveillance/idwr/rapid/index.html,web,mixed,single_series,SER_JP_AMEBIASIS_WEEKLY,,legacy_gap_fill,32,0.0
disease,D165,amebiasis,Amebiasis,JP,Japan,D165,Amebiasis,阿米巴病,Parasitic,2020-11-15,2020-11,8,8.0,0,0.006333897269237576,wpp_computed,,2012-09-16,2026-07-25,2026-08-01T00:00:00+00:00,jp_weekly,JP NIID Weekly,https://id-info.jihs.go.jp/en/surveillance/idwr/rapid/index.html,web,jp_weekly,JP NIID Weekly,https://id-info.jihs.go.jp/en/surveillance/idwr/rapid/index.html,web,mixed,single_series,SER_JP_AMEBIASIS_WEEKLY,,legacy_gap_fill,32,0.0
disease,D165,amebiasis,Amebiasis,JP,Japan,D165,Amebiasis,阿米巴病,Parasitic,2020-11-22,2020-11,7,7.0,0,0.00554216011058288,wpp_computed,,2012-09-16,2026-07-25,2026-08-01T00:00:00+00:00,jp_weekly,JP NIID Weekly,https://id-info.jihs.go.jp/en/surveillance/idwr/rapid/index.html,web,jp_weekly,JP NIID Weekly,https://id-info.jihs.go.jp/en/surveillance/idwr/rapid/index.html,web,mixed,single_series,SER_JP_AMEBIASIS_WEEKLY,,legacy_gap_fill,32,0.0
disease,D165,amebiasis,Amebiasis,JP,Japan,D165,Amebiasis,阿米巴病,Parasitic,2020-11-29,2020-11,5,5.0,0,0.003958685793273485,wpp_computed,,2012-09-16,2026-07-25,2026-08-01T00:00:00+00:00,jp_weekly,JP NIID Weekly,https://id-info.jihs.go.jp/en/surveillance/idwr/rapid/index.html,web,jp_weekly,JP NIID Weekly,https://id-info.jihs.go.jp/en/surveillance/idwr/rapid/index.html,web,mixed,single_series,SER_JP_AMEBIASIS_WEEKLY,,legacy_gap_fill,32,0.0
disease,D165,amebiasis,Amebiasis,JP,Japan,D165,Amebiasis,阿米巴病,Parasitic,2020-12-06,2020-12,1,1.0,0,0.000791737158654697,wpp_computed,,2012-09-16,2026-07-25,2026-08-01T00:00:00+00:00,jp_weekly,JP NIID Weekly,https://id-info.jihs.go.jp/en/surveillance/idwr/rapid/index.html,web,jp_weekly,JP NIID Weekly,https://id-info.jihs.go.jp/en/surveillance/idwr/rapid/index.html,web,mixed,single_series,SER_JP_AMEBIASIS_WEEKLY,,legacy_gap_fill,32,0.0
disease,D165,amebiasis,Amebiasis,JP,Japan,D165,Amebiasis,阿米巴病,Parasitic,2020-12-13,2020-12,3,3.0,0,0.002375211475964091,wpp_computed,,2012-09-16,2026-07-25,2026-08-01T00:00:00+00:00,jp_weekly,JP NIID Weekly,https://id-info.jihs.go.jp/en/surveillance/idwr/rapid/index.html,web,jp_weekly,JP NIID Weekly,https://id-info.jihs.go.jp/en/surveillance/idwr/rapid/index.html,web,mixed,single_series,SER_JP_AMEBIASIS_WEEKLY,,legacy_gap_fill,32,0.0
disease,D165,amebiasis,Amebiasis,JP,Japan,D165,Amebiasis,阿米巴病,Parasitic,2020-12-20,2020-12,5,5.0,0,0.003958685793273485,wpp_computed,,2012-09-16,2026-07-25,2026-08-01T00:00:00+00:00,jp_weekly,JP NIID Weekly,https://id-info.jihs.go.jp/en/surveillance/idwr/rapid/index.html,web,jp_weekly,JP NIID Weekly,https://id-info.jihs.go.jp/en/surveillance/idwr/rapid/index.html,web,mixed,single_series,SER_JP_AMEBIASIS_WEEKLY,,legacy_gap_fill,32,0.0
disease,D165,amebiasis,Amebiasis,JP,Japan,D165,Amebiasis,阿米巴病,Parasitic,2020-12-27,2020-12,10,10.0,0,0.00791737158654697,wpp_computed,,2012-09-16,2026-07-25,2026-08-01T00:00:00+00:00,jp_weekly,JP NIID Weekly,https://id-info.jihs.go.jp/en/surveillance/idwr/rapid/index.html,web,jp_weekly,JP NIID Weekly,https://id-info.jihs.go.jp/en/surveillance/idwr/rapid/index.html,web,mixed,single_series,SER_JP_AMEBIASIS_WEEKLY,,legacy_gap_fill,32,0.0
disease,D165,amebiasis,Amebiasis,JP,Japan,D165,Amebiasis,阿米巴病,Parasitic,2021-01-03,2021-01,2,2.0,0,0.0015913514757692308,wpp_computed,,2012-09-16,2026-07-25,2026-08-01T00:00:00+00:00,jp_weekly,JP NIID Weekly,https://id-info.jihs.go.jp/en/surveillance/idwr/rapid/index.html,web,jp_weekly,JP NIID Weekly,https://id-info.jihs.go.jp/en/surveillance/idwr/rapid/index.html,web,mixed,single_series,SER_JP_AMEBIASIS_WEEKLY,,legacy_gap_fill,32,0.0
disease,D165,amebiasis,Amebiasis,JP,Japan,D165,Amebiasis,阿米巴病,Parasitic,2021-01-10,2021-01,8,8.0,0,0.006365405903076923,wpp_computed,,2012-09-16,2026-07-25,2026-08-01T00:00:00+00:00,jp_weekly,JP NIID Weekly,https://id-info.jihs.go.jp/en/surveillance/idwr/rapid/index.html,web,jp_weekly,JP NIID Weekly,https://id-info.jihs.go.jp/en/surveillance/idwr/rapid/index.html,web,mixed,single_series,SER_JP_AMEBIASIS_WEEKLY,,legacy_gap_fill,32,0.0
disease,D165,amebiasis,Amebiasis,JP,Japan,D165,Amebiasis,阿米巴病,Parasitic,2021-01-17,2021-01,7,7.0,0,0.005569730165192309,wpp_computed,,2012-09-16,2026-07-25,2026-08-01T00:00:00+00:00,jp_weekly,JP NIID Weekly,https://id-info.jihs.go.jp/en/surveillance/idwr/rapid/index.html,web,jp_weekly,JP NIID Weekly,https://id-info.jihs.go.jp/en/surveillance/idwr/rapid/index.html,web,mixed,single_series,SER_JP_AMEBIASIS_WEEKLY,,legacy_gap_fill,32,0.0
disease,D165,amebiasis,Amebiasis,JP,Japan,D165,Amebiasis,阿米巴病,Parasitic,2021-01-24,2021-01,4,4.0,0,0.0031827029515384617,wpp_computed,,2012-09-16,2026-07-25,2026-08-01T00:00:00+00:00,jp_weekly,JP NIID Weekly,https://id-info.jihs.go.jp/en/surveillance/idwr/rapid/index.html,web,jp_weekly,JP NIID Weekly,https://id-info.jihs.go.jp/en/surveillance/idwr/rapid/index.html,web,mixed,single_series,SER_JP_AMEBIASIS_WEEKLY,,legacy_gap_fill,32,0.0
disease,D165,amebiasis,Amebiasis,JP,Japan,D165,Amebiasis,阿米巴病,Parasitic,2021-01-31,2021-01,6,6.0,0,0.004774054427307693,wpp_computed,,2012-09-16,2026-07-25,2026-08-01T00:00:00+00:00,jp_weekly,JP NIID Weekly,https://id-info.jihs.go.jp/en/surveillance/idwr/rapid/index.html,web,jp_weekly,JP NIID Weekly,https://id-info.jihs.go.jp/en/surveillance/idwr/rapid/index.html,web,mixed,single_series,SER_JP_AMEBIASIS_WEEKLY,,legacy_gap_fill,32,0.0
disease,D165,amebiasis,Amebiasis,JP,Japan,D165,Amebiasis,阿米巴病,Parasitic,2021-02-07,2021-02,11,11.0,0,0.008752433116730771,wpp_computed,,2012-09-16,2026-07-25,2026-08-01T00:00:00+00:00,jp_weekly,JP NIID Weekly,https://id-info.jihs.go.jp/en/surveillance/idwr/rapid/index.html,web,jp_weekly,JP NIID Weekly,https://id-info.jihs.go.jp/en/surveillance/idwr/rapid/index.html,web,mixed,single_series,SER_JP_AMEBIASIS_WEEKLY,,legacy_gap_fill,32,0.0
disease,D165,amebiasis,Amebiasis,JP,Japan,D165,Amebiasis,阿米巴病,Parasitic,2021-02-14,2021-02,8,8.0,0,0.006365405903076923,wpp_computed,,2012-09-16,2026-07-25,2026-08-01T00:00:00+00:00,jp_weekly,JP NIID Weekly,https://id-info.jihs.go.jp/en/surveillance/idwr/rapid/index.html,web,jp_weekly,JP NIID Weekly,https://id-info.jihs.go.jp/en/surveillance/idwr/rapid/index.html,web,mixed,single_series,SER_JP_AMEBIASIS_WEEKLY,,legacy_gap_fill,32,0.0
disease,D165,amebiasis,Amebiasis,JP,Japan,D165,Amebiasis,阿米巴病,Parasitic,2021-02-21,2021-02,9,9.0,0,0.007161081640961539,wpp_computed,,2012-09-16,2026-07-25,2026-08-01T00:00:00+00:00,jp_weekly,JP NIID Weekly,https://id-info.jihs.go.jp/en/surveillance/idwr/rapid/index.html,web,jp_weekly,JP NIID Weekly,https://id-info.jihs.go.jp/en/surveillance/idwr/rapid/index.html,web,mixed,single_series,SER_JP_AMEBIASIS_WEEKLY,,legacy_gap_fill,32,0.0
disease,D165,amebiasis,Amebiasis,JP,Japan,D165,Amebiasis,阿米巴病,Parasitic,2021-02-28,2021-02,3,3.0,0,0.0023870272136538467,wpp_computed,,2012-09-16,2026-07-25,2026-08-01T00:00:00+00:00,jp_weekly,JP NIID Weekly,https://id-info.jihs.go.jp/en/surveillance/idwr/rapid/index.html,web,jp_weekly,JP NIID Weekly,https://id-info.jihs.go.jp/en/surveillance/idwr/rapid/index.html,web,mixed,single_series,SER_JP_AMEBIASIS_WEEKLY,,legacy_gap_fill,32,0.0
disease,D165,amebiasis,Amebiasis,JP,Japan,D165,Amebiasis,阿米巴病,Parasitic,2021-03-07,2021-03,9,9.0,0,0.007161081640961539,wpp_computed,,2012-09-16,2026-07-25,2026-08-01T00:00:00+00:00,jp_weekly,JP NIID Weekly,https://id-info.jihs.go.jp/en/surveillance/idwr/rapid/index.html,web,jp_weekly,JP NIID Weekly,https://id-info.jihs.go.jp/en/surveillance/idwr/rapid/index.html,web,mixed,single_series,SER_JP_AMEBIASIS_WEEKLY,,legacy_gap_fill,32,0.0
disease,D165,amebiasis,Amebiasis,JP,Japan,D165,Amebiasis,阿米巴病,Parasitic,2021-03-14,2021-03,2,2.0,0,0.0015913514757692308,wpp_computed,,2012-09-16,2026-07-25,2026-08-01T00:00:00+00:00,jp_weekly,JP NIID Weekly,https://id-info.jihs.go.jp/en/surveillance/idwr/rapid/index.html,web,jp_weekly,JP NIID Weekly,https://id-info.jihs.go.jp/en/surveillance/idwr/rapid/index.html,web,mixed,single_series,SER_JP_AMEBIASIS_WEEKLY,,legacy_gap_fill,32,0.0
disease,D165,amebiasis,Amebiasis,JP,Japan,D165,Amebiasis,阿米巴病,Parasitic,2021-03-21,2021-03,4,4.0,0,0.0031827029515384617,wpp_computed,,2012-09-16,2026-07-25,2026-08-01T00:00:00+00:00,jp_weekly,JP NIID Weekly,https://id-info.jihs.go.jp/en/surveillance/idwr/rapid/index.html,web,jp_weekly,JP NIID Weekly,https://id-info.jihs.go.jp/en/surveillance/idwr/rapid/index.html,web,mixed,single_series,SER_JP_AMEBIASIS_WEEKLY,,legacy_gap_fill,32,0.0
disease,D165,amebiasis,Amebiasis,JP,Japan,D165,Amebiasis,阿米巴病,Parasitic,2021-03-28,2021-03,1,1.0,0,0.0007956757378846154,wpp_computed,,2012-09-16,2026-07-25,2026-08-01T00:00:00+00:00,jp_weekly,JP NIID Weekly,https://id-info.jihs.go.jp/en/surveillance/idwr/rapid/index.html,web,jp_weekly,JP NIID Weekly,https://id-info.jihs.go.jp/en/surveillance/idwr/rapid/index.html,web,mixed,single_series,SER_JP_AMEBIASIS_WEEKLY,,legacy_gap_fill,32,0.0
disease,D165,amebiasis,Amebiasis,JP,Japan,D165,Amebiasis,阿米巴病,Parasitic,2021-04-04,2021-04,8,8.0,0,0.006365405903076923,wpp_computed,,2012-09-16,2026-07-25,2026-08-01T00:00:00+00:00,jp_weekly,JP NIID Weekly,https://id-info.jihs.go.jp/en/surveillance/idwr/rapid/index.html,web,jp_weekly,JP NIID Weekly,https://id-info.jihs.go.jp/en/surveillance/idwr/rapid/index.html,web,mixed,single_series,SER_JP_AMEBIASIS_WEEKLY,,legacy_gap_fill,32,0.0
disease,D165,amebiasis,Amebiasis,JP,Japan,D165,Amebiasis,阿米巴病,Parasitic,2021-04-11,2021-04,4,4.0,0,0.0031827029515384617,wpp_computed,,2012-09-16,2026-07-25,2026-08-01T00:00:00+00:00,jp_weekly,JP NIID Weekly,https://id-info.jihs.go.jp/en/surveillance/idwr/rapid/index.html,web,jp_weekly,JP NIID Weekly,https://id-info.jihs.go.jp/en/surveillance/idwr/rapid/index.html,web,mixed,single_series,SER_JP_AMEBIASIS_WEEKLY,,legacy_gap_fill,32,0.0
disease,D165,amebiasis,Amebiasis,JP,Japan,D165,Amebiasis,阿米巴病,Parasitic,2021-04-18,2021-04,4,4.0,0,0.0031827029515384617,wpp_computed,,2012-09-16,2026-07-25,2026-08-01T00:00:00+00:00,jp_weekly,JP NIID Weekly,https://id-info.jihs.go.jp/en/surveillance/idwr/rapid/index.html,web,jp_weekly,JP NIID Weekly,https://id-info.jihs.go.jp/en/surveillance/idwr/rapid/index.html,web,mixed,single_series,SER_JP_AMEBIASIS_WEEKLY,,legacy_gap_fill,32,0.0
disease,D165,amebiasis,Amebiasis,JP,Japan,D165,Amebiasis,阿米巴病,Parasitic,2021-04-25,2021-04,4,4.0,0,0.0031827029515384617,wpp_computed,,2012-09-16,2026-07-25,2026-08-01T00:00:00+00:00,jp_weekly,JP NIID Weekly,https://id-info.jihs.go.jp/en/surveillance/idwr/rapid/index.html,web,jp_weekly,JP NIID Weekly,https://id-info.jihs.go.jp/en/surveillance/idwr/rapid/index.html,web,mixed,single_series,SER_JP_AMEBIASIS_WEEKLY,,legacy_gap_fill,32,0.0
disease,D165,amebiasis,Amebiasis,JP,Japan,D165,Amebiasis,阿米巴病,Parasitic,2021-05-02,2021-05,6,6.0,0,0.004774054427307693,wpp_computed,,2012-09-16,2026-07-25,2026-08-01T00:00:00+00:00,jp_weekly,JP NIID Weekly,https://id-info.jihs.go.jp/en/surveillance/idwr/rapid/index.html,web,jp_weekly,JP NIID Weekly,https://id-info.jihs.go.jp/en/surveillance/idwr/rapid/index.html,web,mixed,single_series,SER_JP_AMEBIASIS_WEEKLY,,legacy_gap_fill,32,0.0
disease,D165,amebiasis,Amebiasis,JP,Japan,D165,Amebiasis,阿米巴病,Parasitic,2021-05-09,2021-05,5,5.0,0,0.003978378689423077,wpp_computed,,2012-09-16,2026-07-25,2026-08-01T00:00:00+00:00,jp_weekly,JP NIID Weekly,https://id-info.jihs.go.jp/en/surveillance/idwr/rapid/index.html,web,jp_weekly,JP NIID Weekly,https://id-info.jihs.go.jp/en/surveillance/idwr/rapid/index.html,web,mixed,single_series,SER_JP_AMEBIASIS_WEEKLY,,legacy_gap_fill,32,0.0
disease,D165,amebiasis,Amebiasis,JP,Japan,D165,Amebiasis,阿米巴病,Parasitic,2021-05-16,2021-05,6,6.0,0,0.004774054427307693,wpp_computed,,2012-09-16,2026-07-25,2026-08-01T00:00:00+00:00,jp_weekly,JP NIID Weekly,https://id-info.jihs.go.jp/en/surveillance/idwr/rapid/index.html,web,jp_weekly,JP NIID Weekly,https://id-info.jihs.go.jp/en/surveillance/idwr/rapid/index.html,web,mixed,single_series,SER_JP_AMEBIASIS_WEEKLY,,legacy_gap_fill,32,0.0
disease,D165,amebiasis,Amebiasis,JP,Japan,D165,Amebiasis,阿米巴病,Parasitic,2021-05-23,2021-05,7,7.0,0,0.005569730165192309,wpp_computed,,2012-09-16,2026-07-25,2026-08-01T00:00:00+00:00,jp_weekly,JP NIID Weekly,https://id-info.jihs.go.jp/en/surveillance/idwr/rapid/index.html,web,jp_weekly,JP NIID Weekly,https://id-info.jihs.go.jp/en/surveillance/idwr/rapid/index.html,web,mixed,single_series,SER_JP_AMEBIASIS_WEEKLY,,legacy_gap_fill,32,0.0
disease,D165,amebiasis,Amebiasis,JP,Japan,D165,Amebiasis,阿米巴病,Parasitic,2021-05-30,2021-05,6,6.0,0,0.004774054427307693,wpp_computed,,2012-09-16,2026-07-25,2026-08-01T00:00:00+00:00,jp_weekly,JP NIID Weekly,https://id-info.jihs.go.jp/en/surveillance/idwr/rapid/index.html,web,jp_weekly,JP NIID Weekly,https://id-info.jihs.go.jp/en/surveillance/idwr/rapid/index.html,web,mixed,single_series,SER_JP_AMEBIASIS_WEEKLY,,legacy_gap_fill,32,0.0
disease,D165,amebiasis,Amebiasis,JP,Japan,D165,Amebiasis,阿米巴病,Parasitic,2021-06-06,2021-06,10,10.0,0,0.007956757378846154,wpp_computed,,2012-09-16,2026-07-25,2026-08-01T00:00:00+00:00,jp_weekly,JP NIID Weekly,https://id-info.jihs.go.jp/en/surveillance/idwr/rapid/index.html,web,jp_weekly,JP NIID Weekly,https://id-info.jihs.go.jp/en/surveillance/idwr/rapid/index.html,web,mixed,single_series,SER_JP_AMEBIASIS_WEEKLY,,legacy_gap_fill,32,0.0
disease,D165,amebiasis,Amebiasis,JP,Japan,D165,Amebiasis,阿米巴病,Parasitic,2021-06-13,2021-06,6,6.0,0,0.004774054427307693,wpp_computed,,2012-09-16,2026-07-25,2026-08-01T00:00:00+00:00,jp_weekly,JP NIID Weekly,https://id-info.jihs.go.jp/en/surveillance/idwr/rapid/index.html,web,jp_weekly,JP NIID Weekly,https://id-info.jihs.go.jp/en/surveillance/idwr/rapid/index.html,web,mixed,single_series,SER_JP_AMEBIASIS_WEEKLY,,legacy_gap_fill,32,0.0
disease,D165,amebiasis,Amebiasis,JP,Japan,D165,Amebiasis,阿米巴病,Parasitic,2021-06-20,2021-06,5,5.0,0,0.003978378689423077,wpp_computed,,2012-09-16,2026-07-25,2026-08-01T00:00:00+00:00,jp_weekly,JP NIID Weekly,https://id-info.jihs.go.jp/en/surveillance/idwr/rapid/index.html,web,jp_weekly,JP NIID Weekly,https://id-info.jihs.go.jp/en/surveillance/idwr/rapid/index.html,web,mixed,single_series,SER_JP_AMEBIASIS_WEEKLY,,legacy_gap_fill,32,0.0
disease,D165,amebiasis,Amebiasis,JP,Japan,D165,Amebiasis,阿米巴病,Parasitic,2021-06-27,2021-06,9,9.0,0,0.007161081640961539,wpp_computed,,2012-09-16,2026-07-25,2026-08-01T00:00:00+00:00,jp_weekly,JP NIID Weekly,https://id-info.jihs.go.jp/en/surveillance/idwr/rapid/index.html,web,jp_weekly,JP NIID Weekly,https://id-info.jihs.go.jp/en/surveillance/idwr/rapid/index.html,web,mixed,single_series,SER_JP_AMEBIASIS_WEEKLY,,legacy_gap_fill,32,0.0
disease,D165,amebiasis,Amebiasis,JP,Japan,D165,Amebiasis,阿米巴病,Parasitic,2021-07-04,2021-07,6,6.0,0,0.004774054427307693,wpp_computed,,2012-09-16,2026-07-25,2026-08-01T00:00:00+00:00,jp_weekly,JP NIID Weekly,https://id-info.jihs.go.jp/en/surveillance/idwr/rapid/index.html,web,jp_weekly,JP NIID Weekly,https://id-info.jihs.go.jp/en/surveillance/idwr/rapid/index.html,web,mixed,single_series,SER_JP_AMEBIASIS_WEEKLY,,legacy_gap_fill,32,0.0
disease,D165,amebiasis,Amebiasis,JP,Japan,D165,Amebiasis,阿米巴病,Parasitic,2021-07-11,2021-07,4,4.0,0,0.0031827029515384617,wpp_computed,,2012-09-16,2026-07-25,2026-08-01T00:00:00+00:00,jp_weekly,JP NIID Weekly,https://id-info.jihs.go.jp/en/surveillance/idwr/rapid/index.html,web,jp_weekly,JP NIID Weekly,https://id-info.jihs.go.jp/en/surveillance/idwr/rapid/index.html,web,mixed,single_series,SER_JP_AMEBIASIS_WEEKLY,,legacy_gap_fill,32,0.0
disease,D165,amebiasis,Amebiasis,JP,Japan,D165,Amebiasis,阿米巴病,Parasitic,2021-07-18,2021-07,12,12.0,0,0.009548108854615387,wpp_computed,,2012-09-16,2026-07-25,2026-08-01T00:00:00+00:00,jp_weekly,JP NIID Weekly,https://id-info.jihs.go.jp/en/surveillance/idwr/rapid/index.html,web,jp_weekly,JP NIID Weekly,https://id-info.jihs.go.jp/en/surveillance/idwr/rapid/index.html,web,mixed,single_series,SER_JP_AMEBIASIS_WEEKLY,,legacy_gap_fill,32,0.0
disease,D165,amebiasis,Amebiasis,JP,Japan,D165,Amebiasis,阿米巴病,Parasitic,2021-07-25,2021-07,5,5.0,0,0.003978378689423077,wpp_computed,,2012-09-16,2026-07-25,2026-08-01T00:00:00+00:00,jp_weekly,JP NIID Weekly,https://id-info.jihs.go.jp/en/surveillance/idwr/rapid/index.html,web,jp_weekly,JP NIID Weekly,https://id-info.jihs.go.jp/en/surveillance/idwr/rapid/index.html,web,mixed,single_series,SER_JP_AMEBIASIS_WEEKLY,,legacy_gap_fill,32,0.0
disease,D165,amebiasis,Amebiasis,JP,Japan,D165,Amebiasis,阿米巴病,Parasitic,2021-08-01,2021-08,5,5.0,0,0.003978378689423077,wpp_computed,,2012-09-16,2026-07-25,2026-08-01T00:00:00+00:00,jp_weekly,JP NIID Weekly,https://id-info.jihs.go.jp/en/surveillance/idwr/rapid/index.html,web,jp_weekly,JP NIID Weekly,https://id-info.jihs.go.jp/en/surveillance/idwr/rapid/index.html,web,mixed,single_series,SER_JP_AMEBIASIS_WEEKLY,,legacy_gap_fill,32,0.0
disease,D165,amebiasis,Amebiasis,JP,Japan,D165,Amebiasis,阿米巴病,Parasitic,2021-08-08,2021-08,5,5.0,0,0.003978378689423077,wpp_computed,,2012-09-16,2026-07-25,2026-08-01T00:00:00+00:00,jp_weekly,JP NIID Weekly,https://id-info.jihs.go.jp/en/surveillance/idwr/rapid/index.html,web,jp_weekly,JP NIID Weekly,https://id-info.jihs.go.jp/en/surveillance/idwr/rapid/index.html,web,mixed,single_series,SER_JP_AMEBIASIS_WEEKLY,,legacy_gap_fill,32,0.0
disease,D165,amebiasis,Amebiasis,JP,Japan,D165,Amebiasis,阿米巴病,Parasitic,2021-08-15,2021-08,8,8.0,0,0.006365405903076923,wpp_computed,,2012-09-16,2026-07-25,2026-08-01T00:00:00+00:00,jp_weekly,JP NIID Weekly,https://id-info.jihs.go.jp/en/surveillance/idwr/rapid/index.html,web,jp_weekly,JP NIID Weekly,https://id-info.jihs.go.jp/en/surveillance/idwr/rapid/index.html,web,mixed,single_series,SER_JP_AMEBIASIS_WEEKLY,,legacy_gap_fill,32,0.0
disease,D165,amebiasis,Amebiasis,JP,Japan,D165,Amebiasis,阿米巴病,Parasitic,2021-08-22,2021-08,5,5.0,0,0.003978378689423077,wpp_computed,,2012-09-16,2026-07-25,2026-08-01T00:00:00+00:00,jp_weekly,JP NIID Weekly,https://id-info.jihs.go.jp/en/surveillance/idwr/rapid/index.html,web,jp_weekly,JP NIID Weekly,https://id-info.jihs.go.jp/en/surveillance/idwr/rapid/index.html,web,mixed,single_series,SER_JP_AMEBIASIS_WEEKLY,,legacy_gap_fill,32,0.0
disease,D165,amebiasis,Amebiasis,JP,Japan,D165,Amebiasis,阿米巴病,Parasitic,2021-08-29,2021-08,4,4.0,0,0.0031827029515384617,wpp_computed,,2012-09-16,2026-07-25,2026-08-01T00:00:00+00:00,jp_weekly,JP NIID Weekly,https://id-info.jihs.go.jp/en/surveillance/idwr/rapid/index.html,web,jp_weekly,JP NIID Weekly,https://id-info.jihs.go.jp/en/surveillance/idwr/rapid/index.html,web,mixed,single_series,SER_JP_AMEBIASIS_WEEKLY,,legacy_gap_fill,32,0.0
disease,D165,amebiasis,Amebiasis,JP,Japan,D165,Amebiasis,阿米巴病,Parasitic,2021-09-05,2021-09,3,3.0,0,0.0023870272136538467,wpp_computed,,2012-09-16,2026-07-25,2026-08-01T00:00:00+00:00,jp_weekly,JP NIID Weekly,https://id-info.jihs.go.jp/en/surveillance/idwr/rapid/index.html,web,jp_weekly,JP NIID Weekly,https://id-info.jihs.go.jp/en/surveillance/idwr/rapid/index.html,web,mixed,single_series,SER_JP_AMEBIASIS_WEEKLY,,legacy_gap_fill,32,0.0
disease,D165,amebiasis,Amebiasis,JP,Japan,D165,Amebiasis,阿米巴病,Parasitic,2021-09-12,2021-09,6,6.0,0,0.004774054427307693,wpp_computed,,2012-09-16,2026-07-25,2026-08-01T00:00:00+00:00,jp_weekly,JP NIID Weekly,https://id-info.jihs.go.jp/en/surveillance/idwr/rapid/index.html,web,jp_weekly,JP NIID Weekly,https://id-info.jihs.go.jp/en/surveillance/idwr/rapid/index.html,web,mixed,single_series,SER_JP_AMEBIASIS_WEEKLY,,legacy_gap_fill,32,0.0
disease,D165,amebiasis,Amebiasis,JP,Japan,D165,Amebiasis,阿米巴病,Parasitic,2021-09-19,2021-09,4,4.0,0,0.0031827029515384617,wpp_computed,,2012-09-16,2026-07-25,2026-08-01T00:00:00+00:00,jp_weekly,JP NIID Weekly,https://id-info.jihs.go.jp/en/surveillance/idwr/rapid/index.html,web,jp_weekly,JP NIID Weekly,https://id-info.jihs.go.jp/en/surveillance/idwr/rapid/index.html,web,mixed,single_series,SER_JP_AMEBIASIS_WEEKLY,,legacy_gap_fill,32,0.0
disease,D165,amebiasis,Amebiasis,JP,Japan,D165,Amebiasis,阿米巴病,Parasitic,2021-09-26,2021-09,8,8.0,0,0.006365405903076923,wpp_computed,,2012-09-16,2026-07-25,2026-08-01T00:00:00+00:00,jp_weekly,JP NIID Weekly,https://id-info.jihs.go.jp/en/surveillance/idwr/rapid/index.html,web,jp_weekly,JP NIID Weekly,https://id-info.jihs.go.jp/en/surveillance/idwr/rapid/index.html,web,mixed,single_series,SER_JP_AMEBIASIS_WEEKLY,,legacy_gap_fill,32,0.0
disease,D165,amebiasis,Amebiasis,JP,Japan,D165,Amebiasis,阿米巴病,Parasitic,2021-10-03,2021-10,6,6.0,0,0.004774054427307693,wpp_computed,,2012-09-16,2026-07-25,2026-08-01T00:00:00+00:00,jp_weekly,JP NIID Weekly,https://id-info.jihs.go.jp/en/surveillance/idwr/rapid/index.html,web,jp_weekly,JP NIID Weekly,https://id-info.jihs.go.jp/en/surveillance/idwr/rapid/index.html,web,mixed,single_series,SER_JP_AMEBIASIS_WEEKLY,,legacy_gap_fill,32,0.0
disease,D165,amebiasis,Amebiasis,JP,Japan,D165,Amebiasis,阿米巴病,Parasitic,2021-10-10,2021-10,3,3.0,0,0.0023870272136538467,wpp_computed,,2012-09-16,2026-07-25,2026-08-01T00:00:00+00:00,jp_weekly,JP NIID Weekly,https://id-info.jihs.go.jp/en/surveillance/idwr/rapid/index.html,web,jp_weekly,JP NIID Weekly,https://id-info.jihs.go.jp/en/surveillance/idwr/rapid/index.html,web,mixed,single_series,SER_JP_AMEBIASIS_WEEKLY,,legacy_gap_fill,32,0.0
disease,D165,amebiasis,Amebiasis,JP,Japan,D165,Amebiasis,阿米巴病,Parasitic,2021-10-17,2021-10,7,7.0,0,0.005569730165192309,wpp_computed,,2012-09-16,2026-07-25,2026-08-01T00:00:00+00:00,jp_weekly,JP NIID Weekly,https://id-info.jihs.go.jp/en/surveillance/idwr/rapid/index.html,web,jp_weekly,JP NIID Weekly,https://id-info.jihs.go.jp/en/surveillance/idwr/rapid/index.html,web,mixed,single_series,SER_JP_AMEBIASIS_WEEKLY,,legacy_gap_fill,32,0.0
disease,D165,amebiasis,Amebiasis,JP,Japan,D165,Amebiasis,阿米巴病,Parasitic,2021-10-24,2021-10,5,5.0,0,0.003978378689423077,wpp_computed,,2012-09-16,2026-07-25,2026-08-01T00:00:00+00:00,jp_weekly,JP NIID Weekly,https://id-info.jihs.go.jp/en/surveillance/idwr/rapid/index.html,web,jp_weekly,JP NIID Weekly,https://id-info.jihs.go.jp/en/surveillance/idwr/rapid/index.html,web,mixed,single_series,SER_JP_AMEBIASIS_WEEKLY,,legacy_gap_fill,32,0.0
disease,D165,amebiasis,Amebiasis,JP,Japan,D165,Amebiasis,阿米巴病,Parasitic,2021-10-31,2021-10,7,7.0,0,0.005569730165192309,wpp_computed,,2012-09-16,2026-07-25,2026-08-01T00:00:00+00:00,jp_weekly,JP NIID Weekly,https://id-info.jihs.go.jp/en/surveillance/idwr/rapid/index.html,web,jp_weekly,JP NIID Weekly,https://id-info.jihs.go.jp/en/surveillance/idwr/rapid/index.html,web,mixed,single_series,SER_JP_AMEBIASIS_WEEKLY,,legacy_gap_fill,32,0.0
disease,D165,amebiasis,Amebiasis,JP,Japan,D165,Amebiasis,阿米巴病,Parasitic,2021-11-07,2021-11,4,4.0,0,0.0031827029515384617,wpp_computed,,2012-09-16,2026-07-25,2026-08-01T00:00:00+00:00,jp_weekly,JP NIID Weekly,https://id-info.jihs.go.jp/en/surveillance/idwr/rapid/index.html,web,jp_weekly,JP NIID Weekly,https://id-info.jihs.go.jp/en/surveillance/idwr/rapid/index.html,web,mixed,single_series,SER_JP_AMEBIASIS_WEEKLY,,legacy_gap_fill,32,0.0
disease,D165,amebiasis,Amebiasis,JP,Japan,D165,Amebiasis,阿米巴病,Parasitic,2021-11-14,2021-11,5,5.0,0,0.003978378689423077,wpp_computed,,2012-09-16,2026-07-25,2026-08-01T00:00:00+00:00,jp_weekly,JP NIID Weekly,https://id-info.jihs.go.jp/en/surveillance/idwr/rapid/index.html,web,jp_weekly,JP NIID Weekly,https://id-info.jihs.go.jp/en/surveillance/idwr/rapid/index.html,web,mixed,single_series,SER_JP_AMEBIASIS_WEEKLY,,legacy_gap_fill,32,0.0
disease,D165,amebiasis,Amebiasis,JP,Japan,D165,Amebiasis,阿米巴病,Parasitic,2021-11-21,2021-11,10,10.0,0,0.007956757378846154,wpp_computed,,2012-09-16,2026-07-25,2026-08-01T00:00:00+00:00,jp_weekly,JP NIID Weekly,https://id-info.jihs.go.jp/en/surveillance/idwr/rapid/index.html,web,jp_weekly,JP NIID Weekly,https://id-info.jihs.go.jp/en/surveillance/idwr/rapid/index.html,web,mixed,single_series,SER_JP_AMEBIASIS_WEEKLY,,legacy_gap_fill,32,0.0
disease,D165,amebiasis,Amebiasis,JP,Japan,D165,Amebiasis,阿米巴病,Parasitic,2021-11-28,2021-11,6,6.0,0,0.004774054427307693,wpp_computed,,2012-09-16,2026-07-25,2026-08-01T00:00:00+00:00,jp_weekly,JP NIID Weekly,https://id-info.jihs.go.jp/en/surveillance/idwr/rapid/index.html,web,jp_weekly,JP NIID Weekly,https://id-info.jihs.go.jp/en/surveillance/idwr/rapid/index.html,web,mixed,single_series,SER_JP_AMEBIASIS_WEEKLY,,legacy_gap_fill,32,0.0
disease,D165,amebiasis,Amebiasis,JP,Japan,D165,Amebiasis,阿米巴病,Parasitic,2021-12-05,2021-12,14,14.0,0,0.011139460330384618,wpp_computed,,2012-09-16,2026-07-25,2026-08-01T00:00:00+00:00,jp_weekly,JP NIID Weekly,https://id-info.jihs.go.jp/en/surveillance/idwr/rapid/index.html,web,jp_weekly,JP NIID Weekly,https://id-info.jihs.go.jp/en/surveillance/idwr/rapid/index.html,web,mixed,single_series,SER_JP_AMEBIASIS_WEEKLY,,legacy_gap_fill,32,0.0
disease,D165,amebiasis,Amebiasis,JP,Japan,D165,Amebiasis,阿米巴病,Parasitic,2021-12-12,2021-12,9,9.0,0,0.007161081640961539,wpp_computed,,2012-09-16,2026-07-25,2026-08-01T00:00:00+00:00,jp_weekly,JP NIID Weekly,https://id-info.jihs.go.jp/en/surveillance/idwr/rapid/index.html,web,jp_weekly,JP NIID Weekly,https://id-info.jihs.go.jp/en/surveillance/idwr/rapid/index.html,web,mixed,single_series,SER_JP_AMEBIASIS_WEEKLY,,legacy_gap_fill,32,0.0
disease,D165,amebiasis,Amebiasis,JP,Japan,D165,Amebiasis,阿米巴病,Parasitic,2021-12-19,2021-12,6,6.0,0,0.004774054427307693,wpp_computed,,2012-09-16,2026-07-25,2026-08-01T00:00:00+00:00,jp_weekly,JP NIID Weekly,https://id-info.jihs.go.jp/en/surveillance/idwr/rapid/index.html,web,jp_weekly,JP NIID Weekly,https://id-info.jihs.go.jp/en/surveillance/idwr/rapid/index.html,web,mixed,single_series,SER_JP_AMEBIASIS_WEEKLY,,legacy_gap_fill,32,0.0
disease,D165,amebiasis,Amebiasis,JP,Japan,D165,Amebiasis,阿米巴病,Parasitic,2021-12-26,2021-12,3,3.0,0,0.0023870272136538467,wpp_computed,,2012-09-16,2026-07-25,2026-08-01T00:00:00+00:00,jp_weekly,JP NIID Weekly,https://id-info.jihs.go.jp/en/surveillance/idwr/rapid/index.html,web,jp_weekly,JP NIID Weekly,https://id-info.jihs.go.jp/en/surveillance/idwr/rapid/index.html,web,mixed,single_series,SER_JP_AMEBIASIS_WEEKLY,,legacy_gap_fill,32,0.0
disease,D165,amebiasis,Amebiasis,JP,Japan,D165,Amebiasis,阿米巴病,Parasitic,2022-01-02,2022-01,6,6.0,0,0.0048000930066020965,wpp_computed,,2012-09-16,2026-07-25,2026-08-01T00:00:00+00:00,jp_weekly,JP NIID Weekly,https://id-info.jihs.go.jp/en/surveillance/idwr/rapid/index.html,web,jp_weekly,JP NIID Weekly,https://id-info.jihs.go.jp/en/surveillance/idwr/rapid/index.html,web,mixed,single_series,SER_JP_AMEBIASIS_WEEKLY,,legacy_gap_fill,32,0.0
disease,D165,amebiasis,Amebiasis,JP,Japan,D165,Amebiasis,阿米巴病,Parasitic,2022-01-09,2022-01,8,8.0,0,0.0064001240088027945,wpp_computed,,2012-09-16,2026-07-25,2026-08-01T00:00:00+00:00,jp_weekly,JP NIID Weekly,https://id-info.jihs.go.jp/en/surveillance/idwr/rapid/index.html,web,jp_weekly,JP NIID Weekly,https://id-info.jihs.go.jp/en/surveillance/idwr/rapid/index.html,web,mixed,single_series,SER_JP_AMEBIASIS_WEEKLY,,legacy_gap_fill,32,0.0
disease,D165,amebiasis,Amebiasis,JP,Japan,D165,Amebiasis,阿米巴病,Parasitic,2022-01-16,2022-01,3,3.0,0,0.0024000465033010483,wpp_computed,,2012-09-16,2026-07-25,2026-08-01T00:00:00+00:00,jp_weekly,JP NIID Weekly,https://id-info.jihs.go.jp/en/surveillance/idwr/rapid/index.html,web,jp_weekly,JP NIID Weekly,https://id-info.jihs.go.jp/en/surveillance/idwr/rapid/index.html,web,mixed,single_series,SER_JP_AMEBIASIS_WEEKLY,,legacy_gap_fill,32,0.0
disease,D165,amebiasis,Amebiasis,JP,Japan,D165,Amebiasis,阿米巴病,Parasitic,2022-01-23,2022-01,4,4.0,0,0.0032000620044013973,wpp_computed,,2012-09-16,2026-07-25,2026-08-01T00:00:00+00:00,jp_weekly,JP NIID Weekly,https://id-info.jihs.go.jp/en/surveillance/idwr/rapid/index.html,web,jp_weekly,JP NIID Weekly,https://id-info.jihs.go.jp/en/surveillance/idwr/rapid/index.html,web,mixed,single_series,SER_JP_AMEBIASIS_WEEKLY,,legacy_gap_fill,32,0.0
disease,D165,amebiasis,Amebiasis,JP,Japan,D165,Amebiasis,阿米巴病,Parasitic,2022-01-30,2022-01,3,3.0,0,0.0024000465033010483,wpp_computed,,2012-09-16,2026-07-25,2026-08-01T00:00:00+00:00,jp_weekly,JP NIID Weekly,https://id-info.jihs.go.jp/en/surveillance/idwr/rapid/index.html,web,jp_weekly,JP NIID Weekly,https://id-info.jihs.go.jp/en/surveillance/idwr/rapid/index.html,web,mixed,single_series,SER_JP_AMEBIASIS_WEEKLY,,legacy_gap_fill,32,0.0
disease,D165,amebiasis,Amebiasis,JP,Japan,D165,Amebiasis,阿米巴病,Parasitic,2022-02-06,2022-02,7,7.0,0,0.0056001085077024455,wpp_computed,,2012-09-16,2026-07-25,2026-08-01T00:00:00+00:00,jp_weekly,JP NIID Weekly,https://id-info.jihs.go.jp/en/surveillance/idwr/rapid/index.html,web,jp_weekly,JP NIID Weekly,https://id-info.jihs.go.jp/en/surveillance/idwr/rapid/index.html,web,mixed,single_series,SER_JP_AMEBIASIS_WEEKLY,,legacy_gap_fill,32,0.0
disease,D165,amebiasis,Amebiasis,JP,Japan,D165,Amebiasis,阿米巴病,Parasitic,2022-02-13,2022-02,4,4.0,0,0.0032000620044013973,wpp_computed,,2012-09-16,2026-07-25,2026-08-01T00:00:00+00:00,jp_weekly,JP NIID Weekly,https://id-info.jihs.go.jp/en/surveillance/idwr/rapid/index.html,web,jp_weekly,JP NIID Weekly,https://id-info.jihs.go.jp/en/surveillance/idwr/rapid/index.html,web,mixed,single_series,SER_JP_AMEBIASIS_WEEKLY,,legacy_gap_fill,32,0.0
disease,D165,amebiasis,Amebiasis,JP,Japan,D165,Amebiasis,阿米巴病,Parasitic,2022-02-20,2022-02,2,2.0,0,0.0016000310022006986,wpp_computed,,2012-09-16,2026-07-25,2026-08-01T00:00:00+00:00,jp_weekly,JP NIID Weekly,https://id-info.jihs.go.jp/en/surveillance/idwr/rapid/index.html,web,jp_weekly,JP NIID Weekly,https://id-info.jihs.go.jp/en/surveillance/idwr/rapid/index.html,web,mixed,single_series,SER_JP_AMEBIASIS_WEEKLY,,legacy_gap_fill,32,0.0
disease,D165,amebiasis,Amebiasis,JP,Japan,D165,Amebiasis,阿米巴病,Parasitic,2022-02-27,2022-02,1,1.0,0,0.0008000155011003493,wpp_computed,,2012-09-16,2026-07-25,2026-08-01T00:00:00+00:00,jp_weekly,JP NIID Weekly,https://id-info.jihs.go.jp/en/surveillance/idwr/rapid/index.html,web,jp_weekly,JP NIID Weekly,https://id-info.jihs.go.jp/en/surveillance/idwr/rapid/index.html,web,mixed,single_series,SER_JP_AMEBIASIS_WEEKLY,,legacy_gap_fill,32,0.0
disease,D165,amebiasis,Amebiasis,JP,Japan,D165,Amebiasis,阿米巴病,Parasitic,2022-03-06,2022-03,7,7.0,0,0.0056001085077024455,wpp_computed,,2012-09-16,2026-07-25,2026-08-01T00:00:00+00:00,jp_weekly,JP NIID Weekly,https://id-info.jihs.go.jp/en/surveillance/idwr/rapid/index.html,web,jp_weekly,JP NIID Weekly,https://id-info.jihs.go.jp/en/surveillance/idwr/rapid/index.html,web,mixed,single_series,SER_JP_AMEBIASIS_WEEKLY,,legacy_gap_fill,32,0.0
disease,D165,amebiasis,Amebiasis,JP,Japan,D165,Amebiasis,阿米巴病,Parasitic,2022-03-13,2022-03,7,7.0,0,0.0056001085077024455,wpp_computed,,2012-09-16,2026-07-25,2026-08-01T00:00:00+00:00,jp_weekly,JP NIID Weekly,https://id-info.jihs.go.jp/en/surveillance/idwr/rapid/index.html,web,jp_weekly,JP NIID Weekly,https://id-info.jihs.go.jp/en/surveillance/idwr/rapid/index.html,web,mixed,single_series,SER_JP_AMEBIASIS_WEEKLY,,legacy_gap_fill,32,0.0
disease,D165,amebiasis,Amebiasis,JP,Japan,D165,Amebiasis,阿米巴病,Parasitic,2022-03-20,2022-03,6,6.0,0,0.0048000930066020965,wpp_computed,,2012-09-16,2026-07-25,2026-08-01T00:00:00+00:00,jp_weekly,JP NIID Weekly,https://id-info.jihs.go.jp/en/surveillance/idwr/rapid/index.html,web,jp_weekly,JP NIID Weekly,https://id-info.jihs.go.jp/en/surveillance/idwr/rapid/index.html,web,mixed,single_series,SER_JP_AMEBIASIS_WEEKLY,,legacy_gap_fill,32,0.0
disease,D165,amebiasis,Amebiasis,JP,Japan,D165,Amebiasis,阿米巴病,Parasitic,2022-03-27,2022-03,6,6.0,0,0.0048000930066020965,wpp_computed,,2012-09-16,2026-07-25,2026-08-01T00:00:00+00:00,jp_weekly,JP NIID Weekly,https://id-info.jihs.go.jp/en/surveillance/idwr/rapid/index.html,web,jp_weekly,JP NIID Weekly,https://id-info.jihs.go.jp/en/surveillance/idwr/rapid/index.html,web,mixed,single_series,SER_JP_AMEBIASIS_WEEKLY,,legacy_gap_fill,32,0.0
disease,D165,amebiasis,Amebiasis,JP,Japan,D165,Amebiasis,阿米巴病,Parasitic,2022-04-03,2022-04,6,6.0,0,0.0048000930066020965,wpp_computed,,2012-09-16,2026-07-25,2026-08-01T00:00:00+00:00,jp_weekly,JP NIID Weekly,https://id-info.jihs.go.jp/en/surveillance/idwr/rapid/index.html,web,jp_weekly,JP NIID Weekly,https://id-info.jihs.go.jp/en/surveillance/idwr/rapid/index.html,web,mixed,single_series,SER_JP_AMEBIASIS_WEEKLY,,legacy_gap_fill,32,0.0
disease,D165,amebiasis,Amebiasis,JP,Japan,D165,Amebiasis,阿米巴病,Parasitic,2022-04-10,2022-04,4,4.0,0,0.0032000620044013973,wpp_computed,,2012-09-16,2026-07-25,2026-08-01T00:00:00+00:00,jp_weekly,JP NIID Weekly,https://id-info.jihs.go.jp/en/surveillance/idwr/rapid/index.html,web,jp_weekly,JP NIID Weekly,https://id-info.jihs.go.jp/en/surveillance/idwr/rapid/index.html,web,mixed,single_series,SER_JP_AMEBIASIS_WEEKLY,,legacy_gap_fill,32,0.0
disease,D165,amebiasis,Amebiasis,JP,Japan,D165,Amebiasis,阿米巴病,Parasitic,2022-04-17,2022-04,4,4.0,0,0.0032000620044013973,wpp_computed,,2012-09-16,2026-07-25,2026-08-01T00:00:00+00:00,jp_weekly,JP NIID Weekly,https://id-info.jihs.go.jp/en/surveillance/idwr/rapid/index.html,web,jp_weekly,JP NIID Weekly,https://id-info.jihs.go.jp/en/surveillance/idwr/rapid/index.html,web,mixed,single_series,SER_JP_AMEBIASIS_WEEKLY,,legacy_gap_fill,32,0.0
disease,D165,amebiasis,Amebiasis,JP,Japan,D165,Amebiasis,阿米巴病,Parasitic,2022-04-24,2022-04,6,6.0,0,0.0048000930066020965,wpp_computed,,2012-09-16,2026-07-25,2026-08-01T00:00:00+00:00,jp_weekly,JP NIID Weekly,https://id-info.jihs.go.jp/en/surveillance/idwr/rapid/index.html,web,jp_weekly,JP NIID Weekly,https://id-info.jihs.go.jp/en/surveillance/idwr/rapid/index.html,web,mixed,single_series,SER_JP_AMEBIASIS_WEEKLY,,legacy_gap_fill,32,0.0
disease,D165,amebiasis,Amebiasis,JP,Japan,D165,Amebiasis,阿米巴病,Parasitic,2022-05-01,2022-05,4,4.0,0,0.0032000620044013973,wpp_computed,,2012-09-16,2026-07-25,2026-08-01T00:00:00+00:00,jp_weekly,JP NIID Weekly,https://id-info.jihs.go.jp/en/surveillance/idwr/rapid/index.html,web,jp_weekly,JP NIID Weekly,https://id-info.jihs.go.jp/en/surveillance/idwr/rapid/index.html,web,mixed,single_series,SER_JP_AMEBIASIS_WEEKLY,,legacy_gap_fill,32,0.0
disease,D165,amebiasis,Amebiasis,JP,Japan,D165,Amebiasis,阿米巴病,Parasitic,2022-05-08,2022-05,2,2.0,0,0.0016000310022006986,wpp_computed,,2012-09-16,2026-07-25,2026-08-01T00:00:00+00:00,jp_weekly,JP NIID Weekly,https://id-info.jihs.go.jp/en/surveillance/idwr/rapid/index.html,web,jp_weekly,JP NIID Weekly,https://id-info.jihs.go.jp/en/surveillance/idwr/rapid/index.html,web,mixed,single_series,SER_JP_AMEBIASIS_WEEKLY,,legacy_gap_fill,32,0.0
disease,D165,amebiasis,Amebiasis,JP,Japan,D165,Amebiasis,阿米巴病,Parasitic,2022-05-15,2022-05,12,12.0,0,0.009600186013204193,wpp_computed,,2012-09-16,2026-07-25,2026-08-01T00:00:00+00:00,jp_weekly,JP NIID Weekly,https://id-info.jihs.go.jp/en/surveillance/idwr/rapid/index.html,web,jp_weekly,JP NIID Weekly,https://id-info.jihs.go.jp/en/surveillance/idwr/rapid/index.html,web,mixed,single_series,SER_JP_AMEBIASIS_WEEKLY,,legacy_gap_fill,32,0.0
disease,D165,amebiasis,Amebiasis,JP,Japan,D165,Amebiasis,阿米巴病,Parasitic,2022-05-22,2022-05,4,4.0,0,0.0032000620044013973,wpp_computed,,2012-09-16,2026-07-25,2026-08-01T00:00:00+00:00,jp_weekly,JP NIID Weekly,https://id-info.jihs.go.jp/en/surveillance/idwr/rapid/index.html,web,jp_weekly,JP NIID Weekly,https://id-info.jihs.go.jp/en/surveillance/idwr/rapid/index.html,web,mixed,single_series,SER_JP_AMEBIASIS_WEEKLY,,legacy_gap_fill,32,0.0
disease,D165,amebiasis,Amebiasis,JP,Japan,D165,Amebiasis,阿米巴病,Parasitic,2022-05-29,2022-05,9,9.0,0,0.007200139509903144,wpp_computed,,2012-09-16,2026-07-25,2026-08-01T00:00:00+00:00,jp_weekly,JP NIID Weekly,https://id-info.jihs.go.jp/en/surveillance/idwr/rapid/index.html,web,jp_weekly,JP NIID Weekly,https://id-info.jihs.go.jp/en/surveillance/idwr/rapid/index.html,web,mixed,single_series,SER_JP_AMEBIASIS_WEEKLY,,legacy_gap_fill,32,0.0
disease,D165,amebiasis,Amebiasis,JP,Japan,D165,Amebiasis,阿米巴病,Parasitic,2022-06-05,2022-06,9,9.0,0,0.007200139509903144,wpp_computed,,2012-09-16,2026-07-25,2026-08-01T00:00:00+00:00,jp_weekly,JP NIID Weekly,https://id-info.jihs.go.jp/en/surveillance/idwr/rapid/index.html,web,jp_weekly,JP NIID Weekly,https://id-info.jihs.go.jp/en/surveillance/idwr/rapid/index.html,web,mixed,single_series,SER_JP_AMEBIASIS_WEEKLY,,legacy_gap_fill,32,0.0
disease,D165,amebiasis,Amebiasis,JP,Japan,D165,Amebiasis,阿米巴病,Parasitic,2022-06-12,2022-06,8,8.0,0,0.0064001240088027945,wpp_computed,,2012-09-16,2026-07-25,2026-08-01T00:00:00+00:00,jp_weekly,JP NIID Weekly,https://id-info.jihs.go.jp/en/surveillance/idwr/rapid/index.html,web,jp_weekly,JP NIID Weekly,https://id-info.jihs.go.jp/en/surveillance/idwr/rapid/index.html,web,mixed,single_series,SER_JP_AMEBIASIS_WEEKLY,,legacy_gap_fill,32,0.0
disease,D165,amebiasis,Amebiasis,JP,Japan,D165,Amebiasis,阿米巴病,Parasitic,2022-06-19,2022-06,5,5.0,0,0.004000077505501747,wpp_computed,,2012-09-16,2026-07-25,2026-08-01T00:00:00+00:00,jp_weekly,JP NIID Weekly,https://id-info.jihs.go.jp/en/surveillance/idwr/rapid/index.html,web,jp_weekly,JP NIID Weekly,https://id-info.jihs.go.jp/en/surveillance/idwr/rapid/index.html,web,mixed,single_series,SER_JP_AMEBIASIS_WEEKLY,,legacy_gap_fill,32,0.0
disease,D165,amebiasis,Amebiasis,JP,Japan,D165,Amebiasis,阿米巴病,Parasitic,2022-06-26,2022-06,6,6.0,0,0.0048000930066020965,wpp_computed,,2012-09-16,2026-07-25,2026-08-01T00:00:00+00:00,jp_weekly,JP NIID Weekly,https://id-info.jihs.go.jp/en/surveillance/idwr/rapid/index.html,web,jp_weekly,JP NIID Weekly,https://id-info.jihs.go.jp/en/surveillance/idwr/rapid/index.html,web,mixed,single_series,SER_JP_AMEBIASIS_WEEKLY,,legacy_gap_fill,32,0.0
disease,D165,amebiasis,Amebiasis,JP,Japan,D165,Amebiasis,阿米巴病,Parasitic,2022-07-03,2022-07,9,9.0,0,0.007200139509903144,wpp_computed,,2012-09-16,2026-07-25,2026-08-01T00:00:00+00:00,jp_weekly,JP NIID Weekly,https://id-info.jihs.go.jp/en/surveillance/idwr/rapid/index.html,web,jp_weekly,JP NIID Weekly,https://id-info.jihs.go.jp/en/surveillance/idwr/rapid/index.html,web,mixed,single_series,SER_JP_AMEBIASIS_WEEKLY,,legacy_gap_fill,32,0.0
disease,D165,amebiasis,Amebiasis,JP,Japan,D165,Amebiasis,阿米巴病,Parasitic,2022-07-10,2022-07,6,6.0,0,0.0048000930066020965,wpp_computed,,2012-09-16,2026-07-25,2026-08-01T00:00:00+00:00,jp_weekly,JP NIID Weekly,https://id-info.jihs.go.jp/en/surveillance/idwr/rapid/index.html,web,jp_weekly,JP NIID Weekly,https://id-info.jihs.go.jp/en/surveillance/idwr/rapid/index.html,web,mixed,single_series,SER_JP_AMEBIASIS_WEEKLY,,legacy_gap_fill,32,0.0
disease,D165,amebiasis,Amebiasis,JP,Japan,D165,Amebiasis,阿米巴病,Parasitic,2022-07-17,2022-07,6,6.0,0,0.0048000930066020965,wpp_computed,,2012-09-16,2026-07-25,2026-08-01T00:00:00+00:00,jp_weekly,JP NIID Weekly,https://id-info.jihs.go.jp/en/surveillance/idwr/rapid/index.html,web,jp_weekly,JP NIID Weekly,https://id-info.jihs.go.jp/en/surveillance/idwr/rapid/index.html,web,mixed,single_series,SER_JP_AMEBIASIS_WEEKLY,,legacy_gap_fill,32,0.0
disease,D165,amebiasis,Amebiasis,JP,Japan,D165,Amebiasis,阿米巴病,Parasitic,2022-07-24,2022-07,9,9.0,0,0.007200139509903144,wpp_computed,,2012-09-16,2026-07-25,2026-08-01T00:00:00+00:00,jp_weekly,JP NIID Weekly,https://id-info.jihs.go.jp/en/surveillance/idwr/rapid/index.html,web,jp_weekly,JP NIID Weekly,https://id-info.jihs.go.jp/en/surveillance/idwr/rapid/index.html,web,mixed,single_series,SER_JP_AMEBIASIS_WEEKLY,,legacy_gap_fill,32,0.0
disease,D165,amebiasis,Amebiasis,JP,Japan,D165,Amebiasis,阿米巴病,Parasitic,2022-07-31,2022-07,10,10.0,0,0.008000155011003493,wpp_computed,,2012-09-16,2026-07-25,2026-08-01T00:00:00+00:00,jp_weekly,JP NIID Weekly,https://id-info.jihs.go.jp/en/surveillance/idwr/rapid/index.html,web,jp_weekly,JP NIID Weekly,https://id-info.jihs.go.jp/en/surveillance/idwr/rapid/index.html,web,mixed,single_series,SER_JP_AMEBIASIS_WEEKLY,,legacy_gap_fill,32,0.0
disease,D165,amebiasis,Amebiasis,JP,Japan,D165,Amebiasis,阿米巴病,Parasitic,2022-08-07,2022-08,12,12.0,0,0.009600186013204193,wpp_computed,,2012-09-16,2026-07-25,2026-08-01T00:00:00+00:00,jp_weekly,JP NIID Weekly,https://id-info.jihs.go.jp/en/surveillance/idwr/rapid/index.html,web,jp_weekly,JP NIID Weekly,https://id-info.jihs.go.jp/en/surveillance/idwr/rapid/index.html,web,mixed,single_series,SER_JP_AMEBIASIS_WEEKLY,,legacy_gap_fill,32,0.0
disease,D165,amebiasis,Amebiasis,JP,Japan,D165,Amebiasis,阿米巴病,Parasitic,2022-08-14,2022-08,1,1.0,0,0.0008000155011003493,wpp_computed,,2012-09-16,2026-07-25,2026-08-01T00:00:00+00:00,jp_weekly,JP NIID Weekly,https://id-info.jihs.go.jp/en/surveillance/idwr/rapid/index.html,web,jp_weekly,JP NIID Weekly,https://id-info.jihs.go.jp/en/surveillance/idwr/rapid/index.html,web,mixed,single_series,SER_JP_AMEBIASIS_WEEKLY,,legacy_gap_fill,32,0.0
disease,D165,amebiasis,Amebiasis,JP,Japan,D165,Amebiasis,阿米巴病,Parasitic,2022-08-21,2022-08,10,10.0,0,0.008000155011003493,wpp_computed,,2012-09-16,2026-07-25,2026-08-01T00:00:00+00:00,jp_weekly,JP NIID Weekly,https://id-info.jihs.go.jp/en/surveillance/idwr/rapid/index.html,web,jp_weekly,JP NIID Weekly,https://id-info.jihs.go.jp/en/surveillance/idwr/rapid/index.html,web,mixed,single_series,SER_JP_AMEBIASIS_WEEKLY,,legacy_gap_fill,32,0.0
disease,D165,amebiasis,Amebiasis,JP,Japan,D165,Amebiasis,阿米巴病,Parasitic,2022-08-28,2022-08,10,10.0,0,0.008000155011003493,wpp_computed,,2012-09-16,2026-07-25,2026-08-01T00:00:00+00:00,jp_weekly,JP NIID Weekly,https://id-info.jihs.go.jp/en/surveillance/idwr/rapid/index.html,web,jp_weekly,JP NIID Weekly,https://id-info.jihs.go.jp/en/surveillance/idwr/rapid/index.html,web,mixed,single_series,SER_JP_AMEBIASIS_WEEKLY,,legacy_gap_fill,32,0.0
disease,D165,amebiasis,Amebiasis,JP,Japan,D165,Amebiasis,阿米巴病,Parasitic,2022-09-04,2022-09,8,8.0,0,0.0064001240088027945,wpp_computed,,2012-09-16,2026-07-25,2026-08-01T00:00:00+00:00,jp_weekly,JP NIID Weekly,https://id-info.jihs.go.jp/en/surveillance/idwr/rapid/index.html,web,jp_weekly,JP NIID Weekly,https://id-info.jihs.go.jp/en/surveillance/idwr/rapid/index.html,web,mixed,single_series,SER_JP_AMEBIASIS_WEEKLY,,legacy_gap_fill,32,0.0
disease,D165,amebiasis,Amebiasis,JP,Japan,D165,Amebiasis,阿米巴病,Parasitic,2022-09-11,2022-09,3,3.0,0,0.0024000465033010483,wpp_computed,,2012-09-16,2026-07-25,2026-08-01T00:00:00+00:00,jp_weekly,JP NIID Weekly,https://id-info.jihs.go.jp/en/surveillance/idwr/rapid/index.html,web,jp_weekly,JP NIID Weekly,https://id-info.jihs.go.jp/en/surveillance/idwr/rapid/index.html,web,mixed,single_series,SER_JP_AMEBIASIS_WEEKLY,,legacy_gap_fill,32,0.0
disease,D165,amebiasis,Amebiasis,JP,Japan,D165,Amebiasis,阿米巴病,Parasitic,2022-09-18,2022-09,7,7.0,0,0.0056001085077024455,wpp_computed,,2012-09-16,2026-07-25,2026-08-01T00:00:00+00:00,jp_weekly,JP NIID Weekly,https://id-info.jihs.go.jp/en/surveillance/idwr/rapid/index.html,web,jp_weekly,JP NIID Weekly,https://id-info.jihs.go.jp/en/surveillance/idwr/rapid/index.html,web,mixed,single_series,SER_JP_AMEBIASIS_WEEKLY,,legacy_gap_fill,32,0.0
disease,D165,amebiasis,Amebiasis,JP,Japan,D165,Amebiasis,阿米巴病,Parasitic,2022-09-25,2022-09,5,5.0,0,0.004000077505501747,wpp_computed,,2012-09-16,2026-07-25,2026-08-01T00:00:00+00:00,jp_weekly,JP NIID Weekly,https://id-info.jihs.go.jp/en/surveillance/idwr/rapid/index.html,web,jp_weekly,JP NIID Weekly,https://id-info.jihs.go.jp/en/surveillance/idwr/rapid/index.html,web,mixed,single_series,SER_JP_AMEBIASIS_WEEKLY,,legacy_gap_fill,32,0.0
disease,D165,amebiasis,Amebiasis,JP,Japan,D165,Amebiasis,阿米巴病,Parasitic,2022-10-02,2022-10,14,14.0,0,0.011200217015404891,wpp_computed,,2012-09-16,2026-07-25,2026-08-01T00:00:00+00:00,jp_weekly,JP NIID Weekly,https://id-info.jihs.go.jp/en/surveillance/idwr/rapid/index.html,web,jp_weekly,JP NIID Weekly,https://id-info.jihs.go.jp/en/surveillance/idwr/rapid/index.html,web,mixed,single_series,SER_JP_AMEBIASIS_WEEKLY,,legacy_gap_fill,32,0.0
disease,D165,amebiasis,Amebiasis,JP,Japan,D165,Amebiasis,阿米巴病,Parasitic,2022-10-09,2022-10,6,6.0,0,0.0048000930066020965,wpp_computed,,2012-09-16,2026-07-25,2026-08-01T00:00:00+00:00,jp_weekly,JP NIID Weekly,https://id-info.jihs.go.jp/en/surveillance/idwr/rapid/index.html,web,jp_weekly,JP NIID Weekly,https://id-info.jihs.go.jp/en/surveillance/idwr/rapid/index.html,web,mixed,single_series,SER_JP_AMEBIASIS_WEEKLY,,legacy_gap_fill,32,0.0
disease,D165,amebiasis,Amebiasis,JP,Japan,D165,Amebiasis,阿米巴病,Parasitic,2022-10-16,2022-10,5,5.0,0,0.004000077505501747,wpp_computed,,2012-09-16,2026-07-25,2026-08-01T00:00:00+00:00,jp_weekly,JP NIID Weekly,https://id-info.jihs.go.jp/en/surveillance/idwr/rapid/index.html,web,jp_weekly,JP NIID Weekly,https://id-info.jihs.go.jp/en/surveillance/idwr/rapid/index.html,web,mixed,single_series,SER_JP_AMEBIASIS_WEEKLY,,legacy_gap_fill,32,0.0
disease,D165,amebiasis,Amebiasis,JP,Japan,D165,Amebiasis,阿米巴病,Parasitic,2022-10-23,2022-10,6,6.0,0,0.0048000930066020965,wpp_computed,,2012-09-16,2026-07-25,2026-08-01T00:00:00+00:00,jp_weekly,JP NIID Weekly,https://id-info.jihs.go.jp/en/surveillance/idwr/rapid/index.html,web,jp_weekly,JP NIID Weekly,https://id-info.jihs.go.jp/en/surveillance/idwr/rapid/index.html,web,mixed,single_series,SER_JP_AMEBIASIS_WEEKLY,,legacy_gap_fill,32,0.0
disease,D165,amebiasis,Amebiasis,JP,Japan,D165,Amebiasis,阿米巴病,Parasitic,2022-10-30,2022-10,7,7.0,0,0.0056001085077024455,wpp_computed,,2012-09-16,2026-07-25,2026-08-01T00:00:00+00:00,jp_weekly,JP NIID Weekly,https://id-info.jihs.go.jp/en/surveillance/idwr/rapid/index.html,web,jp_weekly,JP NIID Weekly,https://id-info.jihs.go.jp/en/surveillance/idwr/rapid/index.html,web,mixed,single_series,SER_JP_AMEBIASIS_WEEKLY,,legacy_gap_fill,32,0.0
disease,D165,amebiasis,Amebiasis,JP,Japan,D165,Amebiasis,阿米巴病,Parasitic,2022-11-06,2022-11,5,5.0,0,0.004000077505501747,wpp_computed,,2012-09-16,2026-07-25,2026-08-01T00:00:00+00:00,jp_weekly,JP NIID Weekly,https://id-info.jihs.go.jp/en/surveillance/idwr/rapid/index.html,web,jp_weekly,JP NIID Weekly,https://id-info.jihs.go.jp/en/surveillance/idwr/rapid/index.html,web,mixed,single_series,SER_JP_AMEBIASIS_WEEKLY,,legacy_gap_fill,32,0.0
disease,D165,amebiasis,Amebiasis,JP,Japan,D165,Amebiasis,阿米巴病,Parasitic,2022-11-13,2022-11,5,5.0,0,0.004000077505501747,wpp_computed,,2012-09-16,2026-07-25,2026-08-01T00:00:00+00:00,jp_weekly,JP NIID Weekly,https://id-info.jihs.go.jp/en/surveillance/idwr/rapid/index.html,web,jp_weekly,JP NIID Weekly,https://id-info.jihs.go.jp/en/surveillance/idwr/rapid/index.html,web,mixed,single_series,SER_JP_AMEBIASIS_WEEKLY,,legacy_gap_fill,32,0.0
disease,D165,amebiasis,Amebiasis,JP,Japan,D165,Amebiasis,阿米巴病,Parasitic,2022-11-20,2022-11,4,4.0,0,0.0032000620044013973,wpp_computed,,2012-09-16,2026-07-25,2026-08-01T00:00:00+00:00,jp_weekly,JP NIID Weekly,https://id-info.jihs.go.jp/en/surveillance/idwr/rapid/index.html,web,jp_weekly,JP NIID Weekly,https://id-info.jihs.go.jp/en/surveillance/idwr/rapid/index.html,web,mixed,single_series,SER_JP_AMEBIASIS_WEEKLY,,legacy_gap_fill,32,0.0
disease,D165,amebiasis,Amebiasis,JP,Japan,D165,Amebiasis,阿米巴病,Parasitic,2022-11-27,2022-11,7,7.0,0,0.0056001085077024455,wpp_computed,,2012-09-16,2026-07-25,2026-08-01T00:00:00+00:00,jp_weekly,JP NIID Weekly,https://id-info.jihs.go.jp/en/surveillance/idwr/rapid/index.html,web,jp_weekly,JP NIID Weekly,https://id-info.jihs.go.jp/en/surveillance/idwr/rapid/index.html,web,mixed,single_series,SER_JP_AMEBIASIS_WEEKLY,,legacy_gap_fill,32,0.0
disease,D165,amebiasis,Amebiasis,JP,Japan,D165,Amebiasis,阿米巴病,Parasitic,2022-12-04,2022-12,6,6.0,0,0.0048000930066020965,wpp_computed,,2012-09-16,2026-07-25,2026-08-01T00:00:00+00:00,jp_weekly,JP NIID Weekly,https://id-info.jihs.go.jp/en/surveillance/idwr/rapid/index.html,web,jp_weekly,JP NIID Weekly,https://id-info.jihs.go.jp/en/surveillance/idwr/rapid/index.html,web,mixed,single_series,SER_JP_AMEBIASIS_WEEKLY,,legacy_gap_fill,32,0.0
disease,D165,amebiasis,Amebiasis,JP,Japan,D165,Amebiasis,阿米巴病,Parasitic,2022-12-11,2022-12,6,6.0,0,0.0048000930066020965,wpp_computed,,2012-09-16,2026-07-25,2026-08-01T00:00:00+00:00,jp_weekly,JP NIID Weekly,https://id-info.jihs.go.jp/en/surveillance/idwr/rapid/index.html,web,jp_weekly,JP NIID Weekly,https://id-info.jihs.go.jp/en/surveillance/idwr/rapid/index.html,web,mixed,single_series,SER_JP_AMEBIASIS_WEEKLY,,legacy_gap_fill,32,0.0
disease,D165,amebiasis,Amebiasis,JP,Japan,D165,Amebiasis,阿米巴病,Parasitic,2022-12-18,2022-12,9,9.0,0,0.007200139509903144,wpp_computed,,2012-09-16,2026-07-25,2026-08-01T00:00:00+00:00,jp_weekly,JP NIID Weekly,https://id-info.jihs.go.jp/en/surveillance/idwr/rapid/index.html,web,jp_weekly,JP NIID Weekly,https://id-info.jihs.go.jp/en/surveillance/idwr/rapid/index.html,web,mixed,single_series,SER_JP_AMEBIASIS_WEEKLY,,legacy_gap_fill,32,0.0
disease,D165,amebiasis,Amebiasis,JP,Japan,D165,Amebiasis,阿米巴病,Parasitic,2022-12-25,2022-12,8,8.0,0,0.0064001240088027945,wpp_computed,,2012-09-16,2026-07-25,2026-08-01T00:00:00+00:00,jp_weekly,JP NIID Weekly,https://id-info.jihs.go.jp/en/surveillance/idwr/rapid/index.html,web,jp_weekly,JP NIID Weekly,https://id-info.jihs.go.jp/en/surveillance/idwr/rapid/index.html,web,mixed,single_series,SER_JP_AMEBIASIS_WEEKLY,,legacy_gap_fill,32,0.0
disease,D165,amebiasis,Amebiasis,JP,Japan,D165,Amebiasis,阿米巴病,Parasitic,2023-01-01,2023-01,9,9.0,0,0.007236416746253515,wpp_computed,,2012-09-16,2026-07-25,2026-08-01T00:00:00+00:00,jp_weekly,JP NIID Weekly,https://id-info.jihs.go.jp/en/surveillance/idwr/rapid/index.html,web,jp_weekly,JP NIID Weekly,https://id-info.jihs.go.jp/en/surveillance/idwr/rapid/index.html,web,mixed,single_series,SER_JP_AMEBIASIS_WEEKLY,,legacy_gap_fill,32,0.0
disease,D165,amebiasis,Amebiasis,JP,Japan,D165,Amebiasis,阿米巴病,Parasitic,2023-01-08,2023-01,3,3.0,0,0.002412138915417838,wpp_computed,,2012-09-16,2026-07-25,2026-08-01T00:00:00+00:00,jp_weekly,JP NIID Weekly,https://id-info.jihs.go.jp/en/surveillance/idwr/rapid/index.html,web,jp_weekly,JP NIID Weekly,https://id-info.jihs.go.jp/en/surveillance/idwr/rapid/index.html,web,mixed,single_series,SER_JP_AMEBIASIS_WEEKLY,,legacy_gap_fill,32,0.0
disease,D165,amebiasis,Amebiasis,JP,Japan,D165,Amebiasis,阿米巴病,Parasitic,2023-01-15,2023-01,2,2.0,0,0.0016080926102785588,wpp_computed,,2012-09-16,2026-07-25,2026-08-01T00:00:00+00:00,jp_weekly,JP NIID Weekly,https://id-info.jihs.go.jp/en/surveillance/idwr/rapid/index.html,web,jp_weekly,JP NIID Weekly,https://id-info.jihs.go.jp/en/surveillance/idwr/rapid/index.html,web,mixed,single_series,SER_JP_AMEBIASIS_WEEKLY,,legacy_gap_fill,32,0.0
disease,D165,amebiasis,Amebiasis,JP,Japan,D165,Amebiasis,阿米巴病,Parasitic,2023-01-22,2023-01,4,4.0,0,0.0032161852205571176,wpp_computed,,2012-09-16,2026-07-25,2026-08-01T00:00:00+00:00,jp_weekly,JP NIID Weekly,https://id-info.jihs.go.jp/en/surveillance/idwr/rapid/index.html,web,jp_weekly,JP NIID Weekly,https://id-info.jihs.go.jp/en/surveillance/idwr/rapid/index.html,web,mixed,single_series,SER_JP_AMEBIASIS_WEEKLY,,legacy_gap_fill,32,0.0
disease,D165,amebiasis,Amebiasis,JP,Japan,D165,Amebiasis,阿米巴病,Parasitic,2023-01-29,2023-01,12,12.0,0,0.009648555661671353,wpp_computed,,2012-09-16,2026-07-25,2026-08-01T00:00:00+00:00,jp_weekly,JP NIID Weekly,https://id-info.jihs.go.jp/en/surveillance/idwr/rapid/index.html,web,jp_weekly,JP NIID Weekly,https://id-info.jihs.go.jp/en/surveillance/idwr/rapid/index.html,web,mixed,single_series,SER_JP_AMEBIASIS_WEEKLY,,legacy_gap_fill,32,0.0
disease,D165,amebiasis,Amebiasis,JP,Japan,D165,Amebiasis,阿米巴病,Parasitic,2023-02-05,2023-02,10,10.0,0,0.008040463051392794,wpp_computed,,2012-09-16,2026-07-25,2026-08-01T00:00:00+00:00,jp_weekly,JP NIID Weekly,https://id-info.jihs.go.jp/en/surveillance/idwr/rapid/index.html,web,jp_weekly,JP NIID Weekly,https://id-info.jihs.go.jp/en/surveillance/idwr/rapid/index.html,web,mixed,single_series,SER_JP_AMEBIASIS_WEEKLY,,legacy_gap_fill,32,0.0
disease,D165,amebiasis,Amebiasis,JP,Japan,D165,Amebiasis,阿米巴病,Parasitic,2023-02-12,2023-02,6,6.0,0,0.004824277830835676,wpp_computed,,2012-09-16,2026-07-25,2026-08-01T00:00:00+00:00,jp_weekly,JP NIID Weekly,https://id-info.jihs.go.jp/en/surveillance/idwr/rapid/index.html,web,jp_weekly,JP NIID Weekly,https://id-info.jihs.go.jp/en/surveillance/idwr/rapid/index.html,web,mixed,single_series,SER_JP_AMEBIASIS_WEEKLY,,legacy_gap_fill,32,0.0
disease,D165,amebiasis,Amebiasis,JP,Japan,D165,Amebiasis,阿米巴病,Parasitic,2023-02-19,2023-02,11,11.0,0,0.008844509356532073,wpp_computed,,2012-09-16,2026-07-25,2026-08-01T00:00:00+00:00,jp_weekly,JP NIID Weekly,https://id-info.jihs.go.jp/en/surveillance/idwr/rapid/index.html,web,jp_weekly,JP NIID Weekly,https://id-info.jihs.go.jp/en/surveillance/idwr/rapid/index.html,web,mixed,single_series,SER_JP_AMEBIASIS_WEEKLY,,legacy_gap_fill,32,0.0
disease,D165,amebiasis,Amebiasis,JP,Japan,D165,Amebiasis,阿米巴病,Parasitic,2023-02-26,2023-02,4,4.0,0,0.0032161852205571176,wpp_computed,,2012-09-16,2026-07-25,2026-08-01T00:00:00+00:00,jp_weekly,JP NIID Weekly,https://id-info.jihs.go.jp/en/surveillance/idwr/rapid/index.html,web,jp_weekly,JP NIID Weekly,https://id-info.jihs.go.jp/en/surveillance/idwr/rapid/index.html,web,mixed,single_series,SER_JP_AMEBIASIS_WEEKLY,,legacy_gap_fill,32,0.0
disease,D165,amebiasis,Amebiasis,JP,Japan,D165,Amebiasis,阿米巴病,Parasitic,2023-03-05,2023-03,7,7.0,0,0.005628324135974956,wpp_computed,,2012-09-16,2026-07-25,2026-08-01T00:00:00+00:00,jp_weekly,JP NIID Weekly,https://id-info.jihs.go.jp/en/surveillance/idwr/rapid/index.html,web,jp_weekly,JP NIID Weekly,https://id-info.jihs.go.jp/en/surveillance/idwr/rapid/index.html,web,mixed,single_series,SER_JP_AMEBIASIS_WEEKLY,,legacy_gap_fill,32,0.0
disease,D165,amebiasis,Amebiasis,JP,Japan,D165,Amebiasis,阿米巴病,Parasitic,2023-03-12,2023-03,10,10.0,0,0.008040463051392794,wpp_computed,,2012-09-16,2026-07-25,2026-08-01T00:00:00+00:00,jp_weekly,JP NIID Weekly,https://id-info.jihs.go.jp/en/surveillance/idwr/rapid/index.html,web,jp_weekly,JP NIID Weekly,https://id-info.jihs.go.jp/en/surveillance/idwr/rapid/index.html,web,mixed,single_series,SER_JP_AMEBIASIS_WEEKLY,,legacy_gap_fill,32,0.0
disease,D165,amebiasis,Amebiasis,JP,Japan,D165,Amebiasis,阿米巴病,Parasitic,2023-03-19,2023-03,10,10.0,0,0.008040463051392794,wpp_computed,,2012-09-16,2026-07-25,2026-08-01T00:00:00+00:00,jp_weekly,JP NIID Weekly,https://id-info.jihs.go.jp/en/surveillance/idwr/rapid/index.html,web,jp_weekly,JP NIID Weekly,https://id-info.jihs.go.jp/en/surveillance/idwr/rapid/index.html,web,mixed,single_series,SER_JP_AMEBIASIS_WEEKLY,,legacy_gap_fill,32,0.0
disease,D165,amebiasis,Amebiasis,JP,Japan,D165,Amebiasis,阿米巴病,Parasitic,2023-03-26,2023-03,9,9.0,0,0.007236416746253515,wpp_computed,,2012-09-16,2026-07-25,2026-08-01T00:00:00+00:00,jp_weekly,JP NIID Weekly,https://id-info.jihs.go.jp/en/surveillance/idwr/rapid/index.html,web,jp_weekly,JP NIID Weekly,https://id-info.jihs.go.jp/en/surveillance/idwr/rapid/index.html,web,mixed,single_series,SER_JP_AMEBIASIS_WEEKLY,,legacy_gap_fill,32,0.0
disease,D165,amebiasis,Amebiasis,JP,Japan,D165,Amebiasis,阿米巴病,Parasitic,2023-04-02,2023-04,7,7.0,0,0.005628324135974956,wpp_computed,,2012-09-16,2026-07-25,2026-08-01T00:00:00+00:00,jp_weekly,JP NIID Weekly,https://id-info.jihs.go.jp/en/surveillance/idwr/rapid/index.html,web,jp_weekly,JP NIID Weekly,https://id-info.jihs.go.jp/en/surveillance/idwr/rapid/index.html,web,mixed,single_series,SER_JP_AMEBIASIS_WEEKLY,,legacy_gap_fill,32,0.0
disease,D165,amebiasis,Amebiasis,JP,Japan,D165,Amebiasis,阿米巴病,Parasitic,2023-04-09,2023-04,9,9.0,0,0.007236416746253515,wpp_computed,,2012-09-16,2026-07-25,2026-08-01T00:00:00+00:00,jp_weekly,JP NIID Weekly,https://id-info.jihs.go.jp/en/surveillance/idwr/rapid/index.html,web,jp_weekly,JP NIID Weekly,https://id-info.jihs.go.jp/en/surveillance/idwr/rapid/index.html,web,mixed,single_series,SER_JP_AMEBIASIS_WEEKLY,,legacy_gap_fill,32,0.0
disease,D165,amebiasis,Amebiasis,JP,Japan,D165,Amebiasis,阿米巴病,Parasitic,2023-04-16,2023-04,6,6.0,0,0.004824277830835676,wpp_computed,,2012-09-16,2026-07-25,2026-08-01T00:00:00+00:00,jp_weekly,JP NIID Weekly,https://id-info.jihs.go.jp/en/surveillance/idwr/rapid/index.html,web,jp_weekly,JP NIID Weekly,https://id-info.jihs.go.jp/en/surveillance/idwr/rapid/index.html,web,mixed,single_series,SER_JP_AMEBIASIS_WEEKLY,,legacy_gap_fill,32,0.0
disease,D165,amebiasis,Amebiasis,JP,Japan,D165,Amebiasis,阿米巴病,Parasitic,2023-04-23,2023-04,9,9.0,0,0.007236416746253515,wpp_computed,,2012-09-16,2026-07-25,2026-08-01T00:00:00+00:00,jp_weekly,JP NIID Weekly,https://id-info.jihs.go.jp/en/surveillance/idwr/rapid/index.html,web,jp_weekly,JP NIID Weekly,https://id-info.jihs.go.jp/en/surveillance/idwr/rapid/index.html,web,mixed,single_series,SER_JP_AMEBIASIS_WEEKLY,,legacy_gap_fill,32,0.0
disease,D165,amebiasis,Amebiasis,JP,Japan,D165,Amebiasis,阿米巴病,Parasitic,2023-04-30,2023-04,11,11.0,0,0.008844509356532073,wpp_computed,,2012-09-16,2026-07-25,2026-08-01T00:00:00+00:00,jp_weekly,JP NIID Weekly,https://id-info.jihs.go.jp/en/surveillance/idwr/rapid/index.html,web,jp_weekly,JP NIID Weekly,https://id-info.jihs.go.jp/en/surveillance/idwr/rapid/index.html,web,mixed,single_series,SER_JP_AMEBIASIS_WEEKLY,,legacy_gap_fill,32,0.0
disease,D165,amebiasis,Amebiasis,JP,Japan,D165,Amebiasis,阿米巴病,Parasitic,2023-05-07,2023-05,3,3.0,0,0.002412138915417838,wpp_computed,,2012-09-16,2026-07-25,2026-08-01T00:00:00+00:00,jp_weekly,JP NIID Weekly,https://id-info.jihs.go.jp/en/surveillance/idwr/rapid/index.html,web,jp_weekly,JP NIID Weekly,https://id-info.jihs.go.jp/en/surveillance/idwr/rapid/index.html,web,mixed,single_series,SER_JP_AMEBIASIS_WEEKLY,,legacy_gap_fill,32,0.0
disease,D165,amebiasis,Amebiasis,JP,Japan,D165,Amebiasis,阿米巴病,Parasitic,2023-05-14,2023-05,7,7.0,0,0.005628324135974956,wpp_computed,,2012-09-16,2026-07-25,2026-08-01T00:00:00+00:00,jp_weekly,JP NIID Weekly,https://id-info.jihs.go.jp/en/surveillance/idwr/rapid/index.html,web,jp_weekly,JP NIID Weekly,https://id-info.jihs.go.jp/en/surveillance/idwr/rapid/index.html,web,mixed,single_series,SER_JP_AMEBIASIS_WEEKLY,,legacy_gap_fill,32,0.0
disease,D165,amebiasis,Amebiasis,JP,Japan,D165,Amebiasis,阿米巴病,Parasitic,2023-05-21,2023-05,5,5.0,0,0.004020231525696397,wpp_computed,,2012-09-16,2026-07-25,2026-08-01T00:00:00+00:00,jp_weekly,JP NIID Weekly,https://id-info.jihs.go.jp/en/surveillance/idwr/rapid/index.html,web,jp_weekly,JP NIID Weekly,https://id-info.jihs.go.jp/en/surveillance/idwr/rapid/index.html,web,mixed,single_series,SER_JP_AMEBIASIS_WEEKLY,,legacy_gap_fill,32,0.0
disease,D165,amebiasis,Amebiasis,JP,Japan,D165,Amebiasis,阿米巴病,Parasitic,2023-05-28,2023-05,9,9.0,0,0.007236416746253515,wpp_computed,,2012-09-16,2026-07-25,2026-08-01T00:00:00+00:00,jp_weekly,JP NIID Weekly,https://id-info.jihs.go.jp/en/surveillance/idwr/rapid/index.html,web,jp_weekly,JP NIID Weekly,https://id-info.jihs.go.jp/en/surveillance/idwr/rapid/index.html,web,mixed,single_series,SER_JP_AMEBIASIS_WEEKLY,,legacy_gap_fill,32,0.0
disease,D165,amebiasis,Amebiasis,JP,Japan,D165,Amebiasis,阿米巴病,Parasitic,2023-06-04,2023-06,5,5.0,0,0.004020231525696397,wpp_computed,,2012-09-16,2026-07-25,2026-08-01T00:00:00+00:00,jp_weekly,JP NIID Weekly,https://id-info.jihs.go.jp/en/surveillance/idwr/rapid/index.html,web,jp_weekly,JP NIID Weekly,https://id-info.jihs.go.jp/en/surveillance/idwr/rapid/index.html,web,mixed,single_series,SER_JP_AMEBIASIS_WEEKLY,,legacy_gap_fill,32,0.0
disease,D165,amebiasis,Amebiasis,JP,Japan,D165,Amebiasis,阿米巴病,Parasitic,2023-06-11,2023-06,5,5.0,0,0.004020231525696397,wpp_computed,,2012-09-16,2026-07-25,2026-08-01T00:00:00+00:00,jp_weekly,JP NIID Weekly,https://id-info.jihs.go.jp/en/surveillance/idwr/rapid/index.html,web,jp_weekly,JP NIID Weekly,https://id-info.jihs.go.jp/en/surveillance/idwr/rapid/index.html,web,mixed,single_series,SER_JP_AMEBIASIS_WEEKLY,,legacy_gap_fill,32,0.0
disease,D165,amebiasis,Amebiasis,JP,Japan,D165,Amebiasis,阿米巴病,Parasitic,2023-06-18,2023-06,5,5.0,0,0.004020231525696397,wpp_computed,,2012-09-16,2026-07-25,2026-08-01T00:00:00+00:00,jp_weekly,JP NIID Weekly,https://id-info.jihs.go.jp/en/surveillance/idwr/rapid/index.html,web,jp_weekly,JP NIID Weekly,https://id-info.jihs.go.jp/en/surveillance/idwr/rapid/index.html,web,mixed,single_series,SER_JP_AMEBIASIS_WEEKLY,,legacy_gap_fill,32,0.0
disease,D165,amebiasis,Amebiasis,JP,Japan,D165,Amebiasis,阿米巴病,Parasitic,2023-06-25,2023-06,5,5.0,0,0.004020231525696397,wpp_computed,,2012-09-16,2026-07-25,2026-08-01T00:00:00+00:00,jp_weekly,JP NIID Weekly,https://id-info.jihs.go.jp/en/surveillance/idwr/rapid/index.html,web,jp_weekly,JP NIID Weekly,https://id-info.jihs.go.jp/en/surveillance/idwr/rapid/index.html,web,mixed,single_series,SER_JP_AMEBIASIS_WEEKLY,,legacy_gap_fill,32,0.0
disease,D165,amebiasis,Amebiasis,JP,Japan,D165,Amebiasis,阿米巴病,Parasitic,2023-07-02,2023-07,5,5.0,0,0.004020231525696397,wpp_computed,,2012-09-16,2026-07-25,2026-08-01T00:00:00+00:00,jp_weekly,JP NIID Weekly,https://id-info.jihs.go.jp/en/surveillance/idwr/rapid/index.html,web,jp_weekly,JP NIID Weekly,https://id-info.jihs.go.jp/en/surveillance/idwr/rapid/index.html,web,mixed,single_series,SER_JP_AMEBIASIS_WEEKLY,,legacy_gap_fill,32,0.0
disease,D165,amebiasis,Amebiasis,JP,Japan,D165,Amebiasis,阿米巴病,Parasitic,2023-07-09,2023-07,4,4.0,0,0.0032161852205571176,wpp_computed,,2012-09-16,2026-07-25,2026-08-01T00:00:00+00:00,jp_weekly,JP NIID Weekly,https://id-info.jihs.go.jp/en/surveillance/idwr/rapid/index.html,web,jp_weekly,JP NIID Weekly,https://id-info.jihs.go.jp/en/surveillance/idwr/rapid/index.html,web,mixed,single_series,SER_JP_AMEBIASIS_WEEKLY,,legacy_gap_fill,32,0.0
disease,D165,amebiasis,Amebiasis,JP,Japan,D165,Amebiasis,阿米巴病,Parasitic,2023-07-16,2023-07,3,3.0,0,0.002412138915417838,wpp_computed,,2012-09-16,2026-07-25,2026-08-01T00:00:00+00:00,jp_weekly,JP NIID Weekly,https://id-info.jihs.go.jp/en/surveillance/idwr/rapid/index.html,web,jp_weekly,JP NIID Weekly,https://id-info.jihs.go.jp/en/surveillance/idwr/rapid/index.html,web,mixed,single_series,SER_JP_AMEBIASIS_WEEKLY,,legacy_gap_fill,32,0.0
disease,D165,amebiasis,Amebiasis,JP,Japan,D165,Amebiasis,阿米巴病,Parasitic,2023-07-23,2023-07,8,8.0,0,0.006432370441114235,wpp_computed,,2012-09-16,2026-07-25,2026-08-01T00:00:00+00:00,jp_weekly,JP NIID Weekly,https://id-info.jihs.go.jp/en/surveillance/idwr/rapid/index.html,web,jp_weekly,JP NIID Weekly,https://id-info.jihs.go.jp/en/surveillance/idwr/rapid/index.html,web,mixed,single_series,SER_JP_AMEBIASIS_WEEKLY,,legacy_gap_fill,32,0.0
disease,D165,amebiasis,Amebiasis,JP,Japan,D165,Amebiasis,阿米巴病,Parasitic,2023-07-30,2023-07,7,7.0,0,0.005628324135974956,wpp_computed,,2012-09-16,2026-07-25,2026-08-01T00:00:00+00:00,jp_weekly,JP NIID Weekly,https://id-info.jihs.go.jp/en/surveillance/idwr/rapid/index.html,web,jp_weekly,JP NIID Weekly,https://id-info.jihs.go.jp/en/surveillance/idwr/rapid/index.html,web,mixed,single_series,SER_JP_AMEBIASIS_WEEKLY,,legacy_gap_fill,32,0.0
disease,D165,amebiasis,Amebiasis,JP,Japan,D165,Amebiasis,阿米巴病,Parasitic,2023-08-06,2023-08,7,7.0,0,0.005628324135974956,wpp_computed,,2012-09-16,2026-07-25,2026-08-01T00:00:00+00:00,jp_weekly,JP NIID Weekly,https://id-info.jihs.go.jp/en/surveillance/idwr/rapid/index.html,web,jp_weekly,JP NIID Weekly,https://id-info.jihs.go.jp/en/surveillance/idwr/rapid/index.html,web,mixed,single_series,SER_JP_AMEBIASIS_WEEKLY,,legacy_gap_fill,32,0.0
disease,D165,amebiasis,Amebiasis,JP,Japan,D165,Amebiasis,阿米巴病,Parasitic,2023-08-13,2023-08,4,4.0,0,0.0032161852205571176,wpp_computed,,2012-09-16,2026-07-25,2026-08-01T00:00:00+00:00,jp_weekly,JP NIID Weekly,https://id-info.jihs.go.jp/en/surveillance/idwr/rapid/index.html,web,jp_weekly,JP NIID Weekly,https://id-info.jihs.go.jp/en/surveillance/idwr/rapid/index.html,web,mixed,single_series,SER_JP_AMEBIASIS_WEEKLY,,legacy_gap_fill,32,0.0
disease,D165,amebiasis,Amebiasis,JP,Japan,D165,Amebiasis,阿米巴病,Parasitic,2023-08-20,2023-08,13,13.0,0,0.010452601966810632,wpp_computed,,2012-09-16,2026-07-25,2026-08-01T00:00:00+00:00,jp_weekly,JP NIID Weekly,https://id-info.jihs.go.jp/en/surveillance/idwr/rapid/index.html,web,jp_weekly,JP NIID Weekly,https://id-info.jihs.go.jp/en/surveillance/idwr/rapid/index.html,web,mixed,single_series,SER_JP_AMEBIASIS_WEEKLY,,legacy_gap_fill,32,0.0
disease,D165,amebiasis,Amebiasis,JP,Japan,D165,Amebiasis,阿米巴病,Parasitic,2023-08-27,2023-08,10,10.0,0,0.008040463051392794,wpp_computed,,2012-09-16,2026-07-25,2026-08-01T00:00:00+00:00,jp_weekly,JP NIID Weekly,https://id-info.jihs.go.jp/en/surveillance/idwr/rapid/index.html,web,jp_weekly,JP NIID Weekly,https://id-info.jihs.go.jp/en/surveillance/idwr/rapid/index.html,web,mixed,single_series,SER_JP_AMEBIASIS_WEEKLY,,legacy_gap_fill,32,0.0
disease,D165,amebiasis,Amebiasis,JP,Japan,D165,Amebiasis,阿米巴病,Parasitic,2023-09-03,2023-09,4,4.0,0,0.0032161852205571176,wpp_computed,,2012-09-16,2026-07-25,2026-08-01T00:00:00+00:00,jp_weekly,JP NIID Weekly,https://id-info.jihs.go.jp/en/surveillance/idwr/rapid/index.html,web,jp_weekly,JP NIID Weekly,https://id-info.jihs.go.jp/en/surveillance/idwr/rapid/index.html,web,mixed,single_series,SER_JP_AMEBIASIS_WEEKLY,,legacy_gap_fill,32,0.0
disease,D165,amebiasis,Amebiasis,JP,Japan,D165,Amebiasis,阿米巴病,Parasitic,2023-09-10,2023-09,5,5.0,0,0.004020231525696397,wpp_computed,,2012-09-16,2026-07-25,2026-08-01T00:00:00+00:00,jp_weekly,JP NIID Weekly,https://id-info.jihs.go.jp/en/surveillance/idwr/rapid/index.html,web,jp_weekly,JP NIID Weekly,https://id-info.jihs.go.jp/en/surveillance/idwr/rapid/index.html,web,mixed,single_series,SER_JP_AMEBIASIS_WEEKLY,,legacy_gap_fill,32,0.0
disease,D165,amebiasis,Amebiasis,JP,Japan,D165,Amebiasis,阿米巴病,Parasitic,2023-09-17,2023-09,4,4.0,0,0.0032161852205571176,wpp_computed,,2012-09-16,2026-07-25,2026-08-01T00:00:00+00:00,jp_weekly,JP NIID Weekly,https://id-info.jihs.go.jp/en/surveillance/idwr/rapid/index.html,web,jp_weekly,JP NIID Weekly,https://id-info.jihs.go.jp/en/surveillance/idwr/rapid/index.html,web,mixed,single_series,SER_JP_AMEBIASIS_WEEKLY,,legacy_gap_fill,32,0.0
disease,D165,amebiasis,Amebiasis,JP,Japan,D165,Amebiasis,阿米巴病,Parasitic,2023-09-24,2023-09,4,4.0,0,0.0032161852205571176,wpp_computed,,2012-09-16,2026-07-25,2026-08-01T00:00:00+00:00,jp_weekly,JP NIID Weekly,https://id-info.jihs.go.jp/en/surveillance/idwr/rapid/index.html,web,jp_weekly,JP NIID Weekly,https://id-info.jihs.go.jp/en/surveillance/idwr/rapid/index.html,web,mixed,single_series,SER_JP_AMEBIASIS_WEEKLY,,legacy_gap_fill,32,0.0
disease,D165,amebiasis,Amebiasis,JP,Japan,D165,Amebiasis,阿米巴病,Parasitic,2023-10-01,2023-10,6,6.0,0,0.004824277830835676,wpp_computed,,2012-09-16,2026-07-25,2026-08-01T00:00:00+00:00,jp_weekly,JP NIID Weekly,https://id-info.jihs.go.jp/en/surveillance/idwr/rapid/index.html,web,jp_weekly,JP NIID Weekly,https://id-info.jihs.go.jp/en/surveillance/idwr/rapid/index.html,web,mixed,single_series,SER_JP_AMEBIASIS_WEEKLY,,legacy_gap_fill,32,0.0
disease,D165,amebiasis,Amebiasis,JP,Japan,D165,Amebiasis,阿米巴病,Parasitic,2023-10-08,2023-10,7,7.0,0,0.005628324135974956,wpp_computed,,2012-09-16,2026-07-25,2026-08-01T00:00:00+00:00,jp_weekly,JP NIID Weekly,https://id-info.jihs.go.jp/en/surveillance/idwr/rapid/index.html,web,jp_weekly,JP NIID Weekly,https://id-info.jihs.go.jp/en/surveillance/idwr/rapid/index.html,web,mixed,single_series,SER_JP_AMEBIASIS_WEEKLY,,legacy_gap_fill,32,0.0
disease,D165,amebiasis,Amebiasis,JP,Japan,D165,Amebiasis,阿米巴病,Parasitic,2023-10-15,2023-10,1,1.0,0,0.0008040463051392794,wpp_computed,,2012-09-16,2026-07-25,2026-08-01T00:00:00+00:00,jp_weekly,JP NIID Weekly,https://id-info.jihs.go.jp/en/surveillance/idwr/rapid/index.html,web,jp_weekly,JP NIID Weekly,https://id-info.jihs.go.jp/en/surveillance/idwr/rapid/index.html,web,mixed,single_series,SER_JP_AMEBIASIS_WEEKLY,,legacy_gap_fill,32,0.0
disease,D165,amebiasis,Amebiasis,JP,Japan,D165,Amebiasis,阿米巴病,Parasitic,2023-10-22,2023-10,5,5.0,0,0.004020231525696397,wpp_computed,,2012-09-16,2026-07-25,2026-08-01T00:00:00+00:00,jp_weekly,JP NIID Weekly,https://id-info.jihs.go.jp/en/surveillance/idwr/rapid/index.html,web,jp_weekly,JP NIID Weekly,https://id-info.jihs.go.jp/en/surveillance/idwr/rapid/index.html,web,mixed,single_series,SER_JP_AMEBIASIS_WEEKLY,,legacy_gap_fill,32,0.0
disease,D165,amebiasis,Amebiasis,JP,Japan,D165,Amebiasis,阿米巴病,Parasitic,2023-10-29,2023-10,4,4.0,0,0.0032161852205571176,wpp_computed,,2012-09-16,2026-07-25,2026-08-01T00:00:00+00:00,jp_weekly,JP NIID Weekly,https://id-info.jihs.go.jp/en/surveillance/idwr/rapid/index.html,web,jp_weekly,JP NIID Weekly,https://id-info.jihs.go.jp/en/surveillance/idwr/rapid/index.html,web,mixed,single_series,SER_JP_AMEBIASIS_WEEKLY,,legacy_gap_fill,32,0.0
disease,D165,amebiasis,Amebiasis,JP,Japan,D165,Amebiasis,阿米巴病,Parasitic,2023-11-05,2023-11,4,4.0,0,0.0032161852205571176,wpp_computed,,2012-09-16,2026-07-25,2026-08-01T00:00:00+00:00,jp_weekly,JP NIID Weekly,https://id-info.jihs.go.jp/en/surveillance/idwr/rapid/index.html,web,jp_weekly,JP NIID Weekly,https://id-info.jihs.go.jp/en/surveillance/idwr/rapid/index.html,web,mixed,single_series,SER_JP_AMEBIASIS_WEEKLY,,legacy_gap_fill,32,0.0
disease,D165,amebiasis,Amebiasis,JP,Japan,D165,Amebiasis,阿米巴病,Parasitic,2023-11-12,2023-11,3,3.0,0,0.002412138915417838,wpp_computed,,2012-09-16,2026-07-25,2026-08-01T00:00:00+00:00,jp_weekly,JP NIID Weekly,https://id-info.jihs.go.jp/en/surveillance/idwr/rapid/index.html,web,jp_weekly,JP NIID Weekly,https://id-info.jihs.go.jp/en/surveillance/idwr/rapid/index.html,web,mixed,single_series,SER_JP_AMEBIASIS_WEEKLY,,legacy_gap_fill,32,0.0
disease,D165,amebiasis,Amebiasis,JP,Japan,D165,Amebiasis,阿米巴病,Parasitic,2023-11-19,2023-11,5,5.0,0,0.004020231525696397,wpp_computed,,2012-09-16,2026-07-25,2026-08-01T00:00:00+00:00,jp_weekly,JP NIID Weekly,https://id-info.jihs.go.jp/en/surveillance/idwr/rapid/index.html,web,jp_weekly,JP NIID Weekly,https://id-info.jihs.go.jp/en/surveillance/idwr/rapid/index.html,web,mixed,single_series,SER_JP_AMEBIASIS_WEEKLY,,legacy_gap_fill,32,0.0
disease,D165,amebiasis,Amebiasis,JP,Japan,D165,Amebiasis,阿米巴病,Parasitic,2023-11-26,2023-11,2,2.0,0,0.0016080926102785588,wpp_computed,,2012-09-16,2026-07-25,2026-08-01T00:00:00+00:00,jp_weekly,JP NIID Weekly,https://id-info.jihs.go.jp/en/surveillance/idwr/rapid/index.html,web,jp_weekly,JP NIID Weekly,https://id-info.jihs.go.jp/en/surveillance/idwr/rapid/index.html,web,mixed,single_series,SER_JP_AMEBIASIS_WEEKLY,,legacy_gap_fill,32,0.0
disease,D165,amebiasis,Amebiasis,JP,Japan,D165,Amebiasis,阿米巴病,Parasitic,2023-12-03,2023-12,3,3.0,0,0.002412138915417838,wpp_computed,,2012-09-16,2026-07-25,2026-08-01T00:00:00+00:00,jp_weekly,JP NIID Weekly,https://id-info.jihs.go.jp/en/surveillance/idwr/rapid/index.html,web,jp_weekly,JP NIID Weekly,https://id-info.jihs.go.jp/en/surveillance/idwr/rapid/index.html,web,mixed,single_series,SER_JP_AMEBIASIS_WEEKLY,,legacy_gap_fill,32,0.0
disease,D165,amebiasis,Amebiasis,JP,Japan,D165,Amebiasis,阿米巴病,Parasitic,2023-12-10,2023-12,9,9.0,0,0.007236416746253515,wpp_computed,,2012-09-16,2026-07-25,2026-08-01T00:00:00+00:00,jp_weekly,JP NIID Weekly,https://id-info.jihs.go.jp/en/surveillance/idwr/rapid/index.html,web,jp_weekly,JP NIID Weekly,https://id-info.jihs.go.jp/en/surveillance/idwr/rapid/index.html,web,mixed,single_series,SER_JP_AMEBIASIS_WEEKLY,,legacy_gap_fill,32,0.0
disease,D165,amebiasis,Amebiasis,JP,Japan,D165,Amebiasis,阿米巴病,Parasitic,2023-12-17,2023-12,10,10.0,0,0.008040463051392794,wpp_computed,,2012-09-16,2026-07-25,2026-08-01T00:00:00+00:00,jp_weekly,JP NIID Weekly,https://id-info.jihs.go.jp/en/surveillance/idwr/rapid/index.html,web,jp_weekly,JP NIID Weekly,https://id-info.jihs.go.jp/en/surveillance/idwr/rapid/index.html,web,mixed,single_series,SER_JP_AMEBIASIS_WEEKLY,,legacy_gap_fill,32,0.0
disease,D165,amebiasis,Amebiasis,JP,Japan,D165,Amebiasis,阿米巴病,Parasitic,2023-12-24,2023-12,8,8.0,0,0.006432370441114235,wpp_computed,,2012-09-16,2026-07-25,2026-08-01T00:00:00+00:00,jp_weekly,JP NIID Weekly,https://id-info.jihs.go.jp/en/surveillance/idwr/rapid/index.html,web,jp_weekly,JP NIID Weekly,https://id-info.jihs.go.jp/en/surveillance/idwr/rapid/index.html,web,mixed,single_series,SER_JP_AMEBIASIS_WEEKLY,,legacy_gap_fill,32,0.0
disease,D165,amebiasis,Amebiasis,JP,Japan,D165,Amebiasis,阿米巴病,Parasitic,2023-12-31,2023-12,5,5.0,0,0.004020231525696397,wpp_computed,,2012-09-16,2026-07-25,2026-08-01T00:00:00+00:00,jp_weekly,JP NIID Weekly,https://id-info.jihs.go.jp/en/surveillance/idwr/rapid/index.html,web,jp_weekly,JP NIID Weekly,https://id-info.jihs.go.jp/en/surveillance/idwr/rapid/index.html,web,mixed,single_series,SER_JP_AMEBIASIS_WEEKLY,,legacy_gap_fill,32,0.0
disease,D165,amebiasis,Amebiasis,JP,Japan,D165,Amebiasis,阿米巴病,Parasitic,2024-01-07,2024-01,2,2.0,0,0.0016161219020064323,wpp_computed,,2012-09-16,2026-07-25,2026-08-01T00:00:00+00:00,jp_weekly,JP NIID Weekly,https://id-info.jihs.go.jp/en/surveillance/idwr/rapid/index.html,web,jp_weekly,JP NIID Weekly,https://id-info.jihs.go.jp/en/surveillance/idwr/rapid/index.html,web,mixed,single_series,SER_JP_AMEBIASIS_WEEKLY,,legacy_gap_fill,32,0.0
disease,D165,amebiasis,Amebiasis,JP,Japan,D165,Amebiasis,阿米巴病,Parasitic,2024-01-14,2024-01,5,5.0,0,0.004040304755016081,wpp_computed,,2012-09-16,2026-07-25,2026-08-01T00:00:00+00:00,jp_weekly,JP NIID Weekly,https://id-info.jihs.go.jp/en/surveillance/idwr/rapid/index.html,web,jp_weekly,JP NIID Weekly,https://id-info.jihs.go.jp/en/surveillance/idwr/rapid/index.html,web,mixed,single_series,SER_JP_AMEBIASIS_WEEKLY,,legacy_gap_fill,32,0.0
disease,D165,amebiasis,Amebiasis,JP,Japan,D165,Amebiasis,阿米巴病,Parasitic,2024-01-21,2024-01,5,5.0,0,0.004040304755016081,wpp_computed,,2012-09-16,2026-07-25,2026-08-01T00:00:00+00:00,jp_weekly,JP NIID Weekly,https://id-info.jihs.go.jp/en/surveillance/idwr/rapid/index.html,web,jp_weekly,JP NIID Weekly,https://id-info.jihs.go.jp/en/surveillance/idwr/rapid/index.html,web,mixed,single_series,SER_JP_AMEBIASIS_WEEKLY,,legacy_gap_fill,32,0.0
disease,D165,amebiasis,Amebiasis,JP,Japan,D165,Amebiasis,阿米巴病,Parasitic,2024-01-28,2024-01,11,11.0,0,0.008888670461035378,wpp_computed,,2012-09-16,2026-07-25,2026-08-01T00:00:00+00:00,jp_weekly,JP NIID Weekly,https://id-info.jihs.go.jp/en/surveillance/idwr/rapid/index.html,web,jp_weekly,JP NIID Weekly,https://id-info.jihs.go.jp/en/surveillance/idwr/rapid/index.html,web,mixed,single_series,SER_JP_AMEBIASIS_WEEKLY,,legacy_gap_fill,32,0.0
disease,D165,amebiasis,Amebiasis,JP,Japan,D165,Amebiasis,阿米巴病,Parasitic,2024-02-04,2024-02,5,5.0,0,0.004040304755016081,wpp_computed,,2012-09-16,2026-07-25,2026-08-01T00:00:00+00:00,jp_weekly,JP NIID Weekly,https://id-info.jihs.go.jp/en/surveillance/idwr/rapid/index.html,web,jp_weekly,JP NIID Weekly,https://id-info.jihs.go.jp/en/surveillance/idwr/rapid/index.html,web,mixed,single_series,SER_JP_AMEBIASIS_WEEKLY,,legacy_gap_fill,32,0.0
disease,D165,amebiasis,Amebiasis,JP,Japan,D165,Amebiasis,阿米巴病,Parasitic,2024-02-11,2024-02,8,8.0,0,0.006464487608025729,wpp_computed,,2012-09-16,2026-07-25,2026-08-01T00:00:00+00:00,jp_weekly,JP NIID Weekly,https://id-info.jihs.go.jp/en/surveillance/idwr/rapid/index.html,web,jp_weekly,JP NIID Weekly,https://id-info.jihs.go.jp/en/surveillance/idwr/rapid/index.html,web,mixed,single_series,SER_JP_AMEBIASIS_WEEKLY,,legacy_gap_fill,32,0.0
disease,D165,amebiasis,Amebiasis,JP,Japan,D165,Amebiasis,阿米巴病,Parasitic,2024-02-18,2024-02,9,9.0,0,0.007272548559028945,wpp_computed,,2012-09-16,2026-07-25,2026-08-01T00:00:00+00:00,jp_weekly,JP NIID Weekly,https://id-info.jihs.go.jp/en/surveillance/idwr/rapid/index.html,web,jp_weekly,JP NIID Weekly,https://id-info.jihs.go.jp/en/surveillance/idwr/rapid/index.html,web,mixed,single_series,SER_JP_AMEBIASIS_WEEKLY,,legacy_gap_fill,32,0.0
disease,D165,amebiasis,Amebiasis,JP,Japan,D165,Amebiasis,阿米巴病,Parasitic,2024-02-25,2024-02,6,6.0,0,0.004848365706019296,wpp_computed,,2012-09-16,2026-07-25,2026-08-01T00:00:00+00:00,jp_weekly,JP NIID Weekly,https://id-info.jihs.go.jp/en/surveillance/idwr/rapid/index.html,web,jp_weekly,JP NIID Weekly,https://id-info.jihs.go.jp/en/surveillance/idwr/rapid/index.html,web,mixed,single_series,SER_JP_AMEBIASIS_WEEKLY,,legacy_gap_fill,32,0.0
disease,D165,amebiasis,Amebiasis,JP,Japan,D165,Amebiasis,阿米巴病,Parasitic,2024-03-03,2024-03,7,7.0,0,0.005656426657022513,wpp_computed,,2012-09-16,2026-07-25,2026-08-01T00:00:00+00:00,jp_weekly,JP NIID Weekly,https://id-info.jihs.go.jp/en/surveillance/idwr/rapid/index.html,web,jp_weekly,JP NIID Weekly,https://id-info.jihs.go.jp/en/surveillance/idwr/rapid/index.html,web,mixed,single_series,SER_JP_AMEBIASIS_WEEKLY,,legacy_gap_fill,32,0.0
disease,D165,amebiasis,Amebiasis,JP,Japan,D165,Amebiasis,阿米巴病,Parasitic,2024-03-10,2024-03,7,7.0,0,0.005656426657022513,wpp_computed,,2012-09-16,2026-07-25,2026-08-01T00:00:00+00:00,jp_weekly,JP NIID Weekly,https://id-info.jihs.go.jp/en/surveillance/idwr/rapid/index.html,web,jp_weekly,JP NIID Weekly,https://id-info.jihs.go.jp/en/surveillance/idwr/rapid/index.html,web,mixed,single_series,SER_JP_AMEBIASIS_WEEKLY,,legacy_gap_fill,32,0.0
disease,D165,amebiasis,Amebiasis,JP,Japan,D165,Amebiasis,阿米巴病,Parasitic,2024-03-17,2024-03,6,6.0,0,0.004848365706019296,wpp_computed,,2012-09-16,2026-07-25,2026-08-01T00:00:00+00:00,jp_weekly,JP NIID Weekly,https://id-info.jihs.go.jp/en/surveillance/idwr/rapid/index.html,web,jp_weekly,JP NIID Weekly,https://id-info.jihs.go.jp/en/surveillance/idwr/rapid/index.html,web,mixed,single_series,SER_JP_AMEBIASIS_WEEKLY,,legacy_gap_fill,32,0.0
disease,D165,amebiasis,Amebiasis,JP,Japan,D165,Amebiasis,阿米巴病,Parasitic,2024-03-24,2024-03,3,3.0,0,0.002424182853009648,wpp_computed,,2012-09-16,2026-07-25,2026-08-01T00:00:00+00:00,jp_weekly,JP NIID Weekly,https://id-info.jihs.go.jp/en/surveillance/idwr/rapid/index.html,web,jp_weekly,JP NIID Weekly,https://id-info.jihs.go.jp/en/surveillance/idwr/rapid/index.html,web,mixed,single_series,SER_JP_AMEBIASIS_WEEKLY,,legacy_gap_fill,32,0.0
disease,D165,amebiasis,Amebiasis,JP,Japan,D165,Amebiasis,阿米巴病,Parasitic,2024-03-31,2024-03,9,9.0,0,0.007272548559028945,wpp_computed,,2012-09-16,2026-07-25,2026-08-01T00:00:00+00:00,jp_weekly,JP NIID Weekly,https://id-info.jihs.go.jp/en/surveillance/idwr/rapid/index.html,web,jp_weekly,JP NIID Weekly,https://id-info.jihs.go.jp/en/surveillance/idwr/rapid/index.html,web,mixed,single_series,SER_JP_AMEBIASIS_WEEKLY,,legacy_gap_fill,32,0.0
disease,D165,amebiasis,Amebiasis,JP,Japan,D165,Amebiasis,阿米巴病,Parasitic,2024-04-07,2024-04,6,6.0,0,0.004848365706019296,wpp_computed,,2012-09-16,2026-07-25,2026-08-01T00:00:00+00:00,jp_weekly,JP NIID Weekly,https://id-info.jihs.go.jp/en/surveillance/idwr/rapid/index.html,web,jp_weekly,JP NIID Weekly,https://id-info.jihs.go.jp/en/surveillance/idwr/rapid/index.html,web,mixed,single_series,SER_JP_AMEBIASIS_WEEKLY,,legacy_gap_fill,32,0.0
disease,D165,amebiasis,Amebiasis,JP,Japan,D165,Amebiasis,阿米巴病,Parasitic,2024-04-14,2024-04,5,5.0,0,0.004040304755016081,wpp_computed,,2012-09-16,2026-07-25,2026-08-01T00:00:00+00:00,jp_weekly,JP NIID Weekly,https://id-info.jihs.go.jp/en/surveillance/idwr/rapid/index.html,web,jp_weekly,JP NIID Weekly,https://id-info.jihs.go.jp/en/surveillance/idwr/rapid/index.html,web,mixed,single_series,SER_JP_AMEBIASIS_WEEKLY,,legacy_gap_fill,32,0.0
disease,D165,amebiasis,Amebiasis,JP,Japan,D165,Amebiasis,阿米巴病,Parasitic,2024-04-21,2024-04,11,11.0,0,0.008888670461035378,wpp_computed,,2012-09-16,2026-07-25,2026-08-01T00:00:00+00:00,jp_weekly,JP NIID Weekly,https://id-info.jihs.go.jp/en/surveillance/idwr/rapid/index.html,web,jp_weekly,JP NIID Weekly,https://id-info.jihs.go.jp/en/surveillance/idwr/rapid/index.html,web,mixed,single_series,SER_JP_AMEBIASIS_WEEKLY,,legacy_gap_fill,32,0.0
disease,D165,amebiasis,Amebiasis,JP,Japan,D165,Amebiasis,阿米巴病,Parasitic,2024-04-28,2024-04,8,8.0,0,0.006464487608025729,wpp_computed,,2012-09-16,2026-07-25,2026-08-01T00:00:00+00:00,jp_weekly,JP NIID Weekly,https://id-info.jihs.go.jp/en/surveillance/idwr/rapid/index.html,web,jp_weekly,JP NIID Weekly,https://id-info.jihs.go.jp/en/surveillance/idwr/rapid/index.html,web,mixed,single_series,SER_JP_AMEBIASIS_WEEKLY,,legacy_gap_fill,32,0.0
disease,D165,amebiasis,Amebiasis,JP,Japan,D165,Amebiasis,阿米巴病,Parasitic,2024-05-05,2024-05,8,8.0,0,0.006464487608025729,wpp_computed,,2012-09-16,2026-07-25,2026-08-01T00:00:00+00:00,jp_weekly,JP NIID Weekly,https://id-info.jihs.go.jp/en/surveillance/idwr/rapid/index.html,web,jp_weekly,JP NIID Weekly,https://id-info.jihs.go.jp/en/surveillance/idwr/rapid/index.html,web,mixed,single_series,SER_JP_AMEBIASIS_WEEKLY,,legacy_gap_fill,32,0.0
disease,D165,amebiasis,Amebiasis,JP,Japan,D165,Amebiasis,阿米巴病,Parasitic,2024-05-12,2024-05,5,5.0,0,0.004040304755016081,wpp_computed,,2012-09-16,2026-07-25,2026-08-01T00:00:00+00:00,jp_weekly,JP NIID Weekly,https://id-info.jihs.go.jp/en/surveillance/idwr/rapid/index.html,web,jp_weekly,JP NIID Weekly,https://id-info.jihs.go.jp/en/surveillance/idwr/rapid/index.html,web,mixed,single_series,SER_JP_AMEBIASIS_WEEKLY,,legacy_gap_fill,32,0.0
disease,D165,amebiasis,Amebiasis,JP,Japan,D165,Amebiasis,阿米巴病,Parasitic,2024-05-19,2024-05,7,7.0,0,0.005656426657022513,wpp_computed,,2012-09-16,2026-07-25,2026-08-01T00:00:00+00:00,jp_weekly,JP NIID Weekly,https://id-info.jihs.go.jp/en/surveillance/idwr/rapid/index.html,web,jp_weekly,JP NIID Weekly,https://id-info.jihs.go.jp/en/surveillance/idwr/rapid/index.html,web,mixed,single_series,SER_JP_AMEBIASIS_WEEKLY,,legacy_gap_fill,32,0.0
disease,D165,amebiasis,Amebiasis,JP,Japan,D165,Amebiasis,阿米巴病,Parasitic,2024-05-26,2024-05,7,7.0,0,0.005656426657022513,wpp_computed,,2012-09-16,2026-07-25,2026-08-01T00:00:00+00:00,jp_weekly,JP NIID Weekly,https://id-info.jihs.go.jp/en/surveillance/idwr/rapid/index.html,web,jp_weekly,JP NIID Weekly,https://id-info.jihs.go.jp/en/surveillance/idwr/rapid/index.html,web,mixed,single_series,SER_JP_AMEBIASIS_WEEKLY,,legacy_gap_fill,32,0.0
disease,D165,amebiasis,Amebiasis,JP,Japan,D165,Amebiasis,阿米巴病,Parasitic,2024-06-02,2024-06,5,5.0,0,0.004040304755016081,wpp_computed,,2012-09-16,2026-07-25,2026-08-01T00:00:00+00:00,jp_weekly,JP NIID Weekly,https://id-info.jihs.go.jp/en/surveillance/idwr/rapid/index.html,web,jp_weekly,JP NIID Weekly,https://id-info.jihs.go.jp/en/surveillance/idwr/rapid/index.html,web,mixed,single_series,SER_JP_AMEBIASIS_WEEKLY,,legacy_gap_fill,32,0.0
disease,D165,amebiasis,Amebiasis,JP,Japan,D165,Amebiasis,阿米巴病,Parasitic,2024-06-09,2024-06,5,5.0,0,0.004040304755016081,wpp_computed,,2012-09-16,2026-07-25,2026-08-01T00:00:00+00:00,jp_weekly,JP NIID Weekly,https://id-info.jihs.go.jp/en/surveillance/idwr/rapid/index.html,web,jp_weekly,JP NIID Weekly,https://id-info.jihs.go.jp/en/surveillance/idwr/rapid/index.html,web,mixed,single_series,SER_JP_AMEBIASIS_WEEKLY,,legacy_gap_fill,32,0.0
disease,D165,amebiasis,Amebiasis,JP,Japan,D165,Amebiasis,阿米巴病,Parasitic,2024-06-16,2024-06,7,7.0,0,0.005656426657022513,wpp_computed,,2012-09-16,2026-07-25,2026-08-01T00:00:00+00:00,jp_weekly,JP NIID Weekly,https://id-info.jihs.go.jp/en/surveillance/idwr/rapid/index.html,web,jp_weekly,JP NIID Weekly,https://id-info.jihs.go.jp/en/surveillance/idwr/rapid/index.html,web,mixed,single_series,SER_JP_AMEBIASIS_WEEKLY,,legacy_gap_fill,32,0.0
disease,D165,amebiasis,Amebiasis,JP,Japan,D165,Amebiasis,阿米巴病,Parasitic,2024-06-23,2024-06,5,5.0,0,0.004040304755016081,wpp_computed,,2012-09-16,2026-07-25,2026-08-01T00:00:00+00:00,jp_weekly,JP NIID Weekly,https://id-info.jihs.go.jp/en/surveillance/idwr/rapid/index.html,web,jp_weekly,JP NIID Weekly,https://id-info.jihs.go.jp/en/surveillance/idwr/rapid/index.html,web,mixed,single_series,SER_JP_AMEBIASIS_WEEKLY,,legacy_gap_fill,32,0.0
disease,D165,amebiasis,Amebiasis,JP,Japan,D165,Amebiasis,阿米巴病,Parasitic,2024-06-30,2024-06,6,6.0,0,0.004848365706019296,wpp_computed,,2012-09-16,2026-07-25,2026-08-01T00:00:00+00:00,jp_weekly,JP NIID Weekly,https://id-info.jihs.go.jp/en/surveillance/idwr/rapid/index.html,web,jp_weekly,JP NIID Weekly,https://id-info.jihs.go.jp/en/surveillance/idwr/rapid/index.html,web,mixed,single_series,SER_JP_AMEBIASIS_WEEKLY,,legacy_gap_fill,32,0.0
disease,D165,amebiasis,Amebiasis,JP,Japan,D165,Amebiasis,阿米巴病,Parasitic,2024-07-07,2024-07,8,8.0,0,0.006464487608025729,wpp_computed,,2012-09-16,2026-07-25,2026-08-01T00:00:00+00:00,jp_weekly,JP NIID Weekly,https://id-info.jihs.go.jp/en/surveillance/idwr/rapid/index.html,web,jp_weekly,JP NIID Weekly,https://id-info.jihs.go.jp/en/surveillance/idwr/rapid/index.html,web,mixed,single_series,SER_JP_AMEBIASIS_WEEKLY,,legacy_gap_fill,32,0.0
disease,D165,amebiasis,Amebiasis,JP,Japan,D165,Amebiasis,阿米巴病,Parasitic,2024-07-14,2024-07,6,6.0,0,0.004848365706019296,wpp_computed,,2012-09-16,2026-07-25,2026-08-01T00:00:00+00:00,jp_weekly,JP NIID Weekly,https://id-info.jihs.go.jp/en/surveillance/idwr/rapid/index.html,web,jp_weekly,JP NIID Weekly,https://id-info.jihs.go.jp/en/surveillance/idwr/rapid/index.html,web,mixed,single_series,SER_JP_AMEBIASIS_WEEKLY,,legacy_gap_fill,32,0.0
disease,D165,amebiasis,Amebiasis,JP,Japan,D165,Amebiasis,阿米巴病,Parasitic,2024-07-21,2024-07,5,5.0,0,0.004040304755016081,wpp_computed,,2012-09-16,2026-07-25,2026-08-01T00:00:00+00:00,jp_weekly,JP NIID Weekly,https://id-info.jihs.go.jp/en/surveillance/idwr/rapid/index.html,web,jp_weekly,JP NIID Weekly,https://id-info.jihs.go.jp/en/surveillance/idwr/rapid/index.html,web,mixed,single_series,SER_JP_AMEBIASIS_WEEKLY,,legacy_gap_fill,32,0.0
disease,D165,amebiasis,Amebiasis,JP,Japan,D165,Amebiasis,阿米巴病,Parasitic,2024-07-28,2024-07,7,7.0,0,0.005656426657022513,wpp_computed,,2012-09-16,2026-07-25,2026-08-01T00:00:00+00:00,jp_weekly,JP NIID Weekly,https://id-info.jihs.go.jp/en/surveillance/idwr/rapid/index.html,web,jp_weekly,JP NIID Weekly,https://id-info.jihs.go.jp/en/surveillance/idwr/rapid/index.html,web,mixed,single_series,SER_JP_AMEBIASIS_WEEKLY,,legacy_gap_fill,32,0.0
disease,D165,amebiasis,Amebiasis,JP,Japan,D165,Amebiasis,阿米巴病,Parasitic,2024-08-04,2024-08,9,9.0,0,0.007272548559028945,wpp_computed,,2012-09-16,2026-07-25,2026-08-01T00:00:00+00:00,jp_weekly,JP NIID Weekly,https://id-info.jihs.go.jp/en/surveillance/idwr/rapid/index.html,web,jp_weekly,JP NIID Weekly,https://id-info.jihs.go.jp/en/surveillance/idwr/rapid/index.html,web,mixed,single_series,SER_JP_AMEBIASIS_WEEKLY,,legacy_gap_fill,32,0.0
disease,D165,amebiasis,Amebiasis,JP,Japan,D165,Amebiasis,阿米巴病,Parasitic,2024-08-11,2024-08,4,4.0,0,0.0032322438040128646,wpp_computed,,2012-09-16,2026-07-25,2026-08-01T00:00:00+00:00,jp_weekly,JP NIID Weekly,https://id-info.jihs.go.jp/en/surveillance/idwr/rapid/index.html,web,jp_weekly,JP NIID Weekly,https://id-info.jihs.go.jp/en/surveillance/idwr/rapid/index.html,web,mixed,single_series,SER_JP_AMEBIASIS_WEEKLY,,legacy_gap_fill,32,0.0
disease,D165,amebiasis,Amebiasis,JP,Japan,D165,Amebiasis,阿米巴病,Parasitic,2024-08-18,2024-08,5,5.0,0,0.004040304755016081,wpp_computed,,2012-09-16,2026-07-25,2026-08-01T00:00:00+00:00,jp_weekly,JP NIID Weekly,https://id-info.jihs.go.jp/en/surveillance/idwr/rapid/index.html,web,jp_weekly,JP NIID Weekly,https://id-info.jihs.go.jp/en/surveillance/idwr/rapid/index.html,web,mixed,single_series,SER_JP_AMEBIASIS_WEEKLY,,legacy_gap_fill,32,0.0
disease,D165,amebiasis,Amebiasis,JP,Japan,D165,Amebiasis,阿米巴病,Parasitic,2024-08-25,2024-08,4,4.0,0,0.0032322438040128646,wpp_computed,,2012-09-16,2026-07-25,2026-08-01T00:00:00+00:00,jp_weekly,JP NIID Weekly,https://id-info.jihs.go.jp/en/surveillance/idwr/rapid/index.html,web,jp_weekly,JP NIID Weekly,https://id-info.jihs.go.jp/en/surveillance/idwr/rapid/index.html,web,mixed,single_series,SER_JP_AMEBIASIS_WEEKLY,,legacy_gap_fill,32,0.0
disease,D165,amebiasis,Amebiasis,JP,Japan,D165,Amebiasis,阿米巴病,Parasitic,2024-09-01,2024-09,7,7.0,0,0.005656426657022513,wpp_computed,,2012-09-16,2026-07-25,2026-08-01T00:00:00+00:00,jp_weekly,JP NIID Weekly,https://id-info.jihs.go.jp/en/surveillance/idwr/rapid/index.html,web,jp_weekly,JP NIID Weekly,https://id-info.jihs.go.jp/en/surveillance/idwr/rapid/index.html,web,mixed,single_series,SER_JP_AMEBIASIS_WEEKLY,,legacy_gap_fill,32,0.0
disease,D165,amebiasis,Amebiasis,JP,Japan,D165,Amebiasis,阿米巴病,Parasitic,2024-09-08,2024-09,8,8.0,0,0.006464487608025729,wpp_computed,,2012-09-16,2026-07-25,2026-08-01T00:00:00+00:00,jp_weekly,JP NIID Weekly,https://id-info.jihs.go.jp/en/surveillance/idwr/rapid/index.html,web,jp_weekly,JP NIID Weekly,https://id-info.jihs.go.jp/en/surveillance/idwr/rapid/index.html,web,mixed,single_series,SER_JP_AMEBIASIS_WEEKLY,,legacy_gap_fill,32,0.0
disease,D165,amebiasis,Amebiasis,JP,Japan,D165,Amebiasis,阿米巴病,Parasitic,2024-09-15,2024-09,5,5.0,0,0.004040304755016081,wpp_computed,,2012-09-16,2026-07-25,2026-08-01T00:00:00+00:00,jp_weekly,JP NIID Weekly,https://id-info.jihs.go.jp/en/surveillance/idwr/rapid/index.html,web,jp_weekly,JP NIID Weekly,https://id-info.jihs.go.jp/en/surveillance/idwr/rapid/index.html,web,mixed,single_series,SER_JP_AMEBIASIS_WEEKLY,,legacy_gap_fill,32,0.0
disease,D165,amebiasis,Amebiasis,JP,Japan,D165,Amebiasis,阿米巴病,Parasitic,2024-09-22,2024-09,9,9.0,0,0.007272548559028945,wpp_computed,,2012-09-16,2026-07-25,2026-08-01T00:00:00+00:00,jp_weekly,JP NIID Weekly,https://id-info.jihs.go.jp/en/surveillance/idwr/rapid/index.html,web,jp_weekly,JP NIID Weekly,https://id-info.jihs.go.jp/en/surveillance/idwr/rapid/index.html,web,mixed,single_series,SER_JP_AMEBIASIS_WEEKLY,,legacy_gap_fill,32,0.0
disease,D165,amebiasis,Amebiasis,JP,Japan,D165,Amebiasis,阿米巴病,Parasitic,2024-09-29,2024-09,4,4.0,0,0.0032322438040128646,wpp_computed,,2012-09-16,2026-07-25,2026-08-01T00:00:00+00:00,jp_weekly,JP NIID Weekly,https://id-info.jihs.go.jp/en/surveillance/idwr/rapid/index.html,web,jp_weekly,JP NIID Weekly,https://id-info.jihs.go.jp/en/surveillance/idwr/rapid/index.html,web,mixed,single_series,SER_JP_AMEBIASIS_WEEKLY,,legacy_gap_fill,32,0.0
disease,D165,amebiasis,Amebiasis,JP,Japan,D165,Amebiasis,阿米巴病,Parasitic,2024-10-06,2024-10,7,7.0,0,0.005656426657022513,wpp_computed,,2012-09-16,2026-07-25,2026-08-01T00:00:00+00:00,jp_weekly,JP NIID Weekly,https://id-info.jihs.go.jp/en/surveillance/idwr/rapid/index.html,web,jp_weekly,JP NIID Weekly,https://id-info.jihs.go.jp/en/surveillance/idwr/rapid/index.html,web,mixed,single_series,SER_JP_AMEBIASIS_WEEKLY,,legacy_gap_fill,32,0.0
disease,D165,amebiasis,Amebiasis,JP,Japan,D165,Amebiasis,阿米巴病,Parasitic,2024-10-13,2024-10,1,1.0,0,0.0008080609510032162,wpp_computed,,2012-09-16,2026-07-25,2026-08-01T00:00:00+00:00,jp_weekly,JP NIID Weekly,https://id-info.jihs.go.jp/en/surveillance/idwr/rapid/index.html,web,jp_weekly,JP NIID Weekly,https://id-info.jihs.go.jp/en/surveillance/idwr/rapid/index.html,web,mixed,single_series,SER_JP_AMEBIASIS_WEEKLY,,legacy_gap_fill,32,0.0
disease,D165,amebiasis,Amebiasis,JP,Japan,D165,Amebiasis,阿米巴病,Parasitic,2024-10-20,2024-10,5,5.0,0,0.004040304755016081,wpp_computed,,2012-09-16,2026-07-25,2026-08-01T00:00:00+00:00,jp_weekly,JP NIID Weekly,https://id-info.jihs.go.jp/en/surveillance/idwr/rapid/index.html,web,jp_weekly,JP NIID Weekly,https://id-info.jihs.go.jp/en/surveillance/idwr/rapid/index.html,web,mixed,single_series,SER_JP_AMEBIASIS_WEEKLY,,legacy_gap_fill,32,0.0
disease,D165,amebiasis,Amebiasis,JP,Japan,D165,Amebiasis,阿米巴病,Parasitic,2024-10-27,2024-10,9,9.0,0,0.007272548559028945,wpp_computed,,2012-09-16,2026-07-25,2026-08-01T00:00:00+00:00,jp_weekly,JP NIID Weekly,https://id-info.jihs.go.jp/en/surveillance/idwr/rapid/index.html,web,jp_weekly,JP NIID Weekly,https://id-info.jihs.go.jp/en/surveillance/idwr/rapid/index.html,web,mixed,single_series,SER_JP_AMEBIASIS_WEEKLY,,legacy_gap_fill,32,0.0
disease,D165,amebiasis,Amebiasis,JP,Japan,D165,Amebiasis,阿米巴病,Parasitic,2024-11-03,2024-11,4,4.0,0,0.0032322438040128646,wpp_computed,,2012-09-16,2026-07-25,2026-08-01T00:00:00+00:00,jp_weekly,JP NIID Weekly,https://id-info.jihs.go.jp/en/surveillance/idwr/rapid/index.html,web,jp_weekly,JP NIID Weekly,https://id-info.jihs.go.jp/en/surveillance/idwr/rapid/index.html,web,mixed,single_series,SER_JP_AMEBIASIS_WEEKLY,,legacy_gap_fill,32,0.0
disease,D165,amebiasis,Amebiasis,JP,Japan,D165,Amebiasis,阿米巴病,Parasitic,2024-11-10,2024-11,6,6.0,0,0.004848365706019296,wpp_computed,,2012-09-16,2026-07-25,2026-08-01T00:00:00+00:00,jp_weekly,JP NIID Weekly,https://id-info.jihs.go.jp/en/surveillance/idwr/rapid/index.html,web,jp_weekly,JP NIID Weekly,https://id-info.jihs.go.jp/en/surveillance/idwr/rapid/index.html,web,mixed,single_series,SER_JP_AMEBIASIS_WEEKLY,,legacy_gap_fill,32,0.0
disease,D165,amebiasis,Amebiasis,JP,Japan,D165,Amebiasis,阿米巴病,Parasitic,2024-11-17,2024-11,5,5.0,0,0.004040304755016081,wpp_computed,,2012-09-16,2026-07-25,2026-08-01T00:00:00+00:00,jp_weekly,JP NIID Weekly,https://id-info.jihs.go.jp/en/surveillance/idwr/rapid/index.html,web,jp_weekly,JP NIID Weekly,https://id-info.jihs.go.jp/en/surveillance/idwr/rapid/index.html,web,mixed,single_series,SER_JP_AMEBIASIS_WEEKLY,,legacy_gap_fill,32,0.0
disease,D165,amebiasis,Amebiasis,JP,Japan,D165,Amebiasis,阿米巴病,Parasitic,2024-11-24,2024-11,8,8.0,0,0.006464487608025729,wpp_computed,,2012-09-16,2026-07-25,2026-08-01T00:00:00+00:00,jp_weekly,JP NIID Weekly,https://id-info.jihs.go.jp/en/surveillance/idwr/rapid/index.html,web,jp_weekly,JP NIID Weekly,https://id-info.jihs.go.jp/en/surveillance/idwr/rapid/index.html,web,mixed,single_series,SER_JP_AMEBIASIS_WEEKLY,,legacy_gap_fill,32,0.0
disease,D165,amebiasis,Amebiasis,JP,Japan,D165,Amebiasis,阿米巴病,Parasitic,2024-12-01,2024-12,4,4.0,0,0.0032322438040128646,wpp_computed,,2012-09-16,2026-07-25,2026-08-01T00:00:00+00:00,jp_weekly,JP NIID Weekly,https://id-info.jihs.go.jp/en/surveillance/idwr/rapid/index.html,web,jp_weekly,JP NIID Weekly,https://id-info.jihs.go.jp/en/surveillance/idwr/rapid/index.html,web,mixed,single_series,SER_JP_AMEBIASIS_WEEKLY,,legacy_gap_fill,32,0.0
disease,D165,amebiasis,Amebiasis,JP,Japan,D165,Amebiasis,阿米巴病,Parasitic,2024-12-08,2024-12,4,4.0,0,0.0032322438040128646,wpp_computed,,2012-09-16,2026-07-25,2026-08-01T00:00:00+00:00,jp_weekly,JP NIID Weekly,https://id-info.jihs.go.jp/en/surveillance/idwr/rapid/index.html,web,jp_weekly,JP NIID Weekly,https://id-info.jihs.go.jp/en/surveillance/idwr/rapid/index.html,web,mixed,single_series,SER_JP_AMEBIASIS_WEEKLY,,legacy_gap_fill,32,0.0
disease,D165,amebiasis,Amebiasis,JP,Japan,D165,Amebiasis,阿米巴病,Parasitic,2024-12-15,2024-12,6,6.0,0,0.004848365706019296,wpp_computed,,2012-09-16,2026-07-25,2026-08-01T00:00:00+00:00,jp_weekly,JP NIID Weekly,https://id-info.jihs.go.jp/en/surveillance/idwr/rapid/index.html,web,jp_weekly,JP NIID Weekly,https://id-info.jihs.go.jp/en/surveillance/idwr/rapid/index.html,web,mixed,single_series,SER_JP_AMEBIASIS_WEEKLY,,legacy_gap_fill,32,0.0
disease,D165,amebiasis,Amebiasis,JP,Japan,D165,Amebiasis,阿米巴病,Parasitic,2024-12-22,2024-12,6,6.0,0,0.004848365706019296,wpp_computed,,2012-09-16,2026-07-25,2026-08-01T00:00:00+00:00,jp_weekly,JP NIID Weekly,https://id-info.jihs.go.jp/en/surveillance/idwr/rapid/index.html,web,jp_weekly,JP NIID Weekly,https://id-info.jihs.go.jp/en/surveillance/idwr/rapid/index.html,web,mixed,single_series,SER_JP_AMEBIASIS_WEEKLY,,legacy_gap_fill,32,0.0
disease,D165,amebiasis,Amebiasis,JP,Japan,D165,Amebiasis,阿米巴病,Parasitic,2024-12-29,2024-12,8,8.0,0,0.006464487608025729,wpp_computed,,2012-09-16,2026-07-25,2026-08-01T00:00:00+00:00,jp_weekly,JP NIID Weekly,https://id-info.jihs.go.jp/en/surveillance/idwr/rapid/index.html,web,jp_weekly,JP NIID Weekly,https://id-info.jihs.go.jp/en/surveillance/idwr/rapid/index.html,web,mixed,single_series,SER_JP_AMEBIASIS_WEEKLY,,legacy_gap_fill,32,0.0
disease,D165,amebiasis,Amebiasis,JP,Japan,D165,Amebiasis,阿米巴病,Parasitic,2025-01-05,2025-01,0,0.0,0,0.0,wpp_computed,,2012-09-16,2026-07-25,2026-08-01T00:00:00+00:00,jp_weekly,JP NIID Weekly,https://id-info.jihs.go.jp/en/surveillance/idwr/rapid/index.html,web,jp_weekly,JP NIID Weekly,https://id-info.jihs.go.jp/en/surveillance/idwr/rapid/index.html,web,mixed,single_series,SER_JP_AMEBIASIS_WEEKLY,,legacy_gap_fill,32,0.0
disease,D165,amebiasis,Amebiasis,JP,Japan,D165,Amebiasis,阿米巴病,Parasitic,2025-01-12,2025-01,4,4.0,0,0.0032492989089284796,wpp_computed,,2012-09-16,2026-07-25,2026-08-01T00:00:00+00:00,jp_weekly,JP NIID Weekly,https://id-info.jihs.go.jp/en/surveillance/idwr/rapid/index.html,web,jp_weekly,JP NIID Weekly,https://id-info.jihs.go.jp/en/surveillance/idwr/rapid/index.html,web,mixed,single_series,SER_JP_AMEBIASIS_WEEKLY,,legacy_gap_fill,32,0.0
disease,D165,amebiasis,Amebiasis,JP,Japan,D165,Amebiasis,阿米巴病,Parasitic,2025-01-19,2025-01,3,3.0,0,0.00243697418169636,wpp_computed,,2012-09-16,2026-07-25,2026-08-01T00:00:00+00:00,jp_weekly,JP NIID Weekly,https://id-info.jihs.go.jp/en/surveillance/idwr/rapid/index.html,web,jp_weekly,JP NIID Weekly,https://id-info.jihs.go.jp/en/surveillance/idwr/rapid/index.html,web,mixed,single_series,SER_JP_AMEBIASIS_WEEKLY,,legacy_gap_fill,32,0.0
disease,D165,amebiasis,Amebiasis,JP,Japan,D165,Amebiasis,阿米巴病,Parasitic,2025-01-26,2025-01,8,8.0,0,0.006498597817856959,wpp_computed,,2012-09-16,2026-07-25,2026-08-01T00:00:00+00:00,jp_weekly,JP NIID Weekly,https://id-info.jihs.go.jp/en/surveillance/idwr/rapid/index.html,web,jp_weekly,JP NIID Weekly,https://id-info.jihs.go.jp/en/surveillance/idwr/rapid/index.html,web,mixed,single_series,SER_JP_AMEBIASIS_WEEKLY,,legacy_gap_fill,32,0.0
disease,D165,amebiasis,Amebiasis,JP,Japan,D165,Amebiasis,阿米巴病,Parasitic,2025-02-02,2025-02,9,9.0,0,0.00731092254508908,wpp_computed,,2012-09-16,2026-07-25,2026-08-01T00:00:00+00:00,jp_weekly,JP NIID Weekly,https://id-info.jihs.go.jp/en/surveillance/idwr/rapid/index.html,web,jp_weekly,JP NIID Weekly,https://id-info.jihs.go.jp/en/surveillance/idwr/rapid/index.html,web,mixed,single_series,SER_JP_AMEBIASIS_WEEKLY,,legacy_gap_fill,32,0.0
disease,D165,amebiasis,Amebiasis,JP,Japan,D165,Amebiasis,阿米巴病,Parasitic,2025-02-09,2025-02,8,8.0,0,0.006498597817856959,wpp_computed,,2012-09-16,2026-07-25,2026-08-01T00:00:00+00:00,jp_weekly,JP NIID Weekly,https://id-info.jihs.go.jp/en/surveillance/idwr/rapid/index.html,web,jp_weekly,JP NIID Weekly,https://id-info.jihs.go.jp/en/surveillance/idwr/rapid/index.html,web,mixed,single_series,SER_JP_AMEBIASIS_WEEKLY,,legacy_gap_fill,32,0.0
disease,D165,amebiasis,Amebiasis,JP,Japan,D165,Amebiasis,阿米巴病,Parasitic,2025-02-16,2025-02,6,6.0,0,0.00487394836339272,wpp_computed,,2012-09-16,2026-07-25,2026-08-01T00:00:00+00:00,jp_weekly,JP NIID Weekly,https://id-info.jihs.go.jp/en/surveillance/idwr/rapid/index.html,web,jp_weekly,JP NIID Weekly,https://id-info.jihs.go.jp/en/surveillance/idwr/rapid/index.html,web,mixed,single_series,SER_JP_AMEBIASIS_WEEKLY,,legacy_gap_fill,32,0.0
disease,D165,amebiasis,Amebiasis,JP,Japan,D165,Amebiasis,阿米巴病,Parasitic,2025-02-23,2025-02,6,6.0,0,0.00487394836339272,wpp_computed,,2012-09-16,2026-07-25,2026-08-01T00:00:00+00:00,jp_weekly,JP NIID Weekly,https://id-info.jihs.go.jp/en/surveillance/idwr/rapid/index.html,web,jp_weekly,JP NIID Weekly,https://id-info.jihs.go.jp/en/surveillance/idwr/rapid/index.html,web,mixed,single_series,SER_JP_AMEBIASIS_WEEKLY,,legacy_gap_fill,32,0.0
disease,D165,amebiasis,Amebiasis,JP,Japan,D165,Amebiasis,阿米巴病,Parasitic,2025-03-02,2025-03,10,10.0,0,0.008123247272321199,wpp_computed,,2012-09-16,2026-07-25,2026-08-01T00:00:00+00:00,jp_weekly,JP NIID Weekly,https://id-info.jihs.go.jp/en/surveillance/idwr/rapid/index.html,web,jp_weekly,JP NIID Weekly,https://id-info.jihs.go.jp/en/surveillance/idwr/rapid/index.html,web,mixed,single_series,SER_JP_AMEBIASIS_WEEKLY,,legacy_gap_fill,32,0.0
disease,D165,amebiasis,Amebiasis,JP,Japan,D165,Amebiasis,阿米巴病,Parasitic,2025-03-09,2025-03,5,5.0,0,0.004061623636160599,wpp_computed,,2012-09-16,2026-07-25,2026-08-01T00:00:00+00:00,jp_weekly,JP NIID Weekly,https://id-info.jihs.go.jp/en/surveillance/idwr/rapid/index.html,web,jp_weekly,JP NIID Weekly,https://id-info.jihs.go.jp/en/surveillance/idwr/rapid/index.html,web,mixed,single_series,SER_JP_AMEBIASIS_WEEKLY,,legacy_gap_fill,32,0.0
disease,D165,amebiasis,Amebiasis,JP,Japan,D165,Amebiasis,阿米巴病,Parasitic,2025-03-16,2025-03,8,8.0,0,0.006498597817856959,wpp_computed,,2012-09-16,2026-07-25,2026-08-01T00:00:00+00:00,jp_weekly,JP NIID Weekly,https://id-info.jihs.go.jp/en/surveillance/idwr/rapid/index.html,web,jp_weekly,JP NIID Weekly,https://id-info.jihs.go.jp/en/surveillance/idwr/rapid/index.html,web,mixed,single_series,SER_JP_AMEBIASIS_WEEKLY,,legacy_gap_fill,32,0.0
disease,D165,amebiasis,Amebiasis,JP,Japan,D165,Amebiasis,阿米巴病,Parasitic,2025-03-23,2025-03,6,6.0,0,0.00487394836339272,wpp_computed,,2012-09-16,2026-07-25,2026-08-01T00:00:00+00:00,jp_weekly,JP NIID Weekly,https://id-info.jihs.go.jp/en/surveillance/idwr/rapid/index.html,web,jp_weekly,JP NIID Weekly,https://id-info.jihs.go.jp/en/surveillance/idwr/rapid/index.html,web,mixed,single_series,SER_JP_AMEBIASIS_WEEKLY,,legacy_gap_fill,32,0.0
disease,D165,amebiasis,Amebiasis,JP,Japan,D165,Amebiasis,阿米巴病,Parasitic,2025-03-30,2025-03,7,7.0,0,0.005686273090624839,wpp_computed,,2012-09-16,2026-07-25,2026-08-01T00:00:00+00:00,jp_weekly,JP NIID Weekly,https://id-info.jihs.go.jp/en/surveillance/idwr/rapid/index.html,web,jp_weekly,JP NIID Weekly,https://id-info.jihs.go.jp/en/surveillance/idwr/rapid/index.html,web,mixed,single_series,SER_JP_AMEBIASIS_WEEKLY,,legacy_gap_fill,32,0.0
disease,D165,amebiasis,Amebiasis,JP,Japan,D165,Amebiasis,阿米巴病,Parasitic,2025-04-06,2025-04,2,2.0,0,0.0016246494544642398,wpp_computed,,2012-09-16,2026-07-25,2026-08-01T00:00:00+00:00,jp_weekly,JP NIID Weekly,https://id-info.jihs.go.jp/en/surveillance/idwr/rapid/index.html,web,jp_weekly,JP NIID Weekly,https://id-info.jihs.go.jp/en/surveillance/idwr/rapid/index.html,web,mixed,single_series,SER_JP_AMEBIASIS_WEEKLY,,legacy_gap_fill,32,0.0
disease,D165,amebiasis,Amebiasis,JP,Japan,D165,Amebiasis,阿米巴病,Parasitic,2025-04-13,2025-04,7,7.0,0,0.005686273090624839,wpp_computed,,2012-09-16,2026-07-25,2026-08-01T00:00:00+00:00,jp_weekly,JP NIID Weekly,https://id-info.jihs.go.jp/en/surveillance/idwr/rapid/index.html,web,jp_weekly,JP NIID Weekly,https://id-info.jihs.go.jp/en/surveillance/idwr/rapid/index.html,web,mixed,single_series,SER_JP_AMEBIASIS_WEEKLY,,legacy_gap_fill,32,0.0
disease,D165,amebiasis,Amebiasis,JP,Japan,D165,Amebiasis,阿米巴病,Parasitic,2025-04-20,2025-04,4,4.0,0,0.0032492989089284796,wpp_computed,,2012-09-16,2026-07-25,2026-08-01T00:00:00+00:00,jp_weekly,JP NIID Weekly,https://id-info.jihs.go.jp/en/surveillance/idwr/rapid/index.html,web,jp_weekly,JP NIID Weekly,https://id-info.jihs.go.jp/en/surveillance/idwr/rapid/index.html,web,mixed,single_series,SER_JP_AMEBIASIS_WEEKLY,,legacy_gap_fill,32,0.0
disease,D165,amebiasis,Amebiasis,JP,Japan,D165,Amebiasis,阿米巴病,Parasitic,2025-04-27,2025-04,9,9.0,0,0.00731092254508908,wpp_computed,,2012-09-16,2026-07-25,2026-08-01T00:00:00+00:00,jp_weekly,JP NIID Weekly,https://id-info.jihs.go.jp/en/surveillance/idwr/rapid/index.html,web,jp_weekly,JP NIID Weekly,https://id-info.jihs.go.jp/en/surveillance/idwr/rapid/index.html,web,mixed,single_series,SER_JP_AMEBIASIS_WEEKLY,,legacy_gap_fill,32,0.0
disease,D165,amebiasis,Amebiasis,JP,Japan,D165,Amebiasis,阿米巴病,Parasitic,2025-05-04,2025-05,10,10.0,0,0.008123247272321199,wpp_computed,,2012-09-16,2026-07-25,2026-08-01T00:00:00+00:00,jp_weekly,JP NIID Weekly,https://id-info.jihs.go.jp/en/surveillance/idwr/rapid/index.html,web,jp_weekly,JP NIID Weekly,https://id-info.jihs.go.jp/en/surveillance/idwr/rapid/index.html,web,mixed,single_series,SER_JP_AMEBIASIS_WEEKLY,,legacy_gap_fill,32,0.0
disease,D165,amebiasis,Amebiasis,JP,Japan,D165,Amebiasis,阿米巴病,Parasitic,2025-05-11,2025-05,2,2.0,0,0.0016246494544642398,wpp_computed,,2012-09-16,2026-07-25,2026-08-01T00:00:00+00:00,jp_weekly,JP NIID Weekly,https://id-info.jihs.go.jp/en/surveillance/idwr/rapid/index.html,web,jp_weekly,JP NIID Weekly,https://id-info.jihs.go.jp/en/surveillance/idwr/rapid/index.html,web,mixed,single_series,SER_JP_AMEBIASIS_WEEKLY,,legacy_gap_fill,32,0.0
disease,D165,amebiasis,Amebiasis,JP,Japan,D165,Amebiasis,阿米巴病,Parasitic,2025-05-18,2025-05,5,5.0,0,0.004061623636160599,wpp_computed,,2012-09-16,2026-07-25,2026-08-01T00:00:00+00:00,jp_weekly,JP NIID Weekly,https://id-info.jihs.go.jp/en/surveillance/idwr/rapid/index.html,web,jp_weekly,JP NIID Weekly,https://id-info.jihs.go.jp/en/surveillance/idwr/rapid/index.html,web,mixed,single_series,SER_JP_AMEBIASIS_WEEKLY,,legacy_gap_fill,32,0.0
disease,D165,amebiasis,Amebiasis,JP,Japan,D165,Amebiasis,阿米巴病,Parasitic,2025-05-25,2025-05,12,12.0,0,0.00974789672678544,wpp_computed,,2012-09-16,2026-07-25,2026-08-01T00:00:00+00:00,jp_weekly,JP NIID Weekly,https://id-info.jihs.go.jp/en/surveillance/idwr/rapid/index.html,web,jp_weekly,JP NIID Weekly,https://id-info.jihs.go.jp/en/surveillance/idwr/rapid/index.html,web,mixed,single_series,SER_JP_AMEBIASIS_WEEKLY,,legacy_gap_fill,32,0.0
disease,D165,amebiasis,Amebiasis,JP,Japan,D165,Amebiasis,阿米巴病,Parasitic,2025-06-01,2025-06,5,5.0,0,0.004061623636160599,wpp_computed,,2012-09-16,2026-07-25,2026-08-01T00:00:00+00:00,jp_weekly,JP NIID Weekly,https://id-info.jihs.go.jp/en/surveillance/idwr/rapid/index.html,web,jp_weekly,JP NIID Weekly,https://id-info.jihs.go.jp/en/surveillance/idwr/rapid/index.html,web,mixed,single_series,SER_JP_AMEBIASIS_WEEKLY,,legacy_gap_fill,32,0.0
disease,D165,amebiasis,Amebiasis,JP,Japan,D165,Amebiasis,阿米巴病,Parasitic,2025-06-08,2025-06,4,4.0,0,0.0032492989089284796,wpp_computed,,2012-09-16,2026-07-25,2026-08-01T00:00:00+00:00,jp_weekly,JP NIID Weekly,https://id-info.jihs.go.jp/en/surveillance/idwr/rapid/index.html,web,jp_weekly,JP NIID Weekly,https://id-info.jihs.go.jp/en/surveillance/idwr/rapid/index.html,web,mixed,single_series,SER_JP_AMEBIASIS_WEEKLY,,legacy_gap_fill,32,0.0
disease,D165,amebiasis,Amebiasis,JP,Japan,D165,Amebiasis,阿米巴病,Parasitic,2025-06-15,2025-06,8,8.0,0,0.006498597817856959,wpp_computed,,2012-09-16,2026-07-25,2026-08-01T00:00:00+00:00,jp_weekly,JP NIID Weekly,https://id-info.jihs.go.jp/en/surveillance/idwr/rapid/index.html,web,jp_weekly,JP NIID Weekly,https://id-info.jihs.go.jp/en/surveillance/idwr/rapid/index.html,web,mixed,single_series,SER_JP_AMEBIASIS_WEEKLY,,legacy_gap_fill,32,0.0
disease,D165,amebiasis,Amebiasis,JP,Japan,D165,Amebiasis,阿米巴病,Parasitic,2025-06-22,2025-06,7,7.0,0,0.005686273090624839,wpp_computed,,2012-09-16,2026-07-25,2026-08-01T00:00:00+00:00,jp_weekly,JP NIID Weekly,https://id-info.jihs.go.jp/en/surveillance/idwr/rapid/index.html,web,jp_weekly,JP NIID Weekly,https://id-info.jihs.go.jp/en/surveillance/idwr/rapid/index.html,web,mixed,single_series,SER_JP_AMEBIASIS_WEEKLY,,legacy_gap_fill,32,0.0
disease,D165,amebiasis,Amebiasis,JP,Japan,D165,Amebiasis,阿米巴病,Parasitic,2025-06-29,2025-06,9,9.0,0,0.00731092254508908,wpp_computed,,2012-09-16,2026-07-25,2026-08-01T00:00:00+00:00,jp_weekly,JP NIID Weekly,https://id-info.jihs.go.jp/en/surveillance/idwr/rapid/index.html,web,jp_weekly,JP NIID Weekly,https://id-info.jihs.go.jp/en/surveillance/idwr/rapid/index.html,web,mixed,single_series,SER_JP_AMEBIASIS_WEEKLY,,legacy_gap_fill,32,0.0
disease,D165,amebiasis,Amebiasis,JP,Japan,D165,Amebiasis,阿米巴病,Parasitic,2025-07-06,2025-07,6,6.0,0,0.00487394836339272,wpp_computed,,2012-09-16,2026-07-25,2026-08-01T00:00:00+00:00,jp_weekly,JP NIID Weekly,https://id-info.jihs.go.jp/en/surveillance/idwr/rapid/index.html,web,jp_weekly,JP NIID Weekly,https://id-info.jihs.go.jp/en/surveillance/idwr/rapid/index.html,web,mixed,single_series,SER_JP_AMEBIASIS_WEEKLY,,legacy_gap_fill,32,0.0
disease,D165,amebiasis,Amebiasis,JP,Japan,D165,Amebiasis,阿米巴病,Parasitic,2025-07-13,2025-07,9,9.0,0,0.00731092254508908,wpp_computed,,2012-09-16,2026-07-25,2026-08-01T00:00:00+00:00,jp_weekly,JP NIID Weekly,https://id-info.jihs.go.jp/en/surveillance/idwr/rapid/index.html,web,jp_weekly,JP NIID Weekly,https://id-info.jihs.go.jp/en/surveillance/idwr/rapid/index.html,web,mixed,single_series,SER_JP_AMEBIASIS_WEEKLY,,legacy_gap_fill,32,0.0
disease,D165,amebiasis,Amebiasis,JP,Japan,D165,Amebiasis,阿米巴病,Parasitic,2025-07-20,2025-07,3,3.0,0,0.00243697418169636,wpp_computed,,2012-09-16,2026-07-25,2026-08-01T00:00:00+00:00,jp_weekly,JP NIID Weekly,https://id-info.jihs.go.jp/en/surveillance/idwr/rapid/index.html,web,jp_weekly,JP NIID Weekly,https://id-info.jihs.go.jp/en/surveillance/idwr/rapid/index.html,web,mixed,single_series,SER_JP_AMEBIASIS_WEEKLY,,legacy_gap_fill,32,0.0
disease,D165,amebiasis,Amebiasis,JP,Japan,D165,Amebiasis,阿米巴病,Parasitic,2025-07-27,2025-07,5,5.0,0,0.004061623636160599,wpp_computed,,2012-09-16,2026-07-25,2026-08-01T00:00:00+00:00,jp_weekly,JP NIID Weekly,https://id-info.jihs.go.jp/en/surveillance/idwr/rapid/index.html,web,jp_weekly,JP NIID Weekly,https://id-info.jihs.go.jp/en/surveillance/idwr/rapid/index.html,web,mixed,single_series,SER_JP_AMEBIASIS_WEEKLY,,legacy_gap_fill,32,0.0
disease,D165,amebiasis,Amebiasis,JP,Japan,D165,Amebiasis,阿米巴病,Parasitic,2025-08-03,2025-08,9,9.0,0,0.00731092254508908,wpp_computed,,2012-09-16,2026-07-25,2026-08-01T00:00:00+00:00,jp_weekly,JP NIID Weekly,https://id-info.jihs.go.jp/en/surveillance/idwr/rapid/index.html,web,jp_weekly,JP NIID Weekly,https://id-info.jihs.go.jp/en/surveillance/idwr/rapid/index.html,web,mixed,single_series,SER_JP_AMEBIASIS_WEEKLY,,legacy_gap_fill,32,0.0
disease,D165,amebiasis,Amebiasis,JP,Japan,D165,Amebiasis,阿米巴病,Parasitic,2025-08-10,2025-08,4,4.0,0,0.0032492989089284796,wpp_computed,,2012-09-16,2026-07-25,2026-08-01T00:00:00+00:00,jp_weekly,JP NIID Weekly,https://id-info.jihs.go.jp/en/surveillance/idwr/rapid/index.html,web,jp_weekly,JP NIID Weekly,https://id-info.jihs.go.jp/en/surveillance/idwr/rapid/index.html,web,mixed,single_series,SER_JP_AMEBIASIS_WEEKLY,,legacy_gap_fill,32,0.0
disease,D165,amebiasis,Amebiasis,JP,Japan,D165,Amebiasis,阿米巴病,Parasitic,2025-08-17,2025-08,6,6.0,0,0.00487394836339272,wpp_computed,,2012-09-16,2026-07-25,2026-08-01T00:00:00+00:00,jp_weekly,JP NIID Weekly,https://id-info.jihs.go.jp/en/surveillance/idwr/rapid/index.html,web,jp_weekly,JP NIID Weekly,https://id-info.jihs.go.jp/en/surveillance/idwr/rapid/index.html,web,mixed,single_series,SER_JP_AMEBIASIS_WEEKLY,,legacy_gap_fill,32,0.0
disease,D165,amebiasis,Amebiasis,JP,Japan,D165,Amebiasis,阿米巴病,Parasitic,2025-08-24,2025-08,2,2.0,0,0.0016246494544642398,wpp_computed,,2012-09-16,2026-07-25,2026-08-01T00:00:00+00:00,jp_weekly,JP NIID Weekly,https://id-info.jihs.go.jp/en/surveillance/idwr/rapid/index.html,web,jp_weekly,JP NIID Weekly,https://id-info.jihs.go.jp/en/surveillance/idwr/rapid/index.html,web,mixed,single_series,SER_JP_AMEBIASIS_WEEKLY,,legacy_gap_fill,32,0.0
disease,D165,amebiasis,Amebiasis,JP,Japan,D165,Amebiasis,阿米巴病,Parasitic,2025-08-31,2025-08,4,4.0,0,0.0032492989089284796,wpp_computed,,2012-09-16,2026-07-25,2026-08-01T00:00:00+00:00,jp_weekly,JP NIID Weekly,https://id-info.jihs.go.jp/en/surveillance/idwr/rapid/index.html,web,jp_weekly,JP NIID Weekly,https://id-info.jihs.go.jp/en/surveillance/idwr/rapid/index.html,web,mixed,single_series,SER_JP_AMEBIASIS_WEEKLY,,legacy_gap_fill,32,0.0
disease,D165,amebiasis,Amebiasis,JP,Japan,D165,Amebiasis,阿米巴病,Parasitic,2025-09-07,2025-09,13,13.0,0,0.010560221454017558,wpp_computed,,2012-09-16,2026-07-25,2026-08-01T00:00:00+00:00,jp_weekly,JP NIID Weekly,https://id-info.jihs.go.jp/en/surveillance/idwr/rapid/index.html,web,jp_weekly,JP NIID Weekly,https://id-info.jihs.go.jp/en/surveillance/idwr/rapid/index.html,web,mixed,single_series,SER_JP_AMEBIASIS_WEEKLY,,legacy_gap_fill,32,0.0
disease,D165,amebiasis,Amebiasis,JP,Japan,D165,Amebiasis,阿米巴病,Parasitic,2025-09-14,2025-09,8,8.0,0,0.006498597817856959,wpp_computed,,2012-09-16,2026-07-25,2026-08-01T00:00:00+00:00,jp_weekly,JP NIID Weekly,https://id-info.jihs.go.jp/en/surveillance/idwr/rapid/index.html,web,jp_weekly,JP NIID Weekly,https://id-info.jihs.go.jp/en/surveillance/idwr/rapid/index.html,web,mixed,single_series,SER_JP_AMEBIASIS_WEEKLY,,legacy_gap_fill,32,0.0
disease,D165,amebiasis,Amebiasis,JP,Japan,D165,Amebiasis,阿米巴病,Parasitic,2025-09-21,2025-09,6,6.0,0,0.00487394836339272,wpp_computed,,2012-09-16,2026-07-25,2026-08-01T00:00:00+00:00,jp_weekly,JP NIID Weekly,https://id-info.jihs.go.jp/en/surveillance/idwr/rapid/index.html,web,jp_weekly,JP NIID Weekly,https://id-info.jihs.go.jp/en/surveillance/idwr/rapid/index.html,web,mixed,single_series,SER_JP_AMEBIASIS_WEEKLY,,legacy_gap_fill,32,0.0
disease,D165,amebiasis,Amebiasis,JP,Japan,D165,Amebiasis,阿米巴病,Parasitic,2025-09-28,2025-09,4,4.0,0,0.0032492989089284796,wpp_computed,,2012-09-16,2026-07-25,2026-08-01T00:00:00+00:00,jp_weekly,JP NIID Weekly,https://id-info.jihs.go.jp/en/surveillance/idwr/rapid/index.html,web,jp_weekly,JP NIID Weekly,https://id-info.jihs.go.jp/en/surveillance/idwr/rapid/index.html,web,mixed,single_series,SER_JP_AMEBIASIS_WEEKLY,,legacy_gap_fill,32,0.0
disease,D165,amebiasis,Amebiasis,JP,Japan,D165,Amebiasis,阿米巴病,Parasitic,2025-10-05,2025-10,4,4.0,0,0.0032492989089284796,wpp_computed,,2012-09-16,2026-07-25,2026-08-01T00:00:00+00:00,jp_weekly,JP NIID Weekly,https://id-info.jihs.go.jp/en/surveillance/idwr/rapid/index.html,web,jp_weekly,JP NIID Weekly,https://id-info.jihs.go.jp/en/surveillance/idwr/rapid/index.html,web,mixed,single_series,SER_JP_AMEBIASIS_WEEKLY,,legacy_gap_fill,32,0.0
disease,D165,amebiasis,Amebiasis,JP,Japan,D165,Amebiasis,阿米巴病,Parasitic,2025-10-12,2025-10,8,8.0,0,0.006498597817856959,wpp_computed,,2012-09-16,2026-07-25,2026-08-01T00:00:00+00:00,jp_weekly,JP NIID Weekly,https://id-info.jihs.go.jp/en/surveillance/idwr/rapid/index.html,web,jp_weekly,JP NIID Weekly,https://id-info.jihs.go.jp/en/surveillance/idwr/rapid/index.html,web,mixed,single_series,SER_JP_AMEBIASIS_WEEKLY,,legacy_gap_fill,32,0.0
disease,D165,amebiasis,Amebiasis,JP,Japan,D165,Amebiasis,阿米巴病,Parasitic,2025-10-19,2025-10,7,7.0,0,0.005686273090624839,wpp_computed,,2012-09-16,2026-07-25,2026-08-01T00:00:00+00:00,jp_weekly,JP NIID Weekly,https://id-info.jihs.go.jp/en/surveillance/idwr/rapid/index.html,web,jp_weekly,JP NIID Weekly,https://id-info.jihs.go.jp/en/surveillance/idwr/rapid/index.html,web,mixed,single_series,SER_JP_AMEBIASIS_WEEKLY,,legacy_gap_fill,32,0.0
disease,D165,amebiasis,Amebiasis,JP,Japan,D165,Amebiasis,阿米巴病,Parasitic,2025-10-26,2025-10,5,5.0,0,0.004061623636160599,wpp_computed,,2012-09-16,2026-07-25,2026-08-01T00:00:00+00:00,jp_weekly,JP NIID Weekly,https://id-info.jihs.go.jp/en/surveillance/idwr/rapid/index.html,web,jp_weekly,JP NIID Weekly,https://id-info.jihs.go.jp/en/surveillance/idwr/rapid/index.html,web,mixed,single_series,SER_JP_AMEBIASIS_WEEKLY,,legacy_gap_fill,32,0.0
disease,D165,amebiasis,Amebiasis,JP,Japan,D165,Amebiasis,阿米巴病,Parasitic,2025-11-02,2025-11,5,5.0,0,0.004061623636160599,wpp_computed,,2012-09-16,2026-07-25,2026-08-01T00:00:00+00:00,jp_weekly,JP NIID Weekly,https://id-info.jihs.go.jp/en/surveillance/idwr/rapid/index.html,web,jp_weekly,JP NIID Weekly,https://id-info.jihs.go.jp/en/surveillance/idwr/rapid/index.html,web,mixed,single_series,SER_JP_AMEBIASIS_WEEKLY,,legacy_gap_fill,32,0.0
disease,D165,amebiasis,Amebiasis,JP,Japan,D165,Amebiasis,阿米巴病,Parasitic,2025-11-09,2025-11,4,4.0,0,0.0032492989089284796,wpp_computed,,2012-09-16,2026-07-25,2026-08-01T00:00:00+00:00,jp_weekly,JP NIID Weekly,https://id-info.jihs.go.jp/en/surveillance/idwr/rapid/index.html,web,jp_weekly,JP NIID Weekly,https://id-info.jihs.go.jp/en/surveillance/idwr/rapid/index.html,web,mixed,single_series,SER_JP_AMEBIASIS_WEEKLY,,legacy_gap_fill,32,0.0
disease,D165,amebiasis,Amebiasis,JP,Japan,D165,Amebiasis,阿米巴病,Parasitic,2025-11-16,2025-11,6,6.0,0,0.00487394836339272,wpp_computed,,2012-09-16,2026-07-25,2026-08-01T00:00:00+00:00,jp_weekly,JP NIID Weekly,https://id-info.jihs.go.jp/en/surveillance/idwr/rapid/index.html,web,jp_weekly,JP NIID Weekly,https://id-info.jihs.go.jp/en/surveillance/idwr/rapid/index.html,web,mixed,single_series,SER_JP_AMEBIASIS_WEEKLY,,legacy_gap_fill,32,0.0
disease,D165,amebiasis,Amebiasis,JP,Japan,D165,Amebiasis,阿米巴病,Parasitic,2025-11-23,2025-11,3,3.0,0,0.00243697418169636,wpp_computed,,2012-09-16,2026-07-25,2026-08-01T00:00:00+00:00,jp_weekly,JP NIID Weekly,https://id-info.jihs.go.jp/en/surveillance/idwr/rapid/index.html,web,jp_weekly,JP NIID Weekly,https://id-info.jihs.go.jp/en/surveillance/idwr/rapid/index.html,web,mixed,single_series,SER_JP_AMEBIASIS_WEEKLY,,legacy_gap_fill,32,0.0
disease,D165,amebiasis,Amebiasis,JP,Japan,D165,Amebiasis,阿米巴病,Parasitic,2025-11-30,2025-11,2,2.0,0,0.0016246494544642398,wpp_computed,,2012-09-16,2026-07-25,2026-08-01T00:00:00+00:00,jp_weekly,JP NIID Weekly,https://id-info.jihs.go.jp/en/surveillance/idwr/rapid/index.html,web,jp_weekly,JP NIID Weekly,https://id-info.jihs.go.jp/en/surveillance/idwr/rapid/index.html,web,mixed,single_series,SER_JP_AMEBIASIS_WEEKLY,,legacy_gap_fill,32,0.0
disease,D165,amebiasis,Amebiasis,JP,Japan,D165,Amebiasis,阿米巴病,Parasitic,2025-12-07,2025-12,8,8.0,0,0.006498597817856959,wpp_computed,,2012-09-16,2026-07-25,2026-08-01T00:00:00+00:00,jp_weekly,JP NIID Weekly,https://id-info.jihs.go.jp/en/surveillance/idwr/rapid/index.html,web,jp_weekly,JP NIID Weekly,https://id-info.jihs.go.jp/en/surveillance/idwr/rapid/index.html,web,mixed,single_series,SER_JP_AMEBIASIS_WEEKLY,,legacy_gap_fill,32,0.0
disease,D165,amebiasis,Amebiasis,JP,Japan,D165,Amebiasis,阿米巴病,Parasitic,2025-12-13,2025-12,8,9.333333333333332,0,0.006498597817856959,wpp_computed,,2012-09-16,2026-07-25,2026-08-01T00:00:00+00:00,jp_weekly,JP NIID Weekly,https://id-info.jihs.go.jp/en/surveillance/idwr/rapid/index.html,web,jp_weekly,JP NIID Weekly,https://id-info.jihs.go.jp/en/surveillance/idwr/rapid/index.html,web,mixed,single_series,SER_JP_AMEBIASIS_WEEKLY,,legacy_gap_fill,32,0.0
disease,D165,amebiasis,Amebiasis,JP,Japan,D165,Amebiasis,阿米巴病,Parasitic,2025-12-14,2025-12,8,8.0,0,0.006498597817856959,wpp_computed,,2012-09-16,2026-07-25,2026-08-01T00:00:00+00:00,jp_weekly,JP NIID Weekly,https://id-info.jihs.go.jp/en/surveillance/idwr/rapid/index.html,web,jp_weekly,JP NIID Weekly,https://id-info.jihs.go.jp/en/surveillance/idwr/rapid/index.html,web,mixed,single_series,SER_JP_AMEBIASIS_WEEKLY,,legacy_gap_fill,32,0.0
disease,D165,amebiasis,Amebiasis,JP,Japan,D165,Amebiasis,阿米巴病,Parasitic,2025-12-20,2025-12,5,5.833333333333334,0,0.004061623636160599,wpp_computed,,2012-09-16,2026-07-25,2026-08-01T00:00:00+00:00,jp_weekly,JP NIID Weekly,https://id-info.jihs.go.jp/en/surveillance/idwr/rapid/index.html,web,jp_weekly,JP NIID Weekly,https://id-info.jihs.go.jp/en/surveillance/idwr/rapid/index.html,web,mixed,single_series,SER_JP_AMEBIASIS_WEEKLY,,legacy_gap_fill,32,0.0
disease,D165,amebiasis,Amebiasis,JP,Japan,D165,Amebiasis,阿米巴病,Parasitic,2025-12-21,2025-12,5,5.0,0,0.004061623636160599,wpp_computed,,2012-09-16,2026-07-25,2026-08-01T00:00:00+00:00,jp_weekly,JP NIID Weekly,https://id-info.jihs.go.jp/en/surveillance/idwr/rapid/index.html,web,jp_weekly,JP NIID Weekly,https://id-info.jihs.go.jp/en/surveillance/idwr/rapid/index.html,web,mixed,single_series,SER_JP_AMEBIASIS_WEEKLY,,legacy_gap_fill,32,0.0
disease,D165,amebiasis,Amebiasis,JP,Japan,D165,Amebiasis,阿米巴病,Parasitic,2025-12-27,2025-12,8,9.333333333333332,0,0.006498597817856959,wpp_computed,,2012-09-16,2026-07-25,2026-08-01T00:00:00+00:00,jp_weekly,JP NIID Weekly,https://id-info.jihs.go.jp/en/surveillance/idwr/rapid/index.html,web,jp_weekly,JP NIID Weekly,https://id-info.jihs.go.jp/en/surveillance/idwr/rapid/index.html,web,mixed,single_series,SER_JP_AMEBIASIS_WEEKLY,,legacy_gap_fill,32,0.0
disease,D165,amebiasis,Amebiasis,JP,Japan,D165,Amebiasis,阿米巴病,Parasitic,2025-12-28,2025-12,8,8.0,0,0.006498597817856959,wpp_computed,,2012-09-16,2026-07-25,2026-08-01T00:00:00+00:00,jp_weekly,JP NIID Weekly,https://id-info.jihs.go.jp/en/surveillance/idwr/rapid/index.html,web,jp_weekly,JP NIID Weekly,https://id-info.jihs.go.jp/en/surveillance/idwr/rapid/index.html,web,mixed,single_series,SER_JP_AMEBIASIS_WEEKLY,,legacy_gap_fill,32,0.0
disease,D165,amebiasis,Amebiasis,JP,Japan,D165,Amebiasis,阿米巴病,Parasitic,2026-01-04,2026-01,0,0.0,0,0.0,wpp_computed,,2012-09-16,2026-07-25,2026-08-01T00:00:00+00:00,jp_weekly,JP NIID Weekly,https://id-info.jihs.go.jp/en/surveillance/idwr/rapid/index.html,web,jp_weekly,JP NIID Weekly,https://id-info.jihs.go.jp/en/surveillance/idwr/rapid/index.html,web,mixed,single_series,SER_JP_AMEBIASIS_WEEKLY,,legacy_gap_fill,32,0.0
disease,D165,amebiasis,Amebiasis,JP,Japan,D165,Amebiasis,阿米巴病,Parasitic,2026-01-10,2026-01,0,0.0,0,0.0,wpp_computed,,2012-09-16,2026-07-25,2026-08-01T00:00:00+00:00,jp_weekly,JP NIID Weekly,https://id-info.jihs.go.jp/en/surveillance/idwr/rapid/index.html,web,jp_weekly,JP NIID Weekly,https://id-info.jihs.go.jp/en/surveillance/idwr/rapid/index.html,web,mixed,single_series,SER_JP_AMEBIASIS_WEEKLY,,legacy_gap_fill,32,0.0
disease,D165,amebiasis,Amebiasis,JP,Japan,D165,Amebiasis,阿米巴病,Parasitic,2026-01-11,2026-01,7,7.0,0,0.005717658852960364,wpp_computed,,2012-09-16,2026-07-25,2026-08-01T00:00:00+00:00,jp_weekly,JP NIID Weekly,https://id-info.jihs.go.jp/en/surveillance/idwr/rapid/index.html,web,jp_weekly,JP NIID Weekly,https://id-info.jihs.go.jp/en/surveillance/idwr/rapid/index.html,web,mixed,single_series,SER_JP_AMEBIASIS_WEEKLY,,legacy_gap_fill,32,0.0
disease,D165,amebiasis,Amebiasis,JP,Japan,D165,Amebiasis,阿米巴病,Parasitic,2026-01-17,2026-01,7,8.166666666666668,0,0.005717658852960364,wpp_computed,,2012-09-16,2026-07-25,2026-08-01T00:00:00+00:00,jp_weekly,JP NIID Weekly,https://id-info.jihs.go.jp/en/surveillance/idwr/rapid/index.html,web,jp_weekly,JP NIID Weekly,https://id-info.jihs.go.jp/en/surveillance/idwr/rapid/index.html,web,mixed,single_series,SER_JP_AMEBIASIS_WEEKLY,,legacy_gap_fill,32,0.0
disease,D165,amebiasis,Amebiasis,JP,Japan,D165,Amebiasis,阿米巴病,Parasitic,2026-01-18,2026-01,7,7.0,0,0.005717658852960364,wpp_computed,,2012-09-16,2026-07-25,2026-08-01T00:00:00+00:00,jp_weekly,JP NIID Weekly,https://id-info.jihs.go.jp/en/surveillance/idwr/rapid/index.html,web,jp_weekly,JP NIID Weekly,https://id-info.jihs.go.jp/en/surveillance/idwr/rapid/index.html,web,mixed,single_series,SER_JP_AMEBIASIS_WEEKLY,,legacy_gap_fill,32,0.0
disease,D165,amebiasis,Amebiasis,JP,Japan,D165,Amebiasis,阿米巴病,Parasitic,2026-01-24,2026-01,7,8.166666666666668,0,0.005717658852960364,wpp_computed,,2012-09-16,2026-07-25,2026-08-01T00:00:00+00:00,jp_weekly,JP NIID Weekly,https://id-info.jihs.go.jp/en/surveillance/idwr/rapid/index.html,web,jp_weekly,JP NIID Weekly,https://id-info.jihs.go.jp/en/surveillance/idwr/rapid/index.html,web,mixed,single_series,SER_JP_AMEBIASIS_WEEKLY,,legacy_gap_fill,32,0.0
disease,D165,amebiasis,Amebiasis,JP,Japan,D165,Amebiasis,阿米巴病,Parasitic,2026-01-25,2026-01,2,2.0,0,0.0016336168151315324,wpp_computed,,2012-09-16,2026-07-25,2026-08-01T00:00:00+00:00,jp_weekly,JP NIID Weekly,https://id-info.jihs.go.jp/en/surveillance/idwr/rapid/index.html,web,jp_weekly,JP NIID Weekly,https://id-info.jihs.go.jp/en/surveillance/idwr/rapid/index.html,web,mixed,single_series,SER_JP_AMEBIASIS_WEEKLY,,legacy_gap_fill,32,0.0
disease,D165,amebiasis,Amebiasis,JP,Japan,D165,Amebiasis,阿米巴病,Parasitic,2026-01-31,2026-01,2,2.333333333333333,0,0.0016336168151315324,wpp_computed,,2012-09-16,2026-07-25,2026-08-01T00:00:00+00:00,jp_weekly,JP NIID Weekly,https://id-info.jihs.go.jp/en/surveillance/idwr/rapid/index.html,web,jp_weekly,JP NIID Weekly,https://id-info.jihs.go.jp/en/surveillance/idwr/rapid/index.html,web,mixed,single_series,SER_JP_AMEBIASIS_WEEKLY,,legacy_gap_fill,32,0.0
disease,D165,amebiasis,Amebiasis,JP,Japan,D165,Amebiasis,阿米巴病,Parasitic,2026-02-01,2026-02,9,9.0,0,0.007351275668091897,wpp_computed,,2012-09-16,2026-07-25,2026-08-01T00:00:00+00:00,jp_weekly,JP NIID Weekly,https://id-info.jihs.go.jp/en/surveillance/idwr/rapid/index.html,web,jp_weekly,JP NIID Weekly,https://id-info.jihs.go.jp/en/surveillance/idwr/rapid/index.html,web,mixed,single_series,SER_JP_AMEBIASIS_WEEKLY,,legacy_gap_fill,32,0.0
disease,D165,amebiasis,Amebiasis,JP,Japan,D165,Amebiasis,阿米巴病,Parasitic,2026-02-07,2026-02,9,10.5,0,0.007351275668091897,wpp_computed,,2012-09-16,2026-07-25,2026-08-01T00:00:00+00:00,jp_weekly,JP NIID Weekly,https://id-info.jihs.go.jp/en/surveillance/idwr/rapid/index.html,web,jp_weekly,JP NIID Weekly,https://id-info.jihs.go.jp/en/surveillance/idwr/rapid/index.html,web,mixed,single_series,SER_JP_AMEBIASIS_WEEKLY,,legacy_gap_fill,32,0.0
disease,D165,amebiasis,Amebiasis,JP,Japan,D165,Amebiasis,阿米巴病,Parasitic,2026-02-08,2026-02,9,9.0,0,0.007351275668091897,wpp_computed,,2012-09-16,2026-07-25,2026-08-01T00:00:00+00:00,jp_weekly,JP NIID Weekly,https://id-info.jihs.go.jp/en/surveillance/idwr/rapid/index.html,web,jp_weekly,JP NIID Weekly,https://id-info.jihs.go.jp/en/surveillance/idwr/rapid/index.html,web,mixed,single_series,SER_JP_AMEBIASIS_WEEKLY,,legacy_gap_fill,32,0.0
disease,D165,amebiasis,Amebiasis,JP,Japan,D165,Amebiasis,阿米巴病,Parasitic,2026-02-14,2026-02,9,10.5,0,0.007351275668091897,wpp_computed,,2012-09-16,2026-07-25,2026-08-01T00:00:00+00:00,jp_weekly,JP NIID Weekly,https://id-info.jihs.go.jp/en/surveillance/idwr/rapid/index.html,web,jp_weekly,JP NIID Weekly,https://id-info.jihs.go.jp/en/surveillance/idwr/rapid/index.html,web,mixed,single_series,SER_JP_AMEBIASIS_WEEKLY,,legacy_gap_fill,32,0.0
disease,D165,amebiasis,Amebiasis,JP,Japan,D165,Amebiasis,阿米巴病,Parasitic,2026-02-15,2026-02,5,5.0,0,0.004084042037828832,wpp_computed,,2012-09-16,2026-07-25,2026-08-01T00:00:00+00:00,jp_weekly,JP NIID Weekly,https://id-info.jihs.go.jp/en/surveillance/idwr/rapid/index.html,web,jp_weekly,JP NIID Weekly,https://id-info.jihs.go.jp/en/surveillance/idwr/rapid/index.html,web,mixed,single_series,SER_JP_AMEBIASIS_WEEKLY,,legacy_gap_fill,32,0.0
disease,D165,amebiasis,Amebiasis,JP,Japan,D165,Amebiasis,阿米巴病,Parasitic,2026-02-21,2026-02,5,5.833333333333334,0,0.004084042037828832,wpp_computed,,2012-09-16,2026-07-25,2026-08-01T00:00:00+00:00,jp_weekly,JP NIID Weekly,https://id-info.jihs.go.jp/en/surveillance/idwr/rapid/index.html,web,jp_weekly,JP NIID Weekly,https://id-info.jihs.go.jp/en/surveillance/idwr/rapid/index.html,web,mixed,single_series,SER_JP_AMEBIASIS_WEEKLY,,legacy_gap_fill,32,0.0
disease,D165,amebiasis,Amebiasis,JP,Japan,D165,Amebiasis,阿米巴病,Parasitic,2026-02-22,2026-02,6,6.0,0,0.004900850445394598,wpp_computed,,2012-09-16,2026-07-25,2026-08-01T00:00:00+00:00,jp_weekly,JP NIID Weekly,https://id-info.jihs.go.jp/en/surveillance/idwr/rapid/index.html,web,jp_weekly,JP NIID Weekly,https://id-info.jihs.go.jp/en/surveillance/idwr/rapid/index.html,web,mixed,single_series,SER_JP_AMEBIASIS_WEEKLY,,legacy_gap_fill,32,0.0
disease,D165,amebiasis,Amebiasis,JP,Japan,D165,Amebiasis,阿米巴病,Parasitic,2026-02-28,2026-02,6,7.0,0,0.004900850445394598,wpp_computed,,2012-09-16,2026-07-25,2026-08-01T00:00:00+00:00,jp_weekly,JP NIID Weekly,https://id-info.jihs.go.jp/en/surveillance/idwr/rapid/index.html,web,jp_weekly,JP NIID Weekly,https://id-info.jihs.go.jp/en/surveillance/idwr/rapid/index.html,web,mixed,single_series,SER_JP_AMEBIASIS_WEEKLY,,legacy_gap_fill,32,0.0
disease,D165,amebiasis,Amebiasis,JP,Japan,D165,Amebiasis,阿米巴病,Parasitic,2026-03-01,2026-03,0,0.0,0,0.0,wpp_computed,,2012-09-16,2026-07-25,2026-08-01T00:00:00+00:00,jp_weekly,JP NIID Weekly,https://id-info.jihs.go.jp/en/surveillance/idwr/rapid/index.html,web,jp_weekly,JP NIID Weekly,https://id-info.jihs.go.jp/en/surveillance/idwr/rapid/index.html,web,mixed,single_series,SER_JP_AMEBIASIS_WEEKLY,,legacy_gap_fill,32,0.0
disease,D165,amebiasis,Amebiasis,JP,Japan,D165,Amebiasis,阿米巴病,Parasitic,2026-03-07,2026-03,0,0.0,0,0.0,wpp_computed,,2012-09-16,2026-07-25,2026-08-01T00:00:00+00:00,jp_weekly,JP NIID Weekly,https://id-info.jihs.go.jp/en/surveillance/idwr/rapid/index.html,web,jp_weekly,JP NIID Weekly,https://id-info.jihs.go.jp/en/surveillance/idwr/rapid/index.html,web,mixed,single_series,SER_JP_AMEBIASIS_WEEKLY,,legacy_gap_fill,32,0.0
disease,D165,amebiasis,Amebiasis,JP,Japan,D165,Amebiasis,阿米巴病,Parasitic,2026-03-08,2026-03,8,8.0,0,0.00653446726052613,wpp_computed,,2012-09-16,2026-07-25,2026-08-01T00:00:00+00:00,jp_weekly,JP NIID Weekly,https://id-info.jihs.go.jp/en/surveillance/idwr/rapid/index.html,web,jp_weekly,JP NIID Weekly,https://id-info.jihs.go.jp/en/surveillance/idwr/rapid/index.html,web,mixed,single_series,SER_JP_AMEBIASIS_WEEKLY,,legacy_gap_fill,32,0.0
disease,D165,amebiasis,Amebiasis,JP,Japan,D165,Amebiasis,阿米巴病,Parasitic,2026-03-14,2026-03,8,9.333333333333332,0,0.00653446726052613,wpp_computed,,2012-09-16,2026-07-25,2026-08-01T00:00:00+00:00,jp_weekly,JP NIID Weekly,https://id-info.jihs.go.jp/en/surveillance/idwr/rapid/index.html,web,jp_weekly,JP NIID Weekly,https://id-info.jihs.go.jp/en/surveillance/idwr/rapid/index.html,web,mixed,single_series,SER_JP_AMEBIASIS_WEEKLY,,legacy_gap_fill,32,0.0
disease,D165,amebiasis,Amebiasis,JP,Japan,D165,Amebiasis,阿米巴病,Parasitic,2026-03-21,2026-03,10,10.0,0,0.008168084075657663,wpp_computed,,2012-09-16,2026-07-25,2026-08-01T00:00:00+00:00,jp_weekly,JP NIID Weekly,https://id-info.jihs.go.jp/en/surveillance/idwr/rapid/index.html,web,jp_weekly,JP NIID Weekly,https://id-info.jihs.go.jp/en/surveillance/idwr/rapid/index.html,web,mixed,single_series,SER_JP_AMEBIASIS_WEEKLY,,legacy_gap_fill,32,0.0
disease,D165,amebiasis,Amebiasis,JP,Japan,D165,Amebiasis,阿米巴病,Parasitic,2026-03-28,2026-03,7,7.0,0,0.005717658852960364,wpp_computed,,2012-09-16,2026-07-25,2026-08-01T00:00:00+00:00,jp_weekly,JP NIID Weekly,https://id-info.jihs.go.jp/en/surveillance/idwr/rapid/index.html,web,jp_weekly,JP NIID Weekly,https://id-info.jihs.go.jp/en/surveillance/idwr/rapid/index.html,web,mixed,single_series,SER_JP_AMEBIASIS_WEEKLY,,legacy_gap_fill,32,0.0
disease,D165,amebiasis,Amebiasis,JP,Japan,D165,Amebiasis,阿米巴病,Parasitic,2026-03-29,2026-03,7,7.0,0,0.005717658852960364,wpp_computed,,2012-09-16,2026-07-25,2026-08-01T00:00:00+00:00,jp_weekly,JP NIID Weekly,https://id-info.jihs.go.jp/en/surveillance/idwr/rapid/index.html,web,jp_weekly,JP NIID Weekly,https://id-info.jihs.go.jp/en/surveillance/idwr/rapid/index.html,web,mixed,single_series,SER_JP_AMEBIASIS_WEEKLY,,legacy_gap_fill,32,0.0
disease,D165,amebiasis,Amebiasis,JP,Japan,D165,Amebiasis,阿米巴病,Parasitic,2026-04-04,2026-04,7,8.166666666666668,0,0.005717658852960364,wpp_computed,,2012-09-16,2026-07-25,2026-08-01T00:00:00+00:00,jp_weekly,JP NIID Weekly,https://id-info.jihs.go.jp/en/surveillance/idwr/rapid/index.html,web,jp_weekly,JP NIID Weekly,https://id-info.jihs.go.jp/en/surveillance/idwr/rapid/index.html,web,mixed,single_series,SER_JP_AMEBIASIS_WEEKLY,,legacy_gap_fill,32,0.0
disease,D165,amebiasis,Amebiasis,JP,Japan,D165,Amebiasis,阿米巴病,Parasitic,2026-04-05,2026-04,9,9.0,0,0.007351275668091897,wpp_computed,,2012-09-16,2026-07-25,2026-08-01T00:00:00+00:00,jp_weekly,JP NIID Weekly,https://id-info.jihs.go.jp/en/surveillance/idwr/rapid/index.html,web,jp_weekly,JP NIID Weekly,https://id-info.jihs.go.jp/en/surveillance/idwr/rapid/index.html,web,mixed,single_series,SER_JP_AMEBIASIS_WEEKLY,,legacy_gap_fill,32,0.0
disease,D165,amebiasis,Amebiasis,JP,Japan,D165,Amebiasis,阿米巴病,Parasitic,2026-04-11,2026-04,9,10.5,0,0.007351275668091897,wpp_computed,,2012-09-16,2026-07-25,2026-08-01T00:00:00+00:00,jp_weekly,JP NIID Weekly,https://id-info.jihs.go.jp/en/surveillance/idwr/rapid/index.html,web,jp_weekly,JP NIID Weekly,https://id-info.jihs.go.jp/en/surveillance/idwr/rapid/index.html,web,mixed,single_series,SER_JP_AMEBIASIS_WEEKLY,,legacy_gap_fill,32,0.0
disease,D165,amebiasis,Amebiasis,JP,Japan,D165,Amebiasis,阿米巴病,Parasitic,2026-04-12,2026-04,11,11.0,0,0.00898489248322343,wpp_computed,,2012-09-16,2026-07-25,2026-08-01T00:00:00+00:00,jp_weekly,JP NIID Weekly,https://id-info.jihs.go.jp/en/surveillance/idwr/rapid/index.html,web,jp_weekly,JP NIID Weekly,https://id-info.jihs.go.jp/en/surveillance/idwr/rapid/index.html,web,mixed,single_series,SER_JP_AMEBIASIS_WEEKLY,,legacy_gap_fill,32,0.0
disease,D165,amebiasis,Amebiasis,JP,Japan,D165,Amebiasis,阿米巴病,Parasitic,2026-04-18,2026-04,11,12.833333333333332,0,0.00898489248322343,wpp_computed,,2012-09-16,2026-07-25,2026-08-01T00:00:00+00:00,jp_weekly,JP NIID Weekly,https://id-info.jihs.go.jp/en/surveillance/idwr/rapid/index.html,web,jp_weekly,JP NIID Weekly,https://id-info.jihs.go.jp/en/surveillance/idwr/rapid/index.html,web,mixed,single_series,SER_JP_AMEBIASIS_WEEKLY,,legacy_gap_fill,32,0.0
disease,D165,amebiasis,Amebiasis,JP,Japan,D165,Amebiasis,阿米巴病,Parasitic,2026-04-25,2026-04,6,6.0,0,0.004900850445394598,wpp_computed,,2012-09-16,2026-07-25,2026-08-01T00:00:00+00:00,jp_weekly,JP NIID Weekly,https://id-info.jihs.go.jp/en/surveillance/idwr/rapid/index.html,web,jp_weekly,JP NIID Weekly,https://id-info.jihs.go.jp/en/surveillance/idwr/rapid/index.html,web,mixed,single_series,SER_JP_AMEBIASIS_WEEKLY,,legacy_gap_fill,32,0.0
disease,D165,amebiasis,Amebiasis,JP,Japan,D165,Amebiasis,阿米巴病,Parasitic,2026-05-02,2026-05,2,2.0,0,0.0016336168151315324,wpp_computed,,2012-09-16,2026-07-25,2026-08-01T00:00:00+00:00,jp_weekly,JP NIID Weekly,https://id-info.jihs.go.jp/en/surveillance/idwr/rapid/index.html,web,jp_weekly,JP NIID Weekly,https://id-info.jihs.go.jp/en/surveillance/idwr/rapid/index.html,web,mixed,single_series,SER_JP_AMEBIASIS_WEEKLY,,legacy_gap_fill,32,0.0
disease,D165,amebiasis,Amebiasis,JP,Japan,D165,Amebiasis,阿米巴病,Parasitic,2026-05-09,2026-05,6,6.0,0,0.004900850445394598,wpp_computed,,2012-09-16,2026-07-25,2026-08-01T00:00:00+00:00,jp_weekly,JP NIID Weekly,https://id-info.jihs.go.jp/en/surveillance/idwr/rapid/index.html,web,jp_weekly,JP NIID Weekly,https://id-info.jihs.go.jp/en/surveillance/idwr/rapid/index.html,web,mixed,single_series,SER_JP_AMEBIASIS_WEEKLY,,legacy_gap_fill,32,0.0
disease,D165,amebiasis,Amebiasis,JP,Japan,D165,Amebiasis,阿米巴病,Parasitic,2026-05-10,2026-05,2,2.0,0,0.0016336168151315324,wpp_computed,,2012-09-16,2026-07-25,2026-08-01T00:00:00+00:00,jp_weekly,JP NIID Weekly,https://id-info.jihs.go.jp/en/surveillance/idwr/rapid/index.html,web,jp_weekly,JP NIID Weekly,https://id-info.jihs.go.jp/en/surveillance/idwr/rapid/index.html,web,mixed,single_series,SER_JP_AMEBIASIS_WEEKLY,,legacy_gap_fill,32,0.0
disease,D165,amebiasis,Amebiasis,JP,Japan,D165,Amebiasis,阿米巴病,Parasitic,2026-05-16,2026-05,2,2.333333333333333,0,0.0016336168151315324,wpp_computed,,2012-09-16,2026-07-25,2026-08-01T00:00:00+00:00,jp_weekly,JP NIID Weekly,https://id-info.jihs.go.jp/en/surveillance/idwr/rapid/index.html,web,jp_weekly,JP NIID Weekly,https://id-info.jihs.go.jp/en/surveillance/idwr/rapid/index.html,web,mixed,single_series,SER_JP_AMEBIASIS_WEEKLY,,legacy_gap_fill,32,0.0
disease,D165,amebiasis,Amebiasis,JP,Japan,D165,Amebiasis,阿米巴病,Parasitic,2026-05-23,2026-05,7,7.0,0,0.005717658852960364,wpp_computed,,2012-09-16,2026-07-25,2026-08-01T00:00:00+00:00,jp_weekly,JP NIID Weekly,https://id-info.jihs.go.jp/en/surveillance/idwr/rapid/index.html,web,jp_weekly,JP NIID Weekly,https://id-info.jihs.go.jp/en/surveillance/idwr/rapid/index.html,web,mixed,single_series,SER_JP_AMEBIASIS_WEEKLY,,legacy_gap_fill,32,0.0
disease,D165,amebiasis,Amebiasis,JP,Japan,D165,Amebiasis,阿米巴病,Parasitic,2026-05-24,2026-05,8,8.0,0,0.00653446726052613,wpp_computed,,2012-09-16,2026-07-25,2026-08-01T00:00:00+00:00,jp_weekly,JP NIID Weekly,https://id-info.jihs.go.jp/en/surveillance/idwr/rapid/index.html,web,jp_weekly,JP NIID Weekly,https://id-info.jihs.go.jp/en/surveillance/idwr/rapid/index.html,web,mixed,single_series,SER_JP_AMEBIASIS_WEEKLY,,legacy_gap_fill,32,0.0
disease,D165,amebiasis,Amebiasis,JP,Japan,D165,Amebiasis,阿米巴病,Parasitic,2026-05-30,2026-05,8,9.333333333333332,0,0.00653446726052613,wpp_computed,,2012-09-16,2026-07-25,2026-08-01T00:00:00+00:00,jp_weekly,JP NIID Weekly,https://id-info.jihs.go.jp/en/surveillance/idwr/rapid/index.html,web,jp_weekly,JP NIID Weekly,https://id-info.jihs.go.jp/en/surveillance/idwr/rapid/index.html,web,mixed,single_series,SER_JP_AMEBIASIS_WEEKLY,,legacy_gap_fill,32,0.0
disease,D165,amebiasis,Amebiasis,JP,Japan,D165,Amebiasis,阿米巴病,Parasitic,2026-06-06,2026-06,8,8.0,0,0.00653446726052613,wpp_computed,,2012-09-16,2026-07-25,2026-08-01T00:00:00+00:00,jp_weekly,JP NIID Weekly,https://id-info.jihs.go.jp/en/surveillance/idwr/rapid/index.html,web,jp_weekly,JP NIID Weekly,https://id-info.jihs.go.jp/en/surveillance/idwr/rapid/index.html,web,mixed,single_series,SER_JP_AMEBIASIS_WEEKLY,,legacy_gap_fill,32,0.0
disease,D165,amebiasis,Amebiasis,JP,Japan,D165,Amebiasis,阿米巴病,Parasitic,2026-06-07,2026-06,15,15.0,0,0.012252126113486493,wpp_computed,,2012-09-16,2026-07-25,2026-08-01T00:00:00+00:00,jp_weekly,JP NIID Weekly,https://id-info.jihs.go.jp/en/surveillance/idwr/rapid/index.html,web,jp_weekly,JP NIID Weekly,https://id-info.jihs.go.jp/en/surveillance/idwr/rapid/index.html,web,mixed,single_series,SER_JP_AMEBIASIS_WEEKLY,,legacy_gap_fill,32,0.0
disease,D165,amebiasis,Amebiasis,JP,Japan,D165,Amebiasis,阿米巴病,Parasitic,2026-06-13,2026-06,15,17.5,0,0.012252126113486493,wpp_computed,,2012-09-16,2026-07-25,2026-08-01T00:00:00+00:00,jp_weekly,JP NIID Weekly,https://id-info.jihs.go.jp/en/surveillance/idwr/rapid/index.html,web,jp_weekly,JP NIID Weekly,https://id-info.jihs.go.jp/en/surveillance/idwr/rapid/index.html,web,mixed,single_series,SER_JP_AMEBIASIS_WEEKLY,,legacy_gap_fill,32,0.0
disease,D165,amebiasis,Amebiasis,JP,Japan,D165,Amebiasis,阿米巴病,Parasitic,2026-06-20,2026-06,7,7.0,0,0.005717658852960364,wpp_computed,,2012-09-16,2026-07-25,2026-08-01T00:00:00+00:00,jp_weekly,JP NIID Weekly,https://id-info.jihs.go.jp/en/surveillance/idwr/rapid/index.html,web,jp_weekly,JP NIID Weekly,https://id-info.jihs.go.jp/en/surveillance/idwr/rapid/index.html,web,mixed,single_series,SER_JP_AMEBIASIS_WEEKLY,,legacy_gap_fill,32,0.0
disease,D165,amebiasis,Amebiasis,JP,Japan,D165,Amebiasis,阿米巴病,Parasitic,2026-06-21,2026-06,6,6.0,0,0.004900850445394598,wpp_computed,,2012-09-16,2026-07-25,2026-08-01T00:00:00+00:00,jp_weekly,JP NIID Weekly,https://id-info.jihs.go.jp/en/surveillance/idwr/rapid/index.html,web,jp_weekly,JP NIID Weekly,https://id-info.jihs.go.jp/en/surveillance/idwr/rapid/index.html,web,mixed,single_series,SER_JP_AMEBIASIS_WEEKLY,,legacy_gap_fill,32,0.0
disease,D165,amebiasis,Amebiasis,JP,Japan,D165,Amebiasis,阿米巴病,Parasitic,2026-06-27,2026-06,6,7.0,0,0.004900850445394598,wpp_computed,,2012-09-16,2026-07-25,2026-08-01T00:00:00+00:00,jp_weekly,JP NIID Weekly,https://id-info.jihs.go.jp/en/surveillance/idwr/rapid/index.html,web,jp_weekly,JP NIID Weekly,https://id-info.jihs.go.jp/en/surveillance/idwr/rapid/index.html,web,mixed,single_series,SER_JP_AMEBIASIS_WEEKLY,,legacy_gap_fill,32,0.0
disease,D165,amebiasis,Amebiasis,JP,Japan,D165,Amebiasis,阿米巴病,Parasitic,2026-07-04,2026-07,4,4.0,0,0.003267233630263065,wpp_computed,,2012-09-16,2026-07-25,2026-08-01T00:00:00+00:00,jp_weekly,JP NIID Weekly,https://id-info.jihs.go.jp/en/surveillance/idwr/rapid/index.html,web,jp_weekly,JP NIID Weekly,https://id-info.jihs.go.jp/en/surveillance/idwr/rapid/index.html,web,mixed,single_series,SER_JP_AMEBIASIS_WEEKLY,,legacy_gap_fill,32,0.0
disease,D165,amebiasis,Amebiasis,JP,Japan,D165,Amebiasis,阿米巴病,Parasitic,2026-07-05,2026-07,4,4.0,0,0.003267233630263065,wpp_computed,,2012-09-16,2026-07-25,2026-08-01T00:00:00+00:00,jp_weekly,JP NIID Weekly,https://id-info.jihs.go.jp/en/surveillance/idwr/rapid/index.html,web,jp_weekly,JP NIID Weekly,https://id-info.jihs.go.jp/en/surveillance/idwr/rapid/index.html,web,mixed,single_series,SER_JP_AMEBIASIS_WEEKLY,,legacy_gap_fill,32,0.0
disease,D165,amebiasis,Amebiasis,JP,Japan,D165,Amebiasis,阿米巴病,Parasitic,2026-07-11,2026-07,4,4.666666666666666,0,0.003267233630263065,wpp_computed,,2012-09-16,2026-07-25,2026-08-01T00:00:00+00:00,jp_weekly,JP NIID Weekly,https://id-info.jihs.go.jp/en/surveillance/idwr/rapid/index.html,web,jp_weekly,JP NIID Weekly,https://id-info.jihs.go.jp/en/surveillance/idwr/rapid/index.html,web,mixed,single_series,SER_JP_AMEBIASIS_WEEKLY,,legacy_gap_fill,32,0.0
disease,D165,amebiasis,Amebiasis,JP,Japan,D165,Amebiasis,阿米巴病,Parasitic,2026-07-18,2026-07,7,7.0,0,0.005717658852960364,wpp_computed,,2012-09-16,2026-07-25,2026-08-01T00:00:00+00:00,jp_weekly,JP NIID Weekly,https://id-info.jihs.go.jp/en/surveillance/idwr/rapid/index.html,web,jp_weekly,JP NIID Weekly,https://id-info.jihs.go.jp/en/surveillance/idwr/rapid/index.html,web,mixed,single_series,SER_JP_AMEBIASIS_WEEKLY,,legacy_gap_fill,32,0.0
disease,D165,amebiasis,Amebiasis,JP,Japan,D165,Amebiasis,阿米巴病,Parasitic,2026-07-19,2026-07,4,4.0,0,0.003267233630263065,wpp_computed,,2012-09-16,2026-07-25,2026-08-01T00:00:00+00:00,jp_weekly,JP NIID Weekly,https://id-info.jihs.go.jp/en/surveillance/idwr/rapid/index.html,web,jp_weekly,JP NIID Weekly,https://id-info.jihs.go.jp/en/surveillance/idwr/rapid/index.html,web,mixed,single_series,SER_JP_AMEBIASIS_WEEKLY,,legacy_gap_fill,32,0.0
disease,D165,amebiasis,Amebiasis,JP,Japan,D165,Amebiasis,阿米巴病,Parasitic,2026-07-25,2026-07,4,4.666666666666666,0,0.003267233630263065,wpp_computed,,2012-09-16,2026-07-25,2026-08-01T00:00:00+00:00,jp_weekly,JP NIID Weekly,https://id-info.jihs.go.jp/en/surveillance/idwr/rapid/index.html,web,jp_weekly,JP NIID Weekly,https://id-info.jihs.go.jp/en/surveillance/idwr/rapid/index.html,web,mixed,single_series,SER_JP_AMEBIASIS_WEEKLY,,legacy_gap_fill,32,0.0
disease,D165,amebiasis,Amebiasis,TW,"Taiwan, China",D165,Amebiasis,阿米巴病,Parasitic,2003-01-01,2003-01,32,7.225806451612903,0,,missing_population,,2003-01-01,2026-07-01,2026-08-01T00:00:00+00:00,nidss_open_data,"Taiwan, China CDC NIDSS",https://nidss.cdc.gov.tw/Home/Index,open_data_csv,nidss_open_data,"Taiwan, China CDC NIDSS",https://nidss.cdc.gov.tw/Home/Index,open_data_csv,legacy_fallback,legacy_fallback,,legacy_identity_may_be_lossy,,0,
disease,D165,amebiasis,Amebiasis,TW,"Taiwan, China",D165,Amebiasis,阿米巴病,Parasitic,2003-02-01,2003-02,19,4.290322580645161,0,,missing_population,,2003-01-01,2026-07-01,2026-08-01T00:00:00+00:00,nidss_open_data,"Taiwan, China CDC NIDSS",https://nidss.cdc.gov.tw/Home/Index,open_data_csv,nidss_open_data,"Taiwan, China CDC NIDSS",https://nidss.cdc.gov.tw/Home/Index,open_data_csv,legacy_fallback,legacy_fallback,,legacy_identity_may_be_lossy,,0,
disease,D165,amebiasis,Amebiasis,TW,"Taiwan, China",D165,Amebiasis,阿米巴病,Parasitic,2003-03-01,2003-03,24,6.0,0,,missing_population,,2003-01-01,2026-07-01,2026-08-01T00:00:00+00:00,nidss_open_data,"Taiwan, China CDC NIDSS",https://nidss.cdc.gov.tw/Home/Index,open_data_csv,nidss_open_data,"Taiwan, China CDC NIDSS",https://nidss.cdc.gov.tw/Home/Index,open_data_csv,legacy_fallback,legacy_fallback,,legacy_identity_may_be_lossy,,0,
disease,D165,amebiasis,Amebiasis,TW,"Taiwan, China",D165,Amebiasis,阿米巴病,Parasitic,2003-04-01,2003-04,13,2.935483870967742,0,,missing_population,,2003-01-01,2026-07-01,2026-08-01T00:00:00+00:00,nidss_open_data,"Taiwan, China CDC NIDSS",https://nidss.cdc.gov.tw/Home/Index,open_data_csv,nidss_open_data,"Taiwan, China CDC NIDSS",https://nidss.cdc.gov.tw/Home/Index,open_data_csv,legacy_fallback,legacy_fallback,,legacy_identity_may_be_lossy,,0,
disease,D165,amebiasis,Amebiasis,TW,"Taiwan, China",D165,Amebiasis,阿米巴病,Parasitic,2003-05-01,2003-05,5,1.1666666666666665,0,,missing_population,,2003-01-01,2026-07-01,2026-08-01T00:00:00+00:00,nidss_open_data,"Taiwan, China CDC NIDSS",https://nidss.cdc.gov.tw/Home/Index,open_data_csv,nidss_open_data,"Taiwan, China CDC NIDSS",https://nidss.cdc.gov.tw/Home/Index,open_data_csv,legacy_fallback,legacy_fallback,,legacy_identity_may_be_lossy,,0,
disease,D165,amebiasis,Amebiasis,TW,"Taiwan, China",D165,Amebiasis,阿米巴病,Parasitic,2003-06-01,2003-06,7,1.5806451612903225,0,,missing_population,,2003-01-01,2026-07-01,2026-08-01T00:00:00+00:00,nidss_open_data,"Taiwan, China CDC NIDSS",https://nidss.cdc.gov.tw/Home/Index,open_data_csv,nidss_open_data,"Taiwan, China CDC NIDSS",https://nidss.cdc.gov.tw/Home/Index,open_data_csv,legacy_fallback,legacy_fallback,,legacy_identity_may_be_lossy,,0,
disease,D165,amebiasis,Amebiasis,TW,"Taiwan, China",D165,Amebiasis,阿米巴病,Parasitic,2003-07-01,2003-07,5,1.1666666666666665,0,,missing_population,,2003-01-01,2026-07-01,2026-08-01T00:00:00+00:00,nidss_open_data,"Taiwan, China CDC NIDSS",https://nidss.cdc.gov.tw/Home/Index,open_data_csv,nidss_open_data,"Taiwan, China CDC NIDSS",https://nidss.cdc.gov.tw/Home/Index,open_data_csv,legacy_fallback,legacy_fallback,,legacy_identity_may_be_lossy,,0,
disease,D165,amebiasis,Amebiasis,TW,"Taiwan, China",D165,Amebiasis,阿米巴病,Parasitic,2003-08-01,2003-08,7,1.5806451612903225,0,,missing_population,,2003-01-01,2026-07-01,2026-08-01T00:00:00+00:00,nidss_open_data,"Taiwan, China CDC NIDSS",https://nidss.cdc.gov.tw/Home/Index,open_data_csv,nidss_open_data,"Taiwan, China CDC NIDSS",https://nidss.cdc.gov.tw/Home/Index,open_data_csv,legacy_fallback,legacy_fallback,,legacy_identity_may_be_lossy,,0,
disease,D165,amebiasis,Amebiasis,TW,"Taiwan, China",D165,Amebiasis,阿米巴病,Parasitic,2003-09-01,2003-09,3,0.6774193548387096,0,,missing_population,,2003-01-01,2026-07-01,2026-08-01T00:00:00+00:00,nidss_open_data,"Taiwan, China CDC NIDSS",https://nidss.cdc.gov.tw/Home/Index,open_data_csv,nidss_open_data,"Taiwan, China CDC NIDSS",https://nidss.cdc.gov.tw/Home/Index,open_data_csv,legacy_fallback,legacy_fallback,,legacy_identity_may_be_lossy,,0,
disease,D165,amebiasis,Amebiasis,TW,"Taiwan, China",D165,Amebiasis,阿米巴病,Parasitic,2003-10-01,2003-10,1,0.23333333333333334,0,,missing_population,,2003-01-01,2026-07-01,2026-08-01T00:00:00+00:00,nidss_open_data,"Taiwan, China CDC NIDSS",https://nidss.cdc.gov.tw/Home/Index,open_data_csv,nidss_open_data,"Taiwan, China CDC NIDSS",https://nidss.cdc.gov.tw/Home/Index,open_data_csv,legacy_fallback,legacy_fallback,,legacy_identity_may_be_lossy,,0,
disease,D165,amebiasis,Amebiasis,TW,"Taiwan, China",D165,Amebiasis,阿米巴病,Parasitic,2003-11-01,2003-11,3,0.6774193548387096,0,,missing_population,,2003-01-01,2026-07-01,2026-08-01T00:00:00+00:00,nidss_open_data,"Taiwan, China CDC NIDSS",https://nidss.cdc.gov.tw/Home/Index,open_data_csv,nidss_open_data,"Taiwan, China CDC NIDSS",https://nidss.cdc.gov.tw/Home/Index,open_data_csv,legacy_fallback,legacy_fallback,,legacy_identity_may_be_lossy,,0,
disease,D165,amebiasis,Amebiasis,TW,"Taiwan, China",D165,Amebiasis,阿米巴病,Parasitic,2003-12-01,2003-12,3,0.7000000000000001,0,,missing_population,,2003-01-01,2026-07-01,2026-08-01T00:00:00+00:00,nidss_open_data,"Taiwan, China CDC NIDSS",https://nidss.cdc.gov.tw/Home/Index,open_data_csv,nidss_open_data,"Taiwan, China CDC NIDSS",https://nidss.cdc.gov.tw/Home/Index,open_data_csv,legacy_fallback,legacy_fallback,,legacy_identity_may_be_lossy,,0,
disease,D165,amebiasis,Amebiasis,TW,"Taiwan, China",D165,Amebiasis,阿米巴病,Parasitic,2004-01-01,2004-01,4,0.9032258064516129,0,,missing_population,,2003-01-01,2026-07-01,2026-08-01T00:00:00+00:00,nidss_open_data,"Taiwan, China CDC NIDSS",https://nidss.cdc.gov.tw/Home/Index,open_data_csv,nidss_open_data,"Taiwan, China CDC NIDSS",https://nidss.cdc.gov.tw/Home/Index,open_data_csv,legacy_fallback,legacy_fallback,,legacy_identity_may_be_lossy,,0,
disease,D165,amebiasis,Amebiasis,TW,"Taiwan, China",D165,Amebiasis,阿米巴病,Parasitic,2004-02-01,2004-02,8,1.8064516129032258,0,,missing_population,,2003-01-01,2026-07-01,2026-08-01T00:00:00+00:00,nidss_open_data,"Taiwan, China CDC NIDSS",https://nidss.cdc.gov.tw/Home/Index,open_data_csv,nidss_open_data,"Taiwan, China CDC NIDSS",https://nidss.cdc.gov.tw/Home/Index,open_data_csv,legacy_fallback,legacy_fallback,,legacy_identity_may_be_lossy,,0,
disease,D165,amebiasis,Amebiasis,TW,"Taiwan, China",D165,Amebiasis,阿米巴病,Parasitic,2004-03-01,2004-03,30,7.241379310344828,0,,missing_population,,2003-01-01,2026-07-01,2026-08-01T00:00:00+00:00,nidss_open_data,"Taiwan, China CDC NIDSS",https://nidss.cdc.gov.tw/Home/Index,open_data_csv,nidss_open_data,"Taiwan, China CDC NIDSS",https://nidss.cdc.gov.tw/Home/Index,open_data_csv,legacy_fallback,legacy_fallback,,legacy_identity_may_be_lossy,,0,
disease,D165,amebiasis,Amebiasis,TW,"Taiwan, China",D165,Amebiasis,阿米巴病,Parasitic,2004-04-01,2004-04,3,0.6774193548387096,0,,missing_population,,2003-01-01,2026-07-01,2026-08-01T00:00:00+00:00,nidss_open_data,"Taiwan, China CDC NIDSS",https://nidss.cdc.gov.tw/Home/Index,open_data_csv,nidss_open_data,"Taiwan, China CDC NIDSS",https://nidss.cdc.gov.tw/Home/Index,open_data_csv,legacy_fallback,legacy_fallback,,legacy_identity_may_be_lossy,,0,
disease,D165,amebiasis,Amebiasis,TW,"Taiwan, China",D165,Amebiasis,阿米巴病,Parasitic,2004-05-01,2004-05,25,5.833333333333334,0,,missing_population,,2003-01-01,2026-07-01,2026-08-01T00:00:00+00:00,nidss_open_data,"Taiwan, China CDC NIDSS",https://nidss.cdc.gov.tw/Home/Index,open_data_csv,nidss_open_data,"Taiwan, China CDC NIDSS",https://nidss.cdc.gov.tw/Home/Index,open_data_csv,legacy_fallback,legacy_fallback,,legacy_identity_may_be_lossy,,0,
disease,D165,amebiasis,Amebiasis,TW,"Taiwan, China",D165,Amebiasis,阿米巴病,Parasitic,2004-06-01,2004-06,5,1.129032258064516,0,,missing_population,,2003-01-01,2026-07-01,2026-08-01T00:00:00+00:00,nidss_open_data,"Taiwan, China CDC NIDSS",https://nidss.cdc.gov.tw/Home/Index,open_data_csv,nidss_open_data,"Taiwan, China CDC NIDSS",https://nidss.cdc.gov.tw/Home/Index,open_data_csv,legacy_fallback,legacy_fallback,,legacy_identity_may_be_lossy,,0,
disease,D165,amebiasis,Amebiasis,TW,"Taiwan, China",D165,Amebiasis,阿米巴病,Parasitic,2004-07-01,2004-07,5,1.1666666666666665,0,,missing_population,,2003-01-01,2026-07-01,2026-08-01T00:00:00+00:00,nidss_open_data,"Taiwan, China CDC NIDSS",https://nidss.cdc.gov.tw/Home/Index,open_data_csv,nidss_open_data,"Taiwan, China CDC NIDSS",https://nidss.cdc.gov.tw/Home/Index,open_data_csv,legacy_fallback,legacy_fallback,,legacy_identity_may_be_lossy,,0,
disease,D165,amebiasis,Amebiasis,TW,"Taiwan, China",D165,Amebiasis,阿米巴病,Parasitic,2004-08-01,2004-08,1,0.22580645161290322,0,,missing_population,,2003-01-01,2026-07-01,2026-08-01T00:00:00+00:00,nidss_open_data,"Taiwan, China CDC NIDSS",https://nidss.cdc.gov.tw/Home/Index,open_data_csv,nidss_open_data,"Taiwan, China CDC NIDSS",https://nidss.cdc.gov.tw/Home/Index,open_data_csv,legacy_fallback,legacy_fallback,,legacy_identity_may_be_lossy,,0,
disease,D165,amebiasis,Amebiasis,TW,"Taiwan, China",D165,Amebiasis,阿米巴病,Parasitic,2004-09-01,2004-09,2,0.45161290322580644,0,,missing_population,,2003-01-01,2026-07-01,2026-08-01T00:00:00+00:00,nidss_open_data,"Taiwan, China CDC NIDSS",https://nidss.cdc.gov.tw/Home/Index,open_data_csv,nidss_open_data,"Taiwan, China CDC NIDSS",https://nidss.cdc.gov.tw/Home/Index,open_data_csv,legacy_fallback,legacy_fallback,,legacy_identity_may_be_lossy,,0,
disease,D165,amebiasis,Amebiasis,TW,"Taiwan, China",D165,Amebiasis,阿米巴病,Parasitic,2004-10-01,2004-10,5,1.1666666666666665,0,,missing_population,,2003-01-01,2026-07-01,2026-08-01T00:00:00+00:00,nidss_open_data,"Taiwan, China CDC NIDSS",https://nidss.cdc.gov.tw/Home/Index,open_data_csv,nidss_open_data,"Taiwan, China CDC NIDSS",https://nidss.cdc.gov.tw/Home/Index,open_data_csv,legacy_fallback,legacy_fallback,,legacy_identity_may_be_lossy,,0,
disease,D165,amebiasis,Amebiasis,TW,"Taiwan, China",D165,Amebiasis,阿米巴病,Parasitic,2004-11-01,2004-11,7,1.5806451612903225,0,,missing_population,,2003-01-01,2026-07-01,2026-08-01T00:00:00+00:00,nidss_open_data,"Taiwan, China CDC NIDSS",https://nidss.cdc.gov.tw/Home/Index,open_data_csv,nidss_open_data,"Taiwan, China CDC NIDSS",https://nidss.cdc.gov.tw/Home/Index,open_data_csv,legacy_fallback,legacy_fallback,,legacy_identity_may_be_lossy,,0,
disease,D165,amebiasis,Amebiasis,TW,"Taiwan, China",D165,Amebiasis,阿米巴病,Parasitic,2004-12-01,2004-12,4,0.9333333333333333,0,,missing_population,,2003-01-01,2026-07-01,2026-08-01T00:00:00+00:00,nidss_open_data,"Taiwan, China CDC NIDSS",https://nidss.cdc.gov.tw/Home/Index,open_data_csv,nidss_open_data,"Taiwan, China CDC NIDSS",https://nidss.cdc.gov.tw/Home/Index,open_data_csv,legacy_fallback,legacy_fallback,,legacy_identity_may_be_lossy,,0,
disease,D165,amebiasis,Amebiasis,TW,"Taiwan, China",D165,Amebiasis,阿米巴病,Parasitic,2005-01-01,2005-01,9,2.032258064516129,0,,missing_population,,2003-01-01,2026-07-01,2026-08-01T00:00:00+00:00,nidss_open_data,"Taiwan, China CDC NIDSS",https://nidss.cdc.gov.tw/Home/Index,open_data_csv,nidss_open_data,"Taiwan, China CDC NIDSS",https://nidss.cdc.gov.tw/Home/Index,open_data_csv,legacy_fallback,legacy_fallback,,legacy_identity_may_be_lossy,,0,
disease,D165,amebiasis,Amebiasis,TW,"Taiwan, China",D165,Amebiasis,阿米巴病,Parasitic,2005-02-01,2005-02,5,1.129032258064516,0,,missing_population,,2003-01-01,2026-07-01,2026-08-01T00:00:00+00:00,nidss_open_data,"Taiwan, China CDC NIDSS",https://nidss.cdc.gov.tw/Home/Index,open_data_csv,nidss_open_data,"Taiwan, China CDC NIDSS",https://nidss.cdc.gov.tw/Home/Index,open_data_csv,legacy_fallback,legacy_fallback,,legacy_identity_may_be_lossy,,0,
disease,D165,amebiasis,Amebiasis,TW,"Taiwan, China",D165,Amebiasis,阿米巴病,Parasitic,2005-03-01,2005-03,6,1.5,0,,missing_population,,2003-01-01,2026-07-01,2026-08-01T00:00:00+00:00,nidss_open_data,"Taiwan, China CDC NIDSS",https://nidss.cdc.gov.tw/Home/Index,open_data_csv,nidss_open_data,"Taiwan, China CDC NIDSS",https://nidss.cdc.gov.tw/Home/Index,open_data_csv,legacy_fallback,legacy_fallback,,legacy_identity_may_be_lossy,,0,
disease,D165,amebiasis,Amebiasis,TW,"Taiwan, China",D165,Amebiasis,阿米巴病,Parasitic,2005-04-01,2005-04,11,2.4838709677419355,0,,missing_population,,2003-01-01,2026-07-01,2026-08-01T00:00:00+00:00,nidss_open_data,"Taiwan, China CDC NIDSS",https://nidss.cdc.gov.tw/Home/Index,open_data_csv,nidss_open_data,"Taiwan, China CDC NIDSS",https://nidss.cdc.gov.tw/Home/Index,open_data_csv,legacy_fallback,legacy_fallback,,legacy_identity_may_be_lossy,,0,
disease,D165,amebiasis,Amebiasis,TW,"Taiwan, China",D165,Amebiasis,阿米巴病,Parasitic,2005-05-01,2005-05,10,2.333333333333333,0,,missing_population,,2003-01-01,2026-07-01,2026-08-01T00:00:00+00:00,nidss_open_data,"Taiwan, China CDC NIDSS",https://nidss.cdc.gov.tw/Home/Index,open_data_csv,nidss_open_data,"Taiwan, China CDC NIDSS",https://nidss.cdc.gov.tw/Home/Index,open_data_csv,legacy_fallback,legacy_fallback,,legacy_identity_may_be_lossy,,0,
disease,D165,amebiasis,Amebiasis,TW,"Taiwan, China",D165,Amebiasis,阿米巴病,Parasitic,2005-06-01,2005-06,2,0.45161290322580644,0,,missing_population,,2003-01-01,2026-07-01,2026-08-01T00:00:00+00:00,nidss_open_data,"Taiwan, China CDC NIDSS",https://nidss.cdc.gov.tw/Home/Index,open_data_csv,nidss_open_data,"Taiwan, China CDC NIDSS",https://nidss.cdc.gov.tw/Home/Index,open_data_csv,legacy_fallback,legacy_fallback,,legacy_identity_may_be_lossy,,0,
disease,D165,amebiasis,Amebiasis,TW,"Taiwan, China",D165,Amebiasis,阿米巴病,Parasitic,2005-07-01,2005-07,3,0.7000000000000001,0,,missing_population,,2003-01-01,2026-07-01,2026-08-01T00:00:00+00:00,nidss_open_data,"Taiwan, China CDC NIDSS",https://nidss.cdc.gov.tw/Home/Index,open_data_csv,nidss_open_data,"Taiwan, China CDC NIDSS",https://nidss.cdc.gov.tw/Home/Index,open_data_csv,legacy_fallback,legacy_fallback,,legacy_identity_may_be_lossy,,0,
disease,D165,amebiasis,Amebiasis,TW,"Taiwan, China",D165,Amebiasis,阿米巴病,Parasitic,2005-08-01,2005-08,38,8.580645161290322,0,,missing_population,,2003-01-01,2026-07-01,2026-08-01T00:00:00+00:00,nidss_open_data,"Taiwan, China CDC NIDSS",https://nidss.cdc.gov.tw/Home/Index,open_data_csv,nidss_open_data,"Taiwan, China CDC NIDSS",https://nidss.cdc.gov.tw/Home/Index,open_data_csv,legacy_fallback,legacy_fallback,,legacy_identity_may_be_lossy,,0,
disease,D165,amebiasis,Amebiasis,TW,"Taiwan, China",D165,Amebiasis,阿米巴病,Parasitic,2005-09-01,2005-09,15,3.3870967741935485,0,,missing_population,,2003-01-01,2026-07-01,2026-08-01T00:00:00+00:00,nidss_open_data,"Taiwan, China CDC NIDSS",https://nidss.cdc.gov.tw/Home/Index,open_data_csv,nidss_open_data,"Taiwan, China CDC NIDSS",https://nidss.cdc.gov.tw/Home/Index,open_data_csv,legacy_fallback,legacy_fallback,,legacy_identity_may_be_lossy,,0,
disease,D165,amebiasis,Amebiasis,TW,"Taiwan, China",D165,Amebiasis,阿米巴病,Parasitic,2005-10-01,2005-10,7,1.6333333333333333,0,,missing_population,,2003-01-01,2026-07-01,2026-08-01T00:00:00+00:00,nidss_open_data,"Taiwan, China CDC NIDSS",https://nidss.cdc.gov.tw/Home/Index,open_data_csv,nidss_open_data,"Taiwan, China CDC NIDSS",https://nidss.cdc.gov.tw/Home/Index,open_data_csv,legacy_fallback,legacy_fallback,,legacy_identity_may_be_lossy,,0,
disease,D165,amebiasis,Amebiasis,TW,"Taiwan, China",D165,Amebiasis,阿米巴病,Parasitic,2005-11-01,2005-11,5,1.129032258064516,0,,missing_population,,2003-01-01,2026-07-01,2026-08-01T00:00:00+00:00,nidss_open_data,"Taiwan, China CDC NIDSS",https://nidss.cdc.gov.tw/Home/Index,open_data_csv,nidss_open_data,"Taiwan, China CDC NIDSS",https://nidss.cdc.gov.tw/Home/Index,open_data_csv,legacy_fallback,legacy_fallback,,legacy_identity_may_be_lossy,,0,
disease,D165,amebiasis,Amebiasis,TW,"Taiwan, China",D165,Amebiasis,阿米巴病,Parasitic,2005-12-01,2005-12,10,2.333333333333333,0,,missing_population,,2003-01-01,2026-07-01,2026-08-01T00:00:00+00:00,nidss_open_data,"Taiwan, China CDC NIDSS",https://nidss.cdc.gov.tw/Home/Index,open_data_csv,nidss_open_data,"Taiwan, China CDC NIDSS",https://nidss.cdc.gov.tw/Home/Index,open_data_csv,legacy_fallback,legacy_fallback,,legacy_identity_may_be_lossy,,0,
disease,D165,amebiasis,Amebiasis,TW,"Taiwan, China",D165,Amebiasis,阿米巴病,Parasitic,2006-01-01,2006-01,4,0.9032258064516129,0,,missing_population,,2003-01-01,2026-07-01,2026-08-01T00:00:00+00:00,nidss_open_data,"Taiwan, China CDC NIDSS",https://nidss.cdc.gov.tw/Home/Index,open_data_csv,nidss_open_data,"Taiwan, China CDC NIDSS",https://nidss.cdc.gov.tw/Home/Index,open_data_csv,legacy_fallback,legacy_fallback,,legacy_identity_may_be_lossy,,0,
disease,D165,amebiasis,Amebiasis,TW,"Taiwan, China",D165,Amebiasis,阿米巴病,Parasitic,2006-02-01,2006-02,20,4.516129032258064,0,,missing_population,,2003-01-01,2026-07-01,2026-08-01T00:00:00+00:00,nidss_open_data,"Taiwan, China CDC NIDSS",https://nidss.cdc.gov.tw/Home/Index,open_data_csv,nidss_open_data,"Taiwan, China CDC NIDSS",https://nidss.cdc.gov.tw/Home/Index,open_data_csv,legacy_fallback,legacy_fallback,,legacy_identity_may_be_lossy,,0,
disease,D165,amebiasis,Amebiasis,TW,"Taiwan, China",D165,Amebiasis,阿米巴病,Parasitic,2006-03-01,2006-03,22,5.5,0,,missing_population,,2003-01-01,2026-07-01,2026-08-01T00:00:00+00:00,nidss_open_data,"Taiwan, China CDC NIDSS",https://nidss.cdc.gov.tw/Home/Index,open_data_csv,nidss_open_data,"Taiwan, China CDC NIDSS",https://nidss.cdc.gov.tw/Home/Index,open_data_csv,legacy_fallback,legacy_fallback,,legacy_identity_may_be_lossy,,0,
disease,D165,amebiasis,Amebiasis,TW,"Taiwan, China",D165,Amebiasis,阿米巴病,Parasitic,2006-04-01,2006-04,10,2.258064516129032,0,,missing_population,,2003-01-01,2026-07-01,2026-08-01T00:00:00+00:00,nidss_open_data,"Taiwan, China CDC NIDSS",https://nidss.cdc.gov.tw/Home/Index,open_data_csv,nidss_open_data,"Taiwan, China CDC NIDSS",https://nidss.cdc.gov.tw/Home/Index,open_data_csv,legacy_fallback,legacy_fallback,,legacy_identity_may_be_lossy,,0,
disease,D165,amebiasis,Amebiasis,TW,"Taiwan, China",D165,Amebiasis,阿米巴病,Parasitic,2006-05-01,2006-05,7,1.6333333333333333,0,,missing_population,,2003-01-01,2026-07-01,2026-08-01T00:00:00+00:00,nidss_open_data,"Taiwan, China CDC NIDSS",https://nidss.cdc.gov.tw/Home/Index,open_data_csv,nidss_open_data,"Taiwan, China CDC NIDSS",https://nidss.cdc.gov.tw/Home/Index,open_data_csv,legacy_fallback,legacy_fallback,,legacy_identity_may_be_lossy,,0,
disease,D165,amebiasis,Amebiasis,TW,"Taiwan, China",D165,Amebiasis,阿米巴病,Parasitic,2006-06-01,2006-06,9,2.032258064516129,0,,missing_population,,2003-01-01,2026-07-01,2026-08-01T00:00:00+00:00,nidss_open_data,"Taiwan, China CDC NIDSS",https://nidss.cdc.gov.tw/Home/Index,open_data_csv,nidss_open_data,"Taiwan, China CDC NIDSS",https://nidss.cdc.gov.tw/Home/Index,open_data_csv,legacy_fallback,legacy_fallback,,legacy_identity_may_be_lossy,,0,
disease,D165,amebiasis,Amebiasis,TW,"Taiwan, China",D165,Amebiasis,阿米巴病,Parasitic,2006-07-01,2006-07,8,1.8666666666666667,0,,missing_population,,2003-01-01,2026-07-01,2026-08-01T00:00:00+00:00,nidss_open_data,"Taiwan, China CDC NIDSS",https://nidss.cdc.gov.tw/Home/Index,open_data_csv,nidss_open_data,"Taiwan, China CDC NIDSS",https://nidss.cdc.gov.tw/Home/Index,open_data_csv,legacy_fallback,legacy_fallback,,legacy_identity_may_be_lossy,,0,
disease,D165,amebiasis,Amebiasis,TW,"Taiwan, China",D165,Amebiasis,阿米巴病,Parasitic,2006-08-01,2006-08,11,2.4838709677419355,0,,missing_population,,2003-01-01,2026-07-01,2026-08-01T00:00:00+00:00,nidss_open_data,"Taiwan, China CDC NIDSS",https://nidss.cdc.gov.tw/Home/Index,open_data_csv,nidss_open_data,"Taiwan, China CDC NIDSS",https://nidss.cdc.gov.tw/Home/Index,open_data_csv,legacy_fallback,legacy_fallback,,legacy_identity_may_be_lossy,,0,
disease,D165,amebiasis,Amebiasis,TW,"Taiwan, China",D165,Amebiasis,阿米巴病,Parasitic,2006-09-01,2006-09,4,0.9032258064516129,0,,missing_population,,2003-01-01,2026-07-01,2026-08-01T00:00:00+00:00,nidss_open_data,"Taiwan, China CDC NIDSS",https://nidss.cdc.gov.tw/Home/Index,open_data_csv,nidss_open_data,"Taiwan, China CDC NIDSS",https://nidss.cdc.gov.tw/Home/Index,open_data_csv,legacy_fallback,legacy_fallback,,legacy_identity_may_be_lossy,,0,
disease,D165,amebiasis,Amebiasis,TW,"Taiwan, China",D165,Amebiasis,阿米巴病,Parasitic,2006-10-01,2006-10,9,2.1,0,,missing_population,,2003-01-01,2026-07-01,2026-08-01T00:00:00+00:00,nidss_open_data,"Taiwan, China CDC NIDSS",https://nidss.cdc.gov.tw/Home/Index,open_data_csv,nidss_open_data,"Taiwan, China CDC NIDSS",https://nidss.cdc.gov.tw/Home/Index,open_data_csv,legacy_fallback,legacy_fallback,,legacy_identity_may_be_lossy,,0,
disease,D165,amebiasis,Amebiasis,TW,"Taiwan, China",D165,Amebiasis,阿米巴病,Parasitic,2006-11-01,2006-11,10,2.258064516129032,0,,missing_population,,2003-01-01,2026-07-01,2026-08-01T00:00:00+00:00,nidss_open_data,"Taiwan, China CDC NIDSS",https://nidss.cdc.gov.tw/Home/Index,open_data_csv,nidss_open_data,"Taiwan, China CDC NIDSS",https://nidss.cdc.gov.tw/Home/Index,open_data_csv,legacy_fallback,legacy_fallback,,legacy_identity_may_be_lossy,,0,
disease,D165,amebiasis,Amebiasis,TW,"Taiwan, China",D165,Amebiasis,阿米巴病,Parasitic,2006-12-01,2006-12,17,3.966666666666667,0,,missing_population,,2003-01-01,2026-07-01,2026-08-01T00:00:00+00:00,nidss_open_data,"Taiwan, China CDC NIDSS",https://nidss.cdc.gov.tw/Home/Index,open_data_csv,nidss_open_data,"Taiwan, China CDC NIDSS",https://nidss.cdc.gov.tw/Home/Index,open_data_csv,legacy_fallback,legacy_fallback,,legacy_identity_may_be_lossy,,0,
disease,D165,amebiasis,Amebiasis,TW,"Taiwan, China",D165,Amebiasis,阿米巴病,Parasitic,2007-01-01,2007-01,13,2.935483870967742,0,,missing_population,,2003-01-01,2026-07-01,2026-08-01T00:00:00+00:00,nidss_open_data,"Taiwan, China CDC NIDSS",https://nidss.cdc.gov.tw/Home/Index,open_data_csv,nidss_open_data,"Taiwan, China CDC NIDSS",https://nidss.cdc.gov.tw/Home/Index,open_data_csv,legacy_fallback,legacy_fallback,,legacy_identity_may_be_lossy,,0,
disease,D165,amebiasis,Amebiasis,TW,"Taiwan, China",D165,Amebiasis,阿米巴病,Parasitic,2007-02-01,2007-02,8,1.8064516129032258,0,,missing_population,,2003-01-01,2026-07-01,2026-08-01T00:00:00+00:00,nidss_open_data,"Taiwan, China CDC NIDSS",https://nidss.cdc.gov.tw/Home/Index,open_data_csv,nidss_open_data,"Taiwan, China CDC NIDSS",https://nidss.cdc.gov.tw/Home/Index,open_data_csv,legacy_fallback,legacy_fallback,,legacy_identity_may_be_lossy,,0,
disease,D165,amebiasis,Amebiasis,TW,"Taiwan, China",D165,Amebiasis,阿米巴病,Parasitic,2007-03-01,2007-03,13,3.25,0,,missing_population,,2003-01-01,2026-07-01,2026-08-01T00:00:00+00:00,nidss_open_data,"Taiwan, China CDC NIDSS",https://nidss.cdc.gov.tw/Home/Index,open_data_csv,nidss_open_data,"Taiwan, China CDC NIDSS",https://nidss.cdc.gov.tw/Home/Index,open_data_csv,legacy_fallback,legacy_fallback,,legacy_identity_may_be_lossy,,0,
disease,D165,amebiasis,Amebiasis,TW,"Taiwan, China",D165,Amebiasis,阿米巴病,Parasitic,2007-04-01,2007-04,4,0.9032258064516129,0,,missing_population,,2003-01-01,2026-07-01,2026-08-01T00:00:00+00:00,nidss_open_data,"Taiwan, China CDC NIDSS",https://nidss.cdc.gov.tw/Home/Index,open_data_csv,nidss_open_data,"Taiwan, China CDC NIDSS",https://nidss.cdc.gov.tw/Home/Index,open_data_csv,legacy_fallback,legacy_fallback,,legacy_identity_may_be_lossy,,0,
disease,D165,amebiasis,Amebiasis,TW,"Taiwan, China",D165,Amebiasis,阿米巴病,Parasitic,2007-05-01,2007-05,9,2.1,0,,missing_population,,2003-01-01,2026-07-01,2026-08-01T00:00:00+00:00,nidss_open_data,"Taiwan, China CDC NIDSS",https://nidss.cdc.gov.tw/Home/Index,open_data_csv,nidss_open_data,"Taiwan, China CDC NIDSS",https://nidss.cdc.gov.tw/Home/Index,open_data_csv,legacy_fallback,legacy_fallback,,legacy_identity_may_be_lossy,,0,
disease,D165,amebiasis,Amebiasis,TW,"Taiwan, China",D165,Amebiasis,阿米巴病,Parasitic,2007-06-01,2007-06,16,3.6129032258064515,0,,missing_population,,2003-01-01,2026-07-01,2026-08-01T00:00:00+00:00,nidss_open_data,"Taiwan, China CDC NIDSS",https://nidss.cdc.gov.tw/Home/Index,open_data_csv,nidss_open_data,"Taiwan, China CDC NIDSS",https://nidss.cdc.gov.tw/Home/Index,open_data_csv,legacy_fallback,legacy_fallback,,legacy_identity_may_be_lossy,,0,
disease,D165,amebiasis,Amebiasis,TW,"Taiwan, China",D165,Amebiasis,阿米巴病,Parasitic,2007-07-01,2007-07,22,5.133333333333333,0,,missing_population,,2003-01-01,2026-07-01,2026-08-01T00:00:00+00:00,nidss_open_data,"Taiwan, China CDC NIDSS",https://nidss.cdc.gov.tw/Home/Index,open_data_csv,nidss_open_data,"Taiwan, China CDC NIDSS",https://nidss.cdc.gov.tw/Home/Index,open_data_csv,legacy_fallback,legacy_fallback,,legacy_identity_may_be_lossy,,0,
disease,D165,amebiasis,Amebiasis,TW,"Taiwan, China",D165,Amebiasis,阿米巴病,Parasitic,2007-08-01,2007-08,10,2.258064516129032,0,,missing_population,,2003-01-01,2026-07-01,2026-08-01T00:00:00+00:00,nidss_open_data,"Taiwan, China CDC NIDSS",https://nidss.cdc.gov.tw/Home/Index,open_data_csv,nidss_open_data,"Taiwan, China CDC NIDSS",https://nidss.cdc.gov.tw/Home/Index,open_data_csv,legacy_fallback,legacy_fallback,,legacy_identity_may_be_lossy,,0,
disease,D165,amebiasis,Amebiasis,TW,"Taiwan, China",D165,Amebiasis,阿米巴病,Parasitic,2007-09-01,2007-09,8,1.8064516129032258,0,,missing_population,,2003-01-01,2026-07-01,2026-08-01T00:00:00+00:00,nidss_open_data,"Taiwan, China CDC NIDSS",https://nidss.cdc.gov.tw/Home/Index,open_data_csv,nidss_open_data,"Taiwan, China CDC NIDSS",https://nidss.cdc.gov.tw/Home/Index,open_data_csv,legacy_fallback,legacy_fallback,,legacy_identity_may_be_lossy,,0,
disease,D165,amebiasis,Amebiasis,TW,"Taiwan, China",D165,Amebiasis,阿米巴病,Parasitic,2007-10-01,2007-10,14,3.2666666666666666,0,,missing_population,,2003-01-01,2026-07-01,2026-08-01T00:00:00+00:00,nidss_open_data,"Taiwan, China CDC NIDSS",https://nidss.cdc.gov.tw/Home/Index,open_data_csv,nidss_open_data,"Taiwan, China CDC NIDSS",https://nidss.cdc.gov.tw/Home/Index,open_data_csv,legacy_fallback,legacy_fallback,,legacy_identity_may_be_lossy,,0,
disease,D165,amebiasis,Amebiasis,TW,"Taiwan, China",D165,Amebiasis,阿米巴病,Parasitic,2007-11-01,2007-11,16,3.6129032258064515,0,,missing_population,,2003-01-01,2026-07-01,2026-08-01T00:00:00+00:00,nidss_open_data,"Taiwan, China CDC NIDSS",https://nidss.cdc.gov.tw/Home/Index,open_data_csv,nidss_open_data,"Taiwan, China CDC NIDSS",https://nidss.cdc.gov.tw/Home/Index,open_data_csv,legacy_fallback,legacy_fallback,,legacy_identity_may_be_lossy,,0,
disease,D165,amebiasis,Amebiasis,TW,"Taiwan, China",D165,Amebiasis,阿米巴病,Parasitic,2007-12-01,2007-12,19,4.433333333333334,0,,missing_population,,2003-01-01,2026-07-01,2026-08-01T00:00:00+00:00,nidss_open_data,"Taiwan, China CDC NIDSS",https://nidss.cdc.gov.tw/Home/Index,open_data_csv,nidss_open_data,"Taiwan, China CDC NIDSS",https://nidss.cdc.gov.tw/Home/Index,open_data_csv,legacy_fallback,legacy_fallback,,legacy_identity_may_be_lossy,,0,
disease,D165,amebiasis,Amebiasis,TW,"Taiwan, China",D165,Amebiasis,阿米巴病,Parasitic,2008-01-01,2008-01,20,4.516129032258064,0,,missing_population,,2003-01-01,2026-07-01,2026-08-01T00:00:00+00:00,nidss_open_data,"Taiwan, China CDC NIDSS",https://nidss.cdc.gov.tw/Home/Index,open_data_csv,nidss_open_data,"Taiwan, China CDC NIDSS",https://nidss.cdc.gov.tw/Home/Index,open_data_csv,legacy_fallback,legacy_fallback,,legacy_identity_may_be_lossy,,0,
disease,D165,amebiasis,Amebiasis,TW,"Taiwan, China",D165,Amebiasis,阿米巴病,Parasitic,2008-02-01,2008-02,35,7.903225806451614,0,,missing_population,,2003-01-01,2026-07-01,2026-08-01T00:00:00+00:00,nidss_open_data,"Taiwan, China CDC NIDSS",https://nidss.cdc.gov.tw/Home/Index,open_data_csv,nidss_open_data,"Taiwan, China CDC NIDSS",https://nidss.cdc.gov.tw/Home/Index,open_data_csv,legacy_fallback,legacy_fallback,,legacy_identity_may_be_lossy,,0,
disease,D165,amebiasis,Amebiasis,TW,"Taiwan, China",D165,Amebiasis,阿米巴病,Parasitic,2008-03-01,2008-03,52,12.551724137931036,0,,missing_population,,2003-01-01,2026-07-01,2026-08-01T00:00:00+00:00,nidss_open_data,"Taiwan, China CDC NIDSS",https://nidss.cdc.gov.tw/Home/Index,open_data_csv,nidss_open_data,"Taiwan, China CDC NIDSS",https://nidss.cdc.gov.tw/Home/Index,open_data_csv,legacy_fallback,legacy_fallback,,legacy_identity_may_be_lossy,,0,
disease,D165,amebiasis,Amebiasis,TW,"Taiwan, China",D165,Amebiasis,阿米巴病,Parasitic,2008-04-01,2008-04,17,3.8387096774193545,0,,missing_population,,2003-01-01,2026-07-01,2026-08-01T00:00:00+00:00,nidss_open_data,"Taiwan, China CDC NIDSS",https://nidss.cdc.gov.tw/Home/Index,open_data_csv,nidss_open_data,"Taiwan, China CDC NIDSS",https://nidss.cdc.gov.tw/Home/Index,open_data_csv,legacy_fallback,legacy_fallback,,legacy_identity_may_be_lossy,,0,
disease,D165,amebiasis,Amebiasis,TW,"Taiwan, China",D165,Amebiasis,阿米巴病,Parasitic,2008-05-01,2008-05,13,3.033333333333333,0,,missing_population,,2003-01-01,2026-07-01,2026-08-01T00:00:00+00:00,nidss_open_data,"Taiwan, China CDC NIDSS",https://nidss.cdc.gov.tw/Home/Index,open_data_csv,nidss_open_data,"Taiwan, China CDC NIDSS",https://nidss.cdc.gov.tw/Home/Index,open_data_csv,legacy_fallback,legacy_fallback,,legacy_identity_may_be_lossy,,0,
disease,D165,amebiasis,Amebiasis,TW,"Taiwan, China",D165,Amebiasis,阿米巴病,Parasitic,2008-06-01,2008-06,16,3.6129032258064515,0,,missing_population,,2003-01-01,2026-07-01,2026-08-01T00:00:00+00:00,nidss_open_data,"Taiwan, China CDC NIDSS",https://nidss.cdc.gov.tw/Home/Index,open_data_csv,nidss_open_data,"Taiwan, China CDC NIDSS",https://nidss.cdc.gov.tw/Home/Index,open_data_csv,legacy_fallback,legacy_fallback,,legacy_identity_may_be_lossy,,0,
disease,D165,amebiasis,Amebiasis,TW,"Taiwan, China",D165,Amebiasis,阿米巴病,Parasitic,2008-07-01,2008-07,15,3.5,0,,missing_population,,2003-01-01,2026-07-01,2026-08-01T00:00:00+00:00,nidss_open_data,"Taiwan, China CDC NIDSS",https://nidss.cdc.gov.tw/Home/Index,open_data_csv,nidss_open_data,"Taiwan, China CDC NIDSS",https://nidss.cdc.gov.tw/Home/Index,open_data_csv,legacy_fallback,legacy_fallback,,legacy_identity_may_be_lossy,,0,
disease,D165,amebiasis,Amebiasis,TW,"Taiwan, China",D165,Amebiasis,阿米巴病,Parasitic,2008-08-01,2008-08,7,1.5806451612903225,0,,missing_population,,2003-01-01,2026-07-01,2026-08-01T00:00:00+00:00,nidss_open_data,"Taiwan, China CDC NIDSS",https://nidss.cdc.gov.tw/Home/Index,open_data_csv,nidss_open_data,"Taiwan, China CDC NIDSS",https://nidss.cdc.gov.tw/Home/Index,open_data_csv,legacy_fallback,legacy_fallback,,legacy_identity_may_be_lossy,,0,
disease,D165,amebiasis,Amebiasis,TW,"Taiwan, China",D165,Amebiasis,阿米巴病,Parasitic,2008-09-01,2008-09,11,2.4838709677419355,0,,missing_population,,2003-01-01,2026-07-01,2026-08-01T00:00:00+00:00,nidss_open_data,"Taiwan, China CDC NIDSS",https://nidss.cdc.gov.tw/Home/Index,open_data_csv,nidss_open_data,"Taiwan, China CDC NIDSS",https://nidss.cdc.gov.tw/Home/Index,open_data_csv,legacy_fallback,legacy_fallback,,legacy_identity_may_be_lossy,,0,
disease,D165,amebiasis,Amebiasis,TW,"Taiwan, China",D165,Amebiasis,阿米巴病,Parasitic,2008-10-01,2008-10,20,4.666666666666666,0,,missing_population,,2003-01-01,2026-07-01,2026-08-01T00:00:00+00:00,nidss_open_data,"Taiwan, China CDC NIDSS",https://nidss.cdc.gov.tw/Home/Index,open_data_csv,nidss_open_data,"Taiwan, China CDC NIDSS",https://nidss.cdc.gov.tw/Home/Index,open_data_csv,legacy_fallback,legacy_fallback,,legacy_identity_may_be_lossy,,0,
disease,D165,amebiasis,Amebiasis,TW,"Taiwan, China",D165,Amebiasis,阿米巴病,Parasitic,2008-11-01,2008-11,13,2.935483870967742,0,,missing_population,,2003-01-01,2026-07-01,2026-08-01T00:00:00+00:00,nidss_open_data,"Taiwan, China CDC NIDSS",https://nidss.cdc.gov.tw/Home/Index,open_data_csv,nidss_open_data,"Taiwan, China CDC NIDSS",https://nidss.cdc.gov.tw/Home/Index,open_data_csv,legacy_fallback,legacy_fallback,,legacy_identity_may_be_lossy,,0,
disease,D165,amebiasis,Amebiasis,TW,"Taiwan, China",D165,Amebiasis,阿米巴病,Parasitic,2008-12-01,2008-12,18,4.2,0,,missing_population,,2003-01-01,2026-07-01,2026-08-01T00:00:00+00:00,nidss_open_data,"Taiwan, China CDC NIDSS",https://nidss.cdc.gov.tw/Home/Index,open_data_csv,nidss_open_data,"Taiwan, China CDC NIDSS",https://nidss.cdc.gov.tw/Home/Index,open_data_csv,legacy_fallback,legacy_fallback,,legacy_identity_may_be_lossy,,0,
disease,D165,amebiasis,Amebiasis,TW,"Taiwan, China",D165,Amebiasis,阿米巴病,Parasitic,2009-01-01,2009-01,8,1.8064516129032258,0,,missing_population,,2003-01-01,2026-07-01,2026-08-01T00:00:00+00:00,nidss_open_data,"Taiwan, China CDC NIDSS",https://nidss.cdc.gov.tw/Home/Index,open_data_csv,nidss_open_data,"Taiwan, China CDC NIDSS",https://nidss.cdc.gov.tw/Home/Index,open_data_csv,legacy_fallback,legacy_fallback,,legacy_identity_may_be_lossy,,0,
disease,D165,amebiasis,Amebiasis,TW,"Taiwan, China",D165,Amebiasis,阿米巴病,Parasitic,2009-02-01,2009-02,35,7.903225806451614,0,,missing_population,,2003-01-01,2026-07-01,2026-08-01T00:00:00+00:00,nidss_open_data,"Taiwan, China CDC NIDSS",https://nidss.cdc.gov.tw/Home/Index,open_data_csv,nidss_open_data,"Taiwan, China CDC NIDSS",https://nidss.cdc.gov.tw/Home/Index,open_data_csv,legacy_fallback,legacy_fallback,,legacy_identity_may_be_lossy,,0,
disease,D165,amebiasis,Amebiasis,TW,"Taiwan, China",D165,Amebiasis,阿米巴病,Parasitic,2009-03-01,2009-03,13,3.25,0,,missing_population,,2003-01-01,2026-07-01,2026-08-01T00:00:00+00:00,nidss_open_data,"Taiwan, China CDC NIDSS",https://nidss.cdc.gov.tw/Home/Index,open_data_csv,nidss_open_data,"Taiwan, China CDC NIDSS",https://nidss.cdc.gov.tw/Home/Index,open_data_csv,legacy_fallback,legacy_fallback,,legacy_identity_may_be_lossy,,0,
disease,D165,amebiasis,Amebiasis,TW,"Taiwan, China",D165,Amebiasis,阿米巴病,Parasitic,2009-04-01,2009-04,13,2.935483870967742,0,,missing_population,,2003-01-01,2026-07-01,2026-08-01T00:00:00+00:00,nidss_open_data,"Taiwan, China CDC NIDSS",https://nidss.cdc.gov.tw/Home/Index,open_data_csv,nidss_open_data,"Taiwan, China CDC NIDSS",https://nidss.cdc.gov.tw/Home/Index,open_data_csv,legacy_fallback,legacy_fallback,,legacy_identity_may_be_lossy,,0,
disease,D165,amebiasis,Amebiasis,TW,"Taiwan, China",D165,Amebiasis,阿米巴病,Parasitic,2009-05-01,2009-05,14,3.2666666666666666,0,,missing_population,,2003-01-01,2026-07-01,2026-08-01T00:00:00+00:00,nidss_open_data,"Taiwan, China CDC NIDSS",https://nidss.cdc.gov.tw/Home/Index,open_data_csv,nidss_open_data,"Taiwan, China CDC NIDSS",https://nidss.cdc.gov.tw/Home/Index,open_data_csv,legacy_fallback,legacy_fallback,,legacy_identity_may_be_lossy,,0,
disease,D165,amebiasis,Amebiasis,TW,"Taiwan, China",D165,Amebiasis,阿米巴病,Parasitic,2009-06-01,2009-06,22,4.967741935483871,0,,missing_population,,2003-01-01,2026-07-01,2026-08-01T00:00:00+00:00,nidss_open_data,"Taiwan, China CDC NIDSS",https://nidss.cdc.gov.tw/Home/Index,open_data_csv,nidss_open_data,"Taiwan, China CDC NIDSS",https://nidss.cdc.gov.tw/Home/Index,open_data_csv,legacy_fallback,legacy_fallback,,legacy_identity_may_be_lossy,,0,
disease,D165,amebiasis,Amebiasis,TW,"Taiwan, China",D165,Amebiasis,阿米巴病,Parasitic,2009-07-01,2009-07,26,6.066666666666666,0,,missing_population,,2003-01-01,2026-07-01,2026-08-01T00:00:00+00:00,nidss_open_data,"Taiwan, China CDC NIDSS",https://nidss.cdc.gov.tw/Home/Index,open_data_csv,nidss_open_data,"Taiwan, China CDC NIDSS",https://nidss.cdc.gov.tw/Home/Index,open_data_csv,legacy_fallback,legacy_fallback,,legacy_identity_may_be_lossy,,0,
disease,D165,amebiasis,Amebiasis,TW,"Taiwan, China",D165,Amebiasis,阿米巴病,Parasitic,2009-08-01,2009-08,11,2.4838709677419355,0,,missing_population,,2003-01-01,2026-07-01,2026-08-01T00:00:00+00:00,nidss_open_data,"Taiwan, China CDC NIDSS",https://nidss.cdc.gov.tw/Home/Index,open_data_csv,nidss_open_data,"Taiwan, China CDC NIDSS",https://nidss.cdc.gov.tw/Home/Index,open_data_csv,legacy_fallback,legacy_fallback,,legacy_identity_may_be_lossy,,0,
disease,D165,amebiasis,Amebiasis,TW,"Taiwan, China",D165,Amebiasis,阿米巴病,Parasitic,2009-09-01,2009-09,6,1.3548387096774193,0,,missing_population,,2003-01-01,2026-07-01,2026-08-01T00:00:00+00:00,nidss_open_data,"Taiwan, China CDC NIDSS",https://nidss.cdc.gov.tw/Home/Index,open_data_csv,nidss_open_data,"Taiwan, China CDC NIDSS",https://nidss.cdc.gov.tw/Home/Index,open_data_csv,legacy_fallback,legacy_fallback,,legacy_identity_may_be_lossy,,0,
disease,D165,amebiasis,Amebiasis,TW,"Taiwan, China",D165,Amebiasis,阿米巴病,Parasitic,2009-10-01,2009-10,16,3.7333333333333334,0,,missing_population,,2003-01-01,2026-07-01,2026-08-01T00:00:00+00:00,nidss_open_data,"Taiwan, China CDC NIDSS",https://nidss.cdc.gov.tw/Home/Index,open_data_csv,nidss_open_data,"Taiwan, China CDC NIDSS",https://nidss.cdc.gov.tw/Home/Index,open_data_csv,legacy_fallback,legacy_fallback,,legacy_identity_may_be_lossy,,0,
disease,D165,amebiasis,Amebiasis,TW,"Taiwan, China",D165,Amebiasis,阿米巴病,Parasitic,2009-11-01,2009-11,21,4.741935483870967,0,,missing_population,,2003-01-01,2026-07-01,2026-08-01T00:00:00+00:00,nidss_open_data,"Taiwan, China CDC NIDSS",https://nidss.cdc.gov.tw/Home/Index,open_data_csv,nidss_open_data,"Taiwan, China CDC NIDSS",https://nidss.cdc.gov.tw/Home/Index,open_data_csv,legacy_fallback,legacy_fallback,,legacy_identity_may_be_lossy,,0,
disease,D165,amebiasis,Amebiasis,TW,"Taiwan, China",D165,Amebiasis,阿米巴病,Parasitic,2009-12-01,2009-12,24,5.6000000000000005,0,,missing_population,,2003-01-01,2026-07-01,2026-08-01T00:00:00+00:00,nidss_open_data,"Taiwan, China CDC NIDSS",https://nidss.cdc.gov.tw/Home/Index,open_data_csv,nidss_open_data,"Taiwan, China CDC NIDSS",https://nidss.cdc.gov.tw/Home/Index,open_data_csv,legacy_fallback,legacy_fallback,,legacy_identity_may_be_lossy,,0,
disease,D165,amebiasis,Amebiasis,TW,"Taiwan, China",D165,Amebiasis,阿米巴病,Parasitic,2010-01-01,2010-01,26,5.870967741935484,0,,missing_population,,2003-01-01,2026-07-01,2026-08-01T00:00:00+00:00,nidss_open_data,"Taiwan, China CDC NIDSS",https://nidss.cdc.gov.tw/Home/Index,open_data_csv,nidss_open_data,"Taiwan, China CDC NIDSS",https://nidss.cdc.gov.tw/Home/Index,open_data_csv,legacy_fallback,legacy_fallback,,legacy_identity_may_be_lossy,,0,
disease,D165,amebiasis,Amebiasis,TW,"Taiwan, China",D165,Amebiasis,阿米巴病,Parasitic,2010-02-01,2010-02,19,4.290322580645161,0,,missing_population,,2003-01-01,2026-07-01,2026-08-01T00:00:00+00:00,nidss_open_data,"Taiwan, China CDC NIDSS",https://nidss.cdc.gov.tw/Home/Index,open_data_csv,nidss_open_data,"Taiwan, China CDC NIDSS",https://nidss.cdc.gov.tw/Home/Index,open_data_csv,legacy_fallback,legacy_fallback,,legacy_identity_may_be_lossy,,0,
disease,D165,amebiasis,Amebiasis,TW,"Taiwan, China",D165,Amebiasis,阿米巴病,Parasitic,2010-03-01,2010-03,27,6.75,0,,missing_population,,2003-01-01,2026-07-01,2026-08-01T00:00:00+00:00,nidss_open_data,"Taiwan, China CDC NIDSS",https://nidss.cdc.gov.tw/Home/Index,open_data_csv,nidss_open_data,"Taiwan, China CDC NIDSS",https://nidss.cdc.gov.tw/Home/Index,open_data_csv,legacy_fallback,legacy_fallback,,legacy_identity_may_be_lossy,,0,
disease,D165,amebiasis,Amebiasis,TW,"Taiwan, China",D165,Amebiasis,阿米巴病,Parasitic,2010-04-01,2010-04,29,6.548387096774193,0,,missing_population,,2003-01-01,2026-07-01,2026-08-01T00:00:00+00:00,nidss_open_data,"Taiwan, China CDC NIDSS",https://nidss.cdc.gov.tw/Home/Index,open_data_csv,nidss_open_data,"Taiwan, China CDC NIDSS",https://nidss.cdc.gov.tw/Home/Index,open_data_csv,legacy_fallback,legacy_fallback,,legacy_identity_may_be_lossy,,0,
disease,D165,amebiasis,Amebiasis,TW,"Taiwan, China",D165,Amebiasis,阿米巴病,Parasitic,2010-05-01,2010-05,14,3.2666666666666666,0,,missing_population,,2003-01-01,2026-07-01,2026-08-01T00:00:00+00:00,nidss_open_data,"Taiwan, China CDC NIDSS",https://nidss.cdc.gov.tw/Home/Index,open_data_csv,nidss_open_data,"Taiwan, China CDC NIDSS",https://nidss.cdc.gov.tw/Home/Index,open_data_csv,legacy_fallback,legacy_fallback,,legacy_identity_may_be_lossy,,0,
disease,D165,amebiasis,Amebiasis,TW,"Taiwan, China",D165,Amebiasis,阿米巴病,Parasitic,2010-06-01,2010-06,16,3.6129032258064515,0,,missing_population,,2003-01-01,2026-07-01,2026-08-01T00:00:00+00:00,nidss_open_data,"Taiwan, China CDC NIDSS",https://nidss.cdc.gov.tw/Home/Index,open_data_csv,nidss_open_data,"Taiwan, China CDC NIDSS",https://nidss.cdc.gov.tw/Home/Index,open_data_csv,legacy_fallback,legacy_fallback,,legacy_identity_may_be_lossy,,0,
disease,D165,amebiasis,Amebiasis,TW,"Taiwan, China",D165,Amebiasis,阿米巴病,Parasitic,2010-07-01,2010-07,24,5.6000000000000005,0,,missing_population,,2003-01-01,2026-07-01,2026-08-01T00:00:00+00:00,nidss_open_data,"Taiwan, China CDC NIDSS",https://nidss.cdc.gov.tw/Home/Index,open_data_csv,nidss_open_data,"Taiwan, China CDC NIDSS",https://nidss.cdc.gov.tw/Home/Index,open_data_csv,legacy_fallback,legacy_fallback,,legacy_identity_may_be_lossy,,0,
disease,D165,amebiasis,Amebiasis,TW,"Taiwan, China",D165,Amebiasis,阿米巴病,Parasitic,2010-08-01,2010-08,23,5.193548387096774,0,,missing_population,,2003-01-01,2026-07-01,2026-08-01T00:00:00+00:00,nidss_open_data,"Taiwan, China CDC NIDSS",https://nidss.cdc.gov.tw/Home/Index,open_data_csv,nidss_open_data,"Taiwan, China CDC NIDSS",https://nidss.cdc.gov.tw/Home/Index,open_data_csv,legacy_fallback,legacy_fallback,,legacy_identity_may_be_lossy,,0,
disease,D165,amebiasis,Amebiasis,TW,"Taiwan, China",D165,Amebiasis,阿米巴病,Parasitic,2010-09-01,2010-09,27,6.096774193548387,0,,missing_population,,2003-01-01,2026-07-01,2026-08-01T00:00:00+00:00,nidss_open_data,"Taiwan, China CDC NIDSS",https://nidss.cdc.gov.tw/Home/Index,open_data_csv,nidss_open_data,"Taiwan, China CDC NIDSS",https://nidss.cdc.gov.tw/Home/Index,open_data_csv,legacy_fallback,legacy_fallback,,legacy_identity_may_be_lossy,,0,
disease,D165,amebiasis,Amebiasis,TW,"Taiwan, China",D165,Amebiasis,阿米巴病,Parasitic,2010-10-01,2010-10,27,6.3,0,,missing_population,,2003-01-01,2026-07-01,2026-08-01T00:00:00+00:00,nidss_open_data,"Taiwan, China CDC NIDSS",https://nidss.cdc.gov.tw/Home/Index,open_data_csv,nidss_open_data,"Taiwan, China CDC NIDSS",https://nidss.cdc.gov.tw/Home/Index,open_data_csv,legacy_fallback,legacy_fallback,,legacy_identity_may_be_lossy,,0,
disease,D165,amebiasis,Amebiasis,TW,"Taiwan, China",D165,Amebiasis,阿米巴病,Parasitic,2010-11-01,2010-11,29,6.548387096774193,0,,missing_population,,2003-01-01,2026-07-01,2026-08-01T00:00:00+00:00,nidss_open_data,"Taiwan, China CDC NIDSS",https://nidss.cdc.gov.tw/Home/Index,open_data_csv,nidss_open_data,"Taiwan, China CDC NIDSS",https://nidss.cdc.gov.tw/Home/Index,open_data_csv,legacy_fallback,legacy_fallback,,legacy_identity_may_be_lossy,,0,
disease,D165,amebiasis,Amebiasis,TW,"Taiwan, China",D165,Amebiasis,阿米巴病,Parasitic,2010-12-01,2010-12,25,5.833333333333334,0,,missing_population,,2003-01-01,2026-07-01,2026-08-01T00:00:00+00:00,nidss_open_data,"Taiwan, China CDC NIDSS",https://nidss.cdc.gov.tw/Home/Index,open_data_csv,nidss_open_data,"Taiwan, China CDC NIDSS",https://nidss.cdc.gov.tw/Home/Index,open_data_csv,legacy_fallback,legacy_fallback,,legacy_identity_may_be_lossy,,0,
disease,D165,amebiasis,Amebiasis,TW,"Taiwan, China",D165,Amebiasis,阿米巴病,Parasitic,2011-01-01,2011-01,29,6.548387096774193,0,,missing_population,,2003-01-01,2026-07-01,2026-08-01T00:00:00+00:00,nidss_open_data,"Taiwan, China CDC NIDSS",https://nidss.cdc.gov.tw/Home/Index,open_data_csv,nidss_open_data,"Taiwan, China CDC NIDSS",https://nidss.cdc.gov.tw/Home/Index,open_data_csv,legacy_fallback,legacy_fallback,,legacy_identity_may_be_lossy,,0,
disease,D165,amebiasis,Amebiasis,TW,"Taiwan, China",D165,Amebiasis,阿米巴病,Parasitic,2011-02-01,2011-02,11,2.4838709677419355,0,,missing_population,,2003-01-01,2026-07-01,2026-08-01T00:00:00+00:00,nidss_open_data,"Taiwan, China CDC NIDSS",https://nidss.cdc.gov.tw/Home/Index,open_data_csv,nidss_open_data,"Taiwan, China CDC NIDSS",https://nidss.cdc.gov.tw/Home/Index,open_data_csv,legacy_fallback,legacy_fallback,,legacy_identity_may_be_lossy,,0,
disease,D165,amebiasis,Amebiasis,TW,"Taiwan, China",D165,Amebiasis,阿米巴病,Parasitic,2011-03-01,2011-03,43,10.75,0,,missing_population,,2003-01-01,2026-07-01,2026-08-01T00:00:00+00:00,nidss_open_data,"Taiwan, China CDC NIDSS",https://nidss.cdc.gov.tw/Home/Index,open_data_csv,nidss_open_data,"Taiwan, China CDC NIDSS",https://nidss.cdc.gov.tw/Home/Index,open_data_csv,legacy_fallback,legacy_fallback,,legacy_identity_may_be_lossy,,0,
disease,D165,amebiasis,Amebiasis,TW,"Taiwan, China",D165,Amebiasis,阿米巴病,Parasitic,2011-04-01,2011-04,17,3.8387096774193545,0,,missing_population,,2003-01-01,2026-07-01,2026-08-01T00:00:00+00:00,nidss_open_data,"Taiwan, China CDC NIDSS",https://nidss.cdc.gov.tw/Home/Index,open_data_csv,nidss_open_data,"Taiwan, China CDC NIDSS",https://nidss.cdc.gov.tw/Home/Index,open_data_csv,legacy_fallback,legacy_fallback,,legacy_identity_may_be_lossy,,0,
disease,D165,amebiasis,Amebiasis,TW,"Taiwan, China",D165,Amebiasis,阿米巴病,Parasitic,2011-05-01,2011-05,13,3.033333333333333,0,,missing_population,,2003-01-01,2026-07-01,2026-08-01T00:00:00+00:00,nidss_open_data,"Taiwan, China CDC NIDSS",https://nidss.cdc.gov.tw/Home/Index,open_data_csv,nidss_open_data,"Taiwan, China CDC NIDSS",https://nidss.cdc.gov.tw/Home/Index,open_data_csv,legacy_fallback,legacy_fallback,,legacy_identity_may_be_lossy,,0,
disease,D165,amebiasis,Amebiasis,TW,"Taiwan, China",D165,Amebiasis,阿米巴病,Parasitic,2011-06-01,2011-06,15,3.3870967741935485,0,,missing_population,,2003-01-01,2026-07-01,2026-08-01T00:00:00+00:00,nidss_open_data,"Taiwan, China CDC NIDSS",https://nidss.cdc.gov.tw/Home/Index,open_data_csv,nidss_open_data,"Taiwan, China CDC NIDSS",https://nidss.cdc.gov.tw/Home/Index,open_data_csv,legacy_fallback,legacy_fallback,,legacy_identity_may_be_lossy,,0,
disease,D165,amebiasis,Amebiasis,TW,"Taiwan, China",D165,Amebiasis,阿米巴病,Parasitic,2011-07-01,2011-07,23,5.366666666666667,0,,missing_population,,2003-01-01,2026-07-01,2026-08-01T00:00:00+00:00,nidss_open_data,"Taiwan, China CDC NIDSS",https://nidss.cdc.gov.tw/Home/Index,open_data_csv,nidss_open_data,"Taiwan, China CDC NIDSS",https://nidss.cdc.gov.tw/Home/Index,open_data_csv,legacy_fallback,legacy_fallback,,legacy_identity_may_be_lossy,,0,
disease,D165,amebiasis,Amebiasis,TW,"Taiwan, China",D165,Amebiasis,阿米巴病,Parasitic,2011-08-01,2011-08,17,3.8387096774193545,0,,missing_population,,2003-01-01,2026-07-01,2026-08-01T00:00:00+00:00,nidss_open_data,"Taiwan, China CDC NIDSS",https://nidss.cdc.gov.tw/Home/Index,open_data_csv,nidss_open_data,"Taiwan, China CDC NIDSS",https://nidss.cdc.gov.tw/Home/Index,open_data_csv,legacy_fallback,legacy_fallback,,legacy_identity_may_be_lossy,,0,
disease,D165,amebiasis,Amebiasis,TW,"Taiwan, China",D165,Amebiasis,阿米巴病,Parasitic,2011-09-01,2011-09,26,5.870967741935484,0,,missing_population,,2003-01-01,2026-07-01,2026-08-01T00:00:00+00:00,nidss_open_data,"Taiwan, China CDC NIDSS",https://nidss.cdc.gov.tw/Home/Index,open_data_csv,nidss_open_data,"Taiwan, China CDC NIDSS",https://nidss.cdc.gov.tw/Home/Index,open_data_csv,legacy_fallback,legacy_fallback,,legacy_identity_may_be_lossy,,0,
disease,D165,amebiasis,Amebiasis,TW,"Taiwan, China",D165,Amebiasis,阿米巴病,Parasitic,2011-10-01,2011-10,24,5.6000000000000005,0,,missing_population,,2003-01-01,2026-07-01,2026-08-01T00:00:00+00:00,nidss_open_data,"Taiwan, China CDC NIDSS",https://nidss.cdc.gov.tw/Home/Index,open_data_csv,nidss_open_data,"Taiwan, China CDC NIDSS",https://nidss.cdc.gov.tw/Home/Index,open_data_csv,legacy_fallback,legacy_fallback,,legacy_identity_may_be_lossy,,0,
disease,D165,amebiasis,Amebiasis,TW,"Taiwan, China",D165,Amebiasis,阿米巴病,Parasitic,2011-11-01,2011-11,28,6.32258064516129,0,,missing_population,,2003-01-01,2026-07-01,2026-08-01T00:00:00+00:00,nidss_open_data,"Taiwan, China CDC NIDSS",https://nidss.cdc.gov.tw/Home/Index,open_data_csv,nidss_open_data,"Taiwan, China CDC NIDSS",https://nidss.cdc.gov.tw/Home/Index,open_data_csv,legacy_fallback,legacy_fallback,,legacy_identity_may_be_lossy,,0,
disease,D165,amebiasis,Amebiasis,TW,"Taiwan, China",D165,Amebiasis,阿米巴病,Parasitic,2011-12-01,2011-12,23,5.366666666666667,0,,missing_population,,2003-01-01,2026-07-01,2026-08-01T00:00:00+00:00,nidss_open_data,"Taiwan, China CDC NIDSS",https://nidss.cdc.gov.tw/Home/Index,open_data_csv,nidss_open_data,"Taiwan, China CDC NIDSS",https://nidss.cdc.gov.tw/Home/Index,open_data_csv,legacy_fallback,legacy_fallback,,legacy_identity_may_be_lossy,,0,
disease,D165,amebiasis,Amebiasis,TW,"Taiwan, China",D165,Amebiasis,阿米巴病,Parasitic,2012-01-01,2012-01,17,3.8387096774193545,0,,missing_population,,2003-01-01,2026-07-01,2026-08-01T00:00:00+00:00,nidss_open_data,"Taiwan, China CDC NIDSS",https://nidss.cdc.gov.tw/Home/Index,open_data_csv,nidss_open_data,"Taiwan, China CDC NIDSS",https://nidss.cdc.gov.tw/Home/Index,open_data_csv,legacy_fallback,legacy_fallback,,legacy_identity_may_be_lossy,,0,
disease,D165,amebiasis,Amebiasis,TW,"Taiwan, China",D165,Amebiasis,阿米巴病,Parasitic,2012-02-01,2012-02,26,5.870967741935484,0,,missing_population,,2003-01-01,2026-07-01,2026-08-01T00:00:00+00:00,nidss_open_data,"Taiwan, China CDC NIDSS",https://nidss.cdc.gov.tw/Home/Index,open_data_csv,nidss_open_data,"Taiwan, China CDC NIDSS",https://nidss.cdc.gov.tw/Home/Index,open_data_csv,legacy_fallback,legacy_fallback,,legacy_identity_may_be_lossy,,0,
disease,D165,amebiasis,Amebiasis,TW,"Taiwan, China",D165,Amebiasis,阿米巴病,Parasitic,2012-03-01,2012-03,26,6.275862068965518,0,,missing_population,,2003-01-01,2026-07-01,2026-08-01T00:00:00+00:00,nidss_open_data,"Taiwan, China CDC NIDSS",https://nidss.cdc.gov.tw/Home/Index,open_data_csv,nidss_open_data,"Taiwan, China CDC NIDSS",https://nidss.cdc.gov.tw/Home/Index,open_data_csv,legacy_fallback,legacy_fallback,,legacy_identity_may_be_lossy,,0,
disease,D165,amebiasis,Amebiasis,TW,"Taiwan, China",D165,Amebiasis,阿米巴病,Parasitic,2012-04-01,2012-04,21,4.741935483870967,0,,missing_population,,2003-01-01,2026-07-01,2026-08-01T00:00:00+00:00,nidss_open_data,"Taiwan, China CDC NIDSS",https://nidss.cdc.gov.tw/Home/Index,open_data_csv,nidss_open_data,"Taiwan, China CDC NIDSS",https://nidss.cdc.gov.tw/Home/Index,open_data_csv,legacy_fallback,legacy_fallback,,legacy_identity_may_be_lossy,,0,
disease,D165,amebiasis,Amebiasis,TW,"Taiwan, China",D165,Amebiasis,阿米巴病,Parasitic,2012-05-01,2012-05,24,5.6000000000000005,0,,missing_population,,2003-01-01,2026-07-01,2026-08-01T00:00:00+00:00,nidss_open_data,"Taiwan, China CDC NIDSS",https://nidss.cdc.gov.tw/Home/Index,open_data_csv,nidss_open_data,"Taiwan, China CDC NIDSS",https://nidss.cdc.gov.tw/Home/Index,open_data_csv,legacy_fallback,legacy_fallback,,legacy_identity_may_be_lossy,,0,
disease,D165,amebiasis,Amebiasis,TW,"Taiwan, China",D165,Amebiasis,阿米巴病,Parasitic,2012-06-01,2012-06,27,6.096774193548387,0,,missing_population,,2003-01-01,2026-07-01,2026-08-01T00:00:00+00:00,nidss_open_data,"Taiwan, China CDC NIDSS",https://nidss.cdc.gov.tw/Home/Index,open_data_csv,nidss_open_data,"Taiwan, China CDC NIDSS",https://nidss.cdc.gov.tw/Home/Index,open_data_csv,legacy_fallback,legacy_fallback,,legacy_identity_may_be_lossy,,0,
disease,D165,amebiasis,Amebiasis,TW,"Taiwan, China",D165,Amebiasis,阿米巴病,Parasitic,2012-07-01,2012-07,21,4.8999999999999995,0,,missing_population,,2003-01-01,2026-07-01,2026-08-01T00:00:00+00:00,nidss_open_data,"Taiwan, China CDC NIDSS",https://nidss.cdc.gov.tw/Home/Index,open_data_csv,nidss_open_data,"Taiwan, China CDC NIDSS",https://nidss.cdc.gov.tw/Home/Index,open_data_csv,legacy_fallback,legacy_fallback,,legacy_identity_may_be_lossy,,0,
disease,D165,amebiasis,Amebiasis,TW,"Taiwan, China",D165,Amebiasis,阿米巴病,Parasitic,2012-08-01,2012-08,31,7.0,0,,missing_population,,2003-01-01,2026-07-01,2026-08-01T00:00:00+00:00,nidss_open_data,"Taiwan, China CDC NIDSS",https://nidss.cdc.gov.tw/Home/Index,open_data_csv,nidss_open_data,"Taiwan, China CDC NIDSS",https://nidss.cdc.gov.tw/Home/Index,open_data_csv,legacy_fallback,legacy_fallback,,legacy_identity_may_be_lossy,,0,
disease,D165,amebiasis,Amebiasis,TW,"Taiwan, China",D165,Amebiasis,阿米巴病,Parasitic,2012-09-01,2012-09,27,6.096774193548387,0,,missing_population,,2003-01-01,2026-07-01,2026-08-01T00:00:00+00:00,nidss_open_data,"Taiwan, China CDC NIDSS",https://nidss.cdc.gov.tw/Home/Index,open_data_csv,nidss_open_data,"Taiwan, China CDC NIDSS",https://nidss.cdc.gov.tw/Home/Index,open_data_csv,legacy_fallback,legacy_fallback,,legacy_identity_may_be_lossy,,0,
disease,D165,amebiasis,Amebiasis,TW,"Taiwan, China",D165,Amebiasis,阿米巴病,Parasitic,2012-10-01,2012-10,19,4.433333333333334,0,,missing_population,,2003-01-01,2026-07-01,2026-08-01T00:00:00+00:00,nidss_open_data,"Taiwan, China CDC NIDSS",https://nidss.cdc.gov.tw/Home/Index,open_data_csv,nidss_open_data,"Taiwan, China CDC NIDSS",https://nidss.cdc.gov.tw/Home/Index,open_data_csv,legacy_fallback,legacy_fallback,,legacy_identity_may_be_lossy,,0,
disease,D165,amebiasis,Amebiasis,TW,"Taiwan, China",D165,Amebiasis,阿米巴病,Parasitic,2012-11-01,2012-11,20,4.516129032258064,0,,missing_population,,2003-01-01,2026-07-01,2026-08-01T00:00:00+00:00,nidss_open_data,"Taiwan, China CDC NIDSS",https://nidss.cdc.gov.tw/Home/Index,open_data_csv,nidss_open_data,"Taiwan, China CDC NIDSS",https://nidss.cdc.gov.tw/Home/Index,open_data_csv,legacy_fallback,legacy_fallback,,legacy_identity_may_be_lossy,,0,
disease,D165,amebiasis,Amebiasis,TW,"Taiwan, China",D165,Amebiasis,阿米巴病,Parasitic,2012-12-01,2012-12,19,4.433333333333334,0,,missing_population,,2003-01-01,2026-07-01,2026-08-01T00:00:00+00:00,nidss_open_data,"Taiwan, China CDC NIDSS",https://nidss.cdc.gov.tw/Home/Index,open_data_csv,nidss_open_data,"Taiwan, China CDC NIDSS",https://nidss.cdc.gov.tw/Home/Index,open_data_csv,legacy_fallback,legacy_fallback,,legacy_identity_may_be_lossy,,0,
disease,D165,amebiasis,Amebiasis,TW,"Taiwan, China",D165,Amebiasis,阿米巴病,Parasitic,2013-01-01,2013-01,21,4.741935483870967,0,,missing_population,,2003-01-01,2026-07-01,2026-08-01T00:00:00+00:00,nidss_open_data,"Taiwan, China CDC NIDSS",https://nidss.cdc.gov.tw/Home/Index,open_data_csv,nidss_open_data,"Taiwan, China CDC NIDSS",https://nidss.cdc.gov.tw/Home/Index,open_data_csv,legacy_fallback,legacy_fallback,,legacy_identity_may_be_lossy,,0,
disease,D165,amebiasis,Amebiasis,TW,"Taiwan, China",D165,Amebiasis,阿米巴病,Parasitic,2013-02-01,2013-02,16,3.6129032258064515,0,,missing_population,,2003-01-01,2026-07-01,2026-08-01T00:00:00+00:00,nidss_open_data,"Taiwan, China CDC NIDSS",https://nidss.cdc.gov.tw/Home/Index,open_data_csv,nidss_open_data,"Taiwan, China CDC NIDSS",https://nidss.cdc.gov.tw/Home/Index,open_data_csv,legacy_fallback,legacy_fallback,,legacy_identity_may_be_lossy,,0,
disease,D165,amebiasis,Amebiasis,TW,"Taiwan, China",D165,Amebiasis,阿米巴病,Parasitic,2013-03-01,2013-03,23,5.75,0,,missing_population,,2003-01-01,2026-07-01,2026-08-01T00:00:00+00:00,nidss_open_data,"Taiwan, China CDC NIDSS",https://nidss.cdc.gov.tw/Home/Index,open_data_csv,nidss_open_data,"Taiwan, China CDC NIDSS",https://nidss.cdc.gov.tw/Home/Index,open_data_csv,legacy_fallback,legacy_fallback,,legacy_identity_may_be_lossy,,0,
disease,D165,amebiasis,Amebiasis,TW,"Taiwan, China",D165,Amebiasis,阿米巴病,Parasitic,2013-04-01,2013-04,29,6.548387096774193,0,,missing_population,,2003-01-01,2026-07-01,2026-08-01T00:00:00+00:00,nidss_open_data,"Taiwan, China CDC NIDSS",https://nidss.cdc.gov.tw/Home/Index,open_data_csv,nidss_open_data,"Taiwan, China CDC NIDSS",https://nidss.cdc.gov.tw/Home/Index,open_data_csv,legacy_fallback,legacy_fallback,,legacy_identity_may_be_lossy,,0,
disease,D165,amebiasis,Amebiasis,TW,"Taiwan, China",D165,Amebiasis,阿米巴病,Parasitic,2013-05-01,2013-05,24,5.6000000000000005,0,,missing_population,,2003-01-01,2026-07-01,2026-08-01T00:00:00+00:00,nidss_open_data,"Taiwan, China CDC NIDSS",https://nidss.cdc.gov.tw/Home/Index,open_data_csv,nidss_open_data,"Taiwan, China CDC NIDSS",https://nidss.cdc.gov.tw/Home/Index,open_data_csv,legacy_fallback,legacy_fallback,,legacy_identity_may_be_lossy,,0,
disease,D165,amebiasis,Amebiasis,TW,"Taiwan, China",D165,Amebiasis,阿米巴病,Parasitic,2013-06-01,2013-06,25,5.64516129032258,0,,missing_population,,2003-01-01,2026-07-01,2026-08-01T00:00:00+00:00,nidss_open_data,"Taiwan, China CDC NIDSS",https://nidss.cdc.gov.tw/Home/Index,open_data_csv,nidss_open_data,"Taiwan, China CDC NIDSS",https://nidss.cdc.gov.tw/Home/Index,open_data_csv,legacy_fallback,legacy_fallback,,legacy_identity_may_be_lossy,,0,
disease,D165,amebiasis,Amebiasis,TW,"Taiwan, China",D165,Amebiasis,阿米巴病,Parasitic,2013-07-01,2013-07,30,7.0,0,,missing_population,,2003-01-01,2026-07-01,2026-08-01T00:00:00+00:00,nidss_open_data,"Taiwan, China CDC NIDSS",https://nidss.cdc.gov.tw/Home/Index,open_data_csv,nidss_open_data,"Taiwan, China CDC NIDSS",https://nidss.cdc.gov.tw/Home/Index,open_data_csv,legacy_fallback,legacy_fallback,,legacy_identity_may_be_lossy,,0,
disease,D165,amebiasis,Amebiasis,TW,"Taiwan, China",D165,Amebiasis,阿米巴病,Parasitic,2013-08-01,2013-08,33,7.451612903225806,0,,missing_population,,2003-01-01,2026-07-01,2026-08-01T00:00:00+00:00,nidss_open_data,"Taiwan, China CDC NIDSS",https://nidss.cdc.gov.tw/Home/Index,open_data_csv,nidss_open_data,"Taiwan, China CDC NIDSS",https://nidss.cdc.gov.tw/Home/Index,open_data_csv,legacy_fallback,legacy_fallback,,legacy_identity_may_be_lossy,,0,
disease,D165,amebiasis,Amebiasis,TW,"Taiwan, China",D165,Amebiasis,阿米巴病,Parasitic,2013-09-01,2013-09,17,3.8387096774193545,0,,missing_population,,2003-01-01,2026-07-01,2026-08-01T00:00:00+00:00,nidss_open_data,"Taiwan, China CDC NIDSS",https://nidss.cdc.gov.tw/Home/Index,open_data_csv,nidss_open_data,"Taiwan, China CDC NIDSS",https://nidss.cdc.gov.tw/Home/Index,open_data_csv,legacy_fallback,legacy_fallback,,legacy_identity_may_be_lossy,,0,
disease,D165,amebiasis,Amebiasis,TW,"Taiwan, China",D165,Amebiasis,阿米巴病,Parasitic,2013-10-01,2013-10,19,4.433333333333334,0,,missing_population,,2003-01-01,2026-07-01,2026-08-01T00:00:00+00:00,nidss_open_data,"Taiwan, China CDC NIDSS",https://nidss.cdc.gov.tw/Home/Index,open_data_csv,nidss_open_data,"Taiwan, China CDC NIDSS",https://nidss.cdc.gov.tw/Home/Index,open_data_csv,legacy_fallback,legacy_fallback,,legacy_identity_may_be_lossy,,0,
disease,D165,amebiasis,Amebiasis,TW,"Taiwan, China",D165,Amebiasis,阿米巴病,Parasitic,2013-11-01,2013-11,27,6.096774193548387,0,,missing_population,,2003-01-01,2026-07-01,2026-08-01T00:00:00+00:00,nidss_open_data,"Taiwan, China CDC NIDSS",https://nidss.cdc.gov.tw/Home/Index,open_data_csv,nidss_open_data,"Taiwan, China CDC NIDSS",https://nidss.cdc.gov.tw/Home/Index,open_data_csv,legacy_fallback,legacy_fallback,,legacy_identity_may_be_lossy,,0,
disease,D165,amebiasis,Amebiasis,TW,"Taiwan, China",D165,Amebiasis,阿米巴病,Parasitic,2013-12-01,2013-12,23,5.366666666666667,0,,missing_population,,2003-01-01,2026-07-01,2026-08-01T00:00:00+00:00,nidss_open_data,"Taiwan, China CDC NIDSS",https://nidss.cdc.gov.tw/Home/Index,open_data_csv,nidss_open_data,"Taiwan, China CDC NIDSS",https://nidss.cdc.gov.tw/Home/Index,open_data_csv,legacy_fallback,legacy_fallback,,legacy_identity_may_be_lossy,,0,
disease,D165,amebiasis,Amebiasis,TW,"Taiwan, China",D165,Amebiasis,阿米巴病,Parasitic,2014-01-01,2014-01,18,4.064516129032258,0,,missing_population,,2003-01-01,2026-07-01,2026-08-01T00:00:00+00:00,nidss_open_data,"Taiwan, China CDC NIDSS",https://nidss.cdc.gov.tw/Home/Index,open_data_csv,nidss_open_data,"Taiwan, China CDC NIDSS",https://nidss.cdc.gov.tw/Home/Index,open_data_csv,legacy_fallback,legacy_fallback,,legacy_identity_may_be_lossy,,0,
disease,D165,amebiasis,Amebiasis,TW,"Taiwan, China",D165,Amebiasis,阿米巴病,Parasitic,2014-02-01,2014-02,23,5.193548387096774,0,,missing_population,,2003-01-01,2026-07-01,2026-08-01T00:00:00+00:00,nidss_open_data,"Taiwan, China CDC NIDSS",https://nidss.cdc.gov.tw/Home/Index,open_data_csv,nidss_open_data,"Taiwan, China CDC NIDSS",https://nidss.cdc.gov.tw/Home/Index,open_data_csv,legacy_fallback,legacy_fallback,,legacy_identity_may_be_lossy,,0,
disease,D165,amebiasis,Amebiasis,TW,"Taiwan, China",D165,Amebiasis,阿米巴病,Parasitic,2014-03-01,2014-03,26,6.5,0,,missing_population,,2003-01-01,2026-07-01,2026-08-01T00:00:00+00:00,nidss_open_data,"Taiwan, China CDC NIDSS",https://nidss.cdc.gov.tw/Home/Index,open_data_csv,nidss_open_data,"Taiwan, China CDC NIDSS",https://nidss.cdc.gov.tw/Home/Index,open_data_csv,legacy_fallback,legacy_fallback,,legacy_identity_may_be_lossy,,0,
disease,D165,amebiasis,Amebiasis,TW,"Taiwan, China",D165,Amebiasis,阿米巴病,Parasitic,2014-04-01,2014-04,27,6.096774193548387,0,,missing_population,,2003-01-01,2026-07-01,2026-08-01T00:00:00+00:00,nidss_open_data,"Taiwan, China CDC NIDSS",https://nidss.cdc.gov.tw/Home/Index,open_data_csv,nidss_open_data,"Taiwan, China CDC NIDSS",https://nidss.cdc.gov.tw/Home/Index,open_data_csv,legacy_fallback,legacy_fallback,,legacy_identity_may_be_lossy,,0,
disease,D165,amebiasis,Amebiasis,TW,"Taiwan, China",D165,Amebiasis,阿米巴病,Parasitic,2014-05-01,2014-05,19,4.433333333333334,0,,missing_population,,2003-01-01,2026-07-01,2026-08-01T00:00:00+00:00,nidss_open_data,"Taiwan, China CDC NIDSS",https://nidss.cdc.gov.tw/Home/Index,open_data_csv,nidss_open_data,"Taiwan, China CDC NIDSS",https://nidss.cdc.gov.tw/Home/Index,open_data_csv,legacy_fallback,legacy_fallback,,legacy_identity_may_be_lossy,,0,
disease,D165,amebiasis,Amebiasis,TW,"Taiwan, China",D165,Amebiasis,阿米巴病,Parasitic,2014-06-01,2014-06,24,5.419354838709677,0,,missing_population,,2003-01-01,2026-07-01,2026-08-01T00:00:00+00:00,nidss_open_data,"Taiwan, China CDC NIDSS",https://nidss.cdc.gov.tw/Home/Index,open_data_csv,nidss_open_data,"Taiwan, China CDC NIDSS",https://nidss.cdc.gov.tw/Home/Index,open_data_csv,legacy_fallback,legacy_fallback,,legacy_identity_may_be_lossy,,0,
disease,D165,amebiasis,Amebiasis,TW,"Taiwan, China",D165,Amebiasis,阿米巴病,Parasitic,2014-07-01,2014-07,25,5.833333333333334,0,,missing_population,,2003-01-01,2026-07-01,2026-08-01T00:00:00+00:00,nidss_open_data,"Taiwan, China CDC NIDSS",https://nidss.cdc.gov.tw/Home/Index,open_data_csv,nidss_open_data,"Taiwan, China CDC NIDSS",https://nidss.cdc.gov.tw/Home/Index,open_data_csv,legacy_fallback,legacy_fallback,,legacy_identity_may_be_lossy,,0,
disease,D165,amebiasis,Amebiasis,TW,"Taiwan, China",D165,Amebiasis,阿米巴病,Parasitic,2014-08-01,2014-08,29,6.548387096774193,0,,missing_population,,2003-01-01,2026-07-01,2026-08-01T00:00:00+00:00,nidss_open_data,"Taiwan, China CDC NIDSS",https://nidss.cdc.gov.tw/Home/Index,open_data_csv,nidss_open_data,"Taiwan, China CDC NIDSS",https://nidss.cdc.gov.tw/Home/Index,open_data_csv,legacy_fallback,legacy_fallback,,legacy_identity_may_be_lossy,,0,
disease,D165,amebiasis,Amebiasis,TW,"Taiwan, China",D165,Amebiasis,阿米巴病,Parasitic,2014-09-01,2014-09,36,8.129032258064516,0,,missing_population,,2003-01-01,2026-07-01,2026-08-01T00:00:00+00:00,nidss_open_data,"Taiwan, China CDC NIDSS",https://nidss.cdc.gov.tw/Home/Index,open_data_csv,nidss_open_data,"Taiwan, China CDC NIDSS",https://nidss.cdc.gov.tw/Home/Index,open_data_csv,legacy_fallback,legacy_fallback,,legacy_identity_may_be_lossy,,0,
disease,D165,amebiasis,Amebiasis,TW,"Taiwan, China",D165,Amebiasis,阿米巴病,Parasitic,2014-10-01,2014-10,35,8.166666666666668,0,,missing_population,,2003-01-01,2026-07-01,2026-08-01T00:00:00+00:00,nidss_open_data,"Taiwan, China CDC NIDSS",https://nidss.cdc.gov.tw/Home/Index,open_data_csv,nidss_open_data,"Taiwan, China CDC NIDSS",https://nidss.cdc.gov.tw/Home/Index,open_data_csv,legacy_fallback,legacy_fallback,,legacy_identity_may_be_lossy,,0,
disease,D165,amebiasis,Amebiasis,TW,"Taiwan, China",D165,Amebiasis,阿米巴病,Parasitic,2014-11-01,2014-11,28,6.32258064516129,0,,missing_population,,2003-01-01,2026-07-01,2026-08-01T00:00:00+00:00,nidss_open_data,"Taiwan, China CDC NIDSS",https://nidss.cdc.gov.tw/Home/Index,open_data_csv,nidss_open_data,"Taiwan, China CDC NIDSS",https://nidss.cdc.gov.tw/Home/Index,open_data_csv,legacy_fallback,legacy_fallback,,legacy_identity_may_be_lossy,,0,
disease,D165,amebiasis,Amebiasis,TW,"Taiwan, China",D165,Amebiasis,阿米巴病,Parasitic,2014-12-01,2014-12,26,6.066666666666666,0,,missing_population,,2003-01-01,2026-07-01,2026-08-01T00:00:00+00:00,nidss_open_data,"Taiwan, China CDC NIDSS",https://nidss.cdc.gov.tw/Home/Index,open_data_csv,nidss_open_data,"Taiwan, China CDC NIDSS",https://nidss.cdc.gov.tw/Home/Index,open_data_csv,legacy_fallback,legacy_fallback,,legacy_identity_may_be_lossy,,0,
disease,D165,amebiasis,Amebiasis,TW,"Taiwan, China",D165,Amebiasis,阿米巴病,Parasitic,2015-01-01,2015-01,28,6.32258064516129,0,,missing_population,,2003-01-01,2026-07-01,2026-08-01T00:00:00+00:00,nidss_open_data,"Taiwan, China CDC NIDSS",https://nidss.cdc.gov.tw/Home/Index,open_data_csv,nidss_open_data,"Taiwan, China CDC NIDSS",https://nidss.cdc.gov.tw/Home/Index,open_data_csv,legacy_fallback,legacy_fallback,,legacy_identity_may_be_lossy,,0,
disease,D165,amebiasis,Amebiasis,TW,"Taiwan, China",D165,Amebiasis,阿米巴病,Parasitic,2015-02-01,2015-02,26,5.870967741935484,0,,missing_population,,2003-01-01,2026-07-01,2026-08-01T00:00:00+00:00,nidss_open_data,"Taiwan, China CDC NIDSS",https://nidss.cdc.gov.tw/Home/Index,open_data_csv,nidss_open_data,"Taiwan, China CDC NIDSS",https://nidss.cdc.gov.tw/Home/Index,open_data_csv,legacy_fallback,legacy_fallback,,legacy_identity_may_be_lossy,,0,
disease,D165,amebiasis,Amebiasis,TW,"Taiwan, China",D165,Amebiasis,阿米巴病,Parasitic,2015-03-01,2015-03,39,9.75,0,,missing_population,,2003-01-01,2026-07-01,2026-08-01T00:00:00+00:00,nidss_open_data,"Taiwan, China CDC NIDSS",https://nidss.cdc.gov.tw/Home/Index,open_data_csv,nidss_open_data,"Taiwan, China CDC NIDSS",https://nidss.cdc.gov.tw/Home/Index,open_data_csv,legacy_fallback,legacy_fallback,,legacy_identity_may_be_lossy,,0,
disease,D165,amebiasis,Amebiasis,TW,"Taiwan, China",D165,Amebiasis,阿米巴病,Parasitic,2015-04-01,2015-04,26,5.870967741935484,0,,missing_population,,2003-01-01,2026-07-01,2026-08-01T00:00:00+00:00,nidss_open_data,"Taiwan, China CDC NIDSS",https://nidss.cdc.gov.tw/Home/Index,open_data_csv,nidss_open_data,"Taiwan, China CDC NIDSS",https://nidss.cdc.gov.tw/Home/Index,open_data_csv,legacy_fallback,legacy_fallback,,legacy_identity_may_be_lossy,,0,
disease,D165,amebiasis,Amebiasis,TW,"Taiwan, China",D165,Amebiasis,阿米巴病,Parasitic,2015-05-01,2015-05,33,7.700000000000001,0,,missing_population,,2003-01-01,2026-07-01,2026-08-01T00:00:00+00:00,nidss_open_data,"Taiwan, China CDC NIDSS",https://nidss.cdc.gov.tw/Home/Index,open_data_csv,nidss_open_data,"Taiwan, China CDC NIDSS",https://nidss.cdc.gov.tw/Home/Index,open_data_csv,legacy_fallback,legacy_fallback,,legacy_identity_may_be_lossy,,0,
disease,D165,amebiasis,Amebiasis,TW,"Taiwan, China",D165,Amebiasis,阿米巴病,Parasitic,2015-06-01,2015-06,38,8.580645161290322,0,,missing_population,,2003-01-01,2026-07-01,2026-08-01T00:00:00+00:00,nidss_open_data,"Taiwan, China CDC NIDSS",https://nidss.cdc.gov.tw/Home/Index,open_data_csv,nidss_open_data,"Taiwan, China CDC NIDSS",https://nidss.cdc.gov.tw/Home/Index,open_data_csv,legacy_fallback,legacy_fallback,,legacy_identity_may_be_lossy,,0,
disease,D165,amebiasis,Amebiasis,TW,"Taiwan, China",D165,Amebiasis,阿米巴病,Parasitic,2015-07-01,2015-07,36,8.4,0,,missing_population,,2003-01-01,2026-07-01,2026-08-01T00:00:00+00:00,nidss_open_data,"Taiwan, China CDC NIDSS",https://nidss.cdc.gov.tw/Home/Index,open_data_csv,nidss_open_data,"Taiwan, China CDC NIDSS",https://nidss.cdc.gov.tw/Home/Index,open_data_csv,legacy_fallback,legacy_fallback,,legacy_identity_may_be_lossy,,0,
disease,D165,amebiasis,Amebiasis,TW,"Taiwan, China",D165,Amebiasis,阿米巴病,Parasitic,2015-08-01,2015-08,25,5.64516129032258,0,,missing_population,,2003-01-01,2026-07-01,2026-08-01T00:00:00+00:00,nidss_open_data,"Taiwan, China CDC NIDSS",https://nidss.cdc.gov.tw/Home/Index,open_data_csv,nidss_open_data,"Taiwan, China CDC NIDSS",https://nidss.cdc.gov.tw/Home/Index,open_data_csv,legacy_fallback,legacy_fallback,,legacy_identity_may_be_lossy,,0,
disease,D165,amebiasis,Amebiasis,TW,"Taiwan, China",D165,Amebiasis,阿米巴病,Parasitic,2015-09-01,2015-09,37,8.35483870967742,0,,missing_population,,2003-01-01,2026-07-01,2026-08-01T00:00:00+00:00,nidss_open_data,"Taiwan, China CDC NIDSS",https://nidss.cdc.gov.tw/Home/Index,open_data_csv,nidss_open_data,"Taiwan, China CDC NIDSS",https://nidss.cdc.gov.tw/Home/Index,open_data_csv,legacy_fallback,legacy_fallback,,legacy_identity_may_be_lossy,,0,
disease,D165,amebiasis,Amebiasis,TW,"Taiwan, China",D165,Amebiasis,阿米巴病,Parasitic,2015-10-01,2015-10,26,6.066666666666666,0,,missing_population,,2003-01-01,2026-07-01,2026-08-01T00:00:00+00:00,nidss_open_data,"Taiwan, China CDC NIDSS",https://nidss.cdc.gov.tw/Home/Index,open_data_csv,nidss_open_data,"Taiwan, China CDC NIDSS",https://nidss.cdc.gov.tw/Home/Index,open_data_csv,legacy_fallback,legacy_fallback,,legacy_identity_may_be_lossy,,0,
disease,D165,amebiasis,Amebiasis,TW,"Taiwan, China",D165,Amebiasis,阿米巴病,Parasitic,2015-11-01,2015-11,26,5.870967741935484,0,,missing_population,,2003-01-01,2026-07-01,2026-08-01T00:00:00+00:00,nidss_open_data,"Taiwan, China CDC NIDSS",https://nidss.cdc.gov.tw/Home/Index,open_data_csv,nidss_open_data,"Taiwan, China CDC NIDSS",https://nidss.cdc.gov.tw/Home/Index,open_data_csv,legacy_fallback,legacy_fallback,,legacy_identity_may_be_lossy,,0,
disease,D165,amebiasis,Amebiasis,TW,"Taiwan, China",D165,Amebiasis,阿米巴病,Parasitic,2015-12-01,2015-12,37,8.633333333333333,0,,missing_population,,2003-01-01,2026-07-01,2026-08-01T00:00:00+00:00,nidss_open_data,"Taiwan, China CDC NIDSS",https://nidss.cdc.gov.tw/Home/Index,open_data_csv,nidss_open_data,"Taiwan, China CDC NIDSS",https://nidss.cdc.gov.tw/Home/Index,open_data_csv,legacy_fallback,legacy_fallback,,legacy_identity_may_be_lossy,,0,
disease,D165,amebiasis,Amebiasis,TW,"Taiwan, China",D165,Amebiasis,阿米巴病,Parasitic,2016-01-01,2016-01,21,4.741935483870967,0,,missing_population,,2003-01-01,2026-07-01,2026-08-01T00:00:00+00:00,nidss_open_data,"Taiwan, China CDC NIDSS",https://nidss.cdc.gov.tw/Home/Index,open_data_csv,nidss_open_data,"Taiwan, China CDC NIDSS",https://nidss.cdc.gov.tw/Home/Index,open_data_csv,legacy_fallback,legacy_fallback,,legacy_identity_may_be_lossy,,0,
disease,D165,amebiasis,Amebiasis,TW,"Taiwan, China",D165,Amebiasis,阿米巴病,Parasitic,2016-02-01,2016-02,23,5.193548387096774,0,,missing_population,,2003-01-01,2026-07-01,2026-08-01T00:00:00+00:00,nidss_open_data,"Taiwan, China CDC NIDSS",https://nidss.cdc.gov.tw/Home/Index,open_data_csv,nidss_open_data,"Taiwan, China CDC NIDSS",https://nidss.cdc.gov.tw/Home/Index,open_data_csv,legacy_fallback,legacy_fallback,,legacy_identity_may_be_lossy,,0,
disease,D165,amebiasis,Amebiasis,TW,"Taiwan, China",D165,Amebiasis,阿米巴病,Parasitic,2016-03-01,2016-03,31,7.482758620689655,0,,missing_population,,2003-01-01,2026-07-01,2026-08-01T00:00:00+00:00,nidss_open_data,"Taiwan, China CDC NIDSS",https://nidss.cdc.gov.tw/Home/Index,open_data_csv,nidss_open_data,"Taiwan, China CDC NIDSS",https://nidss.cdc.gov.tw/Home/Index,open_data_csv,legacy_fallback,legacy_fallback,,legacy_identity_may_be_lossy,,0,
disease,D165,amebiasis,Amebiasis,TW,"Taiwan, China",D165,Amebiasis,阿米巴病,Parasitic,2016-04-01,2016-04,21,4.741935483870967,0,,missing_population,,2003-01-01,2026-07-01,2026-08-01T00:00:00+00:00,nidss_open_data,"Taiwan, China CDC NIDSS",https://nidss.cdc.gov.tw/Home/Index,open_data_csv,nidss_open_data,"Taiwan, China CDC NIDSS",https://nidss.cdc.gov.tw/Home/Index,open_data_csv,legacy_fallback,legacy_fallback,,legacy_identity_may_be_lossy,,0,
disease,D165,amebiasis,Amebiasis,TW,"Taiwan, China",D165,Amebiasis,阿米巴病,Parasitic,2016-05-01,2016-05,30,7.0,0,,missing_population,,2003-01-01,2026-07-01,2026-08-01T00:00:00+00:00,nidss_open_data,"Taiwan, China CDC NIDSS",https://nidss.cdc.gov.tw/Home/Index,open_data_csv,nidss_open_data,"Taiwan, China CDC NIDSS",https://nidss.cdc.gov.tw/Home/Index,open_data_csv,legacy_fallback,legacy_fallback,,legacy_identity_may_be_lossy,,0,
disease,D165,amebiasis,Amebiasis,TW,"Taiwan, China",D165,Amebiasis,阿米巴病,Parasitic,2016-06-01,2016-06,35,7.903225806451614,0,,missing_population,,2003-01-01,2026-07-01,2026-08-01T00:00:00+00:00,nidss_open_data,"Taiwan, China CDC NIDSS",https://nidss.cdc.gov.tw/Home/Index,open_data_csv,nidss_open_data,"Taiwan, China CDC NIDSS",https://nidss.cdc.gov.tw/Home/Index,open_data_csv,legacy_fallback,legacy_fallback,,legacy_identity_may_be_lossy,,0,
disease,D165,amebiasis,Amebiasis,TW,"Taiwan, China",D165,Amebiasis,阿米巴病,Parasitic,2016-07-01,2016-07,25,5.833333333333334,0,,missing_population,,2003-01-01,2026-07-01,2026-08-01T00:00:00+00:00,nidss_open_data,"Taiwan, China CDC NIDSS",https://nidss.cdc.gov.tw/Home/Index,open_data_csv,nidss_open_data,"Taiwan, China CDC NIDSS",https://nidss.cdc.gov.tw/Home/Index,open_data_csv,legacy_fallback,legacy_fallback,,legacy_identity_may_be_lossy,,0,
disease,D165,amebiasis,Amebiasis,TW,"Taiwan, China",D165,Amebiasis,阿米巴病,Parasitic,2016-08-01,2016-08,39,8.806451612903226,0,,missing_population,,2003-01-01,2026-07-01,2026-08-01T00:00:00+00:00,nidss_open_data,"Taiwan, China CDC NIDSS",https://nidss.cdc.gov.tw/Home/Index,open_data_csv,nidss_open_data,"Taiwan, China CDC NIDSS",https://nidss.cdc.gov.tw/Home/Index,open_data_csv,legacy_fallback,legacy_fallback,,legacy_identity_may_be_lossy,,0,
disease,D165,amebiasis,Amebiasis,TW,"Taiwan, China",D165,Amebiasis,阿米巴病,Parasitic,2016-09-01,2016-09,30,6.774193548387097,0,,missing_population,,2003-01-01,2026-07-01,2026-08-01T00:00:00+00:00,nidss_open_data,"Taiwan, China CDC NIDSS",https://nidss.cdc.gov.tw/Home/Index,open_data_csv,nidss_open_data,"Taiwan, China CDC NIDSS",https://nidss.cdc.gov.tw/Home/Index,open_data_csv,legacy_fallback,legacy_fallback,,legacy_identity_may_be_lossy,,0,
disease,D165,amebiasis,Amebiasis,TW,"Taiwan, China",D165,Amebiasis,阿米巴病,Parasitic,2016-10-01,2016-10,30,7.0,0,,missing_population,,2003-01-01,2026-07-01,2026-08-01T00:00:00+00:00,nidss_open_data,"Taiwan, China CDC NIDSS",https://nidss.cdc.gov.tw/Home/Index,open_data_csv,nidss_open_data,"Taiwan, China CDC NIDSS",https://nidss.cdc.gov.tw/Home/Index,open_data_csv,legacy_fallback,legacy_fallback,,legacy_identity_may_be_lossy,,0,
disease,D165,amebiasis,Amebiasis,TW,"Taiwan, China",D165,Amebiasis,阿米巴病,Parasitic,2016-11-01,2016-11,24,5.419354838709677,0,,missing_population,,2003-01-01,2026-07-01,2026-08-01T00:00:00+00:00,nidss_open_data,"Taiwan, China CDC NIDSS",https://nidss.cdc.gov.tw/Home/Index,open_data_csv,nidss_open_data,"Taiwan, China CDC NIDSS",https://nidss.cdc.gov.tw/Home/Index,open_data_csv,legacy_fallback,legacy_fallback,,legacy_identity_may_be_lossy,,0,
disease,D165,amebiasis,Amebiasis,TW,"Taiwan, China",D165,Amebiasis,阿米巴病,Parasitic,2016-12-01,2016-12,28,6.533333333333333,0,,missing_population,,2003-01-01,2026-07-01,2026-08-01T00:00:00+00:00,nidss_open_data,"Taiwan, China CDC NIDSS",https://nidss.cdc.gov.tw/Home/Index,open_data_csv,nidss_open_data,"Taiwan, China CDC NIDSS",https://nidss.cdc.gov.tw/Home/Index,open_data_csv,legacy_fallback,legacy_fallback,,legacy_identity_may_be_lossy,,0,
disease,D165,amebiasis,Amebiasis,TW,"Taiwan, China",D165,Amebiasis,阿米巴病,Parasitic,2017-01-01,2017-01,26,5.870967741935484,0,,missing_population,,2003-01-01,2026-07-01,2026-08-01T00:00:00+00:00,nidss_open_data,"Taiwan, China CDC NIDSS",https://nidss.cdc.gov.tw/Home/Index,open_data_csv,nidss_open_data,"Taiwan, China CDC NIDSS",https://nidss.cdc.gov.tw/Home/Index,open_data_csv,legacy_fallback,legacy_fallback,,legacy_identity_may_be_lossy,,0,
disease,D165,amebiasis,Amebiasis,TW,"Taiwan, China",D165,Amebiasis,阿米巴病,Parasitic,2017-02-01,2017-02,34,7.677419354838709,0,,missing_population,,2003-01-01,2026-07-01,2026-08-01T00:00:00+00:00,nidss_open_data,"Taiwan, China CDC NIDSS",https://nidss.cdc.gov.tw/Home/Index,open_data_csv,nidss_open_data,"Taiwan, China CDC NIDSS",https://nidss.cdc.gov.tw/Home/Index,open_data_csv,legacy_fallback,legacy_fallback,,legacy_identity_may_be_lossy,,0,
disease,D165,amebiasis,Amebiasis,TW,"Taiwan, China",D165,Amebiasis,阿米巴病,Parasitic,2017-03-01,2017-03,47,11.75,0,,missing_population,,2003-01-01,2026-07-01,2026-08-01T00:00:00+00:00,nidss_open_data,"Taiwan, China CDC NIDSS",https://nidss.cdc.gov.tw/Home/Index,open_data_csv,nidss_open_data,"Taiwan, China CDC NIDSS",https://nidss.cdc.gov.tw/Home/Index,open_data_csv,legacy_fallback,legacy_fallback,,legacy_identity_may_be_lossy,,0,
disease,D165,amebiasis,Amebiasis,TW,"Taiwan, China",D165,Amebiasis,阿米巴病,Parasitic,2017-04-01,2017-04,21,4.741935483870967,0,,missing_population,,2003-01-01,2026-07-01,2026-08-01T00:00:00+00:00,nidss_open_data,"Taiwan, China CDC NIDSS",https://nidss.cdc.gov.tw/Home/Index,open_data_csv,nidss_open_data,"Taiwan, China CDC NIDSS",https://nidss.cdc.gov.tw/Home/Index,open_data_csv,legacy_fallback,legacy_fallback,,legacy_identity_may_be_lossy,,0,
disease,D165,amebiasis,Amebiasis,TW,"Taiwan, China",D165,Amebiasis,阿米巴病,Parasitic,2017-05-01,2017-05,32,7.466666666666667,0,,missing_population,,2003-01-01,2026-07-01,2026-08-01T00:00:00+00:00,nidss_open_data,"Taiwan, China CDC NIDSS",https://nidss.cdc.gov.tw/Home/Index,open_data_csv,nidss_open_data,"Taiwan, China CDC NIDSS",https://nidss.cdc.gov.tw/Home/Index,open_data_csv,legacy_fallback,legacy_fallback,,legacy_identity_may_be_lossy,,0,
disease,D165,amebiasis,Amebiasis,TW,"Taiwan, China",D165,Amebiasis,阿米巴病,Parasitic,2017-06-01,2017-06,33,7.451612903225806,0,,missing_population,,2003-01-01,2026-07-01,2026-08-01T00:00:00+00:00,nidss_open_data,"Taiwan, China CDC NIDSS",https://nidss.cdc.gov.tw/Home/Index,open_data_csv,nidss_open_data,"Taiwan, China CDC NIDSS",https://nidss.cdc.gov.tw/Home/Index,open_data_csv,legacy_fallback,legacy_fallback,,legacy_identity_may_be_lossy,,0,
disease,D165,amebiasis,Amebiasis,TW,"Taiwan, China",D165,Amebiasis,阿米巴病,Parasitic,2017-07-01,2017-07,34,7.933333333333334,0,,missing_population,,2003-01-01,2026-07-01,2026-08-01T00:00:00+00:00,nidss_open_data,"Taiwan, China CDC NIDSS",https://nidss.cdc.gov.tw/Home/Index,open_data_csv,nidss_open_data,"Taiwan, China CDC NIDSS",https://nidss.cdc.gov.tw/Home/Index,open_data_csv,legacy_fallback,legacy_fallback,,legacy_identity_may_be_lossy,,0,
disease,D165,amebiasis,Amebiasis,TW,"Taiwan, China",D165,Amebiasis,阿米巴病,Parasitic,2017-08-01,2017-08,41,9.258064516129032,0,,missing_population,,2003-01-01,2026-07-01,2026-08-01T00:00:00+00:00,nidss_open_data,"Taiwan, China CDC NIDSS",https://nidss.cdc.gov.tw/Home/Index,open_data_csv,nidss_open_data,"Taiwan, China CDC NIDSS",https://nidss.cdc.gov.tw/Home/Index,open_data_csv,legacy_fallback,legacy_fallback,,legacy_identity_may_be_lossy,,0,
disease,D165,amebiasis,Amebiasis,TW,"Taiwan, China",D165,Amebiasis,阿米巴病,Parasitic,2017-09-01,2017-09,31,7.0,0,,missing_population,,2003-01-01,2026-07-01,2026-08-01T00:00:00+00:00,nidss_open_data,"Taiwan, China CDC NIDSS",https://nidss.cdc.gov.tw/Home/Index,open_data_csv,nidss_open_data,"Taiwan, China CDC NIDSS",https://nidss.cdc.gov.tw/Home/Index,open_data_csv,legacy_fallback,legacy_fallback,,legacy_identity_may_be_lossy,,0,
disease,D165,amebiasis,Amebiasis,TW,"Taiwan, China",D165,Amebiasis,阿米巴病,Parasitic,2017-10-01,2017-10,26,6.066666666666666,0,,missing_population,,2003-01-01,2026-07-01,2026-08-01T00:00:00+00:00,nidss_open_data,"Taiwan, China CDC NIDSS",https://nidss.cdc.gov.tw/Home/Index,open_data_csv,nidss_open_data,"Taiwan, China CDC NIDSS",https://nidss.cdc.gov.tw/Home/Index,open_data_csv,legacy_fallback,legacy_fallback,,legacy_identity_may_be_lossy,,0,
disease,D165,amebiasis,Amebiasis,TW,"Taiwan, China",D165,Amebiasis,阿米巴病,Parasitic,2017-11-01,2017-11,37,8.35483870967742,0,,missing_population,,2003-01-01,2026-07-01,2026-08-01T00:00:00+00:00,nidss_open_data,"Taiwan, China CDC NIDSS",https://nidss.cdc.gov.tw/Home/Index,open_data_csv,nidss_open_data,"Taiwan, China CDC NIDSS",https://nidss.cdc.gov.tw/Home/Index,open_data_csv,legacy_fallback,legacy_fallback,,legacy_identity_may_be_lossy,,0,
disease,D165,amebiasis,Amebiasis,TW,"Taiwan, China",D165,Amebiasis,阿米巴病,Parasitic,2017-12-01,2017-12,43,10.033333333333333,0,,missing_population,,2003-01-01,2026-07-01,2026-08-01T00:00:00+00:00,nidss_open_data,"Taiwan, China CDC NIDSS",https://nidss.cdc.gov.tw/Home/Index,open_data_csv,nidss_open_data,"Taiwan, China CDC NIDSS",https://nidss.cdc.gov.tw/Home/Index,open_data_csv,legacy_fallback,legacy_fallback,,legacy_identity_may_be_lossy,,0,
disease,D165,amebiasis,Amebiasis,TW,"Taiwan, China",D165,Amebiasis,阿米巴病,Parasitic,2018-01-01,2018-01,22,4.967741935483871,0,,missing_population,,2003-01-01,2026-07-01,2026-08-01T00:00:00+00:00,nidss_open_data,"Taiwan, China CDC NIDSS",https://nidss.cdc.gov.tw/Home/Index,open_data_csv,nidss_open_data,"Taiwan, China CDC NIDSS",https://nidss.cdc.gov.tw/Home/Index,open_data_csv,legacy_fallback,legacy_fallback,,legacy_identity_may_be_lossy,,0,
disease,D165,amebiasis,Amebiasis,TW,"Taiwan, China",D165,Amebiasis,阿米巴病,Parasitic,2018-02-01,2018-02,18,4.064516129032258,0,,missing_population,,2003-01-01,2026-07-01,2026-08-01T00:00:00+00:00,nidss_open_data,"Taiwan, China CDC NIDSS",https://nidss.cdc.gov.tw/Home/Index,open_data_csv,nidss_open_data,"Taiwan, China CDC NIDSS",https://nidss.cdc.gov.tw/Home/Index,open_data_csv,legacy_fallback,legacy_fallback,,legacy_identity_may_be_lossy,,0,
disease,D165,amebiasis,Amebiasis,TW,"Taiwan, China",D165,Amebiasis,阿米巴病,Parasitic,2018-03-01,2018-03,33,8.25,0,,missing_population,,2003-01-01,2026-07-01,2026-08-01T00:00:00+00:00,nidss_open_data,"Taiwan, China CDC NIDSS",https://nidss.cdc.gov.tw/Home/Index,open_data_csv,nidss_open_data,"Taiwan, China CDC NIDSS",https://nidss.cdc.gov.tw/Home/Index,open_data_csv,legacy_fallback,legacy_fallback,,legacy_identity_may_be_lossy,,0,
disease,D165,amebiasis,Amebiasis,TW,"Taiwan, China",D165,Amebiasis,阿米巴病,Parasitic,2018-04-01,2018-04,35,7.903225806451614,0,,missing_population,,2003-01-01,2026-07-01,2026-08-01T00:00:00+00:00,nidss_open_data,"Taiwan, China CDC NIDSS",https://nidss.cdc.gov.tw/Home/Index,open_data_csv,nidss_open_data,"Taiwan, China CDC NIDSS",https://nidss.cdc.gov.tw/Home/Index,open_data_csv,legacy_fallback,legacy_fallback,,legacy_identity_may_be_lossy,,0,
disease,D165,amebiasis,Amebiasis,TW,"Taiwan, China",D165,Amebiasis,阿米巴病,Parasitic,2018-05-01,2018-05,25,5.833333333333334,0,,missing_population,,2003-01-01,2026-07-01,2026-08-01T00:00:00+00:00,nidss_open_data,"Taiwan, China CDC NIDSS",https://nidss.cdc.gov.tw/Home/Index,open_data_csv,nidss_open_data,"Taiwan, China CDC NIDSS",https://nidss.cdc.gov.tw/Home/Index,open_data_csv,legacy_fallback,legacy_fallback,,legacy_identity_may_be_lossy,,0,
disease,D165,amebiasis,Amebiasis,TW,"Taiwan, China",D165,Amebiasis,阿米巴病,Parasitic,2018-06-01,2018-06,22,4.967741935483871,0,,missing_population,,2003-01-01,2026-07-01,2026-08-01T00:00:00+00:00,nidss_open_data,"Taiwan, China CDC NIDSS",https://nidss.cdc.gov.tw/Home/Index,open_data_csv,nidss_open_data,"Taiwan, China CDC NIDSS",https://nidss.cdc.gov.tw/Home/Index,open_data_csv,legacy_fallback,legacy_fallback,,legacy_identity_may_be_lossy,,0,
disease,D165,amebiasis,Amebiasis,TW,"Taiwan, China",D165,Amebiasis,阿米巴病,Parasitic,2018-07-01,2018-07,17,3.966666666666667,0,,missing_population,,2003-01-01,2026-07-01,2026-08-01T00:00:00+00:00,nidss_open_data,"Taiwan, China CDC NIDSS",https://nidss.cdc.gov.tw/Home/Index,open_data_csv,nidss_open_data,"Taiwan, China CDC NIDSS",https://nidss.cdc.gov.tw/Home/Index,open_data_csv,legacy_fallback,legacy_fallback,,legacy_identity_may_be_lossy,,0,
disease,D165,amebiasis,Amebiasis,TW,"Taiwan, China",D165,Amebiasis,阿米巴病,Parasitic,2018-08-01,2018-08,47,10.612903225806452,0,,missing_population,,2003-01-01,2026-07-01,2026-08-01T00:00:00+00:00,nidss_open_data,"Taiwan, China CDC NIDSS",https://nidss.cdc.gov.tw/Home/Index,open_data_csv,nidss_open_data,"Taiwan, China CDC NIDSS",https://nidss.cdc.gov.tw/Home/Index,open_data_csv,legacy_fallback,legacy_fallback,,legacy_identity_may_be_lossy,,0,
disease,D165,amebiasis,Amebiasis,TW,"Taiwan, China",D165,Amebiasis,阿米巴病,Parasitic,2018-09-01,2018-09,33,7.451612903225806,0,,missing_population,,2003-01-01,2026-07-01,2026-08-01T00:00:00+00:00,nidss_open_data,"Taiwan, China CDC NIDSS",https://nidss.cdc.gov.tw/Home/Index,open_data_csv,nidss_open_data,"Taiwan, China CDC NIDSS",https://nidss.cdc.gov.tw/Home/Index,open_data_csv,legacy_fallback,legacy_fallback,,legacy_identity_may_be_lossy,,0,
disease,D165,amebiasis,Amebiasis,TW,"Taiwan, China",D165,Amebiasis,阿米巴病,Parasitic,2018-10-01,2018-10,35,8.166666666666668,0,,missing_population,,2003-01-01,2026-07-01,2026-08-01T00:00:00+00:00,nidss_open_data,"Taiwan, China CDC NIDSS",https://nidss.cdc.gov.tw/Home/Index,open_data_csv,nidss_open_data,"Taiwan, China CDC NIDSS",https://nidss.cdc.gov.tw/Home/Index,open_data_csv,legacy_fallback,legacy_fallback,,legacy_identity_may_be_lossy,,0,
disease,D165,amebiasis,Amebiasis,TW,"Taiwan, China",D165,Amebiasis,阿米巴病,Parasitic,2018-11-01,2018-11,46,10.387096774193548,0,,missing_population,,2003-01-01,2026-07-01,2026-08-01T00:00:00+00:00,nidss_open_data,"Taiwan, China CDC NIDSS",https://nidss.cdc.gov.tw/Home/Index,open_data_csv,nidss_open_data,"Taiwan, China CDC NIDSS",https://nidss.cdc.gov.tw/Home/Index,open_data_csv,legacy_fallback,legacy_fallback,,legacy_identity_may_be_lossy,,0,
disease,D165,amebiasis,Amebiasis,TW,"Taiwan, China",D165,Amebiasis,阿米巴病,Parasitic,2018-12-01,2018-12,30,7.0,0,,missing_population,,2003-01-01,2026-07-01,2026-08-01T00:00:00+00:00,nidss_open_data,"Taiwan, China CDC NIDSS",https://nidss.cdc.gov.tw/Home/Index,open_data_csv,nidss_open_data,"Taiwan, China CDC NIDSS",https://nidss.cdc.gov.tw/Home/Index,open_data_csv,legacy_fallback,legacy_fallback,,legacy_identity_may_be_lossy,,0,
disease,D165,amebiasis,Amebiasis,TW,"Taiwan, China",D165,Amebiasis,阿米巴病,Parasitic,2019-01-01,2019-01,37,8.35483870967742,0,,missing_population,,2003-01-01,2026-07-01,2026-08-01T00:00:00+00:00,nidss_open_data,"Taiwan, China CDC NIDSS",https://nidss.cdc.gov.tw/Home/Index,open_data_csv,nidss_open_data,"Taiwan, China CDC NIDSS",https://nidss.cdc.gov.tw/Home/Index,open_data_csv,legacy_fallback,legacy_fallback,,legacy_identity_may_be_lossy,,0,
disease,D165,amebiasis,Amebiasis,TW,"Taiwan, China",D165,Amebiasis,阿米巴病,Parasitic,2019-02-01,2019-02,32,7.225806451612903,0,,missing_population,,2003-01-01,2026-07-01,2026-08-01T00:00:00+00:00,nidss_open_data,"Taiwan, China CDC NIDSS",https://nidss.cdc.gov.tw/Home/Index,open_data_csv,nidss_open_data,"Taiwan, China CDC NIDSS",https://nidss.cdc.gov.tw/Home/Index,open_data_csv,legacy_fallback,legacy_fallback,,legacy_identity_may_be_lossy,,0,
disease,D165,amebiasis,Amebiasis,TW,"Taiwan, China",D165,Amebiasis,阿米巴病,Parasitic,2019-03-01,2019-03,31,7.75,0,,missing_population,,2003-01-01,2026-07-01,2026-08-01T00:00:00+00:00,nidss_open_data,"Taiwan, China CDC NIDSS",https://nidss.cdc.gov.tw/Home/Index,open_data_csv,nidss_open_data,"Taiwan, China CDC NIDSS",https://nidss.cdc.gov.tw/Home/Index,open_data_csv,legacy_fallback,legacy_fallback,,legacy_identity_may_be_lossy,,0,
disease,D165,amebiasis,Amebiasis,TW,"Taiwan, China",D165,Amebiasis,阿米巴病,Parasitic,2019-04-01,2019-04,30,6.774193548387097,0,,missing_population,,2003-01-01,2026-07-01,2026-08-01T00:00:00+00:00,nidss_open_data,"Taiwan, China CDC NIDSS",https://nidss.cdc.gov.tw/Home/Index,open_data_csv,nidss_open_data,"Taiwan, China CDC NIDSS",https://nidss.cdc.gov.tw/Home/Index,open_data_csv,legacy_fallback,legacy_fallback,,legacy_identity_may_be_lossy,,0,
disease,D165,amebiasis,Amebiasis,TW,"Taiwan, China",D165,Amebiasis,阿米巴病,Parasitic,2019-05-01,2019-05,45,10.5,0,,missing_population,,2003-01-01,2026-07-01,2026-08-01T00:00:00+00:00,nidss_open_data,"Taiwan, China CDC NIDSS",https://nidss.cdc.gov.tw/Home/Index,open_data_csv,nidss_open_data,"Taiwan, China CDC NIDSS",https://nidss.cdc.gov.tw/Home/Index,open_data_csv,legacy_fallback,legacy_fallback,,legacy_identity_may_be_lossy,,0,
disease,D165,amebiasis,Amebiasis,TW,"Taiwan, China",D165,Amebiasis,阿米巴病,Parasitic,2019-06-01,2019-06,34,7.677419354838709,0,,missing_population,,2003-01-01,2026-07-01,2026-08-01T00:00:00+00:00,nidss_open_data,"Taiwan, China CDC NIDSS",https://nidss.cdc.gov.tw/Home/Index,open_data_csv,nidss_open_data,"Taiwan, China CDC NIDSS",https://nidss.cdc.gov.tw/Home/Index,open_data_csv,legacy_fallback,legacy_fallback,,legacy_identity_may_be_lossy,,0,
disease,D165,amebiasis,Amebiasis,TW,"Taiwan, China",D165,Amebiasis,阿米巴病,Parasitic,2019-07-01,2019-07,31,7.233333333333334,0,,missing_population,,2003-01-01,2026-07-01,2026-08-01T00:00:00+00:00,nidss_open_data,"Taiwan, China CDC NIDSS",https://nidss.cdc.gov.tw/Home/Index,open_data_csv,nidss_open_data,"Taiwan, China CDC NIDSS",https://nidss.cdc.gov.tw/Home/Index,open_data_csv,legacy_fallback,legacy_fallback,,legacy_identity_may_be_lossy,,0,
disease,D165,amebiasis,Amebiasis,TW,"Taiwan, China",D165,Amebiasis,阿米巴病,Parasitic,2019-08-01,2019-08,25,5.64516129032258,0,,missing_population,,2003-01-01,2026-07-01,2026-08-01T00:00:00+00:00,nidss_open_data,"Taiwan, China CDC NIDSS",https://nidss.cdc.gov.tw/Home/Index,open_data_csv,nidss_open_data,"Taiwan, China CDC NIDSS",https://nidss.cdc.gov.tw/Home/Index,open_data_csv,legacy_fallback,legacy_fallback,,legacy_identity_may_be_lossy,,0,
disease,D165,amebiasis,Amebiasis,TW,"Taiwan, China",D165,Amebiasis,阿米巴病,Parasitic,2019-09-01,2019-09,36,8.129032258064516,0,,missing_population,,2003-01-01,2026-07-01,2026-08-01T00:00:00+00:00,nidss_open_data,"Taiwan, China CDC NIDSS",https://nidss.cdc.gov.tw/Home/Index,open_data_csv,nidss_open_data,"Taiwan, China CDC NIDSS",https://nidss.cdc.gov.tw/Home/Index,open_data_csv,legacy_fallback,legacy_fallback,,legacy_identity_may_be_lossy,,0,
disease,D165,amebiasis,Amebiasis,TW,"Taiwan, China",D165,Amebiasis,阿米巴病,Parasitic,2019-10-01,2019-10,39,9.1,0,,missing_population,,2003-01-01,2026-07-01,2026-08-01T00:00:00+00:00,nidss_open_data,"Taiwan, China CDC NIDSS",https://nidss.cdc.gov.tw/Home/Index,open_data_csv,nidss_open_data,"Taiwan, China CDC NIDSS",https://nidss.cdc.gov.tw/Home/Index,open_data_csv,legacy_fallback,legacy_fallback,,legacy_identity_may_be_lossy,,0,
disease,D165,amebiasis,Amebiasis,TW,"Taiwan, China",D165,Amebiasis,阿米巴病,Parasitic,2019-11-01,2019-11,31,7.0,0,,missing_population,,2003-01-01,2026-07-01,2026-08-01T00:00:00+00:00,nidss_open_data,"Taiwan, China CDC NIDSS",https://nidss.cdc.gov.tw/Home/Index,open_data_csv,nidss_open_data,"Taiwan, China CDC NIDSS",https://nidss.cdc.gov.tw/Home/Index,open_data_csv,legacy_fallback,legacy_fallback,,legacy_identity_may_be_lossy,,0,
disease,D165,amebiasis,Amebiasis,TW,"Taiwan, China",D165,Amebiasis,阿米巴病,Parasitic,2019-12-01,2019-12,30,7.0,0,,missing_population,,2003-01-01,2026-07-01,2026-08-01T00:00:00+00:00,nidss_open_data,"Taiwan, China CDC NIDSS",https://nidss.cdc.gov.tw/Home/Index,open_data_csv,nidss_open_data,"Taiwan, China CDC NIDSS",https://nidss.cdc.gov.tw/Home/Index,open_data_csv,legacy_fallback,legacy_fallback,,legacy_identity_may_be_lossy,,0,
disease,D165,amebiasis,Amebiasis,TW,"Taiwan, China",D165,Amebiasis,阿米巴病,Parasitic,2020-01-01,2020-01,15,3.3870967741935485,0,,missing_population,,2003-01-01,2026-07-01,2026-08-01T00:00:00+00:00,nidss_open_data,"Taiwan, China CDC NIDSS",https://nidss.cdc.gov.tw/Home/Index,open_data_csv,nidss_open_data,"Taiwan, China CDC NIDSS",https://nidss.cdc.gov.tw/Home/Index,open_data_csv,legacy_fallback,legacy_fallback,,legacy_identity_may_be_lossy,,0,
disease,D165,amebiasis,Amebiasis,TW,"Taiwan, China",D165,Amebiasis,阿米巴病,Parasitic,2020-02-01,2020-02,22,4.967741935483871,0,,missing_population,,2003-01-01,2026-07-01,2026-08-01T00:00:00+00:00,nidss_open_data,"Taiwan, China CDC NIDSS",https://nidss.cdc.gov.tw/Home/Index,open_data_csv,nidss_open_data,"Taiwan, China CDC NIDSS",https://nidss.cdc.gov.tw/Home/Index,open_data_csv,legacy_fallback,legacy_fallback,,legacy_identity_may_be_lossy,,0,
disease,D165,amebiasis,Amebiasis,TW,"Taiwan, China",D165,Amebiasis,阿米巴病,Parasitic,2020-03-01,2020-03,26,6.275862068965518,0,,missing_population,,2003-01-01,2026-07-01,2026-08-01T00:00:00+00:00,nidss_open_data,"Taiwan, China CDC NIDSS",https://nidss.cdc.gov.tw/Home/Index,open_data_csv,nidss_open_data,"Taiwan, China CDC NIDSS",https://nidss.cdc.gov.tw/Home/Index,open_data_csv,legacy_fallback,legacy_fallback,,legacy_identity_may_be_lossy,,0,
disease,D165,amebiasis,Amebiasis,TW,"Taiwan, China",D165,Amebiasis,阿米巴病,Parasitic,2020-04-01,2020-04,18,4.064516129032258,0,,missing_population,,2003-01-01,2026-07-01,2026-08-01T00:00:00+00:00,nidss_open_data,"Taiwan, China CDC NIDSS",https://nidss.cdc.gov.tw/Home/Index,open_data_csv,nidss_open_data,"Taiwan, China CDC NIDSS",https://nidss.cdc.gov.tw/Home/Index,open_data_csv,legacy_fallback,legacy_fallback,,legacy_identity_may_be_lossy,,0,
disease,D165,amebiasis,Amebiasis,TW,"Taiwan, China",D165,Amebiasis,阿米巴病,Parasitic,2020-05-01,2020-05,23,5.366666666666667,0,,missing_population,,2003-01-01,2026-07-01,2026-08-01T00:00:00+00:00,nidss_open_data,"Taiwan, China CDC NIDSS",https://nidss.cdc.gov.tw/Home/Index,open_data_csv,nidss_open_data,"Taiwan, China CDC NIDSS",https://nidss.cdc.gov.tw/Home/Index,open_data_csv,legacy_fallback,legacy_fallback,,legacy_identity_may_be_lossy,,0,
disease,D165,amebiasis,Amebiasis,TW,"Taiwan, China",D165,Amebiasis,阿米巴病,Parasitic,2020-06-01,2020-06,14,3.161290322580645,0,,missing_population,,2003-01-01,2026-07-01,2026-08-01T00:00:00+00:00,nidss_open_data,"Taiwan, China CDC NIDSS",https://nidss.cdc.gov.tw/Home/Index,open_data_csv,nidss_open_data,"Taiwan, China CDC NIDSS",https://nidss.cdc.gov.tw/Home/Index,open_data_csv,legacy_fallback,legacy_fallback,,legacy_identity_may_be_lossy,,0,
disease,D165,amebiasis,Amebiasis,TW,"Taiwan, China",D165,Amebiasis,阿米巴病,Parasitic,2020-07-01,2020-07,29,6.766666666666667,0,,missing_population,,2003-01-01,2026-07-01,2026-08-01T00:00:00+00:00,nidss_open_data,"Taiwan, China CDC NIDSS",https://nidss.cdc.gov.tw/Home/Index,open_data_csv,nidss_open_data,"Taiwan, China CDC NIDSS",https://nidss.cdc.gov.tw/Home/Index,open_data_csv,legacy_fallback,legacy_fallback,,legacy_identity_may_be_lossy,,0,
disease,D165,amebiasis,Amebiasis,TW,"Taiwan, China",D165,Amebiasis,阿米巴病,Parasitic,2020-08-01,2020-08,22,4.967741935483871,0,,missing_population,,2003-01-01,2026-07-01,2026-08-01T00:00:00+00:00,nidss_open_data,"Taiwan, China CDC NIDSS",https://nidss.cdc.gov.tw/Home/Index,open_data_csv,nidss_open_data,"Taiwan, China CDC NIDSS",https://nidss.cdc.gov.tw/Home/Index,open_data_csv,legacy_fallback,legacy_fallback,,legacy_identity_may_be_lossy,,0,
disease,D165,amebiasis,Amebiasis,TW,"Taiwan, China",D165,Amebiasis,阿米巴病,Parasitic,2020-09-01,2020-09,32,7.225806451612903,0,,missing_population,,2003-01-01,2026-07-01,2026-08-01T00:00:00+00:00,nidss_open_data,"Taiwan, China CDC NIDSS",https://nidss.cdc.gov.tw/Home/Index,open_data_csv,nidss_open_data,"Taiwan, China CDC NIDSS",https://nidss.cdc.gov.tw/Home/Index,open_data_csv,legacy_fallback,legacy_fallback,,legacy_identity_may_be_lossy,,0,
disease,D165,amebiasis,Amebiasis,TW,"Taiwan, China",D165,Amebiasis,阿米巴病,Parasitic,2020-10-01,2020-10,19,4.433333333333334,0,,missing_population,,2003-01-01,2026-07-01,2026-08-01T00:00:00+00:00,nidss_open_data,"Taiwan, China CDC NIDSS",https://nidss.cdc.gov.tw/Home/Index,open_data_csv,nidss_open_data,"Taiwan, China CDC NIDSS",https://nidss.cdc.gov.tw/Home/Index,open_data_csv,legacy_fallback,legacy_fallback,,legacy_identity_may_be_lossy,,0,
disease,D165,amebiasis,Amebiasis,TW,"Taiwan, China",D165,Amebiasis,阿米巴病,Parasitic,2020-11-01,2020-11,22,4.967741935483871,0,,missing_population,,2003-01-01,2026-07-01,2026-08-01T00:00:00+00:00,nidss_open_data,"Taiwan, China CDC NIDSS",https://nidss.cdc.gov.tw/Home/Index,open_data_csv,nidss_open_data,"Taiwan, China CDC NIDSS",https://nidss.cdc.gov.tw/Home/Index,open_data_csv,legacy_fallback,legacy_fallback,,legacy_identity_may_be_lossy,,0,
disease,D165,amebiasis,Amebiasis,TW,"Taiwan, China",D165,Amebiasis,阿米巴病,Parasitic,2020-12-01,2020-12,24,5.6000000000000005,0,,missing_population,,2003-01-01,2026-07-01,2026-08-01T00:00:00+00:00,nidss_open_data,"Taiwan, China CDC NIDSS",https://nidss.cdc.gov.tw/Home/Index,open_data_csv,nidss_open_data,"Taiwan, China CDC NIDSS",https://nidss.cdc.gov.tw/Home/Index,open_data_csv,legacy_fallback,legacy_fallback,,legacy_identity_may_be_lossy,,0,
disease,D165,amebiasis,Amebiasis,TW,"Taiwan, China",D165,Amebiasis,阿米巴病,Parasitic,2021-01-01,2021-01,12,2.7096774193548385,0,,missing_population,,2003-01-01,2026-07-01,2026-08-01T00:00:00+00:00,nidss_open_data,"Taiwan, China CDC NIDSS",https://nidss.cdc.gov.tw/Home/Index,open_data_csv,nidss_open_data,"Taiwan, China CDC NIDSS",https://nidss.cdc.gov.tw/Home/Index,open_data_csv,legacy_fallback,legacy_fallback,,legacy_identity_may_be_lossy,,0,
disease,D165,amebiasis,Amebiasis,TW,"Taiwan, China",D165,Amebiasis,阿米巴病,Parasitic,2021-02-01,2021-02,14,3.161290322580645,0,,missing_population,,2003-01-01,2026-07-01,2026-08-01T00:00:00+00:00,nidss_open_data,"Taiwan, China CDC NIDSS",https://nidss.cdc.gov.tw/Home/Index,open_data_csv,nidss_open_data,"Taiwan, China CDC NIDSS",https://nidss.cdc.gov.tw/Home/Index,open_data_csv,legacy_fallback,legacy_fallback,,legacy_identity_may_be_lossy,,0,
disease,D165,amebiasis,Amebiasis,TW,"Taiwan, China",D165,Amebiasis,阿米巴病,Parasitic,2021-03-01,2021-03,27,6.75,0,,missing_population,,2003-01-01,2026-07-01,2026-08-01T00:00:00+00:00,nidss_open_data,"Taiwan, China CDC NIDSS",https://nidss.cdc.gov.tw/Home/Index,open_data_csv,nidss_open_data,"Taiwan, China CDC NIDSS",https://nidss.cdc.gov.tw/Home/Index,open_data_csv,legacy_fallback,legacy_fallback,,legacy_identity_may_be_lossy,,0,
disease,D165,amebiasis,Amebiasis,TW,"Taiwan, China",D165,Amebiasis,阿米巴病,Parasitic,2021-04-01,2021-04,25,5.64516129032258,0,,missing_population,,2003-01-01,2026-07-01,2026-08-01T00:00:00+00:00,nidss_open_data,"Taiwan, China CDC NIDSS",https://nidss.cdc.gov.tw/Home/Index,open_data_csv,nidss_open_data,"Taiwan, China CDC NIDSS",https://nidss.cdc.gov.tw/Home/Index,open_data_csv,legacy_fallback,legacy_fallback,,legacy_identity_may_be_lossy,,0,
disease,D165,amebiasis,Amebiasis,TW,"Taiwan, China",D165,Amebiasis,阿米巴病,Parasitic,2021-05-01,2021-05,17,3.966666666666667,0,,missing_population,,2003-01-01,2026-07-01,2026-08-01T00:00:00+00:00,nidss_open_data,"Taiwan, China CDC NIDSS",https://nidss.cdc.gov.tw/Home/Index,open_data_csv,nidss_open_data,"Taiwan, China CDC NIDSS",https://nidss.cdc.gov.tw/Home/Index,open_data_csv,legacy_fallback,legacy_fallback,,legacy_identity_may_be_lossy,,0,
disease,D165,amebiasis,Amebiasis,TW,"Taiwan, China",D165,Amebiasis,阿米巴病,Parasitic,2021-06-01,2021-06,10,2.258064516129032,0,,missing_population,,2003-01-01,2026-07-01,2026-08-01T00:00:00+00:00,nidss_open_data,"Taiwan, China CDC NIDSS",https://nidss.cdc.gov.tw/Home/Index,open_data_csv,nidss_open_data,"Taiwan, China CDC NIDSS",https://nidss.cdc.gov.tw/Home/Index,open_data_csv,legacy_fallback,legacy_fallback,,legacy_identity_may_be_lossy,,0,
disease,D165,amebiasis,Amebiasis,TW,"Taiwan, China",D165,Amebiasis,阿米巴病,Parasitic,2021-07-01,2021-07,18,4.2,0,,missing_population,,2003-01-01,2026-07-01,2026-08-01T00:00:00+00:00,nidss_open_data,"Taiwan, China CDC NIDSS",https://nidss.cdc.gov.tw/Home/Index,open_data_csv,nidss_open_data,"Taiwan, China CDC NIDSS",https://nidss.cdc.gov.tw/Home/Index,open_data_csv,legacy_fallback,legacy_fallback,,legacy_identity_may_be_lossy,,0,
disease,D165,amebiasis,Amebiasis,TW,"Taiwan, China",D165,Amebiasis,阿米巴病,Parasitic,2021-08-01,2021-08,22,4.967741935483871,0,,missing_population,,2003-01-01,2026-07-01,2026-08-01T00:00:00+00:00,nidss_open_data,"Taiwan, China CDC NIDSS",https://nidss.cdc.gov.tw/Home/Index,open_data_csv,nidss_open_data,"Taiwan, China CDC NIDSS",https://nidss.cdc.gov.tw/Home/Index,open_data_csv,legacy_fallback,legacy_fallback,,legacy_identity_may_be_lossy,,0,
disease,D165,amebiasis,Amebiasis,TW,"Taiwan, China",D165,Amebiasis,阿米巴病,Parasitic,2021-09-01,2021-09,18,4.064516129032258,0,,missing_population,,2003-01-01,2026-07-01,2026-08-01T00:00:00+00:00,nidss_open_data,"Taiwan, China CDC NIDSS",https://nidss.cdc.gov.tw/Home/Index,open_data_csv,nidss_open_data,"Taiwan, China CDC NIDSS",https://nidss.cdc.gov.tw/Home/Index,open_data_csv,legacy_fallback,legacy_fallback,,legacy_identity_may_be_lossy,,0,
disease,D165,amebiasis,Amebiasis,TW,"Taiwan, China",D165,Amebiasis,阿米巴病,Parasitic,2021-10-01,2021-10,17,3.966666666666667,0,,missing_population,,2003-01-01,2026-07-01,2026-08-01T00:00:00+00:00,nidss_open_data,"Taiwan, China CDC NIDSS",https://nidss.cdc.gov.tw/Home/Index,open_data_csv,nidss_open_data,"Taiwan, China CDC NIDSS",https://nidss.cdc.gov.tw/Home/Index,open_data_csv,legacy_fallback,legacy_fallback,,legacy_identity_may_be_lossy,,0,
disease,D165,amebiasis,Amebiasis,TW,"Taiwan, China",D165,Amebiasis,阿米巴病,Parasitic,2021-11-01,2021-11,15,3.3870967741935485,0,,missing_population,,2003-01-01,2026-07-01,2026-08-01T00:00:00+00:00,nidss_open_data,"Taiwan, China CDC NIDSS",https://nidss.cdc.gov.tw/Home/Index,open_data_csv,nidss_open_data,"Taiwan, China CDC NIDSS",https://nidss.cdc.gov.tw/Home/Index,open_data_csv,legacy_fallback,legacy_fallback,,legacy_identity_may_be_lossy,,0,
disease,D165,amebiasis,Amebiasis,TW,"Taiwan, China",D165,Amebiasis,阿米巴病,Parasitic,2021-12-01,2021-12,9,2.1,0,,missing_population,,2003-01-01,2026-07-01,2026-08-01T00:00:00+00:00,nidss_open_data,"Taiwan, China CDC NIDSS",https://nidss.cdc.gov.tw/Home/Index,open_data_csv,nidss_open_data,"Taiwan, China CDC NIDSS",https://nidss.cdc.gov.tw/Home/Index,open_data_csv,legacy_fallback,legacy_fallback,,legacy_identity_may_be_lossy,,0,
disease,D165,amebiasis,Amebiasis,TW,"Taiwan, China",D165,Amebiasis,阿米巴病,Parasitic,2022-01-01,2022-01,26,5.870967741935484,0,,missing_population,,2003-01-01,2026-07-01,2026-08-01T00:00:00+00:00,nidss_open_data,"Taiwan, China CDC NIDSS",https://nidss.cdc.gov.tw/Home/Index,open_data_csv,nidss_open_data,"Taiwan, China CDC NIDSS",https://nidss.cdc.gov.tw/Home/Index,open_data_csv,legacy_fallback,legacy_fallback,,legacy_identity_may_be_lossy,,0,
disease,D165,amebiasis,Amebiasis,TW,"Taiwan, China",D165,Amebiasis,阿米巴病,Parasitic,2022-02-01,2022-02,15,3.3870967741935485,0,,missing_population,,2003-01-01,2026-07-01,2026-08-01T00:00:00+00:00,nidss_open_data,"Taiwan, China CDC NIDSS",https://nidss.cdc.gov.tw/Home/Index,open_data_csv,nidss_open_data,"Taiwan, China CDC NIDSS",https://nidss.cdc.gov.tw/Home/Index,open_data_csv,legacy_fallback,legacy_fallback,,legacy_identity_may_be_lossy,,0,
disease,D165,amebiasis,Amebiasis,TW,"Taiwan, China",D165,Amebiasis,阿米巴病,Parasitic,2022-03-01,2022-03,20,5.0,0,,missing_population,,2003-01-01,2026-07-01,2026-08-01T00:00:00+00:00,nidss_open_data,"Taiwan, China CDC NIDSS",https://nidss.cdc.gov.tw/Home/Index,open_data_csv,nidss_open_data,"Taiwan, China CDC NIDSS",https://nidss.cdc.gov.tw/Home/Index,open_data_csv,legacy_fallback,legacy_fallback,,legacy_identity_may_be_lossy,,0,
disease,D165,amebiasis,Amebiasis,TW,"Taiwan, China",D165,Amebiasis,阿米巴病,Parasitic,2022-04-01,2022-04,16,3.6129032258064515,0,,missing_population,,2003-01-01,2026-07-01,2026-08-01T00:00:00+00:00,nidss_open_data,"Taiwan, China CDC NIDSS",https://nidss.cdc.gov.tw/Home/Index,open_data_csv,nidss_open_data,"Taiwan, China CDC NIDSS",https://nidss.cdc.gov.tw/Home/Index,open_data_csv,legacy_fallback,legacy_fallback,,legacy_identity_may_be_lossy,,0,
disease,D165,amebiasis,Amebiasis,TW,"Taiwan, China",D165,Amebiasis,阿米巴病,Parasitic,2022-05-01,2022-05,12,2.8000000000000003,0,,missing_population,,2003-01-01,2026-07-01,2026-08-01T00:00:00+00:00,nidss_open_data,"Taiwan, China CDC NIDSS",https://nidss.cdc.gov.tw/Home/Index,open_data_csv,nidss_open_data,"Taiwan, China CDC NIDSS",https://nidss.cdc.gov.tw/Home/Index,open_data_csv,legacy_fallback,legacy_fallback,,legacy_identity_may_be_lossy,,0,
disease,D165,amebiasis,Amebiasis,TW,"Taiwan, China",D165,Amebiasis,阿米巴病,Parasitic,2022-06-01,2022-06,23,5.193548387096774,0,,missing_population,,2003-01-01,2026-07-01,2026-08-01T00:00:00+00:00,nidss_open_data,"Taiwan, China CDC NIDSS",https://nidss.cdc.gov.tw/Home/Index,open_data_csv,nidss_open_data,"Taiwan, China CDC NIDSS",https://nidss.cdc.gov.tw/Home/Index,open_data_csv,legacy_fallback,legacy_fallback,,legacy_identity_may_be_lossy,,0,
disease,D165,amebiasis,Amebiasis,TW,"Taiwan, China",D165,Amebiasis,阿米巴病,Parasitic,2022-07-01,2022-07,13,3.033333333333333,0,,missing_population,,2003-01-01,2026-07-01,2026-08-01T00:00:00+00:00,nidss_open_data,"Taiwan, China CDC NIDSS",https://nidss.cdc.gov.tw/Home/Index,open_data_csv,nidss_open_data,"Taiwan, China CDC NIDSS",https://nidss.cdc.gov.tw/Home/Index,open_data_csv,legacy_fallback,legacy_fallback,,legacy_identity_may_be_lossy,,0,
disease,D165,amebiasis,Amebiasis,TW,"Taiwan, China",D165,Amebiasis,阿米巴病,Parasitic,2022-08-01,2022-08,13,2.935483870967742,0,,missing_population,,2003-01-01,2026-07-01,2026-08-01T00:00:00+00:00,nidss_open_data,"Taiwan, China CDC NIDSS",https://nidss.cdc.gov.tw/Home/Index,open_data_csv,nidss_open_data,"Taiwan, China CDC NIDSS",https://nidss.cdc.gov.tw/Home/Index,open_data_csv,legacy_fallback,legacy_fallback,,legacy_identity_may_be_lossy,,0,
disease,D165,amebiasis,Amebiasis,TW,"Taiwan, China",D165,Amebiasis,阿米巴病,Parasitic,2022-09-01,2022-09,27,6.096774193548387,0,,missing_population,,2003-01-01,2026-07-01,2026-08-01T00:00:00+00:00,nidss_open_data,"Taiwan, China CDC NIDSS",https://nidss.cdc.gov.tw/Home/Index,open_data_csv,nidss_open_data,"Taiwan, China CDC NIDSS",https://nidss.cdc.gov.tw/Home/Index,open_data_csv,legacy_fallback,legacy_fallback,,legacy_identity_may_be_lossy,,0,
disease,D165,amebiasis,Amebiasis,TW,"Taiwan, China",D165,Amebiasis,阿米巴病,Parasitic,2022-10-01,2022-10,22,5.133333333333333,0,,missing_population,,2003-01-01,2026-07-01,2026-08-01T00:00:00+00:00,nidss_open_data,"Taiwan, China CDC NIDSS",https://nidss.cdc.gov.tw/Home/Index,open_data_csv,nidss_open_data,"Taiwan, China CDC NIDSS",https://nidss.cdc.gov.tw/Home/Index,open_data_csv,legacy_fallback,legacy_fallback,,legacy_identity_may_be_lossy,,0,
disease,D165,amebiasis,Amebiasis,TW,"Taiwan, China",D165,Amebiasis,阿米巴病,Parasitic,2022-11-01,2022-11,9,2.032258064516129,0,,missing_population,,2003-01-01,2026-07-01,2026-08-01T00:00:00+00:00,nidss_open_data,"Taiwan, China CDC NIDSS",https://nidss.cdc.gov.tw/Home/Index,open_data_csv,nidss_open_data,"Taiwan, China CDC NIDSS",https://nidss.cdc.gov.tw/Home/Index,open_data_csv,legacy_fallback,legacy_fallback,,legacy_identity_may_be_lossy,,0,
disease,D165,amebiasis,Amebiasis,TW,"Taiwan, China",D165,Amebiasis,阿米巴病,Parasitic,2022-12-01,2022-12,32,7.466666666666667,0,,missing_population,,2003-01-01,2026-07-01,2026-08-01T00:00:00+00:00,nidss_open_data,"Taiwan, China CDC NIDSS",https://nidss.cdc.gov.tw/Home/Index,open_data_csv,nidss_open_data,"Taiwan, China CDC NIDSS",https://nidss.cdc.gov.tw/Home/Index,open_data_csv,legacy_fallback,legacy_fallback,,legacy_identity_may_be_lossy,,0,
disease,D165,amebiasis,Amebiasis,TW,"Taiwan, China",D165,Amebiasis,阿米巴病,Parasitic,2023-01-01,2023-01,22,4.967741935483871,0,,missing_population,,2003-01-01,2026-07-01,2026-08-01T00:00:00+00:00,nidss_open_data,"Taiwan, China CDC NIDSS",https://nidss.cdc.gov.tw/Home/Index,open_data_csv,nidss_open_data,"Taiwan, China CDC NIDSS",https://nidss.cdc.gov.tw/Home/Index,open_data_csv,legacy_fallback,legacy_fallback,,legacy_identity_may_be_lossy,,0,
disease,D165,amebiasis,Amebiasis,TW,"Taiwan, China",D165,Amebiasis,阿米巴病,Parasitic,2023-02-01,2023-02,17,3.8387096774193545,0,,missing_population,,2003-01-01,2026-07-01,2026-08-01T00:00:00+00:00,nidss_open_data,"Taiwan, China CDC NIDSS",https://nidss.cdc.gov.tw/Home/Index,open_data_csv,nidss_open_data,"Taiwan, China CDC NIDSS",https://nidss.cdc.gov.tw/Home/Index,open_data_csv,legacy_fallback,legacy_fallback,,legacy_identity_may_be_lossy,,0,
disease,D165,amebiasis,Amebiasis,TW,"Taiwan, China",D165,Amebiasis,阿米巴病,Parasitic,2023-03-01,2023-03,30,7.5,0,,missing_population,,2003-01-01,2026-07-01,2026-08-01T00:00:00+00:00,nidss_open_data,"Taiwan, China CDC NIDSS",https://nidss.cdc.gov.tw/Home/Index,open_data_csv,nidss_open_data,"Taiwan, China CDC NIDSS",https://nidss.cdc.gov.tw/Home/Index,open_data_csv,legacy_fallback,legacy_fallback,,legacy_identity_may_be_lossy,,0,
disease,D165,amebiasis,Amebiasis,TW,"Taiwan, China",D165,Amebiasis,阿米巴病,Parasitic,2023-04-01,2023-04,20,4.516129032258064,0,,missing_population,,2003-01-01,2026-07-01,2026-08-01T00:00:00+00:00,nidss_open_data,"Taiwan, China CDC NIDSS",https://nidss.cdc.gov.tw/Home/Index,open_data_csv,nidss_open_data,"Taiwan, China CDC NIDSS",https://nidss.cdc.gov.tw/Home/Index,open_data_csv,legacy_fallback,legacy_fallback,,legacy_identity_may_be_lossy,,0,
disease,D165,amebiasis,Amebiasis,TW,"Taiwan, China",D165,Amebiasis,阿米巴病,Parasitic,2023-05-01,2023-05,31,7.233333333333334,0,,missing_population,,2003-01-01,2026-07-01,2026-08-01T00:00:00+00:00,nidss_open_data,"Taiwan, China CDC NIDSS",https://nidss.cdc.gov.tw/Home/Index,open_data_csv,nidss_open_data,"Taiwan, China CDC NIDSS",https://nidss.cdc.gov.tw/Home/Index,open_data_csv,legacy_fallback,legacy_fallback,,legacy_identity_may_be_lossy,,0,
disease,D165,amebiasis,Amebiasis,TW,"Taiwan, China",D165,Amebiasis,阿米巴病,Parasitic,2023-06-01,2023-06,14,3.161290322580645,0,,missing_population,,2003-01-01,2026-07-01,2026-08-01T00:00:00+00:00,nidss_open_data,"Taiwan, China CDC NIDSS",https://nidss.cdc.gov.tw/Home/Index,open_data_csv,nidss_open_data,"Taiwan, China CDC NIDSS",https://nidss.cdc.gov.tw/Home/Index,open_data_csv,legacy_fallback,legacy_fallback,,legacy_identity_may_be_lossy,,0,
disease,D165,amebiasis,Amebiasis,TW,"Taiwan, China",D165,Amebiasis,阿米巴病,Parasitic,2023-07-01,2023-07,32,7.466666666666667,0,,missing_population,,2003-01-01,2026-07-01,2026-08-01T00:00:00+00:00,nidss_open_data,"Taiwan, China CDC NIDSS",https://nidss.cdc.gov.tw/Home/Index,open_data_csv,nidss_open_data,"Taiwan, China CDC NIDSS",https://nidss.cdc.gov.tw/Home/Index,open_data_csv,legacy_fallback,legacy_fallback,,legacy_identity_may_be_lossy,,0,
disease,D165,amebiasis,Amebiasis,TW,"Taiwan, China",D165,Amebiasis,阿米巴病,Parasitic,2023-08-01,2023-08,16,3.6129032258064515,0,,missing_population,,2003-01-01,2026-07-01,2026-08-01T00:00:00+00:00,nidss_open_data,"Taiwan, China CDC NIDSS",https://nidss.cdc.gov.tw/Home/Index,open_data_csv,nidss_open_data,"Taiwan, China CDC NIDSS",https://nidss.cdc.gov.tw/Home/Index,open_data_csv,legacy_fallback,legacy_fallback,,legacy_identity_may_be_lossy,,0,
disease,D165,amebiasis,Amebiasis,TW,"Taiwan, China",D165,Amebiasis,阿米巴病,Parasitic,2023-09-01,2023-09,27,6.096774193548387,0,,missing_population,,2003-01-01,2026-07-01,2026-08-01T00:00:00+00:00,nidss_open_data,"Taiwan, China CDC NIDSS",https://nidss.cdc.gov.tw/Home/Index,open_data_csv,nidss_open_data,"Taiwan, China CDC NIDSS",https://nidss.cdc.gov.tw/Home/Index,open_data_csv,legacy_fallback,legacy_fallback,,legacy_identity_may_be_lossy,,0,
disease,D165,amebiasis,Amebiasis,TW,"Taiwan, China",D165,Amebiasis,阿米巴病,Parasitic,2023-10-01,2023-10,25,5.833333333333334,0,,missing_population,,2003-01-01,2026-07-01,2026-08-01T00:00:00+00:00,nidss_open_data,"Taiwan, China CDC NIDSS",https://nidss.cdc.gov.tw/Home/Index,open_data_csv,nidss_open_data,"Taiwan, China CDC NIDSS",https://nidss.cdc.gov.tw/Home/Index,open_data_csv,legacy_fallback,legacy_fallback,,legacy_identity_may_be_lossy,,0,
disease,D165,amebiasis,Amebiasis,TW,"Taiwan, China",D165,Amebiasis,阿米巴病,Parasitic,2023-11-01,2023-11,22,4.967741935483871,0,,missing_population,,2003-01-01,2026-07-01,2026-08-01T00:00:00+00:00,nidss_open_data,"Taiwan, China CDC NIDSS",https://nidss.cdc.gov.tw/Home/Index,open_data_csv,nidss_open_data,"Taiwan, China CDC NIDSS",https://nidss.cdc.gov.tw/Home/Index,open_data_csv,legacy_fallback,legacy_fallback,,legacy_identity_may_be_lossy,,0,
disease,D165,amebiasis,Amebiasis,TW,"Taiwan, China",D165,Amebiasis,阿米巴病,Parasitic,2023-12-01,2023-12,33,7.700000000000001,0,,missing_population,,2003-01-01,2026-07-01,2026-08-01T00:00:00+00:00,nidss_open_data,"Taiwan, China CDC NIDSS",https://nidss.cdc.gov.tw/Home/Index,open_data_csv,nidss_open_data,"Taiwan, China CDC NIDSS",https://nidss.cdc.gov.tw/Home/Index,open_data_csv,legacy_fallback,legacy_fallback,,legacy_identity_may_be_lossy,,0,
disease,D165,amebiasis,Amebiasis,TW,"Taiwan, China",D165,Amebiasis,阿米巴病,Parasitic,2024-01-01,2024-01,23,5.193548387096774,0,,missing_population,,2003-01-01,2026-07-01,2026-08-01T00:00:00+00:00,nidss_open_data,"Taiwan, China CDC NIDSS",https://nidss.cdc.gov.tw/Home/Index,open_data_csv,nidss_open_data,"Taiwan, China CDC NIDSS",https://nidss.cdc.gov.tw/Home/Index,open_data_csv,legacy_fallback,legacy_fallback,,legacy_identity_may_be_lossy,,0,
disease,D165,amebiasis,Amebiasis,TW,"Taiwan, China",D165,Amebiasis,阿米巴病,Parasitic,2024-02-01,2024-02,25,5.64516129032258,0,,missing_population,,2003-01-01,2026-07-01,2026-08-01T00:00:00+00:00,nidss_open_data,"Taiwan, China CDC NIDSS",https://nidss.cdc.gov.tw/Home/Index,open_data_csv,nidss_open_data,"Taiwan, China CDC NIDSS",https://nidss.cdc.gov.tw/Home/Index,open_data_csv,legacy_fallback,legacy_fallback,,legacy_identity_may_be_lossy,,0,
disease,D165,amebiasis,Amebiasis,TW,"Taiwan, China",D165,Amebiasis,阿米巴病,Parasitic,2024-03-01,2024-03,20,4.827586206896552,0,,missing_population,,2003-01-01,2026-07-01,2026-08-01T00:00:00+00:00,nidss_open_data,"Taiwan, China CDC NIDSS",https://nidss.cdc.gov.tw/Home/Index,open_data_csv,nidss_open_data,"Taiwan, China CDC NIDSS",https://nidss.cdc.gov.tw/Home/Index,open_data_csv,legacy_fallback,legacy_fallback,,legacy_identity_may_be_lossy,,0,
disease,D165,amebiasis,Amebiasis,TW,"Taiwan, China",D165,Amebiasis,阿米巴病,Parasitic,2024-04-01,2024-04,27,6.096774193548387,0,,missing_population,,2003-01-01,2026-07-01,2026-08-01T00:00:00+00:00,nidss_open_data,"Taiwan, China CDC NIDSS",https://nidss.cdc.gov.tw/Home/Index,open_data_csv,nidss_open_data,"Taiwan, China CDC NIDSS",https://nidss.cdc.gov.tw/Home/Index,open_data_csv,legacy_fallback,legacy_fallback,,legacy_identity_may_be_lossy,,0,
disease,D165,amebiasis,Amebiasis,TW,"Taiwan, China",D165,Amebiasis,阿米巴病,Parasitic,2024-05-01,2024-05,44,10.266666666666666,0,,missing_population,,2003-01-01,2026-07-01,2026-08-01T00:00:00+00:00,nidss_open_data,"Taiwan, China CDC NIDSS",https://nidss.cdc.gov.tw/Home/Index,open_data_csv,nidss_open_data,"Taiwan, China CDC NIDSS",https://nidss.cdc.gov.tw/Home/Index,open_data_csv,legacy_fallback,legacy_fallback,,legacy_identity_may_be_lossy,,0,
disease,D165,amebiasis,Amebiasis,TW,"Taiwan, China",D165,Amebiasis,阿米巴病,Parasitic,2024-06-01,2024-06,32,7.225806451612903,0,,missing_population,,2003-01-01,2026-07-01,2026-08-01T00:00:00+00:00,nidss_open_data,"Taiwan, China CDC NIDSS",https://nidss.cdc.gov.tw/Home/Index,open_data_csv,nidss_open_data,"Taiwan, China CDC NIDSS",https://nidss.cdc.gov.tw/Home/Index,open_data_csv,legacy_fallback,legacy_fallback,,legacy_identity_may_be_lossy,,0,
disease,D165,amebiasis,Amebiasis,TW,"Taiwan, China",D165,Amebiasis,阿米巴病,Parasitic,2024-07-01,2024-07,32,7.466666666666667,0,,missing_population,,2003-01-01,2026-07-01,2026-08-01T00:00:00+00:00,nidss_open_data,"Taiwan, China CDC NIDSS",https://nidss.cdc.gov.tw/Home/Index,open_data_csv,nidss_open_data,"Taiwan, China CDC NIDSS",https://nidss.cdc.gov.tw/Home/Index,open_data_csv,legacy_fallback,legacy_fallback,,legacy_identity_may_be_lossy,,0,
disease,D165,amebiasis,Amebiasis,TW,"Taiwan, China",D165,Amebiasis,阿米巴病,Parasitic,2024-08-01,2024-08,29,6.548387096774193,0,,missing_population,,2003-01-01,2026-07-01,2026-08-01T00:00:00+00:00,nidss_open_data,"Taiwan, China CDC NIDSS",https://nidss.cdc.gov.tw/Home/Index,open_data_csv,nidss_open_data,"Taiwan, China CDC NIDSS",https://nidss.cdc.gov.tw/Home/Index,open_data_csv,legacy_fallback,legacy_fallback,,legacy_identity_may_be_lossy,,0,
disease,D165,amebiasis,Amebiasis,TW,"Taiwan, China",D165,Amebiasis,阿米巴病,Parasitic,2024-09-01,2024-09,34,7.677419354838709,0,,missing_population,,2003-01-01,2026-07-01,2026-08-01T00:00:00+00:00,nidss_open_data,"Taiwan, China CDC NIDSS",https://nidss.cdc.gov.tw/Home/Index,open_data_csv,nidss_open_data,"Taiwan, China CDC NIDSS",https://nidss.cdc.gov.tw/Home/Index,open_data_csv,legacy_fallback,legacy_fallback,,legacy_identity_may_be_lossy,,0,
disease,D165,amebiasis,Amebiasis,TW,"Taiwan, China",D165,Amebiasis,阿米巴病,Parasitic,2024-10-01,2024-10,36,8.4,0,,missing_population,,2003-01-01,2026-07-01,2026-08-01T00:00:00+00:00,nidss_open_data,"Taiwan, China CDC NIDSS",https://nidss.cdc.gov.tw/Home/Index,open_data_csv,nidss_open_data,"Taiwan, China CDC NIDSS",https://nidss.cdc.gov.tw/Home/Index,open_data_csv,legacy_fallback,legacy_fallback,,legacy_identity_may_be_lossy,,0,
disease,D165,amebiasis,Amebiasis,TW,"Taiwan, China",D165,Amebiasis,阿米巴病,Parasitic,2024-11-01,2024-11,32,7.225806451612903,0,,missing_population,,2003-01-01,2026-07-01,2026-08-01T00:00:00+00:00,nidss_open_data,"Taiwan, China CDC NIDSS",https://nidss.cdc.gov.tw/Home/Index,open_data_csv,nidss_open_data,"Taiwan, China CDC NIDSS",https://nidss.cdc.gov.tw/Home/Index,open_data_csv,legacy_fallback,legacy_fallback,,legacy_identity_may_be_lossy,,0,
disease,D165,amebiasis,Amebiasis,TW,"Taiwan, China",D165,Amebiasis,阿米巴病,Parasitic,2024-12-01,2024-12,28,6.533333333333333,0,,missing_population,,2003-01-01,2026-07-01,2026-08-01T00:00:00+00:00,nidss_open_data,"Taiwan, China CDC NIDSS",https://nidss.cdc.gov.tw/Home/Index,open_data_csv,nidss_open_data,"Taiwan, China CDC NIDSS",https://nidss.cdc.gov.tw/Home/Index,open_data_csv,legacy_fallback,legacy_fallback,,legacy_identity_may_be_lossy,,0,
disease,D165,amebiasis,Amebiasis,TW,"Taiwan, China",D165,Amebiasis,阿米巴病,Parasitic,2025-01-01,2025-01,32,7.225806451612903,0,,missing_population,,2003-01-01,2026-07-01,2026-08-01T00:00:00+00:00,nidss_open_data,"Taiwan, China CDC NIDSS",https://nidss.cdc.gov.tw/Home/Index,open_data_csv,nidss_open_data,"Taiwan, China CDC NIDSS",https://nidss.cdc.gov.tw/Home/Index,open_data_csv,legacy_fallback,legacy_fallback,,legacy_identity_may_be_lossy,,0,
disease,D165,amebiasis,Amebiasis,TW,"Taiwan, China",D165,Amebiasis,阿米巴病,Parasitic,2025-02-01,2025-02,30,6.774193548387097,0,,missing_population,,2003-01-01,2026-07-01,2026-08-01T00:00:00+00:00,nidss_open_data,"Taiwan, China CDC NIDSS",https://nidss.cdc.gov.tw/Home/Index,open_data_csv,nidss_open_data,"Taiwan, China CDC NIDSS",https://nidss.cdc.gov.tw/Home/Index,open_data_csv,legacy_fallback,legacy_fallback,,legacy_identity_may_be_lossy,,0,
disease,D165,amebiasis,Amebiasis,TW,"Taiwan, China",D165,Amebiasis,阿米巴病,Parasitic,2025-03-01,2025-03,28,7.0,0,,missing_population,,2003-01-01,2026-07-01,2026-08-01T00:00:00+00:00,nidss_open_data,"Taiwan, China CDC NIDSS",https://nidss.cdc.gov.tw/Home/Index,open_data_csv,nidss_open_data,"Taiwan, China CDC NIDSS",https://nidss.cdc.gov.tw/Home/Index,open_data_csv,legacy_fallback,legacy_fallback,,legacy_identity_may_be_lossy,,0,
disease,D165,amebiasis,Amebiasis,TW,"Taiwan, China",D165,Amebiasis,阿米巴病,Parasitic,2025-04-01,2025-04,40,9.032258064516128,0,,missing_population,,2003-01-01,2026-07-01,2026-08-01T00:00:00+00:00,nidss_open_data,"Taiwan, China CDC NIDSS",https://nidss.cdc.gov.tw/Home/Index,open_data_csv,nidss_open_data,"Taiwan, China CDC NIDSS",https://nidss.cdc.gov.tw/Home/Index,open_data_csv,legacy_fallback,legacy_fallback,,legacy_identity_may_be_lossy,,0,
disease,D165,amebiasis,Amebiasis,TW,"Taiwan, China",D165,Amebiasis,阿米巴病,Parasitic,2025-05-01,2025-05,26,6.066666666666666,0,,missing_population,,2003-01-01,2026-07-01,2026-08-01T00:00:00+00:00,nidss_open_data,"Taiwan, China CDC NIDSS",https://nidss.cdc.gov.tw/Home/Index,open_data_csv,nidss_open_data,"Taiwan, China CDC NIDSS",https://nidss.cdc.gov.tw/Home/Index,open_data_csv,legacy_fallback,legacy_fallback,,legacy_identity_may_be_lossy,,0,
disease,D165,amebiasis,Amebiasis,TW,"Taiwan, China",D165,Amebiasis,阿米巴病,Parasitic,2025-06-01,2025-06,31,7.0,0,,missing_population,,2003-01-01,2026-07-01,2026-08-01T00:00:00+00:00,nidss_open_data,"Taiwan, China CDC NIDSS",https://nidss.cdc.gov.tw/Home/Index,open_data_csv,nidss_open_data,"Taiwan, China CDC NIDSS",https://nidss.cdc.gov.tw/Home/Index,open_data_csv,legacy_fallback,legacy_fallback,,legacy_identity_may_be_lossy,,0,
disease,D165,amebiasis,Amebiasis,TW,"Taiwan, China",D165,Amebiasis,阿米巴病,Parasitic,2025-07-01,2025-07,32,7.466666666666667,0,,missing_population,,2003-01-01,2026-07-01,2026-08-01T00:00:00+00:00,nidss_open_data,"Taiwan, China CDC NIDSS",https://nidss.cdc.gov.tw/Home/Index,open_data_csv,nidss_open_data,"Taiwan, China CDC NIDSS",https://nidss.cdc.gov.tw/Home/Index,open_data_csv,legacy_fallback,legacy_fallback,,legacy_identity_may_be_lossy,,0,
disease,D165,amebiasis,Amebiasis,TW,"Taiwan, China",D165,Amebiasis,阿米巴病,Parasitic,2025-08-01,2025-08,42,9.483870967741934,0,,missing_population,,2003-01-01,2026-07-01,2026-08-01T00:00:00+00:00,nidss_open_data,"Taiwan, China CDC NIDSS",https://nidss.cdc.gov.tw/Home/Index,open_data_csv,nidss_open_data,"Taiwan, China CDC NIDSS",https://nidss.cdc.gov.tw/Home/Index,open_data_csv,legacy_fallback,legacy_fallback,,legacy_identity_may_be_lossy,,0,
disease,D165,amebiasis,Amebiasis,TW,"Taiwan, China",D165,Amebiasis,阿米巴病,Parasitic,2025-09-01,2025-09,35,7.903225806451614,0,,missing_population,,2003-01-01,2026-07-01,2026-08-01T00:00:00+00:00,nidss_open_data,"Taiwan, China CDC NIDSS",https://nidss.cdc.gov.tw/Home/Index,open_data_csv,nidss_open_data,"Taiwan, China CDC NIDSS",https://nidss.cdc.gov.tw/Home/Index,open_data_csv,legacy_fallback,legacy_fallback,,legacy_identity_may_be_lossy,,0,
disease,D165,amebiasis,Amebiasis,TW,"Taiwan, China",D165,Amebiasis,阿米巴病,Parasitic,2025-10-01,2025-10,26,6.066666666666666,0,,missing_population,,2003-01-01,2026-07-01,2026-08-01T00:00:00+00:00,nidss_open_data,"Taiwan, China CDC NIDSS",https://nidss.cdc.gov.tw/Home/Index,open_data_csv,nidss_open_data,"Taiwan, China CDC NIDSS",https://nidss.cdc.gov.tw/Home/Index,open_data_csv,legacy_fallback,legacy_fallback,,legacy_identity_may_be_lossy,,0,
disease,D165,amebiasis,Amebiasis,TW,"Taiwan, China",D165,Amebiasis,阿米巴病,Parasitic,2025-11-01,2025-11,31,7.0,0,,missing_population,,2003-01-01,2026-07-01,2026-08-01T00:00:00+00:00,nidss_open_data,"Taiwan, China CDC NIDSS",https://nidss.cdc.gov.tw/Home/Index,open_data_csv,nidss_open_data,"Taiwan, China CDC NIDSS",https://nidss.cdc.gov.tw/Home/Index,open_data_csv,legacy_fallback,legacy_fallback,,legacy_identity_may_be_lossy,,0,
disease,D165,amebiasis,Amebiasis,TW,"Taiwan, China",D165,Amebiasis,阿米巴病,Parasitic,2025-12-01,2025-12,33,7.700000000000001,0,,missing_population,,2003-01-01,2026-07-01,2026-08-01T00:00:00+00:00,nidss_open_data,"Taiwan, China CDC NIDSS",https://nidss.cdc.gov.tw/Home/Index,open_data_csv,nidss_open_data,"Taiwan, China CDC NIDSS",https://nidss.cdc.gov.tw/Home/Index,open_data_csv,legacy_fallback,legacy_fallback,,legacy_identity_may_be_lossy,,0,
disease,D165,amebiasis,Amebiasis,TW,"Taiwan, China",D165,Amebiasis,阿米巴病,Parasitic,2026-01-01,2026-01,32,7.225806451612903,0,,missing_population,,2003-01-01,2026-07-01,2026-08-01T00:00:00+00:00,nidss_open_data,"Taiwan, China CDC NIDSS",https://nidss.cdc.gov.tw/Home/Index,open_data_csv,nidss_open_data,"Taiwan, China CDC NIDSS",https://nidss.cdc.gov.tw/Home/Index,open_data_csv,legacy_fallback,legacy_fallback,,legacy_identity_may_be_lossy,,0,
disease,D165,amebiasis,Amebiasis,TW,"Taiwan, China",D165,Amebiasis,阿米巴病,Parasitic,2026-02-01,2026-02,18,4.064516129032258,0,,missing_population,,2003-01-01,2026-07-01,2026-08-01T00:00:00+00:00,nidss_open_data,"Taiwan, China CDC NIDSS",https://nidss.cdc.gov.tw/Home/Index,open_data_csv,nidss_open_data,"Taiwan, China CDC NIDSS",https://nidss.cdc.gov.tw/Home/Index,open_data_csv,legacy_fallback,legacy_fallback,,legacy_identity_may_be_lossy,,0,
disease,D165,amebiasis,Amebiasis,TW,"Taiwan, China",D165,Amebiasis,阿米巴病,Parasitic,2026-03-01,2026-03,41,10.25,0,,missing_population,,2003-01-01,2026-07-01,2026-08-01T00:00:00+00:00,nidss_open_data,"Taiwan, China CDC NIDSS",https://nidss.cdc.gov.tw/Home/Index,open_data_csv,nidss_open_data,"Taiwan, China CDC NIDSS",https://nidss.cdc.gov.tw/Home/Index,open_data_csv,legacy_fallback,legacy_fallback,,legacy_identity_may_be_lossy,,0,
disease,D165,amebiasis,Amebiasis,TW,"Taiwan, China",D165,Amebiasis,阿米巴病,Parasitic,2026-04-01,2026-04,28,6.32258064516129,0,,missing_population,,2003-01-01,2026-07-01,2026-08-01T00:00:00+00:00,nidss_open_data,"Taiwan, China CDC NIDSS",https://nidss.cdc.gov.tw/Home/Index,open_data_csv,nidss_open_data,"Taiwan, China CDC NIDSS",https://nidss.cdc.gov.tw/Home/Index,open_data_csv,legacy_fallback,legacy_fallback,,legacy_identity_may_be_lossy,,0,
disease,D165,amebiasis,Amebiasis,TW,"Taiwan, China",D165,Amebiasis,阿米巴病,Parasitic,2026-05-01,2026-05,26,6.066666666666666,0,,missing_population,,2003-01-01,2026-07-01,2026-08-01T00:00:00+00:00,nidss_open_data,"Taiwan, China CDC NIDSS",https://nidss.cdc.gov.tw/Home/Index,open_data_csv,nidss_open_data,"Taiwan, China CDC NIDSS",https://nidss.cdc.gov.tw/Home/Index,open_data_csv,legacy_fallback,legacy_fallback,,legacy_identity_may_be_lossy,,0,
disease,D165,amebiasis,Amebiasis,TW,"Taiwan, China",D165,Amebiasis,阿米巴病,Parasitic,2026-06-01,2026-06,30,6.774193548387097,0,,missing_population,,2003-01-01,2026-07-01,2026-08-01T00:00:00+00:00,nidss_open_data,"Taiwan, China CDC NIDSS",https://nidss.cdc.gov.tw/Home/Index,open_data_csv,nidss_open_data,"Taiwan, China CDC NIDSS",https://nidss.cdc.gov.tw/Home/Index,open_data_csv,legacy_fallback,legacy_fallback,,legacy_identity_may_be_lossy,,0,
disease,D165,amebiasis,Amebiasis,TW,"Taiwan, China",D165,Amebiasis,阿米巴病,Parasitic,2026-07-01,2026-07,28,6.533333333333333,0,,missing_population,,2003-01-01,2026-07-01,2026-08-01T00:00:00+00:00,nidss_open_data,"Taiwan, China CDC NIDSS",https://nidss.cdc.gov.tw/Home/Index,open_data_csv,nidss_open_data,"Taiwan, China CDC NIDSS",https://nidss.cdc.gov.tw/Home/Index,open_data_csv,legacy_fallback,legacy_fallback,,legacy_identity_may_be_lossy,,0,
