dataset_kind,dataset_id,dataset_slug,dataset_name,country_code,country_name,disease_id,disease_name_en,disease_name_zh,category,date,year_month,cases,weekly_equiv_cases,deaths,incidence_rate_per_100k,incidence_rate_source,mortality_rate,coverage_start,coverage_end,generated_at,primary_source_scope,primary_source_label,primary_source_url,primary_source_type,source_scopes,source_labels,source_urls,source_types
disease,D172,severe-complicated-influenza,Severe complicated influenza,TW,"Taiwan, China",D172,Severe complicated influenza,流感并发重症,Viral,2003-01-01,2003-01,6,1.3548387096774193,0,0.02647355736154732,wpp_computed,,2003-01-01,2026-08-01,2026-08-01T00:00:00+00:00,nidss_open_data,"Taiwan, China CDC NIDSS",https://nidss.cdc.gov.tw/Home/Index,open_data_csv,nidss_open_data,"Taiwan, China CDC NIDSS",https://nidss.cdc.gov.tw/Home/Index,open_data_csv
disease,D172,severe-complicated-influenza,Severe complicated influenza,TW,"Taiwan, China",D172,Severe complicated influenza,流感并发重症,Viral,2003-02-01,2003-02,3,0.6774193548387096,0,0.01323677868077366,wpp_computed,,2003-01-01,2026-08-01,2026-08-01T00:00:00+00:00,nidss_open_data,"Taiwan, China CDC NIDSS",https://nidss.cdc.gov.tw/Home/Index,open_data_csv,nidss_open_data,"Taiwan, China CDC NIDSS",https://nidss.cdc.gov.tw/Home/Index,open_data_csv
disease,D172,severe-complicated-influenza,Severe complicated influenza,TW,"Taiwan, China",D172,Severe complicated influenza,流感并发重症,Viral,2003-03-01,2003-03,1,0.25,0,0.004412259560257887,wpp_computed,,2003-01-01,2026-08-01,2026-08-01T00:00:00+00:00,nidss_open_data,"Taiwan, China CDC NIDSS",https://nidss.cdc.gov.tw/Home/Index,open_data_csv,nidss_open_data,"Taiwan, China CDC NIDSS",https://nidss.cdc.gov.tw/Home/Index,open_data_csv
disease,D172,severe-complicated-influenza,Severe complicated influenza,TW,"Taiwan, China",D172,Severe complicated influenza,流感并发重症,Viral,2003-11-01,2003-11,2,0.05714285714285715,0,0.008824519120515774,wpp_computed,,2003-01-01,2026-08-01,2026-08-01T00:00:00+00:00,nidss_open_data,"Taiwan, China CDC NIDSS",https://nidss.cdc.gov.tw/Home/Index,open_data_csv,nidss_open_data,"Taiwan, China CDC NIDSS",https://nidss.cdc.gov.tw/Home/Index,open_data_csv
disease,D172,severe-complicated-influenza,Severe complicated influenza,TW,"Taiwan, China",D172,Severe complicated influenza,流感并发重症,Viral,2003-12-01,2003-12,4,0.9333333333333333,0,0.017649038241031548,wpp_computed,,2003-01-01,2026-08-01,2026-08-01T00:00:00+00:00,nidss_open_data,"Taiwan, China CDC NIDSS",https://nidss.cdc.gov.tw/Home/Index,open_data_csv,nidss_open_data,"Taiwan, China CDC NIDSS",https://nidss.cdc.gov.tw/Home/Index,open_data_csv
disease,D172,severe-complicated-influenza,Severe complicated influenza,TW,"Taiwan, China",D172,Severe complicated influenza,流感并发重症,Viral,2004-01-01,2004-01,4,0.9032258064516129,0,0.01758594945947606,wpp_computed,,2003-01-01,2026-08-01,2026-08-01T00:00:00+00:00,nidss_open_data,"Taiwan, China CDC NIDSS",https://nidss.cdc.gov.tw/Home/Index,open_data_csv,nidss_open_data,"Taiwan, China CDC NIDSS",https://nidss.cdc.gov.tw/Home/Index,open_data_csv
disease,D172,severe-complicated-influenza,Severe complicated influenza,TW,"Taiwan, China",D172,Severe complicated influenza,流感并发重症,Viral,2004-02-01,2004-02,3,0.6774193548387096,0,0.013189462094607045,wpp_computed,,2003-01-01,2026-08-01,2026-08-01T00:00:00+00:00,nidss_open_data,"Taiwan, China CDC NIDSS",https://nidss.cdc.gov.tw/Home/Index,open_data_csv,nidss_open_data,"Taiwan, China CDC NIDSS",https://nidss.cdc.gov.tw/Home/Index,open_data_csv
disease,D172,severe-complicated-influenza,Severe complicated influenza,TW,"Taiwan, China",D172,Severe complicated influenza,流感并发重症,Viral,2004-03-01,2004-03,2,0.48275862068965514,0,0.00879297472973803,wpp_computed,,2003-01-01,2026-08-01,2026-08-01T00:00:00+00:00,nidss_open_data,"Taiwan, China CDC NIDSS",https://nidss.cdc.gov.tw/Home/Index,open_data_csv,nidss_open_data,"Taiwan, China CDC NIDSS",https://nidss.cdc.gov.tw/Home/Index,open_data_csv
disease,D172,severe-complicated-influenza,Severe complicated influenza,TW,"Taiwan, China",D172,Severe complicated influenza,流感并发重症,Viral,2004-04-01,2004-04,2,0.45161290322580644,0,0.00879297472973803,wpp_computed,,2003-01-01,2026-08-01,2026-08-01T00:00:00+00:00,nidss_open_data,"Taiwan, China CDC NIDSS",https://nidss.cdc.gov.tw/Home/Index,open_data_csv,nidss_open_data,"Taiwan, China CDC NIDSS",https://nidss.cdc.gov.tw/Home/Index,open_data_csv
disease,D172,severe-complicated-influenza,Severe complicated influenza,TW,"Taiwan, China",D172,Severe complicated influenza,流感并发重症,Viral,2004-07-01,2004-07,1,0.07692307692307693,0,0.004396487364869015,wpp_computed,,2003-01-01,2026-08-01,2026-08-01T00:00:00+00:00,nidss_open_data,"Taiwan, China CDC NIDSS",https://nidss.cdc.gov.tw/Home/Index,open_data_csv,nidss_open_data,"Taiwan, China CDC NIDSS",https://nidss.cdc.gov.tw/Home/Index,open_data_csv
disease,D172,severe-complicated-influenza,Severe complicated influenza,TW,"Taiwan, China",D172,Severe complicated influenza,流感并发重症,Viral,2004-08-01,2004-08,2,0.45161290322580644,0,0.00879297472973803,wpp_computed,,2003-01-01,2026-08-01,2026-08-01T00:00:00+00:00,nidss_open_data,"Taiwan, China CDC NIDSS",https://nidss.cdc.gov.tw/Home/Index,open_data_csv,nidss_open_data,"Taiwan, China CDC NIDSS",https://nidss.cdc.gov.tw/Home/Index,open_data_csv
disease,D172,severe-complicated-influenza,Severe complicated influenza,TW,"Taiwan, China",D172,Severe complicated influenza,流感并发重症,Viral,2004-11-01,2004-11,1,0.07608695652173914,0,0.004396487364869015,wpp_computed,,2003-01-01,2026-08-01,2026-08-01T00:00:00+00:00,nidss_open_data,"Taiwan, China CDC NIDSS",https://nidss.cdc.gov.tw/Home/Index,open_data_csv,nidss_open_data,"Taiwan, China CDC NIDSS",https://nidss.cdc.gov.tw/Home/Index,open_data_csv
disease,D172,severe-complicated-influenza,Severe complicated influenza,TW,"Taiwan, China",D172,Severe complicated influenza,流感并发重症,Viral,2004-12-01,2004-12,4,0.9333333333333333,0,0.01758594945947606,wpp_computed,,2003-01-01,2026-08-01,2026-08-01T00:00:00+00:00,nidss_open_data,"Taiwan, China CDC NIDSS",https://nidss.cdc.gov.tw/Home/Index,open_data_csv,nidss_open_data,"Taiwan, China CDC NIDSS",https://nidss.cdc.gov.tw/Home/Index,open_data_csv
disease,D172,severe-complicated-influenza,Severe complicated influenza,TW,"Taiwan, China",D172,Severe complicated influenza,流感并发重症,Viral,2005-01-01,2005-01,8,1.8064516129032258,0,0.03504939324790526,wpp_computed,,2003-01-01,2026-08-01,2026-08-01T00:00:00+00:00,nidss_open_data,"Taiwan, China CDC NIDSS",https://nidss.cdc.gov.tw/Home/Index,open_data_csv,nidss_open_data,"Taiwan, China CDC NIDSS",https://nidss.cdc.gov.tw/Home/Index,open_data_csv
disease,D172,severe-complicated-influenza,Severe complicated influenza,TW,"Taiwan, China",D172,Severe complicated influenza,流感并发重症,Viral,2005-02-01,2005-02,10,2.258064516129032,0,0.04381174155988157,wpp_computed,,2003-01-01,2026-08-01,2026-08-01T00:00:00+00:00,nidss_open_data,"Taiwan, China CDC NIDSS",https://nidss.cdc.gov.tw/Home/Index,open_data_csv,nidss_open_data,"Taiwan, China CDC NIDSS",https://nidss.cdc.gov.tw/Home/Index,open_data_csv
disease,D172,severe-complicated-influenza,Severe complicated influenza,TW,"Taiwan, China",D172,Severe complicated influenza,流感并发重症,Viral,2005-03-01,2005-03,4,1.0,0,0.01752469662395263,wpp_computed,,2003-01-01,2026-08-01,2026-08-01T00:00:00+00:00,nidss_open_data,"Taiwan, China CDC NIDSS",https://nidss.cdc.gov.tw/Home/Index,open_data_csv,nidss_open_data,"Taiwan, China CDC NIDSS",https://nidss.cdc.gov.tw/Home/Index,open_data_csv
disease,D172,severe-complicated-influenza,Severe complicated influenza,TW,"Taiwan, China",D172,Severe complicated influenza,流感并发重症,Viral,2005-04-01,2005-04,2,0.45161290322580644,0,0.008762348311976314,wpp_computed,,2003-01-01,2026-08-01,2026-08-01T00:00:00+00:00,nidss_open_data,"Taiwan, China CDC NIDSS",https://nidss.cdc.gov.tw/Home/Index,open_data_csv,nidss_open_data,"Taiwan, China CDC NIDSS",https://nidss.cdc.gov.tw/Home/Index,open_data_csv
disease,D172,severe-complicated-influenza,Severe complicated influenza,TW,"Taiwan, China",D172,Severe complicated influenza,流感并发重症,Viral,2005-05-01,2005-05,1,0.23333333333333334,0,0.004381174155988157,wpp_computed,,2003-01-01,2026-08-01,2026-08-01T00:00:00+00:00,nidss_open_data,"Taiwan, China CDC NIDSS",https://nidss.cdc.gov.tw/Home/Index,open_data_csv,nidss_open_data,"Taiwan, China CDC NIDSS",https://nidss.cdc.gov.tw/Home/Index,open_data_csv
disease,D172,severe-complicated-influenza,Severe complicated influenza,TW,"Taiwan, China",D172,Severe complicated influenza,流感并发重症,Viral,2005-06-01,2005-06,2,0.45161290322580644,0,0.008762348311976314,wpp_computed,,2003-01-01,2026-08-01,2026-08-01T00:00:00+00:00,nidss_open_data,"Taiwan, China CDC NIDSS",https://nidss.cdc.gov.tw/Home/Index,open_data_csv,nidss_open_data,"Taiwan, China CDC NIDSS",https://nidss.cdc.gov.tw/Home/Index,open_data_csv
disease,D172,severe-complicated-influenza,Severe complicated influenza,TW,"Taiwan, China",D172,Severe complicated influenza,流感并发重症,Viral,2005-07-01,2005-07,2,0.4666666666666667,0,0.008762348311976314,wpp_computed,,2003-01-01,2026-08-01,2026-08-01T00:00:00+00:00,nidss_open_data,"Taiwan, China CDC NIDSS",https://nidss.cdc.gov.tw/Home/Index,open_data_csv,nidss_open_data,"Taiwan, China CDC NIDSS",https://nidss.cdc.gov.tw/Home/Index,open_data_csv
disease,D172,severe-complicated-influenza,Severe complicated influenza,TW,"Taiwan, China",D172,Severe complicated influenza,流感并发重症,Viral,2005-08-01,2005-08,2,0.45161290322580644,0,0.008762348311976314,wpp_computed,,2003-01-01,2026-08-01,2026-08-01T00:00:00+00:00,nidss_open_data,"Taiwan, China CDC NIDSS",https://nidss.cdc.gov.tw/Home/Index,open_data_csv,nidss_open_data,"Taiwan, China CDC NIDSS",https://nidss.cdc.gov.tw/Home/Index,open_data_csv
disease,D172,severe-complicated-influenza,Severe complicated influenza,TW,"Taiwan, China",D172,Severe complicated influenza,流感并发重症,Viral,2005-09-01,2005-09,1,0.22580645161290322,0,0.004381174155988157,wpp_computed,,2003-01-01,2026-08-01,2026-08-01T00:00:00+00:00,nidss_open_data,"Taiwan, China CDC NIDSS",https://nidss.cdc.gov.tw/Home/Index,open_data_csv,nidss_open_data,"Taiwan, China CDC NIDSS",https://nidss.cdc.gov.tw/Home/Index,open_data_csv
disease,D172,severe-complicated-influenza,Severe complicated influenza,TW,"Taiwan, China",D172,Severe complicated influenza,流感并发重症,Viral,2005-10-01,2005-10,1,0.23333333333333334,0,0.004381174155988157,wpp_computed,,2003-01-01,2026-08-01,2026-08-01T00:00:00+00:00,nidss_open_data,"Taiwan, China CDC NIDSS",https://nidss.cdc.gov.tw/Home/Index,open_data_csv,nidss_open_data,"Taiwan, China CDC NIDSS",https://nidss.cdc.gov.tw/Home/Index,open_data_csv
disease,D172,severe-complicated-influenza,Severe complicated influenza,TW,"Taiwan, China",D172,Severe complicated influenza,流感并发重症,Viral,2006-01-01,2006-01,2,0.15217391304347827,0,0.00872804688916262,wpp_computed,,2003-01-01,2026-08-01,2026-08-01T00:00:00+00:00,nidss_open_data,"Taiwan, China CDC NIDSS",https://nidss.cdc.gov.tw/Home/Index,open_data_csv,nidss_open_data,"Taiwan, China CDC NIDSS",https://nidss.cdc.gov.tw/Home/Index,open_data_csv
disease,D172,severe-complicated-influenza,Severe complicated influenza,TW,"Taiwan, China",D172,Severe complicated influenza,流感并发重症,Viral,2006-02-01,2006-02,2,0.45161290322580644,0,0.00872804688916262,wpp_computed,,2003-01-01,2026-08-01,2026-08-01T00:00:00+00:00,nidss_open_data,"Taiwan, China CDC NIDSS",https://nidss.cdc.gov.tw/Home/Index,open_data_csv,nidss_open_data,"Taiwan, China CDC NIDSS",https://nidss.cdc.gov.tw/Home/Index,open_data_csv
disease,D172,severe-complicated-influenza,Severe complicated influenza,TW,"Taiwan, China",D172,Severe complicated influenza,流感并发重症,Viral,2006-03-01,2006-03,4,1.0,0,0.01745609377832524,wpp_computed,,2003-01-01,2026-08-01,2026-08-01T00:00:00+00:00,nidss_open_data,"Taiwan, China CDC NIDSS",https://nidss.cdc.gov.tw/Home/Index,open_data_csv,nidss_open_data,"Taiwan, China CDC NIDSS",https://nidss.cdc.gov.tw/Home/Index,open_data_csv
disease,D172,severe-complicated-influenza,Severe complicated influenza,TW,"Taiwan, China",D172,Severe complicated influenza,流感并发重症,Viral,2006-04-01,2006-04,2,0.45161290322580644,0,0.00872804688916262,wpp_computed,,2003-01-01,2026-08-01,2026-08-01T00:00:00+00:00,nidss_open_data,"Taiwan, China CDC NIDSS",https://nidss.cdc.gov.tw/Home/Index,open_data_csv,nidss_open_data,"Taiwan, China CDC NIDSS",https://nidss.cdc.gov.tw/Home/Index,open_data_csv
disease,D172,severe-complicated-influenza,Severe complicated influenza,TW,"Taiwan, China",D172,Severe complicated influenza,流感并发重症,Viral,2006-08-01,2006-08,1,0.05737704918032787,0,0.00436402344458131,wpp_computed,,2003-01-01,2026-08-01,2026-08-01T00:00:00+00:00,nidss_open_data,"Taiwan, China CDC NIDSS",https://nidss.cdc.gov.tw/Home/Index,open_data_csv,nidss_open_data,"Taiwan, China CDC NIDSS",https://nidss.cdc.gov.tw/Home/Index,open_data_csv
disease,D172,severe-complicated-influenza,Severe complicated influenza,TW,"Taiwan, China",D172,Severe complicated influenza,流感并发重症,Viral,2006-11-01,2006-11,3,0.22826086956521738,0,0.013092070333743929,wpp_computed,,2003-01-01,2026-08-01,2026-08-01T00:00:00+00:00,nidss_open_data,"Taiwan, China CDC NIDSS",https://nidss.cdc.gov.tw/Home/Index,open_data_csv,nidss_open_data,"Taiwan, China CDC NIDSS",https://nidss.cdc.gov.tw/Home/Index,open_data_csv
disease,D172,severe-complicated-influenza,Severe complicated influenza,TW,"Taiwan, China",D172,Severe complicated influenza,流感并发重症,Viral,2006-12-01,2006-12,13,3.033333333333333,0,0.056732304779557034,wpp_computed,,2003-01-01,2026-08-01,2026-08-01T00:00:00+00:00,nidss_open_data,"Taiwan, China CDC NIDSS",https://nidss.cdc.gov.tw/Home/Index,open_data_csv,nidss_open_data,"Taiwan, China CDC NIDSS",https://nidss.cdc.gov.tw/Home/Index,open_data_csv
disease,D172,severe-complicated-influenza,Severe complicated influenza,TW,"Taiwan, China",D172,Severe complicated influenza,流感并发重症,Viral,2007-01-01,2007-01,12,2.7096774193548385,0,0.052158211154172546,wpp_computed,,2003-01-01,2026-08-01,2026-08-01T00:00:00+00:00,nidss_open_data,"Taiwan, China CDC NIDSS",https://nidss.cdc.gov.tw/Home/Index,open_data_csv,nidss_open_data,"Taiwan, China CDC NIDSS",https://nidss.cdc.gov.tw/Home/Index,open_data_csv
disease,D172,severe-complicated-influenza,Severe complicated influenza,TW,"Taiwan, China",D172,Severe complicated influenza,流感并发重症,Viral,2007-02-01,2007-02,3,0.6774193548387096,0,0.013039552788543136,wpp_computed,,2003-01-01,2026-08-01,2026-08-01T00:00:00+00:00,nidss_open_data,"Taiwan, China CDC NIDSS",https://nidss.cdc.gov.tw/Home/Index,open_data_csv,nidss_open_data,"Taiwan, China CDC NIDSS",https://nidss.cdc.gov.tw/Home/Index,open_data_csv
disease,D172,severe-complicated-influenza,Severe complicated influenza,TW,"Taiwan, China",D172,Severe complicated influenza,流感并发重症,Viral,2007-04-01,2007-04,1,0.11864406779661017,0,0.004346517596181046,wpp_computed,,2003-01-01,2026-08-01,2026-08-01T00:00:00+00:00,nidss_open_data,"Taiwan, China CDC NIDSS",https://nidss.cdc.gov.tw/Home/Index,open_data_csv,nidss_open_data,"Taiwan, China CDC NIDSS",https://nidss.cdc.gov.tw/Home/Index,open_data_csv
disease,D172,severe-complicated-influenza,Severe complicated influenza,TW,"Taiwan, China",D172,Severe complicated influenza,流感并发重症,Viral,2007-05-01,2007-05,1,0.23333333333333334,0,0.004346517596181046,wpp_computed,,2003-01-01,2026-08-01,2026-08-01T00:00:00+00:00,nidss_open_data,"Taiwan, China CDC NIDSS",https://nidss.cdc.gov.tw/Home/Index,open_data_csv,nidss_open_data,"Taiwan, China CDC NIDSS",https://nidss.cdc.gov.tw/Home/Index,open_data_csv
disease,D172,severe-complicated-influenza,Severe complicated influenza,TW,"Taiwan, China",D172,Severe complicated influenza,流感并发重症,Viral,2007-06-01,2007-06,2,0.45161290322580644,0,0.008693035192362092,wpp_computed,,2003-01-01,2026-08-01,2026-08-01T00:00:00+00:00,nidss_open_data,"Taiwan, China CDC NIDSS",https://nidss.cdc.gov.tw/Home/Index,open_data_csv,nidss_open_data,"Taiwan, China CDC NIDSS",https://nidss.cdc.gov.tw/Home/Index,open_data_csv
disease,D172,severe-complicated-influenza,Severe complicated influenza,TW,"Taiwan, China",D172,Severe complicated influenza,流感并发重症,Viral,2007-07-01,2007-07,2,0.4666666666666667,0,0.008693035192362092,wpp_computed,,2003-01-01,2026-08-01,2026-08-01T00:00:00+00:00,nidss_open_data,"Taiwan, China CDC NIDSS",https://nidss.cdc.gov.tw/Home/Index,open_data_csv,nidss_open_data,"Taiwan, China CDC NIDSS",https://nidss.cdc.gov.tw/Home/Index,open_data_csv
disease,D172,severe-complicated-influenza,Severe complicated influenza,TW,"Taiwan, China",D172,Severe complicated influenza,流感并发重症,Viral,2007-08-01,2007-08,1,0.22580645161290322,0,0.004346517596181046,wpp_computed,,2003-01-01,2026-08-01,2026-08-01T00:00:00+00:00,nidss_open_data,"Taiwan, China CDC NIDSS",https://nidss.cdc.gov.tw/Home/Index,open_data_csv,nidss_open_data,"Taiwan, China CDC NIDSS",https://nidss.cdc.gov.tw/Home/Index,open_data_csv
disease,D172,severe-complicated-influenza,Severe complicated influenza,TW,"Taiwan, China",D172,Severe complicated influenza,流感并发重症,Viral,2007-10-01,2007-10,2,0.22950819672131148,0,0.008693035192362092,wpp_computed,,2003-01-01,2026-08-01,2026-08-01T00:00:00+00:00,nidss_open_data,"Taiwan, China CDC NIDSS",https://nidss.cdc.gov.tw/Home/Index,open_data_csv,nidss_open_data,"Taiwan, China CDC NIDSS",https://nidss.cdc.gov.tw/Home/Index,open_data_csv
disease,D172,severe-complicated-influenza,Severe complicated influenza,TW,"Taiwan, China",D172,Severe complicated influenza,流感并发重症,Viral,2007-11-01,2007-11,1,0.22580645161290322,0,0.004346517596181046,wpp_computed,,2003-01-01,2026-08-01,2026-08-01T00:00:00+00:00,nidss_open_data,"Taiwan, China CDC NIDSS",https://nidss.cdc.gov.tw/Home/Index,open_data_csv,nidss_open_data,"Taiwan, China CDC NIDSS",https://nidss.cdc.gov.tw/Home/Index,open_data_csv
disease,D172,severe-complicated-influenza,Severe complicated influenza,TW,"Taiwan, China",D172,Severe complicated influenza,流感并发重症,Viral,2007-12-01,2007-12,1,0.23333333333333334,0,0.004346517596181046,wpp_computed,,2003-01-01,2026-08-01,2026-08-01T00:00:00+00:00,nidss_open_data,"Taiwan, China CDC NIDSS",https://nidss.cdc.gov.tw/Home/Index,open_data_csv,nidss_open_data,"Taiwan, China CDC NIDSS",https://nidss.cdc.gov.tw/Home/Index,open_data_csv
disease,D172,severe-complicated-influenza,Severe complicated influenza,TW,"Taiwan, China",D172,Severe complicated influenza,流感并发重症,Viral,2008-01-01,2008-01,6,1.3548387096774193,0,0.025989508295396233,wpp_computed,,2003-01-01,2026-08-01,2026-08-01T00:00:00+00:00,nidss_open_data,"Taiwan, China CDC NIDSS",https://nidss.cdc.gov.tw/Home/Index,open_data_csv,nidss_open_data,"Taiwan, China CDC NIDSS",https://nidss.cdc.gov.tw/Home/Index,open_data_csv
disease,D172,severe-complicated-influenza,Severe complicated influenza,TW,"Taiwan, China",D172,Severe complicated influenza,流感并发重症,Viral,2008-02-01,2008-02,5,1.129032258064516,0,0.02165792357949686,wpp_computed,,2003-01-01,2026-08-01,2026-08-01T00:00:00+00:00,nidss_open_data,"Taiwan, China CDC NIDSS",https://nidss.cdc.gov.tw/Home/Index,open_data_csv,nidss_open_data,"Taiwan, China CDC NIDSS",https://nidss.cdc.gov.tw/Home/Index,open_data_csv
disease,D172,severe-complicated-influenza,Severe complicated influenza,TW,"Taiwan, China",D172,Severe complicated influenza,流感并发重症,Viral,2008-03-01,2008-03,4,0.9655172413793103,0,0.01732633886359749,wpp_computed,,2003-01-01,2026-08-01,2026-08-01T00:00:00+00:00,nidss_open_data,"Taiwan, China CDC NIDSS",https://nidss.cdc.gov.tw/Home/Index,open_data_csv,nidss_open_data,"Taiwan, China CDC NIDSS",https://nidss.cdc.gov.tw/Home/Index,open_data_csv
disease,D172,severe-complicated-influenza,Severe complicated influenza,TW,"Taiwan, China",D172,Severe complicated influenza,流感并发重症,Viral,2008-10-01,2008-10,2,0.06542056074766354,0,0.008663169431798744,wpp_computed,,2003-01-01,2026-08-01,2026-08-01T00:00:00+00:00,nidss_open_data,"Taiwan, China CDC NIDSS",https://nidss.cdc.gov.tw/Home/Index,open_data_csv,nidss_open_data,"Taiwan, China CDC NIDSS",https://nidss.cdc.gov.tw/Home/Index,open_data_csv
disease,D172,severe-complicated-influenza,Severe complicated influenza,TW,"Taiwan, China",D172,Severe complicated influenza,流感并发重症,Viral,2008-12-01,2008-12,7,0.8032786885245902,0,0.030321093011295604,wpp_computed,,2003-01-01,2026-08-01,2026-08-01T00:00:00+00:00,nidss_open_data,"Taiwan, China CDC NIDSS",https://nidss.cdc.gov.tw/Home/Index,open_data_csv,nidss_open_data,"Taiwan, China CDC NIDSS",https://nidss.cdc.gov.tw/Home/Index,open_data_csv
disease,D172,severe-complicated-influenza,Severe complicated influenza,TW,"Taiwan, China",D172,Severe complicated influenza,流感并发重症,Viral,2009-01-01,2009-01,9,2.032258064516129,0,0.03885278769399251,wpp_computed,,2003-01-01,2026-08-01,2026-08-01T00:00:00+00:00,nidss_open_data,"Taiwan, China CDC NIDSS",https://nidss.cdc.gov.tw/Home/Index,open_data_csv,nidss_open_data,"Taiwan, China CDC NIDSS",https://nidss.cdc.gov.tw/Home/Index,open_data_csv
disease,D172,severe-complicated-influenza,Severe complicated influenza,TW,"Taiwan, China",D172,Severe complicated influenza,流感并发重症,Viral,2009-02-01,2009-02,6,1.3548387096774193,0,0.02590185846266167,wpp_computed,,2003-01-01,2026-08-01,2026-08-01T00:00:00+00:00,nidss_open_data,"Taiwan, China CDC NIDSS",https://nidss.cdc.gov.tw/Home/Index,open_data_csv,nidss_open_data,"Taiwan, China CDC NIDSS",https://nidss.cdc.gov.tw/Home/Index,open_data_csv
disease,D172,severe-complicated-influenza,Severe complicated influenza,TW,"Taiwan, China",D172,Severe complicated influenza,流感并发重症,Viral,2009-03-01,2009-03,4,1.0,0,0.017267905641774446,wpp_computed,,2003-01-01,2026-08-01,2026-08-01T00:00:00+00:00,nidss_open_data,"Taiwan, China CDC NIDSS",https://nidss.cdc.gov.tw/Home/Index,open_data_csv,nidss_open_data,"Taiwan, China CDC NIDSS",https://nidss.cdc.gov.tw/Home/Index,open_data_csv
disease,D172,severe-complicated-influenza,Severe complicated influenza,TW,"Taiwan, China",D172,Severe complicated influenza,流感并发重症,Viral,2009-07-01,2009-07,25,1.4344262295081966,0,0.10792441026109031,wpp_computed,,2003-01-01,2026-08-01,2026-08-01T00:00:00+00:00,nidss_open_data,"Taiwan, China CDC NIDSS",https://nidss.cdc.gov.tw/Home/Index,open_data_csv,nidss_open_data,"Taiwan, China CDC NIDSS",https://nidss.cdc.gov.tw/Home/Index,open_data_csv
disease,D172,severe-complicated-influenza,Severe complicated influenza,TW,"Taiwan, China",D172,Severe complicated influenza,流感并发重症,Viral,2009-08-01,2009-08,280,63.22580645161291,0,1.2087533949242113,wpp_computed,,2003-01-01,2026-08-01,2026-08-01T00:00:00+00:00,nidss_open_data,"Taiwan, China CDC NIDSS",https://nidss.cdc.gov.tw/Home/Index,open_data_csv,nidss_open_data,"Taiwan, China CDC NIDSS",https://nidss.cdc.gov.tw/Home/Index,open_data_csv
disease,D172,severe-complicated-influenza,Severe complicated influenza,TW,"Taiwan, China",D172,Severe complicated influenza,流感并发重症,Viral,2009-09-01,2009-09,290,65.48387096774194,0,1.2519231590286475,wpp_computed,,2003-01-01,2026-08-01,2026-08-01T00:00:00+00:00,nidss_open_data,"Taiwan, China CDC NIDSS",https://nidss.cdc.gov.tw/Home/Index,open_data_csv,nidss_open_data,"Taiwan, China CDC NIDSS",https://nidss.cdc.gov.tw/Home/Index,open_data_csv
disease,D172,severe-complicated-influenza,Severe complicated influenza,TW,"Taiwan, China",D172,Severe complicated influenza,流感并发重症,Viral,2009-10-01,2009-10,235,54.83333333333333,0,1.0144894564542488,wpp_computed,,2003-01-01,2026-08-01,2026-08-01T00:00:00+00:00,nidss_open_data,"Taiwan, China CDC NIDSS",https://nidss.cdc.gov.tw/Home/Index,open_data_csv,nidss_open_data,"Taiwan, China CDC NIDSS",https://nidss.cdc.gov.tw/Home/Index,open_data_csv
disease,D172,severe-complicated-influenza,Severe complicated influenza,TW,"Taiwan, China",D172,Severe complicated influenza,流感并发重症,Viral,2009-11-01,2009-11,272,61.41935483870967,0,1.1742175836406625,wpp_computed,,2003-01-01,2026-08-01,2026-08-01T00:00:00+00:00,nidss_open_data,"Taiwan, China CDC NIDSS",https://nidss.cdc.gov.tw/Home/Index,open_data_csv,nidss_open_data,"Taiwan, China CDC NIDSS",https://nidss.cdc.gov.tw/Home/Index,open_data_csv
disease,D172,severe-complicated-influenza,Severe complicated influenza,TW,"Taiwan, China",D172,Severe complicated influenza,流感并发重症,Viral,2009-12-01,2009-12,113,26.366666666666667,0,0.48781833438012817,wpp_computed,,2003-01-01,2026-08-01,2026-08-01T00:00:00+00:00,nidss_open_data,"Taiwan, China CDC NIDSS",https://nidss.cdc.gov.tw/Home/Index,open_data_csv,nidss_open_data,"Taiwan, China CDC NIDSS",https://nidss.cdc.gov.tw/Home/Index,open_data_csv
disease,D172,severe-complicated-influenza,Severe complicated influenza,TW,"Taiwan, China",D172,Severe complicated influenza,流感并发重症,Viral,2010-01-01,2010-01,46,10.387096774193548,0,0.19807054316841996,wpp_computed,,2003-01-01,2026-08-01,2026-08-01T00:00:00+00:00,nidss_open_data,"Taiwan, China CDC NIDSS",https://nidss.cdc.gov.tw/Home/Index,open_data_csv,nidss_open_data,"Taiwan, China CDC NIDSS",https://nidss.cdc.gov.tw/Home/Index,open_data_csv
disease,D172,severe-complicated-influenza,Severe complicated influenza,TW,"Taiwan, China",D172,Severe complicated influenza,流感并发重症,Viral,2010-02-01,2010-02,13,2.935483870967742,0,0.055976457851944765,wpp_computed,,2003-01-01,2026-08-01,2026-08-01T00:00:00+00:00,nidss_open_data,"Taiwan, China CDC NIDSS",https://nidss.cdc.gov.tw/Home/Index,open_data_csv,nidss_open_data,"Taiwan, China CDC NIDSS",https://nidss.cdc.gov.tw/Home/Index,open_data_csv
disease,D172,severe-complicated-influenza,Severe complicated influenza,TW,"Taiwan, China",D172,Severe complicated influenza,流感并发重症,Viral,2010-03-01,2010-03,10,2.5,0,0.04305881373226521,wpp_computed,,2003-01-01,2026-08-01,2026-08-01T00:00:00+00:00,nidss_open_data,"Taiwan, China CDC NIDSS",https://nidss.cdc.gov.tw/Home/Index,open_data_csv,nidss_open_data,"Taiwan, China CDC NIDSS",https://nidss.cdc.gov.tw/Home/Index,open_data_csv
disease,D172,severe-complicated-influenza,Severe complicated influenza,TW,"Taiwan, China",D172,Severe complicated influenza,流感并发重症,Viral,2010-04-01,2010-04,14,3.161290322580645,0,0.06028233922517129,wpp_computed,,2003-01-01,2026-08-01,2026-08-01T00:00:00+00:00,nidss_open_data,"Taiwan, China CDC NIDSS",https://nidss.cdc.gov.tw/Home/Index,open_data_csv,nidss_open_data,"Taiwan, China CDC NIDSS",https://nidss.cdc.gov.tw/Home/Index,open_data_csv
disease,D172,severe-complicated-influenza,Severe complicated influenza,TW,"Taiwan, China",D172,Severe complicated influenza,流感并发重症,Viral,2010-05-01,2010-05,59,13.766666666666666,0,0.2540470010203647,wpp_computed,,2003-01-01,2026-08-01,2026-08-01T00:00:00+00:00,nidss_open_data,"Taiwan, China CDC NIDSS",https://nidss.cdc.gov.tw/Home/Index,open_data_csv,nidss_open_data,"Taiwan, China CDC NIDSS",https://nidss.cdc.gov.tw/Home/Index,open_data_csv
disease,D172,severe-complicated-influenza,Severe complicated influenza,TW,"Taiwan, China",D172,Severe complicated influenza,流感并发重症,Viral,2010-06-01,2010-06,61,13.774193548387096,0,0.26265876376681774,wpp_computed,,2003-01-01,2026-08-01,2026-08-01T00:00:00+00:00,nidss_open_data,"Taiwan, China CDC NIDSS",https://nidss.cdc.gov.tw/Home/Index,open_data_csv,nidss_open_data,"Taiwan, China CDC NIDSS",https://nidss.cdc.gov.tw/Home/Index,open_data_csv
disease,D172,severe-complicated-influenza,Severe complicated influenza,TW,"Taiwan, China",D172,Severe complicated influenza,流感并发重症,Viral,2010-07-01,2010-07,124,28.933333333333337,0,0.5339292902800885,wpp_computed,,2003-01-01,2026-08-01,2026-08-01T00:00:00+00:00,nidss_open_data,"Taiwan, China CDC NIDSS",https://nidss.cdc.gov.tw/Home/Index,open_data_csv,nidss_open_data,"Taiwan, China CDC NIDSS",https://nidss.cdc.gov.tw/Home/Index,open_data_csv
disease,D172,severe-complicated-influenza,Severe complicated influenza,TW,"Taiwan, China",D172,Severe complicated influenza,流感并发重症,Viral,2010-08-01,2010-08,266,60.064516129032256,0,1.1453644452782545,wpp_computed,,2003-01-01,2026-08-01,2026-08-01T00:00:00+00:00,nidss_open_data,"Taiwan, China CDC NIDSS",https://nidss.cdc.gov.tw/Home/Index,open_data_csv,nidss_open_data,"Taiwan, China CDC NIDSS",https://nidss.cdc.gov.tw/Home/Index,open_data_csv
disease,D172,severe-complicated-influenza,Severe complicated influenza,TW,"Taiwan, China",D172,Severe complicated influenza,流感并发重症,Viral,2010-09-01,2010-09,171,38.612903225806456,0,0.736305714821735,wpp_computed,,2003-01-01,2026-08-01,2026-08-01T00:00:00+00:00,nidss_open_data,"Taiwan, China CDC NIDSS",https://nidss.cdc.gov.tw/Home/Index,open_data_csv,nidss_open_data,"Taiwan, China CDC NIDSS",https://nidss.cdc.gov.tw/Home/Index,open_data_csv
disease,D172,severe-complicated-influenza,Severe complicated influenza,TW,"Taiwan, China",D172,Severe complicated influenza,流感并发重症,Viral,2010-10-01,2010-10,73,17.03333333333333,0,0.314329340245536,wpp_computed,,2003-01-01,2026-08-01,2026-08-01T00:00:00+00:00,nidss_open_data,"Taiwan, China CDC NIDSS",https://nidss.cdc.gov.tw/Home/Index,open_data_csv,nidss_open_data,"Taiwan, China CDC NIDSS",https://nidss.cdc.gov.tw/Home/Index,open_data_csv
disease,D172,severe-complicated-influenza,Severe complicated influenza,TW,"Taiwan, China",D172,Severe complicated influenza,流感并发重症,Viral,2010-11-01,2010-11,36,8.129032258064516,0,0.15501172943615474,wpp_computed,,2003-01-01,2026-08-01,2026-08-01T00:00:00+00:00,nidss_open_data,"Taiwan, China CDC NIDSS",https://nidss.cdc.gov.tw/Home/Index,open_data_csv,nidss_open_data,"Taiwan, China CDC NIDSS",https://nidss.cdc.gov.tw/Home/Index,open_data_csv
disease,D172,severe-complicated-influenza,Severe complicated influenza,TW,"Taiwan, China",D172,Severe complicated influenza,流感并发重症,Viral,2010-12-01,2010-12,59,13.766666666666666,0,0.2540470010203647,wpp_computed,,2003-01-01,2026-08-01,2026-08-01T00:00:00+00:00,nidss_open_data,"Taiwan, China CDC NIDSS",https://nidss.cdc.gov.tw/Home/Index,open_data_csv,nidss_open_data,"Taiwan, China CDC NIDSS",https://nidss.cdc.gov.tw/Home/Index,open_data_csv
disease,D172,severe-complicated-influenza,Severe complicated influenza,TW,"Taiwan, China",D172,Severe complicated influenza,流感并发重症,Viral,2011-01-01,2011-01,654,147.67741935483872,0,2.8101140818232606,wpp_computed,,2003-01-01,2026-08-01,2026-08-01T00:00:00+00:00,nidss_open_data,"Taiwan, China CDC NIDSS",https://nidss.cdc.gov.tw/Home/Index,open_data_csv,nidss_open_data,"Taiwan, China CDC NIDSS",https://nidss.cdc.gov.tw/Home/Index,open_data_csv
disease,D172,severe-complicated-influenza,Severe complicated influenza,TW,"Taiwan, China",D172,Severe complicated influenza,流感并发重症,Viral,2011-02-01,2011-02,441,99.58064516129033,0,1.8948934404955013,wpp_computed,,2003-01-01,2026-08-01,2026-08-01T00:00:00+00:00,nidss_open_data,"Taiwan, China CDC NIDSS",https://nidss.cdc.gov.tw/Home/Index,open_data_csv,nidss_open_data,"Taiwan, China CDC NIDSS",https://nidss.cdc.gov.tw/Home/Index,open_data_csv
disease,D172,severe-complicated-influenza,Severe complicated influenza,TW,"Taiwan, China",D172,Severe complicated influenza,流感并发重症,Viral,2011-03-01,2011-03,43,10.75,0,0.18476285247461804,wpp_computed,,2003-01-01,2026-08-01,2026-08-01T00:00:00+00:00,nidss_open_data,"Taiwan, China CDC NIDSS",https://nidss.cdc.gov.tw/Home/Index,open_data_csv,nidss_open_data,"Taiwan, China CDC NIDSS",https://nidss.cdc.gov.tw/Home/Index,open_data_csv
disease,D172,severe-complicated-influenza,Severe complicated influenza,TW,"Taiwan, China",D172,Severe complicated influenza,流感并发重症,Viral,2011-04-01,2011-04,15,3.3870967741935485,0,0.06445215783998304,wpp_computed,,2003-01-01,2026-08-01,2026-08-01T00:00:00+00:00,nidss_open_data,"Taiwan, China CDC NIDSS",https://nidss.cdc.gov.tw/Home/Index,open_data_csv,nidss_open_data,"Taiwan, China CDC NIDSS",https://nidss.cdc.gov.tw/Home/Index,open_data_csv
disease,D172,severe-complicated-influenza,Severe complicated influenza,TW,"Taiwan, China",D172,Severe complicated influenza,流感并发重症,Viral,2011-05-01,2011-05,10,2.333333333333333,0,0.042968105226655354,wpp_computed,,2003-01-01,2026-08-01,2026-08-01T00:00:00+00:00,nidss_open_data,"Taiwan, China CDC NIDSS",https://nidss.cdc.gov.tw/Home/Index,open_data_csv,nidss_open_data,"Taiwan, China CDC NIDSS",https://nidss.cdc.gov.tw/Home/Index,open_data_csv
disease,D172,severe-complicated-influenza,Severe complicated influenza,TW,"Taiwan, China",D172,Severe complicated influenza,流感并发重症,Viral,2011-06-01,2011-06,7,1.5806451612903225,0,0.030077673658658752,wpp_computed,,2003-01-01,2026-08-01,2026-08-01T00:00:00+00:00,nidss_open_data,"Taiwan, China CDC NIDSS",https://nidss.cdc.gov.tw/Home/Index,open_data_csv,nidss_open_data,"Taiwan, China CDC NIDSS",https://nidss.cdc.gov.tw/Home/Index,open_data_csv
disease,D172,severe-complicated-influenza,Severe complicated influenza,TW,"Taiwan, China",D172,Severe complicated influenza,流感并发重症,Viral,2011-07-01,2011-07,16,3.7333333333333334,0,0.06874896836264857,wpp_computed,,2003-01-01,2026-08-01,2026-08-01T00:00:00+00:00,nidss_open_data,"Taiwan, China CDC NIDSS",https://nidss.cdc.gov.tw/Home/Index,open_data_csv,nidss_open_data,"Taiwan, China CDC NIDSS",https://nidss.cdc.gov.tw/Home/Index,open_data_csv
disease,D172,severe-complicated-influenza,Severe complicated influenza,TW,"Taiwan, China",D172,Severe complicated influenza,流感并发重症,Viral,2011-08-01,2011-08,22,4.967741935483871,0,0.09452983149864179,wpp_computed,,2003-01-01,2026-08-01,2026-08-01T00:00:00+00:00,nidss_open_data,"Taiwan, China CDC NIDSS",https://nidss.cdc.gov.tw/Home/Index,open_data_csv,nidss_open_data,"Taiwan, China CDC NIDSS",https://nidss.cdc.gov.tw/Home/Index,open_data_csv
disease,D172,severe-complicated-influenza,Severe complicated influenza,TW,"Taiwan, China",D172,Severe complicated influenza,流感并发重症,Viral,2011-09-01,2011-09,9,2.032258064516129,0,0.03867129470398982,wpp_computed,,2003-01-01,2026-08-01,2026-08-01T00:00:00+00:00,nidss_open_data,"Taiwan, China CDC NIDSS",https://nidss.cdc.gov.tw/Home/Index,open_data_csv,nidss_open_data,"Taiwan, China CDC NIDSS",https://nidss.cdc.gov.tw/Home/Index,open_data_csv
disease,D172,severe-complicated-influenza,Severe complicated influenza,TW,"Taiwan, China",D172,Severe complicated influenza,流感并发重症,Viral,2011-10-01,2011-10,45,10.5,0,0.1933564735199491,wpp_computed,,2003-01-01,2026-08-01,2026-08-01T00:00:00+00:00,nidss_open_data,"Taiwan, China CDC NIDSS",https://nidss.cdc.gov.tw/Home/Index,open_data_csv,nidss_open_data,"Taiwan, China CDC NIDSS",https://nidss.cdc.gov.tw/Home/Index,open_data_csv
disease,D172,severe-complicated-influenza,Severe complicated influenza,TW,"Taiwan, China",D172,Severe complicated influenza,流感并发重症,Viral,2011-11-01,2011-11,58,13.096774193548386,0,0.24921501031460105,wpp_computed,,2003-01-01,2026-08-01,2026-08-01T00:00:00+00:00,nidss_open_data,"Taiwan, China CDC NIDSS",https://nidss.cdc.gov.tw/Home/Index,open_data_csv,nidss_open_data,"Taiwan, China CDC NIDSS",https://nidss.cdc.gov.tw/Home/Index,open_data_csv
disease,D172,severe-complicated-influenza,Severe complicated influenza,TW,"Taiwan, China",D172,Severe complicated influenza,流感并发重症,Viral,2011-12-01,2011-12,273,63.699999999999996,0,1.1730292726876912,wpp_computed,,2003-01-01,2026-08-01,2026-08-01T00:00:00+00:00,nidss_open_data,"Taiwan, China CDC NIDSS",https://nidss.cdc.gov.tw/Home/Index,open_data_csv,nidss_open_data,"Taiwan, China CDC NIDSS",https://nidss.cdc.gov.tw/Home/Index,open_data_csv
disease,D172,severe-complicated-influenza,Severe complicated influenza,TW,"Taiwan, China",D172,Severe complicated influenza,流感并发重症,Viral,2012-01-01,2012-01,643,145.19354838709677,0,2.7542237391726987,wpp_computed,,2003-01-01,2026-08-01,2026-08-01T00:00:00+00:00,nidss_open_data,"Taiwan, China CDC NIDSS",https://nidss.cdc.gov.tw/Home/Index,open_data_csv,nidss_open_data,"Taiwan, China CDC NIDSS",https://nidss.cdc.gov.tw/Home/Index,open_data_csv
disease,D172,severe-complicated-influenza,Severe complicated influenza,TW,"Taiwan, China",D172,Severe complicated influenza,流感并发重症,Viral,2012-02-01,2012-02,275,62.096774193548384,0,1.1779339475466442,wpp_computed,,2003-01-01,2026-08-01,2026-08-01T00:00:00+00:00,nidss_open_data,"Taiwan, China CDC NIDSS",https://nidss.cdc.gov.tw/Home/Index,open_data_csv,nidss_open_data,"Taiwan, China CDC NIDSS",https://nidss.cdc.gov.tw/Home/Index,open_data_csv
disease,D172,severe-complicated-influenza,Severe complicated influenza,TW,"Taiwan, China",D172,Severe complicated influenza,流感并发重症,Viral,2012-03-01,2012-03,138,33.310344827586206,0,0.5911086718597705,wpp_computed,,2003-01-01,2026-08-01,2026-08-01T00:00:00+00:00,nidss_open_data,"Taiwan, China CDC NIDSS",https://nidss.cdc.gov.tw/Home/Index,open_data_csv,nidss_open_data,"Taiwan, China CDC NIDSS",https://nidss.cdc.gov.tw/Home/Index,open_data_csv
disease,D172,severe-complicated-influenza,Severe complicated influenza,TW,"Taiwan, China",D172,Severe complicated influenza,流感并发重症,Viral,2012-04-01,2012-04,81,18.29032258064516,0,0.3469550900046479,wpp_computed,,2003-01-01,2026-08-01,2026-08-01T00:00:00+00:00,nidss_open_data,"Taiwan, China CDC NIDSS",https://nidss.cdc.gov.tw/Home/Index,open_data_csv,nidss_open_data,"Taiwan, China CDC NIDSS",https://nidss.cdc.gov.tw/Home/Index,open_data_csv
disease,D172,severe-complicated-influenza,Severe complicated influenza,TW,"Taiwan, China",D172,Severe complicated influenza,流感并发重症,Viral,2012-05-01,2012-05,105,24.5,0,0.4497565981541732,wpp_computed,,2003-01-01,2026-08-01,2026-08-01T00:00:00+00:00,nidss_open_data,"Taiwan, China CDC NIDSS",https://nidss.cdc.gov.tw/Home/Index,open_data_csv,nidss_open_data,"Taiwan, China CDC NIDSS",https://nidss.cdc.gov.tw/Home/Index,open_data_csv
disease,D172,severe-complicated-influenza,Severe complicated influenza,TW,"Taiwan, China",D172,Severe complicated influenza,流感并发重症,Viral,2012-06-01,2012-06,184,41.54838709677419,0,0.7881448958130273,wpp_computed,,2003-01-01,2026-08-01,2026-08-01T00:00:00+00:00,nidss_open_data,"Taiwan, China CDC NIDSS",https://nidss.cdc.gov.tw/Home/Index,open_data_csv,nidss_open_data,"Taiwan, China CDC NIDSS",https://nidss.cdc.gov.tw/Home/Index,open_data_csv
disease,D172,severe-complicated-influenza,Severe complicated influenza,TW,"Taiwan, China",D172,Severe complicated influenza,流感并发重症,Viral,2012-07-01,2012-07,190,44.33333333333333,0,0.8138452728504086,wpp_computed,,2003-01-01,2026-08-01,2026-08-01T00:00:00+00:00,nidss_open_data,"Taiwan, China CDC NIDSS",https://nidss.cdc.gov.tw/Home/Index,open_data_csv,nidss_open_data,"Taiwan, China CDC NIDSS",https://nidss.cdc.gov.tw/Home/Index,open_data_csv
disease,D172,severe-complicated-influenza,Severe complicated influenza,TW,"Taiwan, China",D172,Severe complicated influenza,流感并发重症,Viral,2012-08-01,2012-08,72,16.258064516129032,0,0.3084045244485759,wpp_computed,,2003-01-01,2026-08-01,2026-08-01T00:00:00+00:00,nidss_open_data,"Taiwan, China CDC NIDSS",https://nidss.cdc.gov.tw/Home/Index,open_data_csv,nidss_open_data,"Taiwan, China CDC NIDSS",https://nidss.cdc.gov.tw/Home/Index,open_data_csv
disease,D172,severe-complicated-influenza,Severe complicated influenza,TW,"Taiwan, China",D172,Severe complicated influenza,流感并发重症,Viral,2012-09-01,2012-09,18,4.064516129032258,0,0.07710113111214398,wpp_computed,,2003-01-01,2026-08-01,2026-08-01T00:00:00+00:00,nidss_open_data,"Taiwan, China CDC NIDSS",https://nidss.cdc.gov.tw/Home/Index,open_data_csv,nidss_open_data,"Taiwan, China CDC NIDSS",https://nidss.cdc.gov.tw/Home/Index,open_data_csv
disease,D172,severe-complicated-influenza,Severe complicated influenza,TW,"Taiwan, China",D172,Severe complicated influenza,流感并发重症,Viral,2012-10-01,2012-10,4,0.9333333333333333,0,0.01713358469158755,wpp_computed,,2003-01-01,2026-08-01,2026-08-01T00:00:00+00:00,nidss_open_data,"Taiwan, China CDC NIDSS",https://nidss.cdc.gov.tw/Home/Index,open_data_csv,nidss_open_data,"Taiwan, China CDC NIDSS",https://nidss.cdc.gov.tw/Home/Index,open_data_csv
disease,D172,severe-complicated-influenza,Severe complicated influenza,TW,"Taiwan, China",D172,Severe complicated influenza,流感并发重症,Viral,2012-11-01,2012-11,5,1.129032258064516,0,0.021416980864484438,wpp_computed,,2003-01-01,2026-08-01,2026-08-01T00:00:00+00:00,nidss_open_data,"Taiwan, China CDC NIDSS",https://nidss.cdc.gov.tw/Home/Index,open_data_csv,nidss_open_data,"Taiwan, China CDC NIDSS",https://nidss.cdc.gov.tw/Home/Index,open_data_csv
disease,D172,severe-complicated-influenza,Severe complicated influenza,TW,"Taiwan, China",D172,Severe complicated influenza,流感并发重症,Viral,2012-12-01,2012-12,8,1.8666666666666667,0,0.0342671693831751,wpp_computed,,2003-01-01,2026-08-01,2026-08-01T00:00:00+00:00,nidss_open_data,"Taiwan, China CDC NIDSS",https://nidss.cdc.gov.tw/Home/Index,open_data_csv,nidss_open_data,"Taiwan, China CDC NIDSS",https://nidss.cdc.gov.tw/Home/Index,open_data_csv
disease,D172,severe-complicated-influenza,Severe complicated influenza,TW,"Taiwan, China",D172,Severe complicated influenza,流感并发重症,Viral,2013-01-01,2013-01,39,8.806451612903226,0,0.1665465645297796,wpp_computed,,2003-01-01,2026-08-01,2026-08-01T00:00:00+00:00,nidss_open_data,"Taiwan, China CDC NIDSS",https://nidss.cdc.gov.tw/Home/Index,open_data_csv,nidss_open_data,"Taiwan, China CDC NIDSS",https://nidss.cdc.gov.tw/Home/Index,open_data_csv
disease,D172,severe-complicated-influenza,Severe complicated influenza,TW,"Taiwan, China",D172,Severe complicated influenza,流感并发重症,Viral,2013-02-01,2013-02,78,17.612903225806452,0,0.3330931290595592,wpp_computed,,2003-01-01,2026-08-01,2026-08-01T00:00:00+00:00,nidss_open_data,"Taiwan, China CDC NIDSS",https://nidss.cdc.gov.tw/Home/Index,open_data_csv,nidss_open_data,"Taiwan, China CDC NIDSS",https://nidss.cdc.gov.tw/Home/Index,open_data_csv
disease,D172,severe-complicated-influenza,Severe complicated influenza,TW,"Taiwan, China",D172,Severe complicated influenza,流感并发重症,Viral,2013-03-01,2013-03,128,32.0,0,0.5466143656361997,wpp_computed,,2003-01-01,2026-08-01,2026-08-01T00:00:00+00:00,nidss_open_data,"Taiwan, China CDC NIDSS",https://nidss.cdc.gov.tw/Home/Index,open_data_csv,nidss_open_data,"Taiwan, China CDC NIDSS",https://nidss.cdc.gov.tw/Home/Index,open_data_csv
disease,D172,severe-complicated-influenza,Severe complicated influenza,TW,"Taiwan, China",D172,Severe complicated influenza,流感并发重症,Viral,2013-04-01,2013-04,193,43.58064516129032,0,0.8241919731858324,wpp_computed,,2003-01-01,2026-08-01,2026-08-01T00:00:00+00:00,nidss_open_data,"Taiwan, China CDC NIDSS",https://nidss.cdc.gov.tw/Home/Index,open_data_csv,nidss_open_data,"Taiwan, China CDC NIDSS",https://nidss.cdc.gov.tw/Home/Index,open_data_csv
disease,D172,severe-complicated-influenza,Severe complicated influenza,TW,"Taiwan, China",D172,Severe complicated influenza,流感并发重症,Viral,2013-05-01,2013-05,169,39.43333333333334,0,0.7217017796290449,wpp_computed,,2003-01-01,2026-08-01,2026-08-01T00:00:00+00:00,nidss_open_data,"Taiwan, China CDC NIDSS",https://nidss.cdc.gov.tw/Home/Index,open_data_csv,nidss_open_data,"Taiwan, China CDC NIDSS",https://nidss.cdc.gov.tw/Home/Index,open_data_csv
disease,D172,severe-complicated-influenza,Severe complicated influenza,TW,"Taiwan, China",D172,Severe complicated influenza,流感并发重症,Viral,2013-06-01,2013-06,134,30.258064516129032,0,0.5722369140253964,wpp_computed,,2003-01-01,2026-08-01,2026-08-01T00:00:00+00:00,nidss_open_data,"Taiwan, China CDC NIDSS",https://nidss.cdc.gov.tw/Home/Index,open_data_csv,nidss_open_data,"Taiwan, China CDC NIDSS",https://nidss.cdc.gov.tw/Home/Index,open_data_csv
disease,D172,severe-complicated-influenza,Severe complicated influenza,TW,"Taiwan, China",D172,Severe complicated influenza,流感并发重症,Viral,2013-07-01,2013-07,56,13.066666666666666,0,0.23914378496583732,wpp_computed,,2003-01-01,2026-08-01,2026-08-01T00:00:00+00:00,nidss_open_data,"Taiwan, China CDC NIDSS",https://nidss.cdc.gov.tw/Home/Index,open_data_csv,nidss_open_data,"Taiwan, China CDC NIDSS",https://nidss.cdc.gov.tw/Home/Index,open_data_csv
disease,D172,severe-complicated-influenza,Severe complicated influenza,TW,"Taiwan, China",D172,Severe complicated influenza,流感并发重症,Viral,2013-08-01,2013-08,45,10.161290322580646,0,0.19216911291897643,wpp_computed,,2003-01-01,2026-08-01,2026-08-01T00:00:00+00:00,nidss_open_data,"Taiwan, China CDC NIDSS",https://nidss.cdc.gov.tw/Home/Index,open_data_csv,nidss_open_data,"Taiwan, China CDC NIDSS",https://nidss.cdc.gov.tw/Home/Index,open_data_csv
disease,D172,severe-complicated-influenza,Severe complicated influenza,TW,"Taiwan, China",D172,Severe complicated influenza,流感并发重症,Viral,2013-09-01,2013-09,41,9.258064516129032,0,0.1750874139928452,wpp_computed,,2003-01-01,2026-08-01,2026-08-01T00:00:00+00:00,nidss_open_data,"Taiwan, China CDC NIDSS",https://nidss.cdc.gov.tw/Home/Index,open_data_csv,nidss_open_data,"Taiwan, China CDC NIDSS",https://nidss.cdc.gov.tw/Home/Index,open_data_csv
disease,D172,severe-complicated-influenza,Severe complicated influenza,TW,"Taiwan, China",D172,Severe complicated influenza,流感并发重症,Viral,2013-10-01,2013-10,29,6.766666666666667,0,0.12384231721445149,wpp_computed,,2003-01-01,2026-08-01,2026-08-01T00:00:00+00:00,nidss_open_data,"Taiwan, China CDC NIDSS",https://nidss.cdc.gov.tw/Home/Index,open_data_csv,nidss_open_data,"Taiwan, China CDC NIDSS",https://nidss.cdc.gov.tw/Home/Index,open_data_csv
disease,D172,severe-complicated-influenza,Severe complicated influenza,TW,"Taiwan, China",D172,Severe complicated influenza,流感并发重症,Viral,2013-11-01,2013-11,39,8.806451612903226,0,0.1665465645297796,wpp_computed,,2003-01-01,2026-08-01,2026-08-01T00:00:00+00:00,nidss_open_data,"Taiwan, China CDC NIDSS",https://nidss.cdc.gov.tw/Home/Index,open_data_csv,nidss_open_data,"Taiwan, China CDC NIDSS",https://nidss.cdc.gov.tw/Home/Index,open_data_csv
disease,D172,severe-complicated-influenza,Severe complicated influenza,TW,"Taiwan, China",D172,Severe complicated influenza,流感并发重症,Viral,2013-12-01,2013-12,100,23.333333333333336,0,0.427042473153281,wpp_computed,,2003-01-01,2026-08-01,2026-08-01T00:00:00+00:00,nidss_open_data,"Taiwan, China CDC NIDSS",https://nidss.cdc.gov.tw/Home/Index,open_data_csv,nidss_open_data,"Taiwan, China CDC NIDSS",https://nidss.cdc.gov.tw/Home/Index,open_data_csv
disease,D172,severe-complicated-influenza,Severe complicated influenza,TW,"Taiwan, China",D172,Severe complicated influenza,流感并发重症,Viral,2014-01-01,2014-01,515,116.29032258064517,0,2.19402738457174,wpp_computed,,2003-01-01,2026-08-01,2026-08-01T00:00:00+00:00,nidss_open_data,"Taiwan, China CDC NIDSS",https://nidss.cdc.gov.tw/Home/Index,open_data_csv,nidss_open_data,"Taiwan, China CDC NIDSS",https://nidss.cdc.gov.tw/Home/Index,open_data_csv
disease,D172,severe-complicated-influenza,Severe complicated influenza,TW,"Taiwan, China",D172,Severe complicated influenza,流感并发重症,Viral,2014-02-01,2014-02,618,139.54838709677418,0,2.6328328614860883,wpp_computed,,2003-01-01,2026-08-01,2026-08-01T00:00:00+00:00,nidss_open_data,"Taiwan, China CDC NIDSS",https://nidss.cdc.gov.tw/Home/Index,open_data_csv,nidss_open_data,"Taiwan, China CDC NIDSS",https://nidss.cdc.gov.tw/Home/Index,open_data_csv
disease,D172,severe-complicated-influenza,Severe complicated influenza,TW,"Taiwan, China",D172,Severe complicated influenza,流感并发重症,Viral,2014-03-01,2014-03,324,81.0,0,1.3803201409732888,wpp_computed,,2003-01-01,2026-08-01,2026-08-01T00:00:00+00:00,nidss_open_data,"Taiwan, China CDC NIDSS",https://nidss.cdc.gov.tw/Home/Index,open_data_csv,nidss_open_data,"Taiwan, China CDC NIDSS",https://nidss.cdc.gov.tw/Home/Index,open_data_csv
disease,D172,severe-complicated-influenza,Severe complicated influenza,TW,"Taiwan, China",D172,Severe complicated influenza,流感并发重症,Viral,2014-04-01,2014-04,117,26.41935483870968,0,0.4984489397959099,wpp_computed,,2003-01-01,2026-08-01,2026-08-01T00:00:00+00:00,nidss_open_data,"Taiwan, China CDC NIDSS",https://nidss.cdc.gov.tw/Home/Index,open_data_csv,nidss_open_data,"Taiwan, China CDC NIDSS",https://nidss.cdc.gov.tw/Home/Index,open_data_csv
disease,D172,severe-complicated-influenza,Severe complicated influenza,TW,"Taiwan, China",D172,Severe complicated influenza,流感并发重症,Viral,2014-05-01,2014-05,86,20.066666666666666,0,0.36638127198673714,wpp_computed,,2003-01-01,2026-08-01,2026-08-01T00:00:00+00:00,nidss_open_data,"Taiwan, China CDC NIDSS",https://nidss.cdc.gov.tw/Home/Index,open_data_csv,nidss_open_data,"Taiwan, China CDC NIDSS",https://nidss.cdc.gov.tw/Home/Index,open_data_csv
disease,D172,severe-complicated-influenza,Severe complicated influenza,TW,"Taiwan, China",D172,Severe complicated influenza,流感并发重症,Viral,2014-06-01,2014-06,83,18.741935483870968,0,0.3536005299406882,wpp_computed,,2003-01-01,2026-08-01,2026-08-01T00:00:00+00:00,nidss_open_data,"Taiwan, China CDC NIDSS",https://nidss.cdc.gov.tw/Home/Index,open_data_csv,nidss_open_data,"Taiwan, China CDC NIDSS",https://nidss.cdc.gov.tw/Home/Index,open_data_csv
disease,D172,severe-complicated-influenza,Severe complicated influenza,TW,"Taiwan, China",D172,Severe complicated influenza,流感并发重症,Viral,2014-07-01,2014-07,73,17.03333333333333,0,0.3109980564538583,wpp_computed,,2003-01-01,2026-08-01,2026-08-01T00:00:00+00:00,nidss_open_data,"Taiwan, China CDC NIDSS",https://nidss.cdc.gov.tw/Home/Index,open_data_csv,nidss_open_data,"Taiwan, China CDC NIDSS",https://nidss.cdc.gov.tw/Home/Index,open_data_csv
disease,D172,severe-complicated-influenza,Severe complicated influenza,TW,"Taiwan, China",D172,Severe complicated influenza,流感并发重症,Viral,2014-08-01,2014-08,26,5.870967741935484,0,0.11076643106575775,wpp_computed,,2003-01-01,2026-08-01,2026-08-01T00:00:00+00:00,nidss_open_data,"Taiwan, China CDC NIDSS",https://nidss.cdc.gov.tw/Home/Index,open_data_csv,nidss_open_data,"Taiwan, China CDC NIDSS",https://nidss.cdc.gov.tw/Home/Index,open_data_csv
disease,D172,severe-complicated-influenza,Severe complicated influenza,TW,"Taiwan, China",D172,Severe complicated influenza,流感并发重症,Viral,2014-09-01,2014-09,29,6.548387096774193,0,0.12354717311180671,wpp_computed,,2003-01-01,2026-08-01,2026-08-01T00:00:00+00:00,nidss_open_data,"Taiwan, China CDC NIDSS",https://nidss.cdc.gov.tw/Home/Index,open_data_csv,nidss_open_data,"Taiwan, China CDC NIDSS",https://nidss.cdc.gov.tw/Home/Index,open_data_csv
disease,D172,severe-complicated-influenza,Severe complicated influenza,TW,"Taiwan, China",D172,Severe complicated influenza,流感并发重症,Viral,2014-10-01,2014-10,5,1.1666666666666665,0,0.021301236743414952,wpp_computed,,2003-01-01,2026-08-01,2026-08-01T00:00:00+00:00,nidss_open_data,"Taiwan, China CDC NIDSS",https://nidss.cdc.gov.tw/Home/Index,open_data_csv,nidss_open_data,"Taiwan, China CDC NIDSS",https://nidss.cdc.gov.tw/Home/Index,open_data_csv
disease,D172,severe-complicated-influenza,Severe complicated influenza,TW,"Taiwan, China",D172,Severe complicated influenza,流感并发重症,Viral,2014-11-01,2014-11,4,0.9032258064516129,0,0.017040989394731962,wpp_computed,,2003-01-01,2026-08-01,2026-08-01T00:00:00+00:00,nidss_open_data,"Taiwan, China CDC NIDSS",https://nidss.cdc.gov.tw/Home/Index,open_data_csv,nidss_open_data,"Taiwan, China CDC NIDSS",https://nidss.cdc.gov.tw/Home/Index,open_data_csv
disease,D172,severe-complicated-influenza,Severe complicated influenza,TW,"Taiwan, China",D172,Severe complicated influenza,流感并发重症,Viral,2014-12-01,2014-12,5,1.1666666666666665,0,0.021301236743414952,wpp_computed,,2003-01-01,2026-08-01,2026-08-01T00:00:00+00:00,nidss_open_data,"Taiwan, China CDC NIDSS",https://nidss.cdc.gov.tw/Home/Index,open_data_csv,nidss_open_data,"Taiwan, China CDC NIDSS",https://nidss.cdc.gov.tw/Home/Index,open_data_csv
disease,D172,severe-complicated-influenza,Severe complicated influenza,TW,"Taiwan, China",D172,Severe complicated influenza,流感并发重症,Viral,2015-01-01,2015-01,41,9.258064516129032,0,0.1742511683540838,wpp_computed,,2003-01-01,2026-08-01,2026-08-01T00:00:00+00:00,nidss_open_data,"Taiwan, China CDC NIDSS",https://nidss.cdc.gov.tw/Home/Index,open_data_csv,nidss_open_data,"Taiwan, China CDC NIDSS",https://nidss.cdc.gov.tw/Home/Index,open_data_csv
disease,D172,severe-complicated-influenza,Severe complicated influenza,TW,"Taiwan, China",D172,Severe complicated influenza,流感并发重症,Viral,2015-02-01,2015-02,87,19.645161290322584,0,0.36975247919037296,wpp_computed,,2003-01-01,2026-08-01,2026-08-01T00:00:00+00:00,nidss_open_data,"Taiwan, China CDC NIDSS",https://nidss.cdc.gov.tw/Home/Index,open_data_csv,nidss_open_data,"Taiwan, China CDC NIDSS",https://nidss.cdc.gov.tw/Home/Index,open_data_csv
disease,D172,severe-complicated-influenza,Severe complicated influenza,TW,"Taiwan, China",D172,Severe complicated influenza,流感并发重症,Viral,2015-03-01,2015-03,133,33.25,0,0.5652537900266621,wpp_computed,,2003-01-01,2026-08-01,2026-08-01T00:00:00+00:00,nidss_open_data,"Taiwan, China CDC NIDSS",https://nidss.cdc.gov.tw/Home/Index,open_data_csv,nidss_open_data,"Taiwan, China CDC NIDSS",https://nidss.cdc.gov.tw/Home/Index,open_data_csv
disease,D172,severe-complicated-influenza,Severe complicated influenza,TW,"Taiwan, China",D172,Severe complicated influenza,流感并发重症,Viral,2015-04-01,2015-04,116,26.193548387096772,0,0.493003305587164,wpp_computed,,2003-01-01,2026-08-01,2026-08-01T00:00:00+00:00,nidss_open_data,"Taiwan, China CDC NIDSS",https://nidss.cdc.gov.tw/Home/Index,open_data_csv,nidss_open_data,"Taiwan, China CDC NIDSS",https://nidss.cdc.gov.tw/Home/Index,open_data_csv
disease,D172,severe-complicated-influenza,Severe complicated influenza,TW,"Taiwan, China",D172,Severe complicated influenza,流感并发重症,Viral,2015-05-01,2015-05,129,30.099999999999998,0,0.5482536760408979,wpp_computed,,2003-01-01,2026-08-01,2026-08-01T00:00:00+00:00,nidss_open_data,"Taiwan, China CDC NIDSS",https://nidss.cdc.gov.tw/Home/Index,open_data_csv,nidss_open_data,"Taiwan, China CDC NIDSS",https://nidss.cdc.gov.tw/Home/Index,open_data_csv
disease,D172,severe-complicated-influenza,Severe complicated influenza,TW,"Taiwan, China",D172,Severe complicated influenza,流感并发重症,Viral,2015-06-01,2015-06,193,43.58064516129032,0,0.8202554998131263,wpp_computed,,2003-01-01,2026-08-01,2026-08-01T00:00:00+00:00,nidss_open_data,"Taiwan, China CDC NIDSS",https://nidss.cdc.gov.tw/Home/Index,open_data_csv,nidss_open_data,"Taiwan, China CDC NIDSS",https://nidss.cdc.gov.tw/Home/Index,open_data_csv
disease,D172,severe-complicated-influenza,Severe complicated influenza,TW,"Taiwan, China",D172,Severe complicated influenza,流感并发重症,Viral,2015-07-01,2015-07,80,18.666666666666664,0,0.34000227971528546,wpp_computed,,2003-01-01,2026-08-01,2026-08-01T00:00:00+00:00,nidss_open_data,"Taiwan, China CDC NIDSS",https://nidss.cdc.gov.tw/Home/Index,open_data_csv,nidss_open_data,"Taiwan, China CDC NIDSS",https://nidss.cdc.gov.tw/Home/Index,open_data_csv
disease,D172,severe-complicated-influenza,Severe complicated influenza,TW,"Taiwan, China",D172,Severe complicated influenza,流感并发重症,Viral,2015-08-01,2015-08,35,7.903225806451614,0,0.1487509973754374,wpp_computed,,2003-01-01,2026-08-01,2026-08-01T00:00:00+00:00,nidss_open_data,"Taiwan, China CDC NIDSS",https://nidss.cdc.gov.tw/Home/Index,open_data_csv,nidss_open_data,"Taiwan, China CDC NIDSS",https://nidss.cdc.gov.tw/Home/Index,open_data_csv
disease,D172,severe-complicated-influenza,Severe complicated influenza,TW,"Taiwan, China",D172,Severe complicated influenza,流感并发重症,Viral,2015-09-01,2015-09,22,4.967741935483871,0,0.09350062692170351,wpp_computed,,2003-01-01,2026-08-01,2026-08-01T00:00:00+00:00,nidss_open_data,"Taiwan, China CDC NIDSS",https://nidss.cdc.gov.tw/Home/Index,open_data_csv,nidss_open_data,"Taiwan, China CDC NIDSS",https://nidss.cdc.gov.tw/Home/Index,open_data_csv
disease,D172,severe-complicated-influenza,Severe complicated influenza,TW,"Taiwan, China",D172,Severe complicated influenza,流感并发重症,Viral,2015-10-01,2015-10,6,1.4000000000000001,0,0.02550017097864641,wpp_computed,,2003-01-01,2026-08-01,2026-08-01T00:00:00+00:00,nidss_open_data,"Taiwan, China CDC NIDSS",https://nidss.cdc.gov.tw/Home/Index,open_data_csv,nidss_open_data,"Taiwan, China CDC NIDSS",https://nidss.cdc.gov.tw/Home/Index,open_data_csv
disease,D172,severe-complicated-influenza,Severe complicated influenza,TW,"Taiwan, China",D172,Severe complicated influenza,流感并发重症,Viral,2015-11-01,2015-11,19,4.290322580645161,0,0.08075054143238031,wpp_computed,,2003-01-01,2026-08-01,2026-08-01T00:00:00+00:00,nidss_open_data,"Taiwan, China CDC NIDSS",https://nidss.cdc.gov.tw/Home/Index,open_data_csv,nidss_open_data,"Taiwan, China CDC NIDSS",https://nidss.cdc.gov.tw/Home/Index,open_data_csv
disease,D172,severe-complicated-influenza,Severe complicated influenza,TW,"Taiwan, China",D172,Severe complicated influenza,流感并发重症,Viral,2015-12-01,2015-12,36,8.4,0,0.15300102587187847,wpp_computed,,2003-01-01,2026-08-01,2026-08-01T00:00:00+00:00,nidss_open_data,"Taiwan, China CDC NIDSS",https://nidss.cdc.gov.tw/Home/Index,open_data_csv,nidss_open_data,"Taiwan, China CDC NIDSS",https://nidss.cdc.gov.tw/Home/Index,open_data_csv
disease,D172,severe-complicated-influenza,Severe complicated influenza,TW,"Taiwan, China",D172,Severe complicated influenza,流感并发重症,Viral,2016-01-01,2016-01,258,58.25806451612903,0,1.093862635655661,wpp_computed,,2003-01-01,2026-08-01,2026-08-01T00:00:00+00:00,nidss_open_data,"Taiwan, China CDC NIDSS",https://nidss.cdc.gov.tw/Home/Index,open_data_csv,nidss_open_data,"Taiwan, China CDC NIDSS",https://nidss.cdc.gov.tw/Home/Index,open_data_csv
disease,D172,severe-complicated-influenza,Severe complicated influenza,TW,"Taiwan, China",D172,Severe complicated influenza,流感并发重症,Viral,2016-02-01,2016-02,1099,248.16129032258067,0,4.659515645680509,wpp_computed,,2003-01-01,2026-08-01,2026-08-01T00:00:00+00:00,nidss_open_data,"Taiwan, China CDC NIDSS",https://nidss.cdc.gov.tw/Home/Index,open_data_csv,nidss_open_data,"Taiwan, China CDC NIDSS",https://nidss.cdc.gov.tw/Home/Index,open_data_csv
disease,D172,severe-complicated-influenza,Severe complicated influenza,TW,"Taiwan, China",D172,Severe complicated influenza,流感并发重症,Viral,2016-03-01,2016-03,470,113.44827586206897,0,1.9926954990626382,wpp_computed,,2003-01-01,2026-08-01,2026-08-01T00:00:00+00:00,nidss_open_data,"Taiwan, China CDC NIDSS",https://nidss.cdc.gov.tw/Home/Index,open_data_csv,nidss_open_data,"Taiwan, China CDC NIDSS",https://nidss.cdc.gov.tw/Home/Index,open_data_csv
disease,D172,severe-complicated-influenza,Severe complicated influenza,TW,"Taiwan, China",D172,Severe complicated influenza,流感并发重症,Viral,2016-04-01,2016-04,74,16.70967741935484,0,0.313743546660926,wpp_computed,,2003-01-01,2026-08-01,2026-08-01T00:00:00+00:00,nidss_open_data,"Taiwan, China CDC NIDSS",https://nidss.cdc.gov.tw/Home/Index,open_data_csv,nidss_open_data,"Taiwan, China CDC NIDSS",https://nidss.cdc.gov.tw/Home/Index,open_data_csv
disease,D172,severe-complicated-influenza,Severe complicated influenza,TW,"Taiwan, China",D172,Severe complicated influenza,流感并发重症,Viral,2016-05-01,2016-05,15,3.5,0,0.06359666486370122,wpp_computed,,2003-01-01,2026-08-01,2026-08-01T00:00:00+00:00,nidss_open_data,"Taiwan, China CDC NIDSS",https://nidss.cdc.gov.tw/Home/Index,open_data_csv,nidss_open_data,"Taiwan, China CDC NIDSS",https://nidss.cdc.gov.tw/Home/Index,open_data_csv
disease,D172,severe-complicated-influenza,Severe complicated influenza,TW,"Taiwan, China",D172,Severe complicated influenza,流感并发重症,Viral,2016-06-01,2016-06,8,1.8064516129032258,0,0.033918221260640646,wpp_computed,,2003-01-01,2026-08-01,2026-08-01T00:00:00+00:00,nidss_open_data,"Taiwan, China CDC NIDSS",https://nidss.cdc.gov.tw/Home/Index,open_data_csv,nidss_open_data,"Taiwan, China CDC NIDSS",https://nidss.cdc.gov.tw/Home/Index,open_data_csv
disease,D172,severe-complicated-influenza,Severe complicated influenza,TW,"Taiwan, China",D172,Severe complicated influenza,流感并发重症,Viral,2016-07-01,2016-07,10,2.333333333333333,0,0.04239777657580081,wpp_computed,,2003-01-01,2026-08-01,2026-08-01T00:00:00+00:00,nidss_open_data,"Taiwan, China CDC NIDSS",https://nidss.cdc.gov.tw/Home/Index,open_data_csv,nidss_open_data,"Taiwan, China CDC NIDSS",https://nidss.cdc.gov.tw/Home/Index,open_data_csv
disease,D172,severe-complicated-influenza,Severe complicated influenza,TW,"Taiwan, China",D172,Severe complicated influenza,流感并发重症,Viral,2016-08-01,2016-08,10,2.258064516129032,0,0.04239777657580081,wpp_computed,,2003-01-01,2026-08-01,2026-08-01T00:00:00+00:00,nidss_open_data,"Taiwan, China CDC NIDSS",https://nidss.cdc.gov.tw/Home/Index,open_data_csv,nidss_open_data,"Taiwan, China CDC NIDSS",https://nidss.cdc.gov.tw/Home/Index,open_data_csv
disease,D172,severe-complicated-influenza,Severe complicated influenza,TW,"Taiwan, China",D172,Severe complicated influenza,流感并发重症,Viral,2016-09-01,2016-09,19,4.290322580645161,0,0.08055577549402154,wpp_computed,,2003-01-01,2026-08-01,2026-08-01T00:00:00+00:00,nidss_open_data,"Taiwan, China CDC NIDSS",https://nidss.cdc.gov.tw/Home/Index,open_data_csv,nidss_open_data,"Taiwan, China CDC NIDSS",https://nidss.cdc.gov.tw/Home/Index,open_data_csv
disease,D172,severe-complicated-influenza,Severe complicated influenza,TW,"Taiwan, China",D172,Severe complicated influenza,流感并发重症,Viral,2016-10-01,2016-10,57,13.299999999999999,0,0.24166732648206463,wpp_computed,,2003-01-01,2026-08-01,2026-08-01T00:00:00+00:00,nidss_open_data,"Taiwan, China CDC NIDSS",https://nidss.cdc.gov.tw/Home/Index,open_data_csv,nidss_open_data,"Taiwan, China CDC NIDSS",https://nidss.cdc.gov.tw/Home/Index,open_data_csv
disease,D172,severe-complicated-influenza,Severe complicated influenza,TW,"Taiwan, China",D172,Severe complicated influenza,流感并发重症,Viral,2016-11-01,2016-11,119,26.870967741935484,0,0.5045335412520296,wpp_computed,,2003-01-01,2026-08-01,2026-08-01T00:00:00+00:00,nidss_open_data,"Taiwan, China CDC NIDSS",https://nidss.cdc.gov.tw/Home/Index,open_data_csv,nidss_open_data,"Taiwan, China CDC NIDSS",https://nidss.cdc.gov.tw/Home/Index,open_data_csv
disease,D172,severe-complicated-influenza,Severe complicated influenza,TW,"Taiwan, China",D172,Severe complicated influenza,流感并发重症,Viral,2016-12-01,2016-12,73,17.03333333333333,0,0.3095037690033459,wpp_computed,,2003-01-01,2026-08-01,2026-08-01T00:00:00+00:00,nidss_open_data,"Taiwan, China CDC NIDSS",https://nidss.cdc.gov.tw/Home/Index,open_data_csv,nidss_open_data,"Taiwan, China CDC NIDSS",https://nidss.cdc.gov.tw/Home/Index,open_data_csv
disease,D172,severe-complicated-influenza,Severe complicated influenza,TW,"Taiwan, China",D172,Severe complicated influenza,流感并发重症,Viral,2017-01-01,2017-01,54,12.193548387096774,0,0.22849455768277405,wpp_computed,,2003-01-01,2026-08-01,2026-08-01T00:00:00+00:00,nidss_open_data,"Taiwan, China CDC NIDSS",https://nidss.cdc.gov.tw/Home/Index,open_data_csv,nidss_open_data,"Taiwan, China CDC NIDSS",https://nidss.cdc.gov.tw/Home/Index,open_data_csv
disease,D172,severe-complicated-influenza,Severe complicated influenza,TW,"Taiwan, China",D172,Severe complicated influenza,流感并发重症,Viral,2017-02-01,2017-02,58,13.096774193548386,0,0.24542008047409067,wpp_computed,,2003-01-01,2026-08-01,2026-08-01T00:00:00+00:00,nidss_open_data,"Taiwan, China CDC NIDSS",https://nidss.cdc.gov.tw/Home/Index,open_data_csv,nidss_open_data,"Taiwan, China CDC NIDSS",https://nidss.cdc.gov.tw/Home/Index,open_data_csv
disease,D172,severe-complicated-influenza,Severe complicated influenza,TW,"Taiwan, China",D172,Severe complicated influenza,流感并发重症,Viral,2017-03-01,2017-03,48,12.0,0,0.20310627349579918,wpp_computed,,2003-01-01,2026-08-01,2026-08-01T00:00:00+00:00,nidss_open_data,"Taiwan, China CDC NIDSS",https://nidss.cdc.gov.tw/Home/Index,open_data_csv,nidss_open_data,"Taiwan, China CDC NIDSS",https://nidss.cdc.gov.tw/Home/Index,open_data_csv
disease,D172,severe-complicated-influenza,Severe complicated influenza,TW,"Taiwan, China",D172,Severe complicated influenza,流感并发重症,Viral,2017-04-01,2017-04,50,11.29032258064516,0,0.21156903489145745,wpp_computed,,2003-01-01,2026-08-01,2026-08-01T00:00:00+00:00,nidss_open_data,"Taiwan, China CDC NIDSS",https://nidss.cdc.gov.tw/Home/Index,open_data_csv,nidss_open_data,"Taiwan, China CDC NIDSS",https://nidss.cdc.gov.tw/Home/Index,open_data_csv
disease,D172,severe-complicated-influenza,Severe complicated influenza,TW,"Taiwan, China",D172,Severe complicated influenza,流感并发重症,Viral,2017-05-01,2017-05,134,31.266666666666666,0,0.567005013509106,wpp_computed,,2003-01-01,2026-08-01,2026-08-01T00:00:00+00:00,nidss_open_data,"Taiwan, China CDC NIDSS",https://nidss.cdc.gov.tw/Home/Index,open_data_csv,nidss_open_data,"Taiwan, China CDC NIDSS",https://nidss.cdc.gov.tw/Home/Index,open_data_csv
disease,D172,severe-complicated-influenza,Severe complicated influenza,TW,"Taiwan, China",D172,Severe complicated influenza,流感并发重症,Viral,2017-06-01,2017-06,365,82.41935483870967,0,1.5444539547076397,wpp_computed,,2003-01-01,2026-08-01,2026-08-01T00:00:00+00:00,nidss_open_data,"Taiwan, China CDC NIDSS",https://nidss.cdc.gov.tw/Home/Index,open_data_csv,nidss_open_data,"Taiwan, China CDC NIDSS",https://nidss.cdc.gov.tw/Home/Index,open_data_csv
disease,D172,severe-complicated-influenza,Severe complicated influenza,TW,"Taiwan, China",D172,Severe complicated influenza,流感并发重症,Viral,2017-07-01,2017-07,397,92.63333333333333,0,1.6798581370381724,wpp_computed,,2003-01-01,2026-08-01,2026-08-01T00:00:00+00:00,nidss_open_data,"Taiwan, China CDC NIDSS",https://nidss.cdc.gov.tw/Home/Index,open_data_csv,nidss_open_data,"Taiwan, China CDC NIDSS",https://nidss.cdc.gov.tw/Home/Index,open_data_csv
disease,D172,severe-complicated-influenza,Severe complicated influenza,TW,"Taiwan, China",D172,Severe complicated influenza,流感并发重症,Viral,2017-08-01,2017-08,152,34.32258064516129,0,0.6431698660700307,wpp_computed,,2003-01-01,2026-08-01,2026-08-01T00:00:00+00:00,nidss_open_data,"Taiwan, China CDC NIDSS",https://nidss.cdc.gov.tw/Home/Index,open_data_csv,nidss_open_data,"Taiwan, China CDC NIDSS",https://nidss.cdc.gov.tw/Home/Index,open_data_csv
disease,D172,severe-complicated-influenza,Severe complicated influenza,TW,"Taiwan, China",D172,Severe complicated influenza,流感并发重症,Viral,2017-09-01,2017-09,58,13.096774193548386,0,0.24542008047409067,wpp_computed,,2003-01-01,2026-08-01,2026-08-01T00:00:00+00:00,nidss_open_data,"Taiwan, China CDC NIDSS",https://nidss.cdc.gov.tw/Home/Index,open_data_csv,nidss_open_data,"Taiwan, China CDC NIDSS",https://nidss.cdc.gov.tw/Home/Index,open_data_csv
disease,D172,severe-complicated-influenza,Severe complicated influenza,TW,"Taiwan, China",D172,Severe complicated influenza,流感并发重症,Viral,2017-10-01,2017-10,31,7.233333333333334,0,0.13117280163270362,wpp_computed,,2003-01-01,2026-08-01,2026-08-01T00:00:00+00:00,nidss_open_data,"Taiwan, China CDC NIDSS",https://nidss.cdc.gov.tw/Home/Index,open_data_csv,nidss_open_data,"Taiwan, China CDC NIDSS",https://nidss.cdc.gov.tw/Home/Index,open_data_csv
disease,D172,severe-complicated-influenza,Severe complicated influenza,TW,"Taiwan, China",D172,Severe complicated influenza,流感并发重症,Viral,2017-11-01,2017-11,24,5.419354838709677,0,0.10155313674789959,wpp_computed,,2003-01-01,2026-08-01,2026-08-01T00:00:00+00:00,nidss_open_data,"Taiwan, China CDC NIDSS",https://nidss.cdc.gov.tw/Home/Index,open_data_csv,nidss_open_data,"Taiwan, China CDC NIDSS",https://nidss.cdc.gov.tw/Home/Index,open_data_csv
disease,D172,severe-complicated-influenza,Severe complicated influenza,TW,"Taiwan, China",D172,Severe complicated influenza,流感并发重症,Viral,2017-12-01,2017-12,70,16.333333333333336,0,0.2961966488480405,wpp_computed,,2003-01-01,2026-08-01,2026-08-01T00:00:00+00:00,nidss_open_data,"Taiwan, China CDC NIDSS",https://nidss.cdc.gov.tw/Home/Index,open_data_csv,nidss_open_data,"Taiwan, China CDC NIDSS",https://nidss.cdc.gov.tw/Home/Index,open_data_csv
disease,D172,severe-complicated-influenza,Severe complicated influenza,TW,"Taiwan, China",D172,Severe complicated influenza,流感并发重症,Viral,2018-01-01,2018-01,231,52.16129032258064,0,0.9763600410071217,wpp_computed,,2003-01-01,2026-08-01,2026-08-01T00:00:00+00:00,nidss_open_data,"Taiwan, China CDC NIDSS",https://nidss.cdc.gov.tw/Home/Index,open_data_csv,nidss_open_data,"Taiwan, China CDC NIDSS",https://nidss.cdc.gov.tw/Home/Index,open_data_csv
disease,D172,severe-complicated-influenza,Severe complicated influenza,TW,"Taiwan, China",D172,Severe complicated influenza,流感并发重症,Viral,2018-02-01,2018-02,266,60.064516129032256,0,1.1242933805536552,wpp_computed,,2003-01-01,2026-08-01,2026-08-01T00:00:00+00:00,nidss_open_data,"Taiwan, China CDC NIDSS",https://nidss.cdc.gov.tw/Home/Index,open_data_csv,nidss_open_data,"Taiwan, China CDC NIDSS",https://nidss.cdc.gov.tw/Home/Index,open_data_csv
disease,D172,severe-complicated-influenza,Severe complicated influenza,TW,"Taiwan, China",D172,Severe complicated influenza,流感并发重症,Viral,2018-03-01,2018-03,129,32.25,0,0.5452400229000809,wpp_computed,,2003-01-01,2026-08-01,2026-08-01T00:00:00+00:00,nidss_open_data,"Taiwan, China CDC NIDSS",https://nidss.cdc.gov.tw/Home/Index,open_data_csv,nidss_open_data,"Taiwan, China CDC NIDSS",https://nidss.cdc.gov.tw/Home/Index,open_data_csv
disease,D172,severe-complicated-influenza,Severe complicated influenza,TW,"Taiwan, China",D172,Severe complicated influenza,流感并发重症,Viral,2018-04-01,2018-04,42,9.483870967741934,0,0.17752000745584032,wpp_computed,,2003-01-01,2026-08-01,2026-08-01T00:00:00+00:00,nidss_open_data,"Taiwan, China CDC NIDSS",https://nidss.cdc.gov.tw/Home/Index,open_data_csv,nidss_open_data,"Taiwan, China CDC NIDSS",https://nidss.cdc.gov.tw/Home/Index,open_data_csv
disease,D172,severe-complicated-influenza,Severe complicated influenza,TW,"Taiwan, China",D172,Severe complicated influenza,流感并发重症,Viral,2018-05-01,2018-05,40,9.333333333333332,0,0.16906667376746698,wpp_computed,,2003-01-01,2026-08-01,2026-08-01T00:00:00+00:00,nidss_open_data,"Taiwan, China CDC NIDSS",https://nidss.cdc.gov.tw/Home/Index,open_data_csv,nidss_open_data,"Taiwan, China CDC NIDSS",https://nidss.cdc.gov.tw/Home/Index,open_data_csv
disease,D172,severe-complicated-influenza,Severe complicated influenza,TW,"Taiwan, China",D172,Severe complicated influenza,流感并发重症,Viral,2018-06-01,2018-06,52,11.741935483870968,0,0.21978667589770703,wpp_computed,,2003-01-01,2026-08-01,2026-08-01T00:00:00+00:00,nidss_open_data,"Taiwan, China CDC NIDSS",https://nidss.cdc.gov.tw/Home/Index,open_data_csv,nidss_open_data,"Taiwan, China CDC NIDSS",https://nidss.cdc.gov.tw/Home/Index,open_data_csv
disease,D172,severe-complicated-influenza,Severe complicated influenza,TW,"Taiwan, China",D172,Severe complicated influenza,流感并发重症,Viral,2018-07-01,2018-07,113,26.366666666666667,0,0.4776133533930942,wpp_computed,,2003-01-01,2026-08-01,2026-08-01T00:00:00+00:00,nidss_open_data,"Taiwan, China CDC NIDSS",https://nidss.cdc.gov.tw/Home/Index,open_data_csv,nidss_open_data,"Taiwan, China CDC NIDSS",https://nidss.cdc.gov.tw/Home/Index,open_data_csv
disease,D172,severe-complicated-influenza,Severe complicated influenza,TW,"Taiwan, China",D172,Severe complicated influenza,流感并发重症,Viral,2018-08-01,2018-08,101,22.806451612903228,0,0.4268933512628541,wpp_computed,,2003-01-01,2026-08-01,2026-08-01T00:00:00+00:00,nidss_open_data,"Taiwan, China CDC NIDSS",https://nidss.cdc.gov.tw/Home/Index,open_data_csv,nidss_open_data,"Taiwan, China CDC NIDSS",https://nidss.cdc.gov.tw/Home/Index,open_data_csv
disease,D172,severe-complicated-influenza,Severe complicated influenza,TW,"Taiwan, China",D172,Severe complicated influenza,流感并发重症,Viral,2018-09-01,2018-09,88,19.870967741935484,0,0.3719466822884273,wpp_computed,,2003-01-01,2026-08-01,2026-08-01T00:00:00+00:00,nidss_open_data,"Taiwan, China CDC NIDSS",https://nidss.cdc.gov.tw/Home/Index,open_data_csv,nidss_open_data,"Taiwan, China CDC NIDSS",https://nidss.cdc.gov.tw/Home/Index,open_data_csv
disease,D172,severe-complicated-influenza,Severe complicated influenza,TW,"Taiwan, China",D172,Severe complicated influenza,流感并发重症,Viral,2018-10-01,2018-10,57,13.299999999999999,0,0.24092001011864045,wpp_computed,,2003-01-01,2026-08-01,2026-08-01T00:00:00+00:00,nidss_open_data,"Taiwan, China CDC NIDSS",https://nidss.cdc.gov.tw/Home/Index,open_data_csv,nidss_open_data,"Taiwan, China CDC NIDSS",https://nidss.cdc.gov.tw/Home/Index,open_data_csv
disease,D172,severe-complicated-influenza,Severe complicated influenza,TW,"Taiwan, China",D172,Severe complicated influenza,流感并发重症,Viral,2018-11-01,2018-11,48,10.838709677419354,0,0.20288000852096036,wpp_computed,,2003-01-01,2026-08-01,2026-08-01T00:00:00+00:00,nidss_open_data,"Taiwan, China CDC NIDSS",https://nidss.cdc.gov.tw/Home/Index,open_data_csv,nidss_open_data,"Taiwan, China CDC NIDSS",https://nidss.cdc.gov.tw/Home/Index,open_data_csv
disease,D172,severe-complicated-influenza,Severe complicated influenza,TW,"Taiwan, China",D172,Severe complicated influenza,流感并发重症,Viral,2018-12-01,2018-12,105,24.5,0,0.4438000186396008,wpp_computed,,2003-01-01,2026-08-01,2026-08-01T00:00:00+00:00,nidss_open_data,"Taiwan, China CDC NIDSS",https://nidss.cdc.gov.tw/Home/Index,open_data_csv,nidss_open_data,"Taiwan, China CDC NIDSS",https://nidss.cdc.gov.tw/Home/Index,open_data_csv
disease,D172,severe-complicated-influenza,Severe complicated influenza,TW,"Taiwan, China",D172,Severe complicated influenza,流感并发重症,Viral,2019-01-01,2019-01,274,61.87096774193548,0,1.157381129513166,wpp_computed,,2003-01-01,2026-08-01,2026-08-01T00:00:00+00:00,nidss_open_data,"Taiwan, China CDC NIDSS",https://nidss.cdc.gov.tw/Home/Index,open_data_csv,nidss_open_data,"Taiwan, China CDC NIDSS",https://nidss.cdc.gov.tw/Home/Index,open_data_csv
disease,D172,severe-complicated-influenza,Severe complicated influenza,TW,"Taiwan, China",D172,Severe complicated influenza,流感并发重症,Viral,2019-02-01,2019-02,266,60.064516129032256,0,1.123588979746358,wpp_computed,,2003-01-01,2026-08-01,2026-08-01T00:00:00+00:00,nidss_open_data,"Taiwan, China CDC NIDSS",https://nidss.cdc.gov.tw/Home/Index,open_data_csv,nidss_open_data,"Taiwan, China CDC NIDSS",https://nidss.cdc.gov.tw/Home/Index,open_data_csv
disease,D172,severe-complicated-influenza,Severe complicated influenza,TW,"Taiwan, China",D172,Severe complicated influenza,流感并发重症,Viral,2019-03-01,2019-03,150,37.5,0,0.6336028081276456,wpp_computed,,2003-01-01,2026-08-01,2026-08-01T00:00:00+00:00,nidss_open_data,"Taiwan, China CDC NIDSS",https://nidss.cdc.gov.tw/Home/Index,open_data_csv,nidss_open_data,"Taiwan, China CDC NIDSS",https://nidss.cdc.gov.tw/Home/Index,open_data_csv
disease,D172,severe-complicated-influenza,Severe complicated influenza,TW,"Taiwan, China",D172,Severe complicated influenza,流感并发重症,Viral,2019-04-01,2019-04,149,33.645161290322584,0,0.6293787894067947,wpp_computed,,2003-01-01,2026-08-01,2026-08-01T00:00:00+00:00,nidss_open_data,"Taiwan, China CDC NIDSS",https://nidss.cdc.gov.tw/Home/Index,open_data_csv,nidss_open_data,"Taiwan, China CDC NIDSS",https://nidss.cdc.gov.tw/Home/Index,open_data_csv
disease,D172,severe-complicated-influenza,Severe complicated influenza,TW,"Taiwan, China",D172,Severe complicated influenza,流感并发重症,Viral,2019-05-01,2019-05,121,28.233333333333334,0,0.5111062652229674,wpp_computed,,2003-01-01,2026-08-01,2026-08-01T00:00:00+00:00,nidss_open_data,"Taiwan, China CDC NIDSS",https://nidss.cdc.gov.tw/Home/Index,open_data_csv,nidss_open_data,"Taiwan, China CDC NIDSS",https://nidss.cdc.gov.tw/Home/Index,open_data_csv
disease,D172,severe-complicated-influenza,Severe complicated influenza,TW,"Taiwan, China",D172,Severe complicated influenza,流感并发重症,Viral,2019-06-01,2019-06,169,38.16129032258064,0,0.7138591638238141,wpp_computed,,2003-01-01,2026-08-01,2026-08-01T00:00:00+00:00,nidss_open_data,"Taiwan, China CDC NIDSS",https://nidss.cdc.gov.tw/Home/Index,open_data_csv,nidss_open_data,"Taiwan, China CDC NIDSS",https://nidss.cdc.gov.tw/Home/Index,open_data_csv
disease,D172,severe-complicated-influenza,Severe complicated influenza,TW,"Taiwan, China",D172,Severe complicated influenza,流感并发重症,Viral,2019-07-01,2019-07,247,57.633333333333326,0,1.04333262405019,wpp_computed,,2003-01-01,2026-08-01,2026-08-01T00:00:00+00:00,nidss_open_data,"Taiwan, China CDC NIDSS",https://nidss.cdc.gov.tw/Home/Index,open_data_csv,nidss_open_data,"Taiwan, China CDC NIDSS",https://nidss.cdc.gov.tw/Home/Index,open_data_csv
disease,D172,severe-complicated-influenza,Severe complicated influenza,TW,"Taiwan, China",D172,Severe complicated influenza,流感并发重症,Viral,2019-08-01,2019-08,249,56.22580645161291,0,1.0517806614918916,wpp_computed,,2003-01-01,2026-08-01,2026-08-01T00:00:00+00:00,nidss_open_data,"Taiwan, China CDC NIDSS",https://nidss.cdc.gov.tw/Home/Index,open_data_csv,nidss_open_data,"Taiwan, China CDC NIDSS",https://nidss.cdc.gov.tw/Home/Index,open_data_csv
disease,D172,severe-complicated-influenza,Severe complicated influenza,TW,"Taiwan, China",D172,Severe complicated influenza,流感并发重症,Viral,2019-09-01,2019-09,273,61.645161290322584,0,1.153157110792315,wpp_computed,,2003-01-01,2026-08-01,2026-08-01T00:00:00+00:00,nidss_open_data,"Taiwan, China CDC NIDSS",https://nidss.cdc.gov.tw/Home/Index,open_data_csv,nidss_open_data,"Taiwan, China CDC NIDSS",https://nidss.cdc.gov.tw/Home/Index,open_data_csv
disease,D172,severe-complicated-influenza,Severe complicated influenza,TW,"Taiwan, China",D172,Severe complicated influenza,流感并发重症,Viral,2019-10-01,2019-10,135,31.5,0,0.570242527314881,wpp_computed,,2003-01-01,2026-08-01,2026-08-01T00:00:00+00:00,nidss_open_data,"Taiwan, China CDC NIDSS",https://nidss.cdc.gov.tw/Home/Index,open_data_csv,nidss_open_data,"Taiwan, China CDC NIDSS",https://nidss.cdc.gov.tw/Home/Index,open_data_csv
disease,D172,severe-complicated-influenza,Severe complicated influenza,TW,"Taiwan, China",D172,Severe complicated influenza,流感并发重症,Viral,2019-11-01,2019-11,139,31.387096774193544,0,0.587138602198285,wpp_computed,,2003-01-01,2026-08-01,2026-08-01T00:00:00+00:00,nidss_open_data,"Taiwan, China CDC NIDSS",https://nidss.cdc.gov.tw/Home/Index,open_data_csv,nidss_open_data,"Taiwan, China CDC NIDSS",https://nidss.cdc.gov.tw/Home/Index,open_data_csv
disease,D172,severe-complicated-influenza,Severe complicated influenza,TW,"Taiwan, China",D172,Severe complicated influenza,流感并发重症,Viral,2019-12-01,2019-12,275,64.16666666666666,0,1.161605148234017,wpp_computed,,2003-01-01,2026-08-01,2026-08-01T00:00:00+00:00,nidss_open_data,"Taiwan, China CDC NIDSS",https://nidss.cdc.gov.tw/Home/Index,open_data_csv,nidss_open_data,"Taiwan, China CDC NIDSS",https://nidss.cdc.gov.tw/Home/Index,open_data_csv
disease,D172,severe-complicated-influenza,Severe complicated influenza,TW,"Taiwan, China",D172,Severe complicated influenza,流感并发重症,Viral,2020-01-01,2020-01,399,90.09677419354838,0,1.6861440248443813,wpp_computed,,2003-01-01,2026-08-01,2026-08-01T00:00:00+00:00,nidss_open_data,"Taiwan, China CDC NIDSS",https://nidss.cdc.gov.tw/Home/Index,open_data_csv,nidss_open_data,"Taiwan, China CDC NIDSS",https://nidss.cdc.gov.tw/Home/Index,open_data_csv
disease,D172,severe-complicated-influenza,Severe complicated influenza,TW,"Taiwan, China",D172,Severe complicated influenza,流感并发重症,Viral,2020-02-01,2020-02,69,15.58064516129032,0,0.291588816326472,wpp_computed,,2003-01-01,2026-08-01,2026-08-01T00:00:00+00:00,nidss_open_data,"Taiwan, China CDC NIDSS",https://nidss.cdc.gov.tw/Home/Index,open_data_csv,nidss_open_data,"Taiwan, China CDC NIDSS",https://nidss.cdc.gov.tw/Home/Index,open_data_csv
disease,D172,severe-complicated-influenza,Severe complicated influenza,TW,"Taiwan, China",D172,Severe complicated influenza,流感并发重症,Viral,2020-03-01,2020-03,1,0.24137931034482757,0,0.004225924874296695,wpp_computed,,2003-01-01,2026-08-01,2026-08-01T00:00:00+00:00,nidss_open_data,"Taiwan, China CDC NIDSS",https://nidss.cdc.gov.tw/Home/Index,open_data_csv,nidss_open_data,"Taiwan, China CDC NIDSS",https://nidss.cdc.gov.tw/Home/Index,open_data_csv
disease,D172,severe-complicated-influenza,Severe complicated influenza,TW,"Taiwan, China",D172,Severe complicated influenza,流感并发重症,Viral,2020-05-01,2020-05,1,0.11475409836065574,0,0.004225924874296695,wpp_computed,,2003-01-01,2026-08-01,2026-08-01T00:00:00+00:00,nidss_open_data,"Taiwan, China CDC NIDSS",https://nidss.cdc.gov.tw/Home/Index,open_data_csv,nidss_open_data,"Taiwan, China CDC NIDSS",https://nidss.cdc.gov.tw/Home/Index,open_data_csv
disease,D172,severe-complicated-influenza,Severe complicated influenza,TW,"Taiwan, China",D172,Severe complicated influenza,流感并发重症,Viral,2020-06-01,2020-06,1,0.22580645161290322,0,0.004225924874296695,wpp_computed,,2003-01-01,2026-08-01,2026-08-01T00:00:00+00:00,nidss_open_data,"Taiwan, China CDC NIDSS",https://nidss.cdc.gov.tw/Home/Index,open_data_csv,nidss_open_data,"Taiwan, China CDC NIDSS",https://nidss.cdc.gov.tw/Home/Index,open_data_csv
disease,D172,severe-complicated-influenza,Severe complicated influenza,TW,"Taiwan, China",D172,Severe complicated influenza,流感并发重症,Viral,2020-12-01,2020-12,1,0.03825136612021858,0,0.004225924874296695,wpp_computed,,2003-01-01,2026-08-01,2026-08-01T00:00:00+00:00,nidss_open_data,"Taiwan, China CDC NIDSS",https://nidss.cdc.gov.tw/Home/Index,open_data_csv,nidss_open_data,"Taiwan, China CDC NIDSS",https://nidss.cdc.gov.tw/Home/Index,open_data_csv
disease,D172,severe-complicated-influenza,Severe complicated influenza,TW,"Taiwan, China",D172,Severe complicated influenza,流感并发重症,Viral,2021-03-01,2021-03,1,0.07777777777777778,0,0.004244782605050675,wpp_computed,,2003-01-01,2026-08-01,2026-08-01T00:00:00+00:00,nidss_open_data,"Taiwan, China CDC NIDSS",https://nidss.cdc.gov.tw/Home/Index,open_data_csv,nidss_open_data,"Taiwan, China CDC NIDSS",https://nidss.cdc.gov.tw/Home/Index,open_data_csv
disease,D172,severe-complicated-influenza,Severe complicated influenza,TW,"Taiwan, China",D172,Severe complicated influenza,流感并发重症,Viral,2022-10-01,2022-10,2,0.024179620034542312,0,0.00853966917577803,wpp_computed,,2003-01-01,2026-08-01,2026-08-01T00:00:00+00:00,nidss_open_data,"Taiwan, China CDC NIDSS",https://nidss.cdc.gov.tw/Home/Index,open_data_csv,nidss_open_data,"Taiwan, China CDC NIDSS",https://nidss.cdc.gov.tw/Home/Index,open_data_csv
disease,D172,severe-complicated-influenza,Severe complicated influenza,TW,"Taiwan, China",D172,Severe complicated influenza,流感并发重症,Viral,2022-11-01,2022-11,13,2.935483870967742,0,0.0555078496425572,wpp_computed,,2003-01-01,2026-08-01,2026-08-01T00:00:00+00:00,nidss_open_data,"Taiwan, China CDC NIDSS",https://nidss.cdc.gov.tw/Home/Index,open_data_csv,nidss_open_data,"Taiwan, China CDC NIDSS",https://nidss.cdc.gov.tw/Home/Index,open_data_csv
disease,D172,severe-complicated-influenza,Severe complicated influenza,TW,"Taiwan, China",D172,Severe complicated influenza,流感并发重症,Viral,2022-12-01,2022-12,9,2.1,0,0.03842851129100114,wpp_computed,,2003-01-01,2026-08-01,2026-08-01T00:00:00+00:00,nidss_open_data,"Taiwan, China CDC NIDSS",https://nidss.cdc.gov.tw/Home/Index,open_data_csv,nidss_open_data,"Taiwan, China CDC NIDSS",https://nidss.cdc.gov.tw/Home/Index,open_data_csv
disease,D172,severe-complicated-influenza,Severe complicated influenza,TW,"Taiwan, China",D172,Severe complicated influenza,流感并发重症,Viral,2023-01-01,2023-01,17,3.8387096774193545,0,0.07290772519534446,wpp_computed,,2003-01-01,2026-08-01,2026-08-01T00:00:00+00:00,nidss_open_data,"Taiwan, China CDC NIDSS",https://nidss.cdc.gov.tw/Home/Index,open_data_csv,nidss_open_data,"Taiwan, China CDC NIDSS",https://nidss.cdc.gov.tw/Home/Index,open_data_csv
disease,D172,severe-complicated-influenza,Severe complicated influenza,TW,"Taiwan, China",D172,Severe complicated influenza,流感并发重症,Viral,2023-02-01,2023-02,20,4.516129032258064,0,0.08577379434746407,wpp_computed,,2003-01-01,2026-08-01,2026-08-01T00:00:00+00:00,nidss_open_data,"Taiwan, China CDC NIDSS",https://nidss.cdc.gov.tw/Home/Index,open_data_csv,nidss_open_data,"Taiwan, China CDC NIDSS",https://nidss.cdc.gov.tw/Home/Index,open_data_csv
disease,D172,severe-complicated-influenza,Severe complicated influenza,TW,"Taiwan, China",D172,Severe complicated influenza,流感并发重症,Viral,2023-03-01,2023-03,16,4.0,0,0.06861903547797125,wpp_computed,,2003-01-01,2026-08-01,2026-08-01T00:00:00+00:00,nidss_open_data,"Taiwan, China CDC NIDSS",https://nidss.cdc.gov.tw/Home/Index,open_data_csv,nidss_open_data,"Taiwan, China CDC NIDSS",https://nidss.cdc.gov.tw/Home/Index,open_data_csv
disease,D172,severe-complicated-influenza,Severe complicated influenza,TW,"Taiwan, China",D172,Severe complicated influenza,流感并发重症,Viral,2023-04-01,2023-04,80,18.064516129032256,0,0.3430951773898563,wpp_computed,,2003-01-01,2026-08-01,2026-08-01T00:00:00+00:00,nidss_open_data,"Taiwan, China CDC NIDSS",https://nidss.cdc.gov.tw/Home/Index,open_data_csv,nidss_open_data,"Taiwan, China CDC NIDSS",https://nidss.cdc.gov.tw/Home/Index,open_data_csv
disease,D172,severe-complicated-influenza,Severe complicated influenza,TW,"Taiwan, China",D172,Severe complicated influenza,流感并发重症,Viral,2023-05-01,2023-05,98,22.866666666666667,0,0.4202915923025739,wpp_computed,,2003-01-01,2026-08-01,2026-08-01T00:00:00+00:00,nidss_open_data,"Taiwan, China CDC NIDSS",https://nidss.cdc.gov.tw/Home/Index,open_data_csv,nidss_open_data,"Taiwan, China CDC NIDSS",https://nidss.cdc.gov.tw/Home/Index,open_data_csv
disease,D172,severe-complicated-influenza,Severe complicated influenza,TW,"Taiwan, China",D172,Severe complicated influenza,流感并发重症,Viral,2023-06-01,2023-06,117,26.41935483870968,0,0.5017766969326648,wpp_computed,,2003-01-01,2026-08-01,2026-08-01T00:00:00+00:00,nidss_open_data,"Taiwan, China CDC NIDSS",https://nidss.cdc.gov.tw/Home/Index,open_data_csv,nidss_open_data,"Taiwan, China CDC NIDSS",https://nidss.cdc.gov.tw/Home/Index,open_data_csv
disease,D172,severe-complicated-influenza,Severe complicated influenza,TW,"Taiwan, China",D172,Severe complicated influenza,流感并发重症,Viral,2023-07-01,2023-07,120,28.0,0,0.5146427660847844,wpp_computed,,2003-01-01,2026-08-01,2026-08-01T00:00:00+00:00,nidss_open_data,"Taiwan, China CDC NIDSS",https://nidss.cdc.gov.tw/Home/Index,open_data_csv,nidss_open_data,"Taiwan, China CDC NIDSS",https://nidss.cdc.gov.tw/Home/Index,open_data_csv
disease,D172,severe-complicated-influenza,Severe complicated influenza,TW,"Taiwan, China",D172,Severe complicated influenza,流感并发重症,Viral,2023-08-01,2023-08,169,38.16129032258064,0,0.7247885622360714,wpp_computed,,2003-01-01,2026-08-01,2026-08-01T00:00:00+00:00,nidss_open_data,"Taiwan, China CDC NIDSS",https://nidss.cdc.gov.tw/Home/Index,open_data_csv,nidss_open_data,"Taiwan, China CDC NIDSS",https://nidss.cdc.gov.tw/Home/Index,open_data_csv
disease,D172,severe-complicated-influenza,Severe complicated influenza,TW,"Taiwan, China",D172,Severe complicated influenza,流感并发重症,Viral,2023-09-01,2023-09,170,38.387096774193544,0,0.7290772519534445,wpp_computed,,2003-01-01,2026-08-01,2026-08-01T00:00:00+00:00,nidss_open_data,"Taiwan, China CDC NIDSS",https://nidss.cdc.gov.tw/Home/Index,open_data_csv,nidss_open_data,"Taiwan, China CDC NIDSS",https://nidss.cdc.gov.tw/Home/Index,open_data_csv
disease,D172,severe-complicated-influenza,Severe complicated influenza,TW,"Taiwan, China",D172,Severe complicated influenza,流感并发重症,Viral,2023-10-01,2023-10,120,28.0,0,0.5146427660847844,wpp_computed,,2003-01-01,2026-08-01,2026-08-01T00:00:00+00:00,nidss_open_data,"Taiwan, China CDC NIDSS",https://nidss.cdc.gov.tw/Home/Index,open_data_csv,nidss_open_data,"Taiwan, China CDC NIDSS",https://nidss.cdc.gov.tw/Home/Index,open_data_csv
disease,D172,severe-complicated-influenza,Severe complicated influenza,TW,"Taiwan, China",D172,Severe complicated influenza,流感并发重症,Viral,2023-11-01,2023-11,74,16.70967741935484,0,0.317363039085617,wpp_computed,,2003-01-01,2026-08-01,2026-08-01T00:00:00+00:00,nidss_open_data,"Taiwan, China CDC NIDSS",https://nidss.cdc.gov.tw/Home/Index,open_data_csv,nidss_open_data,"Taiwan, China CDC NIDSS",https://nidss.cdc.gov.tw/Home/Index,open_data_csv
disease,D172,severe-complicated-influenza,Severe complicated influenza,TW,"Taiwan, China",D172,Severe complicated influenza,流感并发重症,Viral,2023-12-01,2023-12,99,23.099999999999998,0,0.4245802820199471,wpp_computed,,2003-01-01,2026-08-01,2026-08-01T00:00:00+00:00,nidss_open_data,"Taiwan, China CDC NIDSS",https://nidss.cdc.gov.tw/Home/Index,open_data_csv,nidss_open_data,"Taiwan, China CDC NIDSS",https://nidss.cdc.gov.tw/Home/Index,open_data_csv
disease,D172,severe-complicated-influenza,Severe complicated influenza,TW,"Taiwan, China",D172,Severe complicated influenza,流感并发重症,Viral,2024-01-01,2024-01,173,39.06451612903226,0,0.7452411613321328,wpp_computed,,2003-01-01,2026-08-01,2026-08-01T00:00:00+00:00,nidss_open_data,"Taiwan, China CDC NIDSS",https://nidss.cdc.gov.tw/Home/Index,open_data_csv,nidss_open_data,"Taiwan, China CDC NIDSS",https://nidss.cdc.gov.tw/Home/Index,open_data_csv
disease,D172,severe-complicated-influenza,Severe complicated influenza,TW,"Taiwan, China",D172,Severe complicated influenza,流感并发重症,Viral,2024-02-01,2024-02,162,36.58064516129032,0,0.6978558851780665,wpp_computed,,2003-01-01,2026-08-01,2026-08-01T00:00:00+00:00,nidss_open_data,"Taiwan, China CDC NIDSS",https://nidss.cdc.gov.tw/Home/Index,open_data_csv,nidss_open_data,"Taiwan, China CDC NIDSS",https://nidss.cdc.gov.tw/Home/Index,open_data_csv
disease,D172,severe-complicated-influenza,Severe complicated influenza,TW,"Taiwan, China",D172,Severe complicated influenza,流感并发重症,Viral,2024-03-01,2024-03,120,28.965517241379313,0,0.5169302853170863,wpp_computed,,2003-01-01,2026-08-01,2026-08-01T00:00:00+00:00,nidss_open_data,"Taiwan, China CDC NIDSS",https://nidss.cdc.gov.tw/Home/Index,open_data_csv,nidss_open_data,"Taiwan, China CDC NIDSS",https://nidss.cdc.gov.tw/Home/Index,open_data_csv
disease,D172,severe-complicated-influenza,Severe complicated influenza,TW,"Taiwan, China",D172,Severe complicated influenza,流感并发重症,Viral,2024-04-01,2024-04,123,27.774193548387096,0,0.5298535424500135,wpp_computed,,2003-01-01,2026-08-01,2026-08-01T00:00:00+00:00,nidss_open_data,"Taiwan, China CDC NIDSS",https://nidss.cdc.gov.tw/Home/Index,open_data_csv,nidss_open_data,"Taiwan, China CDC NIDSS",https://nidss.cdc.gov.tw/Home/Index,open_data_csv
disease,D172,severe-complicated-influenza,Severe complicated influenza,TW,"Taiwan, China",D172,Severe complicated influenza,流感并发重症,Viral,2024-05-01,2024-05,185,43.16666666666667,0,0.7969341898638415,wpp_computed,,2003-01-01,2026-08-01,2026-08-01T00:00:00+00:00,nidss_open_data,"Taiwan, China CDC NIDSS",https://nidss.cdc.gov.tw/Home/Index,open_data_csv,nidss_open_data,"Taiwan, China CDC NIDSS",https://nidss.cdc.gov.tw/Home/Index,open_data_csv
disease,D172,severe-complicated-influenza,Severe complicated influenza,TW,"Taiwan, China",D172,Severe complicated influenza,流感并发重症,Viral,2024-06-01,2024-06,265,59.83870967741936,0,1.1415543800752324,wpp_computed,,2003-01-01,2026-08-01,2026-08-01T00:00:00+00:00,nidss_open_data,"Taiwan, China CDC NIDSS",https://nidss.cdc.gov.tw/Home/Index,open_data_csv,nidss_open_data,"Taiwan, China CDC NIDSS",https://nidss.cdc.gov.tw/Home/Index,open_data_csv
disease,D172,severe-complicated-influenza,Severe complicated influenza,TW,"Taiwan, China",D172,Severe complicated influenza,流感并发重症,Viral,2024-07-01,2024-07,246,57.39999999999999,0,1.059707084900027,wpp_computed,,2003-01-01,2026-08-01,2026-08-01T00:00:00+00:00,nidss_open_data,"Taiwan, China CDC NIDSS",https://nidss.cdc.gov.tw/Home/Index,open_data_csv,nidss_open_data,"Taiwan, China CDC NIDSS",https://nidss.cdc.gov.tw/Home/Index,open_data_csv
disease,D172,severe-complicated-influenza,Severe complicated influenza,TW,"Taiwan, China",D172,Severe complicated influenza,流感并发重症,Viral,2024-08-01,2024-08,169,38.16129032258064,0,0.7280101518215633,wpp_computed,,2003-01-01,2026-08-01,2026-08-01T00:00:00+00:00,nidss_open_data,"Taiwan, China CDC NIDSS",https://nidss.cdc.gov.tw/Home/Index,open_data_csv,nidss_open_data,"Taiwan, China CDC NIDSS",https://nidss.cdc.gov.tw/Home/Index,open_data_csv
disease,D172,severe-complicated-influenza,Severe complicated influenza,TW,"Taiwan, China",D172,Severe complicated influenza,流感并发重症,Viral,2024-09-01,2024-09,139,31.387096774193544,0,0.5987775804922917,wpp_computed,,2003-01-01,2026-08-01,2026-08-01T00:00:00+00:00,nidss_open_data,"Taiwan, China CDC NIDSS",https://nidss.cdc.gov.tw/Home/Index,open_data_csv,nidss_open_data,"Taiwan, China CDC NIDSS",https://nidss.cdc.gov.tw/Home/Index,open_data_csv
disease,D172,severe-complicated-influenza,Severe complicated influenza,TW,"Taiwan, China",D172,Severe complicated influenza,流感并发重症,Viral,2024-10-01,2024-10,186,43.4,0,0.8012419422414838,wpp_computed,,2003-01-01,2026-08-01,2026-08-01T00:00:00+00:00,nidss_open_data,"Taiwan, China CDC NIDSS",https://nidss.cdc.gov.tw/Home/Index,open_data_csv,nidss_open_data,"Taiwan, China CDC NIDSS",https://nidss.cdc.gov.tw/Home/Index,open_data_csv
disease,D172,severe-complicated-influenza,Severe complicated influenza,TW,"Taiwan, China",D172,Severe complicated influenza,流感并发重症,Viral,2024-11-01,2024-11,119,26.870967741935484,0,0.5126225329394439,wpp_computed,,2003-01-01,2026-08-01,2026-08-01T00:00:00+00:00,nidss_open_data,"Taiwan, China CDC NIDSS",https://nidss.cdc.gov.tw/Home/Index,open_data_csv,nidss_open_data,"Taiwan, China CDC NIDSS",https://nidss.cdc.gov.tw/Home/Index,open_data_csv
disease,D172,severe-complicated-influenza,Severe complicated influenza,TW,"Taiwan, China",D172,Severe complicated influenza,流感并发重症,Viral,2024-12-01,2024-12,115,26.833333333333336,0,0.49539152342887444,wpp_computed,,2003-01-01,2026-08-01,2026-08-01T00:00:00+00:00,nidss_open_data,"Taiwan, China CDC NIDSS",https://nidss.cdc.gov.tw/Home/Index,open_data_csv,nidss_open_data,"Taiwan, China CDC NIDSS",https://nidss.cdc.gov.tw/Home/Index,open_data_csv
disease,D172,severe-complicated-influenza,Severe complicated influenza,TW,"Taiwan, China",D172,Severe complicated influenza,流感并发重症,Viral,2025-01-01,2025-01,320,72.25806451612902,0,1.3845146278946037,wpp_computed,,2003-01-01,2026-08-01,2026-08-01T00:00:00+00:00,nidss_open_data,"Taiwan, China CDC NIDSS",https://nidss.cdc.gov.tw/Home/Index,open_data_csv,nidss_open_data,"Taiwan, China CDC NIDSS",https://nidss.cdc.gov.tw/Home/Index,open_data_csv
disease,D172,severe-complicated-influenza,Severe complicated influenza,TW,"Taiwan, China",D172,Severe complicated influenza,流感并发重症,Viral,2025-02-01,2025-02,376,84.90322580645162,0,1.626804687776159,wpp_computed,,2003-01-01,2026-08-01,2026-08-01T00:00:00+00:00,nidss_open_data,"Taiwan, China CDC NIDSS",https://nidss.cdc.gov.tw/Home/Index,open_data_csv,nidss_open_data,"Taiwan, China CDC NIDSS",https://nidss.cdc.gov.tw/Home/Index,open_data_csv
disease,D172,severe-complicated-influenza,Severe complicated influenza,TW,"Taiwan, China",D172,Severe complicated influenza,流感并发重症,Viral,2025-03-01,2025-03,162,40.5,0,0.7009105303716431,wpp_computed,,2003-01-01,2026-08-01,2026-08-01T00:00:00+00:00,nidss_open_data,"Taiwan, China CDC NIDSS",https://nidss.cdc.gov.tw/Home/Index,open_data_csv,nidss_open_data,"Taiwan, China CDC NIDSS",https://nidss.cdc.gov.tw/Home/Index,open_data_csv
disease,D172,severe-complicated-influenza,Severe complicated influenza,TW,"Taiwan, China",D172,Severe complicated influenza,流感并发重症,Viral,2025-04-01,2025-04,115,25.96774193548387,0,0.4975599443996232,wpp_computed,,2003-01-01,2026-08-01,2026-08-01T00:00:00+00:00,nidss_open_data,"Taiwan, China CDC NIDSS",https://nidss.cdc.gov.tw/Home/Index,open_data_csv,nidss_open_data,"Taiwan, China CDC NIDSS",https://nidss.cdc.gov.tw/Home/Index,open_data_csv
disease,D172,severe-complicated-influenza,Severe complicated influenza,TW,"Taiwan, China",D172,Severe complicated influenza,流感并发重症,Viral,2025-05-01,2025-05,161,37.56666666666666,0,0.6965839221594725,wpp_computed,,2003-01-01,2026-08-01,2026-08-01T00:00:00+00:00,nidss_open_data,"Taiwan, China CDC NIDSS",https://nidss.cdc.gov.tw/Home/Index,open_data_csv,nidss_open_data,"Taiwan, China CDC NIDSS",https://nidss.cdc.gov.tw/Home/Index,open_data_csv
disease,D172,severe-complicated-influenza,Severe complicated influenza,TW,"Taiwan, China",D172,Severe complicated influenza,流感并发重症,Viral,2025-06-01,2025-06,144,32.516129032258064,0,0.6230315825525716,wpp_computed,,2003-01-01,2026-08-01,2026-08-01T00:00:00+00:00,nidss_open_data,"Taiwan, China CDC NIDSS",https://nidss.cdc.gov.tw/Home/Index,open_data_csv,nidss_open_data,"Taiwan, China CDC NIDSS",https://nidss.cdc.gov.tw/Home/Index,open_data_csv
disease,D172,severe-complicated-influenza,Severe complicated influenza,TW,"Taiwan, China",D172,Severe complicated influenza,流感并发重症,Viral,2025-07-01,2025-07,178,41.53333333333333,0,0.7701362617663733,wpp_computed,,2003-01-01,2026-08-01,2026-08-01T00:00:00+00:00,nidss_open_data,"Taiwan, China CDC NIDSS",https://nidss.cdc.gov.tw/Home/Index,open_data_csv,nidss_open_data,"Taiwan, China CDC NIDSS",https://nidss.cdc.gov.tw/Home/Index,open_data_csv
disease,D172,severe-complicated-influenza,Severe complicated influenza,TW,"Taiwan, China",D172,Severe complicated influenza,流感并发重症,Viral,2025-08-01,2025-08,249,56.22580645161291,0,1.0773254448304883,wpp_computed,,2003-01-01,2026-08-01,2026-08-01T00:00:00+00:00,nidss_open_data,"Taiwan, China CDC NIDSS",https://nidss.cdc.gov.tw/Home/Index,open_data_csv,nidss_open_data,"Taiwan, China CDC NIDSS",https://nidss.cdc.gov.tw/Home/Index,open_data_csv
disease,D172,severe-complicated-influenza,Severe complicated influenza,TW,"Taiwan, China",D172,Severe complicated influenza,流感并发重症,Viral,2025-09-01,2025-09,250,56.45161290322581,0,1.081652053042659,wpp_computed,,2003-01-01,2026-08-01,2026-08-01T00:00:00+00:00,nidss_open_data,"Taiwan, China CDC NIDSS",https://nidss.cdc.gov.tw/Home/Index,open_data_csv,nidss_open_data,"Taiwan, China CDC NIDSS",https://nidss.cdc.gov.tw/Home/Index,open_data_csv
disease,D172,severe-complicated-influenza,Severe complicated influenza,TW,"Taiwan, China",D172,Severe complicated influenza,流感并发重症,Viral,2025-10-01,2025-10,245,57.166666666666664,0,1.0600190119818058,wpp_computed,,2003-01-01,2026-08-01,2026-08-01T00:00:00+00:00,nidss_open_data,"Taiwan, China CDC NIDSS",https://nidss.cdc.gov.tw/Home/Index,open_data_csv,nidss_open_data,"Taiwan, China CDC NIDSS",https://nidss.cdc.gov.tw/Home/Index,open_data_csv
disease,D172,severe-complicated-influenza,Severe complicated influenza,TW,"Taiwan, China",D172,Severe complicated influenza,流感并发重症,Viral,2025-11-01,2025-11,128,28.903225806451612,0,0.5538058511578414,wpp_computed,,2003-01-01,2026-08-01,2026-08-01T00:00:00+00:00,nidss_open_data,"Taiwan, China CDC NIDSS",https://nidss.cdc.gov.tw/Home/Index,open_data_csv,nidss_open_data,"Taiwan, China CDC NIDSS",https://nidss.cdc.gov.tw/Home/Index,open_data_csv
disease,D172,severe-complicated-influenza,Severe complicated influenza,TW,"Taiwan, China",D172,Severe complicated influenza,流感并发重症,Viral,2025-12-01,2025-12,64,14.933333333333334,0,0.2769029255789207,wpp_computed,,2003-01-01,2026-08-01,2026-08-01T00:00:00+00:00,nidss_open_data,"Taiwan, China CDC NIDSS",https://nidss.cdc.gov.tw/Home/Index,open_data_csv,nidss_open_data,"Taiwan, China CDC NIDSS",https://nidss.cdc.gov.tw/Home/Index,open_data_csv
disease,D172,severe-complicated-influenza,Severe complicated influenza,TW,"Taiwan, China",D172,Severe complicated influenza,流感并发重症,Viral,2026-01-01,2026-01,102,23.03225806451613,0,0.44326062953656337,wpp_computed,,2003-01-01,2026-08-01,2026-08-01T00:00:00+00:00,nidss_open_data,"Taiwan, China CDC NIDSS",https://nidss.cdc.gov.tw/Home/Index,open_data_csv,nidss_open_data,"Taiwan, China CDC NIDSS",https://nidss.cdc.gov.tw/Home/Index,open_data_csv
disease,D172,severe-complicated-influenza,Severe complicated influenza,TW,"Taiwan, China",D172,Severe complicated influenza,流感并发重症,Viral,2026-02-01,2026-02,49,11.064516129032258,0,0.21293892987540788,wpp_computed,,2003-01-01,2026-08-01,2026-08-01T00:00:00+00:00,nidss_open_data,"Taiwan, China CDC NIDSS",https://nidss.cdc.gov.tw/Home/Index,open_data_csv,nidss_open_data,"Taiwan, China CDC NIDSS",https://nidss.cdc.gov.tw/Home/Index,open_data_csv
disease,D172,severe-complicated-influenza,Severe complicated influenza,TW,"Taiwan, China",D172,Severe complicated influenza,流感并发重症,Viral,2026-03-01,2026-03,44,11.0,0,0.19121046764322344,wpp_computed,,2003-01-01,2026-08-01,2026-08-01T00:00:00+00:00,nidss_open_data,"Taiwan, China CDC NIDSS",https://nidss.cdc.gov.tw/Home/Index,open_data_csv,nidss_open_data,"Taiwan, China CDC NIDSS",https://nidss.cdc.gov.tw/Home/Index,open_data_csv
disease,D172,severe-complicated-influenza,Severe complicated influenza,TW,"Taiwan, China",D172,Severe complicated influenza,流感并发重症,Viral,2026-04-01,2026-04,38,8.580645161290322,0,0.16513631296460204,wpp_computed,,2003-01-01,2026-08-01,2026-08-01T00:00:00+00:00,nidss_open_data,"Taiwan, China CDC NIDSS",https://nidss.cdc.gov.tw/Home/Index,open_data_csv,nidss_open_data,"Taiwan, China CDC NIDSS",https://nidss.cdc.gov.tw/Home/Index,open_data_csv
disease,D172,severe-complicated-influenza,Severe complicated influenza,TW,"Taiwan, China",D172,Severe complicated influenza,流感并发重症,Viral,2026-05-01,2026-05,37,8.633333333333333,0,0.16079062051816514,wpp_computed,,2003-01-01,2026-08-01,2026-08-01T00:00:00+00:00,nidss_open_data,"Taiwan, China CDC NIDSS",https://nidss.cdc.gov.tw/Home/Index,open_data_csv,nidss_open_data,"Taiwan, China CDC NIDSS",https://nidss.cdc.gov.tw/Home/Index,open_data_csv
disease,D172,severe-complicated-influenza,Severe complicated influenza,TW,"Taiwan, China",D172,Severe complicated influenza,流感并发重症,Viral,2026-06-01,2026-06,63,14.225806451612904,0,0.27377862412552445,wpp_computed,,2003-01-01,2026-08-01,2026-08-01T00:00:00+00:00,nidss_open_data,"Taiwan, China CDC NIDSS",https://nidss.cdc.gov.tw/Home/Index,open_data_csv,nidss_open_data,"Taiwan, China CDC NIDSS",https://nidss.cdc.gov.tw/Home/Index,open_data_csv
disease,D172,severe-complicated-influenza,Severe complicated influenza,TW,"Taiwan, China",D172,Severe complicated influenza,流感并发重症,Viral,2026-07-01,2026-07,215,50.16666666666667,0,0.9343238759839326,wpp_computed,,2003-01-01,2026-08-01,2026-08-01T00:00:00+00:00,nidss_open_data,"Taiwan, China CDC NIDSS",https://nidss.cdc.gov.tw/Home/Index,open_data_csv,nidss_open_data,"Taiwan, China CDC NIDSS",https://nidss.cdc.gov.tw/Home/Index,open_data_csv
disease,D172,severe-complicated-influenza,Severe complicated influenza,TW,"Taiwan, China",D172,Severe complicated influenza,流感并发重症,Viral,2026-08-01,2026-08,15,3.3870967741935485,0,0.06518538669655344,wpp_computed,,2003-01-01,2026-08-01,2026-08-01T00:00:00+00:00,nidss_open_data,"Taiwan, China CDC NIDSS",https://nidss.cdc.gov.tw/Home/Index,open_data_csv,nidss_open_data,"Taiwan, China CDC NIDSS",https://nidss.cdc.gov.tw/Home/Index,open_data_csv
