dataset_kind,dataset_id,dataset_slug,dataset_name,country_code,country_name,disease_id,disease_name_en,disease_name_zh,category,date,year_month,cases,weekly_equiv_cases,deaths,incidence_rate_per_100k,incidence_rate_source,mortality_rate,coverage_start,coverage_end,generated_at,primary_source_scope,primary_source_label,primary_source_url,primary_source_type,source_scopes,source_labels,source_urls,source_types
disease,D196,foodborne-disease-outbreak,Foodborne disease outbreak,BR,Brazil,D196,Foodborne disease outbreak,食源性疾病暴发,Bacterial,2007-01-01,2007-01,65,14.677419354838708,0,0.03447319025297594,wpp_computed,,2007-01-01,2024-12-01,2026-08-01T00:00:00+00:00,sinan_datasus,Brazil DATASUS SINAN,http://siab.datasus.gov.br/DATASUS/index.php?acao=41&area=0901&item=1,ftp_dbc,sinan_datasus,Brazil DATASUS SINAN,http://siab.datasus.gov.br/DATASUS/index.php?acao=41&area=0901&item=1,ftp_dbc
disease,D196,foodborne-disease-outbreak,Foodborne disease outbreak,BR,Brazil,D196,Foodborne disease outbreak,食源性疾病暴发,Bacterial,2007-02-01,2007-02,45,10.161290322580646,0,0.023866054790521805,wpp_computed,,2007-01-01,2024-12-01,2026-08-01T00:00:00+00:00,sinan_datasus,Brazil DATASUS SINAN,http://siab.datasus.gov.br/DATASUS/index.php?acao=41&area=0901&item=1,ftp_dbc,sinan_datasus,Brazil DATASUS SINAN,http://siab.datasus.gov.br/DATASUS/index.php?acao=41&area=0901&item=1,ftp_dbc
disease,D196,foodborne-disease-outbreak,Foodborne disease outbreak,BR,Brazil,D196,Foodborne disease outbreak,食源性疾病暴发,Bacterial,2007-03-01,2007-03,60,15.0,0,0.0318214063873624,wpp_computed,,2007-01-01,2024-12-01,2026-08-01T00:00:00+00:00,sinan_datasus,Brazil DATASUS SINAN,http://siab.datasus.gov.br/DATASUS/index.php?acao=41&area=0901&item=1,ftp_dbc,sinan_datasus,Brazil DATASUS SINAN,http://siab.datasus.gov.br/DATASUS/index.php?acao=41&area=0901&item=1,ftp_dbc
disease,D196,foodborne-disease-outbreak,Foodborne disease outbreak,BR,Brazil,D196,Foodborne disease outbreak,食源性疾病暴发,Bacterial,2007-04-01,2007-04,52,11.741935483870968,0,0.027578552202380754,wpp_computed,,2007-01-01,2024-12-01,2026-08-01T00:00:00+00:00,sinan_datasus,Brazil DATASUS SINAN,http://siab.datasus.gov.br/DATASUS/index.php?acao=41&area=0901&item=1,ftp_dbc,sinan_datasus,Brazil DATASUS SINAN,http://siab.datasus.gov.br/DATASUS/index.php?acao=41&area=0901&item=1,ftp_dbc
disease,D196,foodborne-disease-outbreak,Foodborne disease outbreak,BR,Brazil,D196,Foodborne disease outbreak,食源性疾病暴发,Bacterial,2007-05-01,2007-05,48,11.200000000000001,0,0.02545712510988992,wpp_computed,,2007-01-01,2024-12-01,2026-08-01T00:00:00+00:00,sinan_datasus,Brazil DATASUS SINAN,http://siab.datasus.gov.br/DATASUS/index.php?acao=41&area=0901&item=1,ftp_dbc,sinan_datasus,Brazil DATASUS SINAN,http://siab.datasus.gov.br/DATASUS/index.php?acao=41&area=0901&item=1,ftp_dbc
disease,D196,foodborne-disease-outbreak,Foodborne disease outbreak,BR,Brazil,D196,Foodborne disease outbreak,食源性疾病暴发,Bacterial,2007-06-01,2007-06,38,8.580645161290322,0,0.020153557378662857,wpp_computed,,2007-01-01,2024-12-01,2026-08-01T00:00:00+00:00,sinan_datasus,Brazil DATASUS SINAN,http://siab.datasus.gov.br/DATASUS/index.php?acao=41&area=0901&item=1,ftp_dbc,sinan_datasus,Brazil DATASUS SINAN,http://siab.datasus.gov.br/DATASUS/index.php?acao=41&area=0901&item=1,ftp_dbc
disease,D196,foodborne-disease-outbreak,Foodborne disease outbreak,BR,Brazil,D196,Foodborne disease outbreak,食源性疾病暴发,Bacterial,2007-07-01,2007-07,48,11.200000000000001,0,0.02545712510988992,wpp_computed,,2007-01-01,2024-12-01,2026-08-01T00:00:00+00:00,sinan_datasus,Brazil DATASUS SINAN,http://siab.datasus.gov.br/DATASUS/index.php?acao=41&area=0901&item=1,ftp_dbc,sinan_datasus,Brazil DATASUS SINAN,http://siab.datasus.gov.br/DATASUS/index.php?acao=41&area=0901&item=1,ftp_dbc
disease,D196,foodborne-disease-outbreak,Foodborne disease outbreak,BR,Brazil,D196,Foodborne disease outbreak,食源性疾病暴发,Bacterial,2007-08-01,2007-08,67,15.129032258064516,0,0.03553390379922135,wpp_computed,,2007-01-01,2024-12-01,2026-08-01T00:00:00+00:00,sinan_datasus,Brazil DATASUS SINAN,http://siab.datasus.gov.br/DATASUS/index.php?acao=41&area=0901&item=1,ftp_dbc,sinan_datasus,Brazil DATASUS SINAN,http://siab.datasus.gov.br/DATASUS/index.php?acao=41&area=0901&item=1,ftp_dbc
disease,D196,foodborne-disease-outbreak,Foodborne disease outbreak,BR,Brazil,D196,Foodborne disease outbreak,食源性疾病暴发,Bacterial,2007-09-01,2007-09,73,16.483870967741936,0,0.03871604443795759,wpp_computed,,2007-01-01,2024-12-01,2026-08-01T00:00:00+00:00,sinan_datasus,Brazil DATASUS SINAN,http://siab.datasus.gov.br/DATASUS/index.php?acao=41&area=0901&item=1,ftp_dbc,sinan_datasus,Brazil DATASUS SINAN,http://siab.datasus.gov.br/DATASUS/index.php?acao=41&area=0901&item=1,ftp_dbc
disease,D196,foodborne-disease-outbreak,Foodborne disease outbreak,BR,Brazil,D196,Foodborne disease outbreak,食源性疾病暴发,Bacterial,2007-10-01,2007-10,79,18.433333333333334,0,0.04189818507669383,wpp_computed,,2007-01-01,2024-12-01,2026-08-01T00:00:00+00:00,sinan_datasus,Brazil DATASUS SINAN,http://siab.datasus.gov.br/DATASUS/index.php?acao=41&area=0901&item=1,ftp_dbc,sinan_datasus,Brazil DATASUS SINAN,http://siab.datasus.gov.br/DATASUS/index.php?acao=41&area=0901&item=1,ftp_dbc
disease,D196,foodborne-disease-outbreak,Foodborne disease outbreak,BR,Brazil,D196,Foodborne disease outbreak,食源性疾病暴发,Bacterial,2007-11-01,2007-11,52,11.741935483870968,0,0.027578552202380754,wpp_computed,,2007-01-01,2024-12-01,2026-08-01T00:00:00+00:00,sinan_datasus,Brazil DATASUS SINAN,http://siab.datasus.gov.br/DATASUS/index.php?acao=41&area=0901&item=1,ftp_dbc,sinan_datasus,Brazil DATASUS SINAN,http://siab.datasus.gov.br/DATASUS/index.php?acao=41&area=0901&item=1,ftp_dbc
disease,D196,foodborne-disease-outbreak,Foodborne disease outbreak,BR,Brazil,D196,Foodborne disease outbreak,食源性疾病暴发,Bacterial,2007-12-01,2007-12,56,13.066666666666666,0,0.029699979294871576,wpp_computed,,2007-01-01,2024-12-01,2026-08-01T00:00:00+00:00,sinan_datasus,Brazil DATASUS SINAN,http://siab.datasus.gov.br/DATASUS/index.php?acao=41&area=0901&item=1,ftp_dbc,sinan_datasus,Brazil DATASUS SINAN,http://siab.datasus.gov.br/DATASUS/index.php?acao=41&area=0901&item=1,ftp_dbc
disease,D196,foodborne-disease-outbreak,Foodborne disease outbreak,BR,Brazil,D196,Foodborne disease outbreak,食源性疾病暴发,Bacterial,2012-01-01,2012-01,85,0.39879356568364616,0,0.04317435942450539,wpp_computed,,2007-01-01,2024-12-01,2026-08-01T00:00:00+00:00,sinan_datasus,Brazil DATASUS SINAN,http://siab.datasus.gov.br/DATASUS/index.php?acao=41&area=0901&item=1,ftp_dbc,sinan_datasus,Brazil DATASUS SINAN,http://siab.datasus.gov.br/DATASUS/index.php?acao=41&area=0901&item=1,ftp_dbc
disease,D196,foodborne-disease-outbreak,Foodborne disease outbreak,BR,Brazil,D196,Foodborne disease outbreak,食源性疾病暴发,Bacterial,2012-02-01,2012-02,69,15.58064516129032,0,0.03504742117989262,wpp_computed,,2007-01-01,2024-12-01,2026-08-01T00:00:00+00:00,sinan_datasus,Brazil DATASUS SINAN,http://siab.datasus.gov.br/DATASUS/index.php?acao=41&area=0901&item=1,ftp_dbc,sinan_datasus,Brazil DATASUS SINAN,http://siab.datasus.gov.br/DATASUS/index.php?acao=41&area=0901&item=1,ftp_dbc
disease,D196,foodborne-disease-outbreak,Foodborne disease outbreak,BR,Brazil,D196,Foodborne disease outbreak,食源性疾病暴发,Bacterial,2012-03-01,2012-03,108,26.068965517241377,0,0.05485683315113627,wpp_computed,,2007-01-01,2024-12-01,2026-08-01T00:00:00+00:00,sinan_datasus,Brazil DATASUS SINAN,http://siab.datasus.gov.br/DATASUS/index.php?acao=41&area=0901&item=1,ftp_dbc,sinan_datasus,Brazil DATASUS SINAN,http://siab.datasus.gov.br/DATASUS/index.php?acao=41&area=0901&item=1,ftp_dbc
disease,D196,foodborne-disease-outbreak,Foodborne disease outbreak,BR,Brazil,D196,Foodborne disease outbreak,食源性疾病暴发,Bacterial,2012-04-01,2012-04,71,16.03225806451613,0,0.03606328846046921,wpp_computed,,2007-01-01,2024-12-01,2026-08-01T00:00:00+00:00,sinan_datasus,Brazil DATASUS SINAN,http://siab.datasus.gov.br/DATASUS/index.php?acao=41&area=0901&item=1,ftp_dbc,sinan_datasus,Brazil DATASUS SINAN,http://siab.datasus.gov.br/DATASUS/index.php?acao=41&area=0901&item=1,ftp_dbc
disease,D196,foodborne-disease-outbreak,Foodborne disease outbreak,BR,Brazil,D196,Foodborne disease outbreak,食源性疾病暴发,Bacterial,2012-05-01,2012-05,72,16.8,0,0.03657122210075751,wpp_computed,,2007-01-01,2024-12-01,2026-08-01T00:00:00+00:00,sinan_datasus,Brazil DATASUS SINAN,http://siab.datasus.gov.br/DATASUS/index.php?acao=41&area=0901&item=1,ftp_dbc,sinan_datasus,Brazil DATASUS SINAN,http://siab.datasus.gov.br/DATASUS/index.php?acao=41&area=0901&item=1,ftp_dbc
disease,D196,foodborne-disease-outbreak,Foodborne disease outbreak,BR,Brazil,D196,Foodborne disease outbreak,食源性疾病暴发,Bacterial,2012-06-01,2012-06,80,18.064516129032256,0,0.0406346912230639,wpp_computed,,2007-01-01,2024-12-01,2026-08-01T00:00:00+00:00,sinan_datasus,Brazil DATASUS SINAN,http://siab.datasus.gov.br/DATASUS/index.php?acao=41&area=0901&item=1,ftp_dbc,sinan_datasus,Brazil DATASUS SINAN,http://siab.datasus.gov.br/DATASUS/index.php?acao=41&area=0901&item=1,ftp_dbc
disease,D196,foodborne-disease-outbreak,Foodborne disease outbreak,BR,Brazil,D196,Foodborne disease outbreak,食源性疾病暴发,Bacterial,2012-07-01,2012-07,76,17.733333333333334,0,0.03860295666191071,wpp_computed,,2007-01-01,2024-12-01,2026-08-01T00:00:00+00:00,sinan_datasus,Brazil DATASUS SINAN,http://siab.datasus.gov.br/DATASUS/index.php?acao=41&area=0901&item=1,ftp_dbc,sinan_datasus,Brazil DATASUS SINAN,http://siab.datasus.gov.br/DATASUS/index.php?acao=41&area=0901&item=1,ftp_dbc
disease,D196,foodborne-disease-outbreak,Foodborne disease outbreak,BR,Brazil,D196,Foodborne disease outbreak,食源性疾病暴发,Bacterial,2012-08-01,2012-08,84,18.96774193548387,0,0.042666425784217095,wpp_computed,,2007-01-01,2024-12-01,2026-08-01T00:00:00+00:00,sinan_datasus,Brazil DATASUS SINAN,http://siab.datasus.gov.br/DATASUS/index.php?acao=41&area=0901&item=1,ftp_dbc,sinan_datasus,Brazil DATASUS SINAN,http://siab.datasus.gov.br/DATASUS/index.php?acao=41&area=0901&item=1,ftp_dbc
disease,D196,foodborne-disease-outbreak,Foodborne disease outbreak,BR,Brazil,D196,Foodborne disease outbreak,食源性疾病暴发,Bacterial,2012-09-01,2012-09,58,13.096774193548386,0,0.029460151136721326,wpp_computed,,2007-01-01,2024-12-01,2026-08-01T00:00:00+00:00,sinan_datasus,Brazil DATASUS SINAN,http://siab.datasus.gov.br/DATASUS/index.php?acao=41&area=0901&item=1,ftp_dbc,sinan_datasus,Brazil DATASUS SINAN,http://siab.datasus.gov.br/DATASUS/index.php?acao=41&area=0901&item=1,ftp_dbc
disease,D196,foodborne-disease-outbreak,Foodborne disease outbreak,BR,Brazil,D196,Foodborne disease outbreak,食源性疾病暴发,Bacterial,2012-10-01,2012-10,63,14.700000000000001,0,0.03199981933816282,wpp_computed,,2007-01-01,2024-12-01,2026-08-01T00:00:00+00:00,sinan_datasus,Brazil DATASUS SINAN,http://siab.datasus.gov.br/DATASUS/index.php?acao=41&area=0901&item=1,ftp_dbc,sinan_datasus,Brazil DATASUS SINAN,http://siab.datasus.gov.br/DATASUS/index.php?acao=41&area=0901&item=1,ftp_dbc
disease,D196,foodborne-disease-outbreak,Foodborne disease outbreak,BR,Brazil,D196,Foodborne disease outbreak,食源性疾病暴发,Bacterial,2012-11-01,2012-11,41,9.258064516129032,0,0.02082527925182025,wpp_computed,,2007-01-01,2024-12-01,2026-08-01T00:00:00+00:00,sinan_datasus,Brazil DATASUS SINAN,http://siab.datasus.gov.br/DATASUS/index.php?acao=41&area=0901&item=1,ftp_dbc,sinan_datasus,Brazil DATASUS SINAN,http://siab.datasus.gov.br/DATASUS/index.php?acao=41&area=0901&item=1,ftp_dbc
disease,D196,foodborne-disease-outbreak,Foodborne disease outbreak,BR,Brazil,D196,Foodborne disease outbreak,食源性疾病暴发,Bacterial,2012-12-01,2012-12,56,13.066666666666666,0,0.028444283856144732,wpp_computed,,2007-01-01,2024-12-01,2026-08-01T00:00:00+00:00,sinan_datasus,Brazil DATASUS SINAN,http://siab.datasus.gov.br/DATASUS/index.php?acao=41&area=0901&item=1,ftp_dbc,sinan_datasus,Brazil DATASUS SINAN,http://siab.datasus.gov.br/DATASUS/index.php?acao=41&area=0901&item=1,ftp_dbc
disease,D196,foodborne-disease-outbreak,Foodborne disease outbreak,BR,Brazil,D196,Foodborne disease outbreak,食源性疾病暴发,Bacterial,2018-01-01,2018-01,65,0.2450188476036618,0,0.03153697732060244,wpp_computed,,2007-01-01,2024-12-01,2026-08-01T00:00:00+00:00,sinan_datasus,Brazil DATASUS SINAN,http://siab.datasus.gov.br/DATASUS/index.php?acao=41&area=0901&item=1,ftp_dbc,sinan_datasus,Brazil DATASUS SINAN,http://siab.datasus.gov.br/DATASUS/index.php?acao=41&area=0901&item=1,ftp_dbc
disease,D196,foodborne-disease-outbreak,Foodborne disease outbreak,BR,Brazil,D196,Foodborne disease outbreak,食源性疾病暴发,Bacterial,2018-02-01,2018-02,49,11.064516129032258,0,0.023774029057069535,wpp_computed,,2007-01-01,2024-12-01,2026-08-01T00:00:00+00:00,sinan_datasus,Brazil DATASUS SINAN,http://siab.datasus.gov.br/DATASUS/index.php?acao=41&area=0901&item=1,ftp_dbc,sinan_datasus,Brazil DATASUS SINAN,http://siab.datasus.gov.br/DATASUS/index.php?acao=41&area=0901&item=1,ftp_dbc
disease,D196,foodborne-disease-outbreak,Foodborne disease outbreak,BR,Brazil,D196,Foodborne disease outbreak,食源性疾病暴发,Bacterial,2018-03-01,2018-03,73,18.25,0,0.0354184514523689,wpp_computed,,2007-01-01,2024-12-01,2026-08-01T00:00:00+00:00,sinan_datasus,Brazil DATASUS SINAN,http://siab.datasus.gov.br/DATASUS/index.php?acao=41&area=0901&item=1,ftp_dbc,sinan_datasus,Brazil DATASUS SINAN,http://siab.datasus.gov.br/DATASUS/index.php?acao=41&area=0901&item=1,ftp_dbc
disease,D196,foodborne-disease-outbreak,Foodborne disease outbreak,BR,Brazil,D196,Foodborne disease outbreak,食源性疾病暴发,Bacterial,2018-04-01,2018-04,51,11.516129032258066,0,0.02474439759001115,wpp_computed,,2007-01-01,2024-12-01,2026-08-01T00:00:00+00:00,sinan_datasus,Brazil DATASUS SINAN,http://siab.datasus.gov.br/DATASUS/index.php?acao=41&area=0901&item=1,ftp_dbc,sinan_datasus,Brazil DATASUS SINAN,http://siab.datasus.gov.br/DATASUS/index.php?acao=41&area=0901&item=1,ftp_dbc
disease,D196,foodborne-disease-outbreak,Foodborne disease outbreak,BR,Brazil,D196,Foodborne disease outbreak,食源性疾病暴发,Bacterial,2018-05-01,2018-05,37,8.633333333333333,0,0.017951817859419853,wpp_computed,,2007-01-01,2024-12-01,2026-08-01T00:00:00+00:00,sinan_datasus,Brazil DATASUS SINAN,http://siab.datasus.gov.br/DATASUS/index.php?acao=41&area=0901&item=1,ftp_dbc,sinan_datasus,Brazil DATASUS SINAN,http://siab.datasus.gov.br/DATASUS/index.php?acao=41&area=0901&item=1,ftp_dbc
disease,D196,foodborne-disease-outbreak,Foodborne disease outbreak,BR,Brazil,D196,Foodborne disease outbreak,食源性疾病暴发,Bacterial,2018-06-01,2018-06,40,9.032258064516128,0,0.019407370658832274,wpp_computed,,2007-01-01,2024-12-01,2026-08-01T00:00:00+00:00,sinan_datasus,Brazil DATASUS SINAN,http://siab.datasus.gov.br/DATASUS/index.php?acao=41&area=0901&item=1,ftp_dbc,sinan_datasus,Brazil DATASUS SINAN,http://siab.datasus.gov.br/DATASUS/index.php?acao=41&area=0901&item=1,ftp_dbc
disease,D196,foodborne-disease-outbreak,Foodborne disease outbreak,BR,Brazil,D196,Foodborne disease outbreak,食源性疾病暴发,Bacterial,2018-07-01,2018-07,40,9.333333333333332,0,0.019407370658832274,wpp_computed,,2007-01-01,2024-12-01,2026-08-01T00:00:00+00:00,sinan_datasus,Brazil DATASUS SINAN,http://siab.datasus.gov.br/DATASUS/index.php?acao=41&area=0901&item=1,ftp_dbc,sinan_datasus,Brazil DATASUS SINAN,http://siab.datasus.gov.br/DATASUS/index.php?acao=41&area=0901&item=1,ftp_dbc
disease,D196,foodborne-disease-outbreak,Foodborne disease outbreak,BR,Brazil,D196,Foodborne disease outbreak,食源性疾病暴发,Bacterial,2018-08-01,2018-08,61,13.774193548387096,0,0.029596240254719217,wpp_computed,,2007-01-01,2024-12-01,2026-08-01T00:00:00+00:00,sinan_datasus,Brazil DATASUS SINAN,http://siab.datasus.gov.br/DATASUS/index.php?acao=41&area=0901&item=1,ftp_dbc,sinan_datasus,Brazil DATASUS SINAN,http://siab.datasus.gov.br/DATASUS/index.php?acao=41&area=0901&item=1,ftp_dbc
disease,D196,foodborne-disease-outbreak,Foodborne disease outbreak,BR,Brazil,D196,Foodborne disease outbreak,食源性疾病暴发,Bacterial,2018-09-01,2018-09,42,9.483870967741934,0,0.020377739191773887,wpp_computed,,2007-01-01,2024-12-01,2026-08-01T00:00:00+00:00,sinan_datasus,Brazil DATASUS SINAN,http://siab.datasus.gov.br/DATASUS/index.php?acao=41&area=0901&item=1,ftp_dbc,sinan_datasus,Brazil DATASUS SINAN,http://siab.datasus.gov.br/DATASUS/index.php?acao=41&area=0901&item=1,ftp_dbc
disease,D196,foodborne-disease-outbreak,Foodborne disease outbreak,BR,Brazil,D196,Foodborne disease outbreak,食源性疾病暴发,Bacterial,2018-10-01,2018-10,53,12.366666666666667,0,0.025714766122952766,wpp_computed,,2007-01-01,2024-12-01,2026-08-01T00:00:00+00:00,sinan_datasus,Brazil DATASUS SINAN,http://siab.datasus.gov.br/DATASUS/index.php?acao=41&area=0901&item=1,ftp_dbc,sinan_datasus,Brazil DATASUS SINAN,http://siab.datasus.gov.br/DATASUS/index.php?acao=41&area=0901&item=1,ftp_dbc
disease,D196,foodborne-disease-outbreak,Foodborne disease outbreak,BR,Brazil,D196,Foodborne disease outbreak,食源性疾病暴发,Bacterial,2018-11-01,2018-11,49,11.064516129032258,0,0.023774029057069535,wpp_computed,,2007-01-01,2024-12-01,2026-08-01T00:00:00+00:00,sinan_datasus,Brazil DATASUS SINAN,http://siab.datasus.gov.br/DATASUS/index.php?acao=41&area=0901&item=1,ftp_dbc,sinan_datasus,Brazil DATASUS SINAN,http://siab.datasus.gov.br/DATASUS/index.php?acao=41&area=0901&item=1,ftp_dbc
disease,D196,foodborne-disease-outbreak,Foodborne disease outbreak,BR,Brazil,D196,Foodborne disease outbreak,食源性疾病暴发,Bacterial,2018-12-01,2018-12,37,8.633333333333333,0,0.017951817859419853,wpp_computed,,2007-01-01,2024-12-01,2026-08-01T00:00:00+00:00,sinan_datasus,Brazil DATASUS SINAN,http://siab.datasus.gov.br/DATASUS/index.php?acao=41&area=0901&item=1,ftp_dbc,sinan_datasus,Brazil DATASUS SINAN,http://siab.datasus.gov.br/DATASUS/index.php?acao=41&area=0901&item=1,ftp_dbc
disease,D196,foodborne-disease-outbreak,Foodborne disease outbreak,BR,Brazil,D196,Foodborne disease outbreak,食源性疾病暴发,Bacterial,2021-01-01,2021-01,22,0.2020997375328084,0,0.01049867293433623,wpp_computed,,2007-01-01,2024-12-01,2026-08-01T00:00:00+00:00,sinan_datasus,Brazil DATASUS SINAN,http://siab.datasus.gov.br/DATASUS/index.php?acao=41&area=0901&item=1,ftp_dbc,sinan_datasus,Brazil DATASUS SINAN,http://siab.datasus.gov.br/DATASUS/index.php?acao=41&area=0901&item=1,ftp_dbc
disease,D196,foodborne-disease-outbreak,Foodborne disease outbreak,BR,Brazil,D196,Foodborne disease outbreak,食源性疾病暴发,Bacterial,2021-02-01,2021-02,24,5.419354838709677,0,0.011453097746548617,wpp_computed,,2007-01-01,2024-12-01,2026-08-01T00:00:00+00:00,sinan_datasus,Brazil DATASUS SINAN,http://siab.datasus.gov.br/DATASUS/index.php?acao=41&area=0901&item=1,ftp_dbc,sinan_datasus,Brazil DATASUS SINAN,http://siab.datasus.gov.br/DATASUS/index.php?acao=41&area=0901&item=1,ftp_dbc
disease,D196,foodborne-disease-outbreak,Foodborne disease outbreak,BR,Brazil,D196,Foodborne disease outbreak,食源性疾病暴发,Bacterial,2021-03-01,2021-03,18,4.5,0,0.008589823309911463,wpp_computed,,2007-01-01,2024-12-01,2026-08-01T00:00:00+00:00,sinan_datasus,Brazil DATASUS SINAN,http://siab.datasus.gov.br/DATASUS/index.php?acao=41&area=0901&item=1,ftp_dbc,sinan_datasus,Brazil DATASUS SINAN,http://siab.datasus.gov.br/DATASUS/index.php?acao=41&area=0901&item=1,ftp_dbc
disease,D196,foodborne-disease-outbreak,Foodborne disease outbreak,BR,Brazil,D196,Foodborne disease outbreak,食源性疾病暴发,Bacterial,2021-04-01,2021-04,20,4.516129032258064,0,0.009544248122123847,wpp_computed,,2007-01-01,2024-12-01,2026-08-01T00:00:00+00:00,sinan_datasus,Brazil DATASUS SINAN,http://siab.datasus.gov.br/DATASUS/index.php?acao=41&area=0901&item=1,ftp_dbc,sinan_datasus,Brazil DATASUS SINAN,http://siab.datasus.gov.br/DATASUS/index.php?acao=41&area=0901&item=1,ftp_dbc
disease,D196,foodborne-disease-outbreak,Foodborne disease outbreak,BR,Brazil,D196,Foodborne disease outbreak,食源性疾病暴发,Bacterial,2021-05-01,2021-05,23,5.366666666666667,0,0.010975885340442424,wpp_computed,,2007-01-01,2024-12-01,2026-08-01T00:00:00+00:00,sinan_datasus,Brazil DATASUS SINAN,http://siab.datasus.gov.br/DATASUS/index.php?acao=41&area=0901&item=1,ftp_dbc,sinan_datasus,Brazil DATASUS SINAN,http://siab.datasus.gov.br/DATASUS/index.php?acao=41&area=0901&item=1,ftp_dbc
disease,D196,foodborne-disease-outbreak,Foodborne disease outbreak,BR,Brazil,D196,Foodborne disease outbreak,食源性疾病暴发,Bacterial,2021-06-01,2021-06,18,4.064516129032258,0,0.008589823309911463,wpp_computed,,2007-01-01,2024-12-01,2026-08-01T00:00:00+00:00,sinan_datasus,Brazil DATASUS SINAN,http://siab.datasus.gov.br/DATASUS/index.php?acao=41&area=0901&item=1,ftp_dbc,sinan_datasus,Brazil DATASUS SINAN,http://siab.datasus.gov.br/DATASUS/index.php?acao=41&area=0901&item=1,ftp_dbc
disease,D196,foodborne-disease-outbreak,Foodborne disease outbreak,BR,Brazil,D196,Foodborne disease outbreak,食源性疾病暴发,Bacterial,2021-07-01,2021-07,29,6.766666666666667,0,0.013839159777079578,wpp_computed,,2007-01-01,2024-12-01,2026-08-01T00:00:00+00:00,sinan_datasus,Brazil DATASUS SINAN,http://siab.datasus.gov.br/DATASUS/index.php?acao=41&area=0901&item=1,ftp_dbc,sinan_datasus,Brazil DATASUS SINAN,http://siab.datasus.gov.br/DATASUS/index.php?acao=41&area=0901&item=1,ftp_dbc
disease,D196,foodborne-disease-outbreak,Foodborne disease outbreak,BR,Brazil,D196,Foodborne disease outbreak,食源性疾病暴发,Bacterial,2021-08-01,2021-08,80,18.064516129032256,0,0.03817699248849539,wpp_computed,,2007-01-01,2024-12-01,2026-08-01T00:00:00+00:00,sinan_datasus,Brazil DATASUS SINAN,http://siab.datasus.gov.br/DATASUS/index.php?acao=41&area=0901&item=1,ftp_dbc,sinan_datasus,Brazil DATASUS SINAN,http://siab.datasus.gov.br/DATASUS/index.php?acao=41&area=0901&item=1,ftp_dbc
disease,D196,foodborne-disease-outbreak,Foodborne disease outbreak,BR,Brazil,D196,Foodborne disease outbreak,食源性疾病暴发,Bacterial,2021-09-01,2021-09,93,21.0,0,0.04438075376787588,wpp_computed,,2007-01-01,2024-12-01,2026-08-01T00:00:00+00:00,sinan_datasus,Brazil DATASUS SINAN,http://siab.datasus.gov.br/DATASUS/index.php?acao=41&area=0901&item=1,ftp_dbc,sinan_datasus,Brazil DATASUS SINAN,http://siab.datasus.gov.br/DATASUS/index.php?acao=41&area=0901&item=1,ftp_dbc
disease,D196,foodborne-disease-outbreak,Foodborne disease outbreak,BR,Brazil,D196,Foodborne disease outbreak,食源性疾病暴发,Bacterial,2021-10-01,2021-10,79,18.433333333333334,0,0.037699780082389195,wpp_computed,,2007-01-01,2024-12-01,2026-08-01T00:00:00+00:00,sinan_datasus,Brazil DATASUS SINAN,http://siab.datasus.gov.br/DATASUS/index.php?acao=41&area=0901&item=1,ftp_dbc,sinan_datasus,Brazil DATASUS SINAN,http://siab.datasus.gov.br/DATASUS/index.php?acao=41&area=0901&item=1,ftp_dbc
disease,D196,foodborne-disease-outbreak,Foodborne disease outbreak,BR,Brazil,D196,Foodborne disease outbreak,食源性疾病暴发,Bacterial,2021-11-01,2021-11,75,16.935483870967744,0,0.03579093045796443,wpp_computed,,2007-01-01,2024-12-01,2026-08-01T00:00:00+00:00,sinan_datasus,Brazil DATASUS SINAN,http://siab.datasus.gov.br/DATASUS/index.php?acao=41&area=0901&item=1,ftp_dbc,sinan_datasus,Brazil DATASUS SINAN,http://siab.datasus.gov.br/DATASUS/index.php?acao=41&area=0901&item=1,ftp_dbc
disease,D196,foodborne-disease-outbreak,Foodborne disease outbreak,BR,Brazil,D196,Foodborne disease outbreak,食源性疾病暴发,Bacterial,2021-12-01,2021-12,65,15.166666666666666,0,0.031018806396902503,wpp_computed,,2007-01-01,2024-12-01,2026-08-01T00:00:00+00:00,sinan_datasus,Brazil DATASUS SINAN,http://siab.datasus.gov.br/DATASUS/index.php?acao=41&area=0901&item=1,ftp_dbc,sinan_datasus,Brazil DATASUS SINAN,http://siab.datasus.gov.br/DATASUS/index.php?acao=41&area=0901&item=1,ftp_dbc
disease,D196,foodborne-disease-outbreak,Foodborne disease outbreak,BR,Brazil,D196,Foodborne disease outbreak,食源性疾病暴发,Bacterial,2024-01-01,2024-01,101,0.9290407358738502,0,0.04764183000504954,wpp_computed,,2007-01-01,2024-12-01,2026-08-01T00:00:00+00:00,sinan_datasus,Brazil DATASUS SINAN,http://siab.datasus.gov.br/DATASUS/index.php?acao=41&area=0901&item=1,ftp_dbc,sinan_datasus,Brazil DATASUS SINAN,http://siab.datasus.gov.br/DATASUS/index.php?acao=41&area=0901&item=1,ftp_dbc
disease,D196,foodborne-disease-outbreak,Foodborne disease outbreak,BR,Brazil,D196,Foodborne disease outbreak,食源性疾病暴发,Bacterial,2024-02-01,2024-02,99,22.354838709677416,0,0.04669842743069212,wpp_computed,,2007-01-01,2024-12-01,2026-08-01T00:00:00+00:00,sinan_datasus,Brazil DATASUS SINAN,http://siab.datasus.gov.br/DATASUS/index.php?acao=41&area=0901&item=1,ftp_dbc,sinan_datasus,Brazil DATASUS SINAN,http://siab.datasus.gov.br/DATASUS/index.php?acao=41&area=0901&item=1,ftp_dbc
disease,D196,foodborne-disease-outbreak,Foodborne disease outbreak,BR,Brazil,D196,Foodborne disease outbreak,食源性疾病暴发,Bacterial,2024-03-01,2024-03,93,22.448275862068964,0,0.04386821970761987,wpp_computed,,2007-01-01,2024-12-01,2026-08-01T00:00:00+00:00,sinan_datasus,Brazil DATASUS SINAN,http://siab.datasus.gov.br/DATASUS/index.php?acao=41&area=0901&item=1,ftp_dbc,sinan_datasus,Brazil DATASUS SINAN,http://siab.datasus.gov.br/DATASUS/index.php?acao=41&area=0901&item=1,ftp_dbc
disease,D196,foodborne-disease-outbreak,Foodborne disease outbreak,BR,Brazil,D196,Foodborne disease outbreak,食源性疾病暴发,Bacterial,2024-04-01,2024-04,81,18.29032258064516,0,0.038207804261475374,wpp_computed,,2007-01-01,2024-12-01,2026-08-01T00:00:00+00:00,sinan_datasus,Brazil DATASUS SINAN,http://siab.datasus.gov.br/DATASUS/index.php?acao=41&area=0901&item=1,ftp_dbc,sinan_datasus,Brazil DATASUS SINAN,http://siab.datasus.gov.br/DATASUS/index.php?acao=41&area=0901&item=1,ftp_dbc
disease,D196,foodborne-disease-outbreak,Foodborne disease outbreak,BR,Brazil,D196,Foodborne disease outbreak,食源性疾病暴发,Bacterial,2024-05-01,2024-05,86,20.066666666666666,0,0.040566310697368914,wpp_computed,,2007-01-01,2024-12-01,2026-08-01T00:00:00+00:00,sinan_datasus,Brazil DATASUS SINAN,http://siab.datasus.gov.br/DATASUS/index.php?acao=41&area=0901&item=1,ftp_dbc,sinan_datasus,Brazil DATASUS SINAN,http://siab.datasus.gov.br/DATASUS/index.php?acao=41&area=0901&item=1,ftp_dbc
disease,D196,foodborne-disease-outbreak,Foodborne disease outbreak,BR,Brazil,D196,Foodborne disease outbreak,食源性疾病暴发,Bacterial,2024-06-01,2024-06,94,21.225806451612904,0,0.04433992099479858,wpp_computed,,2007-01-01,2024-12-01,2026-08-01T00:00:00+00:00,sinan_datasus,Brazil DATASUS SINAN,http://siab.datasus.gov.br/DATASUS/index.php?acao=41&area=0901&item=1,ftp_dbc,sinan_datasus,Brazil DATASUS SINAN,http://siab.datasus.gov.br/DATASUS/index.php?acao=41&area=0901&item=1,ftp_dbc
disease,D196,foodborne-disease-outbreak,Foodborne disease outbreak,BR,Brazil,D196,Foodborne disease outbreak,食源性疾病暴发,Bacterial,2024-07-01,2024-07,136,31.733333333333334,0,0.06415137505630433,wpp_computed,,2007-01-01,2024-12-01,2026-08-01T00:00:00+00:00,sinan_datasus,Brazil DATASUS SINAN,http://siab.datasus.gov.br/DATASUS/index.php?acao=41&area=0901&item=1,ftp_dbc,sinan_datasus,Brazil DATASUS SINAN,http://siab.datasus.gov.br/DATASUS/index.php?acao=41&area=0901&item=1,ftp_dbc
disease,D196,foodborne-disease-outbreak,Foodborne disease outbreak,BR,Brazil,D196,Foodborne disease outbreak,食源性疾病暴发,Bacterial,2024-08-01,2024-08,177,39.96774193548387,0,0.08349112783063137,wpp_computed,,2007-01-01,2024-12-01,2026-08-01T00:00:00+00:00,sinan_datasus,Brazil DATASUS SINAN,http://siab.datasus.gov.br/DATASUS/index.php?acao=41&area=0901&item=1,ftp_dbc,sinan_datasus,Brazil DATASUS SINAN,http://siab.datasus.gov.br/DATASUS/index.php?acao=41&area=0901&item=1,ftp_dbc
disease,D196,foodborne-disease-outbreak,Foodborne disease outbreak,BR,Brazil,D196,Foodborne disease outbreak,食源性疾病暴发,Bacterial,2024-09-01,2024-09,165,37.25806451612903,0,0.07783071238448687,wpp_computed,,2007-01-01,2024-12-01,2026-08-01T00:00:00+00:00,sinan_datasus,Brazil DATASUS SINAN,http://siab.datasus.gov.br/DATASUS/index.php?acao=41&area=0901&item=1,ftp_dbc,sinan_datasus,Brazil DATASUS SINAN,http://siab.datasus.gov.br/DATASUS/index.php?acao=41&area=0901&item=1,ftp_dbc
disease,D196,foodborne-disease-outbreak,Foodborne disease outbreak,BR,Brazil,D196,Foodborne disease outbreak,食源性疾病暴发,Bacterial,2024-10-01,2024-10,123,28.699999999999996,0,0.058019258322981125,wpp_computed,,2007-01-01,2024-12-01,2026-08-01T00:00:00+00:00,sinan_datasus,Brazil DATASUS SINAN,http://siab.datasus.gov.br/DATASUS/index.php?acao=41&area=0901&item=1,ftp_dbc,sinan_datasus,Brazil DATASUS SINAN,http://siab.datasus.gov.br/DATASUS/index.php?acao=41&area=0901&item=1,ftp_dbc
disease,D196,foodborne-disease-outbreak,Foodborne disease outbreak,BR,Brazil,D196,Foodborne disease outbreak,食源性疾病暴发,Bacterial,2024-11-01,2024-11,87,19.645161290322584,0,0.04103801198454762,wpp_computed,,2007-01-01,2024-12-01,2026-08-01T00:00:00+00:00,sinan_datasus,Brazil DATASUS SINAN,http://siab.datasus.gov.br/DATASUS/index.php?acao=41&area=0901&item=1,ftp_dbc,sinan_datasus,Brazil DATASUS SINAN,http://siab.datasus.gov.br/DATASUS/index.php?acao=41&area=0901&item=1,ftp_dbc
disease,D196,foodborne-disease-outbreak,Foodborne disease outbreak,BR,Brazil,D196,Foodborne disease outbreak,食源性疾病暴发,Bacterial,2024-12-01,2024-12,89,20.766666666666666,0,0.041981414558905035,wpp_computed,,2007-01-01,2024-12-01,2026-08-01T00:00:00+00:00,sinan_datasus,Brazil DATASUS SINAN,http://siab.datasus.gov.br/DATASUS/index.php?acao=41&area=0901&item=1,ftp_dbc,sinan_datasus,Brazil DATASUS SINAN,http://siab.datasus.gov.br/DATASUS/index.php?acao=41&area=0901&item=1,ftp_dbc
disease,D196,foodborne-disease-outbreak,Foodborne disease outbreak,HK,"Hong Kong, China",D196,Foodborne disease outbreak,食源性疾病暴发,Bacterial,1997-01-01,1997-01,19,4.290322580645161,0,,missing_population,,1997-01-01,2026-06-01,2026-08-01T00:00:00+00:00,chp_notifiable,"Hong Kong, China CHP Notifiable Diseases",https://www.chp.gov.hk/en/static/24012.html,open_data_csv,chp_notifiable,"Hong Kong, China CHP Notifiable Diseases",https://www.chp.gov.hk/en/static/24012.html,open_data_csv
disease,D196,foodborne-disease-outbreak,Foodborne disease outbreak,HK,"Hong Kong, China",D196,Foodborne disease outbreak,食源性疾病暴发,Bacterial,1997-02-01,1997-02,32,7.225806451612903,0,,missing_population,,1997-01-01,2026-06-01,2026-08-01T00:00:00+00:00,chp_notifiable,"Hong Kong, China CHP Notifiable Diseases",https://www.chp.gov.hk/en/static/24012.html,open_data_csv,chp_notifiable,"Hong Kong, China CHP Notifiable Diseases",https://www.chp.gov.hk/en/static/24012.html,open_data_csv
disease,D196,foodborne-disease-outbreak,Foodborne disease outbreak,HK,"Hong Kong, China",D196,Foodborne disease outbreak,食源性疾病暴发,Bacterial,1997-03-01,1997-03,14,3.5,0,,missing_population,,1997-01-01,2026-06-01,2026-08-01T00:00:00+00:00,chp_notifiable,"Hong Kong, China CHP Notifiable Diseases",https://www.chp.gov.hk/en/static/24012.html,open_data_csv,chp_notifiable,"Hong Kong, China CHP Notifiable Diseases",https://www.chp.gov.hk/en/static/24012.html,open_data_csv
disease,D196,foodborne-disease-outbreak,Foodborne disease outbreak,HK,"Hong Kong, China",D196,Foodborne disease outbreak,食源性疾病暴发,Bacterial,1997-04-01,1997-04,18,4.064516129032258,0,,missing_population,,1997-01-01,2026-06-01,2026-08-01T00:00:00+00:00,chp_notifiable,"Hong Kong, China CHP Notifiable Diseases",https://www.chp.gov.hk/en/static/24012.html,open_data_csv,chp_notifiable,"Hong Kong, China CHP Notifiable Diseases",https://www.chp.gov.hk/en/static/24012.html,open_data_csv
disease,D196,foodborne-disease-outbreak,Foodborne disease outbreak,HK,"Hong Kong, China",D196,Foodborne disease outbreak,食源性疾病暴发,Bacterial,1997-05-01,1997-05,29,6.766666666666667,0,,missing_population,,1997-01-01,2026-06-01,2026-08-01T00:00:00+00:00,chp_notifiable,"Hong Kong, China CHP Notifiable Diseases",https://www.chp.gov.hk/en/static/24012.html,open_data_csv,chp_notifiable,"Hong Kong, China CHP Notifiable Diseases",https://www.chp.gov.hk/en/static/24012.html,open_data_csv
disease,D196,foodborne-disease-outbreak,Foodborne disease outbreak,HK,"Hong Kong, China",D196,Foodborne disease outbreak,食源性疾病暴发,Bacterial,1997-06-01,1997-06,36,8.129032258064516,0,,missing_population,,1997-01-01,2026-06-01,2026-08-01T00:00:00+00:00,chp_notifiable,"Hong Kong, China CHP Notifiable Diseases",https://www.chp.gov.hk/en/static/24012.html,open_data_csv,chp_notifiable,"Hong Kong, China CHP Notifiable Diseases",https://www.chp.gov.hk/en/static/24012.html,open_data_csv
disease,D196,foodborne-disease-outbreak,Foodborne disease outbreak,HK,"Hong Kong, China",D196,Foodborne disease outbreak,食源性疾病暴发,Bacterial,1997-07-01,1997-07,50,11.666666666666668,0,,missing_population,,1997-01-01,2026-06-01,2026-08-01T00:00:00+00:00,chp_notifiable,"Hong Kong, China CHP Notifiable Diseases",https://www.chp.gov.hk/en/static/24012.html,open_data_csv,chp_notifiable,"Hong Kong, China CHP Notifiable Diseases",https://www.chp.gov.hk/en/static/24012.html,open_data_csv
disease,D196,foodborne-disease-outbreak,Foodborne disease outbreak,HK,"Hong Kong, China",D196,Foodborne disease outbreak,食源性疾病暴发,Bacterial,1997-08-01,1997-08,37,8.35483870967742,0,,missing_population,,1997-01-01,2026-06-01,2026-08-01T00:00:00+00:00,chp_notifiable,"Hong Kong, China CHP Notifiable Diseases",https://www.chp.gov.hk/en/static/24012.html,open_data_csv,chp_notifiable,"Hong Kong, China CHP Notifiable Diseases",https://www.chp.gov.hk/en/static/24012.html,open_data_csv
disease,D196,foodborne-disease-outbreak,Foodborne disease outbreak,HK,"Hong Kong, China",D196,Foodborne disease outbreak,食源性疾病暴发,Bacterial,1997-09-01,1997-09,29,6.548387096774193,0,,missing_population,,1997-01-01,2026-06-01,2026-08-01T00:00:00+00:00,chp_notifiable,"Hong Kong, China CHP Notifiable Diseases",https://www.chp.gov.hk/en/static/24012.html,open_data_csv,chp_notifiable,"Hong Kong, China CHP Notifiable Diseases",https://www.chp.gov.hk/en/static/24012.html,open_data_csv
disease,D196,foodborne-disease-outbreak,Foodborne disease outbreak,HK,"Hong Kong, China",D196,Foodborne disease outbreak,食源性疾病暴发,Bacterial,1997-10-01,1997-10,37,8.633333333333333,0,,missing_population,,1997-01-01,2026-06-01,2026-08-01T00:00:00+00:00,chp_notifiable,"Hong Kong, China CHP Notifiable Diseases",https://www.chp.gov.hk/en/static/24012.html,open_data_csv,chp_notifiable,"Hong Kong, China CHP Notifiable Diseases",https://www.chp.gov.hk/en/static/24012.html,open_data_csv
disease,D196,foodborne-disease-outbreak,Foodborne disease outbreak,HK,"Hong Kong, China",D196,Foodborne disease outbreak,食源性疾病暴发,Bacterial,1997-11-01,1997-11,30,6.774193548387097,0,,missing_population,,1997-01-01,2026-06-01,2026-08-01T00:00:00+00:00,chp_notifiable,"Hong Kong, China CHP Notifiable Diseases",https://www.chp.gov.hk/en/static/24012.html,open_data_csv,chp_notifiable,"Hong Kong, China CHP Notifiable Diseases",https://www.chp.gov.hk/en/static/24012.html,open_data_csv
disease,D196,foodborne-disease-outbreak,Foodborne disease outbreak,HK,"Hong Kong, China",D196,Foodborne disease outbreak,食源性疾病暴发,Bacterial,1997-12-01,1997-12,33,7.700000000000001,0,,missing_population,,1997-01-01,2026-06-01,2026-08-01T00:00:00+00:00,chp_notifiable,"Hong Kong, China CHP Notifiable Diseases",https://www.chp.gov.hk/en/static/24012.html,open_data_csv,chp_notifiable,"Hong Kong, China CHP Notifiable Diseases",https://www.chp.gov.hk/en/static/24012.html,open_data_csv
disease,D196,foodborne-disease-outbreak,Foodborne disease outbreak,HK,"Hong Kong, China",D196,Foodborne disease outbreak,食源性疾病暴发,Bacterial,1998-01-01,1998-01,63,14.225806451612904,0,,missing_population,,1997-01-01,2026-06-01,2026-08-01T00:00:00+00:00,chp_notifiable,"Hong Kong, China CHP Notifiable Diseases",https://www.chp.gov.hk/en/static/24012.html,open_data_csv,chp_notifiable,"Hong Kong, China CHP Notifiable Diseases",https://www.chp.gov.hk/en/static/24012.html,open_data_csv
disease,D196,foodborne-disease-outbreak,Foodborne disease outbreak,HK,"Hong Kong, China",D196,Foodborne disease outbreak,食源性疾病暴发,Bacterial,1998-02-01,1998-02,49,11.064516129032258,0,,missing_population,,1997-01-01,2026-06-01,2026-08-01T00:00:00+00:00,chp_notifiable,"Hong Kong, China CHP Notifiable Diseases",https://www.chp.gov.hk/en/static/24012.html,open_data_csv,chp_notifiable,"Hong Kong, China CHP Notifiable Diseases",https://www.chp.gov.hk/en/static/24012.html,open_data_csv
disease,D196,foodborne-disease-outbreak,Foodborne disease outbreak,HK,"Hong Kong, China",D196,Foodborne disease outbreak,食源性疾病暴发,Bacterial,1998-03-01,1998-03,29,7.250000000000001,0,,missing_population,,1997-01-01,2026-06-01,2026-08-01T00:00:00+00:00,chp_notifiable,"Hong Kong, China CHP Notifiable Diseases",https://www.chp.gov.hk/en/static/24012.html,open_data_csv,chp_notifiable,"Hong Kong, China CHP Notifiable Diseases",https://www.chp.gov.hk/en/static/24012.html,open_data_csv
disease,D196,foodborne-disease-outbreak,Foodborne disease outbreak,HK,"Hong Kong, China",D196,Foodborne disease outbreak,食源性疾病暴发,Bacterial,1998-04-01,1998-04,23,5.193548387096774,0,,missing_population,,1997-01-01,2026-06-01,2026-08-01T00:00:00+00:00,chp_notifiable,"Hong Kong, China CHP Notifiable Diseases",https://www.chp.gov.hk/en/static/24012.html,open_data_csv,chp_notifiable,"Hong Kong, China CHP Notifiable Diseases",https://www.chp.gov.hk/en/static/24012.html,open_data_csv
disease,D196,foodborne-disease-outbreak,Foodborne disease outbreak,HK,"Hong Kong, China",D196,Foodborne disease outbreak,食源性疾病暴发,Bacterial,1998-05-01,1998-05,65,15.166666666666666,0,,missing_population,,1997-01-01,2026-06-01,2026-08-01T00:00:00+00:00,chp_notifiable,"Hong Kong, China CHP Notifiable Diseases",https://www.chp.gov.hk/en/static/24012.html,open_data_csv,chp_notifiable,"Hong Kong, China CHP Notifiable Diseases",https://www.chp.gov.hk/en/static/24012.html,open_data_csv
disease,D196,foodborne-disease-outbreak,Foodborne disease outbreak,HK,"Hong Kong, China",D196,Foodborne disease outbreak,食源性疾病暴发,Bacterial,1998-06-01,1998-06,81,18.29032258064516,0,,missing_population,,1997-01-01,2026-06-01,2026-08-01T00:00:00+00:00,chp_notifiable,"Hong Kong, China CHP Notifiable Diseases",https://www.chp.gov.hk/en/static/24012.html,open_data_csv,chp_notifiable,"Hong Kong, China CHP Notifiable Diseases",https://www.chp.gov.hk/en/static/24012.html,open_data_csv
disease,D196,foodborne-disease-outbreak,Foodborne disease outbreak,HK,"Hong Kong, China",D196,Foodborne disease outbreak,食源性疾病暴发,Bacterial,1998-07-01,1998-07,47,10.966666666666667,0,,missing_population,,1997-01-01,2026-06-01,2026-08-01T00:00:00+00:00,chp_notifiable,"Hong Kong, China CHP Notifiable Diseases",https://www.chp.gov.hk/en/static/24012.html,open_data_csv,chp_notifiable,"Hong Kong, China CHP Notifiable Diseases",https://www.chp.gov.hk/en/static/24012.html,open_data_csv
disease,D196,foodborne-disease-outbreak,Foodborne disease outbreak,HK,"Hong Kong, China",D196,Foodborne disease outbreak,食源性疾病暴发,Bacterial,1998-08-01,1998-08,43,9.70967741935484,0,,missing_population,,1997-01-01,2026-06-01,2026-08-01T00:00:00+00:00,chp_notifiable,"Hong Kong, China CHP Notifiable Diseases",https://www.chp.gov.hk/en/static/24012.html,open_data_csv,chp_notifiable,"Hong Kong, China CHP Notifiable Diseases",https://www.chp.gov.hk/en/static/24012.html,open_data_csv
disease,D196,foodborne-disease-outbreak,Foodborne disease outbreak,HK,"Hong Kong, China",D196,Foodborne disease outbreak,食源性疾病暴发,Bacterial,1998-09-01,1998-09,61,13.774193548387096,0,,missing_population,,1997-01-01,2026-06-01,2026-08-01T00:00:00+00:00,chp_notifiable,"Hong Kong, China CHP Notifiable Diseases",https://www.chp.gov.hk/en/static/24012.html,open_data_csv,chp_notifiable,"Hong Kong, China CHP Notifiable Diseases",https://www.chp.gov.hk/en/static/24012.html,open_data_csv
disease,D196,foodborne-disease-outbreak,Foodborne disease outbreak,HK,"Hong Kong, China",D196,Foodborne disease outbreak,食源性疾病暴发,Bacterial,1998-10-01,1998-10,55,12.833333333333332,0,,missing_population,,1997-01-01,2026-06-01,2026-08-01T00:00:00+00:00,chp_notifiable,"Hong Kong, China CHP Notifiable Diseases",https://www.chp.gov.hk/en/static/24012.html,open_data_csv,chp_notifiable,"Hong Kong, China CHP Notifiable Diseases",https://www.chp.gov.hk/en/static/24012.html,open_data_csv
disease,D196,foodborne-disease-outbreak,Foodborne disease outbreak,HK,"Hong Kong, China",D196,Foodborne disease outbreak,食源性疾病暴发,Bacterial,1998-11-01,1998-11,27,6.096774193548387,0,,missing_population,,1997-01-01,2026-06-01,2026-08-01T00:00:00+00:00,chp_notifiable,"Hong Kong, China CHP Notifiable Diseases",https://www.chp.gov.hk/en/static/24012.html,open_data_csv,chp_notifiable,"Hong Kong, China CHP Notifiable Diseases",https://www.chp.gov.hk/en/static/24012.html,open_data_csv
disease,D196,foodborne-disease-outbreak,Foodborne disease outbreak,HK,"Hong Kong, China",D196,Foodborne disease outbreak,食源性疾病暴发,Bacterial,1998-12-01,1998-12,34,7.933333333333334,0,,missing_population,,1997-01-01,2026-06-01,2026-08-01T00:00:00+00:00,chp_notifiable,"Hong Kong, China CHP Notifiable Diseases",https://www.chp.gov.hk/en/static/24012.html,open_data_csv,chp_notifiable,"Hong Kong, China CHP Notifiable Diseases",https://www.chp.gov.hk/en/static/24012.html,open_data_csv
disease,D196,foodborne-disease-outbreak,Foodborne disease outbreak,HK,"Hong Kong, China",D196,Foodborne disease outbreak,食源性疾病暴发,Bacterial,1999-01-01,1999-01,25,5.64516129032258,0,,missing_population,,1997-01-01,2026-06-01,2026-08-01T00:00:00+00:00,chp_notifiable,"Hong Kong, China CHP Notifiable Diseases",https://www.chp.gov.hk/en/static/24012.html,open_data_csv,chp_notifiable,"Hong Kong, China CHP Notifiable Diseases",https://www.chp.gov.hk/en/static/24012.html,open_data_csv
disease,D196,foodborne-disease-outbreak,Foodborne disease outbreak,HK,"Hong Kong, China",D196,Foodborne disease outbreak,食源性疾病暴发,Bacterial,1999-02-01,1999-02,22,4.967741935483871,0,,missing_population,,1997-01-01,2026-06-01,2026-08-01T00:00:00+00:00,chp_notifiable,"Hong Kong, China CHP Notifiable Diseases",https://www.chp.gov.hk/en/static/24012.html,open_data_csv,chp_notifiable,"Hong Kong, China CHP Notifiable Diseases",https://www.chp.gov.hk/en/static/24012.html,open_data_csv
disease,D196,foodborne-disease-outbreak,Foodborne disease outbreak,HK,"Hong Kong, China",D196,Foodborne disease outbreak,食源性疾病暴发,Bacterial,1999-03-01,1999-03,54,13.5,0,,missing_population,,1997-01-01,2026-06-01,2026-08-01T00:00:00+00:00,chp_notifiable,"Hong Kong, China CHP Notifiable Diseases",https://www.chp.gov.hk/en/static/24012.html,open_data_csv,chp_notifiable,"Hong Kong, China CHP Notifiable Diseases",https://www.chp.gov.hk/en/static/24012.html,open_data_csv
disease,D196,foodborne-disease-outbreak,Foodborne disease outbreak,HK,"Hong Kong, China",D196,Foodborne disease outbreak,食源性疾病暴发,Bacterial,1999-04-01,1999-04,22,4.967741935483871,0,,missing_population,,1997-01-01,2026-06-01,2026-08-01T00:00:00+00:00,chp_notifiable,"Hong Kong, China CHP Notifiable Diseases",https://www.chp.gov.hk/en/static/24012.html,open_data_csv,chp_notifiable,"Hong Kong, China CHP Notifiable Diseases",https://www.chp.gov.hk/en/static/24012.html,open_data_csv
disease,D196,foodborne-disease-outbreak,Foodborne disease outbreak,HK,"Hong Kong, China",D196,Foodborne disease outbreak,食源性疾病暴发,Bacterial,1999-05-01,1999-05,31,7.233333333333334,0,,missing_population,,1997-01-01,2026-06-01,2026-08-01T00:00:00+00:00,chp_notifiable,"Hong Kong, China CHP Notifiable Diseases",https://www.chp.gov.hk/en/static/24012.html,open_data_csv,chp_notifiable,"Hong Kong, China CHP Notifiable Diseases",https://www.chp.gov.hk/en/static/24012.html,open_data_csv
disease,D196,foodborne-disease-outbreak,Foodborne disease outbreak,HK,"Hong Kong, China",D196,Foodborne disease outbreak,食源性疾病暴发,Bacterial,1999-06-01,1999-06,85,19.193548387096772,0,,missing_population,,1997-01-01,2026-06-01,2026-08-01T00:00:00+00:00,chp_notifiable,"Hong Kong, China CHP Notifiable Diseases",https://www.chp.gov.hk/en/static/24012.html,open_data_csv,chp_notifiable,"Hong Kong, China CHP Notifiable Diseases",https://www.chp.gov.hk/en/static/24012.html,open_data_csv
disease,D196,foodborne-disease-outbreak,Foodborne disease outbreak,HK,"Hong Kong, China",D196,Foodborne disease outbreak,食源性疾病暴发,Bacterial,1999-07-01,1999-07,55,12.833333333333332,0,,missing_population,,1997-01-01,2026-06-01,2026-08-01T00:00:00+00:00,chp_notifiable,"Hong Kong, China CHP Notifiable Diseases",https://www.chp.gov.hk/en/static/24012.html,open_data_csv,chp_notifiable,"Hong Kong, China CHP Notifiable Diseases",https://www.chp.gov.hk/en/static/24012.html,open_data_csv
disease,D196,foodborne-disease-outbreak,Foodborne disease outbreak,HK,"Hong Kong, China",D196,Foodborne disease outbreak,食源性疾病暴发,Bacterial,1999-08-01,1999-08,72,16.258064516129032,0,,missing_population,,1997-01-01,2026-06-01,2026-08-01T00:00:00+00:00,chp_notifiable,"Hong Kong, China CHP Notifiable Diseases",https://www.chp.gov.hk/en/static/24012.html,open_data_csv,chp_notifiable,"Hong Kong, China CHP Notifiable Diseases",https://www.chp.gov.hk/en/static/24012.html,open_data_csv
disease,D196,foodborne-disease-outbreak,Foodborne disease outbreak,HK,"Hong Kong, China",D196,Foodborne disease outbreak,食源性疾病暴发,Bacterial,1999-09-01,1999-09,62,14.0,0,,missing_population,,1997-01-01,2026-06-01,2026-08-01T00:00:00+00:00,chp_notifiable,"Hong Kong, China CHP Notifiable Diseases",https://www.chp.gov.hk/en/static/24012.html,open_data_csv,chp_notifiable,"Hong Kong, China CHP Notifiable Diseases",https://www.chp.gov.hk/en/static/24012.html,open_data_csv
disease,D196,foodborne-disease-outbreak,Foodborne disease outbreak,HK,"Hong Kong, China",D196,Foodborne disease outbreak,食源性疾病暴发,Bacterial,1999-10-01,1999-10,50,11.666666666666668,0,,missing_population,,1997-01-01,2026-06-01,2026-08-01T00:00:00+00:00,chp_notifiable,"Hong Kong, China CHP Notifiable Diseases",https://www.chp.gov.hk/en/static/24012.html,open_data_csv,chp_notifiable,"Hong Kong, China CHP Notifiable Diseases",https://www.chp.gov.hk/en/static/24012.html,open_data_csv
disease,D196,foodborne-disease-outbreak,Foodborne disease outbreak,HK,"Hong Kong, China",D196,Foodborne disease outbreak,食源性疾病暴发,Bacterial,1999-11-01,1999-11,35,7.903225806451614,0,,missing_population,,1997-01-01,2026-06-01,2026-08-01T00:00:00+00:00,chp_notifiable,"Hong Kong, China CHP Notifiable Diseases",https://www.chp.gov.hk/en/static/24012.html,open_data_csv,chp_notifiable,"Hong Kong, China CHP Notifiable Diseases",https://www.chp.gov.hk/en/static/24012.html,open_data_csv
disease,D196,foodborne-disease-outbreak,Foodborne disease outbreak,HK,"Hong Kong, China",D196,Foodborne disease outbreak,食源性疾病暴发,Bacterial,1999-12-01,1999-12,25,5.833333333333334,0,,missing_population,,1997-01-01,2026-06-01,2026-08-01T00:00:00+00:00,chp_notifiable,"Hong Kong, China CHP Notifiable Diseases",https://www.chp.gov.hk/en/static/24012.html,open_data_csv,chp_notifiable,"Hong Kong, China CHP Notifiable Diseases",https://www.chp.gov.hk/en/static/24012.html,open_data_csv
disease,D196,foodborne-disease-outbreak,Foodborne disease outbreak,HK,"Hong Kong, China",D196,Foodborne disease outbreak,食源性疾病暴发,Bacterial,2000-01-01,2000-01,44,9.935483870967742,0,0.6562595828814091,wpp_computed,,1997-01-01,2026-06-01,2026-08-01T00:00:00+00:00,chp_notifiable,"Hong Kong, China CHP Notifiable Diseases",https://www.chp.gov.hk/en/static/24012.html,open_data_csv,chp_notifiable,"Hong Kong, China CHP Notifiable Diseases",https://www.chp.gov.hk/en/static/24012.html,open_data_csv
disease,D196,foodborne-disease-outbreak,Foodborne disease outbreak,HK,"Hong Kong, China",D196,Foodborne disease outbreak,食源性疾病暴发,Bacterial,2000-02-01,2000-02,33,7.451612903225806,0,0.4921946871610568,wpp_computed,,1997-01-01,2026-06-01,2026-08-01T00:00:00+00:00,chp_notifiable,"Hong Kong, China CHP Notifiable Diseases",https://www.chp.gov.hk/en/static/24012.html,open_data_csv,chp_notifiable,"Hong Kong, China CHP Notifiable Diseases",https://www.chp.gov.hk/en/static/24012.html,open_data_csv
disease,D196,foodborne-disease-outbreak,Foodborne disease outbreak,HK,"Hong Kong, China",D196,Foodborne disease outbreak,食源性疾病暴发,Bacterial,2000-03-01,2000-03,38,9.172413793103448,0,0.566769639761217,wpp_computed,,1997-01-01,2026-06-01,2026-08-01T00:00:00+00:00,chp_notifiable,"Hong Kong, China CHP Notifiable Diseases",https://www.chp.gov.hk/en/static/24012.html,open_data_csv,chp_notifiable,"Hong Kong, China CHP Notifiable Diseases",https://www.chp.gov.hk/en/static/24012.html,open_data_csv
disease,D196,foodborne-disease-outbreak,Foodborne disease outbreak,HK,"Hong Kong, China",D196,Foodborne disease outbreak,食源性疾病暴发,Bacterial,2000-04-01,2000-04,14,3.161290322580645,0,0.20880986728044837,wpp_computed,,1997-01-01,2026-06-01,2026-08-01T00:00:00+00:00,chp_notifiable,"Hong Kong, China CHP Notifiable Diseases",https://www.chp.gov.hk/en/static/24012.html,open_data_csv,chp_notifiable,"Hong Kong, China CHP Notifiable Diseases",https://www.chp.gov.hk/en/static/24012.html,open_data_csv
disease,D196,foodborne-disease-outbreak,Foodborne disease outbreak,HK,"Hong Kong, China",D196,Foodborne disease outbreak,食源性疾病暴发,Bacterial,2000-05-01,2000-05,49,11.433333333333334,0,0.7308345354815693,wpp_computed,,1997-01-01,2026-06-01,2026-08-01T00:00:00+00:00,chp_notifiable,"Hong Kong, China CHP Notifiable Diseases",https://www.chp.gov.hk/en/static/24012.html,open_data_csv,chp_notifiable,"Hong Kong, China CHP Notifiable Diseases",https://www.chp.gov.hk/en/static/24012.html,open_data_csv
disease,D196,foodborne-disease-outbreak,Foodborne disease outbreak,HK,"Hong Kong, China",D196,Foodborne disease outbreak,食源性疾病暴发,Bacterial,2000-06-01,2000-06,63,14.225806451612904,0,0.9396444027620177,wpp_computed,,1997-01-01,2026-06-01,2026-08-01T00:00:00+00:00,chp_notifiable,"Hong Kong, China CHP Notifiable Diseases",https://www.chp.gov.hk/en/static/24012.html,open_data_csv,chp_notifiable,"Hong Kong, China CHP Notifiable Diseases",https://www.chp.gov.hk/en/static/24012.html,open_data_csv
disease,D196,foodborne-disease-outbreak,Foodborne disease outbreak,HK,"Hong Kong, China",D196,Foodborne disease outbreak,食源性疾病暴发,Bacterial,2000-07-01,2000-07,112,26.133333333333333,0,1.670478938243587,wpp_computed,,1997-01-01,2026-06-01,2026-08-01T00:00:00+00:00,chp_notifiable,"Hong Kong, China CHP Notifiable Diseases",https://www.chp.gov.hk/en/static/24012.html,open_data_csv,chp_notifiable,"Hong Kong, China CHP Notifiable Diseases",https://www.chp.gov.hk/en/static/24012.html,open_data_csv
disease,D196,foodborne-disease-outbreak,Foodborne disease outbreak,HK,"Hong Kong, China",D196,Foodborne disease outbreak,食源性疾病暴发,Bacterial,2000-08-01,2000-08,79,17.838709677419356,0,1.17828425108253,wpp_computed,,1997-01-01,2026-06-01,2026-08-01T00:00:00+00:00,chp_notifiable,"Hong Kong, China CHP Notifiable Diseases",https://www.chp.gov.hk/en/static/24012.html,open_data_csv,chp_notifiable,"Hong Kong, China CHP Notifiable Diseases",https://www.chp.gov.hk/en/static/24012.html,open_data_csv
disease,D196,foodborne-disease-outbreak,Foodborne disease outbreak,HK,"Hong Kong, China",D196,Foodborne disease outbreak,食源性疾病暴发,Bacterial,2000-09-01,2000-09,39,8.806451612903226,0,0.581684630281249,wpp_computed,,1997-01-01,2026-06-01,2026-08-01T00:00:00+00:00,chp_notifiable,"Hong Kong, China CHP Notifiable Diseases",https://www.chp.gov.hk/en/static/24012.html,open_data_csv,chp_notifiable,"Hong Kong, China CHP Notifiable Diseases",https://www.chp.gov.hk/en/static/24012.html,open_data_csv
disease,D196,foodborne-disease-outbreak,Foodborne disease outbreak,HK,"Hong Kong, China",D196,Foodborne disease outbreak,食源性疾病暴发,Bacterial,2000-10-01,2000-10,78,18.2,0,1.163369260562498,wpp_computed,,1997-01-01,2026-06-01,2026-08-01T00:00:00+00:00,chp_notifiable,"Hong Kong, China CHP Notifiable Diseases",https://www.chp.gov.hk/en/static/24012.html,open_data_csv,chp_notifiable,"Hong Kong, China CHP Notifiable Diseases",https://www.chp.gov.hk/en/static/24012.html,open_data_csv
disease,D196,foodborne-disease-outbreak,Foodborne disease outbreak,HK,"Hong Kong, China",D196,Foodborne disease outbreak,食源性疾病暴发,Bacterial,2000-11-01,2000-11,33,7.451612903225806,0,0.4921946871610568,wpp_computed,,1997-01-01,2026-06-01,2026-08-01T00:00:00+00:00,chp_notifiable,"Hong Kong, China CHP Notifiable Diseases",https://www.chp.gov.hk/en/static/24012.html,open_data_csv,chp_notifiable,"Hong Kong, China CHP Notifiable Diseases",https://www.chp.gov.hk/en/static/24012.html,open_data_csv
disease,D196,foodborne-disease-outbreak,Foodborne disease outbreak,HK,"Hong Kong, China",D196,Foodborne disease outbreak,食源性疾病暴发,Bacterial,2000-12-01,2000-12,36,8.4,0,0.5369396587211529,wpp_computed,,1997-01-01,2026-06-01,2026-08-01T00:00:00+00:00,chp_notifiable,"Hong Kong, China CHP Notifiable Diseases",https://www.chp.gov.hk/en/static/24012.html,open_data_csv,chp_notifiable,"Hong Kong, China CHP Notifiable Diseases",https://www.chp.gov.hk/en/static/24012.html,open_data_csv
disease,D196,foodborne-disease-outbreak,Foodborne disease outbreak,HK,"Hong Kong, China",D196,Foodborne disease outbreak,食源性疾病暴发,Bacterial,2001-01-01,2001-01,48,10.838709677419354,0,0.7085667267250777,wpp_computed,,1997-01-01,2026-06-01,2026-08-01T00:00:00+00:00,chp_notifiable,"Hong Kong, China CHP Notifiable Diseases",https://www.chp.gov.hk/en/static/24012.html,open_data_csv,chp_notifiable,"Hong Kong, China CHP Notifiable Diseases",https://www.chp.gov.hk/en/static/24012.html,open_data_csv
disease,D196,foodborne-disease-outbreak,Foodborne disease outbreak,HK,"Hong Kong, China",D196,Foodborne disease outbreak,食源性疾病暴发,Bacterial,2001-02-01,2001-02,63,14.225806451612904,0,0.9299938288266645,wpp_computed,,1997-01-01,2026-06-01,2026-08-01T00:00:00+00:00,chp_notifiable,"Hong Kong, China CHP Notifiable Diseases",https://www.chp.gov.hk/en/static/24012.html,open_data_csv,chp_notifiable,"Hong Kong, China CHP Notifiable Diseases",https://www.chp.gov.hk/en/static/24012.html,open_data_csv
disease,D196,foodborne-disease-outbreak,Foodborne disease outbreak,HK,"Hong Kong, China",D196,Foodborne disease outbreak,食源性疾病暴发,Bacterial,2001-03-01,2001-03,37,9.25,0,0.5461868518505807,wpp_computed,,1997-01-01,2026-06-01,2026-08-01T00:00:00+00:00,chp_notifiable,"Hong Kong, China CHP Notifiable Diseases",https://www.chp.gov.hk/en/static/24012.html,open_data_csv,chp_notifiable,"Hong Kong, China CHP Notifiable Diseases",https://www.chp.gov.hk/en/static/24012.html,open_data_csv
disease,D196,foodborne-disease-outbreak,Foodborne disease outbreak,HK,"Hong Kong, China",D196,Foodborne disease outbreak,食源性疾病暴发,Bacterial,2001-04-01,2001-04,28,6.32258064516129,0,0.4133305905896287,wpp_computed,,1997-01-01,2026-06-01,2026-08-01T00:00:00+00:00,chp_notifiable,"Hong Kong, China CHP Notifiable Diseases",https://www.chp.gov.hk/en/static/24012.html,open_data_csv,chp_notifiable,"Hong Kong, China CHP Notifiable Diseases",https://www.chp.gov.hk/en/static/24012.html,open_data_csv
disease,D196,foodborne-disease-outbreak,Foodborne disease outbreak,HK,"Hong Kong, China",D196,Foodborne disease outbreak,食源性疾病暴发,Bacterial,2001-05-01,2001-05,57,13.299999999999999,0,0.8414229879860298,wpp_computed,,1997-01-01,2026-06-01,2026-08-01T00:00:00+00:00,chp_notifiable,"Hong Kong, China CHP Notifiable Diseases",https://www.chp.gov.hk/en/static/24012.html,open_data_csv,chp_notifiable,"Hong Kong, China CHP Notifiable Diseases",https://www.chp.gov.hk/en/static/24012.html,open_data_csv
disease,D196,foodborne-disease-outbreak,Foodborne disease outbreak,HK,"Hong Kong, China",D196,Foodborne disease outbreak,食源性疾病暴发,Bacterial,2001-06-01,2001-06,111,25.064516129032256,0,1.6385605555517422,wpp_computed,,1997-01-01,2026-06-01,2026-08-01T00:00:00+00:00,chp_notifiable,"Hong Kong, China CHP Notifiable Diseases",https://www.chp.gov.hk/en/static/24012.html,open_data_csv,chp_notifiable,"Hong Kong, China CHP Notifiable Diseases",https://www.chp.gov.hk/en/static/24012.html,open_data_csv
disease,D196,foodborne-disease-outbreak,Foodborne disease outbreak,HK,"Hong Kong, China",D196,Foodborne disease outbreak,食源性疾病暴发,Bacterial,2001-07-01,2001-07,69,16.099999999999998,0,1.0185646696672992,wpp_computed,,1997-01-01,2026-06-01,2026-08-01T00:00:00+00:00,chp_notifiable,"Hong Kong, China CHP Notifiable Diseases",https://www.chp.gov.hk/en/static/24012.html,open_data_csv,chp_notifiable,"Hong Kong, China CHP Notifiable Diseases",https://www.chp.gov.hk/en/static/24012.html,open_data_csv
disease,D196,foodborne-disease-outbreak,Foodborne disease outbreak,HK,"Hong Kong, China",D196,Foodborne disease outbreak,食源性疾病暴发,Bacterial,2001-08-01,2001-08,88,19.870967741935484,0,1.2990389989959756,wpp_computed,,1997-01-01,2026-06-01,2026-08-01T00:00:00+00:00,chp_notifiable,"Hong Kong, China CHP Notifiable Diseases",https://www.chp.gov.hk/en/static/24012.html,open_data_csv,chp_notifiable,"Hong Kong, China CHP Notifiable Diseases",https://www.chp.gov.hk/en/static/24012.html,open_data_csv
disease,D196,foodborne-disease-outbreak,Foodborne disease outbreak,HK,"Hong Kong, China",D196,Foodborne disease outbreak,食源性疾病暴发,Bacterial,2001-09-01,2001-09,52,11.741935483870968,0,0.7676139539521676,wpp_computed,,1997-01-01,2026-06-01,2026-08-01T00:00:00+00:00,chp_notifiable,"Hong Kong, China CHP Notifiable Diseases",https://www.chp.gov.hk/en/static/24012.html,open_data_csv,chp_notifiable,"Hong Kong, China CHP Notifiable Diseases",https://www.chp.gov.hk/en/static/24012.html,open_data_csv
disease,D196,foodborne-disease-outbreak,Foodborne disease outbreak,HK,"Hong Kong, China",D196,Foodborne disease outbreak,食源性疾病暴发,Bacterial,2001-10-01,2001-10,41,9.566666666666666,0,0.6052340790776705,wpp_computed,,1997-01-01,2026-06-01,2026-08-01T00:00:00+00:00,chp_notifiable,"Hong Kong, China CHP Notifiable Diseases",https://www.chp.gov.hk/en/static/24012.html,open_data_csv,chp_notifiable,"Hong Kong, China CHP Notifiable Diseases",https://www.chp.gov.hk/en/static/24012.html,open_data_csv
disease,D196,foodborne-disease-outbreak,Foodborne disease outbreak,HK,"Hong Kong, China",D196,Foodborne disease outbreak,食源性疾病暴发,Bacterial,2001-11-01,2001-11,31,7.0,0,0.45761601100994603,wpp_computed,,1997-01-01,2026-06-01,2026-08-01T00:00:00+00:00,chp_notifiable,"Hong Kong, China CHP Notifiable Diseases",https://www.chp.gov.hk/en/static/24012.html,open_data_csv,chp_notifiable,"Hong Kong, China CHP Notifiable Diseases",https://www.chp.gov.hk/en/static/24012.html,open_data_csv
disease,D196,foodborne-disease-outbreak,Foodborne disease outbreak,HK,"Hong Kong, China",D196,Foodborne disease outbreak,食源性疾病暴发,Bacterial,2001-12-01,2001-12,46,10.733333333333334,0,0.6790431131115328,wpp_computed,,1997-01-01,2026-06-01,2026-08-01T00:00:00+00:00,chp_notifiable,"Hong Kong, China CHP Notifiable Diseases",https://www.chp.gov.hk/en/static/24012.html,open_data_csv,chp_notifiable,"Hong Kong, China CHP Notifiable Diseases",https://www.chp.gov.hk/en/static/24012.html,open_data_csv
disease,D196,foodborne-disease-outbreak,Foodborne disease outbreak,HK,"Hong Kong, China",D196,Foodborne disease outbreak,食源性疾病暴发,Bacterial,2002-01-01,2002-01,37,8.35483870967742,0,0.542409972954999,wpp_computed,,1997-01-01,2026-06-01,2026-08-01T00:00:00+00:00,chp_notifiable,"Hong Kong, China CHP Notifiable Diseases",https://www.chp.gov.hk/en/static/24012.html,open_data_csv,chp_notifiable,"Hong Kong, China CHP Notifiable Diseases",https://www.chp.gov.hk/en/static/24012.html,open_data_csv
disease,D196,foodborne-disease-outbreak,Foodborne disease outbreak,HK,"Hong Kong, China",D196,Foodborne disease outbreak,食源性疾病暴发,Bacterial,2002-02-01,2002-02,44,9.935483870967742,0,0.6450280759464853,wpp_computed,,1997-01-01,2026-06-01,2026-08-01T00:00:00+00:00,chp_notifiable,"Hong Kong, China CHP Notifiable Diseases",https://www.chp.gov.hk/en/static/24012.html,open_data_csv,chp_notifiable,"Hong Kong, China CHP Notifiable Diseases",https://www.chp.gov.hk/en/static/24012.html,open_data_csv
disease,D196,foodborne-disease-outbreak,Foodborne disease outbreak,HK,"Hong Kong, China",D196,Foodborne disease outbreak,食源性疾病暴发,Bacterial,2002-03-01,2002-03,26,6.5,0,0.3811529539683777,wpp_computed,,1997-01-01,2026-06-01,2026-08-01T00:00:00+00:00,chp_notifiable,"Hong Kong, China CHP Notifiable Diseases",https://www.chp.gov.hk/en/static/24012.html,open_data_csv,chp_notifiable,"Hong Kong, China CHP Notifiable Diseases",https://www.chp.gov.hk/en/static/24012.html,open_data_csv
disease,D196,foodborne-disease-outbreak,Foodborne disease outbreak,HK,"Hong Kong, China",D196,Foodborne disease outbreak,食源性疾病暴发,Bacterial,2002-04-01,2002-04,38,8.580645161290322,0,0.5570697019537827,wpp_computed,,1997-01-01,2026-06-01,2026-08-01T00:00:00+00:00,chp_notifiable,"Hong Kong, China CHP Notifiable Diseases",https://www.chp.gov.hk/en/static/24012.html,open_data_csv,chp_notifiable,"Hong Kong, China CHP Notifiable Diseases",https://www.chp.gov.hk/en/static/24012.html,open_data_csv
disease,D196,foodborne-disease-outbreak,Foodborne disease outbreak,HK,"Hong Kong, China",D196,Foodborne disease outbreak,食源性疾病暴发,Bacterial,2002-05-01,2002-05,40,9.333333333333332,0,0.5863891599513502,wpp_computed,,1997-01-01,2026-06-01,2026-08-01T00:00:00+00:00,chp_notifiable,"Hong Kong, China CHP Notifiable Diseases",https://www.chp.gov.hk/en/static/24012.html,open_data_csv,chp_notifiable,"Hong Kong, China CHP Notifiable Diseases",https://www.chp.gov.hk/en/static/24012.html,open_data_csv
disease,D196,foodborne-disease-outbreak,Foodborne disease outbreak,HK,"Hong Kong, China",D196,Foodborne disease outbreak,食源性疾病暴发,Bacterial,2002-06-01,2002-06,69,15.58064516129032,0,1.011521300916079,wpp_computed,,1997-01-01,2026-06-01,2026-08-01T00:00:00+00:00,chp_notifiable,"Hong Kong, China CHP Notifiable Diseases",https://www.chp.gov.hk/en/static/24012.html,open_data_csv,chp_notifiable,"Hong Kong, China CHP Notifiable Diseases",https://www.chp.gov.hk/en/static/24012.html,open_data_csv
disease,D196,foodborne-disease-outbreak,Foodborne disease outbreak,HK,"Hong Kong, China",D196,Foodborne disease outbreak,食源性疾病暴发,Bacterial,2002-07-01,2002-07,152,35.46666666666667,0,2.2282788078151308,wpp_computed,,1997-01-01,2026-06-01,2026-08-01T00:00:00+00:00,chp_notifiable,"Hong Kong, China CHP Notifiable Diseases",https://www.chp.gov.hk/en/static/24012.html,open_data_csv,chp_notifiable,"Hong Kong, China CHP Notifiable Diseases",https://www.chp.gov.hk/en/static/24012.html,open_data_csv
disease,D196,foodborne-disease-outbreak,Foodborne disease outbreak,HK,"Hong Kong, China",D196,Foodborne disease outbreak,食源性疾病暴发,Bacterial,2002-08-01,2002-08,78,17.612903225806452,0,1.143458861905133,wpp_computed,,1997-01-01,2026-06-01,2026-08-01T00:00:00+00:00,chp_notifiable,"Hong Kong, China CHP Notifiable Diseases",https://www.chp.gov.hk/en/static/24012.html,open_data_csv,chp_notifiable,"Hong Kong, China CHP Notifiable Diseases",https://www.chp.gov.hk/en/static/24012.html,open_data_csv
disease,D196,foodborne-disease-outbreak,Foodborne disease outbreak,HK,"Hong Kong, China",D196,Foodborne disease outbreak,食源性疾病暴发,Bacterial,2002-09-01,2002-09,65,14.677419354838708,0,0.9528823849209441,wpp_computed,,1997-01-01,2026-06-01,2026-08-01T00:00:00+00:00,chp_notifiable,"Hong Kong, China CHP Notifiable Diseases",https://www.chp.gov.hk/en/static/24012.html,open_data_csv,chp_notifiable,"Hong Kong, China CHP Notifiable Diseases",https://www.chp.gov.hk/en/static/24012.html,open_data_csv
disease,D196,foodborne-disease-outbreak,Foodborne disease outbreak,HK,"Hong Kong, China",D196,Foodborne disease outbreak,食源性疾病暴发,Bacterial,2002-10-01,2002-10,50,11.666666666666668,0,0.7329864499391878,wpp_computed,,1997-01-01,2026-06-01,2026-08-01T00:00:00+00:00,chp_notifiable,"Hong Kong, China CHP Notifiable Diseases",https://www.chp.gov.hk/en/static/24012.html,open_data_csv,chp_notifiable,"Hong Kong, China CHP Notifiable Diseases",https://www.chp.gov.hk/en/static/24012.html,open_data_csv
disease,D196,foodborne-disease-outbreak,Foodborne disease outbreak,HK,"Hong Kong, China",D196,Foodborne disease outbreak,食源性疾病暴发,Bacterial,2002-11-01,2002-11,37,8.35483870967742,0,0.542409972954999,wpp_computed,,1997-01-01,2026-06-01,2026-08-01T00:00:00+00:00,chp_notifiable,"Hong Kong, China CHP Notifiable Diseases",https://www.chp.gov.hk/en/static/24012.html,open_data_csv,chp_notifiable,"Hong Kong, China CHP Notifiable Diseases",https://www.chp.gov.hk/en/static/24012.html,open_data_csv
disease,D196,foodborne-disease-outbreak,Foodborne disease outbreak,HK,"Hong Kong, China",D196,Foodborne disease outbreak,食源性疾病暴发,Bacterial,2002-12-01,2002-12,34,7.933333333333334,0,0.4984307859586477,wpp_computed,,1997-01-01,2026-06-01,2026-08-01T00:00:00+00:00,chp_notifiable,"Hong Kong, China CHP Notifiable Diseases",https://www.chp.gov.hk/en/static/24012.html,open_data_csv,chp_notifiable,"Hong Kong, China CHP Notifiable Diseases",https://www.chp.gov.hk/en/static/24012.html,open_data_csv
disease,D196,foodborne-disease-outbreak,Foodborne disease outbreak,HK,"Hong Kong, China",D196,Foodborne disease outbreak,食源性疾病暴发,Bacterial,2003-01-01,2003-01,39,8.806451612903226,0,0.5686037562984713,wpp_computed,,1997-01-01,2026-06-01,2026-08-01T00:00:00+00:00,chp_notifiable,"Hong Kong, China CHP Notifiable Diseases",https://www.chp.gov.hk/en/static/24012.html,open_data_csv,chp_notifiable,"Hong Kong, China CHP Notifiable Diseases",https://www.chp.gov.hk/en/static/24012.html,open_data_csv
disease,D196,foodborne-disease-outbreak,Foodborne disease outbreak,HK,"Hong Kong, China",D196,Foodborne disease outbreak,食源性疾病暴发,Bacterial,2003-02-01,2003-02,37,8.35483870967742,0,0.539444589308806,wpp_computed,,1997-01-01,2026-06-01,2026-08-01T00:00:00+00:00,chp_notifiable,"Hong Kong, China CHP Notifiable Diseases",https://www.chp.gov.hk/en/static/24012.html,open_data_csv,chp_notifiable,"Hong Kong, China CHP Notifiable Diseases",https://www.chp.gov.hk/en/static/24012.html,open_data_csv
disease,D196,foodborne-disease-outbreak,Foodborne disease outbreak,HK,"Hong Kong, China",D196,Foodborne disease outbreak,食源性疾病暴发,Bacterial,2003-03-01,2003-03,10,2.5,0,0.14579583494832596,wpp_computed,,1997-01-01,2026-06-01,2026-08-01T00:00:00+00:00,chp_notifiable,"Hong Kong, China CHP Notifiable Diseases",https://www.chp.gov.hk/en/static/24012.html,open_data_csv,chp_notifiable,"Hong Kong, China CHP Notifiable Diseases",https://www.chp.gov.hk/en/static/24012.html,open_data_csv
disease,D196,foodborne-disease-outbreak,Foodborne disease outbreak,HK,"Hong Kong, China",D196,Foodborne disease outbreak,食源性疾病暴发,Bacterial,2003-04-01,2003-04,8,1.8064516129032258,0,0.11663666795866075,wpp_computed,,1997-01-01,2026-06-01,2026-08-01T00:00:00+00:00,chp_notifiable,"Hong Kong, China CHP Notifiable Diseases",https://www.chp.gov.hk/en/static/24012.html,open_data_csv,chp_notifiable,"Hong Kong, China CHP Notifiable Diseases",https://www.chp.gov.hk/en/static/24012.html,open_data_csv
disease,D196,foodborne-disease-outbreak,Foodborne disease outbreak,HK,"Hong Kong, China",D196,Foodborne disease outbreak,食源性疾病暴发,Bacterial,2003-05-01,2003-05,19,4.433333333333334,0,0.2770120864018193,wpp_computed,,1997-01-01,2026-06-01,2026-08-01T00:00:00+00:00,chp_notifiable,"Hong Kong, China CHP Notifiable Diseases",https://www.chp.gov.hk/en/static/24012.html,open_data_csv,chp_notifiable,"Hong Kong, China CHP Notifiable Diseases",https://www.chp.gov.hk/en/static/24012.html,open_data_csv
disease,D196,foodborne-disease-outbreak,Foodborne disease outbreak,HK,"Hong Kong, China",D196,Foodborne disease outbreak,食源性疾病暴发,Bacterial,2003-06-01,2003-06,34,7.677419354838709,0,0.4957058388243082,wpp_computed,,1997-01-01,2026-06-01,2026-08-01T00:00:00+00:00,chp_notifiable,"Hong Kong, China CHP Notifiable Diseases",https://www.chp.gov.hk/en/static/24012.html,open_data_csv,chp_notifiable,"Hong Kong, China CHP Notifiable Diseases",https://www.chp.gov.hk/en/static/24012.html,open_data_csv
disease,D196,foodborne-disease-outbreak,Foodborne disease outbreak,HK,"Hong Kong, China",D196,Foodborne disease outbreak,食源性疾病暴发,Bacterial,2003-07-01,2003-07,43,10.033333333333333,0,0.6269220902778015,wpp_computed,,1997-01-01,2026-06-01,2026-08-01T00:00:00+00:00,chp_notifiable,"Hong Kong, China CHP Notifiable Diseases",https://www.chp.gov.hk/en/static/24012.html,open_data_csv,chp_notifiable,"Hong Kong, China CHP Notifiable Diseases",https://www.chp.gov.hk/en/static/24012.html,open_data_csv
disease,D196,foodborne-disease-outbreak,Foodborne disease outbreak,HK,"Hong Kong, China",D196,Foodborne disease outbreak,食源性疾病暴发,Bacterial,2003-08-01,2003-08,57,12.870967741935484,0,0.8310362592054579,wpp_computed,,1997-01-01,2026-06-01,2026-08-01T00:00:00+00:00,chp_notifiable,"Hong Kong, China CHP Notifiable Diseases",https://www.chp.gov.hk/en/static/24012.html,open_data_csv,chp_notifiable,"Hong Kong, China CHP Notifiable Diseases",https://www.chp.gov.hk/en/static/24012.html,open_data_csv
disease,D196,foodborne-disease-outbreak,Foodborne disease outbreak,HK,"Hong Kong, China",D196,Foodborne disease outbreak,食源性疾病暴发,Bacterial,2003-09-01,2003-09,49,11.064516129032258,0,0.7143995912467972,wpp_computed,,1997-01-01,2026-06-01,2026-08-01T00:00:00+00:00,chp_notifiable,"Hong Kong, China CHP Notifiable Diseases",https://www.chp.gov.hk/en/static/24012.html,open_data_csv,chp_notifiable,"Hong Kong, China CHP Notifiable Diseases",https://www.chp.gov.hk/en/static/24012.html,open_data_csv
disease,D196,foodborne-disease-outbreak,Foodborne disease outbreak,HK,"Hong Kong, China",D196,Foodborne disease outbreak,食源性疾病暴发,Bacterial,2003-10-01,2003-10,41,9.566666666666666,0,0.5977629232881364,wpp_computed,,1997-01-01,2026-06-01,2026-08-01T00:00:00+00:00,chp_notifiable,"Hong Kong, China CHP Notifiable Diseases",https://www.chp.gov.hk/en/static/24012.html,open_data_csv,chp_notifiable,"Hong Kong, China CHP Notifiable Diseases",https://www.chp.gov.hk/en/static/24012.html,open_data_csv
disease,D196,foodborne-disease-outbreak,Foodborne disease outbreak,HK,"Hong Kong, China",D196,Foodborne disease outbreak,食源性疾病暴发,Bacterial,2003-11-01,2003-11,31,7.0,0,0.4519670883398104,wpp_computed,,1997-01-01,2026-06-01,2026-08-01T00:00:00+00:00,chp_notifiable,"Hong Kong, China CHP Notifiable Diseases",https://www.chp.gov.hk/en/static/24012.html,open_data_csv,chp_notifiable,"Hong Kong, China CHP Notifiable Diseases",https://www.chp.gov.hk/en/static/24012.html,open_data_csv
disease,D196,foodborne-disease-outbreak,Foodborne disease outbreak,HK,"Hong Kong, China",D196,Foodborne disease outbreak,食源性疾病暴发,Bacterial,2003-12-01,2003-12,54,12.6,0,0.7872975087209602,wpp_computed,,1997-01-01,2026-06-01,2026-08-01T00:00:00+00:00,chp_notifiable,"Hong Kong, China CHP Notifiable Diseases",https://www.chp.gov.hk/en/static/24012.html,open_data_csv,chp_notifiable,"Hong Kong, China CHP Notifiable Diseases",https://www.chp.gov.hk/en/static/24012.html,open_data_csv
disease,D196,foodborne-disease-outbreak,Foodborne disease outbreak,HK,"Hong Kong, China",D196,Foodborne disease outbreak,食源性疾病暴发,Bacterial,2004-01-01,2004-01,67,15.129032258064516,0,0.9726830671194144,wpp_computed,,1997-01-01,2026-06-01,2026-08-01T00:00:00+00:00,chp_notifiable,"Hong Kong, China CHP Notifiable Diseases",https://www.chp.gov.hk/en/static/24012.html,open_data_csv,chp_notifiable,"Hong Kong, China CHP Notifiable Diseases",https://www.chp.gov.hk/en/static/24012.html,open_data_csv
disease,D196,foodborne-disease-outbreak,Foodborne disease outbreak,HK,"Hong Kong, China",D196,Foodborne disease outbreak,食源性疾病暴发,Bacterial,2004-02-01,2004-02,54,12.193548387096774,0,0.7839535167828116,wpp_computed,,1997-01-01,2026-06-01,2026-08-01T00:00:00+00:00,chp_notifiable,"Hong Kong, China CHP Notifiable Diseases",https://www.chp.gov.hk/en/static/24012.html,open_data_csv,chp_notifiable,"Hong Kong, China CHP Notifiable Diseases",https://www.chp.gov.hk/en/static/24012.html,open_data_csv
disease,D196,foodborne-disease-outbreak,Foodborne disease outbreak,HK,"Hong Kong, China",D196,Foodborne disease outbreak,食源性疾病暴发,Bacterial,2004-03-01,2004-03,30,7.241379310344828,0,0.43552973154600644,wpp_computed,,1997-01-01,2026-06-01,2026-08-01T00:00:00+00:00,chp_notifiable,"Hong Kong, China CHP Notifiable Diseases",https://www.chp.gov.hk/en/static/24012.html,open_data_csv,chp_notifiable,"Hong Kong, China CHP Notifiable Diseases",https://www.chp.gov.hk/en/static/24012.html,open_data_csv
disease,D196,foodborne-disease-outbreak,Foodborne disease outbreak,HK,"Hong Kong, China",D196,Foodborne disease outbreak,食源性疾病暴发,Bacterial,2004-04-01,2004-04,27,6.096774193548387,0,0.3919767583914058,wpp_computed,,1997-01-01,2026-06-01,2026-08-01T00:00:00+00:00,chp_notifiable,"Hong Kong, China CHP Notifiable Diseases",https://www.chp.gov.hk/en/static/24012.html,open_data_csv,chp_notifiable,"Hong Kong, China CHP Notifiable Diseases",https://www.chp.gov.hk/en/static/24012.html,open_data_csv
disease,D196,foodborne-disease-outbreak,Foodborne disease outbreak,HK,"Hong Kong, China",D196,Foodborne disease outbreak,食源性疾病暴发,Bacterial,2004-05-01,2004-05,44,10.266666666666666,0,0.6387769396008094,wpp_computed,,1997-01-01,2026-06-01,2026-08-01T00:00:00+00:00,chp_notifiable,"Hong Kong, China CHP Notifiable Diseases",https://www.chp.gov.hk/en/static/24012.html,open_data_csv,chp_notifiable,"Hong Kong, China CHP Notifiable Diseases",https://www.chp.gov.hk/en/static/24012.html,open_data_csv
disease,D196,foodborne-disease-outbreak,Foodborne disease outbreak,HK,"Hong Kong, China",D196,Foodborne disease outbreak,食源性疾病暴发,Bacterial,2004-06-01,2004-06,38,8.580645161290322,0,0.5516709932916082,wpp_computed,,1997-01-01,2026-06-01,2026-08-01T00:00:00+00:00,chp_notifiable,"Hong Kong, China CHP Notifiable Diseases",https://www.chp.gov.hk/en/static/24012.html,open_data_csv,chp_notifiable,"Hong Kong, China CHP Notifiable Diseases",https://www.chp.gov.hk/en/static/24012.html,open_data_csv
disease,D196,foodborne-disease-outbreak,Foodborne disease outbreak,HK,"Hong Kong, China",D196,Foodborne disease outbreak,食源性疾病暴发,Bacterial,2004-07-01,2004-07,100,23.333333333333336,0,1.4517657718200214,wpp_computed,,1997-01-01,2026-06-01,2026-08-01T00:00:00+00:00,chp_notifiable,"Hong Kong, China CHP Notifiable Diseases",https://www.chp.gov.hk/en/static/24012.html,open_data_csv,chp_notifiable,"Hong Kong, China CHP Notifiable Diseases",https://www.chp.gov.hk/en/static/24012.html,open_data_csv
disease,D196,foodborne-disease-outbreak,Foodborne disease outbreak,HK,"Hong Kong, China",D196,Foodborne disease outbreak,食源性疾病暴发,Bacterial,2004-08-01,2004-08,118,26.645161290322584,0,1.7130836107476253,wpp_computed,,1997-01-01,2026-06-01,2026-08-01T00:00:00+00:00,chp_notifiable,"Hong Kong, China CHP Notifiable Diseases",https://www.chp.gov.hk/en/static/24012.html,open_data_csv,chp_notifiable,"Hong Kong, China CHP Notifiable Diseases",https://www.chp.gov.hk/en/static/24012.html,open_data_csv
disease,D196,foodborne-disease-outbreak,Foodborne disease outbreak,HK,"Hong Kong, China",D196,Foodborne disease outbreak,食源性疾病暴发,Bacterial,2004-09-01,2004-09,92,20.774193548387096,0,1.3356245100744197,wpp_computed,,1997-01-01,2026-06-01,2026-08-01T00:00:00+00:00,chp_notifiable,"Hong Kong, China CHP Notifiable Diseases",https://www.chp.gov.hk/en/static/24012.html,open_data_csv,chp_notifiable,"Hong Kong, China CHP Notifiable Diseases",https://www.chp.gov.hk/en/static/24012.html,open_data_csv
disease,D196,foodborne-disease-outbreak,Foodborne disease outbreak,HK,"Hong Kong, China",D196,Foodborne disease outbreak,食源性疾病暴发,Bacterial,2004-10-01,2004-10,66,15.400000000000002,0,0.9581654094012142,wpp_computed,,1997-01-01,2026-06-01,2026-08-01T00:00:00+00:00,chp_notifiable,"Hong Kong, China CHP Notifiable Diseases",https://www.chp.gov.hk/en/static/24012.html,open_data_csv,chp_notifiable,"Hong Kong, China CHP Notifiable Diseases",https://www.chp.gov.hk/en/static/24012.html,open_data_csv
disease,D196,foodborne-disease-outbreak,Foodborne disease outbreak,HK,"Hong Kong, China",D196,Foodborne disease outbreak,食源性疾病暴发,Bacterial,2004-11-01,2004-11,101,22.806451612903228,0,1.4662834295382217,wpp_computed,,1997-01-01,2026-06-01,2026-08-01T00:00:00+00:00,chp_notifiable,"Hong Kong, China CHP Notifiable Diseases",https://www.chp.gov.hk/en/static/24012.html,open_data_csv,chp_notifiable,"Hong Kong, China CHP Notifiable Diseases",https://www.chp.gov.hk/en/static/24012.html,open_data_csv
disease,D196,foodborne-disease-outbreak,Foodborne disease outbreak,HK,"Hong Kong, China",D196,Foodborne disease outbreak,食源性疾病暴发,Bacterial,2004-12-01,2004-12,84,19.599999999999998,0,1.219483248328818,wpp_computed,,1997-01-01,2026-06-01,2026-08-01T00:00:00+00:00,chp_notifiable,"Hong Kong, China CHP Notifiable Diseases",https://www.chp.gov.hk/en/static/24012.html,open_data_csv,chp_notifiable,"Hong Kong, China CHP Notifiable Diseases",https://www.chp.gov.hk/en/static/24012.html,open_data_csv
disease,D196,foodborne-disease-outbreak,Foodborne disease outbreak,HK,"Hong Kong, China",D196,Foodborne disease outbreak,食源性疾病暴发,Bacterial,2005-01-01,2005-01,67,15.129032258064516,0,0.9698217525518615,wpp_computed,,1997-01-01,2026-06-01,2026-08-01T00:00:00+00:00,chp_notifiable,"Hong Kong, China CHP Notifiable Diseases",https://www.chp.gov.hk/en/static/24012.html,open_data_csv,chp_notifiable,"Hong Kong, China CHP Notifiable Diseases",https://www.chp.gov.hk/en/static/24012.html,open_data_csv
disease,D196,foodborne-disease-outbreak,Foodborne disease outbreak,HK,"Hong Kong, China",D196,Foodborne disease outbreak,食源性疾病暴发,Bacterial,2005-02-01,2005-02,73,16.483870967741936,0,1.0566714617356106,wpp_computed,,1997-01-01,2026-06-01,2026-08-01T00:00:00+00:00,chp_notifiable,"Hong Kong, China CHP Notifiable Diseases",https://www.chp.gov.hk/en/static/24012.html,open_data_csv,chp_notifiable,"Hong Kong, China CHP Notifiable Diseases",https://www.chp.gov.hk/en/static/24012.html,open_data_csv
disease,D196,foodborne-disease-outbreak,Foodborne disease outbreak,HK,"Hong Kong, China",D196,Foodborne disease outbreak,食源性疾病暴发,Bacterial,2005-03-01,2005-03,106,26.5,0,1.5343448622462288,wpp_computed,,1997-01-01,2026-06-01,2026-08-01T00:00:00+00:00,chp_notifiable,"Hong Kong, China CHP Notifiable Diseases",https://www.chp.gov.hk/en/static/24012.html,open_data_csv,chp_notifiable,"Hong Kong, China CHP Notifiable Diseases",https://www.chp.gov.hk/en/static/24012.html,open_data_csv
disease,D196,foodborne-disease-outbreak,Foodborne disease outbreak,HK,"Hong Kong, China",D196,Foodborne disease outbreak,食源性疾病暴发,Bacterial,2005-04-01,2005-04,45,10.161290322580646,0,0.651372818878116,wpp_computed,,1997-01-01,2026-06-01,2026-08-01T00:00:00+00:00,chp_notifiable,"Hong Kong, China CHP Notifiable Diseases",https://www.chp.gov.hk/en/static/24012.html,open_data_csv,chp_notifiable,"Hong Kong, China CHP Notifiable Diseases",https://www.chp.gov.hk/en/static/24012.html,open_data_csv
disease,D196,foodborne-disease-outbreak,Foodborne disease outbreak,HK,"Hong Kong, China",D196,Foodborne disease outbreak,食源性疾病暴发,Bacterial,2005-05-01,2005-05,79,18.433333333333334,0,1.1435211709193591,wpp_computed,,1997-01-01,2026-06-01,2026-08-01T00:00:00+00:00,chp_notifiable,"Hong Kong, China CHP Notifiable Diseases",https://www.chp.gov.hk/en/static/24012.html,open_data_csv,chp_notifiable,"Hong Kong, China CHP Notifiable Diseases",https://www.chp.gov.hk/en/static/24012.html,open_data_csv
disease,D196,foodborne-disease-outbreak,Foodborne disease outbreak,HK,"Hong Kong, China",D196,Foodborne disease outbreak,食源性疾病暴发,Bacterial,2005-06-01,2005-06,118,26.645161290322584,0,1.7080442806137264,wpp_computed,,1997-01-01,2026-06-01,2026-08-01T00:00:00+00:00,chp_notifiable,"Hong Kong, China CHP Notifiable Diseases",https://www.chp.gov.hk/en/static/24012.html,open_data_csv,chp_notifiable,"Hong Kong, China CHP Notifiable Diseases",https://www.chp.gov.hk/en/static/24012.html,open_data_csv
disease,D196,foodborne-disease-outbreak,Foodborne disease outbreak,HK,"Hong Kong, China",D196,Foodborne disease outbreak,食源性疾病暴发,Bacterial,2005-07-01,2005-07,92,21.46666666666667,0,1.3316955408174815,wpp_computed,,1997-01-01,2026-06-01,2026-08-01T00:00:00+00:00,chp_notifiable,"Hong Kong, China CHP Notifiable Diseases",https://www.chp.gov.hk/en/static/24012.html,open_data_csv,chp_notifiable,"Hong Kong, China CHP Notifiable Diseases",https://www.chp.gov.hk/en/static/24012.html,open_data_csv
disease,D196,foodborne-disease-outbreak,Foodborne disease outbreak,HK,"Hong Kong, China",D196,Foodborne disease outbreak,食源性疾病暴发,Bacterial,2005-08-01,2005-08,126,28.451612903225808,0,1.8238438928587246,wpp_computed,,1997-01-01,2026-06-01,2026-08-01T00:00:00+00:00,chp_notifiable,"Hong Kong, China CHP Notifiable Diseases",https://www.chp.gov.hk/en/static/24012.html,open_data_csv,chp_notifiable,"Hong Kong, China CHP Notifiable Diseases",https://www.chp.gov.hk/en/static/24012.html,open_data_csv
disease,D196,foodborne-disease-outbreak,Foodborne disease outbreak,HK,"Hong Kong, China",D196,Foodborne disease outbreak,食源性疾病暴发,Bacterial,2005-09-01,2005-09,100,22.58064516129032,0,1.44749515306248,wpp_computed,,1997-01-01,2026-06-01,2026-08-01T00:00:00+00:00,chp_notifiable,"Hong Kong, China CHP Notifiable Diseases",https://www.chp.gov.hk/en/static/24012.html,open_data_csv,chp_notifiable,"Hong Kong, China CHP Notifiable Diseases",https://www.chp.gov.hk/en/static/24012.html,open_data_csv
disease,D196,foodborne-disease-outbreak,Foodborne disease outbreak,HK,"Hong Kong, China",D196,Foodborne disease outbreak,食源性疾病暴发,Bacterial,2005-10-01,2005-10,55,12.833333333333332,0,0.796122334184364,wpp_computed,,1997-01-01,2026-06-01,2026-08-01T00:00:00+00:00,chp_notifiable,"Hong Kong, China CHP Notifiable Diseases",https://www.chp.gov.hk/en/static/24012.html,open_data_csv,chp_notifiable,"Hong Kong, China CHP Notifiable Diseases",https://www.chp.gov.hk/en/static/24012.html,open_data_csv
disease,D196,foodborne-disease-outbreak,Foodborne disease outbreak,HK,"Hong Kong, China",D196,Foodborne disease outbreak,食源性疾病暴发,Bacterial,2005-11-01,2005-11,33,7.451612903225806,0,0.4776734005106184,wpp_computed,,1997-01-01,2026-06-01,2026-08-01T00:00:00+00:00,chp_notifiable,"Hong Kong, China CHP Notifiable Diseases",https://www.chp.gov.hk/en/static/24012.html,open_data_csv,chp_notifiable,"Hong Kong, China CHP Notifiable Diseases",https://www.chp.gov.hk/en/static/24012.html,open_data_csv
disease,D196,foodborne-disease-outbreak,Foodborne disease outbreak,HK,"Hong Kong, China",D196,Foodborne disease outbreak,食源性疾病暴发,Bacterial,2005-12-01,2005-12,79,18.433333333333334,0,1.1435211709193591,wpp_computed,,1997-01-01,2026-06-01,2026-08-01T00:00:00+00:00,chp_notifiable,"Hong Kong, China CHP Notifiable Diseases",https://www.chp.gov.hk/en/static/24012.html,open_data_csv,chp_notifiable,"Hong Kong, China CHP Notifiable Diseases",https://www.chp.gov.hk/en/static/24012.html,open_data_csv
disease,D196,foodborne-disease-outbreak,Foodborne disease outbreak,HK,"Hong Kong, China",D196,Foodborne disease outbreak,食源性疾病暴发,Bacterial,2006-01-01,2006-01,126,28.451612903225808,0,1.8178958865055859,wpp_computed,,1997-01-01,2026-06-01,2026-08-01T00:00:00+00:00,chp_notifiable,"Hong Kong, China CHP Notifiable Diseases",https://www.chp.gov.hk/en/static/24012.html,open_data_csv,chp_notifiable,"Hong Kong, China CHP Notifiable Diseases",https://www.chp.gov.hk/en/static/24012.html,open_data_csv
disease,D196,foodborne-disease-outbreak,Foodborne disease outbreak,HK,"Hong Kong, China",D196,Foodborne disease outbreak,食源性疾病暴发,Bacterial,2006-02-01,2006-02,199,44.93548387096774,0,2.8711212810683455,wpp_computed,,1997-01-01,2026-06-01,2026-08-01T00:00:00+00:00,chp_notifiable,"Hong Kong, China CHP Notifiable Diseases",https://www.chp.gov.hk/en/static/24012.html,open_data_csv,chp_notifiable,"Hong Kong, China CHP Notifiable Diseases",https://www.chp.gov.hk/en/static/24012.html,open_data_csv
disease,D196,foodborne-disease-outbreak,Foodborne disease outbreak,HK,"Hong Kong, China",D196,Foodborne disease outbreak,食源性疾病暴发,Bacterial,2006-03-01,2006-03,71,17.75,0,1.0243699043007666,wpp_computed,,1997-01-01,2026-06-01,2026-08-01T00:00:00+00:00,chp_notifiable,"Hong Kong, China CHP Notifiable Diseases",https://www.chp.gov.hk/en/static/24012.html,open_data_csv,chp_notifiable,"Hong Kong, China CHP Notifiable Diseases",https://www.chp.gov.hk/en/static/24012.html,open_data_csv
disease,D196,foodborne-disease-outbreak,Foodborne disease outbreak,HK,"Hong Kong, China",D196,Foodborne disease outbreak,食源性疾病暴发,Bacterial,2006-04-01,2006-04,62,14.0,0,0.8945201981217962,wpp_computed,,1997-01-01,2026-06-01,2026-08-01T00:00:00+00:00,chp_notifiable,"Hong Kong, China CHP Notifiable Diseases",https://www.chp.gov.hk/en/static/24012.html,open_data_csv,chp_notifiable,"Hong Kong, China CHP Notifiable Diseases",https://www.chp.gov.hk/en/static/24012.html,open_data_csv
disease,D196,foodborne-disease-outbreak,Foodborne disease outbreak,HK,"Hong Kong, China",D196,Foodborne disease outbreak,食源性疾病暴发,Bacterial,2006-05-01,2006-05,84,19.599999999999998,0,1.2119305910037237,wpp_computed,,1997-01-01,2026-06-01,2026-08-01T00:00:00+00:00,chp_notifiable,"Hong Kong, China CHP Notifiable Diseases",https://www.chp.gov.hk/en/static/24012.html,open_data_csv,chp_notifiable,"Hong Kong, China CHP Notifiable Diseases",https://www.chp.gov.hk/en/static/24012.html,open_data_csv
disease,D196,foodborne-disease-outbreak,Foodborne disease outbreak,HK,"Hong Kong, China",D196,Foodborne disease outbreak,食源性疾病暴发,Bacterial,2006-06-01,2006-06,83,18.741935483870968,0,1.197502845872727,wpp_computed,,1997-01-01,2026-06-01,2026-08-01T00:00:00+00:00,chp_notifiable,"Hong Kong, China CHP Notifiable Diseases",https://www.chp.gov.hk/en/static/24012.html,open_data_csv,chp_notifiable,"Hong Kong, China CHP Notifiable Diseases",https://www.chp.gov.hk/en/static/24012.html,open_data_csv
disease,D196,foodborne-disease-outbreak,Foodborne disease outbreak,HK,"Hong Kong, China",D196,Foodborne disease outbreak,食源性疾病暴发,Bacterial,2006-07-01,2006-07,141,32.9,0,2.0343120634705367,wpp_computed,,1997-01-01,2026-06-01,2026-08-01T00:00:00+00:00,chp_notifiable,"Hong Kong, China CHP Notifiable Diseases",https://www.chp.gov.hk/en/static/24012.html,open_data_csv,chp_notifiable,"Hong Kong, China CHP Notifiable Diseases",https://www.chp.gov.hk/en/static/24012.html,open_data_csv
disease,D196,foodborne-disease-outbreak,Foodborne disease outbreak,HK,"Hong Kong, China",D196,Foodborne disease outbreak,食源性疾病暴发,Bacterial,2006-08-01,2006-08,84,18.96774193548387,0,1.2119305910037237,wpp_computed,,1997-01-01,2026-06-01,2026-08-01T00:00:00+00:00,chp_notifiable,"Hong Kong, China CHP Notifiable Diseases",https://www.chp.gov.hk/en/static/24012.html,open_data_csv,chp_notifiable,"Hong Kong, China CHP Notifiable Diseases",https://www.chp.gov.hk/en/static/24012.html,open_data_csv
disease,D196,foodborne-disease-outbreak,Foodborne disease outbreak,HK,"Hong Kong, China",D196,Foodborne disease outbreak,食源性疾病暴发,Bacterial,2006-09-01,2006-09,94,21.225806451612904,0,1.3562080423136909,wpp_computed,,1997-01-01,2026-06-01,2026-08-01T00:00:00+00:00,chp_notifiable,"Hong Kong, China CHP Notifiable Diseases",https://www.chp.gov.hk/en/static/24012.html,open_data_csv,chp_notifiable,"Hong Kong, China CHP Notifiable Diseases",https://www.chp.gov.hk/en/static/24012.html,open_data_csv
disease,D196,foodborne-disease-outbreak,Foodborne disease outbreak,HK,"Hong Kong, China",D196,Foodborne disease outbreak,食源性疾病暴发,Bacterial,2006-10-01,2006-10,58,13.533333333333333,0,0.8368092175978094,wpp_computed,,1997-01-01,2026-06-01,2026-08-01T00:00:00+00:00,chp_notifiable,"Hong Kong, China CHP Notifiable Diseases",https://www.chp.gov.hk/en/static/24012.html,open_data_csv,chp_notifiable,"Hong Kong, China CHP Notifiable Diseases",https://www.chp.gov.hk/en/static/24012.html,open_data_csv
disease,D196,foodborne-disease-outbreak,Foodborne disease outbreak,HK,"Hong Kong, China",D196,Foodborne disease outbreak,食源性疾病暴发,Bacterial,2006-11-01,2006-11,42,9.483870967741934,0,0.6059652955018618,wpp_computed,,1997-01-01,2026-06-01,2026-08-01T00:00:00+00:00,chp_notifiable,"Hong Kong, China CHP Notifiable Diseases",https://www.chp.gov.hk/en/static/24012.html,open_data_csv,chp_notifiable,"Hong Kong, China CHP Notifiable Diseases",https://www.chp.gov.hk/en/static/24012.html,open_data_csv
disease,D196,foodborne-disease-outbreak,Foodborne disease outbreak,HK,"Hong Kong, China",D196,Foodborne disease outbreak,食源性疾病暴发,Bacterial,2006-12-01,2006-12,50,11.666666666666668,0,0.7213872565498356,wpp_computed,,1997-01-01,2026-06-01,2026-08-01T00:00:00+00:00,chp_notifiable,"Hong Kong, China CHP Notifiable Diseases",https://www.chp.gov.hk/en/static/24012.html,open_data_csv,chp_notifiable,"Hong Kong, China CHP Notifiable Diseases",https://www.chp.gov.hk/en/static/24012.html,open_data_csv
disease,D196,foodborne-disease-outbreak,Foodborne disease outbreak,HK,"Hong Kong, China",D196,Foodborne disease outbreak,食源性疾病暴发,Bacterial,2007-01-01,2007-01,44,9.935483870967742,0,0.6311551070847878,wpp_computed,,1997-01-01,2026-06-01,2026-08-01T00:00:00+00:00,chp_notifiable,"Hong Kong, China CHP Notifiable Diseases",https://www.chp.gov.hk/en/static/24012.html,open_data_csv,chp_notifiable,"Hong Kong, China CHP Notifiable Diseases",https://www.chp.gov.hk/en/static/24012.html,open_data_csv
disease,D196,foodborne-disease-outbreak,Foodborne disease outbreak,HK,"Hong Kong, China",D196,Foodborne disease outbreak,食源性疾病暴发,Bacterial,2007-02-01,2007-02,55,12.419354838709678,0,0.7889438838559848,wpp_computed,,1997-01-01,2026-06-01,2026-08-01T00:00:00+00:00,chp_notifiable,"Hong Kong, China CHP Notifiable Diseases",https://www.chp.gov.hk/en/static/24012.html,open_data_csv,chp_notifiable,"Hong Kong, China CHP Notifiable Diseases",https://www.chp.gov.hk/en/static/24012.html,open_data_csv
disease,D196,foodborne-disease-outbreak,Foodborne disease outbreak,HK,"Hong Kong, China",D196,Foodborne disease outbreak,食源性疾病暴发,Bacterial,2007-03-01,2007-03,53,13.25,0,0.7602550153521308,wpp_computed,,1997-01-01,2026-06-01,2026-08-01T00:00:00+00:00,chp_notifiable,"Hong Kong, China CHP Notifiable Diseases",https://www.chp.gov.hk/en/static/24012.html,open_data_csv,chp_notifiable,"Hong Kong, China CHP Notifiable Diseases",https://www.chp.gov.hk/en/static/24012.html,open_data_csv
disease,D196,foodborne-disease-outbreak,Foodborne disease outbreak,HK,"Hong Kong, China",D196,Foodborne disease outbreak,食源性疾病暴发,Bacterial,2007-04-01,2007-04,39,8.806451612903226,0,0.5594329358251529,wpp_computed,,1997-01-01,2026-06-01,2026-08-01T00:00:00+00:00,chp_notifiable,"Hong Kong, China CHP Notifiable Diseases",https://www.chp.gov.hk/en/static/24012.html,open_data_csv,chp_notifiable,"Hong Kong, China CHP Notifiable Diseases",https://www.chp.gov.hk/en/static/24012.html,open_data_csv
disease,D196,foodborne-disease-outbreak,Foodborne disease outbreak,HK,"Hong Kong, China",D196,Foodborne disease outbreak,食源性疾病暴发,Bacterial,2007-05-01,2007-05,51,11.9,0,0.7315661468482768,wpp_computed,,1997-01-01,2026-06-01,2026-08-01T00:00:00+00:00,chp_notifiable,"Hong Kong, China CHP Notifiable Diseases",https://www.chp.gov.hk/en/static/24012.html,open_data_csv,chp_notifiable,"Hong Kong, China CHP Notifiable Diseases",https://www.chp.gov.hk/en/static/24012.html,open_data_csv
disease,D196,foodborne-disease-outbreak,Foodborne disease outbreak,HK,"Hong Kong, China",D196,Foodborne disease outbreak,食源性疾病暴发,Bacterial,2007-06-01,2007-06,61,13.774193548387096,0,0.8750104893675468,wpp_computed,,1997-01-01,2026-06-01,2026-08-01T00:00:00+00:00,chp_notifiable,"Hong Kong, China CHP Notifiable Diseases",https://www.chp.gov.hk/en/static/24012.html,open_data_csv,chp_notifiable,"Hong Kong, China CHP Notifiable Diseases",https://www.chp.gov.hk/en/static/24012.html,open_data_csv
disease,D196,foodborne-disease-outbreak,Foodborne disease outbreak,HK,"Hong Kong, China",D196,Foodborne disease outbreak,食源性疾病暴发,Bacterial,2007-07-01,2007-07,51,11.9,0,0.7315661468482768,wpp_computed,,1997-01-01,2026-06-01,2026-08-01T00:00:00+00:00,chp_notifiable,"Hong Kong, China CHP Notifiable Diseases",https://www.chp.gov.hk/en/static/24012.html,open_data_csv,chp_notifiable,"Hong Kong, China CHP Notifiable Diseases",https://www.chp.gov.hk/en/static/24012.html,open_data_csv
disease,D196,foodborne-disease-outbreak,Foodborne disease outbreak,HK,"Hong Kong, China",D196,Foodborne disease outbreak,食源性疾病暴发,Bacterial,2007-08-01,2007-08,77,17.387096774193548,0,1.1045214373983787,wpp_computed,,1997-01-01,2026-06-01,2026-08-01T00:00:00+00:00,chp_notifiable,"Hong Kong, China CHP Notifiable Diseases",https://www.chp.gov.hk/en/static/24012.html,open_data_csv,chp_notifiable,"Hong Kong, China CHP Notifiable Diseases",https://www.chp.gov.hk/en/static/24012.html,open_data_csv
disease,D196,foodborne-disease-outbreak,Foodborne disease outbreak,HK,"Hong Kong, China",D196,Foodborne disease outbreak,食源性疾病暴发,Bacterial,2007-09-01,2007-09,98,22.129032258064516,0,1.4057545566888456,wpp_computed,,1997-01-01,2026-06-01,2026-08-01T00:00:00+00:00,chp_notifiable,"Hong Kong, China CHP Notifiable Diseases",https://www.chp.gov.hk/en/static/24012.html,open_data_csv,chp_notifiable,"Hong Kong, China CHP Notifiable Diseases",https://www.chp.gov.hk/en/static/24012.html,open_data_csv
disease,D196,foodborne-disease-outbreak,Foodborne disease outbreak,HK,"Hong Kong, China",D196,Foodborne disease outbreak,食源性疾病暴发,Bacterial,2007-10-01,2007-10,31,7.233333333333334,0,0.44467746180973683,wpp_computed,,1997-01-01,2026-06-01,2026-08-01T00:00:00+00:00,chp_notifiable,"Hong Kong, China CHP Notifiable Diseases",https://www.chp.gov.hk/en/static/24012.html,open_data_csv,chp_notifiable,"Hong Kong, China CHP Notifiable Diseases",https://www.chp.gov.hk/en/static/24012.html,open_data_csv
disease,D196,foodborne-disease-outbreak,Foodborne disease outbreak,HK,"Hong Kong, China",D196,Foodborne disease outbreak,食源性疾病暴发,Bacterial,2007-11-01,2007-11,30,6.774193548387097,0,0.4303330275578099,wpp_computed,,1997-01-01,2026-06-01,2026-08-01T00:00:00+00:00,chp_notifiable,"Hong Kong, China CHP Notifiable Diseases",https://www.chp.gov.hk/en/static/24012.html,open_data_csv,chp_notifiable,"Hong Kong, China CHP Notifiable Diseases",https://www.chp.gov.hk/en/static/24012.html,open_data_csv
disease,D196,foodborne-disease-outbreak,Foodborne disease outbreak,HK,"Hong Kong, China",D196,Foodborne disease outbreak,食源性疾病暴发,Bacterial,2007-12-01,2007-12,31,7.233333333333334,0,0.44467746180973683,wpp_computed,,1997-01-01,2026-06-01,2026-08-01T00:00:00+00:00,chp_notifiable,"Hong Kong, China CHP Notifiable Diseases",https://www.chp.gov.hk/en/static/24012.html,open_data_csv,chp_notifiable,"Hong Kong, China CHP Notifiable Diseases",https://www.chp.gov.hk/en/static/24012.html,open_data_csv
disease,D196,foodborne-disease-outbreak,Foodborne disease outbreak,HK,"Hong Kong, China",D196,Foodborne disease outbreak,食源性疾病暴发,Bacterial,2008-01-01,2008-01,24,5.419354838709677,0,0.3418468145966026,wpp_computed,,1997-01-01,2026-06-01,2026-08-01T00:00:00+00:00,chp_notifiable,"Hong Kong, China CHP Notifiable Diseases",https://www.chp.gov.hk/en/static/24012.html,open_data_csv,chp_notifiable,"Hong Kong, China CHP Notifiable Diseases",https://www.chp.gov.hk/en/static/24012.html,open_data_csv
disease,D196,foodborne-disease-outbreak,Foodborne disease outbreak,HK,"Hong Kong, China",D196,Foodborne disease outbreak,食源性疾病暴发,Bacterial,2008-02-01,2008-02,43,9.70967741935484,0,0.6124755428189129,wpp_computed,,1997-01-01,2026-06-01,2026-08-01T00:00:00+00:00,chp_notifiable,"Hong Kong, China CHP Notifiable Diseases",https://www.chp.gov.hk/en/static/24012.html,open_data_csv,chp_notifiable,"Hong Kong, China CHP Notifiable Diseases",https://www.chp.gov.hk/en/static/24012.html,open_data_csv
disease,D196,foodborne-disease-outbreak,Foodborne disease outbreak,HK,"Hong Kong, China",D196,Foodborne disease outbreak,食源性疾病暴发,Bacterial,2008-03-01,2008-03,27,6.517241379310344,0,0.3845776664211779,wpp_computed,,1997-01-01,2026-06-01,2026-08-01T00:00:00+00:00,chp_notifiable,"Hong Kong, China CHP Notifiable Diseases",https://www.chp.gov.hk/en/static/24012.html,open_data_csv,chp_notifiable,"Hong Kong, China CHP Notifiable Diseases",https://www.chp.gov.hk/en/static/24012.html,open_data_csv
disease,D196,foodborne-disease-outbreak,Foodborne disease outbreak,HK,"Hong Kong, China",D196,Foodborne disease outbreak,食源性疾病暴发,Bacterial,2008-04-01,2008-04,24,5.419354838709677,0,0.3418468145966026,wpp_computed,,1997-01-01,2026-06-01,2026-08-01T00:00:00+00:00,chp_notifiable,"Hong Kong, China CHP Notifiable Diseases",https://www.chp.gov.hk/en/static/24012.html,open_data_csv,chp_notifiable,"Hong Kong, China CHP Notifiable Diseases",https://www.chp.gov.hk/en/static/24012.html,open_data_csv
disease,D196,foodborne-disease-outbreak,Foodborne disease outbreak,HK,"Hong Kong, China",D196,Foodborne disease outbreak,食源性疾病暴发,Bacterial,2008-05-01,2008-05,44,10.266666666666666,0,0.6267191600937715,wpp_computed,,1997-01-01,2026-06-01,2026-08-01T00:00:00+00:00,chp_notifiable,"Hong Kong, China CHP Notifiable Diseases",https://www.chp.gov.hk/en/static/24012.html,open_data_csv,chp_notifiable,"Hong Kong, China CHP Notifiable Diseases",https://www.chp.gov.hk/en/static/24012.html,open_data_csv
disease,D196,foodborne-disease-outbreak,Foodborne disease outbreak,HK,"Hong Kong, China",D196,Foodborne disease outbreak,食源性疾病暴发,Bacterial,2008-06-01,2008-06,79,17.838709677419356,0,1.125245764713817,wpp_computed,,1997-01-01,2026-06-01,2026-08-01T00:00:00+00:00,chp_notifiable,"Hong Kong, China CHP Notifiable Diseases",https://www.chp.gov.hk/en/static/24012.html,open_data_csv,chp_notifiable,"Hong Kong, China CHP Notifiable Diseases",https://www.chp.gov.hk/en/static/24012.html,open_data_csv
disease,D196,foodborne-disease-outbreak,Foodborne disease outbreak,HK,"Hong Kong, China",D196,Foodborne disease outbreak,食源性疾病暴发,Bacterial,2008-07-01,2008-07,107,24.96666666666667,0,1.5240670484098533,wpp_computed,,1997-01-01,2026-06-01,2026-08-01T00:00:00+00:00,chp_notifiable,"Hong Kong, China CHP Notifiable Diseases",https://www.chp.gov.hk/en/static/24012.html,open_data_csv,chp_notifiable,"Hong Kong, China CHP Notifiable Diseases",https://www.chp.gov.hk/en/static/24012.html,open_data_csv
disease,D196,foodborne-disease-outbreak,Foodborne disease outbreak,HK,"Hong Kong, China",D196,Foodborne disease outbreak,食源性疾病暴发,Bacterial,2008-08-01,2008-08,82,18.516129032258064,0,1.1679766165383922,wpp_computed,,1997-01-01,2026-06-01,2026-08-01T00:00:00+00:00,chp_notifiable,"Hong Kong, China CHP Notifiable Diseases",https://www.chp.gov.hk/en/static/24012.html,open_data_csv,chp_notifiable,"Hong Kong, China CHP Notifiable Diseases",https://www.chp.gov.hk/en/static/24012.html,open_data_csv
disease,D196,foodborne-disease-outbreak,Foodborne disease outbreak,HK,"Hong Kong, China",D196,Foodborne disease outbreak,食源性疾病暴发,Bacterial,2008-09-01,2008-09,84,18.96774193548387,0,1.1964638510881092,wpp_computed,,1997-01-01,2026-06-01,2026-08-01T00:00:00+00:00,chp_notifiable,"Hong Kong, China CHP Notifiable Diseases",https://www.chp.gov.hk/en/static/24012.html,open_data_csv,chp_notifiable,"Hong Kong, China CHP Notifiable Diseases",https://www.chp.gov.hk/en/static/24012.html,open_data_csv
disease,D196,foodborne-disease-outbreak,Foodborne disease outbreak,HK,"Hong Kong, China",D196,Foodborne disease outbreak,食源性疾病暴发,Bacterial,2008-10-01,2008-10,48,11.200000000000001,0,0.6836936291932052,wpp_computed,,1997-01-01,2026-06-01,2026-08-01T00:00:00+00:00,chp_notifiable,"Hong Kong, China CHP Notifiable Diseases",https://www.chp.gov.hk/en/static/24012.html,open_data_csv,chp_notifiable,"Hong Kong, China CHP Notifiable Diseases",https://www.chp.gov.hk/en/static/24012.html,open_data_csv
disease,D196,foodborne-disease-outbreak,Foodborne disease outbreak,HK,"Hong Kong, China",D196,Foodborne disease outbreak,食源性疾病暴发,Bacterial,2008-11-01,2008-11,22,4.967741935483871,0,0.31335958004688574,wpp_computed,,1997-01-01,2026-06-01,2026-08-01T00:00:00+00:00,chp_notifiable,"Hong Kong, China CHP Notifiable Diseases",https://www.chp.gov.hk/en/static/24012.html,open_data_csv,chp_notifiable,"Hong Kong, China CHP Notifiable Diseases",https://www.chp.gov.hk/en/static/24012.html,open_data_csv
disease,D196,foodborne-disease-outbreak,Foodborne disease outbreak,HK,"Hong Kong, China",D196,Foodborne disease outbreak,食源性疾病暴发,Bacterial,2008-12-01,2008-12,35,8.166666666666668,0,0.4985266046200455,wpp_computed,,1997-01-01,2026-06-01,2026-08-01T00:00:00+00:00,chp_notifiable,"Hong Kong, China CHP Notifiable Diseases",https://www.chp.gov.hk/en/static/24012.html,open_data_csv,chp_notifiable,"Hong Kong, China CHP Notifiable Diseases",https://www.chp.gov.hk/en/static/24012.html,open_data_csv
disease,D196,foodborne-disease-outbreak,Foodborne disease outbreak,HK,"Hong Kong, China",D196,Foodborne disease outbreak,食源性疾病暴发,Bacterial,2009-01-01,2009-01,31,7.0,0,0.43881586811969453,wpp_computed,,1997-01-01,2026-06-01,2026-08-01T00:00:00+00:00,chp_notifiable,"Hong Kong, China CHP Notifiable Diseases",https://www.chp.gov.hk/en/static/24012.html,open_data_csv,chp_notifiable,"Hong Kong, China CHP Notifiable Diseases",https://www.chp.gov.hk/en/static/24012.html,open_data_csv
disease,D196,foodborne-disease-outbreak,Foodborne disease outbreak,HK,"Hong Kong, China",D196,Foodborne disease outbreak,食源性疾病暴发,Bacterial,2009-02-01,2009-02,34,7.677419354838709,0,0.48128191987321334,wpp_computed,,1997-01-01,2026-06-01,2026-08-01T00:00:00+00:00,chp_notifiable,"Hong Kong, China CHP Notifiable Diseases",https://www.chp.gov.hk/en/static/24012.html,open_data_csv,chp_notifiable,"Hong Kong, China CHP Notifiable Diseases",https://www.chp.gov.hk/en/static/24012.html,open_data_csv
disease,D196,foodborne-disease-outbreak,Foodborne disease outbreak,HK,"Hong Kong, China",D196,Foodborne disease outbreak,食源性疾病暴发,Bacterial,2009-03-01,2009-03,45,11.25,0,0.6369907763027823,wpp_computed,,1997-01-01,2026-06-01,2026-08-01T00:00:00+00:00,chp_notifiable,"Hong Kong, China CHP Notifiable Diseases",https://www.chp.gov.hk/en/static/24012.html,open_data_csv,chp_notifiable,"Hong Kong, China CHP Notifiable Diseases",https://www.chp.gov.hk/en/static/24012.html,open_data_csv
disease,D196,foodborne-disease-outbreak,Foodborne disease outbreak,HK,"Hong Kong, China",D196,Foodborne disease outbreak,食源性疾病暴发,Bacterial,2009-04-01,2009-04,22,4.967741935483871,0,0.31141771285913805,wpp_computed,,1997-01-01,2026-06-01,2026-08-01T00:00:00+00:00,chp_notifiable,"Hong Kong, China CHP Notifiable Diseases",https://www.chp.gov.hk/en/static/24012.html,open_data_csv,chp_notifiable,"Hong Kong, China CHP Notifiable Diseases",https://www.chp.gov.hk/en/static/24012.html,open_data_csv
disease,D196,foodborne-disease-outbreak,Foodborne disease outbreak,HK,"Hong Kong, China",D196,Foodborne disease outbreak,食源性疾病暴发,Bacterial,2009-05-01,2009-05,24,5.6000000000000005,0,0.3397284140281506,wpp_computed,,1997-01-01,2026-06-01,2026-08-01T00:00:00+00:00,chp_notifiable,"Hong Kong, China CHP Notifiable Diseases",https://www.chp.gov.hk/en/static/24012.html,open_data_csv,chp_notifiable,"Hong Kong, China CHP Notifiable Diseases",https://www.chp.gov.hk/en/static/24012.html,open_data_csv
disease,D196,foodborne-disease-outbreak,Foodborne disease outbreak,HK,"Hong Kong, China",D196,Foodborne disease outbreak,食源性疾病暴发,Bacterial,2009-06-01,2009-06,27,6.096774193548387,0,0.38219446578166943,wpp_computed,,1997-01-01,2026-06-01,2026-08-01T00:00:00+00:00,chp_notifiable,"Hong Kong, China CHP Notifiable Diseases",https://www.chp.gov.hk/en/static/24012.html,open_data_csv,chp_notifiable,"Hong Kong, China CHP Notifiable Diseases",https://www.chp.gov.hk/en/static/24012.html,open_data_csv
disease,D196,foodborne-disease-outbreak,Foodborne disease outbreak,HK,"Hong Kong, China",D196,Foodborne disease outbreak,食源性疾病暴发,Bacterial,2009-07-01,2009-07,53,12.366666666666667,0,0.7502335809788326,wpp_computed,,1997-01-01,2026-06-01,2026-08-01T00:00:00+00:00,chp_notifiable,"Hong Kong, China CHP Notifiable Diseases",https://www.chp.gov.hk/en/static/24012.html,open_data_csv,chp_notifiable,"Hong Kong, China CHP Notifiable Diseases",https://www.chp.gov.hk/en/static/24012.html,open_data_csv
disease,D196,foodborne-disease-outbreak,Foodborne disease outbreak,HK,"Hong Kong, China",D196,Foodborne disease outbreak,食源性疾病暴发,Bacterial,2009-08-01,2009-08,59,13.322580645161292,0,0.8351656844858704,wpp_computed,,1997-01-01,2026-06-01,2026-08-01T00:00:00+00:00,chp_notifiable,"Hong Kong, China CHP Notifiable Diseases",https://www.chp.gov.hk/en/static/24012.html,open_data_csv,chp_notifiable,"Hong Kong, China CHP Notifiable Diseases",https://www.chp.gov.hk/en/static/24012.html,open_data_csv
disease,D196,foodborne-disease-outbreak,Foodborne disease outbreak,HK,"Hong Kong, China",D196,Foodborne disease outbreak,食源性疾病暴发,Bacterial,2009-09-01,2009-09,33,7.451612903225806,0,0.46712656928870705,wpp_computed,,1997-01-01,2026-06-01,2026-08-01T00:00:00+00:00,chp_notifiable,"Hong Kong, China CHP Notifiable Diseases",https://www.chp.gov.hk/en/static/24012.html,open_data_csv,chp_notifiable,"Hong Kong, China CHP Notifiable Diseases",https://www.chp.gov.hk/en/static/24012.html,open_data_csv
disease,D196,foodborne-disease-outbreak,Foodborne disease outbreak,HK,"Hong Kong, China",D196,Foodborne disease outbreak,食源性疾病暴发,Bacterial,2009-10-01,2009-10,35,8.166666666666668,0,0.4954372704577197,wpp_computed,,1997-01-01,2026-06-01,2026-08-01T00:00:00+00:00,chp_notifiable,"Hong Kong, China CHP Notifiable Diseases",https://www.chp.gov.hk/en/static/24012.html,open_data_csv,chp_notifiable,"Hong Kong, China CHP Notifiable Diseases",https://www.chp.gov.hk/en/static/24012.html,open_data_csv
disease,D196,foodborne-disease-outbreak,Foodborne disease outbreak,HK,"Hong Kong, China",D196,Foodborne disease outbreak,食源性疾病暴发,Bacterial,2009-11-01,2009-11,14,3.161290322580645,0,0.19817490818308783,wpp_computed,,1997-01-01,2026-06-01,2026-08-01T00:00:00+00:00,chp_notifiable,"Hong Kong, China CHP Notifiable Diseases",https://www.chp.gov.hk/en/static/24012.html,open_data_csv,chp_notifiable,"Hong Kong, China CHP Notifiable Diseases",https://www.chp.gov.hk/en/static/24012.html,open_data_csv
disease,D196,foodborne-disease-outbreak,Foodborne disease outbreak,HK,"Hong Kong, China",D196,Foodborne disease outbreak,食源性疾病暴发,Bacterial,2009-12-01,2009-12,30,7.0,0,0.4246605175351883,wpp_computed,,1997-01-01,2026-06-01,2026-08-01T00:00:00+00:00,chp_notifiable,"Hong Kong, China CHP Notifiable Diseases",https://www.chp.gov.hk/en/static/24012.html,open_data_csv,chp_notifiable,"Hong Kong, China CHP Notifiable Diseases",https://www.chp.gov.hk/en/static/24012.html,open_data_csv
disease,D196,foodborne-disease-outbreak,Foodborne disease outbreak,HK,"Hong Kong, China",D196,Foodborne disease outbreak,食源性疾病暴发,Bacterial,2010-01-01,2010-01,22,4.967741935483871,0,0.3097886016663529,wpp_computed,,1997-01-01,2026-06-01,2026-08-01T00:00:00+00:00,chp_notifiable,"Hong Kong, China CHP Notifiable Diseases",https://www.chp.gov.hk/en/static/24012.html,open_data_csv,chp_notifiable,"Hong Kong, China CHP Notifiable Diseases",https://www.chp.gov.hk/en/static/24012.html,open_data_csv
disease,D196,foodborne-disease-outbreak,Foodborne disease outbreak,HK,"Hong Kong, China",D196,Foodborne disease outbreak,食源性疾病暴发,Bacterial,2010-02-01,2010-02,13,2.935483870967742,0,0.18305690098466307,wpp_computed,,1997-01-01,2026-06-01,2026-08-01T00:00:00+00:00,chp_notifiable,"Hong Kong, China CHP Notifiable Diseases",https://www.chp.gov.hk/en/static/24012.html,open_data_csv,chp_notifiable,"Hong Kong, China CHP Notifiable Diseases",https://www.chp.gov.hk/en/static/24012.html,open_data_csv
disease,D196,foodborne-disease-outbreak,Foodborne disease outbreak,HK,"Hong Kong, China",D196,Foodborne disease outbreak,食源性疾病暴发,Bacterial,2010-03-01,2010-03,24,6.0,0,0.3379512018178395,wpp_computed,,1997-01-01,2026-06-01,2026-08-01T00:00:00+00:00,chp_notifiable,"Hong Kong, China CHP Notifiable Diseases",https://www.chp.gov.hk/en/static/24012.html,open_data_csv,chp_notifiable,"Hong Kong, China CHP Notifiable Diseases",https://www.chp.gov.hk/en/static/24012.html,open_data_csv
disease,D196,foodborne-disease-outbreak,Foodborne disease outbreak,HK,"Hong Kong, China",D196,Foodborne disease outbreak,食源性疾病暴发,Bacterial,2010-04-01,2010-04,19,4.290322580645161,0,0.26754470143912296,wpp_computed,,1997-01-01,2026-06-01,2026-08-01T00:00:00+00:00,chp_notifiable,"Hong Kong, China CHP Notifiable Diseases",https://www.chp.gov.hk/en/static/24012.html,open_data_csv,chp_notifiable,"Hong Kong, China CHP Notifiable Diseases",https://www.chp.gov.hk/en/static/24012.html,open_data_csv
disease,D196,foodborne-disease-outbreak,Foodborne disease outbreak,HK,"Hong Kong, China",D196,Foodborne disease outbreak,食源性疾病暴发,Bacterial,2010-05-01,2010-05,33,7.700000000000001,0,0.46468290249952937,wpp_computed,,1997-01-01,2026-06-01,2026-08-01T00:00:00+00:00,chp_notifiable,"Hong Kong, China CHP Notifiable Diseases",https://www.chp.gov.hk/en/static/24012.html,open_data_csv,chp_notifiable,"Hong Kong, China CHP Notifiable Diseases",https://www.chp.gov.hk/en/static/24012.html,open_data_csv
disease,D196,foodborne-disease-outbreak,Foodborne disease outbreak,HK,"Hong Kong, China",D196,Foodborne disease outbreak,食源性疾病暴发,Bacterial,2010-06-01,2010-06,59,13.322580645161292,0,0.8307967044688555,wpp_computed,,1997-01-01,2026-06-01,2026-08-01T00:00:00+00:00,chp_notifiable,"Hong Kong, China CHP Notifiable Diseases",https://www.chp.gov.hk/en/static/24012.html,open_data_csv,chp_notifiable,"Hong Kong, China CHP Notifiable Diseases",https://www.chp.gov.hk/en/static/24012.html,open_data_csv
disease,D196,foodborne-disease-outbreak,Foodborne disease outbreak,HK,"Hong Kong, China",D196,Foodborne disease outbreak,食源性疾病暴发,Bacterial,2010-07-01,2010-07,39,9.1,0,0.5491707029539892,wpp_computed,,1997-01-01,2026-06-01,2026-08-01T00:00:00+00:00,chp_notifiable,"Hong Kong, China CHP Notifiable Diseases",https://www.chp.gov.hk/en/static/24012.html,open_data_csv,chp_notifiable,"Hong Kong, China CHP Notifiable Diseases",https://www.chp.gov.hk/en/static/24012.html,open_data_csv
disease,D196,foodborne-disease-outbreak,Foodborne disease outbreak,HK,"Hong Kong, China",D196,Foodborne disease outbreak,食源性疾病暴发,Bacterial,2010-08-01,2010-08,27,6.096774193548387,0,0.38019510204506946,wpp_computed,,1997-01-01,2026-06-01,2026-08-01T00:00:00+00:00,chp_notifiable,"Hong Kong, China CHP Notifiable Diseases",https://www.chp.gov.hk/en/static/24012.html,open_data_csv,chp_notifiable,"Hong Kong, China CHP Notifiable Diseases",https://www.chp.gov.hk/en/static/24012.html,open_data_csv
disease,D196,foodborne-disease-outbreak,Foodborne disease outbreak,HK,"Hong Kong, China",D196,Foodborne disease outbreak,食源性疾病暴发,Bacterial,2010-09-01,2010-09,31,7.0,0,0.4365203023480427,wpp_computed,,1997-01-01,2026-06-01,2026-08-01T00:00:00+00:00,chp_notifiable,"Hong Kong, China CHP Notifiable Diseases",https://www.chp.gov.hk/en/static/24012.html,open_data_csv,chp_notifiable,"Hong Kong, China CHP Notifiable Diseases",https://www.chp.gov.hk/en/static/24012.html,open_data_csv
disease,D196,foodborne-disease-outbreak,Foodborne disease outbreak,HK,"Hong Kong, China",D196,Foodborne disease outbreak,食源性疾病暴发,Bacterial,2010-10-01,2010-10,18,4.2,0,0.25346340136337964,wpp_computed,,1997-01-01,2026-06-01,2026-08-01T00:00:00+00:00,chp_notifiable,"Hong Kong, China CHP Notifiable Diseases",https://www.chp.gov.hk/en/static/24012.html,open_data_csv,chp_notifiable,"Hong Kong, China CHP Notifiable Diseases",https://www.chp.gov.hk/en/static/24012.html,open_data_csv
disease,D196,foodborne-disease-outbreak,Foodborne disease outbreak,HK,"Hong Kong, China",D196,Foodborne disease outbreak,食源性疾病暴发,Bacterial,2010-11-01,2010-11,12,2.7096774193548385,0,0.16897560090891975,wpp_computed,,1997-01-01,2026-06-01,2026-08-01T00:00:00+00:00,chp_notifiable,"Hong Kong, China CHP Notifiable Diseases",https://www.chp.gov.hk/en/static/24012.html,open_data_csv,chp_notifiable,"Hong Kong, China CHP Notifiable Diseases",https://www.chp.gov.hk/en/static/24012.html,open_data_csv
disease,D196,foodborne-disease-outbreak,Foodborne disease outbreak,HK,"Hong Kong, China",D196,Foodborne disease outbreak,食源性疾病暴发,Bacterial,2010-12-01,2010-12,19,4.433333333333334,0,0.26754470143912296,wpp_computed,,1997-01-01,2026-06-01,2026-08-01T00:00:00+00:00,chp_notifiable,"Hong Kong, China CHP Notifiable Diseases",https://www.chp.gov.hk/en/static/24012.html,open_data_csv,chp_notifiable,"Hong Kong, China CHP Notifiable Diseases",https://www.chp.gov.hk/en/static/24012.html,open_data_csv
disease,D196,foodborne-disease-outbreak,Foodborne disease outbreak,HK,"Hong Kong, China",D196,Foodborne disease outbreak,食源性疾病暴发,Bacterial,2011-01-01,2011-01,34,7.677419354838709,0,0.4759925126377762,wpp_computed,,1997-01-01,2026-06-01,2026-08-01T00:00:00+00:00,chp_notifiable,"Hong Kong, China CHP Notifiable Diseases",https://www.chp.gov.hk/en/static/24012.html,open_data_csv,chp_notifiable,"Hong Kong, China CHP Notifiable Diseases",https://www.chp.gov.hk/en/static/24012.html,open_data_csv
disease,D196,foodborne-disease-outbreak,Foodborne disease outbreak,HK,"Hong Kong, China",D196,Foodborne disease outbreak,食源性疾病暴发,Bacterial,2011-02-01,2011-02,31,7.0,0,0.4339931732873842,wpp_computed,,1997-01-01,2026-06-01,2026-08-01T00:00:00+00:00,chp_notifiable,"Hong Kong, China CHP Notifiable Diseases",https://www.chp.gov.hk/en/static/24012.html,open_data_csv,chp_notifiable,"Hong Kong, China CHP Notifiable Diseases",https://www.chp.gov.hk/en/static/24012.html,open_data_csv
disease,D196,foodborne-disease-outbreak,Foodborne disease outbreak,HK,"Hong Kong, China",D196,Foodborne disease outbreak,食源性疾病暴发,Bacterial,2011-03-01,2011-03,21,5.25,0,0.2939953754527441,wpp_computed,,1997-01-01,2026-06-01,2026-08-01T00:00:00+00:00,chp_notifiable,"Hong Kong, China CHP Notifiable Diseases",https://www.chp.gov.hk/en/static/24012.html,open_data_csv,chp_notifiable,"Hong Kong, China CHP Notifiable Diseases",https://www.chp.gov.hk/en/static/24012.html,open_data_csv
disease,D196,foodborne-disease-outbreak,Foodborne disease outbreak,HK,"Hong Kong, China",D196,Foodborne disease outbreak,食源性疾病暴发,Bacterial,2011-04-01,2011-04,26,5.870967741935484,0,0.36399427437006415,wpp_computed,,1997-01-01,2026-06-01,2026-08-01T00:00:00+00:00,chp_notifiable,"Hong Kong, China CHP Notifiable Diseases",https://www.chp.gov.hk/en/static/24012.html,open_data_csv,chp_notifiable,"Hong Kong, China CHP Notifiable Diseases",https://www.chp.gov.hk/en/static/24012.html,open_data_csv
disease,D196,foodborne-disease-outbreak,Foodborne disease outbreak,HK,"Hong Kong, China",D196,Foodborne disease outbreak,食源性疾病暴发,Bacterial,2011-05-01,2011-05,30,7.0,0,0.4199933935039202,wpp_computed,,1997-01-01,2026-06-01,2026-08-01T00:00:00+00:00,chp_notifiable,"Hong Kong, China CHP Notifiable Diseases",https://www.chp.gov.hk/en/static/24012.html,open_data_csv,chp_notifiable,"Hong Kong, China CHP Notifiable Diseases",https://www.chp.gov.hk/en/static/24012.html,open_data_csv
disease,D196,foodborne-disease-outbreak,Foodborne disease outbreak,HK,"Hong Kong, China",D196,Foodborne disease outbreak,食源性疾病暴发,Bacterial,2011-06-01,2011-06,37,8.35483870967742,0,0.5179918519881682,wpp_computed,,1997-01-01,2026-06-01,2026-08-01T00:00:00+00:00,chp_notifiable,"Hong Kong, China CHP Notifiable Diseases",https://www.chp.gov.hk/en/static/24012.html,open_data_csv,chp_notifiable,"Hong Kong, China CHP Notifiable Diseases",https://www.chp.gov.hk/en/static/24012.html,open_data_csv
disease,D196,foodborne-disease-outbreak,Foodborne disease outbreak,HK,"Hong Kong, China",D196,Foodborne disease outbreak,食源性疾病暴发,Bacterial,2011-07-01,2011-07,37,8.633333333333333,0,0.5179918519881682,wpp_computed,,1997-01-01,2026-06-01,2026-08-01T00:00:00+00:00,chp_notifiable,"Hong Kong, China CHP Notifiable Diseases",https://www.chp.gov.hk/en/static/24012.html,open_data_csv,chp_notifiable,"Hong Kong, China CHP Notifiable Diseases",https://www.chp.gov.hk/en/static/24012.html,open_data_csv
disease,D196,foodborne-disease-outbreak,Foodborne disease outbreak,HK,"Hong Kong, China",D196,Foodborne disease outbreak,食源性疾病暴发,Bacterial,2011-08-01,2011-08,32,7.225806451612903,0,0.44799295307084824,wpp_computed,,1997-01-01,2026-06-01,2026-08-01T00:00:00+00:00,chp_notifiable,"Hong Kong, China CHP Notifiable Diseases",https://www.chp.gov.hk/en/static/24012.html,open_data_csv,chp_notifiable,"Hong Kong, China CHP Notifiable Diseases",https://www.chp.gov.hk/en/static/24012.html,open_data_csv
disease,D196,foodborne-disease-outbreak,Foodborne disease outbreak,HK,"Hong Kong, China",D196,Foodborne disease outbreak,食源性疾病暴发,Bacterial,2011-09-01,2011-09,22,4.967741935483871,0,0.30799515523620813,wpp_computed,,1997-01-01,2026-06-01,2026-08-01T00:00:00+00:00,chp_notifiable,"Hong Kong, China CHP Notifiable Diseases",https://www.chp.gov.hk/en/static/24012.html,open_data_csv,chp_notifiable,"Hong Kong, China CHP Notifiable Diseases",https://www.chp.gov.hk/en/static/24012.html,open_data_csv
disease,D196,foodborne-disease-outbreak,Foodborne disease outbreak,HK,"Hong Kong, China",D196,Foodborne disease outbreak,食源性疾病暴发,Bacterial,2011-10-01,2011-10,14,3.2666666666666666,0,0.1959969169684961,wpp_computed,,1997-01-01,2026-06-01,2026-08-01T00:00:00+00:00,chp_notifiable,"Hong Kong, China CHP Notifiable Diseases",https://www.chp.gov.hk/en/static/24012.html,open_data_csv,chp_notifiable,"Hong Kong, China CHP Notifiable Diseases",https://www.chp.gov.hk/en/static/24012.html,open_data_csv
disease,D196,foodborne-disease-outbreak,Foodborne disease outbreak,HK,"Hong Kong, China",D196,Foodborne disease outbreak,食源性疾病暴发,Bacterial,2011-11-01,2011-11,32,7.225806451612903,0,0.44799295307084824,wpp_computed,,1997-01-01,2026-06-01,2026-08-01T00:00:00+00:00,chp_notifiable,"Hong Kong, China CHP Notifiable Diseases",https://www.chp.gov.hk/en/static/24012.html,open_data_csv,chp_notifiable,"Hong Kong, China CHP Notifiable Diseases",https://www.chp.gov.hk/en/static/24012.html,open_data_csv
disease,D196,foodborne-disease-outbreak,Foodborne disease outbreak,HK,"Hong Kong, China",D196,Foodborne disease outbreak,食源性疾病暴发,Bacterial,2011-12-01,2011-12,24,5.6000000000000005,0,0.33599471480313614,wpp_computed,,1997-01-01,2026-06-01,2026-08-01T00:00:00+00:00,chp_notifiable,"Hong Kong, China CHP Notifiable Diseases",https://www.chp.gov.hk/en/static/24012.html,open_data_csv,chp_notifiable,"Hong Kong, China CHP Notifiable Diseases",https://www.chp.gov.hk/en/static/24012.html,open_data_csv
disease,D196,foodborne-disease-outbreak,Foodborne disease outbreak,HK,"Hong Kong, China",D196,Foodborne disease outbreak,食源性疾病暴发,Bacterial,2012-01-01,2012-01,37,8.35483870967742,0,0.5138131728088402,wpp_computed,,1997-01-01,2026-06-01,2026-08-01T00:00:00+00:00,chp_notifiable,"Hong Kong, China CHP Notifiable Diseases",https://www.chp.gov.hk/en/static/24012.html,open_data_csv,chp_notifiable,"Hong Kong, China CHP Notifiable Diseases",https://www.chp.gov.hk/en/static/24012.html,open_data_csv
disease,D196,foodborne-disease-outbreak,Foodborne disease outbreak,HK,"Hong Kong, China",D196,Foodborne disease outbreak,食源性疾病暴发,Bacterial,2012-02-01,2012-02,19,4.290322580645161,0,0.2638500076585936,wpp_computed,,1997-01-01,2026-06-01,2026-08-01T00:00:00+00:00,chp_notifiable,"Hong Kong, China CHP Notifiable Diseases",https://www.chp.gov.hk/en/static/24012.html,open_data_csv,chp_notifiable,"Hong Kong, China CHP Notifiable Diseases",https://www.chp.gov.hk/en/static/24012.html,open_data_csv
disease,D196,foodborne-disease-outbreak,Foodborne disease outbreak,HK,"Hong Kong, China",D196,Foodborne disease outbreak,食源性疾病暴发,Bacterial,2012-03-01,2012-03,32,7.724137931034482,0,0.44437896026710505,wpp_computed,,1997-01-01,2026-06-01,2026-08-01T00:00:00+00:00,chp_notifiable,"Hong Kong, China CHP Notifiable Diseases",https://www.chp.gov.hk/en/static/24012.html,open_data_csv,chp_notifiable,"Hong Kong, China CHP Notifiable Diseases",https://www.chp.gov.hk/en/static/24012.html,open_data_csv
disease,D196,foodborne-disease-outbreak,Foodborne disease outbreak,HK,"Hong Kong, China",D196,Foodborne disease outbreak,食源性疾病暴发,Bacterial,2012-04-01,2012-04,21,4.741935483870967,0,0.2916236926752877,wpp_computed,,1997-01-01,2026-06-01,2026-08-01T00:00:00+00:00,chp_notifiable,"Hong Kong, China CHP Notifiable Diseases",https://www.chp.gov.hk/en/static/24012.html,open_data_csv,chp_notifiable,"Hong Kong, China CHP Notifiable Diseases",https://www.chp.gov.hk/en/static/24012.html,open_data_csv
disease,D196,foodborne-disease-outbreak,Foodborne disease outbreak,HK,"Hong Kong, China",D196,Foodborne disease outbreak,食源性疾病暴发,Bacterial,2012-05-01,2012-05,26,6.066666666666666,0,0.36105790521702286,wpp_computed,,1997-01-01,2026-06-01,2026-08-01T00:00:00+00:00,chp_notifiable,"Hong Kong, China CHP Notifiable Diseases",https://www.chp.gov.hk/en/static/24012.html,open_data_csv,chp_notifiable,"Hong Kong, China CHP Notifiable Diseases",https://www.chp.gov.hk/en/static/24012.html,open_data_csv
disease,D196,foodborne-disease-outbreak,Foodborne disease outbreak,HK,"Hong Kong, China",D196,Foodborne disease outbreak,食源性疾病暴发,Bacterial,2012-06-01,2012-06,23,5.193548387096774,0,0.3193973776919818,wpp_computed,,1997-01-01,2026-06-01,2026-08-01T00:00:00+00:00,chp_notifiable,"Hong Kong, China CHP Notifiable Diseases",https://www.chp.gov.hk/en/static/24012.html,open_data_csv,chp_notifiable,"Hong Kong, China CHP Notifiable Diseases",https://www.chp.gov.hk/en/static/24012.html,open_data_csv
disease,D196,foodborne-disease-outbreak,Foodborne disease outbreak,HK,"Hong Kong, China",D196,Foodborne disease outbreak,食源性疾病暴发,Bacterial,2012-07-01,2012-07,44,10.266666666666666,0,0.6110210703672695,wpp_computed,,1997-01-01,2026-06-01,2026-08-01T00:00:00+00:00,chp_notifiable,"Hong Kong, China CHP Notifiable Diseases",https://www.chp.gov.hk/en/static/24012.html,open_data_csv,chp_notifiable,"Hong Kong, China CHP Notifiable Diseases",https://www.chp.gov.hk/en/static/24012.html,open_data_csv
disease,D196,foodborne-disease-outbreak,Foodborne disease outbreak,HK,"Hong Kong, China",D196,Foodborne disease outbreak,食源性疾病暴发,Bacterial,2012-08-01,2012-08,38,8.580645161290322,0,0.5277000153171872,wpp_computed,,1997-01-01,2026-06-01,2026-08-01T00:00:00+00:00,chp_notifiable,"Hong Kong, China CHP Notifiable Diseases",https://www.chp.gov.hk/en/static/24012.html,open_data_csv,chp_notifiable,"Hong Kong, China CHP Notifiable Diseases",https://www.chp.gov.hk/en/static/24012.html,open_data_csv
disease,D196,foodborne-disease-outbreak,Foodborne disease outbreak,HK,"Hong Kong, China",D196,Foodborne disease outbreak,食源性疾病暴发,Bacterial,2012-09-01,2012-09,39,8.806451612903226,0,0.5415868578255344,wpp_computed,,1997-01-01,2026-06-01,2026-08-01T00:00:00+00:00,chp_notifiable,"Hong Kong, China CHP Notifiable Diseases",https://www.chp.gov.hk/en/static/24012.html,open_data_csv,chp_notifiable,"Hong Kong, China CHP Notifiable Diseases",https://www.chp.gov.hk/en/static/24012.html,open_data_csv
disease,D196,foodborne-disease-outbreak,Foodborne disease outbreak,HK,"Hong Kong, China",D196,Foodborne disease outbreak,食源性疾病暴发,Bacterial,2012-10-01,2012-10,20,4.666666666666666,0,0.27773685016694066,wpp_computed,,1997-01-01,2026-06-01,2026-08-01T00:00:00+00:00,chp_notifiable,"Hong Kong, China CHP Notifiable Diseases",https://www.chp.gov.hk/en/static/24012.html,open_data_csv,chp_notifiable,"Hong Kong, China CHP Notifiable Diseases",https://www.chp.gov.hk/en/static/24012.html,open_data_csv
disease,D196,foodborne-disease-outbreak,Foodborne disease outbreak,HK,"Hong Kong, China",D196,Foodborne disease outbreak,食源性疾病暴发,Bacterial,2012-11-01,2012-11,56,12.64516129032258,0,0.7776631804674338,wpp_computed,,1997-01-01,2026-06-01,2026-08-01T00:00:00+00:00,chp_notifiable,"Hong Kong, China CHP Notifiable Diseases",https://www.chp.gov.hk/en/static/24012.html,open_data_csv,chp_notifiable,"Hong Kong, China CHP Notifiable Diseases",https://www.chp.gov.hk/en/static/24012.html,open_data_csv
disease,D196,foodborne-disease-outbreak,Foodborne disease outbreak,HK,"Hong Kong, China",D196,Foodborne disease outbreak,食源性疾病暴发,Bacterial,2012-12-01,2012-12,23,5.366666666666667,0,0.3193973776919818,wpp_computed,,1997-01-01,2026-06-01,2026-08-01T00:00:00+00:00,chp_notifiable,"Hong Kong, China CHP Notifiable Diseases",https://www.chp.gov.hk/en/static/24012.html,open_data_csv,chp_notifiable,"Hong Kong, China CHP Notifiable Diseases",https://www.chp.gov.hk/en/static/24012.html,open_data_csv
disease,D196,foodborne-disease-outbreak,Foodborne disease outbreak,HK,"Hong Kong, China",D196,Foodborne disease outbreak,食源性疾病暴发,Bacterial,2013-01-01,2013-01,30,6.774193548387097,0,0.4129765491266578,wpp_computed,,1997-01-01,2026-06-01,2026-08-01T00:00:00+00:00,chp_notifiable,"Hong Kong, China CHP Notifiable Diseases",https://www.chp.gov.hk/en/static/24012.html,open_data_csv,chp_notifiable,"Hong Kong, China CHP Notifiable Diseases",https://www.chp.gov.hk/en/static/24012.html,open_data_csv
disease,D196,foodborne-disease-outbreak,Foodborne disease outbreak,HK,"Hong Kong, China",D196,Foodborne disease outbreak,食源性疾病暴发,Bacterial,2013-02-01,2013-02,37,8.35483870967742,0,0.509337743922878,wpp_computed,,1997-01-01,2026-06-01,2026-08-01T00:00:00+00:00,chp_notifiable,"Hong Kong, China CHP Notifiable Diseases",https://www.chp.gov.hk/en/static/24012.html,open_data_csv,chp_notifiable,"Hong Kong, China CHP Notifiable Diseases",https://www.chp.gov.hk/en/static/24012.html,open_data_csv
disease,D196,foodborne-disease-outbreak,Foodborne disease outbreak,HK,"Hong Kong, China",D196,Foodborne disease outbreak,食源性疾病暴发,Bacterial,2013-03-01,2013-03,22,5.5,0,0.3028494693595491,wpp_computed,,1997-01-01,2026-06-01,2026-08-01T00:00:00+00:00,chp_notifiable,"Hong Kong, China CHP Notifiable Diseases",https://www.chp.gov.hk/en/static/24012.html,open_data_csv,chp_notifiable,"Hong Kong, China CHP Notifiable Diseases",https://www.chp.gov.hk/en/static/24012.html,open_data_csv
disease,D196,foodborne-disease-outbreak,Foodborne disease outbreak,HK,"Hong Kong, China",D196,Foodborne disease outbreak,食源性疾病暴发,Bacterial,2013-04-01,2013-04,33,7.451612903225806,0,0.45427420403932367,wpp_computed,,1997-01-01,2026-06-01,2026-08-01T00:00:00+00:00,chp_notifiable,"Hong Kong, China CHP Notifiable Diseases",https://www.chp.gov.hk/en/static/24012.html,open_data_csv,chp_notifiable,"Hong Kong, China CHP Notifiable Diseases",https://www.chp.gov.hk/en/static/24012.html,open_data_csv
disease,D196,foodborne-disease-outbreak,Foodborne disease outbreak,HK,"Hong Kong, China",D196,Foodborne disease outbreak,食源性疾病暴发,Bacterial,2013-05-01,2013-05,25,5.833333333333334,0,0.34414712427221483,wpp_computed,,1997-01-01,2026-06-01,2026-08-01T00:00:00+00:00,chp_notifiable,"Hong Kong, China CHP Notifiable Diseases",https://www.chp.gov.hk/en/static/24012.html,open_data_csv,chp_notifiable,"Hong Kong, China CHP Notifiable Diseases",https://www.chp.gov.hk/en/static/24012.html,open_data_csv
disease,D196,foodborne-disease-outbreak,Foodborne disease outbreak,HK,"Hong Kong, China",D196,Foodborne disease outbreak,食源性疾病暴发,Bacterial,2013-06-01,2013-06,24,5.419354838709677,0,0.3303812393013263,wpp_computed,,1997-01-01,2026-06-01,2026-08-01T00:00:00+00:00,chp_notifiable,"Hong Kong, China CHP Notifiable Diseases",https://www.chp.gov.hk/en/static/24012.html,open_data_csv,chp_notifiable,"Hong Kong, China CHP Notifiable Diseases",https://www.chp.gov.hk/en/static/24012.html,open_data_csv
disease,D196,foodborne-disease-outbreak,Foodborne disease outbreak,HK,"Hong Kong, China",D196,Foodborne disease outbreak,食源性疾病暴发,Bacterial,2013-07-01,2013-07,21,4.8999999999999995,0,0.2890835843886605,wpp_computed,,1997-01-01,2026-06-01,2026-08-01T00:00:00+00:00,chp_notifiable,"Hong Kong, China CHP Notifiable Diseases",https://www.chp.gov.hk/en/static/24012.html,open_data_csv,chp_notifiable,"Hong Kong, China CHP Notifiable Diseases",https://www.chp.gov.hk/en/static/24012.html,open_data_csv
disease,D196,foodborne-disease-outbreak,Foodborne disease outbreak,HK,"Hong Kong, China",D196,Foodborne disease outbreak,食源性疾病暴发,Bacterial,2013-08-01,2013-08,47,10.612903225806452,0,0.646996593631764,wpp_computed,,1997-01-01,2026-06-01,2026-08-01T00:00:00+00:00,chp_notifiable,"Hong Kong, China CHP Notifiable Diseases",https://www.chp.gov.hk/en/static/24012.html,open_data_csv,chp_notifiable,"Hong Kong, China CHP Notifiable Diseases",https://www.chp.gov.hk/en/static/24012.html,open_data_csv
disease,D196,foodborne-disease-outbreak,Foodborne disease outbreak,HK,"Hong Kong, China",D196,Foodborne disease outbreak,食源性疾病暴发,Bacterial,2013-09-01,2013-09,15,3.3870967741935485,0,0.2064882745633289,wpp_computed,,1997-01-01,2026-06-01,2026-08-01T00:00:00+00:00,chp_notifiable,"Hong Kong, China CHP Notifiable Diseases",https://www.chp.gov.hk/en/static/24012.html,open_data_csv,chp_notifiable,"Hong Kong, China CHP Notifiable Diseases",https://www.chp.gov.hk/en/static/24012.html,open_data_csv
disease,D196,foodborne-disease-outbreak,Foodborne disease outbreak,HK,"Hong Kong, China",D196,Foodborne disease outbreak,食源性疾病暴发,Bacterial,2013-10-01,2013-10,24,5.6000000000000005,0,0.3303812393013263,wpp_computed,,1997-01-01,2026-06-01,2026-08-01T00:00:00+00:00,chp_notifiable,"Hong Kong, China CHP Notifiable Diseases",https://www.chp.gov.hk/en/static/24012.html,open_data_csv,chp_notifiable,"Hong Kong, China CHP Notifiable Diseases",https://www.chp.gov.hk/en/static/24012.html,open_data_csv
disease,D196,foodborne-disease-outbreak,Foodborne disease outbreak,HK,"Hong Kong, China",D196,Foodborne disease outbreak,食源性疾病暴发,Bacterial,2013-11-01,2013-11,18,4.064516129032258,0,0.2477859294759947,wpp_computed,,1997-01-01,2026-06-01,2026-08-01T00:00:00+00:00,chp_notifiable,"Hong Kong, China CHP Notifiable Diseases",https://www.chp.gov.hk/en/static/24012.html,open_data_csv,chp_notifiable,"Hong Kong, China CHP Notifiable Diseases",https://www.chp.gov.hk/en/static/24012.html,open_data_csv
disease,D196,foodborne-disease-outbreak,Foodborne disease outbreak,HK,"Hong Kong, China",D196,Foodborne disease outbreak,食源性疾病暴发,Bacterial,2013-12-01,2013-12,20,4.666666666666666,0,0.2753176994177719,wpp_computed,,1997-01-01,2026-06-01,2026-08-01T00:00:00+00:00,chp_notifiable,"Hong Kong, China CHP Notifiable Diseases",https://www.chp.gov.hk/en/static/24012.html,open_data_csv,chp_notifiable,"Hong Kong, China CHP Notifiable Diseases",https://www.chp.gov.hk/en/static/24012.html,open_data_csv
disease,D196,foodborne-disease-outbreak,Foodborne disease outbreak,HK,"Hong Kong, China",D196,Foodborne disease outbreak,食源性疾病暴发,Bacterial,2014-01-01,2014-01,38,8.580645161290322,0,0.519161109422699,wpp_computed,,1997-01-01,2026-06-01,2026-08-01T00:00:00+00:00,chp_notifiable,"Hong Kong, China CHP Notifiable Diseases",https://www.chp.gov.hk/en/static/24012.html,open_data_csv,chp_notifiable,"Hong Kong, China CHP Notifiable Diseases",https://www.chp.gov.hk/en/static/24012.html,open_data_csv
disease,D196,foodborne-disease-outbreak,Foodborne disease outbreak,HK,"Hong Kong, China",D196,Foodborne disease outbreak,食源性疾病暴发,Bacterial,2014-02-01,2014-02,10,2.258064516129032,0,0.13662134458492078,wpp_computed,,1997-01-01,2026-06-01,2026-08-01T00:00:00+00:00,chp_notifiable,"Hong Kong, China CHP Notifiable Diseases",https://www.chp.gov.hk/en/static/24012.html,open_data_csv,chp_notifiable,"Hong Kong, China CHP Notifiable Diseases",https://www.chp.gov.hk/en/static/24012.html,open_data_csv
disease,D196,foodborne-disease-outbreak,Foodborne disease outbreak,HK,"Hong Kong, China",D196,Foodborne disease outbreak,食源性疾病暴发,Bacterial,2014-03-01,2014-03,12,3.0,0,0.16394561350190495,wpp_computed,,1997-01-01,2026-06-01,2026-08-01T00:00:00+00:00,chp_notifiable,"Hong Kong, China CHP Notifiable Diseases",https://www.chp.gov.hk/en/static/24012.html,open_data_csv,chp_notifiable,"Hong Kong, China CHP Notifiable Diseases",https://www.chp.gov.hk/en/static/24012.html,open_data_csv
disease,D196,foodborne-disease-outbreak,Foodborne disease outbreak,HK,"Hong Kong, China",D196,Foodborne disease outbreak,食源性疾病暴发,Bacterial,2014-04-01,2014-04,16,3.6129032258064515,0,0.21859415133587326,wpp_computed,,1997-01-01,2026-06-01,2026-08-01T00:00:00+00:00,chp_notifiable,"Hong Kong, China CHP Notifiable Diseases",https://www.chp.gov.hk/en/static/24012.html,open_data_csv,chp_notifiable,"Hong Kong, China CHP Notifiable Diseases",https://www.chp.gov.hk/en/static/24012.html,open_data_csv
disease,D196,foodborne-disease-outbreak,Foodborne disease outbreak,HK,"Hong Kong, China",D196,Foodborne disease outbreak,食源性疾病暴发,Bacterial,2014-05-01,2014-05,18,4.2,0,0.24591842025285743,wpp_computed,,1997-01-01,2026-06-01,2026-08-01T00:00:00+00:00,chp_notifiable,"Hong Kong, China CHP Notifiable Diseases",https://www.chp.gov.hk/en/static/24012.html,open_data_csv,chp_notifiable,"Hong Kong, China CHP Notifiable Diseases",https://www.chp.gov.hk/en/static/24012.html,open_data_csv
disease,D196,foodborne-disease-outbreak,Foodborne disease outbreak,HK,"Hong Kong, China",D196,Foodborne disease outbreak,食源性疾病暴发,Bacterial,2014-06-01,2014-06,14,3.161290322580645,0,0.19126988241888912,wpp_computed,,1997-01-01,2026-06-01,2026-08-01T00:00:00+00:00,chp_notifiable,"Hong Kong, China CHP Notifiable Diseases",https://www.chp.gov.hk/en/static/24012.html,open_data_csv,chp_notifiable,"Hong Kong, China CHP Notifiable Diseases",https://www.chp.gov.hk/en/static/24012.html,open_data_csv
disease,D196,foodborne-disease-outbreak,Foodborne disease outbreak,HK,"Hong Kong, China",D196,Foodborne disease outbreak,食源性疾病暴发,Bacterial,2014-07-01,2014-07,16,3.7333333333333334,0,0.21859415133587326,wpp_computed,,1997-01-01,2026-06-01,2026-08-01T00:00:00+00:00,chp_notifiable,"Hong Kong, China CHP Notifiable Diseases",https://www.chp.gov.hk/en/static/24012.html,open_data_csv,chp_notifiable,"Hong Kong, China CHP Notifiable Diseases",https://www.chp.gov.hk/en/static/24012.html,open_data_csv
disease,D196,foodborne-disease-outbreak,Foodborne disease outbreak,HK,"Hong Kong, China",D196,Foodborne disease outbreak,食源性疾病暴发,Bacterial,2014-08-01,2014-08,23,5.193548387096774,0,0.31422909254531783,wpp_computed,,1997-01-01,2026-06-01,2026-08-01T00:00:00+00:00,chp_notifiable,"Hong Kong, China CHP Notifiable Diseases",https://www.chp.gov.hk/en/static/24012.html,open_data_csv,chp_notifiable,"Hong Kong, China CHP Notifiable Diseases",https://www.chp.gov.hk/en/static/24012.html,open_data_csv
disease,D196,foodborne-disease-outbreak,Foodborne disease outbreak,HK,"Hong Kong, China",D196,Foodborne disease outbreak,食源性疾病暴发,Bacterial,2014-09-01,2014-09,18,4.064516129032258,0,0.24591842025285743,wpp_computed,,1997-01-01,2026-06-01,2026-08-01T00:00:00+00:00,chp_notifiable,"Hong Kong, China CHP Notifiable Diseases",https://www.chp.gov.hk/en/static/24012.html,open_data_csv,chp_notifiable,"Hong Kong, China CHP Notifiable Diseases",https://www.chp.gov.hk/en/static/24012.html,open_data_csv
disease,D196,foodborne-disease-outbreak,Foodborne disease outbreak,HK,"Hong Kong, China",D196,Foodborne disease outbreak,食源性疾病暴发,Bacterial,2014-10-01,2014-10,19,4.433333333333334,0,0.2595805547113495,wpp_computed,,1997-01-01,2026-06-01,2026-08-01T00:00:00+00:00,chp_notifiable,"Hong Kong, China CHP Notifiable Diseases",https://www.chp.gov.hk/en/static/24012.html,open_data_csv,chp_notifiable,"Hong Kong, China CHP Notifiable Diseases",https://www.chp.gov.hk/en/static/24012.html,open_data_csv
disease,D196,foodborne-disease-outbreak,Foodborne disease outbreak,HK,"Hong Kong, China",D196,Foodborne disease outbreak,食源性疾病暴发,Bacterial,2014-11-01,2014-11,9,2.032258064516129,0,0.12295921012642871,wpp_computed,,1997-01-01,2026-06-01,2026-08-01T00:00:00+00:00,chp_notifiable,"Hong Kong, China CHP Notifiable Diseases",https://www.chp.gov.hk/en/static/24012.html,open_data_csv,chp_notifiable,"Hong Kong, China CHP Notifiable Diseases",https://www.chp.gov.hk/en/static/24012.html,open_data_csv
disease,D196,foodborne-disease-outbreak,Foodborne disease outbreak,HK,"Hong Kong, China",D196,Foodborne disease outbreak,食源性疾病暴发,Bacterial,2014-12-01,2014-12,21,4.8999999999999995,0,0.28690482362833364,wpp_computed,,1997-01-01,2026-06-01,2026-08-01T00:00:00+00:00,chp_notifiable,"Hong Kong, China CHP Notifiable Diseases",https://www.chp.gov.hk/en/static/24012.html,open_data_csv,chp_notifiable,"Hong Kong, China CHP Notifiable Diseases",https://www.chp.gov.hk/en/static/24012.html,open_data_csv
disease,D196,foodborne-disease-outbreak,Foodborne disease outbreak,HK,"Hong Kong, China",D196,Foodborne disease outbreak,食源性疾病暴发,Bacterial,2015-01-01,2015-01,24,5.419354838709677,0,0.32580322883217394,wpp_computed,,1997-01-01,2026-06-01,2026-08-01T00:00:00+00:00,chp_notifiable,"Hong Kong, China CHP Notifiable Diseases",https://www.chp.gov.hk/en/static/24012.html,open_data_csv,chp_notifiable,"Hong Kong, China CHP Notifiable Diseases",https://www.chp.gov.hk/en/static/24012.html,open_data_csv
disease,D196,foodborne-disease-outbreak,Foodborne disease outbreak,HK,"Hong Kong, China",D196,Foodborne disease outbreak,食源性疾病暴发,Bacterial,2015-02-01,2015-02,33,7.451612903225806,0,0.4479794396442392,wpp_computed,,1997-01-01,2026-06-01,2026-08-01T00:00:00+00:00,chp_notifiable,"Hong Kong, China CHP Notifiable Diseases",https://www.chp.gov.hk/en/static/24012.html,open_data_csv,chp_notifiable,"Hong Kong, China CHP Notifiable Diseases",https://www.chp.gov.hk/en/static/24012.html,open_data_csv
disease,D196,foodborne-disease-outbreak,Foodborne disease outbreak,HK,"Hong Kong, China",D196,Foodborne disease outbreak,食源性疾病暴发,Bacterial,2015-03-01,2015-03,20,5.0,0,0.27150269069347827,wpp_computed,,1997-01-01,2026-06-01,2026-08-01T00:00:00+00:00,chp_notifiable,"Hong Kong, China CHP Notifiable Diseases",https://www.chp.gov.hk/en/static/24012.html,open_data_csv,chp_notifiable,"Hong Kong, China CHP Notifiable Diseases",https://www.chp.gov.hk/en/static/24012.html,open_data_csv
disease,D196,foodborne-disease-outbreak,Foodborne disease outbreak,HK,"Hong Kong, China",D196,Foodborne disease outbreak,食源性疾病暴发,Bacterial,2015-04-01,2015-04,14,3.161290322580645,0,0.19005188348543478,wpp_computed,,1997-01-01,2026-06-01,2026-08-01T00:00:00+00:00,chp_notifiable,"Hong Kong, China CHP Notifiable Diseases",https://www.chp.gov.hk/en/static/24012.html,open_data_csv,chp_notifiable,"Hong Kong, China CHP Notifiable Diseases",https://www.chp.gov.hk/en/static/24012.html,open_data_csv
disease,D196,foodborne-disease-outbreak,Foodborne disease outbreak,HK,"Hong Kong, China",D196,Foodborne disease outbreak,食源性疾病暴发,Bacterial,2015-05-01,2015-05,21,4.8999999999999995,0,0.28507782522815217,wpp_computed,,1997-01-01,2026-06-01,2026-08-01T00:00:00+00:00,chp_notifiable,"Hong Kong, China CHP Notifiable Diseases",https://www.chp.gov.hk/en/static/24012.html,open_data_csv,chp_notifiable,"Hong Kong, China CHP Notifiable Diseases",https://www.chp.gov.hk/en/static/24012.html,open_data_csv
disease,D196,foodborne-disease-outbreak,Foodborne disease outbreak,HK,"Hong Kong, China",D196,Foodborne disease outbreak,食源性疾病暴发,Bacterial,2015-06-01,2015-06,14,3.161290322580645,0,0.19005188348543478,wpp_computed,,1997-01-01,2026-06-01,2026-08-01T00:00:00+00:00,chp_notifiable,"Hong Kong, China CHP Notifiable Diseases",https://www.chp.gov.hk/en/static/24012.html,open_data_csv,chp_notifiable,"Hong Kong, China CHP Notifiable Diseases",https://www.chp.gov.hk/en/static/24012.html,open_data_csv
disease,D196,foodborne-disease-outbreak,Foodborne disease outbreak,HK,"Hong Kong, China",D196,Foodborne disease outbreak,食源性疾病暴发,Bacterial,2015-07-01,2015-07,29,6.766666666666667,0,0.39367890150554347,wpp_computed,,1997-01-01,2026-06-01,2026-08-01T00:00:00+00:00,chp_notifiable,"Hong Kong, China CHP Notifiable Diseases",https://www.chp.gov.hk/en/static/24012.html,open_data_csv,chp_notifiable,"Hong Kong, China CHP Notifiable Diseases",https://www.chp.gov.hk/en/static/24012.html,open_data_csv
disease,D196,foodborne-disease-outbreak,Foodborne disease outbreak,HK,"Hong Kong, China",D196,Foodborne disease outbreak,食源性疾病暴发,Bacterial,2015-08-01,2015-08,53,11.967741935483872,0,0.7194821303377175,wpp_computed,,1997-01-01,2026-06-01,2026-08-01T00:00:00+00:00,chp_notifiable,"Hong Kong, China CHP Notifiable Diseases",https://www.chp.gov.hk/en/static/24012.html,open_data_csv,chp_notifiable,"Hong Kong, China CHP Notifiable Diseases",https://www.chp.gov.hk/en/static/24012.html,open_data_csv
disease,D196,foodborne-disease-outbreak,Foodborne disease outbreak,HK,"Hong Kong, China",D196,Foodborne disease outbreak,食源性疾病暴发,Bacterial,2015-09-01,2015-09,14,3.161290322580645,0,0.19005188348543478,wpp_computed,,1997-01-01,2026-06-01,2026-08-01T00:00:00+00:00,chp_notifiable,"Hong Kong, China CHP Notifiable Diseases",https://www.chp.gov.hk/en/static/24012.html,open_data_csv,chp_notifiable,"Hong Kong, China CHP Notifiable Diseases",https://www.chp.gov.hk/en/static/24012.html,open_data_csv
disease,D196,foodborne-disease-outbreak,Foodborne disease outbreak,HK,"Hong Kong, China",D196,Foodborne disease outbreak,食源性疾病暴发,Bacterial,2015-10-01,2015-10,18,4.2,0,0.24435242162413046,wpp_computed,,1997-01-01,2026-06-01,2026-08-01T00:00:00+00:00,chp_notifiable,"Hong Kong, China CHP Notifiable Diseases",https://www.chp.gov.hk/en/static/24012.html,open_data_csv,chp_notifiable,"Hong Kong, China CHP Notifiable Diseases",https://www.chp.gov.hk/en/static/24012.html,open_data_csv
disease,D196,foodborne-disease-outbreak,Foodborne disease outbreak,HK,"Hong Kong, China",D196,Foodborne disease outbreak,食源性疾病暴发,Bacterial,2015-11-01,2015-11,5,1.129032258064516,0,0.06787567267336957,wpp_computed,,1997-01-01,2026-06-01,2026-08-01T00:00:00+00:00,chp_notifiable,"Hong Kong, China CHP Notifiable Diseases",https://www.chp.gov.hk/en/static/24012.html,open_data_csv,chp_notifiable,"Hong Kong, China CHP Notifiable Diseases",https://www.chp.gov.hk/en/static/24012.html,open_data_csv
disease,D196,foodborne-disease-outbreak,Foodborne disease outbreak,HK,"Hong Kong, China",D196,Foodborne disease outbreak,食源性疾病暴发,Bacterial,2015-12-01,2015-12,9,2.1,0,0.12217621081206523,wpp_computed,,1997-01-01,2026-06-01,2026-08-01T00:00:00+00:00,chp_notifiable,"Hong Kong, China CHP Notifiable Diseases",https://www.chp.gov.hk/en/static/24012.html,open_data_csv,chp_notifiable,"Hong Kong, China CHP Notifiable Diseases",https://www.chp.gov.hk/en/static/24012.html,open_data_csv
disease,D196,foodborne-disease-outbreak,Foodborne disease outbreak,HK,"Hong Kong, China",D196,Foodborne disease outbreak,食源性疾病暴发,Bacterial,2016-01-01,2016-01,12,2.7096774193548385,0,0.16198683330522187,wpp_computed,,1997-01-01,2026-06-01,2026-08-01T00:00:00+00:00,chp_notifiable,"Hong Kong, China CHP Notifiable Diseases",https://www.chp.gov.hk/en/static/24012.html,open_data_csv,chp_notifiable,"Hong Kong, China CHP Notifiable Diseases",https://www.chp.gov.hk/en/static/24012.html,open_data_csv
disease,D196,foodborne-disease-outbreak,Foodborne disease outbreak,HK,"Hong Kong, China",D196,Foodborne disease outbreak,食源性疾病暴发,Bacterial,2016-02-01,2016-02,22,4.967741935483871,0,0.2969758610595734,wpp_computed,,1997-01-01,2026-06-01,2026-08-01T00:00:00+00:00,chp_notifiable,"Hong Kong, China CHP Notifiable Diseases",https://www.chp.gov.hk/en/static/24012.html,open_data_csv,chp_notifiable,"Hong Kong, China CHP Notifiable Diseases",https://www.chp.gov.hk/en/static/24012.html,open_data_csv
disease,D196,foodborne-disease-outbreak,Foodborne disease outbreak,HK,"Hong Kong, China",D196,Foodborne disease outbreak,食源性疾病暴发,Bacterial,2016-03-01,2016-03,9,2.1724137931034484,0,0.12149012497891641,wpp_computed,,1997-01-01,2026-06-01,2026-08-01T00:00:00+00:00,chp_notifiable,"Hong Kong, China CHP Notifiable Diseases",https://www.chp.gov.hk/en/static/24012.html,open_data_csv,chp_notifiable,"Hong Kong, China CHP Notifiable Diseases",https://www.chp.gov.hk/en/static/24012.html,open_data_csv
disease,D196,foodborne-disease-outbreak,Foodborne disease outbreak,HK,"Hong Kong, China",D196,Foodborne disease outbreak,食源性疾病暴发,Bacterial,2016-04-01,2016-04,30,6.774193548387097,0,0.4049670832630547,wpp_computed,,1997-01-01,2026-06-01,2026-08-01T00:00:00+00:00,chp_notifiable,"Hong Kong, China CHP Notifiable Diseases",https://www.chp.gov.hk/en/static/24012.html,open_data_csv,chp_notifiable,"Hong Kong, China CHP Notifiable Diseases",https://www.chp.gov.hk/en/static/24012.html,open_data_csv
disease,D196,foodborne-disease-outbreak,Foodborne disease outbreak,HK,"Hong Kong, China",D196,Foodborne disease outbreak,食源性疾病暴发,Bacterial,2016-05-01,2016-05,8,1.8666666666666667,0,0.10799122220348126,wpp_computed,,1997-01-01,2026-06-01,2026-08-01T00:00:00+00:00,chp_notifiable,"Hong Kong, China CHP Notifiable Diseases",https://www.chp.gov.hk/en/static/24012.html,open_data_csv,chp_notifiable,"Hong Kong, China CHP Notifiable Diseases",https://www.chp.gov.hk/en/static/24012.html,open_data_csv
disease,D196,foodborne-disease-outbreak,Foodborne disease outbreak,HK,"Hong Kong, China",D196,Foodborne disease outbreak,食源性疾病暴发,Bacterial,2016-06-01,2016-06,28,6.32258064516129,0,0.37796927771218436,wpp_computed,,1997-01-01,2026-06-01,2026-08-01T00:00:00+00:00,chp_notifiable,"Hong Kong, China CHP Notifiable Diseases",https://www.chp.gov.hk/en/static/24012.html,open_data_csv,chp_notifiable,"Hong Kong, China CHP Notifiable Diseases",https://www.chp.gov.hk/en/static/24012.html,open_data_csv
disease,D196,foodborne-disease-outbreak,Foodborne disease outbreak,HK,"Hong Kong, China",D196,Foodborne disease outbreak,食源性疾病暴发,Bacterial,2016-07-01,2016-07,13,3.033333333333333,0,0.175485736080657,wpp_computed,,1997-01-01,2026-06-01,2026-08-01T00:00:00+00:00,chp_notifiable,"Hong Kong, China CHP Notifiable Diseases",https://www.chp.gov.hk/en/static/24012.html,open_data_csv,chp_notifiable,"Hong Kong, China CHP Notifiable Diseases",https://www.chp.gov.hk/en/static/24012.html,open_data_csv
disease,D196,foodborne-disease-outbreak,Foodborne disease outbreak,HK,"Hong Kong, China",D196,Foodborne disease outbreak,食源性疾病暴发,Bacterial,2016-08-01,2016-08,21,4.741935483870967,0,0.28347695828413827,wpp_computed,,1997-01-01,2026-06-01,2026-08-01T00:00:00+00:00,chp_notifiable,"Hong Kong, China CHP Notifiable Diseases",https://www.chp.gov.hk/en/static/24012.html,open_data_csv,chp_notifiable,"Hong Kong, China CHP Notifiable Diseases",https://www.chp.gov.hk/en/static/24012.html,open_data_csv
disease,D196,foodborne-disease-outbreak,Foodborne disease outbreak,HK,"Hong Kong, China",D196,Foodborne disease outbreak,食源性疾病暴发,Bacterial,2016-09-01,2016-09,20,4.516129032258064,0,0.26997805550870313,wpp_computed,,1997-01-01,2026-06-01,2026-08-01T00:00:00+00:00,chp_notifiable,"Hong Kong, China CHP Notifiable Diseases",https://www.chp.gov.hk/en/static/24012.html,open_data_csv,chp_notifiable,"Hong Kong, China CHP Notifiable Diseases",https://www.chp.gov.hk/en/static/24012.html,open_data_csv
disease,D196,foodborne-disease-outbreak,Foodborne disease outbreak,HK,"Hong Kong, China",D196,Foodborne disease outbreak,食源性疾病暴发,Bacterial,2016-10-01,2016-10,9,2.1,0,0.12149012497891641,wpp_computed,,1997-01-01,2026-06-01,2026-08-01T00:00:00+00:00,chp_notifiable,"Hong Kong, China CHP Notifiable Diseases",https://www.chp.gov.hk/en/static/24012.html,open_data_csv,chp_notifiable,"Hong Kong, China CHP Notifiable Diseases",https://www.chp.gov.hk/en/static/24012.html,open_data_csv
disease,D196,foodborne-disease-outbreak,Foodborne disease outbreak,HK,"Hong Kong, China",D196,Foodborne disease outbreak,食源性疾病暴发,Bacterial,2016-11-01,2016-11,18,4.064516129032258,0,0.24298024995783282,wpp_computed,,1997-01-01,2026-06-01,2026-08-01T00:00:00+00:00,chp_notifiable,"Hong Kong, China CHP Notifiable Diseases",https://www.chp.gov.hk/en/static/24012.html,open_data_csv,chp_notifiable,"Hong Kong, China CHP Notifiable Diseases",https://www.chp.gov.hk/en/static/24012.html,open_data_csv
disease,D196,foodborne-disease-outbreak,Foodborne disease outbreak,HK,"Hong Kong, China",D196,Foodborne disease outbreak,食源性疾病暴发,Bacterial,2016-12-01,2016-12,23,5.366666666666667,0,0.3104747638350086,wpp_computed,,1997-01-01,2026-06-01,2026-08-01T00:00:00+00:00,chp_notifiable,"Hong Kong, China CHP Notifiable Diseases",https://www.chp.gov.hk/en/static/24012.html,open_data_csv,chp_notifiable,"Hong Kong, China CHP Notifiable Diseases",https://www.chp.gov.hk/en/static/24012.html,open_data_csv
disease,D196,foodborne-disease-outbreak,Foodborne disease outbreak,HK,"Hong Kong, China",D196,Foodborne disease outbreak,食源性疾病暴发,Bacterial,2017-01-01,2017-01,18,4.064516129032258,0,0.2417765255544691,wpp_computed,,1997-01-01,2026-06-01,2026-08-01T00:00:00+00:00,chp_notifiable,"Hong Kong, China CHP Notifiable Diseases",https://www.chp.gov.hk/en/static/24012.html,open_data_csv,chp_notifiable,"Hong Kong, China CHP Notifiable Diseases",https://www.chp.gov.hk/en/static/24012.html,open_data_csv
disease,D196,foodborne-disease-outbreak,Foodborne disease outbreak,HK,"Hong Kong, China",D196,Foodborne disease outbreak,食源性疾病暴发,Bacterial,2017-02-01,2017-02,3,0.6774193548387096,0,0.040296087592411524,wpp_computed,,1997-01-01,2026-06-01,2026-08-01T00:00:00+00:00,chp_notifiable,"Hong Kong, China CHP Notifiable Diseases",https://www.chp.gov.hk/en/static/24012.html,open_data_csv,chp_notifiable,"Hong Kong, China CHP Notifiable Diseases",https://www.chp.gov.hk/en/static/24012.html,open_data_csv
disease,D196,foodborne-disease-outbreak,Foodborne disease outbreak,HK,"Hong Kong, China",D196,Foodborne disease outbreak,食源性疾病暴发,Bacterial,2017-03-01,2017-03,28,7.0,0,0.3760968175291742,wpp_computed,,1997-01-01,2026-06-01,2026-08-01T00:00:00+00:00,chp_notifiable,"Hong Kong, China CHP Notifiable Diseases",https://www.chp.gov.hk/en/static/24012.html,open_data_csv,chp_notifiable,"Hong Kong, China CHP Notifiable Diseases",https://www.chp.gov.hk/en/static/24012.html,open_data_csv
disease,D196,foodborne-disease-outbreak,Foodborne disease outbreak,HK,"Hong Kong, China",D196,Foodborne disease outbreak,食源性疾病暴发,Bacterial,2017-04-01,2017-04,25,5.64516129032258,0,0.3358007299367627,wpp_computed,,1997-01-01,2026-06-01,2026-08-01T00:00:00+00:00,chp_notifiable,"Hong Kong, China CHP Notifiable Diseases",https://www.chp.gov.hk/en/static/24012.html,open_data_csv,chp_notifiable,"Hong Kong, China CHP Notifiable Diseases",https://www.chp.gov.hk/en/static/24012.html,open_data_csv
disease,D196,foodborne-disease-outbreak,Foodborne disease outbreak,HK,"Hong Kong, China",D196,Foodborne disease outbreak,食源性疾病暴发,Bacterial,2017-05-01,2017-05,14,3.2666666666666666,0,0.1880484087645871,wpp_computed,,1997-01-01,2026-06-01,2026-08-01T00:00:00+00:00,chp_notifiable,"Hong Kong, China CHP Notifiable Diseases",https://www.chp.gov.hk/en/static/24012.html,open_data_csv,chp_notifiable,"Hong Kong, China CHP Notifiable Diseases",https://www.chp.gov.hk/en/static/24012.html,open_data_csv
disease,D196,foodborne-disease-outbreak,Foodborne disease outbreak,HK,"Hong Kong, China",D196,Foodborne disease outbreak,食源性疾病暴发,Bacterial,2017-06-01,2017-06,15,3.3870967741935485,0,0.2014804379620576,wpp_computed,,1997-01-01,2026-06-01,2026-08-01T00:00:00+00:00,chp_notifiable,"Hong Kong, China CHP Notifiable Diseases",https://www.chp.gov.hk/en/static/24012.html,open_data_csv,chp_notifiable,"Hong Kong, China CHP Notifiable Diseases",https://www.chp.gov.hk/en/static/24012.html,open_data_csv
disease,D196,foodborne-disease-outbreak,Foodborne disease outbreak,HK,"Hong Kong, China",D196,Foodborne disease outbreak,食源性疾病暴发,Bacterial,2017-07-01,2017-07,10,2.333333333333333,0,0.13432029197470507,wpp_computed,,1997-01-01,2026-06-01,2026-08-01T00:00:00+00:00,chp_notifiable,"Hong Kong, China CHP Notifiable Diseases",https://www.chp.gov.hk/en/static/24012.html,open_data_csv,chp_notifiable,"Hong Kong, China CHP Notifiable Diseases",https://www.chp.gov.hk/en/static/24012.html,open_data_csv
disease,D196,foodborne-disease-outbreak,Foodborne disease outbreak,HK,"Hong Kong, China",D196,Foodborne disease outbreak,食源性疾病暴发,Bacterial,2017-08-01,2017-08,24,5.419354838709677,0,0.3223687007392922,wpp_computed,,1997-01-01,2026-06-01,2026-08-01T00:00:00+00:00,chp_notifiable,"Hong Kong, China CHP Notifiable Diseases",https://www.chp.gov.hk/en/static/24012.html,open_data_csv,chp_notifiable,"Hong Kong, China CHP Notifiable Diseases",https://www.chp.gov.hk/en/static/24012.html,open_data_csv
disease,D196,foodborne-disease-outbreak,Foodborne disease outbreak,HK,"Hong Kong, China",D196,Foodborne disease outbreak,食源性疾病暴发,Bacterial,2017-09-01,2017-09,17,3.8387096774193545,0,0.2283444963569986,wpp_computed,,1997-01-01,2026-06-01,2026-08-01T00:00:00+00:00,chp_notifiable,"Hong Kong, China CHP Notifiable Diseases",https://www.chp.gov.hk/en/static/24012.html,open_data_csv,chp_notifiable,"Hong Kong, China CHP Notifiable Diseases",https://www.chp.gov.hk/en/static/24012.html,open_data_csv
disease,D196,foodborne-disease-outbreak,Foodborne disease outbreak,HK,"Hong Kong, China",D196,Foodborne disease outbreak,食源性疾病暴发,Bacterial,2017-10-01,2017-10,19,4.433333333333334,0,0.2552085547519396,wpp_computed,,1997-01-01,2026-06-01,2026-08-01T00:00:00+00:00,chp_notifiable,"Hong Kong, China CHP Notifiable Diseases",https://www.chp.gov.hk/en/static/24012.html,open_data_csv,chp_notifiable,"Hong Kong, China CHP Notifiable Diseases",https://www.chp.gov.hk/en/static/24012.html,open_data_csv
disease,D196,foodborne-disease-outbreak,Foodborne disease outbreak,HK,"Hong Kong, China",D196,Foodborne disease outbreak,食源性疾病暴发,Bacterial,2017-11-01,2017-11,26,5.870967741935484,0,0.3492327591342332,wpp_computed,,1997-01-01,2026-06-01,2026-08-01T00:00:00+00:00,chp_notifiable,"Hong Kong, China CHP Notifiable Diseases",https://www.chp.gov.hk/en/static/24012.html,open_data_csv,chp_notifiable,"Hong Kong, China CHP Notifiable Diseases",https://www.chp.gov.hk/en/static/24012.html,open_data_csv
disease,D196,foodborne-disease-outbreak,Foodborne disease outbreak,HK,"Hong Kong, China",D196,Foodborne disease outbreak,食源性疾病暴发,Bacterial,2017-12-01,2017-12,15,3.5,0,0.2014804379620576,wpp_computed,,1997-01-01,2026-06-01,2026-08-01T00:00:00+00:00,chp_notifiable,"Hong Kong, China CHP Notifiable Diseases",https://www.chp.gov.hk/en/static/24012.html,open_data_csv,chp_notifiable,"Hong Kong, China CHP Notifiable Diseases",https://www.chp.gov.hk/en/static/24012.html,open_data_csv
disease,D196,foodborne-disease-outbreak,Foodborne disease outbreak,HK,"Hong Kong, China",D196,Foodborne disease outbreak,食源性疾病暴发,Bacterial,2018-01-01,2018-01,10,2.258064516129032,0,0.13384742344044498,wpp_computed,,1997-01-01,2026-06-01,2026-08-01T00:00:00+00:00,chp_notifiable,"Hong Kong, China CHP Notifiable Diseases",https://www.chp.gov.hk/en/static/24012.html,open_data_csv,chp_notifiable,"Hong Kong, China CHP Notifiable Diseases",https://www.chp.gov.hk/en/static/24012.html,open_data_csv
disease,D196,foodborne-disease-outbreak,Foodborne disease outbreak,HK,"Hong Kong, China",D196,Foodborne disease outbreak,食源性疾病暴发,Bacterial,2018-02-01,2018-02,10,2.258064516129032,0,0.13384742344044498,wpp_computed,,1997-01-01,2026-06-01,2026-08-01T00:00:00+00:00,chp_notifiable,"Hong Kong, China CHP Notifiable Diseases",https://www.chp.gov.hk/en/static/24012.html,open_data_csv,chp_notifiable,"Hong Kong, China CHP Notifiable Diseases",https://www.chp.gov.hk/en/static/24012.html,open_data_csv
disease,D196,foodborne-disease-outbreak,Foodborne disease outbreak,HK,"Hong Kong, China",D196,Foodborne disease outbreak,食源性疾病暴发,Bacterial,2018-03-01,2018-03,24,6.0,0,0.32123381625706793,wpp_computed,,1997-01-01,2026-06-01,2026-08-01T00:00:00+00:00,chp_notifiable,"Hong Kong, China CHP Notifiable Diseases",https://www.chp.gov.hk/en/static/24012.html,open_data_csv,chp_notifiable,"Hong Kong, China CHP Notifiable Diseases",https://www.chp.gov.hk/en/static/24012.html,open_data_csv
disease,D196,foodborne-disease-outbreak,Foodborne disease outbreak,HK,"Hong Kong, China",D196,Foodborne disease outbreak,食源性疾病暴发,Bacterial,2018-04-01,2018-04,9,2.032258064516129,0,0.12046268109640045,wpp_computed,,1997-01-01,2026-06-01,2026-08-01T00:00:00+00:00,chp_notifiable,"Hong Kong, China CHP Notifiable Diseases",https://www.chp.gov.hk/en/static/24012.html,open_data_csv,chp_notifiable,"Hong Kong, China CHP Notifiable Diseases",https://www.chp.gov.hk/en/static/24012.html,open_data_csv
disease,D196,foodborne-disease-outbreak,Foodborne disease outbreak,HK,"Hong Kong, China",D196,Foodborne disease outbreak,食源性疾病暴发,Bacterial,2018-05-01,2018-05,14,3.2666666666666666,0,0.18738639281662295,wpp_computed,,1997-01-01,2026-06-01,2026-08-01T00:00:00+00:00,chp_notifiable,"Hong Kong, China CHP Notifiable Diseases",https://www.chp.gov.hk/en/static/24012.html,open_data_csv,chp_notifiable,"Hong Kong, China CHP Notifiable Diseases",https://www.chp.gov.hk/en/static/24012.html,open_data_csv
disease,D196,foodborne-disease-outbreak,Foodborne disease outbreak,HK,"Hong Kong, China",D196,Foodborne disease outbreak,食源性疾病暴发,Bacterial,2018-06-01,2018-06,22,4.967741935483871,0,0.29446433156897894,wpp_computed,,1997-01-01,2026-06-01,2026-08-01T00:00:00+00:00,chp_notifiable,"Hong Kong, China CHP Notifiable Diseases",https://www.chp.gov.hk/en/static/24012.html,open_data_csv,chp_notifiable,"Hong Kong, China CHP Notifiable Diseases",https://www.chp.gov.hk/en/static/24012.html,open_data_csv
disease,D196,foodborne-disease-outbreak,Foodborne disease outbreak,HK,"Hong Kong, China",D196,Foodborne disease outbreak,食源性疾病暴发,Bacterial,2018-07-01,2018-07,19,4.433333333333334,0,0.25431010453684544,wpp_computed,,1997-01-01,2026-06-01,2026-08-01T00:00:00+00:00,chp_notifiable,"Hong Kong, China CHP Notifiable Diseases",https://www.chp.gov.hk/en/static/24012.html,open_data_csv,chp_notifiable,"Hong Kong, China CHP Notifiable Diseases",https://www.chp.gov.hk/en/static/24012.html,open_data_csv
disease,D196,foodborne-disease-outbreak,Foodborne disease outbreak,HK,"Hong Kong, China",D196,Foodborne disease outbreak,食源性疾病暴发,Bacterial,2018-08-01,2018-08,17,3.8387096774193545,0,0.22754061984875643,wpp_computed,,1997-01-01,2026-06-01,2026-08-01T00:00:00+00:00,chp_notifiable,"Hong Kong, China CHP Notifiable Diseases",https://www.chp.gov.hk/en/static/24012.html,open_data_csv,chp_notifiable,"Hong Kong, China CHP Notifiable Diseases",https://www.chp.gov.hk/en/static/24012.html,open_data_csv
disease,D196,foodborne-disease-outbreak,Foodborne disease outbreak,HK,"Hong Kong, China",D196,Foodborne disease outbreak,食源性疾病暴发,Bacterial,2018-09-01,2018-09,21,4.741935483870967,0,0.2810795892249344,wpp_computed,,1997-01-01,2026-06-01,2026-08-01T00:00:00+00:00,chp_notifiable,"Hong Kong, China CHP Notifiable Diseases",https://www.chp.gov.hk/en/static/24012.html,open_data_csv,chp_notifiable,"Hong Kong, China CHP Notifiable Diseases",https://www.chp.gov.hk/en/static/24012.html,open_data_csv
disease,D196,foodborne-disease-outbreak,Foodborne disease outbreak,HK,"Hong Kong, China",D196,Foodborne disease outbreak,食源性疾病暴发,Bacterial,2018-10-01,2018-10,7,1.6333333333333333,0,0.09369319640831147,wpp_computed,,1997-01-01,2026-06-01,2026-08-01T00:00:00+00:00,chp_notifiable,"Hong Kong, China CHP Notifiable Diseases",https://www.chp.gov.hk/en/static/24012.html,open_data_csv,chp_notifiable,"Hong Kong, China CHP Notifiable Diseases",https://www.chp.gov.hk/en/static/24012.html,open_data_csv
disease,D196,foodborne-disease-outbreak,Foodborne disease outbreak,HK,"Hong Kong, China",D196,Foodborne disease outbreak,食源性疾病暴发,Bacterial,2018-11-01,2018-11,6,1.3548387096774193,0,0.08030845406426698,wpp_computed,,1997-01-01,2026-06-01,2026-08-01T00:00:00+00:00,chp_notifiable,"Hong Kong, China CHP Notifiable Diseases",https://www.chp.gov.hk/en/static/24012.html,open_data_csv,chp_notifiable,"Hong Kong, China CHP Notifiable Diseases",https://www.chp.gov.hk/en/static/24012.html,open_data_csv
disease,D196,foodborne-disease-outbreak,Foodborne disease outbreak,HK,"Hong Kong, China",D196,Foodborne disease outbreak,食源性疾病暴发,Bacterial,2018-12-01,2018-12,14,3.2666666666666666,0,0.18738639281662295,wpp_computed,,1997-01-01,2026-06-01,2026-08-01T00:00:00+00:00,chp_notifiable,"Hong Kong, China CHP Notifiable Diseases",https://www.chp.gov.hk/en/static/24012.html,open_data_csv,chp_notifiable,"Hong Kong, China CHP Notifiable Diseases",https://www.chp.gov.hk/en/static/24012.html,open_data_csv
disease,D196,foodborne-disease-outbreak,Foodborne disease outbreak,HK,"Hong Kong, China",D196,Foodborne disease outbreak,食源性疾病暴发,Bacterial,2019-01-01,2019-01,7,1.5806451612903225,0,0.09351021726030292,wpp_computed,,1997-01-01,2026-06-01,2026-08-01T00:00:00+00:00,chp_notifiable,"Hong Kong, China CHP Notifiable Diseases",https://www.chp.gov.hk/en/static/24012.html,open_data_csv,chp_notifiable,"Hong Kong, China CHP Notifiable Diseases",https://www.chp.gov.hk/en/static/24012.html,open_data_csv
disease,D196,foodborne-disease-outbreak,Foodborne disease outbreak,HK,"Hong Kong, China",D196,Foodborne disease outbreak,食源性疾病暴发,Bacterial,2019-02-01,2019-02,24,5.419354838709677,0,0.3206064591781814,wpp_computed,,1997-01-01,2026-06-01,2026-08-01T00:00:00+00:00,chp_notifiable,"Hong Kong, China CHP Notifiable Diseases",https://www.chp.gov.hk/en/static/24012.html,open_data_csv,chp_notifiable,"Hong Kong, China CHP Notifiable Diseases",https://www.chp.gov.hk/en/static/24012.html,open_data_csv
disease,D196,foodborne-disease-outbreak,Foodborne disease outbreak,HK,"Hong Kong, China",D196,Foodborne disease outbreak,食源性疾病暴发,Bacterial,2019-03-01,2019-03,21,5.25,0,0.2805306517809088,wpp_computed,,1997-01-01,2026-06-01,2026-08-01T00:00:00+00:00,chp_notifiable,"Hong Kong, China CHP Notifiable Diseases",https://www.chp.gov.hk/en/static/24012.html,open_data_csv,chp_notifiable,"Hong Kong, China CHP Notifiable Diseases",https://www.chp.gov.hk/en/static/24012.html,open_data_csv
disease,D196,foodborne-disease-outbreak,Foodborne disease outbreak,HK,"Hong Kong, China",D196,Foodborne disease outbreak,食源性疾病暴发,Bacterial,2019-04-01,2019-04,17,3.8387096774193545,0,0.22709624191787856,wpp_computed,,1997-01-01,2026-06-01,2026-08-01T00:00:00+00:00,chp_notifiable,"Hong Kong, China CHP Notifiable Diseases",https://www.chp.gov.hk/en/static/24012.html,open_data_csv,chp_notifiable,"Hong Kong, China CHP Notifiable Diseases",https://www.chp.gov.hk/en/static/24012.html,open_data_csv
disease,D196,foodborne-disease-outbreak,Foodborne disease outbreak,HK,"Hong Kong, China",D196,Foodborne disease outbreak,食源性疾病暴发,Bacterial,2019-05-01,2019-05,24,5.6000000000000005,0,0.3206064591781814,wpp_computed,,1997-01-01,2026-06-01,2026-08-01T00:00:00+00:00,chp_notifiable,"Hong Kong, China CHP Notifiable Diseases",https://www.chp.gov.hk/en/static/24012.html,open_data_csv,chp_notifiable,"Hong Kong, China CHP Notifiable Diseases",https://www.chp.gov.hk/en/static/24012.html,open_data_csv
disease,D196,foodborne-disease-outbreak,Foodborne disease outbreak,HK,"Hong Kong, China",D196,Foodborne disease outbreak,食源性疾病暴发,Bacterial,2019-06-01,2019-06,35,7.903225806451614,0,0.46755108630151465,wpp_computed,,1997-01-01,2026-06-01,2026-08-01T00:00:00+00:00,chp_notifiable,"Hong Kong, China CHP Notifiable Diseases",https://www.chp.gov.hk/en/static/24012.html,open_data_csv,chp_notifiable,"Hong Kong, China CHP Notifiable Diseases",https://www.chp.gov.hk/en/static/24012.html,open_data_csv
disease,D196,foodborne-disease-outbreak,Foodborne disease outbreak,HK,"Hong Kong, China",D196,Foodborne disease outbreak,食源性疾病暴发,Bacterial,2019-07-01,2019-07,20,4.666666666666666,0,0.2671720493151512,wpp_computed,,1997-01-01,2026-06-01,2026-08-01T00:00:00+00:00,chp_notifiable,"Hong Kong, China CHP Notifiable Diseases",https://www.chp.gov.hk/en/static/24012.html,open_data_csv,chp_notifiable,"Hong Kong, China CHP Notifiable Diseases",https://www.chp.gov.hk/en/static/24012.html,open_data_csv
disease,D196,foodborne-disease-outbreak,Foodborne disease outbreak,HK,"Hong Kong, China",D196,Foodborne disease outbreak,食源性疾病暴发,Bacterial,2019-08-01,2019-08,11,2.4838709677419355,0,0.14694462712333317,wpp_computed,,1997-01-01,2026-06-01,2026-08-01T00:00:00+00:00,chp_notifiable,"Hong Kong, China CHP Notifiable Diseases",https://www.chp.gov.hk/en/static/24012.html,open_data_csv,chp_notifiable,"Hong Kong, China CHP Notifiable Diseases",https://www.chp.gov.hk/en/static/24012.html,open_data_csv
disease,D196,foodborne-disease-outbreak,Foodborne disease outbreak,HK,"Hong Kong, China",D196,Foodborne disease outbreak,食源性疾病暴发,Bacterial,2019-09-01,2019-09,21,4.741935483870967,0,0.2805306517809088,wpp_computed,,1997-01-01,2026-06-01,2026-08-01T00:00:00+00:00,chp_notifiable,"Hong Kong, China CHP Notifiable Diseases",https://www.chp.gov.hk/en/static/24012.html,open_data_csv,chp_notifiable,"Hong Kong, China CHP Notifiable Diseases",https://www.chp.gov.hk/en/static/24012.html,open_data_csv
disease,D196,foodborne-disease-outbreak,Foodborne disease outbreak,HK,"Hong Kong, China",D196,Foodborne disease outbreak,食源性疾病暴发,Bacterial,2019-10-01,2019-10,17,3.966666666666667,0,0.22709624191787856,wpp_computed,,1997-01-01,2026-06-01,2026-08-01T00:00:00+00:00,chp_notifiable,"Hong Kong, China CHP Notifiable Diseases",https://www.chp.gov.hk/en/static/24012.html,open_data_csv,chp_notifiable,"Hong Kong, China CHP Notifiable Diseases",https://www.chp.gov.hk/en/static/24012.html,open_data_csv
disease,D196,foodborne-disease-outbreak,Foodborne disease outbreak,HK,"Hong Kong, China",D196,Foodborne disease outbreak,食源性疾病暴发,Bacterial,2019-11-01,2019-11,5,1.129032258064516,0,0.0667930123287878,wpp_computed,,1997-01-01,2026-06-01,2026-08-01T00:00:00+00:00,chp_notifiable,"Hong Kong, China CHP Notifiable Diseases",https://www.chp.gov.hk/en/static/24012.html,open_data_csv,chp_notifiable,"Hong Kong, China CHP Notifiable Diseases",https://www.chp.gov.hk/en/static/24012.html,open_data_csv
disease,D196,foodborne-disease-outbreak,Foodborne disease outbreak,HK,"Hong Kong, China",D196,Foodborne disease outbreak,食源性疾病暴发,Bacterial,2019-12-01,2019-12,10,2.333333333333333,0,0.1335860246575756,wpp_computed,,1997-01-01,2026-06-01,2026-08-01T00:00:00+00:00,chp_notifiable,"Hong Kong, China CHP Notifiable Diseases",https://www.chp.gov.hk/en/static/24012.html,open_data_csv,chp_notifiable,"Hong Kong, China CHP Notifiable Diseases",https://www.chp.gov.hk/en/static/24012.html,open_data_csv
disease,D196,foodborne-disease-outbreak,Foodborne disease outbreak,HK,"Hong Kong, China",D196,Foodborne disease outbreak,食源性疾病暴发,Bacterial,2020-01-01,2020-01,20,4.516129032258064,0,0.26701430148624833,wpp_computed,,1997-01-01,2026-06-01,2026-08-01T00:00:00+00:00,chp_notifiable,"Hong Kong, China CHP Notifiable Diseases",https://www.chp.gov.hk/en/static/24012.html,open_data_csv,chp_notifiable,"Hong Kong, China CHP Notifiable Diseases",https://www.chp.gov.hk/en/static/24012.html,open_data_csv
disease,D196,foodborne-disease-outbreak,Foodborne disease outbreak,HK,"Hong Kong, China",D196,Foodborne disease outbreak,食源性疾病暴发,Bacterial,2020-02-01,2020-02,5,1.129032258064516,0,0.06675357537156208,wpp_computed,,1997-01-01,2026-06-01,2026-08-01T00:00:00+00:00,chp_notifiable,"Hong Kong, China CHP Notifiable Diseases",https://www.chp.gov.hk/en/static/24012.html,open_data_csv,chp_notifiable,"Hong Kong, China CHP Notifiable Diseases",https://www.chp.gov.hk/en/static/24012.html,open_data_csv
disease,D196,foodborne-disease-outbreak,Foodborne disease outbreak,HK,"Hong Kong, China",D196,Foodborne disease outbreak,食源性疾病暴发,Bacterial,2020-03-01,2020-03,4,0.9655172413793103,0,0.05340286029724966,wpp_computed,,1997-01-01,2026-06-01,2026-08-01T00:00:00+00:00,chp_notifiable,"Hong Kong, China CHP Notifiable Diseases",https://www.chp.gov.hk/en/static/24012.html,open_data_csv,chp_notifiable,"Hong Kong, China CHP Notifiable Diseases",https://www.chp.gov.hk/en/static/24012.html,open_data_csv
disease,D196,foodborne-disease-outbreak,Foodborne disease outbreak,HK,"Hong Kong, China",D196,Foodborne disease outbreak,食源性疾病暴发,Bacterial,2020-04-01,2020-04,6,1.3548387096774193,0,0.0801042904458745,wpp_computed,,1997-01-01,2026-06-01,2026-08-01T00:00:00+00:00,chp_notifiable,"Hong Kong, China CHP Notifiable Diseases",https://www.chp.gov.hk/en/static/24012.html,open_data_csv,chp_notifiable,"Hong Kong, China CHP Notifiable Diseases",https://www.chp.gov.hk/en/static/24012.html,open_data_csv
disease,D196,foodborne-disease-outbreak,Foodborne disease outbreak,HK,"Hong Kong, China",D196,Foodborne disease outbreak,食源性疾病暴发,Bacterial,2020-05-01,2020-05,106,24.733333333333334,0,1.4151757978771162,wpp_computed,,1997-01-01,2026-06-01,2026-08-01T00:00:00+00:00,chp_notifiable,"Hong Kong, China CHP Notifiable Diseases",https://www.chp.gov.hk/en/static/24012.html,open_data_csv,chp_notifiable,"Hong Kong, China CHP Notifiable Diseases",https://www.chp.gov.hk/en/static/24012.html,open_data_csv
disease,D196,foodborne-disease-outbreak,Foodborne disease outbreak,HK,"Hong Kong, China",D196,Foodborne disease outbreak,食源性疾病暴发,Bacterial,2020-06-01,2020-06,30,6.774193548387097,0,0.40052145222937247,wpp_computed,,1997-01-01,2026-06-01,2026-08-01T00:00:00+00:00,chp_notifiable,"Hong Kong, China CHP Notifiable Diseases",https://www.chp.gov.hk/en/static/24012.html,open_data_csv,chp_notifiable,"Hong Kong, China CHP Notifiable Diseases",https://www.chp.gov.hk/en/static/24012.html,open_data_csv
disease,D196,foodborne-disease-outbreak,Foodborne disease outbreak,HK,"Hong Kong, China",D196,Foodborne disease outbreak,食源性疾病暴发,Bacterial,2020-07-01,2020-07,13,3.033333333333333,0,0.1735592959660614,wpp_computed,,1997-01-01,2026-06-01,2026-08-01T00:00:00+00:00,chp_notifiable,"Hong Kong, China CHP Notifiable Diseases",https://www.chp.gov.hk/en/static/24012.html,open_data_csv,chp_notifiable,"Hong Kong, China CHP Notifiable Diseases",https://www.chp.gov.hk/en/static/24012.html,open_data_csv
disease,D196,foodborne-disease-outbreak,Foodborne disease outbreak,HK,"Hong Kong, China",D196,Foodborne disease outbreak,食源性疾病暴发,Bacterial,2020-08-01,2020-08,3,0.6774193548387096,0,0.04005214522293725,wpp_computed,,1997-01-01,2026-06-01,2026-08-01T00:00:00+00:00,chp_notifiable,"Hong Kong, China CHP Notifiable Diseases",https://www.chp.gov.hk/en/static/24012.html,open_data_csv,chp_notifiable,"Hong Kong, China CHP Notifiable Diseases",https://www.chp.gov.hk/en/static/24012.html,open_data_csv
disease,D196,foodborne-disease-outbreak,Foodborne disease outbreak,HK,"Hong Kong, China",D196,Foodborne disease outbreak,食源性疾病暴发,Bacterial,2020-09-01,2020-09,25,5.64516129032258,0,0.3337678768578104,wpp_computed,,1997-01-01,2026-06-01,2026-08-01T00:00:00+00:00,chp_notifiable,"Hong Kong, China CHP Notifiable Diseases",https://www.chp.gov.hk/en/static/24012.html,open_data_csv,chp_notifiable,"Hong Kong, China CHP Notifiable Diseases",https://www.chp.gov.hk/en/static/24012.html,open_data_csv
disease,D196,foodborne-disease-outbreak,Foodborne disease outbreak,HK,"Hong Kong, China",D196,Foodborne disease outbreak,食源性疾病暴发,Bacterial,2020-10-01,2020-10,10,2.333333333333333,0,0.13350715074312416,wpp_computed,,1997-01-01,2026-06-01,2026-08-01T00:00:00+00:00,chp_notifiable,"Hong Kong, China CHP Notifiable Diseases",https://www.chp.gov.hk/en/static/24012.html,open_data_csv,chp_notifiable,"Hong Kong, China CHP Notifiable Diseases",https://www.chp.gov.hk/en/static/24012.html,open_data_csv
disease,D196,foodborne-disease-outbreak,Foodborne disease outbreak,HK,"Hong Kong, China",D196,Foodborne disease outbreak,食源性疾病暴发,Bacterial,2020-11-01,2020-11,10,2.258064516129032,0,0.13350715074312416,wpp_computed,,1997-01-01,2026-06-01,2026-08-01T00:00:00+00:00,chp_notifiable,"Hong Kong, China CHP Notifiable Diseases",https://www.chp.gov.hk/en/static/24012.html,open_data_csv,chp_notifiable,"Hong Kong, China CHP Notifiable Diseases",https://www.chp.gov.hk/en/static/24012.html,open_data_csv
disease,D196,foodborne-disease-outbreak,Foodborne disease outbreak,HK,"Hong Kong, China",D196,Foodborne disease outbreak,食源性疾病暴发,Bacterial,2020-12-01,2020-12,10,2.333333333333333,0,0.13350715074312416,wpp_computed,,1997-01-01,2026-06-01,2026-08-01T00:00:00+00:00,chp_notifiable,"Hong Kong, China CHP Notifiable Diseases",https://www.chp.gov.hk/en/static/24012.html,open_data_csv,chp_notifiable,"Hong Kong, China CHP Notifiable Diseases",https://www.chp.gov.hk/en/static/24012.html,open_data_csv
disease,D196,foodborne-disease-outbreak,Foodborne disease outbreak,HK,"Hong Kong, China",D196,Foodborne disease outbreak,食源性疾病暴发,Bacterial,2021-01-01,2021-01,6,1.3548387096774193,0,0.08016458858898501,wpp_computed,,1997-01-01,2026-06-01,2026-08-01T00:00:00+00:00,chp_notifiable,"Hong Kong, China CHP Notifiable Diseases",https://www.chp.gov.hk/en/static/24012.html,open_data_csv,chp_notifiable,"Hong Kong, China CHP Notifiable Diseases",https://www.chp.gov.hk/en/static/24012.html,open_data_csv
disease,D196,foodborne-disease-outbreak,Foodborne disease outbreak,HK,"Hong Kong, China",D196,Foodborne disease outbreak,食源性疾病暴发,Bacterial,2021-02-01,2021-02,8,1.8064516129032258,0,0.10688611811864666,wpp_computed,,1997-01-01,2026-06-01,2026-08-01T00:00:00+00:00,chp_notifiable,"Hong Kong, China CHP Notifiable Diseases",https://www.chp.gov.hk/en/static/24012.html,open_data_csv,chp_notifiable,"Hong Kong, China CHP Notifiable Diseases",https://www.chp.gov.hk/en/static/24012.html,open_data_csv
disease,D196,foodborne-disease-outbreak,Foodborne disease outbreak,HK,"Hong Kong, China",D196,Foodborne disease outbreak,食源性疾病暴发,Bacterial,2021-03-01,2021-03,26,6.5,0,0.34737988388560165,wpp_computed,,1997-01-01,2026-06-01,2026-08-01T00:00:00+00:00,chp_notifiable,"Hong Kong, China CHP Notifiable Diseases",https://www.chp.gov.hk/en/static/24012.html,open_data_csv,chp_notifiable,"Hong Kong, China CHP Notifiable Diseases",https://www.chp.gov.hk/en/static/24012.html,open_data_csv
disease,D196,foodborne-disease-outbreak,Foodborne disease outbreak,HK,"Hong Kong, China",D196,Foodborne disease outbreak,食源性疾病暴发,Bacterial,2021-04-01,2021-04,7,1.5806451612903225,0,0.09352535335381583,wpp_computed,,1997-01-01,2026-06-01,2026-08-01T00:00:00+00:00,chp_notifiable,"Hong Kong, China CHP Notifiable Diseases",https://www.chp.gov.hk/en/static/24012.html,open_data_csv,chp_notifiable,"Hong Kong, China CHP Notifiable Diseases",https://www.chp.gov.hk/en/static/24012.html,open_data_csv
disease,D196,foodborne-disease-outbreak,Foodborne disease outbreak,HK,"Hong Kong, China",D196,Foodborne disease outbreak,食源性疾病暴发,Bacterial,2021-05-01,2021-05,7,1.6333333333333333,0,0.09352535335381583,wpp_computed,,1997-01-01,2026-06-01,2026-08-01T00:00:00+00:00,chp_notifiable,"Hong Kong, China CHP Notifiable Diseases",https://www.chp.gov.hk/en/static/24012.html,open_data_csv,chp_notifiable,"Hong Kong, China CHP Notifiable Diseases",https://www.chp.gov.hk/en/static/24012.html,open_data_csv
disease,D196,foodborne-disease-outbreak,Foodborne disease outbreak,HK,"Hong Kong, China",D196,Foodborne disease outbreak,食源性疾病暴发,Bacterial,2021-06-01,2021-06,18,4.064516129032258,0,0.240493765766955,wpp_computed,,1997-01-01,2026-06-01,2026-08-01T00:00:00+00:00,chp_notifiable,"Hong Kong, China CHP Notifiable Diseases",https://www.chp.gov.hk/en/static/24012.html,open_data_csv,chp_notifiable,"Hong Kong, China CHP Notifiable Diseases",https://www.chp.gov.hk/en/static/24012.html,open_data_csv
disease,D196,foodborne-disease-outbreak,Foodborne disease outbreak,HK,"Hong Kong, China",D196,Foodborne disease outbreak,食源性疾病暴发,Bacterial,2021-07-01,2021-07,27,6.3,0,0.3607406486504325,wpp_computed,,1997-01-01,2026-06-01,2026-08-01T00:00:00+00:00,chp_notifiable,"Hong Kong, China CHP Notifiable Diseases",https://www.chp.gov.hk/en/static/24012.html,open_data_csv,chp_notifiable,"Hong Kong, China CHP Notifiable Diseases",https://www.chp.gov.hk/en/static/24012.html,open_data_csv
disease,D196,foodborne-disease-outbreak,Foodborne disease outbreak,HK,"Hong Kong, China",D196,Foodborne disease outbreak,食源性疾病暴发,Bacterial,2021-08-01,2021-08,10,2.258064516129032,0,0.13360764764830832,wpp_computed,,1997-01-01,2026-06-01,2026-08-01T00:00:00+00:00,chp_notifiable,"Hong Kong, China CHP Notifiable Diseases",https://www.chp.gov.hk/en/static/24012.html,open_data_csv,chp_notifiable,"Hong Kong, China CHP Notifiable Diseases",https://www.chp.gov.hk/en/static/24012.html,open_data_csv
disease,D196,foodborne-disease-outbreak,Foodborne disease outbreak,HK,"Hong Kong, China",D196,Foodborne disease outbreak,食源性疾病暴发,Bacterial,2021-09-01,2021-09,19,4.290322580645161,0,0.2538545305317858,wpp_computed,,1997-01-01,2026-06-01,2026-08-01T00:00:00+00:00,chp_notifiable,"Hong Kong, China CHP Notifiable Diseases",https://www.chp.gov.hk/en/static/24012.html,open_data_csv,chp_notifiable,"Hong Kong, China CHP Notifiable Diseases",https://www.chp.gov.hk/en/static/24012.html,open_data_csv
disease,D196,foodborne-disease-outbreak,Foodborne disease outbreak,HK,"Hong Kong, China",D196,Foodborne disease outbreak,食源性疾病暴发,Bacterial,2021-10-01,2021-10,47,10.966666666666667,0,0.6279559439470491,wpp_computed,,1997-01-01,2026-06-01,2026-08-01T00:00:00+00:00,chp_notifiable,"Hong Kong, China CHP Notifiable Diseases",https://www.chp.gov.hk/en/static/24012.html,open_data_csv,chp_notifiable,"Hong Kong, China CHP Notifiable Diseases",https://www.chp.gov.hk/en/static/24012.html,open_data_csv
disease,D196,foodborne-disease-outbreak,Foodborne disease outbreak,HK,"Hong Kong, China",D196,Foodborne disease outbreak,食源性疾病暴发,Bacterial,2021-11-01,2021-11,22,4.967741935483871,0,0.2939368248262783,wpp_computed,,1997-01-01,2026-06-01,2026-08-01T00:00:00+00:00,chp_notifiable,"Hong Kong, China CHP Notifiable Diseases",https://www.chp.gov.hk/en/static/24012.html,open_data_csv,chp_notifiable,"Hong Kong, China CHP Notifiable Diseases",https://www.chp.gov.hk/en/static/24012.html,open_data_csv
disease,D196,foodborne-disease-outbreak,Foodborne disease outbreak,HK,"Hong Kong, China",D196,Foodborne disease outbreak,食源性疾病暴发,Bacterial,2021-12-01,2021-12,8,1.8666666666666667,0,0.10688611811864666,wpp_computed,,1997-01-01,2026-06-01,2026-08-01T00:00:00+00:00,chp_notifiable,"Hong Kong, China CHP Notifiable Diseases",https://www.chp.gov.hk/en/static/24012.html,open_data_csv,chp_notifiable,"Hong Kong, China CHP Notifiable Diseases",https://www.chp.gov.hk/en/static/24012.html,open_data_csv
disease,D196,foodborne-disease-outbreak,Foodborne disease outbreak,HK,"Hong Kong, China",D196,Foodborne disease outbreak,食源性疾病暴发,Bacterial,2022-01-01,2022-01,5,1.129032258064516,0,0.0669710276637224,wpp_computed,,1997-01-01,2026-06-01,2026-08-01T00:00:00+00:00,chp_notifiable,"Hong Kong, China CHP Notifiable Diseases",https://www.chp.gov.hk/en/static/24012.html,open_data_csv,chp_notifiable,"Hong Kong, China CHP Notifiable Diseases",https://www.chp.gov.hk/en/static/24012.html,open_data_csv
disease,D196,foodborne-disease-outbreak,Foodborne disease outbreak,HK,"Hong Kong, China",D196,Foodborne disease outbreak,食源性疾病暴发,Bacterial,2022-02-01,2022-02,2,0.45161290322580644,0,0.02678841106548896,wpp_computed,,1997-01-01,2026-06-01,2026-08-01T00:00:00+00:00,chp_notifiable,"Hong Kong, China CHP Notifiable Diseases",https://www.chp.gov.hk/en/static/24012.html,open_data_csv,chp_notifiable,"Hong Kong, China CHP Notifiable Diseases",https://www.chp.gov.hk/en/static/24012.html,open_data_csv
disease,D196,foodborne-disease-outbreak,Foodborne disease outbreak,HK,"Hong Kong, China",D196,Foodborne disease outbreak,食源性疾病暴发,Bacterial,2022-03-01,2022-03,0,0.0,0,0.0,wpp_computed,,1997-01-01,2026-06-01,2026-08-01T00:00:00+00:00,chp_notifiable,"Hong Kong, China CHP Notifiable Diseases",https://www.chp.gov.hk/en/static/24012.html,open_data_csv,chp_notifiable,"Hong Kong, China CHP Notifiable Diseases",https://www.chp.gov.hk/en/static/24012.html,open_data_csv
disease,D196,foodborne-disease-outbreak,Foodborne disease outbreak,HK,"Hong Kong, China",D196,Foodborne disease outbreak,食源性疾病暴发,Bacterial,2022-04-01,2022-04,3,0.6774193548387096,0,0.04018261659823344,wpp_computed,,1997-01-01,2026-06-01,2026-08-01T00:00:00+00:00,chp_notifiable,"Hong Kong, China CHP Notifiable Diseases",https://www.chp.gov.hk/en/static/24012.html,open_data_csv,chp_notifiable,"Hong Kong, China CHP Notifiable Diseases",https://www.chp.gov.hk/en/static/24012.html,open_data_csv
disease,D196,foodborne-disease-outbreak,Foodborne disease outbreak,HK,"Hong Kong, China",D196,Foodborne disease outbreak,食源性疾病暴发,Bacterial,2022-05-01,2022-05,14,3.2666666666666666,0,0.18751887745842272,wpp_computed,,1997-01-01,2026-06-01,2026-08-01T00:00:00+00:00,chp_notifiable,"Hong Kong, China CHP Notifiable Diseases",https://www.chp.gov.hk/en/static/24012.html,open_data_csv,chp_notifiable,"Hong Kong, China CHP Notifiable Diseases",https://www.chp.gov.hk/en/static/24012.html,open_data_csv
disease,D196,foodborne-disease-outbreak,Foodborne disease outbreak,HK,"Hong Kong, China",D196,Foodborne disease outbreak,食源性疾病暴发,Bacterial,2022-06-01,2022-06,11,2.4838709677419355,0,0.14733626086018928,wpp_computed,,1997-01-01,2026-06-01,2026-08-01T00:00:00+00:00,chp_notifiable,"Hong Kong, China CHP Notifiable Diseases",https://www.chp.gov.hk/en/static/24012.html,open_data_csv,chp_notifiable,"Hong Kong, China CHP Notifiable Diseases",https://www.chp.gov.hk/en/static/24012.html,open_data_csv
disease,D196,foodborne-disease-outbreak,Foodborne disease outbreak,HK,"Hong Kong, China",D196,Foodborne disease outbreak,食源性疾病暴发,Bacterial,2022-07-01,2022-07,17,3.966666666666667,0,0.22770149405665616,wpp_computed,,1997-01-01,2026-06-01,2026-08-01T00:00:00+00:00,chp_notifiable,"Hong Kong, China CHP Notifiable Diseases",https://www.chp.gov.hk/en/static/24012.html,open_data_csv,chp_notifiable,"Hong Kong, China CHP Notifiable Diseases",https://www.chp.gov.hk/en/static/24012.html,open_data_csv
disease,D196,foodborne-disease-outbreak,Foodborne disease outbreak,HK,"Hong Kong, China",D196,Foodborne disease outbreak,食源性疾病暴发,Bacterial,2022-08-01,2022-08,15,3.3870967741935485,0,0.2009130829911672,wpp_computed,,1997-01-01,2026-06-01,2026-08-01T00:00:00+00:00,chp_notifiable,"Hong Kong, China CHP Notifiable Diseases",https://www.chp.gov.hk/en/static/24012.html,open_data_csv,chp_notifiable,"Hong Kong, China CHP Notifiable Diseases",https://www.chp.gov.hk/en/static/24012.html,open_data_csv
disease,D196,foodborne-disease-outbreak,Foodborne disease outbreak,HK,"Hong Kong, China",D196,Foodborne disease outbreak,食源性疾病暴发,Bacterial,2022-09-01,2022-09,13,2.935483870967742,0,0.17412467192567824,wpp_computed,,1997-01-01,2026-06-01,2026-08-01T00:00:00+00:00,chp_notifiable,"Hong Kong, China CHP Notifiable Diseases",https://www.chp.gov.hk/en/static/24012.html,open_data_csv,chp_notifiable,"Hong Kong, China CHP Notifiable Diseases",https://www.chp.gov.hk/en/static/24012.html,open_data_csv
disease,D196,foodborne-disease-outbreak,Foodborne disease outbreak,HK,"Hong Kong, China",D196,Foodborne disease outbreak,食源性疾病暴发,Bacterial,2022-10-01,2022-10,17,3.966666666666667,0,0.22770149405665616,wpp_computed,,1997-01-01,2026-06-01,2026-08-01T00:00:00+00:00,chp_notifiable,"Hong Kong, China CHP Notifiable Diseases",https://www.chp.gov.hk/en/static/24012.html,open_data_csv,chp_notifiable,"Hong Kong, China CHP Notifiable Diseases",https://www.chp.gov.hk/en/static/24012.html,open_data_csv
disease,D196,foodborne-disease-outbreak,Foodborne disease outbreak,HK,"Hong Kong, China",D196,Foodborne disease outbreak,食源性疾病暴发,Bacterial,2022-11-01,2022-11,14,3.161290322580645,0,0.18751887745842272,wpp_computed,,1997-01-01,2026-06-01,2026-08-01T00:00:00+00:00,chp_notifiable,"Hong Kong, China CHP Notifiable Diseases",https://www.chp.gov.hk/en/static/24012.html,open_data_csv,chp_notifiable,"Hong Kong, China CHP Notifiable Diseases",https://www.chp.gov.hk/en/static/24012.html,open_data_csv
disease,D196,foodborne-disease-outbreak,Foodborne disease outbreak,HK,"Hong Kong, China",D196,Foodborne disease outbreak,食源性疾病暴发,Bacterial,2022-12-01,2022-12,22,5.133333333333333,0,0.29467252172037856,wpp_computed,,1997-01-01,2026-06-01,2026-08-01T00:00:00+00:00,chp_notifiable,"Hong Kong, China CHP Notifiable Diseases",https://www.chp.gov.hk/en/static/24012.html,open_data_csv,chp_notifiable,"Hong Kong, China CHP Notifiable Diseases",https://www.chp.gov.hk/en/static/24012.html,open_data_csv
disease,D196,foodborne-disease-outbreak,Foodborne disease outbreak,HK,"Hong Kong, China",D196,Foodborne disease outbreak,食源性疾病暴发,Bacterial,2023-01-01,2023-01,40,9.032258064516128,0,0.5374368788783208,wpp_computed,,1997-01-01,2026-06-01,2026-08-01T00:00:00+00:00,chp_notifiable,"Hong Kong, China CHP Notifiable Diseases",https://www.chp.gov.hk/en/static/24012.html,open_data_csv,chp_notifiable,"Hong Kong, China CHP Notifiable Diseases",https://www.chp.gov.hk/en/static/24012.html,open_data_csv
disease,D196,foodborne-disease-outbreak,Foodborne disease outbreak,HK,"Hong Kong, China",D196,Foodborne disease outbreak,食源性疾病暴发,Bacterial,2023-02-01,2023-02,47,10.612903225806452,0,0.631488332682027,wpp_computed,,1997-01-01,2026-06-01,2026-08-01T00:00:00+00:00,chp_notifiable,"Hong Kong, China CHP Notifiable Diseases",https://www.chp.gov.hk/en/static/24012.html,open_data_csv,chp_notifiable,"Hong Kong, China CHP Notifiable Diseases",https://www.chp.gov.hk/en/static/24012.html,open_data_csv
disease,D196,foodborne-disease-outbreak,Foodborne disease outbreak,HK,"Hong Kong, China",D196,Foodborne disease outbreak,食源性疾病暴发,Bacterial,2023-03-01,2023-03,21,5.25,0,0.28215436141111844,wpp_computed,,1997-01-01,2026-06-01,2026-08-01T00:00:00+00:00,chp_notifiable,"Hong Kong, China CHP Notifiable Diseases",https://www.chp.gov.hk/en/static/24012.html,open_data_csv,chp_notifiable,"Hong Kong, China CHP Notifiable Diseases",https://www.chp.gov.hk/en/static/24012.html,open_data_csv
disease,D196,foodborne-disease-outbreak,Foodborne disease outbreak,HK,"Hong Kong, China",D196,Foodborne disease outbreak,食源性疾病暴发,Bacterial,2023-04-01,2023-04,9,2.032258064516129,0,0.12092329774762219,wpp_computed,,1997-01-01,2026-06-01,2026-08-01T00:00:00+00:00,chp_notifiable,"Hong Kong, China CHP Notifiable Diseases",https://www.chp.gov.hk/en/static/24012.html,open_data_csv,chp_notifiable,"Hong Kong, China CHP Notifiable Diseases",https://www.chp.gov.hk/en/static/24012.html,open_data_csv
disease,D196,foodborne-disease-outbreak,Foodborne disease outbreak,HK,"Hong Kong, China",D196,Foodborne disease outbreak,食源性疾病暴发,Bacterial,2023-05-01,2023-05,9,2.1,0,0.12092329774762219,wpp_computed,,1997-01-01,2026-06-01,2026-08-01T00:00:00+00:00,chp_notifiable,"Hong Kong, China CHP Notifiable Diseases",https://www.chp.gov.hk/en/static/24012.html,open_data_csv,chp_notifiable,"Hong Kong, China CHP Notifiable Diseases",https://www.chp.gov.hk/en/static/24012.html,open_data_csv
disease,D196,foodborne-disease-outbreak,Foodborne disease outbreak,HK,"Hong Kong, China",D196,Foodborne disease outbreak,食源性疾病暴发,Bacterial,2023-06-01,2023-06,27,6.096774193548387,0,0.36276989324286657,wpp_computed,,1997-01-01,2026-06-01,2026-08-01T00:00:00+00:00,chp_notifiable,"Hong Kong, China CHP Notifiable Diseases",https://www.chp.gov.hk/en/static/24012.html,open_data_csv,chp_notifiable,"Hong Kong, China CHP Notifiable Diseases",https://www.chp.gov.hk/en/static/24012.html,open_data_csv
disease,D196,foodborne-disease-outbreak,Foodborne disease outbreak,HK,"Hong Kong, China",D196,Foodborne disease outbreak,食源性疾病暴发,Bacterial,2023-07-01,2023-07,14,3.2666666666666666,0,0.1881029076074123,wpp_computed,,1997-01-01,2026-06-01,2026-08-01T00:00:00+00:00,chp_notifiable,"Hong Kong, China CHP Notifiable Diseases",https://www.chp.gov.hk/en/static/24012.html,open_data_csv,chp_notifiable,"Hong Kong, China CHP Notifiable Diseases",https://www.chp.gov.hk/en/static/24012.html,open_data_csv
disease,D196,foodborne-disease-outbreak,Foodborne disease outbreak,HK,"Hong Kong, China",D196,Foodborne disease outbreak,食源性疾病暴发,Bacterial,2023-08-01,2023-08,23,5.193548387096774,0,0.3090262053550345,wpp_computed,,1997-01-01,2026-06-01,2026-08-01T00:00:00+00:00,chp_notifiable,"Hong Kong, China CHP Notifiable Diseases",https://www.chp.gov.hk/en/static/24012.html,open_data_csv,chp_notifiable,"Hong Kong, China CHP Notifiable Diseases",https://www.chp.gov.hk/en/static/24012.html,open_data_csv
disease,D196,foodborne-disease-outbreak,Foodborne disease outbreak,HK,"Hong Kong, China",D196,Foodborne disease outbreak,食源性疾病暴发,Bacterial,2023-09-01,2023-09,9,2.032258064516129,0,0.12092329774762219,wpp_computed,,1997-01-01,2026-06-01,2026-08-01T00:00:00+00:00,chp_notifiable,"Hong Kong, China CHP Notifiable Diseases",https://www.chp.gov.hk/en/static/24012.html,open_data_csv,chp_notifiable,"Hong Kong, China CHP Notifiable Diseases",https://www.chp.gov.hk/en/static/24012.html,open_data_csv
disease,D196,foodborne-disease-outbreak,Foodborne disease outbreak,HK,"Hong Kong, China",D196,Foodborne disease outbreak,食源性疾病暴发,Bacterial,2023-10-01,2023-10,10,2.333333333333333,0,0.1343592197195802,wpp_computed,,1997-01-01,2026-06-01,2026-08-01T00:00:00+00:00,chp_notifiable,"Hong Kong, China CHP Notifiable Diseases",https://www.chp.gov.hk/en/static/24012.html,open_data_csv,chp_notifiable,"Hong Kong, China CHP Notifiable Diseases",https://www.chp.gov.hk/en/static/24012.html,open_data_csv
disease,D196,foodborne-disease-outbreak,Foodborne disease outbreak,HK,"Hong Kong, China",D196,Foodborne disease outbreak,食源性疾病暴发,Bacterial,2023-11-01,2023-11,13,2.935483870967742,0,0.1746669856354543,wpp_computed,,1997-01-01,2026-06-01,2026-08-01T00:00:00+00:00,chp_notifiable,"Hong Kong, China CHP Notifiable Diseases",https://www.chp.gov.hk/en/static/24012.html,open_data_csv,chp_notifiable,"Hong Kong, China CHP Notifiable Diseases",https://www.chp.gov.hk/en/static/24012.html,open_data_csv
disease,D196,foodborne-disease-outbreak,Foodborne disease outbreak,HK,"Hong Kong, China",D196,Foodborne disease outbreak,食源性疾病暴发,Bacterial,2023-12-01,2023-12,11,2.5666666666666664,0,0.14779514169153823,wpp_computed,,1997-01-01,2026-06-01,2026-08-01T00:00:00+00:00,chp_notifiable,"Hong Kong, China CHP Notifiable Diseases",https://www.chp.gov.hk/en/static/24012.html,open_data_csv,chp_notifiable,"Hong Kong, China CHP Notifiable Diseases",https://www.chp.gov.hk/en/static/24012.html,open_data_csv
disease,D196,foodborne-disease-outbreak,Foodborne disease outbreak,HK,"Hong Kong, China",D196,Foodborne disease outbreak,食源性疾病暴发,Bacterial,2024-01-01,2024-01,14,3.161290322580645,0,0.18880877777402408,wpp_computed,,1997-01-01,2026-06-01,2026-08-01T00:00:00+00:00,chp_notifiable,"Hong Kong, China CHP Notifiable Diseases",https://www.chp.gov.hk/en/static/24012.html,open_data_csv,chp_notifiable,"Hong Kong, China CHP Notifiable Diseases",https://www.chp.gov.hk/en/static/24012.html,open_data_csv
disease,D196,foodborne-disease-outbreak,Foodborne disease outbreak,HK,"Hong Kong, China",D196,Foodborne disease outbreak,食源性疾病暴发,Bacterial,2024-02-01,2024-02,26,5.870967741935484,0,0.35064487300890185,wpp_computed,,1997-01-01,2026-06-01,2026-08-01T00:00:00+00:00,chp_notifiable,"Hong Kong, China CHP Notifiable Diseases",https://www.chp.gov.hk/en/static/24012.html,open_data_csv,chp_notifiable,"Hong Kong, China CHP Notifiable Diseases",https://www.chp.gov.hk/en/static/24012.html,open_data_csv
disease,D196,foodborne-disease-outbreak,Foodborne disease outbreak,HK,"Hong Kong, China",D196,Foodborne disease outbreak,食源性疾病暴发,Bacterial,2024-03-01,2024-03,15,3.620689655172414,0,0.20229511904359723,wpp_computed,,1997-01-01,2026-06-01,2026-08-01T00:00:00+00:00,chp_notifiable,"Hong Kong, China CHP Notifiable Diseases",https://www.chp.gov.hk/en/static/24012.html,open_data_csv,chp_notifiable,"Hong Kong, China CHP Notifiable Diseases",https://www.chp.gov.hk/en/static/24012.html,open_data_csv
disease,D196,foodborne-disease-outbreak,Foodborne disease outbreak,HK,"Hong Kong, China",D196,Foodborne disease outbreak,食源性疾病暴发,Bacterial,2024-04-01,2024-04,5,1.129032258064516,0,0.06743170634786574,wpp_computed,,1997-01-01,2026-06-01,2026-08-01T00:00:00+00:00,chp_notifiable,"Hong Kong, China CHP Notifiable Diseases",https://www.chp.gov.hk/en/static/24012.html,open_data_csv,chp_notifiable,"Hong Kong, China CHP Notifiable Diseases",https://www.chp.gov.hk/en/static/24012.html,open_data_csv
disease,D196,foodborne-disease-outbreak,Foodborne disease outbreak,HK,"Hong Kong, China",D196,Foodborne disease outbreak,食源性疾病暴发,Bacterial,2024-05-01,2024-05,15,3.5,0,0.20229511904359723,wpp_computed,,1997-01-01,2026-06-01,2026-08-01T00:00:00+00:00,chp_notifiable,"Hong Kong, China CHP Notifiable Diseases",https://www.chp.gov.hk/en/static/24012.html,open_data_csv,chp_notifiable,"Hong Kong, China CHP Notifiable Diseases",https://www.chp.gov.hk/en/static/24012.html,open_data_csv
disease,D196,foodborne-disease-outbreak,Foodborne disease outbreak,HK,"Hong Kong, China",D196,Foodborne disease outbreak,食源性疾病暴发,Bacterial,2024-06-01,2024-06,53,11.967741935483872,0,0.7147760872873768,wpp_computed,,1997-01-01,2026-06-01,2026-08-01T00:00:00+00:00,chp_notifiable,"Hong Kong, China CHP Notifiable Diseases",https://www.chp.gov.hk/en/static/24012.html,open_data_csv,chp_notifiable,"Hong Kong, China CHP Notifiable Diseases",https://www.chp.gov.hk/en/static/24012.html,open_data_csv
disease,D196,foodborne-disease-outbreak,Foodborne disease outbreak,HK,"Hong Kong, China",D196,Foodborne disease outbreak,食源性疾病暴发,Bacterial,2024-07-01,2024-07,10,2.333333333333333,0,0.1348634126957315,wpp_computed,,1997-01-01,2026-06-01,2026-08-01T00:00:00+00:00,chp_notifiable,"Hong Kong, China CHP Notifiable Diseases",https://www.chp.gov.hk/en/static/24012.html,open_data_csv,chp_notifiable,"Hong Kong, China CHP Notifiable Diseases",https://www.chp.gov.hk/en/static/24012.html,open_data_csv
disease,D196,foodborne-disease-outbreak,Foodborne disease outbreak,HK,"Hong Kong, China",D196,Foodborne disease outbreak,食源性疾病暴发,Bacterial,2024-08-01,2024-08,6,1.3548387096774193,0,0.08091804761743888,wpp_computed,,1997-01-01,2026-06-01,2026-08-01T00:00:00+00:00,chp_notifiable,"Hong Kong, China CHP Notifiable Diseases",https://www.chp.gov.hk/en/static/24012.html,open_data_csv,chp_notifiable,"Hong Kong, China CHP Notifiable Diseases",https://www.chp.gov.hk/en/static/24012.html,open_data_csv
disease,D196,foodborne-disease-outbreak,Foodborne disease outbreak,HK,"Hong Kong, China",D196,Foodborne disease outbreak,食源性疾病暴发,Bacterial,2024-09-01,2024-09,7,1.5806451612903225,0,0.09440438888701204,wpp_computed,,1997-01-01,2026-06-01,2026-08-01T00:00:00+00:00,chp_notifiable,"Hong Kong, China CHP Notifiable Diseases",https://www.chp.gov.hk/en/static/24012.html,open_data_csv,chp_notifiable,"Hong Kong, China CHP Notifiable Diseases",https://www.chp.gov.hk/en/static/24012.html,open_data_csv
disease,D196,foodborne-disease-outbreak,Foodborne disease outbreak,HK,"Hong Kong, China",D196,Foodborne disease outbreak,食源性疾病暴发,Bacterial,2024-10-01,2024-10,8,1.8666666666666667,0,0.1078907301565852,wpp_computed,,1997-01-01,2026-06-01,2026-08-01T00:00:00+00:00,chp_notifiable,"Hong Kong, China CHP Notifiable Diseases",https://www.chp.gov.hk/en/static/24012.html,open_data_csv,chp_notifiable,"Hong Kong, China CHP Notifiable Diseases",https://www.chp.gov.hk/en/static/24012.html,open_data_csv
disease,D196,foodborne-disease-outbreak,Foodborne disease outbreak,HK,"Hong Kong, China",D196,Foodborne disease outbreak,食源性疾病暴发,Bacterial,2024-11-01,2024-11,22,4.967741935483871,0,0.29669950793060923,wpp_computed,,1997-01-01,2026-06-01,2026-08-01T00:00:00+00:00,chp_notifiable,"Hong Kong, China CHP Notifiable Diseases",https://www.chp.gov.hk/en/static/24012.html,open_data_csv,chp_notifiable,"Hong Kong, China CHP Notifiable Diseases",https://www.chp.gov.hk/en/static/24012.html,open_data_csv
disease,D196,foodborne-disease-outbreak,Foodborne disease outbreak,HK,"Hong Kong, China",D196,Foodborne disease outbreak,食源性疾病暴发,Bacterial,2024-12-01,2024-12,29,6.766666666666667,0,0.39110389681762125,wpp_computed,,1997-01-01,2026-06-01,2026-08-01T00:00:00+00:00,chp_notifiable,"Hong Kong, China CHP Notifiable Diseases",https://www.chp.gov.hk/en/static/24012.html,open_data_csv,chp_notifiable,"Hong Kong, China CHP Notifiable Diseases",https://www.chp.gov.hk/en/static/24012.html,open_data_csv
disease,D196,foodborne-disease-outbreak,Foodborne disease outbreak,HK,"Hong Kong, China",D196,Foodborne disease outbreak,食源性疾病暴发,Bacterial,2025-01-01,2025-01,17,3.8387096774193545,0,0.22985161320678696,wpp_computed,,1997-01-01,2026-06-01,2026-08-01T00:00:00+00:00,chp_notifiable,"Hong Kong, China CHP Notifiable Diseases",https://www.chp.gov.hk/en/static/24012.html,open_data_csv,chp_notifiable,"Hong Kong, China CHP Notifiable Diseases",https://www.chp.gov.hk/en/static/24012.html,open_data_csv
disease,D196,foodborne-disease-outbreak,Foodborne disease outbreak,HK,"Hong Kong, China",D196,Foodborne disease outbreak,食源性疾病暴发,Bacterial,2025-02-01,2025-02,16,3.6129032258064515,0,0.21633093007697593,wpp_computed,,1997-01-01,2026-06-01,2026-08-01T00:00:00+00:00,chp_notifiable,"Hong Kong, China CHP Notifiable Diseases",https://www.chp.gov.hk/en/static/24012.html,open_data_csv,chp_notifiable,"Hong Kong, China CHP Notifiable Diseases",https://www.chp.gov.hk/en/static/24012.html,open_data_csv
disease,D196,foodborne-disease-outbreak,Foodborne disease outbreak,HK,"Hong Kong, China",D196,Foodborne disease outbreak,食源性疾病暴发,Bacterial,2025-03-01,2025-03,7,1.75,0,0.09464478190867698,wpp_computed,,1997-01-01,2026-06-01,2026-08-01T00:00:00+00:00,chp_notifiable,"Hong Kong, China CHP Notifiable Diseases",https://www.chp.gov.hk/en/static/24012.html,open_data_csv,chp_notifiable,"Hong Kong, China CHP Notifiable Diseases",https://www.chp.gov.hk/en/static/24012.html,open_data_csv
disease,D196,foodborne-disease-outbreak,Foodborne disease outbreak,HK,"Hong Kong, China",D196,Foodborne disease outbreak,食源性疾病暴发,Bacterial,2025-04-01,2025-04,10,2.258064516129032,0,0.13520683129810995,wpp_computed,,1997-01-01,2026-06-01,2026-08-01T00:00:00+00:00,chp_notifiable,"Hong Kong, China CHP Notifiable Diseases",https://www.chp.gov.hk/en/static/24012.html,open_data_csv,chp_notifiable,"Hong Kong, China CHP Notifiable Diseases",https://www.chp.gov.hk/en/static/24012.html,open_data_csv
disease,D196,foodborne-disease-outbreak,Foodborne disease outbreak,HK,"Hong Kong, China",D196,Foodborne disease outbreak,食源性疾病暴发,Bacterial,2025-05-01,2025-05,6,1.4000000000000001,0,0.08112409877886599,wpp_computed,,1997-01-01,2026-06-01,2026-08-01T00:00:00+00:00,chp_notifiable,"Hong Kong, China CHP Notifiable Diseases",https://www.chp.gov.hk/en/static/24012.html,open_data_csv,chp_notifiable,"Hong Kong, China CHP Notifiable Diseases",https://www.chp.gov.hk/en/static/24012.html,open_data_csv
disease,D196,foodborne-disease-outbreak,Foodborne disease outbreak,HK,"Hong Kong, China",D196,Foodborne disease outbreak,食源性疾病暴发,Bacterial,2025-06-01,2025-06,10,2.258064516129032,0,0.13520683129810995,wpp_computed,,1997-01-01,2026-06-01,2026-08-01T00:00:00+00:00,chp_notifiable,"Hong Kong, China CHP Notifiable Diseases",https://www.chp.gov.hk/en/static/24012.html,open_data_csv,chp_notifiable,"Hong Kong, China CHP Notifiable Diseases",https://www.chp.gov.hk/en/static/24012.html,open_data_csv
disease,D196,foodborne-disease-outbreak,Foodborne disease outbreak,HK,"Hong Kong, China",D196,Foodborne disease outbreak,食源性疾病暴发,Bacterial,2025-07-01,2025-07,8,1.8666666666666667,0,0.10816546503848797,wpp_computed,,1997-01-01,2026-06-01,2026-08-01T00:00:00+00:00,chp_notifiable,"Hong Kong, China CHP Notifiable Diseases",https://www.chp.gov.hk/en/static/24012.html,open_data_csv,chp_notifiable,"Hong Kong, China CHP Notifiable Diseases",https://www.chp.gov.hk/en/static/24012.html,open_data_csv
disease,D196,foodborne-disease-outbreak,Foodborne disease outbreak,HK,"Hong Kong, China",D196,Foodborne disease outbreak,食源性疾病暴发,Bacterial,2025-08-01,2025-08,10,2.258064516129032,0,0.13520683129810995,wpp_computed,,1997-01-01,2026-06-01,2026-08-01T00:00:00+00:00,chp_notifiable,"Hong Kong, China CHP Notifiable Diseases",https://www.chp.gov.hk/en/static/24012.html,open_data_csv,chp_notifiable,"Hong Kong, China CHP Notifiable Diseases",https://www.chp.gov.hk/en/static/24012.html,open_data_csv
disease,D196,foodborne-disease-outbreak,Foodborne disease outbreak,HK,"Hong Kong, China",D196,Foodborne disease outbreak,食源性疾病暴发,Bacterial,2025-09-01,2025-09,20,4.516129032258064,0,0.2704136625962199,wpp_computed,,1997-01-01,2026-06-01,2026-08-01T00:00:00+00:00,chp_notifiable,"Hong Kong, China CHP Notifiable Diseases",https://www.chp.gov.hk/en/static/24012.html,open_data_csv,chp_notifiable,"Hong Kong, China CHP Notifiable Diseases",https://www.chp.gov.hk/en/static/24012.html,open_data_csv
disease,D196,foodborne-disease-outbreak,Foodborne disease outbreak,HK,"Hong Kong, China",D196,Foodborne disease outbreak,食源性疾病暴发,Bacterial,2025-10-01,2025-10,12,2.8000000000000003,0,0.16224819755773198,wpp_computed,,1997-01-01,2026-06-01,2026-08-01T00:00:00+00:00,chp_notifiable,"Hong Kong, China CHP Notifiable Diseases",https://www.chp.gov.hk/en/static/24012.html,open_data_csv,chp_notifiable,"Hong Kong, China CHP Notifiable Diseases",https://www.chp.gov.hk/en/static/24012.html,open_data_csv
disease,D196,foodborne-disease-outbreak,Foodborne disease outbreak,HK,"Hong Kong, China",D196,Foodborne disease outbreak,食源性疾病暴发,Bacterial,2025-11-01,2025-11,6,1.3548387096774193,0,0.08112409877886599,wpp_computed,,1997-01-01,2026-06-01,2026-08-01T00:00:00+00:00,chp_notifiable,"Hong Kong, China CHP Notifiable Diseases",https://www.chp.gov.hk/en/static/24012.html,open_data_csv,chp_notifiable,"Hong Kong, China CHP Notifiable Diseases",https://www.chp.gov.hk/en/static/24012.html,open_data_csv
disease,D196,foodborne-disease-outbreak,Foodborne disease outbreak,HK,"Hong Kong, China",D196,Foodborne disease outbreak,食源性疾病暴发,Bacterial,2025-12-01,2025-12,7,1.6333333333333333,0,0.09464478190867698,wpp_computed,,1997-01-01,2026-06-01,2026-08-01T00:00:00+00:00,chp_notifiable,"Hong Kong, China CHP Notifiable Diseases",https://www.chp.gov.hk/en/static/24012.html,open_data_csv,chp_notifiable,"Hong Kong, China CHP Notifiable Diseases",https://www.chp.gov.hk/en/static/24012.html,open_data_csv
disease,D196,foodborne-disease-outbreak,Foodborne disease outbreak,HK,"Hong Kong, China",D196,Foodborne disease outbreak,食源性疾病暴发,Bacterial,2026-01-01,2026-01,19,4.290322580645161,0,0.2575013532373748,wpp_computed,,1997-01-01,2026-06-01,2026-08-01T00:00:00+00:00,chp_notifiable,"Hong Kong, China CHP Notifiable Diseases",https://www.chp.gov.hk/en/static/24012.html,open_data_csv,chp_notifiable,"Hong Kong, China CHP Notifiable Diseases",https://www.chp.gov.hk/en/static/24012.html,open_data_csv
disease,D196,foodborne-disease-outbreak,Foodborne disease outbreak,HK,"Hong Kong, China",D196,Foodborne disease outbreak,食源性疾病暴发,Bacterial,2026-02-01,2026-02,40,9.032258064516128,0,0.5421081120786837,wpp_computed,,1997-01-01,2026-06-01,2026-08-01T00:00:00+00:00,chp_notifiable,"Hong Kong, China CHP Notifiable Diseases",https://www.chp.gov.hk/en/static/24012.html,open_data_csv,chp_notifiable,"Hong Kong, China CHP Notifiable Diseases",https://www.chp.gov.hk/en/static/24012.html,open_data_csv
disease,D196,foodborne-disease-outbreak,Foodborne disease outbreak,HK,"Hong Kong, China",D196,Foodborne disease outbreak,食源性疾病暴发,Bacterial,2026-03-01,2026-03,7,1.75,0,0.09486891961376966,wpp_computed,,1997-01-01,2026-06-01,2026-08-01T00:00:00+00:00,chp_notifiable,"Hong Kong, China CHP Notifiable Diseases",https://www.chp.gov.hk/en/static/24012.html,open_data_csv,chp_notifiable,"Hong Kong, China CHP Notifiable Diseases",https://www.chp.gov.hk/en/static/24012.html,open_data_csv
disease,D196,foodborne-disease-outbreak,Foodborne disease outbreak,HK,"Hong Kong, China",D196,Foodborne disease outbreak,食源性疾病暴发,Bacterial,2026-04-01,2026-04,9,2.032258064516129,0,0.12197432521770385,wpp_computed,,1997-01-01,2026-06-01,2026-08-01T00:00:00+00:00,chp_notifiable,"Hong Kong, China CHP Notifiable Diseases",https://www.chp.gov.hk/en/static/24012.html,open_data_csv,chp_notifiable,"Hong Kong, China CHP Notifiable Diseases",https://www.chp.gov.hk/en/static/24012.html,open_data_csv
disease,D196,foodborne-disease-outbreak,Foodborne disease outbreak,HK,"Hong Kong, China",D196,Foodborne disease outbreak,食源性疾病暴发,Bacterial,2026-05-01,2026-05,10,2.333333333333333,0,0.13552702801967093,wpp_computed,,1997-01-01,2026-06-01,2026-08-01T00:00:00+00:00,chp_notifiable,"Hong Kong, China CHP Notifiable Diseases",https://www.chp.gov.hk/en/static/24012.html,open_data_csv,chp_notifiable,"Hong Kong, China CHP Notifiable Diseases",https://www.chp.gov.hk/en/static/24012.html,open_data_csv
disease,D196,foodborne-disease-outbreak,Foodborne disease outbreak,HK,"Hong Kong, China",D196,Foodborne disease outbreak,食源性疾病暴发,Bacterial,2026-06-01,2026-06,10,2.258064516129032,0,0.13552702801967093,wpp_computed,,1997-01-01,2026-06-01,2026-08-01T00:00:00+00:00,chp_notifiable,"Hong Kong, China CHP Notifiable Diseases",https://www.chp.gov.hk/en/static/24012.html,open_data_csv,chp_notifiable,"Hong Kong, China CHP Notifiable Diseases",https://www.chp.gov.hk/en/static/24012.html,open_data_csv
