dataset_kind,dataset_id,dataset_slug,dataset_name,record_kind,country_code,country_name,disease_id,disease_name_en,disease_name_zh,category,date,year_month,value,cases,weekly_equiv_cases,deaths,incidence_rate_per_100k,incidence_rate_source,mortality_rate,series_code,source_series_code,source_system,source_label,metric_type,reporting_basis,temporal_granularity,unit,geography_key,dimension_key,mapping_relation,comparability,aggregation_policy,availability_status,missing_value_policy,definition_version,case_definition,case_definition_uri,quality_status,is_selected_series,data_layer,projection_policy,coverage_status,loss_risk,selected_series_codes,available_series_count,provenance_note,primary_source_scope,primary_source_label,primary_source_url,primary_source_type,source_scopes,source_labels,source_urls,source_types
disease,D167,congenital-syphilis,Congenital syphilis,public_projection,AU,Australia,D167,Congenital syphilis,先天性梅毒,Bacterial,2000-01-01,2000-01,0,0,,,0.0,wpp_computed,,SER_AU_CONGENITAL_SYPHILIS,,,,,,monthly,,,,,,,,,,,,,,series_registry,single_series,parity,,SER_AU_CONGENITAL_SYPHILIS,1,The public curve is read directly from one registered source series.,all,Australia NINDSS,https://www.health.gov.au/topics/national-notifiable-diseases-surveillance-system-nndss,microsoft_bi,all,Australia NINDSS,https://www.health.gov.au/topics/national-notifiable-diseases-surveillance-system-nndss,microsoft_bi
disease,D167,congenital-syphilis,Congenital syphilis,source_series_observation,AU,Australia,D167,Congenital syphilis,先天性梅毒,Bacterial,2000-01-01,2000-01,0,0,,,,,,SER_AU_CONGENITAL_SYPHILIS,SER_AU_CONGENITAL_SYPHILIS,SRC_AU_NINDSS,Syphilis congenital,case_notifications,notification,monthly,count,country:AU:national,all,exact,unknown,non_additive,active,missing_is_unknown,globalid-disease-ontology:2026.08.30.1,Australia NINDSS congenital syphilis notifications.,,provisional; raw,True,series_registry,single_series,parity,,SER_AU_CONGENITAL_SYPHILIS,1,The public curve is read directly from one registered source series.,all,Australia NINDSS,https://www.health.gov.au/topics/national-notifiable-diseases-surveillance-system-nndss,microsoft_bi,all,Australia NINDSS,https://www.health.gov.au/topics/national-notifiable-diseases-surveillance-system-nndss,microsoft_bi
disease,D167,congenital-syphilis,Congenital syphilis,public_projection,CA,Canada,D167,Congenital syphilis,先天性梅毒,Bacterial,2000-01-01,2000-01,2,2,,,0.006474209355795776,wpp_computed,,SER_CA_PHAC_CNDSS_D174_ANNUAL,,,,,,annual,,,,,,,,,,,,,,series_registry,single_series,parity,,SER_CA_PHAC_CNDSS_D174_ANNUAL,1,The public curve is read directly from one registered source series.,all,Canada PHAC CNDSS Annual,https://diseases.canada.ca/notifiable/extract-dataset,web,all,Canada PHAC CNDSS Annual,https://diseases.canada.ca/notifiable/extract-dataset,web
disease,D167,congenital-syphilis,Congenital syphilis,source_series_observation,CA,Canada,D167,Congenital syphilis,先天性梅毒,Bacterial,2000-01-01,2000-01,2,2,,,,,,SER_CA_PHAC_CNDSS_D174_ANNUAL,SER_CA_PHAC_CNDSS_D174_ANNUAL,SRC_CA_PHAC_CNDSS,"Syphilis, Congenital",case_notifications,provincial_territorial_voluntary_notifications_national,annual,count,country:CA:national,all,exact,conditional,non_additive,active,missing_is_unknown,CNDSS_NATIONAL_ANNUAL_2026_08,PHAC CNDSS national annual reported count assembled from voluntary provincial and territorial submissions. Disease-specific reporting coverage and definitions vary over time; null cells are unknown and explicit zeroes are retained.,,raw,True,series_registry,single_series,parity,,SER_CA_PHAC_CNDSS_D174_ANNUAL,1,The public curve is read directly from one registered source series.,all,Canada PHAC CNDSS Annual,https://diseases.canada.ca/notifiable/extract-dataset,web,all,Canada PHAC CNDSS Annual,https://diseases.canada.ca/notifiable/extract-dataset,web
disease,D167,congenital-syphilis,Congenital syphilis,public_projection,AU,Australia,D167,Congenital syphilis,先天性梅毒,Bacterial,2000-02-01,2000-02,0,0,,,0.0,wpp_computed,,SER_AU_CONGENITAL_SYPHILIS,,,,,,monthly,,,,,,,,,,,,,,series_registry,single_series,parity,,SER_AU_CONGENITAL_SYPHILIS,1,The public curve is read directly from one registered source series.,all,Australia NINDSS,https://www.health.gov.au/topics/national-notifiable-diseases-surveillance-system-nndss,microsoft_bi,all,Australia NINDSS,https://www.health.gov.au/topics/national-notifiable-diseases-surveillance-system-nndss,microsoft_bi
disease,D167,congenital-syphilis,Congenital syphilis,source_series_observation,AU,Australia,D167,Congenital syphilis,先天性梅毒,Bacterial,2000-02-01,2000-02,0,0,,,,,,SER_AU_CONGENITAL_SYPHILIS,SER_AU_CONGENITAL_SYPHILIS,SRC_AU_NINDSS,Syphilis congenital,case_notifications,notification,monthly,count,country:AU:national,all,exact,unknown,non_additive,active,missing_is_unknown,globalid-disease-ontology:2026.08.30.1,Australia NINDSS congenital syphilis notifications.,,provisional; raw,True,series_registry,single_series,parity,,SER_AU_CONGENITAL_SYPHILIS,1,The public curve is read directly from one registered source series.,all,Australia NINDSS,https://www.health.gov.au/topics/national-notifiable-diseases-surveillance-system-nndss,microsoft_bi,all,Australia NINDSS,https://www.health.gov.au/topics/national-notifiable-diseases-surveillance-system-nndss,microsoft_bi
disease,D167,congenital-syphilis,Congenital syphilis,public_projection,AU,Australia,D167,Congenital syphilis,先天性梅毒,Bacterial,2000-03-01,2000-03,0,0,,,0.0,wpp_computed,,SER_AU_CONGENITAL_SYPHILIS,,,,,,monthly,,,,,,,,,,,,,,series_registry,single_series,parity,,SER_AU_CONGENITAL_SYPHILIS,1,The public curve is read directly from one registered source series.,all,Australia NINDSS,https://www.health.gov.au/topics/national-notifiable-diseases-surveillance-system-nndss,microsoft_bi,all,Australia NINDSS,https://www.health.gov.au/topics/national-notifiable-diseases-surveillance-system-nndss,microsoft_bi
disease,D167,congenital-syphilis,Congenital syphilis,source_series_observation,AU,Australia,D167,Congenital syphilis,先天性梅毒,Bacterial,2000-03-01,2000-03,0,0,,,,,,SER_AU_CONGENITAL_SYPHILIS,SER_AU_CONGENITAL_SYPHILIS,SRC_AU_NINDSS,Syphilis congenital,case_notifications,notification,monthly,count,country:AU:national,all,exact,unknown,non_additive,active,missing_is_unknown,globalid-disease-ontology:2026.08.30.1,Australia NINDSS congenital syphilis notifications.,,provisional; raw,True,series_registry,single_series,parity,,SER_AU_CONGENITAL_SYPHILIS,1,The public curve is read directly from one registered source series.,all,Australia NINDSS,https://www.health.gov.au/topics/national-notifiable-diseases-surveillance-system-nndss,microsoft_bi,all,Australia NINDSS,https://www.health.gov.au/topics/national-notifiable-diseases-surveillance-system-nndss,microsoft_bi
disease,D167,congenital-syphilis,Congenital syphilis,public_projection,AU,Australia,D167,Congenital syphilis,先天性梅毒,Bacterial,2000-04-01,2000-04,0,0,,,0.0,wpp_computed,,SER_AU_CONGENITAL_SYPHILIS,,,,,,monthly,,,,,,,,,,,,,,series_registry,single_series,parity,,SER_AU_CONGENITAL_SYPHILIS,1,The public curve is read directly from one registered source series.,all,Australia NINDSS,https://www.health.gov.au/topics/national-notifiable-diseases-surveillance-system-nndss,microsoft_bi,all,Australia NINDSS,https://www.health.gov.au/topics/national-notifiable-diseases-surveillance-system-nndss,microsoft_bi
disease,D167,congenital-syphilis,Congenital syphilis,source_series_observation,AU,Australia,D167,Congenital syphilis,先天性梅毒,Bacterial,2000-04-01,2000-04,0,0,,,,,,SER_AU_CONGENITAL_SYPHILIS,SER_AU_CONGENITAL_SYPHILIS,SRC_AU_NINDSS,Syphilis congenital,case_notifications,notification,monthly,count,country:AU:national,all,exact,unknown,non_additive,active,missing_is_unknown,globalid-disease-ontology:2026.08.30.1,Australia NINDSS congenital syphilis notifications.,,provisional; raw,True,series_registry,single_series,parity,,SER_AU_CONGENITAL_SYPHILIS,1,The public curve is read directly from one registered source series.,all,Australia NINDSS,https://www.health.gov.au/topics/national-notifiable-diseases-surveillance-system-nndss,microsoft_bi,all,Australia NINDSS,https://www.health.gov.au/topics/national-notifiable-diseases-surveillance-system-nndss,microsoft_bi
disease,D167,congenital-syphilis,Congenital syphilis,public_projection,AU,Australia,D167,Congenital syphilis,先天性梅毒,Bacterial,2000-05-01,2000-05,0,0,,,0.0,wpp_computed,,SER_AU_CONGENITAL_SYPHILIS,,,,,,monthly,,,,,,,,,,,,,,series_registry,single_series,parity,,SER_AU_CONGENITAL_SYPHILIS,1,The public curve is read directly from one registered source series.,all,Australia NINDSS,https://www.health.gov.au/topics/national-notifiable-diseases-surveillance-system-nndss,microsoft_bi,all,Australia NINDSS,https://www.health.gov.au/topics/national-notifiable-diseases-surveillance-system-nndss,microsoft_bi
disease,D167,congenital-syphilis,Congenital syphilis,source_series_observation,AU,Australia,D167,Congenital syphilis,先天性梅毒,Bacterial,2000-05-01,2000-05,0,0,,,,,,SER_AU_CONGENITAL_SYPHILIS,SER_AU_CONGENITAL_SYPHILIS,SRC_AU_NINDSS,Syphilis congenital,case_notifications,notification,monthly,count,country:AU:national,all,exact,unknown,non_additive,active,missing_is_unknown,globalid-disease-ontology:2026.08.30.1,Australia NINDSS congenital syphilis notifications.,,provisional; raw,True,series_registry,single_series,parity,,SER_AU_CONGENITAL_SYPHILIS,1,The public curve is read directly from one registered source series.,all,Australia NINDSS,https://www.health.gov.au/topics/national-notifiable-diseases-surveillance-system-nndss,microsoft_bi,all,Australia NINDSS,https://www.health.gov.au/topics/national-notifiable-diseases-surveillance-system-nndss,microsoft_bi
disease,D167,congenital-syphilis,Congenital syphilis,public_projection,AU,Australia,D167,Congenital syphilis,先天性梅毒,Bacterial,2000-06-01,2000-06,0,0,,,0.0,wpp_computed,,SER_AU_CONGENITAL_SYPHILIS,,,,,,monthly,,,,,,,,,,,,,,series_registry,single_series,parity,,SER_AU_CONGENITAL_SYPHILIS,1,The public curve is read directly from one registered source series.,all,Australia NINDSS,https://www.health.gov.au/topics/national-notifiable-diseases-surveillance-system-nndss,microsoft_bi,all,Australia NINDSS,https://www.health.gov.au/topics/national-notifiable-diseases-surveillance-system-nndss,microsoft_bi
disease,D167,congenital-syphilis,Congenital syphilis,source_series_observation,AU,Australia,D167,Congenital syphilis,先天性梅毒,Bacterial,2000-06-01,2000-06,0,0,,,,,,SER_AU_CONGENITAL_SYPHILIS,SER_AU_CONGENITAL_SYPHILIS,SRC_AU_NINDSS,Syphilis congenital,case_notifications,notification,monthly,count,country:AU:national,all,exact,unknown,non_additive,active,missing_is_unknown,globalid-disease-ontology:2026.08.30.1,Australia NINDSS congenital syphilis notifications.,,provisional; raw,True,series_registry,single_series,parity,,SER_AU_CONGENITAL_SYPHILIS,1,The public curve is read directly from one registered source series.,all,Australia NINDSS,https://www.health.gov.au/topics/national-notifiable-diseases-surveillance-system-nndss,microsoft_bi,all,Australia NINDSS,https://www.health.gov.au/topics/national-notifiable-diseases-surveillance-system-nndss,microsoft_bi
disease,D167,congenital-syphilis,Congenital syphilis,public_projection,AU,Australia,D167,Congenital syphilis,先天性梅毒,Bacterial,2000-07-01,2000-07,0,0,,,0.0,wpp_computed,,SER_AU_CONGENITAL_SYPHILIS,,,,,,monthly,,,,,,,,,,,,,,series_registry,single_series,parity,,SER_AU_CONGENITAL_SYPHILIS,1,The public curve is read directly from one registered source series.,all,Australia NINDSS,https://www.health.gov.au/topics/national-notifiable-diseases-surveillance-system-nndss,microsoft_bi,all,Australia NINDSS,https://www.health.gov.au/topics/national-notifiable-diseases-surveillance-system-nndss,microsoft_bi
disease,D167,congenital-syphilis,Congenital syphilis,source_series_observation,AU,Australia,D167,Congenital syphilis,先天性梅毒,Bacterial,2000-07-01,2000-07,0,0,,,,,,SER_AU_CONGENITAL_SYPHILIS,SER_AU_CONGENITAL_SYPHILIS,SRC_AU_NINDSS,Syphilis congenital,case_notifications,notification,monthly,count,country:AU:national,all,exact,unknown,non_additive,active,missing_is_unknown,globalid-disease-ontology:2026.08.30.1,Australia NINDSS congenital syphilis notifications.,,provisional; raw,True,series_registry,single_series,parity,,SER_AU_CONGENITAL_SYPHILIS,1,The public curve is read directly from one registered source series.,all,Australia NINDSS,https://www.health.gov.au/topics/national-notifiable-diseases-surveillance-system-nndss,microsoft_bi,all,Australia NINDSS,https://www.health.gov.au/topics/national-notifiable-diseases-surveillance-system-nndss,microsoft_bi
disease,D167,congenital-syphilis,Congenital syphilis,public_projection,AU,Australia,D167,Congenital syphilis,先天性梅毒,Bacterial,2000-08-01,2000-08,0,0,,,0.0,wpp_computed,,SER_AU_CONGENITAL_SYPHILIS,,,,,,monthly,,,,,,,,,,,,,,series_registry,single_series,parity,,SER_AU_CONGENITAL_SYPHILIS,1,The public curve is read directly from one registered source series.,all,Australia NINDSS,https://www.health.gov.au/topics/national-notifiable-diseases-surveillance-system-nndss,microsoft_bi,all,Australia NINDSS,https://www.health.gov.au/topics/national-notifiable-diseases-surveillance-system-nndss,microsoft_bi
disease,D167,congenital-syphilis,Congenital syphilis,source_series_observation,AU,Australia,D167,Congenital syphilis,先天性梅毒,Bacterial,2000-08-01,2000-08,0,0,,,,,,SER_AU_CONGENITAL_SYPHILIS,SER_AU_CONGENITAL_SYPHILIS,SRC_AU_NINDSS,Syphilis congenital,case_notifications,notification,monthly,count,country:AU:national,all,exact,unknown,non_additive,active,missing_is_unknown,globalid-disease-ontology:2026.08.30.1,Australia NINDSS congenital syphilis notifications.,,provisional; raw,True,series_registry,single_series,parity,,SER_AU_CONGENITAL_SYPHILIS,1,The public curve is read directly from one registered source series.,all,Australia NINDSS,https://www.health.gov.au/topics/national-notifiable-diseases-surveillance-system-nndss,microsoft_bi,all,Australia NINDSS,https://www.health.gov.au/topics/national-notifiable-diseases-surveillance-system-nndss,microsoft_bi
disease,D167,congenital-syphilis,Congenital syphilis,public_projection,AU,Australia,D167,Congenital syphilis,先天性梅毒,Bacterial,2000-09-01,2000-09,0,0,,,0.0,wpp_computed,,SER_AU_CONGENITAL_SYPHILIS,,,,,,monthly,,,,,,,,,,,,,,series_registry,single_series,parity,,SER_AU_CONGENITAL_SYPHILIS,1,The public curve is read directly from one registered source series.,all,Australia NINDSS,https://www.health.gov.au/topics/national-notifiable-diseases-surveillance-system-nndss,microsoft_bi,all,Australia NINDSS,https://www.health.gov.au/topics/national-notifiable-diseases-surveillance-system-nndss,microsoft_bi
disease,D167,congenital-syphilis,Congenital syphilis,source_series_observation,AU,Australia,D167,Congenital syphilis,先天性梅毒,Bacterial,2000-09-01,2000-09,0,0,,,,,,SER_AU_CONGENITAL_SYPHILIS,SER_AU_CONGENITAL_SYPHILIS,SRC_AU_NINDSS,Syphilis congenital,case_notifications,notification,monthly,count,country:AU:national,all,exact,unknown,non_additive,active,missing_is_unknown,globalid-disease-ontology:2026.08.30.1,Australia NINDSS congenital syphilis notifications.,,provisional; raw,True,series_registry,single_series,parity,,SER_AU_CONGENITAL_SYPHILIS,1,The public curve is read directly from one registered source series.,all,Australia NINDSS,https://www.health.gov.au/topics/national-notifiable-diseases-surveillance-system-nndss,microsoft_bi,all,Australia NINDSS,https://www.health.gov.au/topics/national-notifiable-diseases-surveillance-system-nndss,microsoft_bi
disease,D167,congenital-syphilis,Congenital syphilis,public_projection,AU,Australia,D167,Congenital syphilis,先天性梅毒,Bacterial,2000-10-01,2000-10,0,0,,,0.0,wpp_computed,,SER_AU_CONGENITAL_SYPHILIS,,,,,,monthly,,,,,,,,,,,,,,series_registry,single_series,parity,,SER_AU_CONGENITAL_SYPHILIS,1,The public curve is read directly from one registered source series.,all,Australia NINDSS,https://www.health.gov.au/topics/national-notifiable-diseases-surveillance-system-nndss,microsoft_bi,all,Australia NINDSS,https://www.health.gov.au/topics/national-notifiable-diseases-surveillance-system-nndss,microsoft_bi
disease,D167,congenital-syphilis,Congenital syphilis,source_series_observation,AU,Australia,D167,Congenital syphilis,先天性梅毒,Bacterial,2000-10-01,2000-10,0,0,,,,,,SER_AU_CONGENITAL_SYPHILIS,SER_AU_CONGENITAL_SYPHILIS,SRC_AU_NINDSS,Syphilis congenital,case_notifications,notification,monthly,count,country:AU:national,all,exact,unknown,non_additive,active,missing_is_unknown,globalid-disease-ontology:2026.08.30.1,Australia NINDSS congenital syphilis notifications.,,provisional; raw,True,series_registry,single_series,parity,,SER_AU_CONGENITAL_SYPHILIS,1,The public curve is read directly from one registered source series.,all,Australia NINDSS,https://www.health.gov.au/topics/national-notifiable-diseases-surveillance-system-nndss,microsoft_bi,all,Australia NINDSS,https://www.health.gov.au/topics/national-notifiable-diseases-surveillance-system-nndss,microsoft_bi
disease,D167,congenital-syphilis,Congenital syphilis,public_projection,AU,Australia,D167,Congenital syphilis,先天性梅毒,Bacterial,2000-11-01,2000-11,0,0,,,0.0,wpp_computed,,SER_AU_CONGENITAL_SYPHILIS,,,,,,monthly,,,,,,,,,,,,,,series_registry,single_series,parity,,SER_AU_CONGENITAL_SYPHILIS,1,The public curve is read directly from one registered source series.,all,Australia NINDSS,https://www.health.gov.au/topics/national-notifiable-diseases-surveillance-system-nndss,microsoft_bi,all,Australia NINDSS,https://www.health.gov.au/topics/national-notifiable-diseases-surveillance-system-nndss,microsoft_bi
disease,D167,congenital-syphilis,Congenital syphilis,source_series_observation,AU,Australia,D167,Congenital syphilis,先天性梅毒,Bacterial,2000-11-01,2000-11,0,0,,,,,,SER_AU_CONGENITAL_SYPHILIS,SER_AU_CONGENITAL_SYPHILIS,SRC_AU_NINDSS,Syphilis congenital,case_notifications,notification,monthly,count,country:AU:national,all,exact,unknown,non_additive,active,missing_is_unknown,globalid-disease-ontology:2026.08.30.1,Australia NINDSS congenital syphilis notifications.,,provisional; raw,True,series_registry,single_series,parity,,SER_AU_CONGENITAL_SYPHILIS,1,The public curve is read directly from one registered source series.,all,Australia NINDSS,https://www.health.gov.au/topics/national-notifiable-diseases-surveillance-system-nndss,microsoft_bi,all,Australia NINDSS,https://www.health.gov.au/topics/national-notifiable-diseases-surveillance-system-nndss,microsoft_bi
disease,D167,congenital-syphilis,Congenital syphilis,public_projection,AU,Australia,D167,Congenital syphilis,先天性梅毒,Bacterial,2000-12-01,2000-12,0,0,,,0.0,wpp_computed,,SER_AU_CONGENITAL_SYPHILIS,,,,,,monthly,,,,,,,,,,,,,,series_registry,single_series,parity,,SER_AU_CONGENITAL_SYPHILIS,1,The public curve is read directly from one registered source series.,all,Australia NINDSS,https://www.health.gov.au/topics/national-notifiable-diseases-surveillance-system-nndss,microsoft_bi,all,Australia NINDSS,https://www.health.gov.au/topics/national-notifiable-diseases-surveillance-system-nndss,microsoft_bi
disease,D167,congenital-syphilis,Congenital syphilis,source_series_observation,AU,Australia,D167,Congenital syphilis,先天性梅毒,Bacterial,2000-12-01,2000-12,0,0,,,,,,SER_AU_CONGENITAL_SYPHILIS,SER_AU_CONGENITAL_SYPHILIS,SRC_AU_NINDSS,Syphilis congenital,case_notifications,notification,monthly,count,country:AU:national,all,exact,unknown,non_additive,active,missing_is_unknown,globalid-disease-ontology:2026.08.30.1,Australia NINDSS congenital syphilis notifications.,,provisional; raw,True,series_registry,single_series,parity,,SER_AU_CONGENITAL_SYPHILIS,1,The public curve is read directly from one registered source series.,all,Australia NINDSS,https://www.health.gov.au/topics/national-notifiable-diseases-surveillance-system-nndss,microsoft_bi,all,Australia NINDSS,https://www.health.gov.au/topics/national-notifiable-diseases-surveillance-system-nndss,microsoft_bi
disease,D167,congenital-syphilis,Congenital syphilis,public_projection,AU,Australia,D167,Congenital syphilis,先天性梅毒,Bacterial,2001-01-01,2001-01,0,0,,,0.0,wpp_computed,,SER_AU_CONGENITAL_SYPHILIS,,,,,,monthly,,,,,,,,,,,,,,series_registry,single_series,parity,,SER_AU_CONGENITAL_SYPHILIS,1,The public curve is read directly from one registered source series.,all,Australia NINDSS,https://www.health.gov.au/topics/national-notifiable-diseases-surveillance-system-nndss,microsoft_bi,all,Australia NINDSS,https://www.health.gov.au/topics/national-notifiable-diseases-surveillance-system-nndss,microsoft_bi
disease,D167,congenital-syphilis,Congenital syphilis,source_series_observation,AU,Australia,D167,Congenital syphilis,先天性梅毒,Bacterial,2001-01-01,2001-01,0,0,,,,,,SER_AU_CONGENITAL_SYPHILIS,SER_AU_CONGENITAL_SYPHILIS,SRC_AU_NINDSS,Syphilis congenital,case_notifications,notification,monthly,count,country:AU:national,all,exact,unknown,non_additive,active,missing_is_unknown,globalid-disease-ontology:2026.08.30.1,Australia NINDSS congenital syphilis notifications.,,provisional; raw,True,series_registry,single_series,parity,,SER_AU_CONGENITAL_SYPHILIS,1,The public curve is read directly from one registered source series.,all,Australia NINDSS,https://www.health.gov.au/topics/national-notifiable-diseases-surveillance-system-nndss,microsoft_bi,all,Australia NINDSS,https://www.health.gov.au/topics/national-notifiable-diseases-surveillance-system-nndss,microsoft_bi
disease,D167,congenital-syphilis,Congenital syphilis,public_projection,CA,Canada,D167,Congenital syphilis,先天性梅毒,Bacterial,2001-01-01,2001-01,1,1,,,0.0032037340673899697,wpp_computed,,SER_CA_PHAC_CNDSS_D174_ANNUAL,,,,,,annual,,,,,,,,,,,,,,series_registry,single_series,parity,,SER_CA_PHAC_CNDSS_D174_ANNUAL,1,The public curve is read directly from one registered source series.,all,Canada PHAC CNDSS Annual,https://diseases.canada.ca/notifiable/extract-dataset,web,all,Canada PHAC CNDSS Annual,https://diseases.canada.ca/notifiable/extract-dataset,web
disease,D167,congenital-syphilis,Congenital syphilis,source_series_observation,CA,Canada,D167,Congenital syphilis,先天性梅毒,Bacterial,2001-01-01,2001-01,1,1,,,,,,SER_CA_PHAC_CNDSS_D174_ANNUAL,SER_CA_PHAC_CNDSS_D174_ANNUAL,SRC_CA_PHAC_CNDSS,"Syphilis, Congenital",case_notifications,provincial_territorial_voluntary_notifications_national,annual,count,country:CA:national,all,exact,conditional,non_additive,active,missing_is_unknown,CNDSS_NATIONAL_ANNUAL_2026_08,PHAC CNDSS national annual reported count assembled from voluntary provincial and territorial submissions. Disease-specific reporting coverage and definitions vary over time; null cells are unknown and explicit zeroes are retained.,,raw,True,series_registry,single_series,parity,,SER_CA_PHAC_CNDSS_D174_ANNUAL,1,The public curve is read directly from one registered source series.,all,Canada PHAC CNDSS Annual,https://diseases.canada.ca/notifiable/extract-dataset,web,all,Canada PHAC CNDSS Annual,https://diseases.canada.ca/notifiable/extract-dataset,web
disease,D167,congenital-syphilis,Congenital syphilis,public_projection,AU,Australia,D167,Congenital syphilis,先天性梅毒,Bacterial,2001-02-01,2001-02,0,0,,,0.0,wpp_computed,,SER_AU_CONGENITAL_SYPHILIS,,,,,,monthly,,,,,,,,,,,,,,series_registry,single_series,parity,,SER_AU_CONGENITAL_SYPHILIS,1,The public curve is read directly from one registered source series.,all,Australia NINDSS,https://www.health.gov.au/topics/national-notifiable-diseases-surveillance-system-nndss,microsoft_bi,all,Australia NINDSS,https://www.health.gov.au/topics/national-notifiable-diseases-surveillance-system-nndss,microsoft_bi
disease,D167,congenital-syphilis,Congenital syphilis,source_series_observation,AU,Australia,D167,Congenital syphilis,先天性梅毒,Bacterial,2001-02-01,2001-02,0,0,,,,,,SER_AU_CONGENITAL_SYPHILIS,SER_AU_CONGENITAL_SYPHILIS,SRC_AU_NINDSS,Syphilis congenital,case_notifications,notification,monthly,count,country:AU:national,all,exact,unknown,non_additive,active,missing_is_unknown,globalid-disease-ontology:2026.08.30.1,Australia NINDSS congenital syphilis notifications.,,provisional; raw,True,series_registry,single_series,parity,,SER_AU_CONGENITAL_SYPHILIS,1,The public curve is read directly from one registered source series.,all,Australia NINDSS,https://www.health.gov.au/topics/national-notifiable-diseases-surveillance-system-nndss,microsoft_bi,all,Australia NINDSS,https://www.health.gov.au/topics/national-notifiable-diseases-surveillance-system-nndss,microsoft_bi
disease,D167,congenital-syphilis,Congenital syphilis,public_projection,AU,Australia,D167,Congenital syphilis,先天性梅毒,Bacterial,2001-03-01,2001-03,0,0,,,0.0,wpp_computed,,SER_AU_CONGENITAL_SYPHILIS,,,,,,monthly,,,,,,,,,,,,,,series_registry,single_series,parity,,SER_AU_CONGENITAL_SYPHILIS,1,The public curve is read directly from one registered source series.,all,Australia NINDSS,https://www.health.gov.au/topics/national-notifiable-diseases-surveillance-system-nndss,microsoft_bi,all,Australia NINDSS,https://www.health.gov.au/topics/national-notifiable-diseases-surveillance-system-nndss,microsoft_bi
disease,D167,congenital-syphilis,Congenital syphilis,source_series_observation,AU,Australia,D167,Congenital syphilis,先天性梅毒,Bacterial,2001-03-01,2001-03,0,0,,,,,,SER_AU_CONGENITAL_SYPHILIS,SER_AU_CONGENITAL_SYPHILIS,SRC_AU_NINDSS,Syphilis congenital,case_notifications,notification,monthly,count,country:AU:national,all,exact,unknown,non_additive,active,missing_is_unknown,globalid-disease-ontology:2026.08.30.1,Australia NINDSS congenital syphilis notifications.,,provisional; raw,True,series_registry,single_series,parity,,SER_AU_CONGENITAL_SYPHILIS,1,The public curve is read directly from one registered source series.,all,Australia NINDSS,https://www.health.gov.au/topics/national-notifiable-diseases-surveillance-system-nndss,microsoft_bi,all,Australia NINDSS,https://www.health.gov.au/topics/national-notifiable-diseases-surveillance-system-nndss,microsoft_bi
disease,D167,congenital-syphilis,Congenital syphilis,public_projection,AU,Australia,D167,Congenital syphilis,先天性梅毒,Bacterial,2001-04-01,2001-04,0,0,,,0.0,wpp_computed,,SER_AU_CONGENITAL_SYPHILIS,,,,,,monthly,,,,,,,,,,,,,,series_registry,single_series,parity,,SER_AU_CONGENITAL_SYPHILIS,1,The public curve is read directly from one registered source series.,all,Australia NINDSS,https://www.health.gov.au/topics/national-notifiable-diseases-surveillance-system-nndss,microsoft_bi,all,Australia NINDSS,https://www.health.gov.au/topics/national-notifiable-diseases-surveillance-system-nndss,microsoft_bi
disease,D167,congenital-syphilis,Congenital syphilis,source_series_observation,AU,Australia,D167,Congenital syphilis,先天性梅毒,Bacterial,2001-04-01,2001-04,0,0,,,,,,SER_AU_CONGENITAL_SYPHILIS,SER_AU_CONGENITAL_SYPHILIS,SRC_AU_NINDSS,Syphilis congenital,case_notifications,notification,monthly,count,country:AU:national,all,exact,unknown,non_additive,active,missing_is_unknown,globalid-disease-ontology:2026.08.30.1,Australia NINDSS congenital syphilis notifications.,,provisional; raw,True,series_registry,single_series,parity,,SER_AU_CONGENITAL_SYPHILIS,1,The public curve is read directly from one registered source series.,all,Australia NINDSS,https://www.health.gov.au/topics/national-notifiable-diseases-surveillance-system-nndss,microsoft_bi,all,Australia NINDSS,https://www.health.gov.au/topics/national-notifiable-diseases-surveillance-system-nndss,microsoft_bi
disease,D167,congenital-syphilis,Congenital syphilis,public_projection,AU,Australia,D167,Congenital syphilis,先天性梅毒,Bacterial,2001-05-01,2001-05,0,0,,,0.0,wpp_computed,,SER_AU_CONGENITAL_SYPHILIS,,,,,,monthly,,,,,,,,,,,,,,series_registry,single_series,parity,,SER_AU_CONGENITAL_SYPHILIS,1,The public curve is read directly from one registered source series.,all,Australia NINDSS,https://www.health.gov.au/topics/national-notifiable-diseases-surveillance-system-nndss,microsoft_bi,all,Australia NINDSS,https://www.health.gov.au/topics/national-notifiable-diseases-surveillance-system-nndss,microsoft_bi
disease,D167,congenital-syphilis,Congenital syphilis,source_series_observation,AU,Australia,D167,Congenital syphilis,先天性梅毒,Bacterial,2001-05-01,2001-05,0,0,,,,,,SER_AU_CONGENITAL_SYPHILIS,SER_AU_CONGENITAL_SYPHILIS,SRC_AU_NINDSS,Syphilis congenital,case_notifications,notification,monthly,count,country:AU:national,all,exact,unknown,non_additive,active,missing_is_unknown,globalid-disease-ontology:2026.08.30.1,Australia NINDSS congenital syphilis notifications.,,provisional; raw,True,series_registry,single_series,parity,,SER_AU_CONGENITAL_SYPHILIS,1,The public curve is read directly from one registered source series.,all,Australia NINDSS,https://www.health.gov.au/topics/national-notifiable-diseases-surveillance-system-nndss,microsoft_bi,all,Australia NINDSS,https://www.health.gov.au/topics/national-notifiable-diseases-surveillance-system-nndss,microsoft_bi
disease,D167,congenital-syphilis,Congenital syphilis,public_projection,AU,Australia,D167,Congenital syphilis,先天性梅毒,Bacterial,2001-06-01,2001-06,0,0,,,0.0,wpp_computed,,SER_AU_CONGENITAL_SYPHILIS,,,,,,monthly,,,,,,,,,,,,,,series_registry,single_series,parity,,SER_AU_CONGENITAL_SYPHILIS,1,The public curve is read directly from one registered source series.,all,Australia NINDSS,https://www.health.gov.au/topics/national-notifiable-diseases-surveillance-system-nndss,microsoft_bi,all,Australia NINDSS,https://www.health.gov.au/topics/national-notifiable-diseases-surveillance-system-nndss,microsoft_bi
disease,D167,congenital-syphilis,Congenital syphilis,source_series_observation,AU,Australia,D167,Congenital syphilis,先天性梅毒,Bacterial,2001-06-01,2001-06,0,0,,,,,,SER_AU_CONGENITAL_SYPHILIS,SER_AU_CONGENITAL_SYPHILIS,SRC_AU_NINDSS,Syphilis congenital,case_notifications,notification,monthly,count,country:AU:national,all,exact,unknown,non_additive,active,missing_is_unknown,globalid-disease-ontology:2026.08.30.1,Australia NINDSS congenital syphilis notifications.,,provisional; raw,True,series_registry,single_series,parity,,SER_AU_CONGENITAL_SYPHILIS,1,The public curve is read directly from one registered source series.,all,Australia NINDSS,https://www.health.gov.au/topics/national-notifiable-diseases-surveillance-system-nndss,microsoft_bi,all,Australia NINDSS,https://www.health.gov.au/topics/national-notifiable-diseases-surveillance-system-nndss,microsoft_bi
disease,D167,congenital-syphilis,Congenital syphilis,public_projection,AU,Australia,D167,Congenital syphilis,先天性梅毒,Bacterial,2001-07-01,2001-07,0,0,,,0.0,wpp_computed,,SER_AU_CONGENITAL_SYPHILIS,,,,,,monthly,,,,,,,,,,,,,,series_registry,single_series,parity,,SER_AU_CONGENITAL_SYPHILIS,1,The public curve is read directly from one registered source series.,all,Australia NINDSS,https://www.health.gov.au/topics/national-notifiable-diseases-surveillance-system-nndss,microsoft_bi,all,Australia NINDSS,https://www.health.gov.au/topics/national-notifiable-diseases-surveillance-system-nndss,microsoft_bi
disease,D167,congenital-syphilis,Congenital syphilis,source_series_observation,AU,Australia,D167,Congenital syphilis,先天性梅毒,Bacterial,2001-07-01,2001-07,0,0,,,,,,SER_AU_CONGENITAL_SYPHILIS,SER_AU_CONGENITAL_SYPHILIS,SRC_AU_NINDSS,Syphilis congenital,case_notifications,notification,monthly,count,country:AU:national,all,exact,unknown,non_additive,active,missing_is_unknown,globalid-disease-ontology:2026.08.30.1,Australia NINDSS congenital syphilis notifications.,,provisional; raw,True,series_registry,single_series,parity,,SER_AU_CONGENITAL_SYPHILIS,1,The public curve is read directly from one registered source series.,all,Australia NINDSS,https://www.health.gov.au/topics/national-notifiable-diseases-surveillance-system-nndss,microsoft_bi,all,Australia NINDSS,https://www.health.gov.au/topics/national-notifiable-diseases-surveillance-system-nndss,microsoft_bi
disease,D167,congenital-syphilis,Congenital syphilis,public_projection,AU,Australia,D167,Congenital syphilis,先天性梅毒,Bacterial,2001-08-01,2001-08,0,0,,,0.0,wpp_computed,,SER_AU_CONGENITAL_SYPHILIS,,,,,,monthly,,,,,,,,,,,,,,series_registry,single_series,parity,,SER_AU_CONGENITAL_SYPHILIS,1,The public curve is read directly from one registered source series.,all,Australia NINDSS,https://www.health.gov.au/topics/national-notifiable-diseases-surveillance-system-nndss,microsoft_bi,all,Australia NINDSS,https://www.health.gov.au/topics/national-notifiable-diseases-surveillance-system-nndss,microsoft_bi
disease,D167,congenital-syphilis,Congenital syphilis,source_series_observation,AU,Australia,D167,Congenital syphilis,先天性梅毒,Bacterial,2001-08-01,2001-08,0,0,,,,,,SER_AU_CONGENITAL_SYPHILIS,SER_AU_CONGENITAL_SYPHILIS,SRC_AU_NINDSS,Syphilis congenital,case_notifications,notification,monthly,count,country:AU:national,all,exact,unknown,non_additive,active,missing_is_unknown,globalid-disease-ontology:2026.08.30.1,Australia NINDSS congenital syphilis notifications.,,provisional; raw,True,series_registry,single_series,parity,,SER_AU_CONGENITAL_SYPHILIS,1,The public curve is read directly from one registered source series.,all,Australia NINDSS,https://www.health.gov.au/topics/national-notifiable-diseases-surveillance-system-nndss,microsoft_bi,all,Australia NINDSS,https://www.health.gov.au/topics/national-notifiable-diseases-surveillance-system-nndss,microsoft_bi
disease,D167,congenital-syphilis,Congenital syphilis,public_projection,AU,Australia,D167,Congenital syphilis,先天性梅毒,Bacterial,2001-09-01,2001-09,0,0,,,0.0,wpp_computed,,SER_AU_CONGENITAL_SYPHILIS,,,,,,monthly,,,,,,,,,,,,,,series_registry,single_series,parity,,SER_AU_CONGENITAL_SYPHILIS,1,The public curve is read directly from one registered source series.,all,Australia NINDSS,https://www.health.gov.au/topics/national-notifiable-diseases-surveillance-system-nndss,microsoft_bi,all,Australia NINDSS,https://www.health.gov.au/topics/national-notifiable-diseases-surveillance-system-nndss,microsoft_bi
disease,D167,congenital-syphilis,Congenital syphilis,source_series_observation,AU,Australia,D167,Congenital syphilis,先天性梅毒,Bacterial,2001-09-01,2001-09,0,0,,,,,,SER_AU_CONGENITAL_SYPHILIS,SER_AU_CONGENITAL_SYPHILIS,SRC_AU_NINDSS,Syphilis congenital,case_notifications,notification,monthly,count,country:AU:national,all,exact,unknown,non_additive,active,missing_is_unknown,globalid-disease-ontology:2026.08.30.1,Australia NINDSS congenital syphilis notifications.,,provisional; raw,True,series_registry,single_series,parity,,SER_AU_CONGENITAL_SYPHILIS,1,The public curve is read directly from one registered source series.,all,Australia NINDSS,https://www.health.gov.au/topics/national-notifiable-diseases-surveillance-system-nndss,microsoft_bi,all,Australia NINDSS,https://www.health.gov.au/topics/national-notifiable-diseases-surveillance-system-nndss,microsoft_bi
disease,D167,congenital-syphilis,Congenital syphilis,public_projection,AU,Australia,D167,Congenital syphilis,先天性梅毒,Bacterial,2001-10-01,2001-10,0,0,,,0.0,wpp_computed,,SER_AU_CONGENITAL_SYPHILIS,,,,,,monthly,,,,,,,,,,,,,,series_registry,single_series,parity,,SER_AU_CONGENITAL_SYPHILIS,1,The public curve is read directly from one registered source series.,all,Australia NINDSS,https://www.health.gov.au/topics/national-notifiable-diseases-surveillance-system-nndss,microsoft_bi,all,Australia NINDSS,https://www.health.gov.au/topics/national-notifiable-diseases-surveillance-system-nndss,microsoft_bi
disease,D167,congenital-syphilis,Congenital syphilis,source_series_observation,AU,Australia,D167,Congenital syphilis,先天性梅毒,Bacterial,2001-10-01,2001-10,0,0,,,,,,SER_AU_CONGENITAL_SYPHILIS,SER_AU_CONGENITAL_SYPHILIS,SRC_AU_NINDSS,Syphilis congenital,case_notifications,notification,monthly,count,country:AU:national,all,exact,unknown,non_additive,active,missing_is_unknown,globalid-disease-ontology:2026.08.30.1,Australia NINDSS congenital syphilis notifications.,,provisional; raw,True,series_registry,single_series,parity,,SER_AU_CONGENITAL_SYPHILIS,1,The public curve is read directly from one registered source series.,all,Australia NINDSS,https://www.health.gov.au/topics/national-notifiable-diseases-surveillance-system-nndss,microsoft_bi,all,Australia NINDSS,https://www.health.gov.au/topics/national-notifiable-diseases-surveillance-system-nndss,microsoft_bi
disease,D167,congenital-syphilis,Congenital syphilis,public_projection,AU,Australia,D167,Congenital syphilis,先天性梅毒,Bacterial,2001-11-01,2001-11,0,0,,,0.0,wpp_computed,,SER_AU_CONGENITAL_SYPHILIS,,,,,,monthly,,,,,,,,,,,,,,series_registry,single_series,parity,,SER_AU_CONGENITAL_SYPHILIS,1,The public curve is read directly from one registered source series.,all,Australia NINDSS,https://www.health.gov.au/topics/national-notifiable-diseases-surveillance-system-nndss,microsoft_bi,all,Australia NINDSS,https://www.health.gov.au/topics/national-notifiable-diseases-surveillance-system-nndss,microsoft_bi
disease,D167,congenital-syphilis,Congenital syphilis,source_series_observation,AU,Australia,D167,Congenital syphilis,先天性梅毒,Bacterial,2001-11-01,2001-11,0,0,,,,,,SER_AU_CONGENITAL_SYPHILIS,SER_AU_CONGENITAL_SYPHILIS,SRC_AU_NINDSS,Syphilis congenital,case_notifications,notification,monthly,count,country:AU:national,all,exact,unknown,non_additive,active,missing_is_unknown,globalid-disease-ontology:2026.08.30.1,Australia NINDSS congenital syphilis notifications.,,provisional; raw,True,series_registry,single_series,parity,,SER_AU_CONGENITAL_SYPHILIS,1,The public curve is read directly from one registered source series.,all,Australia NINDSS,https://www.health.gov.au/topics/national-notifiable-diseases-surveillance-system-nndss,microsoft_bi,all,Australia NINDSS,https://www.health.gov.au/topics/national-notifiable-diseases-surveillance-system-nndss,microsoft_bi
disease,D167,congenital-syphilis,Congenital syphilis,public_projection,AU,Australia,D167,Congenital syphilis,先天性梅毒,Bacterial,2001-12-01,2001-12,0,0,,,0.0,wpp_computed,,SER_AU_CONGENITAL_SYPHILIS,,,,,,monthly,,,,,,,,,,,,,,series_registry,single_series,parity,,SER_AU_CONGENITAL_SYPHILIS,1,The public curve is read directly from one registered source series.,all,Australia NINDSS,https://www.health.gov.au/topics/national-notifiable-diseases-surveillance-system-nndss,microsoft_bi,all,Australia NINDSS,https://www.health.gov.au/topics/national-notifiable-diseases-surveillance-system-nndss,microsoft_bi
disease,D167,congenital-syphilis,Congenital syphilis,source_series_observation,AU,Australia,D167,Congenital syphilis,先天性梅毒,Bacterial,2001-12-01,2001-12,0,0,,,,,,SER_AU_CONGENITAL_SYPHILIS,SER_AU_CONGENITAL_SYPHILIS,SRC_AU_NINDSS,Syphilis congenital,case_notifications,notification,monthly,count,country:AU:national,all,exact,unknown,non_additive,active,missing_is_unknown,globalid-disease-ontology:2026.08.30.1,Australia NINDSS congenital syphilis notifications.,,provisional; raw,True,series_registry,single_series,parity,,SER_AU_CONGENITAL_SYPHILIS,1,The public curve is read directly from one registered source series.,all,Australia NINDSS,https://www.health.gov.au/topics/national-notifiable-diseases-surveillance-system-nndss,microsoft_bi,all,Australia NINDSS,https://www.health.gov.au/topics/national-notifiable-diseases-surveillance-system-nndss,microsoft_bi
disease,D167,congenital-syphilis,Congenital syphilis,public_projection,AU,Australia,D167,Congenital syphilis,先天性梅毒,Bacterial,2002-01-01,2002-01,0,0,,,0.0,wpp_computed,,SER_AU_CONGENITAL_SYPHILIS,,,,,,monthly,,,,,,,,,,,,,,series_registry,single_series,parity,,SER_AU_CONGENITAL_SYPHILIS,1,The public curve is read directly from one registered source series.,all,Australia NINDSS,https://www.health.gov.au/topics/national-notifiable-diseases-surveillance-system-nndss,microsoft_bi,all,Australia NINDSS,https://www.health.gov.au/topics/national-notifiable-diseases-surveillance-system-nndss,microsoft_bi
disease,D167,congenital-syphilis,Congenital syphilis,source_series_observation,AU,Australia,D167,Congenital syphilis,先天性梅毒,Bacterial,2002-01-01,2002-01,0,0,,,,,,SER_AU_CONGENITAL_SYPHILIS,SER_AU_CONGENITAL_SYPHILIS,SRC_AU_NINDSS,Syphilis congenital,case_notifications,notification,monthly,count,country:AU:national,all,exact,unknown,non_additive,active,missing_is_unknown,globalid-disease-ontology:2026.08.30.1,Australia NINDSS congenital syphilis notifications.,,provisional; raw,True,series_registry,single_series,parity,,SER_AU_CONGENITAL_SYPHILIS,1,The public curve is read directly from one registered source series.,all,Australia NINDSS,https://www.health.gov.au/topics/national-notifiable-diseases-surveillance-system-nndss,microsoft_bi,all,Australia NINDSS,https://www.health.gov.au/topics/national-notifiable-diseases-surveillance-system-nndss,microsoft_bi
disease,D167,congenital-syphilis,Congenital syphilis,public_projection,CA,Canada,D167,Congenital syphilis,先天性梅毒,Bacterial,2002-01-01,2002-01,4,4,,,0.012684086727125895,wpp_computed,,SER_CA_PHAC_CNDSS_D174_ANNUAL,,,,,,annual,,,,,,,,,,,,,,series_registry,single_series,parity,,SER_CA_PHAC_CNDSS_D174_ANNUAL,1,The public curve is read directly from one registered source series.,all,Canada PHAC CNDSS Annual,https://diseases.canada.ca/notifiable/extract-dataset,web,all,Canada PHAC CNDSS Annual,https://diseases.canada.ca/notifiable/extract-dataset,web
disease,D167,congenital-syphilis,Congenital syphilis,source_series_observation,CA,Canada,D167,Congenital syphilis,先天性梅毒,Bacterial,2002-01-01,2002-01,4,4,,,,,,SER_CA_PHAC_CNDSS_D174_ANNUAL,SER_CA_PHAC_CNDSS_D174_ANNUAL,SRC_CA_PHAC_CNDSS,"Syphilis, Congenital",case_notifications,provincial_territorial_voluntary_notifications_national,annual,count,country:CA:national,all,exact,conditional,non_additive,active,missing_is_unknown,CNDSS_NATIONAL_ANNUAL_2026_08,PHAC CNDSS national annual reported count assembled from voluntary provincial and territorial submissions. Disease-specific reporting coverage and definitions vary over time; null cells are unknown and explicit zeroes are retained.,,raw,True,series_registry,single_series,parity,,SER_CA_PHAC_CNDSS_D174_ANNUAL,1,The public curve is read directly from one registered source series.,all,Canada PHAC CNDSS Annual,https://diseases.canada.ca/notifiable/extract-dataset,web,all,Canada PHAC CNDSS Annual,https://diseases.canada.ca/notifiable/extract-dataset,web
disease,D167,congenital-syphilis,Congenital syphilis,public_projection,AU,Australia,D167,Congenital syphilis,先天性梅毒,Bacterial,2002-02-01,2002-02,0,0,,,0.0,wpp_computed,,SER_AU_CONGENITAL_SYPHILIS,,,,,,monthly,,,,,,,,,,,,,,series_registry,single_series,parity,,SER_AU_CONGENITAL_SYPHILIS,1,The public curve is read directly from one registered source series.,all,Australia NINDSS,https://www.health.gov.au/topics/national-notifiable-diseases-surveillance-system-nndss,microsoft_bi,all,Australia NINDSS,https://www.health.gov.au/topics/national-notifiable-diseases-surveillance-system-nndss,microsoft_bi
disease,D167,congenital-syphilis,Congenital syphilis,source_series_observation,AU,Australia,D167,Congenital syphilis,先天性梅毒,Bacterial,2002-02-01,2002-02,0,0,,,,,,SER_AU_CONGENITAL_SYPHILIS,SER_AU_CONGENITAL_SYPHILIS,SRC_AU_NINDSS,Syphilis congenital,case_notifications,notification,monthly,count,country:AU:national,all,exact,unknown,non_additive,active,missing_is_unknown,globalid-disease-ontology:2026.08.30.1,Australia NINDSS congenital syphilis notifications.,,provisional; raw,True,series_registry,single_series,parity,,SER_AU_CONGENITAL_SYPHILIS,1,The public curve is read directly from one registered source series.,all,Australia NINDSS,https://www.health.gov.au/topics/national-notifiable-diseases-surveillance-system-nndss,microsoft_bi,all,Australia NINDSS,https://www.health.gov.au/topics/national-notifiable-diseases-surveillance-system-nndss,microsoft_bi
disease,D167,congenital-syphilis,Congenital syphilis,public_projection,AU,Australia,D167,Congenital syphilis,先天性梅毒,Bacterial,2002-03-01,2002-03,0,0,,,0.0,wpp_computed,,SER_AU_CONGENITAL_SYPHILIS,,,,,,monthly,,,,,,,,,,,,,,series_registry,single_series,parity,,SER_AU_CONGENITAL_SYPHILIS,1,The public curve is read directly from one registered source series.,all,Australia NINDSS,https://www.health.gov.au/topics/national-notifiable-diseases-surveillance-system-nndss,microsoft_bi,all,Australia NINDSS,https://www.health.gov.au/topics/national-notifiable-diseases-surveillance-system-nndss,microsoft_bi
disease,D167,congenital-syphilis,Congenital syphilis,source_series_observation,AU,Australia,D167,Congenital syphilis,先天性梅毒,Bacterial,2002-03-01,2002-03,0,0,,,,,,SER_AU_CONGENITAL_SYPHILIS,SER_AU_CONGENITAL_SYPHILIS,SRC_AU_NINDSS,Syphilis congenital,case_notifications,notification,monthly,count,country:AU:national,all,exact,unknown,non_additive,active,missing_is_unknown,globalid-disease-ontology:2026.08.30.1,Australia NINDSS congenital syphilis notifications.,,provisional; raw,True,series_registry,single_series,parity,,SER_AU_CONGENITAL_SYPHILIS,1,The public curve is read directly from one registered source series.,all,Australia NINDSS,https://www.health.gov.au/topics/national-notifiable-diseases-surveillance-system-nndss,microsoft_bi,all,Australia NINDSS,https://www.health.gov.au/topics/national-notifiable-diseases-surveillance-system-nndss,microsoft_bi
disease,D167,congenital-syphilis,Congenital syphilis,public_projection,AU,Australia,D167,Congenital syphilis,先天性梅毒,Bacterial,2002-04-01,2002-04,0,0,,,0.0,wpp_computed,,SER_AU_CONGENITAL_SYPHILIS,,,,,,monthly,,,,,,,,,,,,,,series_registry,single_series,parity,,SER_AU_CONGENITAL_SYPHILIS,1,The public curve is read directly from one registered source series.,all,Australia NINDSS,https://www.health.gov.au/topics/national-notifiable-diseases-surveillance-system-nndss,microsoft_bi,all,Australia NINDSS,https://www.health.gov.au/topics/national-notifiable-diseases-surveillance-system-nndss,microsoft_bi
disease,D167,congenital-syphilis,Congenital syphilis,source_series_observation,AU,Australia,D167,Congenital syphilis,先天性梅毒,Bacterial,2002-04-01,2002-04,0,0,,,,,,SER_AU_CONGENITAL_SYPHILIS,SER_AU_CONGENITAL_SYPHILIS,SRC_AU_NINDSS,Syphilis congenital,case_notifications,notification,monthly,count,country:AU:national,all,exact,unknown,non_additive,active,missing_is_unknown,globalid-disease-ontology:2026.08.30.1,Australia NINDSS congenital syphilis notifications.,,provisional; raw,True,series_registry,single_series,parity,,SER_AU_CONGENITAL_SYPHILIS,1,The public curve is read directly from one registered source series.,all,Australia NINDSS,https://www.health.gov.au/topics/national-notifiable-diseases-surveillance-system-nndss,microsoft_bi,all,Australia NINDSS,https://www.health.gov.au/topics/national-notifiable-diseases-surveillance-system-nndss,microsoft_bi
disease,D167,congenital-syphilis,Congenital syphilis,public_projection,AU,Australia,D167,Congenital syphilis,先天性梅毒,Bacterial,2002-05-01,2002-05,0,0,,,0.0,wpp_computed,,SER_AU_CONGENITAL_SYPHILIS,,,,,,monthly,,,,,,,,,,,,,,series_registry,single_series,parity,,SER_AU_CONGENITAL_SYPHILIS,1,The public curve is read directly from one registered source series.,all,Australia NINDSS,https://www.health.gov.au/topics/national-notifiable-diseases-surveillance-system-nndss,microsoft_bi,all,Australia NINDSS,https://www.health.gov.au/topics/national-notifiable-diseases-surveillance-system-nndss,microsoft_bi
disease,D167,congenital-syphilis,Congenital syphilis,source_series_observation,AU,Australia,D167,Congenital syphilis,先天性梅毒,Bacterial,2002-05-01,2002-05,0,0,,,,,,SER_AU_CONGENITAL_SYPHILIS,SER_AU_CONGENITAL_SYPHILIS,SRC_AU_NINDSS,Syphilis congenital,case_notifications,notification,monthly,count,country:AU:national,all,exact,unknown,non_additive,active,missing_is_unknown,globalid-disease-ontology:2026.08.30.1,Australia NINDSS congenital syphilis notifications.,,provisional; raw,True,series_registry,single_series,parity,,SER_AU_CONGENITAL_SYPHILIS,1,The public curve is read directly from one registered source series.,all,Australia NINDSS,https://www.health.gov.au/topics/national-notifiable-diseases-surveillance-system-nndss,microsoft_bi,all,Australia NINDSS,https://www.health.gov.au/topics/national-notifiable-diseases-surveillance-system-nndss,microsoft_bi
disease,D167,congenital-syphilis,Congenital syphilis,public_projection,AU,Australia,D167,Congenital syphilis,先天性梅毒,Bacterial,2002-06-01,2002-06,0,0,,,0.0,wpp_computed,,SER_AU_CONGENITAL_SYPHILIS,,,,,,monthly,,,,,,,,,,,,,,series_registry,single_series,parity,,SER_AU_CONGENITAL_SYPHILIS,1,The public curve is read directly from one registered source series.,all,Australia NINDSS,https://www.health.gov.au/topics/national-notifiable-diseases-surveillance-system-nndss,microsoft_bi,all,Australia NINDSS,https://www.health.gov.au/topics/national-notifiable-diseases-surveillance-system-nndss,microsoft_bi
disease,D167,congenital-syphilis,Congenital syphilis,source_series_observation,AU,Australia,D167,Congenital syphilis,先天性梅毒,Bacterial,2002-06-01,2002-06,0,0,,,,,,SER_AU_CONGENITAL_SYPHILIS,SER_AU_CONGENITAL_SYPHILIS,SRC_AU_NINDSS,Syphilis congenital,case_notifications,notification,monthly,count,country:AU:national,all,exact,unknown,non_additive,active,missing_is_unknown,globalid-disease-ontology:2026.08.30.1,Australia NINDSS congenital syphilis notifications.,,provisional; raw,True,series_registry,single_series,parity,,SER_AU_CONGENITAL_SYPHILIS,1,The public curve is read directly from one registered source series.,all,Australia NINDSS,https://www.health.gov.au/topics/national-notifiable-diseases-surveillance-system-nndss,microsoft_bi,all,Australia NINDSS,https://www.health.gov.au/topics/national-notifiable-diseases-surveillance-system-nndss,microsoft_bi
disease,D167,congenital-syphilis,Congenital syphilis,public_projection,AU,Australia,D167,Congenital syphilis,先天性梅毒,Bacterial,2002-07-01,2002-07,0,0,,,0.0,wpp_computed,,SER_AU_CONGENITAL_SYPHILIS,,,,,,monthly,,,,,,,,,,,,,,series_registry,single_series,parity,,SER_AU_CONGENITAL_SYPHILIS,1,The public curve is read directly from one registered source series.,all,Australia NINDSS,https://www.health.gov.au/topics/national-notifiable-diseases-surveillance-system-nndss,microsoft_bi,all,Australia NINDSS,https://www.health.gov.au/topics/national-notifiable-diseases-surveillance-system-nndss,microsoft_bi
disease,D167,congenital-syphilis,Congenital syphilis,source_series_observation,AU,Australia,D167,Congenital syphilis,先天性梅毒,Bacterial,2002-07-01,2002-07,0,0,,,,,,SER_AU_CONGENITAL_SYPHILIS,SER_AU_CONGENITAL_SYPHILIS,SRC_AU_NINDSS,Syphilis congenital,case_notifications,notification,monthly,count,country:AU:national,all,exact,unknown,non_additive,active,missing_is_unknown,globalid-disease-ontology:2026.08.30.1,Australia NINDSS congenital syphilis notifications.,,provisional; raw,True,series_registry,single_series,parity,,SER_AU_CONGENITAL_SYPHILIS,1,The public curve is read directly from one registered source series.,all,Australia NINDSS,https://www.health.gov.au/topics/national-notifiable-diseases-surveillance-system-nndss,microsoft_bi,all,Australia NINDSS,https://www.health.gov.au/topics/national-notifiable-diseases-surveillance-system-nndss,microsoft_bi
disease,D167,congenital-syphilis,Congenital syphilis,public_projection,AU,Australia,D167,Congenital syphilis,先天性梅毒,Bacterial,2002-08-01,2002-08,0,0,,,0.0,wpp_computed,,SER_AU_CONGENITAL_SYPHILIS,,,,,,monthly,,,,,,,,,,,,,,series_registry,single_series,parity,,SER_AU_CONGENITAL_SYPHILIS,1,The public curve is read directly from one registered source series.,all,Australia NINDSS,https://www.health.gov.au/topics/national-notifiable-diseases-surveillance-system-nndss,microsoft_bi,all,Australia NINDSS,https://www.health.gov.au/topics/national-notifiable-diseases-surveillance-system-nndss,microsoft_bi
disease,D167,congenital-syphilis,Congenital syphilis,source_series_observation,AU,Australia,D167,Congenital syphilis,先天性梅毒,Bacterial,2002-08-01,2002-08,0,0,,,,,,SER_AU_CONGENITAL_SYPHILIS,SER_AU_CONGENITAL_SYPHILIS,SRC_AU_NINDSS,Syphilis congenital,case_notifications,notification,monthly,count,country:AU:national,all,exact,unknown,non_additive,active,missing_is_unknown,globalid-disease-ontology:2026.08.30.1,Australia NINDSS congenital syphilis notifications.,,provisional; raw,True,series_registry,single_series,parity,,SER_AU_CONGENITAL_SYPHILIS,1,The public curve is read directly from one registered source series.,all,Australia NINDSS,https://www.health.gov.au/topics/national-notifiable-diseases-surveillance-system-nndss,microsoft_bi,all,Australia NINDSS,https://www.health.gov.au/topics/national-notifiable-diseases-surveillance-system-nndss,microsoft_bi
disease,D167,congenital-syphilis,Congenital syphilis,public_projection,AU,Australia,D167,Congenital syphilis,先天性梅毒,Bacterial,2002-09-01,2002-09,0,0,,,0.0,wpp_computed,,SER_AU_CONGENITAL_SYPHILIS,,,,,,monthly,,,,,,,,,,,,,,series_registry,single_series,parity,,SER_AU_CONGENITAL_SYPHILIS,1,The public curve is read directly from one registered source series.,all,Australia NINDSS,https://www.health.gov.au/topics/national-notifiable-diseases-surveillance-system-nndss,microsoft_bi,all,Australia NINDSS,https://www.health.gov.au/topics/national-notifiable-diseases-surveillance-system-nndss,microsoft_bi
disease,D167,congenital-syphilis,Congenital syphilis,source_series_observation,AU,Australia,D167,Congenital syphilis,先天性梅毒,Bacterial,2002-09-01,2002-09,0,0,,,,,,SER_AU_CONGENITAL_SYPHILIS,SER_AU_CONGENITAL_SYPHILIS,SRC_AU_NINDSS,Syphilis congenital,case_notifications,notification,monthly,count,country:AU:national,all,exact,unknown,non_additive,active,missing_is_unknown,globalid-disease-ontology:2026.08.30.1,Australia NINDSS congenital syphilis notifications.,,provisional; raw,True,series_registry,single_series,parity,,SER_AU_CONGENITAL_SYPHILIS,1,The public curve is read directly from one registered source series.,all,Australia NINDSS,https://www.health.gov.au/topics/national-notifiable-diseases-surveillance-system-nndss,microsoft_bi,all,Australia NINDSS,https://www.health.gov.au/topics/national-notifiable-diseases-surveillance-system-nndss,microsoft_bi
disease,D167,congenital-syphilis,Congenital syphilis,public_projection,AU,Australia,D167,Congenital syphilis,先天性梅毒,Bacterial,2002-10-01,2002-10,0,0,,,0.0,wpp_computed,,SER_AU_CONGENITAL_SYPHILIS,,,,,,monthly,,,,,,,,,,,,,,series_registry,single_series,parity,,SER_AU_CONGENITAL_SYPHILIS,1,The public curve is read directly from one registered source series.,all,Australia NINDSS,https://www.health.gov.au/topics/national-notifiable-diseases-surveillance-system-nndss,microsoft_bi,all,Australia NINDSS,https://www.health.gov.au/topics/national-notifiable-diseases-surveillance-system-nndss,microsoft_bi
disease,D167,congenital-syphilis,Congenital syphilis,source_series_observation,AU,Australia,D167,Congenital syphilis,先天性梅毒,Bacterial,2002-10-01,2002-10,0,0,,,,,,SER_AU_CONGENITAL_SYPHILIS,SER_AU_CONGENITAL_SYPHILIS,SRC_AU_NINDSS,Syphilis congenital,case_notifications,notification,monthly,count,country:AU:national,all,exact,unknown,non_additive,active,missing_is_unknown,globalid-disease-ontology:2026.08.30.1,Australia NINDSS congenital syphilis notifications.,,provisional; raw,True,series_registry,single_series,parity,,SER_AU_CONGENITAL_SYPHILIS,1,The public curve is read directly from one registered source series.,all,Australia NINDSS,https://www.health.gov.au/topics/national-notifiable-diseases-surveillance-system-nndss,microsoft_bi,all,Australia NINDSS,https://www.health.gov.au/topics/national-notifiable-diseases-surveillance-system-nndss,microsoft_bi
disease,D167,congenital-syphilis,Congenital syphilis,public_projection,AU,Australia,D167,Congenital syphilis,先天性梅毒,Bacterial,2002-11-01,2002-11,0,0,,,0.0,wpp_computed,,SER_AU_CONGENITAL_SYPHILIS,,,,,,monthly,,,,,,,,,,,,,,series_registry,single_series,parity,,SER_AU_CONGENITAL_SYPHILIS,1,The public curve is read directly from one registered source series.,all,Australia NINDSS,https://www.health.gov.au/topics/national-notifiable-diseases-surveillance-system-nndss,microsoft_bi,all,Australia NINDSS,https://www.health.gov.au/topics/national-notifiable-diseases-surveillance-system-nndss,microsoft_bi
disease,D167,congenital-syphilis,Congenital syphilis,source_series_observation,AU,Australia,D167,Congenital syphilis,先天性梅毒,Bacterial,2002-11-01,2002-11,0,0,,,,,,SER_AU_CONGENITAL_SYPHILIS,SER_AU_CONGENITAL_SYPHILIS,SRC_AU_NINDSS,Syphilis congenital,case_notifications,notification,monthly,count,country:AU:national,all,exact,unknown,non_additive,active,missing_is_unknown,globalid-disease-ontology:2026.08.30.1,Australia NINDSS congenital syphilis notifications.,,provisional; raw,True,series_registry,single_series,parity,,SER_AU_CONGENITAL_SYPHILIS,1,The public curve is read directly from one registered source series.,all,Australia NINDSS,https://www.health.gov.au/topics/national-notifiable-diseases-surveillance-system-nndss,microsoft_bi,all,Australia NINDSS,https://www.health.gov.au/topics/national-notifiable-diseases-surveillance-system-nndss,microsoft_bi
disease,D167,congenital-syphilis,Congenital syphilis,public_projection,AU,Australia,D167,Congenital syphilis,先天性梅毒,Bacterial,2002-12-01,2002-12,0,0,,,0.0,wpp_computed,,SER_AU_CONGENITAL_SYPHILIS,,,,,,monthly,,,,,,,,,,,,,,series_registry,single_series,parity,,SER_AU_CONGENITAL_SYPHILIS,1,The public curve is read directly from one registered source series.,all,Australia NINDSS,https://www.health.gov.au/topics/national-notifiable-diseases-surveillance-system-nndss,microsoft_bi,all,Australia NINDSS,https://www.health.gov.au/topics/national-notifiable-diseases-surveillance-system-nndss,microsoft_bi
disease,D167,congenital-syphilis,Congenital syphilis,source_series_observation,AU,Australia,D167,Congenital syphilis,先天性梅毒,Bacterial,2002-12-01,2002-12,0,0,,,,,,SER_AU_CONGENITAL_SYPHILIS,SER_AU_CONGENITAL_SYPHILIS,SRC_AU_NINDSS,Syphilis congenital,case_notifications,notification,monthly,count,country:AU:national,all,exact,unknown,non_additive,active,missing_is_unknown,globalid-disease-ontology:2026.08.30.1,Australia NINDSS congenital syphilis notifications.,,provisional; raw,True,series_registry,single_series,parity,,SER_AU_CONGENITAL_SYPHILIS,1,The public curve is read directly from one registered source series.,all,Australia NINDSS,https://www.health.gov.au/topics/national-notifiable-diseases-surveillance-system-nndss,microsoft_bi,all,Australia NINDSS,https://www.health.gov.au/topics/national-notifiable-diseases-surveillance-system-nndss,microsoft_bi
disease,D167,congenital-syphilis,Congenital syphilis,public_projection,AU,Australia,D167,Congenital syphilis,先天性梅毒,Bacterial,2003-01-01,2003-01,1,1,,,0.005045547545216242,wpp_computed,,SER_AU_CONGENITAL_SYPHILIS,,,,,,monthly,,,,,,,,,,,,,,series_registry,single_series,parity,,SER_AU_CONGENITAL_SYPHILIS,1,The public curve is read directly from one registered source series.,all,Australia NINDSS,https://www.health.gov.au/topics/national-notifiable-diseases-surveillance-system-nndss,microsoft_bi,all,Australia NINDSS,https://www.health.gov.au/topics/national-notifiable-diseases-surveillance-system-nndss,microsoft_bi
disease,D167,congenital-syphilis,Congenital syphilis,source_series_observation,AU,Australia,D167,Congenital syphilis,先天性梅毒,Bacterial,2003-01-01,2003-01,1,1,,,,,,SER_AU_CONGENITAL_SYPHILIS,SER_AU_CONGENITAL_SYPHILIS,SRC_AU_NINDSS,Syphilis congenital,case_notifications,notification,monthly,count,country:AU:national,all,exact,unknown,non_additive,active,missing_is_unknown,globalid-disease-ontology:2026.08.30.1,Australia NINDSS congenital syphilis notifications.,,provisional; raw,True,series_registry,single_series,parity,,SER_AU_CONGENITAL_SYPHILIS,1,The public curve is read directly from one registered source series.,all,Australia NINDSS,https://www.health.gov.au/topics/national-notifiable-diseases-surveillance-system-nndss,microsoft_bi,all,Australia NINDSS,https://www.health.gov.au/topics/national-notifiable-diseases-surveillance-system-nndss,microsoft_bi
disease,D167,congenital-syphilis,Congenital syphilis,public_projection,CA,Canada,D167,Congenital syphilis,先天性梅毒,Bacterial,2003-01-01,2003-01,2,2,,,0.00628210114421562,wpp_computed,,SER_CA_PHAC_CNDSS_D174_ANNUAL,,,,,,annual,,,,,,,,,,,,,,series_registry,single_series,parity,,SER_CA_PHAC_CNDSS_D174_ANNUAL,1,The public curve is read directly from one registered source series.,all,Canada PHAC CNDSS Annual,https://diseases.canada.ca/notifiable/extract-dataset,web,all,Canada PHAC CNDSS Annual,https://diseases.canada.ca/notifiable/extract-dataset,web
disease,D167,congenital-syphilis,Congenital syphilis,source_series_observation,CA,Canada,D167,Congenital syphilis,先天性梅毒,Bacterial,2003-01-01,2003-01,2,2,,,,,,SER_CA_PHAC_CNDSS_D174_ANNUAL,SER_CA_PHAC_CNDSS_D174_ANNUAL,SRC_CA_PHAC_CNDSS,"Syphilis, Congenital",case_notifications,provincial_territorial_voluntary_notifications_national,annual,count,country:CA:national,all,exact,conditional,non_additive,active,missing_is_unknown,CNDSS_NATIONAL_ANNUAL_2026_08,PHAC CNDSS national annual reported count assembled from voluntary provincial and territorial submissions. Disease-specific reporting coverage and definitions vary over time; null cells are unknown and explicit zeroes are retained.,,raw,True,series_registry,single_series,parity,,SER_CA_PHAC_CNDSS_D174_ANNUAL,1,The public curve is read directly from one registered source series.,all,Canada PHAC CNDSS Annual,https://diseases.canada.ca/notifiable/extract-dataset,web,all,Canada PHAC CNDSS Annual,https://diseases.canada.ca/notifiable/extract-dataset,web
disease,D167,congenital-syphilis,Congenital syphilis,public_projection,AU,Australia,D167,Congenital syphilis,先天性梅毒,Bacterial,2003-02-01,2003-02,1,1,,,0.005045547545216242,wpp_computed,,SER_AU_CONGENITAL_SYPHILIS,,,,,,monthly,,,,,,,,,,,,,,series_registry,single_series,parity,,SER_AU_CONGENITAL_SYPHILIS,1,The public curve is read directly from one registered source series.,all,Australia NINDSS,https://www.health.gov.au/topics/national-notifiable-diseases-surveillance-system-nndss,microsoft_bi,all,Australia NINDSS,https://www.health.gov.au/topics/national-notifiable-diseases-surveillance-system-nndss,microsoft_bi
disease,D167,congenital-syphilis,Congenital syphilis,source_series_observation,AU,Australia,D167,Congenital syphilis,先天性梅毒,Bacterial,2003-02-01,2003-02,1,1,,,,,,SER_AU_CONGENITAL_SYPHILIS,SER_AU_CONGENITAL_SYPHILIS,SRC_AU_NINDSS,Syphilis congenital,case_notifications,notification,monthly,count,country:AU:national,all,exact,unknown,non_additive,active,missing_is_unknown,globalid-disease-ontology:2026.08.30.1,Australia NINDSS congenital syphilis notifications.,,provisional; raw,True,series_registry,single_series,parity,,SER_AU_CONGENITAL_SYPHILIS,1,The public curve is read directly from one registered source series.,all,Australia NINDSS,https://www.health.gov.au/topics/national-notifiable-diseases-surveillance-system-nndss,microsoft_bi,all,Australia NINDSS,https://www.health.gov.au/topics/national-notifiable-diseases-surveillance-system-nndss,microsoft_bi
disease,D167,congenital-syphilis,Congenital syphilis,public_projection,AU,Australia,D167,Congenital syphilis,先天性梅毒,Bacterial,2003-03-01,2003-03,1,1,,,0.005045547545216242,wpp_computed,,SER_AU_CONGENITAL_SYPHILIS,,,,,,monthly,,,,,,,,,,,,,,series_registry,single_series,parity,,SER_AU_CONGENITAL_SYPHILIS,1,The public curve is read directly from one registered source series.,all,Australia NINDSS,https://www.health.gov.au/topics/national-notifiable-diseases-surveillance-system-nndss,microsoft_bi,all,Australia NINDSS,https://www.health.gov.au/topics/national-notifiable-diseases-surveillance-system-nndss,microsoft_bi
disease,D167,congenital-syphilis,Congenital syphilis,source_series_observation,AU,Australia,D167,Congenital syphilis,先天性梅毒,Bacterial,2003-03-01,2003-03,1,1,,,,,,SER_AU_CONGENITAL_SYPHILIS,SER_AU_CONGENITAL_SYPHILIS,SRC_AU_NINDSS,Syphilis congenital,case_notifications,notification,monthly,count,country:AU:national,all,exact,unknown,non_additive,active,missing_is_unknown,globalid-disease-ontology:2026.08.30.1,Australia NINDSS congenital syphilis notifications.,,provisional; raw,True,series_registry,single_series,parity,,SER_AU_CONGENITAL_SYPHILIS,1,The public curve is read directly from one registered source series.,all,Australia NINDSS,https://www.health.gov.au/topics/national-notifiable-diseases-surveillance-system-nndss,microsoft_bi,all,Australia NINDSS,https://www.health.gov.au/topics/national-notifiable-diseases-surveillance-system-nndss,microsoft_bi
disease,D167,congenital-syphilis,Congenital syphilis,public_projection,AU,Australia,D167,Congenital syphilis,先天性梅毒,Bacterial,2003-04-01,2003-04,1,1,,,0.005045547545216242,wpp_computed,,SER_AU_CONGENITAL_SYPHILIS,,,,,,monthly,,,,,,,,,,,,,,series_registry,single_series,parity,,SER_AU_CONGENITAL_SYPHILIS,1,The public curve is read directly from one registered source series.,all,Australia NINDSS,https://www.health.gov.au/topics/national-notifiable-diseases-surveillance-system-nndss,microsoft_bi,all,Australia NINDSS,https://www.health.gov.au/topics/national-notifiable-diseases-surveillance-system-nndss,microsoft_bi
disease,D167,congenital-syphilis,Congenital syphilis,source_series_observation,AU,Australia,D167,Congenital syphilis,先天性梅毒,Bacterial,2003-04-01,2003-04,1,1,,,,,,SER_AU_CONGENITAL_SYPHILIS,SER_AU_CONGENITAL_SYPHILIS,SRC_AU_NINDSS,Syphilis congenital,case_notifications,notification,monthly,count,country:AU:national,all,exact,unknown,non_additive,active,missing_is_unknown,globalid-disease-ontology:2026.08.30.1,Australia NINDSS congenital syphilis notifications.,,provisional; raw,True,series_registry,single_series,parity,,SER_AU_CONGENITAL_SYPHILIS,1,The public curve is read directly from one registered source series.,all,Australia NINDSS,https://www.health.gov.au/topics/national-notifiable-diseases-surveillance-system-nndss,microsoft_bi,all,Australia NINDSS,https://www.health.gov.au/topics/national-notifiable-diseases-surveillance-system-nndss,microsoft_bi
disease,D167,congenital-syphilis,Congenital syphilis,public_projection,AU,Australia,D167,Congenital syphilis,先天性梅毒,Bacterial,2003-05-01,2003-05,3,3,,,0.015136642635648725,wpp_computed,,SER_AU_CONGENITAL_SYPHILIS,,,,,,monthly,,,,,,,,,,,,,,series_registry,single_series,parity,,SER_AU_CONGENITAL_SYPHILIS,1,The public curve is read directly from one registered source series.,all,Australia NINDSS,https://www.health.gov.au/topics/national-notifiable-diseases-surveillance-system-nndss,microsoft_bi,all,Australia NINDSS,https://www.health.gov.au/topics/national-notifiable-diseases-surveillance-system-nndss,microsoft_bi
disease,D167,congenital-syphilis,Congenital syphilis,source_series_observation,AU,Australia,D167,Congenital syphilis,先天性梅毒,Bacterial,2003-05-01,2003-05,3,3,,,,,,SER_AU_CONGENITAL_SYPHILIS,SER_AU_CONGENITAL_SYPHILIS,SRC_AU_NINDSS,Syphilis congenital,case_notifications,notification,monthly,count,country:AU:national,all,exact,unknown,non_additive,active,missing_is_unknown,globalid-disease-ontology:2026.08.30.1,Australia NINDSS congenital syphilis notifications.,,provisional; raw,True,series_registry,single_series,parity,,SER_AU_CONGENITAL_SYPHILIS,1,The public curve is read directly from one registered source series.,all,Australia NINDSS,https://www.health.gov.au/topics/national-notifiable-diseases-surveillance-system-nndss,microsoft_bi,all,Australia NINDSS,https://www.health.gov.au/topics/national-notifiable-diseases-surveillance-system-nndss,microsoft_bi
disease,D167,congenital-syphilis,Congenital syphilis,public_projection,AU,Australia,D167,Congenital syphilis,先天性梅毒,Bacterial,2003-06-01,2003-06,0,0,,,0.0,wpp_computed,,SER_AU_CONGENITAL_SYPHILIS,,,,,,monthly,,,,,,,,,,,,,,series_registry,single_series,parity,,SER_AU_CONGENITAL_SYPHILIS,1,The public curve is read directly from one registered source series.,all,Australia NINDSS,https://www.health.gov.au/topics/national-notifiable-diseases-surveillance-system-nndss,microsoft_bi,all,Australia NINDSS,https://www.health.gov.au/topics/national-notifiable-diseases-surveillance-system-nndss,microsoft_bi
disease,D167,congenital-syphilis,Congenital syphilis,source_series_observation,AU,Australia,D167,Congenital syphilis,先天性梅毒,Bacterial,2003-06-01,2003-06,0,0,,,,,,SER_AU_CONGENITAL_SYPHILIS,SER_AU_CONGENITAL_SYPHILIS,SRC_AU_NINDSS,Syphilis congenital,case_notifications,notification,monthly,count,country:AU:national,all,exact,unknown,non_additive,active,missing_is_unknown,globalid-disease-ontology:2026.08.30.1,Australia NINDSS congenital syphilis notifications.,,provisional; raw,True,series_registry,single_series,parity,,SER_AU_CONGENITAL_SYPHILIS,1,The public curve is read directly from one registered source series.,all,Australia NINDSS,https://www.health.gov.au/topics/national-notifiable-diseases-surveillance-system-nndss,microsoft_bi,all,Australia NINDSS,https://www.health.gov.au/topics/national-notifiable-diseases-surveillance-system-nndss,microsoft_bi
disease,D167,congenital-syphilis,Congenital syphilis,public_projection,AU,Australia,D167,Congenital syphilis,先天性梅毒,Bacterial,2003-07-01,2003-07,0,0,,,0.0,wpp_computed,,SER_AU_CONGENITAL_SYPHILIS,,,,,,monthly,,,,,,,,,,,,,,series_registry,single_series,parity,,SER_AU_CONGENITAL_SYPHILIS,1,The public curve is read directly from one registered source series.,all,Australia NINDSS,https://www.health.gov.au/topics/national-notifiable-diseases-surveillance-system-nndss,microsoft_bi,all,Australia NINDSS,https://www.health.gov.au/topics/national-notifiable-diseases-surveillance-system-nndss,microsoft_bi
disease,D167,congenital-syphilis,Congenital syphilis,source_series_observation,AU,Australia,D167,Congenital syphilis,先天性梅毒,Bacterial,2003-07-01,2003-07,0,0,,,,,,SER_AU_CONGENITAL_SYPHILIS,SER_AU_CONGENITAL_SYPHILIS,SRC_AU_NINDSS,Syphilis congenital,case_notifications,notification,monthly,count,country:AU:national,all,exact,unknown,non_additive,active,missing_is_unknown,globalid-disease-ontology:2026.08.30.1,Australia NINDSS congenital syphilis notifications.,,provisional; raw,True,series_registry,single_series,parity,,SER_AU_CONGENITAL_SYPHILIS,1,The public curve is read directly from one registered source series.,all,Australia NINDSS,https://www.health.gov.au/topics/national-notifiable-diseases-surveillance-system-nndss,microsoft_bi,all,Australia NINDSS,https://www.health.gov.au/topics/national-notifiable-diseases-surveillance-system-nndss,microsoft_bi
disease,D167,congenital-syphilis,Congenital syphilis,public_projection,AU,Australia,D167,Congenital syphilis,先天性梅毒,Bacterial,2003-08-01,2003-08,4,4,,,0.020182190180864968,wpp_computed,,SER_AU_CONGENITAL_SYPHILIS,,,,,,monthly,,,,,,,,,,,,,,series_registry,single_series,parity,,SER_AU_CONGENITAL_SYPHILIS,1,The public curve is read directly from one registered source series.,all,Australia NINDSS,https://www.health.gov.au/topics/national-notifiable-diseases-surveillance-system-nndss,microsoft_bi,all,Australia NINDSS,https://www.health.gov.au/topics/national-notifiable-diseases-surveillance-system-nndss,microsoft_bi
disease,D167,congenital-syphilis,Congenital syphilis,source_series_observation,AU,Australia,D167,Congenital syphilis,先天性梅毒,Bacterial,2003-08-01,2003-08,4,4,,,,,,SER_AU_CONGENITAL_SYPHILIS,SER_AU_CONGENITAL_SYPHILIS,SRC_AU_NINDSS,Syphilis congenital,case_notifications,notification,monthly,count,country:AU:national,all,exact,unknown,non_additive,active,missing_is_unknown,globalid-disease-ontology:2026.08.30.1,Australia NINDSS congenital syphilis notifications.,,provisional; raw,True,series_registry,single_series,parity,,SER_AU_CONGENITAL_SYPHILIS,1,The public curve is read directly from one registered source series.,all,Australia NINDSS,https://www.health.gov.au/topics/national-notifiable-diseases-surveillance-system-nndss,microsoft_bi,all,Australia NINDSS,https://www.health.gov.au/topics/national-notifiable-diseases-surveillance-system-nndss,microsoft_bi
disease,D167,congenital-syphilis,Congenital syphilis,public_projection,AU,Australia,D167,Congenital syphilis,先天性梅毒,Bacterial,2003-09-01,2003-09,1,1,,,0.005045547545216242,wpp_computed,,SER_AU_CONGENITAL_SYPHILIS,,,,,,monthly,,,,,,,,,,,,,,series_registry,single_series,parity,,SER_AU_CONGENITAL_SYPHILIS,1,The public curve is read directly from one registered source series.,all,Australia NINDSS,https://www.health.gov.au/topics/national-notifiable-diseases-surveillance-system-nndss,microsoft_bi,all,Australia NINDSS,https://www.health.gov.au/topics/national-notifiable-diseases-surveillance-system-nndss,microsoft_bi
disease,D167,congenital-syphilis,Congenital syphilis,source_series_observation,AU,Australia,D167,Congenital syphilis,先天性梅毒,Bacterial,2003-09-01,2003-09,1,1,,,,,,SER_AU_CONGENITAL_SYPHILIS,SER_AU_CONGENITAL_SYPHILIS,SRC_AU_NINDSS,Syphilis congenital,case_notifications,notification,monthly,count,country:AU:national,all,exact,unknown,non_additive,active,missing_is_unknown,globalid-disease-ontology:2026.08.30.1,Australia NINDSS congenital syphilis notifications.,,provisional; raw,True,series_registry,single_series,parity,,SER_AU_CONGENITAL_SYPHILIS,1,The public curve is read directly from one registered source series.,all,Australia NINDSS,https://www.health.gov.au/topics/national-notifiable-diseases-surveillance-system-nndss,microsoft_bi,all,Australia NINDSS,https://www.health.gov.au/topics/national-notifiable-diseases-surveillance-system-nndss,microsoft_bi
disease,D167,congenital-syphilis,Congenital syphilis,public_projection,AU,Australia,D167,Congenital syphilis,先天性梅毒,Bacterial,2003-10-01,2003-10,0,0,,,0.0,wpp_computed,,SER_AU_CONGENITAL_SYPHILIS,,,,,,monthly,,,,,,,,,,,,,,series_registry,single_series,parity,,SER_AU_CONGENITAL_SYPHILIS,1,The public curve is read directly from one registered source series.,all,Australia NINDSS,https://www.health.gov.au/topics/national-notifiable-diseases-surveillance-system-nndss,microsoft_bi,all,Australia NINDSS,https://www.health.gov.au/topics/national-notifiable-diseases-surveillance-system-nndss,microsoft_bi
disease,D167,congenital-syphilis,Congenital syphilis,source_series_observation,AU,Australia,D167,Congenital syphilis,先天性梅毒,Bacterial,2003-10-01,2003-10,0,0,,,,,,SER_AU_CONGENITAL_SYPHILIS,SER_AU_CONGENITAL_SYPHILIS,SRC_AU_NINDSS,Syphilis congenital,case_notifications,notification,monthly,count,country:AU:national,all,exact,unknown,non_additive,active,missing_is_unknown,globalid-disease-ontology:2026.08.30.1,Australia NINDSS congenital syphilis notifications.,,provisional; raw,True,series_registry,single_series,parity,,SER_AU_CONGENITAL_SYPHILIS,1,The public curve is read directly from one registered source series.,all,Australia NINDSS,https://www.health.gov.au/topics/national-notifiable-diseases-surveillance-system-nndss,microsoft_bi,all,Australia NINDSS,https://www.health.gov.au/topics/national-notifiable-diseases-surveillance-system-nndss,microsoft_bi
disease,D167,congenital-syphilis,Congenital syphilis,public_projection,AU,Australia,D167,Congenital syphilis,先天性梅毒,Bacterial,2003-11-01,2003-11,1,1,,,0.005045547545216242,wpp_computed,,SER_AU_CONGENITAL_SYPHILIS,,,,,,monthly,,,,,,,,,,,,,,series_registry,single_series,parity,,SER_AU_CONGENITAL_SYPHILIS,1,The public curve is read directly from one registered source series.,all,Australia NINDSS,https://www.health.gov.au/topics/national-notifiable-diseases-surveillance-system-nndss,microsoft_bi,all,Australia NINDSS,https://www.health.gov.au/topics/national-notifiable-diseases-surveillance-system-nndss,microsoft_bi
disease,D167,congenital-syphilis,Congenital syphilis,source_series_observation,AU,Australia,D167,Congenital syphilis,先天性梅毒,Bacterial,2003-11-01,2003-11,1,1,,,,,,SER_AU_CONGENITAL_SYPHILIS,SER_AU_CONGENITAL_SYPHILIS,SRC_AU_NINDSS,Syphilis congenital,case_notifications,notification,monthly,count,country:AU:national,all,exact,unknown,non_additive,active,missing_is_unknown,globalid-disease-ontology:2026.08.30.1,Australia NINDSS congenital syphilis notifications.,,provisional; raw,True,series_registry,single_series,parity,,SER_AU_CONGENITAL_SYPHILIS,1,The public curve is read directly from one registered source series.,all,Australia NINDSS,https://www.health.gov.au/topics/national-notifiable-diseases-surveillance-system-nndss,microsoft_bi,all,Australia NINDSS,https://www.health.gov.au/topics/national-notifiable-diseases-surveillance-system-nndss,microsoft_bi
disease,D167,congenital-syphilis,Congenital syphilis,public_projection,AU,Australia,D167,Congenital syphilis,先天性梅毒,Bacterial,2003-12-01,2003-12,0,0,,,0.0,wpp_computed,,SER_AU_CONGENITAL_SYPHILIS,,,,,,monthly,,,,,,,,,,,,,,series_registry,single_series,parity,,SER_AU_CONGENITAL_SYPHILIS,1,The public curve is read directly from one registered source series.,all,Australia NINDSS,https://www.health.gov.au/topics/national-notifiable-diseases-surveillance-system-nndss,microsoft_bi,all,Australia NINDSS,https://www.health.gov.au/topics/national-notifiable-diseases-surveillance-system-nndss,microsoft_bi
disease,D167,congenital-syphilis,Congenital syphilis,source_series_observation,AU,Australia,D167,Congenital syphilis,先天性梅毒,Bacterial,2003-12-01,2003-12,0,0,,,,,,SER_AU_CONGENITAL_SYPHILIS,SER_AU_CONGENITAL_SYPHILIS,SRC_AU_NINDSS,Syphilis congenital,case_notifications,notification,monthly,count,country:AU:national,all,exact,unknown,non_additive,active,missing_is_unknown,globalid-disease-ontology:2026.08.30.1,Australia NINDSS congenital syphilis notifications.,,provisional; raw,True,series_registry,single_series,parity,,SER_AU_CONGENITAL_SYPHILIS,1,The public curve is read directly from one registered source series.,all,Australia NINDSS,https://www.health.gov.au/topics/national-notifiable-diseases-surveillance-system-nndss,microsoft_bi,all,Australia NINDSS,https://www.health.gov.au/topics/national-notifiable-diseases-surveillance-system-nndss,microsoft_bi
disease,D167,congenital-syphilis,Congenital syphilis,public_projection,AU,Australia,D167,Congenital syphilis,先天性梅毒,Bacterial,2004-01-01,2004-01,2,2,,,0.009976715841732773,wpp_computed,,SER_AU_CONGENITAL_SYPHILIS,,,,,,monthly,,,,,,,,,,,,,,series_registry,single_series,parity,,SER_AU_CONGENITAL_SYPHILIS,1,The public curve is read directly from one registered source series.,all,Australia NINDSS,https://www.health.gov.au/topics/national-notifiable-diseases-surveillance-system-nndss,microsoft_bi,all,Australia NINDSS,https://www.health.gov.au/topics/national-notifiable-diseases-surveillance-system-nndss,microsoft_bi
disease,D167,congenital-syphilis,Congenital syphilis,source_series_observation,AU,Australia,D167,Congenital syphilis,先天性梅毒,Bacterial,2004-01-01,2004-01,2,2,,,,,,SER_AU_CONGENITAL_SYPHILIS,SER_AU_CONGENITAL_SYPHILIS,SRC_AU_NINDSS,Syphilis congenital,case_notifications,notification,monthly,count,country:AU:national,all,exact,unknown,non_additive,active,missing_is_unknown,globalid-disease-ontology:2026.08.30.1,Australia NINDSS congenital syphilis notifications.,,provisional; raw,True,series_registry,single_series,parity,,SER_AU_CONGENITAL_SYPHILIS,1,The public curve is read directly from one registered source series.,all,Australia NINDSS,https://www.health.gov.au/topics/national-notifiable-diseases-surveillance-system-nndss,microsoft_bi,all,Australia NINDSS,https://www.health.gov.au/topics/national-notifiable-diseases-surveillance-system-nndss,microsoft_bi
disease,D167,congenital-syphilis,Congenital syphilis,public_projection,BG,Bulgaria,D167,Congenital syphilis,先天性梅毒,Bacterial,2004-01-01,2004-01,0,0,,,0.0,wpp_computed,,SER_BG_ECDC_CONSYPH_ANNUAL,,,,,,annual,,,,,,,,,,,,,,series_registry,single_series,parity,,SER_BG_ECDC_CONSYPH_ANNUAL,1,The public curve is read directly from one registered source series.,ecdc_atlas_annual,ECDC Surveillance Atlas — Bulgaria Annual Baseline,https://atlas.ecdc.europa.eu/public/index.aspx/,official_ecdc_rest_aggregate,ecdc_atlas_annual,ECDC Surveillance Atlas — Bulgaria Annual Baseline,https://atlas.ecdc.europa.eu/public/index.aspx/,official_ecdc_rest_aggregate
disease,D167,congenital-syphilis,Congenital syphilis,source_series_observation,BG,Bulgaria,D167,Congenital syphilis,先天性梅毒,Bacterial,2004-01-01,2004-01,0,0,,,,,,SER_BG_ECDC_CONSYPH_ANNUAL,SER_BG_ECDC_CONSYPH_ANNUAL,SRC_BG_ECDC_ATLAS,"Syphilis, congenital",case_notifications,ecdc_member_state_reported_aggregate_surveillance,annual,count,country:BG:national,all,exact,conditional,non_additive,active,missing_is_unknown,ECDC_CURRENT_GENERAL_ANNUAL_2026_08,"Bulgaria annual Member-State reported aggregate cases from the public ECDC Surveillance Atlas; published zeroes are explicit, absent topic/year cells remain unknown, and combined populations are emitted only when every reviewed component is present. Data provided by ECDC based on data reported by EU/EEA Member States.",,raw,True,series_registry,single_series,parity,,SER_BG_ECDC_CONSYPH_ANNUAL,1,The public curve is read directly from one registered source series.,ecdc_atlas_annual,ECDC Surveillance Atlas — Bulgaria Annual Baseline,https://atlas.ecdc.europa.eu/public/index.aspx/,official_ecdc_rest_aggregate,ecdc_atlas_annual,ECDC Surveillance Atlas — Bulgaria Annual Baseline,https://atlas.ecdc.europa.eu/public/index.aspx/,official_ecdc_rest_aggregate
disease,D167,congenital-syphilis,Congenital syphilis,public_projection,CA,Canada,D167,Congenital syphilis,先天性梅毒,Bacterial,2004-01-01,2004-01,1,1,,,0.003112096712139846,wpp_computed,,SER_CA_PHAC_CNDSS_D174_ANNUAL,,,,,,annual,,,,,,,,,,,,,,series_registry,single_series,parity,,SER_CA_PHAC_CNDSS_D174_ANNUAL,1,The public curve is read directly from one registered source series.,all,Canada PHAC CNDSS Annual,https://diseases.canada.ca/notifiable/extract-dataset,web,all,Canada PHAC CNDSS Annual,https://diseases.canada.ca/notifiable/extract-dataset,web
disease,D167,congenital-syphilis,Congenital syphilis,source_series_observation,CA,Canada,D167,Congenital syphilis,先天性梅毒,Bacterial,2004-01-01,2004-01,1,1,,,,,,SER_CA_PHAC_CNDSS_D174_ANNUAL,SER_CA_PHAC_CNDSS_D174_ANNUAL,SRC_CA_PHAC_CNDSS,"Syphilis, Congenital",case_notifications,provincial_territorial_voluntary_notifications_national,annual,count,country:CA:national,all,exact,conditional,non_additive,active,missing_is_unknown,CNDSS_NATIONAL_ANNUAL_2026_08,PHAC CNDSS national annual reported count assembled from voluntary provincial and territorial submissions. Disease-specific reporting coverage and definitions vary over time; null cells are unknown and explicit zeroes are retained.,,raw,True,series_registry,single_series,parity,,SER_CA_PHAC_CNDSS_D174_ANNUAL,1,The public curve is read directly from one registered source series.,all,Canada PHAC CNDSS Annual,https://diseases.canada.ca/notifiable/extract-dataset,web,all,Canada PHAC CNDSS Annual,https://diseases.canada.ca/notifiable/extract-dataset,web
disease,D167,congenital-syphilis,Congenital syphilis,public_projection,CZ,Czechia,D167,Congenital syphilis,先天性梅毒,Bacterial,2004-01-01,2004-01,2,2,,,0.01949042384314224,wpp_computed,,SER_CZ_ECDC_CONSYPH_ANNUAL,,,,,,annual,,,,,,,,,,,,,,series_registry,single_series,parity,,SER_CZ_ECDC_CONSYPH_ANNUAL,1,The public curve is read directly from one registered source series.,ecdc_atlas_annual,ECDC Surveillance Atlas — Czechia Annual Baseline,https://atlas.ecdc.europa.eu/public/index.aspx/,official_ecdc_rest_aggregate,ecdc_atlas_annual,ECDC Surveillance Atlas — Czechia Annual Baseline,https://atlas.ecdc.europa.eu/public/index.aspx/,official_ecdc_rest_aggregate
disease,D167,congenital-syphilis,Congenital syphilis,source_series_observation,CZ,Czechia,D167,Congenital syphilis,先天性梅毒,Bacterial,2004-01-01,2004-01,2,2,,,,,,SER_CZ_ECDC_CONSYPH_ANNUAL,SER_CZ_ECDC_CONSYPH_ANNUAL,SRC_CZ_ECDC_ATLAS,"Syphilis, congenital",case_notifications,ecdc_member_state_reported_aggregate_surveillance,annual,count,country:CZ:national,all,exact,conditional,non_additive,active,missing_is_unknown,ECDC_CURRENT_GENERAL_ANNUAL_2026_08,"Czechia annual Member-State reported aggregate cases from the public ECDC Surveillance Atlas; published zeroes are explicit, absent topic/year cells remain unknown, and combined populations are emitted only when every reviewed component is present. Data provided by ECDC based on data reported by EU/EEA Member States.",,raw,True,series_registry,single_series,parity,,SER_CZ_ECDC_CONSYPH_ANNUAL,1,The public curve is read directly from one registered source series.,ecdc_atlas_annual,ECDC Surveillance Atlas — Czechia Annual Baseline,https://atlas.ecdc.europa.eu/public/index.aspx/,official_ecdc_rest_aggregate,ecdc_atlas_annual,ECDC Surveillance Atlas — Czechia Annual Baseline,https://atlas.ecdc.europa.eu/public/index.aspx/,official_ecdc_rest_aggregate
disease,D167,congenital-syphilis,Congenital syphilis,public_projection,DE,Germany,D167,Congenital syphilis,先天性梅毒,Bacterial,2004-01-01,2004-01,5,5,,,0.006090674910549454,wpp_computed,,SER_DE_ECDC_CONSYPH_ANNUAL,,,,,,annual,,,,,,,,,,,,,,series_registry,single_series,parity,,SER_DE_ECDC_CONSYPH_ANNUAL,1,The public curve is read directly from one registered source series.,rki_survstat,Germany RKI SurvStat 2.0,https://survstat.rki.de/Content/Query/Create.aspx,official_webforms_csv_export,rki_survstat,Germany RKI SurvStat 2.0,https://survstat.rki.de/Content/Query/Create.aspx,official_webforms_csv_export
disease,D167,congenital-syphilis,Congenital syphilis,source_series_observation,DE,Germany,D167,Congenital syphilis,先天性梅毒,Bacterial,2004-01-01,2004-01,5,5,,,,,,SER_DE_ECDC_CONSYPH_ANNUAL,SER_DE_ECDC_CONSYPH_ANNUAL,SRC_DE_ECDC_ATLAS,"Syphilis, congenital",case_notifications,ecdc_member_state_reported_aggregate_surveillance,annual,count,country:DE:national,all,exact,conditional,non_additive,active,missing_is_unknown,ECDC_CURRENT_GENERAL_ANNUAL_2026_08,"Germany annual Member-State reported aggregate cases from the public ECDC Surveillance Atlas; published zeroes are explicit, absent topic/year cells remain unknown, and combined populations are emitted only when every reviewed component is present. Data provided by ECDC based on data reported by EU/EEA Member States.",,raw,True,series_registry,single_series,parity,,SER_DE_ECDC_CONSYPH_ANNUAL,1,The public curve is read directly from one registered source series.,rki_survstat,Germany RKI SurvStat 2.0,https://survstat.rki.de/Content/Query/Create.aspx,official_webforms_csv_export,rki_survstat,Germany RKI SurvStat 2.0,https://survstat.rki.de/Content/Query/Create.aspx,official_webforms_csv_export
disease,D167,congenital-syphilis,Congenital syphilis,public_projection,DK,Denmark,D167,Congenital syphilis,先天性梅毒,Bacterial,2004-01-01,2004-01,0,0,,,0.0,wpp_computed,,SER_DK_ECDC_CONSYPH_ANNUAL,,,,,,annual,,,,,,,,,,,,,,series_registry,single_series,parity,,SER_DK_ECDC_CONSYPH_ANNUAL,1,The public curve is read directly from one registered source series.,ecdc_atlas_annual,ECDC Surveillance Atlas — Denmark Annual Baseline,https://atlas.ecdc.europa.eu/public/index.aspx/,official_ecdc_rest_aggregate,ecdc_atlas_annual,ECDC Surveillance Atlas — Denmark Annual Baseline,https://atlas.ecdc.europa.eu/public/index.aspx/,official_ecdc_rest_aggregate
disease,D167,congenital-syphilis,Congenital syphilis,source_series_observation,DK,Denmark,D167,Congenital syphilis,先天性梅毒,Bacterial,2004-01-01,2004-01,0,0,,,,,,SER_DK_ECDC_CONSYPH_ANNUAL,SER_DK_ECDC_CONSYPH_ANNUAL,SRC_DK_ECDC_ATLAS,"Syphilis, congenital",case_notifications,ecdc_member_state_reported_aggregate_surveillance,annual,count,country:DK:national,all,exact,conditional,non_additive,active,missing_is_unknown,ECDC_CURRENT_GENERAL_ANNUAL_2026_08,"Denmark annual Member-State reported aggregate cases from the public ECDC Surveillance Atlas; published zeroes are explicit, absent topic/year cells remain unknown, and combined populations are emitted only when every reviewed component is present. Data provided by ECDC based on data reported by EU/EEA Member States.",,raw,True,series_registry,single_series,parity,,SER_DK_ECDC_CONSYPH_ANNUAL,1,The public curve is read directly from one registered source series.,ecdc_atlas_annual,ECDC Surveillance Atlas — Denmark Annual Baseline,https://atlas.ecdc.europa.eu/public/index.aspx/,official_ecdc_rest_aggregate,ecdc_atlas_annual,ECDC Surveillance Atlas — Denmark Annual Baseline,https://atlas.ecdc.europa.eu/public/index.aspx/,official_ecdc_rest_aggregate
disease,D167,congenital-syphilis,Congenital syphilis,public_projection,EE,Estonia,D167,Congenital syphilis,先天性梅毒,Bacterial,2004-01-01,2004-01,0,0,,,0.0,wpp_computed,,SER_EE_ECDC_CONSYPH_ANNUAL,,,,,,annual,,,,,,,,,,,,,,series_registry,single_series,parity,,SER_EE_ECDC_CONSYPH_ANNUAL,1,The public curve is read directly from one registered source series.,ecdc_atlas_annual,ECDC Surveillance Atlas — Estonia Annual Baseline,https://atlas.ecdc.europa.eu/public/index.aspx/,official_ecdc_rest_aggregate,ecdc_atlas_annual,ECDC Surveillance Atlas — Estonia Annual Baseline,https://atlas.ecdc.europa.eu/public/index.aspx/,official_ecdc_rest_aggregate
disease,D167,congenital-syphilis,Congenital syphilis,source_series_observation,EE,Estonia,D167,Congenital syphilis,先天性梅毒,Bacterial,2004-01-01,2004-01,0,0,,,,,,SER_EE_ECDC_CONSYPH_ANNUAL,SER_EE_ECDC_CONSYPH_ANNUAL,SRC_EE_ECDC_ATLAS,"Syphilis, congenital",case_notifications,ecdc_member_state_reported_aggregate_surveillance,annual,count,country:EE:national,all,exact,conditional,non_additive,active,missing_is_unknown,ECDC_CURRENT_GENERAL_ANNUAL_2026_08,"Estonia annual Member-State reported aggregate cases from the public ECDC Surveillance Atlas; published zeroes are explicit, absent topic/year cells remain unknown, and combined populations are emitted only when every reviewed component is present. Data provided by ECDC based on data reported by EU/EEA Member States.",,raw,True,series_registry,single_series,parity,,SER_EE_ECDC_CONSYPH_ANNUAL,1,The public curve is read directly from one registered source series.,ecdc_atlas_annual,ECDC Surveillance Atlas — Estonia Annual Baseline,https://atlas.ecdc.europa.eu/public/index.aspx/,official_ecdc_rest_aggregate,ecdc_atlas_annual,ECDC Surveillance Atlas — Estonia Annual Baseline,https://atlas.ecdc.europa.eu/public/index.aspx/,official_ecdc_rest_aggregate
disease,D167,congenital-syphilis,Congenital syphilis,public_projection,ES,Spain,D167,Congenital syphilis,先天性梅毒,Bacterial,2004-01-01,2004-01,5,5,,,0.011564820611359902,wpp_computed,,SER_ES_ECDC_CONSYPH_ANNUAL,,,,,,annual,,,,,,,,,,,,,,series_registry,single_series,parity,,SER_ES_ECDC_CONSYPH_ANNUAL,1,The public curve is read directly from one registered source series.,ecdc_atlas_annual,ECDC Surveillance Atlas — Spain Annual Baseline,https://atlas.ecdc.europa.eu/public/index.aspx/,official_ecdc_rest_aggregate,ecdc_atlas_annual,ECDC Surveillance Atlas — Spain Annual Baseline,https://atlas.ecdc.europa.eu/public/index.aspx/,official_ecdc_rest_aggregate
disease,D167,congenital-syphilis,Congenital syphilis,source_series_observation,ES,Spain,D167,Congenital syphilis,先天性梅毒,Bacterial,2004-01-01,2004-01,5,5,,,,,,SER_ES_ECDC_CONSYPH_ANNUAL,SER_ES_ECDC_CONSYPH_ANNUAL,SRC_ES_ECDC_ATLAS,"Syphilis, congenital",case_notifications,ecdc_member_state_reported_aggregate_surveillance,annual,count,country:ES:national,all,exact,conditional,non_additive,active,missing_is_unknown,ECDC_CURRENT_GENERAL_ANNUAL_2026_08,"Spain annual Member-State reported aggregate cases from the public ECDC Surveillance Atlas; published zeroes are explicit, absent topic/year cells remain unknown, and combined populations are emitted only when every reviewed component is present. Data provided by ECDC based on data reported by EU/EEA Member States.",,raw,True,series_registry,single_series,parity,,SER_ES_ECDC_CONSYPH_ANNUAL,1,The public curve is read directly from one registered source series.,ecdc_atlas_annual,ECDC Surveillance Atlas — Spain Annual Baseline,https://atlas.ecdc.europa.eu/public/index.aspx/,official_ecdc_rest_aggregate,ecdc_atlas_annual,ECDC Surveillance Atlas — Spain Annual Baseline,https://atlas.ecdc.europa.eu/public/index.aspx/,official_ecdc_rest_aggregate
disease,D167,congenital-syphilis,Congenital syphilis,public_projection,GB,United Kingdom,D167,Congenital syphilis,先天性梅毒,Bacterial,2004-01-01,2004-01,8,8,,,0.013295669582135553,wpp_computed,,SER_GB_ECDC_CONSYPH_ANNUAL,,,,,,annual,,,,,,,,,,,,,,series_registry,single_series,parity,,SER_GB_ECDC_CONSYPH_ANNUAL,1,The public curve is read directly from one registered source series.,ecdc_atlas_annual,ECDC Surveillance Atlas — United Kingdom Annual Baseline,https://atlas.ecdc.europa.eu/public/index.aspx/,official_ecdc_rest_aggregate,ecdc_atlas_annual,ECDC Surveillance Atlas — United Kingdom Annual Baseline,https://atlas.ecdc.europa.eu/public/index.aspx/,official_ecdc_rest_aggregate
disease,D167,congenital-syphilis,Congenital syphilis,source_series_observation,GB,United Kingdom,D167,Congenital syphilis,先天性梅毒,Bacterial,2004-01-01,2004-01,8,8,,,,,,SER_GB_ECDC_CONSYPH_ANNUAL,SER_GB_ECDC_CONSYPH_ANNUAL,SRC_GB_ECDC_ATLAS,"Syphilis, congenital",case_notifications,ecdc_member_state_reported_aggregate_surveillance,annual,count,country:GB:national,all,exact,conditional,non_additive,active,missing_is_unknown,ECDC_CURRENT_GENERAL_ANNUAL_2026_08,"United Kingdom annual Member-State reported aggregate cases from the public ECDC Surveillance Atlas; published zeroes are explicit, absent topic/year cells remain unknown, and combined populations are emitted only when every reviewed component is present. Data provided by ECDC based on data reported by EU/EEA Member States.",,raw,True,series_registry,single_series,parity,,SER_GB_ECDC_CONSYPH_ANNUAL,1,The public curve is read directly from one registered source series.,ecdc_atlas_annual,ECDC Surveillance Atlas — United Kingdom Annual Baseline,https://atlas.ecdc.europa.eu/public/index.aspx/,official_ecdc_rest_aggregate,ecdc_atlas_annual,ECDC Surveillance Atlas — United Kingdom Annual Baseline,https://atlas.ecdc.europa.eu/public/index.aspx/,official_ecdc_rest_aggregate
disease,D167,congenital-syphilis,Congenital syphilis,public_projection,HU,Hungary,D167,Congenital syphilis,先天性梅毒,Bacterial,2004-01-01,2004-01,4,4,,,0.03965975499591455,wpp_computed,,SER_HU_ECDC_CONSYPH_ANNUAL,,,,,,annual,,,,,,,,,,,,,,series_registry,single_series,parity,,SER_HU_ECDC_CONSYPH_ANNUAL,1,The public curve is read directly from one registered source series.,ecdc_atlas_annual,ECDC Surveillance Atlas — Hungary Annual Baseline,https://atlas.ecdc.europa.eu/public/index.aspx/,official_ecdc_rest_aggregate,ecdc_atlas_annual,ECDC Surveillance Atlas — Hungary Annual Baseline,https://atlas.ecdc.europa.eu/public/index.aspx/,official_ecdc_rest_aggregate
disease,D167,congenital-syphilis,Congenital syphilis,source_series_observation,HU,Hungary,D167,Congenital syphilis,先天性梅毒,Bacterial,2004-01-01,2004-01,4,4,,,,,,SER_HU_ECDC_CONSYPH_ANNUAL,SER_HU_ECDC_CONSYPH_ANNUAL,SRC_HU_ECDC_ATLAS,"Syphilis, congenital",case_notifications,ecdc_member_state_reported_aggregate_surveillance,annual,count,country:HU:national,all,exact,conditional,non_additive,active,missing_is_unknown,ECDC_CURRENT_GENERAL_ANNUAL_2026_08,"Hungary annual Member-State reported aggregate cases from the public ECDC Surveillance Atlas; published zeroes are explicit, absent topic/year cells remain unknown, and combined populations are emitted only when every reviewed component is present. Data provided by ECDC based on data reported by EU/EEA Member States.",,raw,True,series_registry,single_series,parity,,SER_HU_ECDC_CONSYPH_ANNUAL,1,The public curve is read directly from one registered source series.,ecdc_atlas_annual,ECDC Surveillance Atlas — Hungary Annual Baseline,https://atlas.ecdc.europa.eu/public/index.aspx/,official_ecdc_rest_aggregate,ecdc_atlas_annual,ECDC Surveillance Atlas — Hungary Annual Baseline,https://atlas.ecdc.europa.eu/public/index.aspx/,official_ecdc_rest_aggregate
disease,D167,congenital-syphilis,Congenital syphilis,public_projection,IE,Ireland,D167,Congenital syphilis,先天性梅毒,Bacterial,2004-01-01,2004-01,0,0,,,0.0,wpp_computed,,SER_IE_ECDC_CONSYPH_ANNUAL,,,,,,annual,,,,,,,,,,,,,,series_registry,single_series,parity,,SER_IE_ECDC_CONSYPH_ANNUAL,1,The public curve is read directly from one registered source series.,hpsc_ndh,Ireland HPSC Notifiable Diseases Hub,https://notifiabledisease.hpsc.ie/,official_arcgis_feature_service,hpsc_ndh,Ireland HPSC Notifiable Diseases Hub,https://notifiabledisease.hpsc.ie/,official_arcgis_feature_service
disease,D167,congenital-syphilis,Congenital syphilis,source_series_observation,IE,Ireland,D167,Congenital syphilis,先天性梅毒,Bacterial,2004-01-01,2004-01,0,0,,,,,,SER_IE_ECDC_CONSYPH_ANNUAL,SER_IE_ECDC_CONSYPH_ANNUAL,SRC_IE_ECDC_ATLAS,"Syphilis, congenital",case_notifications,ecdc_member_state_reported_aggregate_surveillance,annual,count,country:IE:national,all,exact,conditional,non_additive,active,missing_is_unknown,ECDC_CURRENT_GENERAL_ANNUAL_2026_08,"Ireland annual Member-State reported aggregate cases from the public ECDC Surveillance Atlas; published zeroes are explicit, absent topic/year cells remain unknown, and combined populations are emitted only when every reviewed component is present. Data provided by ECDC based on data reported by EU/EEA Member States.",,raw,True,series_registry,single_series,parity,,SER_IE_ECDC_CONSYPH_ANNUAL,1,The public curve is read directly from one registered source series.,hpsc_ndh,Ireland HPSC Notifiable Diseases Hub,https://notifiabledisease.hpsc.ie/,official_arcgis_feature_service,hpsc_ndh,Ireland HPSC Notifiable Diseases Hub,https://notifiabledisease.hpsc.ie/,official_arcgis_feature_service
disease,D167,congenital-syphilis,Congenital syphilis,public_projection,IT,Italy,D167,Congenital syphilis,先天性梅毒,Bacterial,2004-01-01,2004-01,6,6,,,0.010313400609650893,wpp_computed,,SER_IT_ECDC_CONSYPH_ANNUAL,,,,,,annual,,,,,,,,,,,,,,series_registry,single_series,parity,,SER_IT_ECDC_CONSYPH_ANNUAL,1,The public curve is read directly from one registered source series.,ecdc_atlas_annual,ECDC Surveillance Atlas — Italy Annual Baseline,https://atlas.ecdc.europa.eu/public/index.aspx/,official_ecdc_rest_aggregate,ecdc_atlas_annual,ECDC Surveillance Atlas — Italy Annual Baseline,https://atlas.ecdc.europa.eu/public/index.aspx/,official_ecdc_rest_aggregate
disease,D167,congenital-syphilis,Congenital syphilis,source_series_observation,IT,Italy,D167,Congenital syphilis,先天性梅毒,Bacterial,2004-01-01,2004-01,6,6,,,,,,SER_IT_ECDC_CONSYPH_ANNUAL,SER_IT_ECDC_CONSYPH_ANNUAL,SRC_IT_ECDC_ATLAS,"Syphilis, congenital",case_notifications,ecdc_member_state_reported_aggregate_surveillance,annual,count,country:IT:national,all,exact,conditional,non_additive,active,missing_is_unknown,ECDC_CURRENT_GENERAL_ANNUAL_2026_08,"Italy annual Member-State reported aggregate cases from the public ECDC Surveillance Atlas; published zeroes are explicit, absent topic/year cells remain unknown, and combined populations are emitted only when every reviewed component is present. Data provided by ECDC based on data reported by EU/EEA Member States.",,raw,True,series_registry,single_series,parity,,SER_IT_ECDC_CONSYPH_ANNUAL,1,The public curve is read directly from one registered source series.,ecdc_atlas_annual,ECDC Surveillance Atlas — Italy Annual Baseline,https://atlas.ecdc.europa.eu/public/index.aspx/,official_ecdc_rest_aggregate,ecdc_atlas_annual,ECDC Surveillance Atlas — Italy Annual Baseline,https://atlas.ecdc.europa.eu/public/index.aspx/,official_ecdc_rest_aggregate
disease,D167,congenital-syphilis,Congenital syphilis,public_projection,LT,Lithuania,D167,Congenital syphilis,先天性梅毒,Bacterial,2004-01-01,2004-01,0,0,,,0.0,wpp_computed,,SER_LT_ECDC_CONSYPH_ANNUAL,,,,,,annual,,,,,,,,,,,,,,series_registry,single_series,parity,,SER_LT_ECDC_CONSYPH_ANNUAL,1,The public curve is read directly from one registered source series.,ecdc_atlas_annual,ECDC Surveillance Atlas — Lithuania Annual Baseline,https://atlas.ecdc.europa.eu/public/index.aspx/,official_ecdc_rest_aggregate,ecdc_atlas_annual,ECDC Surveillance Atlas — Lithuania Annual Baseline,https://atlas.ecdc.europa.eu/public/index.aspx/,official_ecdc_rest_aggregate
disease,D167,congenital-syphilis,Congenital syphilis,source_series_observation,LT,Lithuania,D167,Congenital syphilis,先天性梅毒,Bacterial,2004-01-01,2004-01,0,0,,,,,,SER_LT_ECDC_CONSYPH_ANNUAL,SER_LT_ECDC_CONSYPH_ANNUAL,SRC_LT_ECDC_ATLAS,"Syphilis, congenital",case_notifications,ecdc_member_state_reported_aggregate_surveillance,annual,count,country:LT:national,all,exact,conditional,non_additive,active,missing_is_unknown,ECDC_CURRENT_GENERAL_ANNUAL_2026_08,"Lithuania annual Member-State reported aggregate cases from the public ECDC Surveillance Atlas; published zeroes are explicit, absent topic/year cells remain unknown, and combined populations are emitted only when every reviewed component is present. Data provided by ECDC based on data reported by EU/EEA Member States.",,raw,True,series_registry,single_series,parity,,SER_LT_ECDC_CONSYPH_ANNUAL,1,The public curve is read directly from one registered source series.,ecdc_atlas_annual,ECDC Surveillance Atlas — Lithuania Annual Baseline,https://atlas.ecdc.europa.eu/public/index.aspx/,official_ecdc_rest_aggregate,ecdc_atlas_annual,ECDC Surveillance Atlas — Lithuania Annual Baseline,https://atlas.ecdc.europa.eu/public/index.aspx/,official_ecdc_rest_aggregate
disease,D167,congenital-syphilis,Congenital syphilis,public_projection,LV,Latvia,D167,Congenital syphilis,先天性梅毒,Bacterial,2004-01-01,2004-01,1,1,,,0.04416621690735783,wpp_computed,,SER_LV_ECDC_CONSYPH_ANNUAL,,,,,,annual,,,,,,,,,,,,,,series_registry,single_series,parity,,SER_LV_ECDC_CONSYPH_ANNUAL,1,The public curve is read directly from one registered source series.,ecdc_atlas_annual,ECDC Surveillance Atlas — Latvia Annual Baseline,https://atlas.ecdc.europa.eu/public/index.aspx/,official_ecdc_rest_aggregate,ecdc_atlas_annual,ECDC Surveillance Atlas — Latvia Annual Baseline,https://atlas.ecdc.europa.eu/public/index.aspx/,official_ecdc_rest_aggregate
disease,D167,congenital-syphilis,Congenital syphilis,source_series_observation,LV,Latvia,D167,Congenital syphilis,先天性梅毒,Bacterial,2004-01-01,2004-01,1,1,,,,,,SER_LV_ECDC_CONSYPH_ANNUAL,SER_LV_ECDC_CONSYPH_ANNUAL,SRC_LV_ECDC_ATLAS,"Syphilis, congenital",case_notifications,ecdc_member_state_reported_aggregate_surveillance,annual,count,country:LV:national,all,exact,conditional,non_additive,active,missing_is_unknown,ECDC_CURRENT_GENERAL_ANNUAL_2026_08,"Latvia annual Member-State reported aggregate cases from the public ECDC Surveillance Atlas; published zeroes are explicit, absent topic/year cells remain unknown, and combined populations are emitted only when every reviewed component is present. Data provided by ECDC based on data reported by EU/EEA Member States.",,raw,True,series_registry,single_series,parity,,SER_LV_ECDC_CONSYPH_ANNUAL,1,The public curve is read directly from one registered source series.,ecdc_atlas_annual,ECDC Surveillance Atlas — Latvia Annual Baseline,https://atlas.ecdc.europa.eu/public/index.aspx/,official_ecdc_rest_aggregate,ecdc_atlas_annual,ECDC Surveillance Atlas — Latvia Annual Baseline,https://atlas.ecdc.europa.eu/public/index.aspx/,official_ecdc_rest_aggregate
disease,D167,congenital-syphilis,Congenital syphilis,public_projection,NO,Norway,D167,Congenital syphilis,先天性梅毒,Bacterial,2004-01-01,2004-01,0,0,,,0.0,wpp_computed,,SER_NO_ECDC_CONSYPH_ANNUAL,,,,,,annual,,,,,,,,,,,,,,series_registry,single_series,parity,,SER_NO_ECDC_CONSYPH_ANNUAL,1,The public curve is read directly from one registered source series.,fhi_msis,Norway FHI MSIS Statistics Bank,https://allvis.fhi.no/msis,official_json_api,fhi_msis,Norway FHI MSIS Statistics Bank,https://allvis.fhi.no/msis,official_json_api
disease,D167,congenital-syphilis,Congenital syphilis,source_series_observation,NO,Norway,D167,Congenital syphilis,先天性梅毒,Bacterial,2004-01-01,2004-01,0,0,,,,,,SER_NO_ECDC_CONSYPH_ANNUAL,SER_NO_ECDC_CONSYPH_ANNUAL,SRC_NO_ECDC_ATLAS,"Syphilis, congenital",case_notifications,ecdc_member_state_reported_aggregate_surveillance,annual,count,country:NO:national,all,exact,conditional,non_additive,active,missing_is_unknown,ECDC_CURRENT_GENERAL_ANNUAL_2026_08,"Norway annual Member-State reported aggregate cases from the public ECDC Surveillance Atlas; published zeroes are explicit, absent topic/year cells remain unknown, and combined populations are emitted only when every reviewed component is present. Data provided by ECDC based on data reported by EU/EEA Member States.",,raw,True,series_registry,single_series,parity,,SER_NO_ECDC_CONSYPH_ANNUAL,1,The public curve is read directly from one registered source series.,fhi_msis,Norway FHI MSIS Statistics Bank,https://allvis.fhi.no/msis,official_json_api,fhi_msis,Norway FHI MSIS Statistics Bank,https://allvis.fhi.no/msis,official_json_api
disease,D167,congenital-syphilis,Congenital syphilis,public_projection,PT,Portugal,D167,Congenital syphilis,先天性梅毒,Bacterial,2004-01-01,2004-01,13,13,,,0.1240294516519602,wpp_computed,,SER_PT_ECDC_CONSYPH_ANNUAL,,,,,,annual,,,,,,,,,,,,,,series_registry,single_series,parity,,SER_PT_ECDC_CONSYPH_ANNUAL,1,The public curve is read directly from one registered source series.,ecdc_atlas_annual,ECDC Surveillance Atlas — Portugal Annual Baseline,https://atlas.ecdc.europa.eu/public/index.aspx/,official_ecdc_rest_aggregate,ecdc_atlas_annual,ECDC Surveillance Atlas — Portugal Annual Baseline,https://atlas.ecdc.europa.eu/public/index.aspx/,official_ecdc_rest_aggregate
disease,D167,congenital-syphilis,Congenital syphilis,source_series_observation,PT,Portugal,D167,Congenital syphilis,先天性梅毒,Bacterial,2004-01-01,2004-01,13,13,,,,,,SER_PT_ECDC_CONSYPH_ANNUAL,SER_PT_ECDC_CONSYPH_ANNUAL,SRC_PT_ECDC_ATLAS,"Syphilis, congenital",case_notifications,ecdc_member_state_reported_aggregate_surveillance,annual,count,country:PT:national,all,exact,conditional,non_additive,active,missing_is_unknown,ECDC_CURRENT_GENERAL_ANNUAL_2026_08,"Portugal annual Member-State reported aggregate cases from the public ECDC Surveillance Atlas; published zeroes are explicit, absent topic/year cells remain unknown, and combined populations are emitted only when every reviewed component is present. Data provided by ECDC based on data reported by EU/EEA Member States.",,raw,True,series_registry,single_series,parity,,SER_PT_ECDC_CONSYPH_ANNUAL,1,The public curve is read directly from one registered source series.,ecdc_atlas_annual,ECDC Surveillance Atlas — Portugal Annual Baseline,https://atlas.ecdc.europa.eu/public/index.aspx/,official_ecdc_rest_aggregate,ecdc_atlas_annual,ECDC Surveillance Atlas — Portugal Annual Baseline,https://atlas.ecdc.europa.eu/public/index.aspx/,official_ecdc_rest_aggregate
disease,D167,congenital-syphilis,Congenital syphilis,public_projection,RO,Romania,D167,Congenital syphilis,先天性梅毒,Bacterial,2004-01-01,2004-01,136,136,,,0.6354184832257113,wpp_computed,,SER_RO_ECDC_CONSYPH_ANNUAL,,,,,,annual,,,,,,,,,,,,,,series_registry,single_series,parity,,SER_RO_ECDC_CONSYPH_ANNUAL,1,The public curve is read directly from one registered source series.,ecdc_atlas_annual,ECDC Surveillance Atlas — Romania Annual Baseline,https://atlas.ecdc.europa.eu/public/index.aspx/,official_ecdc_rest_aggregate,ecdc_atlas_annual,ECDC Surveillance Atlas — Romania Annual Baseline,https://atlas.ecdc.europa.eu/public/index.aspx/,official_ecdc_rest_aggregate
disease,D167,congenital-syphilis,Congenital syphilis,source_series_observation,RO,Romania,D167,Congenital syphilis,先天性梅毒,Bacterial,2004-01-01,2004-01,136,136,,,,,,SER_RO_ECDC_CONSYPH_ANNUAL,SER_RO_ECDC_CONSYPH_ANNUAL,SRC_RO_ECDC_ATLAS,"Syphilis, congenital",case_notifications,ecdc_member_state_reported_aggregate_surveillance,annual,count,country:RO:national,all,exact,conditional,non_additive,active,missing_is_unknown,ECDC_CURRENT_GENERAL_ANNUAL_2026_08,"Romania annual Member-State reported aggregate cases from the public ECDC Surveillance Atlas; published zeroes are explicit, absent topic/year cells remain unknown, and combined populations are emitted only when every reviewed component is present. Data provided by ECDC based on data reported by EU/EEA Member States.",,raw,True,series_registry,single_series,parity,,SER_RO_ECDC_CONSYPH_ANNUAL,1,The public curve is read directly from one registered source series.,ecdc_atlas_annual,ECDC Surveillance Atlas — Romania Annual Baseline,https://atlas.ecdc.europa.eu/public/index.aspx/,official_ecdc_rest_aggregate,ecdc_atlas_annual,ECDC Surveillance Atlas — Romania Annual Baseline,https://atlas.ecdc.europa.eu/public/index.aspx/,official_ecdc_rest_aggregate
disease,D167,congenital-syphilis,Congenital syphilis,public_projection,SE,Sweden,D167,Congenital syphilis,先天性梅毒,Bacterial,2004-01-01,2004-01,1,1,,,0.0111187602004201,wpp_computed,,SER_SE_ECDC_CONSYPH_ANNUAL,,,,,,annual,,,,,,,,,,,,,,series_registry,single_series,parity,,SER_SE_ECDC_CONSYPH_ANNUAL,1,The public curve is read directly from one registered source series.,fohm_sminet,Sweden Public Health Agency SmiNet,https://www.folkhalsomyndigheten.se/statistik-och-data/hitta-statistik-och-data/smittsamma-sjukdomar-statistik/,official_html_csv,fohm_sminet,Sweden Public Health Agency SmiNet,https://www.folkhalsomyndigheten.se/statistik-och-data/hitta-statistik-och-data/smittsamma-sjukdomar-statistik/,official_html_csv
disease,D167,congenital-syphilis,Congenital syphilis,source_series_observation,SE,Sweden,D167,Congenital syphilis,先天性梅毒,Bacterial,2004-01-01,2004-01,1,1,,,,,,SER_SE_ECDC_CONSYPH_ANNUAL,SER_SE_ECDC_CONSYPH_ANNUAL,SRC_SE_ECDC_ATLAS,"Syphilis, congenital",case_notifications,ecdc_member_state_reported_aggregate_surveillance,annual,count,country:SE:national,all,exact,conditional,non_additive,active,missing_is_unknown,ECDC_CURRENT_GENERAL_ANNUAL_2026_08,"Sweden annual Member-State reported aggregate cases from the public ECDC Surveillance Atlas; published zeroes are explicit, absent topic/year cells remain unknown, and combined populations are emitted only when every reviewed component is present. Data provided by ECDC based on data reported by EU/EEA Member States.",,raw,True,series_registry,single_series,parity,,SER_SE_ECDC_CONSYPH_ANNUAL,1,The public curve is read directly from one registered source series.,fohm_sminet,Sweden Public Health Agency SmiNet,https://www.folkhalsomyndigheten.se/statistik-och-data/hitta-statistik-och-data/smittsamma-sjukdomar-statistik/,official_html_csv,fohm_sminet,Sweden Public Health Agency SmiNet,https://www.folkhalsomyndigheten.se/statistik-och-data/hitta-statistik-och-data/smittsamma-sjukdomar-statistik/,official_html_csv
disease,D167,congenital-syphilis,Congenital syphilis,public_projection,AU,Australia,D167,Congenital syphilis,先天性梅毒,Bacterial,2004-02-01,2004-02,0,0,,,0.0,wpp_computed,,SER_AU_CONGENITAL_SYPHILIS,,,,,,monthly,,,,,,,,,,,,,,series_registry,single_series,parity,,SER_AU_CONGENITAL_SYPHILIS,1,The public curve is read directly from one registered source series.,all,Australia NINDSS,https://www.health.gov.au/topics/national-notifiable-diseases-surveillance-system-nndss,microsoft_bi,all,Australia NINDSS,https://www.health.gov.au/topics/national-notifiable-diseases-surveillance-system-nndss,microsoft_bi
disease,D167,congenital-syphilis,Congenital syphilis,source_series_observation,AU,Australia,D167,Congenital syphilis,先天性梅毒,Bacterial,2004-02-01,2004-02,0,0,,,,,,SER_AU_CONGENITAL_SYPHILIS,SER_AU_CONGENITAL_SYPHILIS,SRC_AU_NINDSS,Syphilis congenital,case_notifications,notification,monthly,count,country:AU:national,all,exact,unknown,non_additive,active,missing_is_unknown,globalid-disease-ontology:2026.08.30.1,Australia NINDSS congenital syphilis notifications.,,provisional; raw,True,series_registry,single_series,parity,,SER_AU_CONGENITAL_SYPHILIS,1,The public curve is read directly from one registered source series.,all,Australia NINDSS,https://www.health.gov.au/topics/national-notifiable-diseases-surveillance-system-nndss,microsoft_bi,all,Australia NINDSS,https://www.health.gov.au/topics/national-notifiable-diseases-surveillance-system-nndss,microsoft_bi
disease,D167,congenital-syphilis,Congenital syphilis,public_projection,AU,Australia,D167,Congenital syphilis,先天性梅毒,Bacterial,2004-03-01,2004-03,0,0,,,0.0,wpp_computed,,SER_AU_CONGENITAL_SYPHILIS,,,,,,monthly,,,,,,,,,,,,,,series_registry,single_series,parity,,SER_AU_CONGENITAL_SYPHILIS,1,The public curve is read directly from one registered source series.,all,Australia NINDSS,https://www.health.gov.au/topics/national-notifiable-diseases-surveillance-system-nndss,microsoft_bi,all,Australia NINDSS,https://www.health.gov.au/topics/national-notifiable-diseases-surveillance-system-nndss,microsoft_bi
disease,D167,congenital-syphilis,Congenital syphilis,source_series_observation,AU,Australia,D167,Congenital syphilis,先天性梅毒,Bacterial,2004-03-01,2004-03,0,0,,,,,,SER_AU_CONGENITAL_SYPHILIS,SER_AU_CONGENITAL_SYPHILIS,SRC_AU_NINDSS,Syphilis congenital,case_notifications,notification,monthly,count,country:AU:national,all,exact,unknown,non_additive,active,missing_is_unknown,globalid-disease-ontology:2026.08.30.1,Australia NINDSS congenital syphilis notifications.,,provisional; raw,True,series_registry,single_series,parity,,SER_AU_CONGENITAL_SYPHILIS,1,The public curve is read directly from one registered source series.,all,Australia NINDSS,https://www.health.gov.au/topics/national-notifiable-diseases-surveillance-system-nndss,microsoft_bi,all,Australia NINDSS,https://www.health.gov.au/topics/national-notifiable-diseases-surveillance-system-nndss,microsoft_bi
disease,D167,congenital-syphilis,Congenital syphilis,public_projection,AU,Australia,D167,Congenital syphilis,先天性梅毒,Bacterial,2004-04-01,2004-04,2,2,,,0.009976715841732773,wpp_computed,,SER_AU_CONGENITAL_SYPHILIS,,,,,,monthly,,,,,,,,,,,,,,series_registry,single_series,parity,,SER_AU_CONGENITAL_SYPHILIS,1,The public curve is read directly from one registered source series.,all,Australia NINDSS,https://www.health.gov.au/topics/national-notifiable-diseases-surveillance-system-nndss,microsoft_bi,all,Australia NINDSS,https://www.health.gov.au/topics/national-notifiable-diseases-surveillance-system-nndss,microsoft_bi
disease,D167,congenital-syphilis,Congenital syphilis,source_series_observation,AU,Australia,D167,Congenital syphilis,先天性梅毒,Bacterial,2004-04-01,2004-04,2,2,,,,,,SER_AU_CONGENITAL_SYPHILIS,SER_AU_CONGENITAL_SYPHILIS,SRC_AU_NINDSS,Syphilis congenital,case_notifications,notification,monthly,count,country:AU:national,all,exact,unknown,non_additive,active,missing_is_unknown,globalid-disease-ontology:2026.08.30.1,Australia NINDSS congenital syphilis notifications.,,provisional; raw,True,series_registry,single_series,parity,,SER_AU_CONGENITAL_SYPHILIS,1,The public curve is read directly from one registered source series.,all,Australia NINDSS,https://www.health.gov.au/topics/national-notifiable-diseases-surveillance-system-nndss,microsoft_bi,all,Australia NINDSS,https://www.health.gov.au/topics/national-notifiable-diseases-surveillance-system-nndss,microsoft_bi
disease,D167,congenital-syphilis,Congenital syphilis,public_projection,AU,Australia,D167,Congenital syphilis,先天性梅毒,Bacterial,2004-05-01,2004-05,1,1,,,0.004988357920866386,wpp_computed,,SER_AU_CONGENITAL_SYPHILIS,,,,,,monthly,,,,,,,,,,,,,,series_registry,single_series,parity,,SER_AU_CONGENITAL_SYPHILIS,1,The public curve is read directly from one registered source series.,all,Australia NINDSS,https://www.health.gov.au/topics/national-notifiable-diseases-surveillance-system-nndss,microsoft_bi,all,Australia NINDSS,https://www.health.gov.au/topics/national-notifiable-diseases-surveillance-system-nndss,microsoft_bi
disease,D167,congenital-syphilis,Congenital syphilis,source_series_observation,AU,Australia,D167,Congenital syphilis,先天性梅毒,Bacterial,2004-05-01,2004-05,1,1,,,,,,SER_AU_CONGENITAL_SYPHILIS,SER_AU_CONGENITAL_SYPHILIS,SRC_AU_NINDSS,Syphilis congenital,case_notifications,notification,monthly,count,country:AU:national,all,exact,unknown,non_additive,active,missing_is_unknown,globalid-disease-ontology:2026.08.30.1,Australia NINDSS congenital syphilis notifications.,,provisional; raw,True,series_registry,single_series,parity,,SER_AU_CONGENITAL_SYPHILIS,1,The public curve is read directly from one registered source series.,all,Australia NINDSS,https://www.health.gov.au/topics/national-notifiable-diseases-surveillance-system-nndss,microsoft_bi,all,Australia NINDSS,https://www.health.gov.au/topics/national-notifiable-diseases-surveillance-system-nndss,microsoft_bi
disease,D167,congenital-syphilis,Congenital syphilis,public_projection,AU,Australia,D167,Congenital syphilis,先天性梅毒,Bacterial,2004-06-01,2004-06,1,1,,,0.004988357920866386,wpp_computed,,SER_AU_CONGENITAL_SYPHILIS,,,,,,monthly,,,,,,,,,,,,,,series_registry,single_series,parity,,SER_AU_CONGENITAL_SYPHILIS,1,The public curve is read directly from one registered source series.,all,Australia NINDSS,https://www.health.gov.au/topics/national-notifiable-diseases-surveillance-system-nndss,microsoft_bi,all,Australia NINDSS,https://www.health.gov.au/topics/national-notifiable-diseases-surveillance-system-nndss,microsoft_bi
disease,D167,congenital-syphilis,Congenital syphilis,source_series_observation,AU,Australia,D167,Congenital syphilis,先天性梅毒,Bacterial,2004-06-01,2004-06,1,1,,,,,,SER_AU_CONGENITAL_SYPHILIS,SER_AU_CONGENITAL_SYPHILIS,SRC_AU_NINDSS,Syphilis congenital,case_notifications,notification,monthly,count,country:AU:national,all,exact,unknown,non_additive,active,missing_is_unknown,globalid-disease-ontology:2026.08.30.1,Australia NINDSS congenital syphilis notifications.,,provisional; raw,True,series_registry,single_series,parity,,SER_AU_CONGENITAL_SYPHILIS,1,The public curve is read directly from one registered source series.,all,Australia NINDSS,https://www.health.gov.au/topics/national-notifiable-diseases-surveillance-system-nndss,microsoft_bi,all,Australia NINDSS,https://www.health.gov.au/topics/national-notifiable-diseases-surveillance-system-nndss,microsoft_bi
disease,D167,congenital-syphilis,Congenital syphilis,public_projection,AU,Australia,D167,Congenital syphilis,先天性梅毒,Bacterial,2004-07-01,2004-07,1,1,,,0.004988357920866386,wpp_computed,,SER_AU_CONGENITAL_SYPHILIS,,,,,,monthly,,,,,,,,,,,,,,series_registry,single_series,parity,,SER_AU_CONGENITAL_SYPHILIS,1,The public curve is read directly from one registered source series.,all,Australia NINDSS,https://www.health.gov.au/topics/national-notifiable-diseases-surveillance-system-nndss,microsoft_bi,all,Australia NINDSS,https://www.health.gov.au/topics/national-notifiable-diseases-surveillance-system-nndss,microsoft_bi
disease,D167,congenital-syphilis,Congenital syphilis,source_series_observation,AU,Australia,D167,Congenital syphilis,先天性梅毒,Bacterial,2004-07-01,2004-07,1,1,,,,,,SER_AU_CONGENITAL_SYPHILIS,SER_AU_CONGENITAL_SYPHILIS,SRC_AU_NINDSS,Syphilis congenital,case_notifications,notification,monthly,count,country:AU:national,all,exact,unknown,non_additive,active,missing_is_unknown,globalid-disease-ontology:2026.08.30.1,Australia NINDSS congenital syphilis notifications.,,provisional; raw,True,series_registry,single_series,parity,,SER_AU_CONGENITAL_SYPHILIS,1,The public curve is read directly from one registered source series.,all,Australia NINDSS,https://www.health.gov.au/topics/national-notifiable-diseases-surveillance-system-nndss,microsoft_bi,all,Australia NINDSS,https://www.health.gov.au/topics/national-notifiable-diseases-surveillance-system-nndss,microsoft_bi
disease,D167,congenital-syphilis,Congenital syphilis,public_projection,AU,Australia,D167,Congenital syphilis,先天性梅毒,Bacterial,2004-08-01,2004-08,0,0,,,0.0,wpp_computed,,SER_AU_CONGENITAL_SYPHILIS,,,,,,monthly,,,,,,,,,,,,,,series_registry,single_series,parity,,SER_AU_CONGENITAL_SYPHILIS,1,The public curve is read directly from one registered source series.,all,Australia NINDSS,https://www.health.gov.au/topics/national-notifiable-diseases-surveillance-system-nndss,microsoft_bi,all,Australia NINDSS,https://www.health.gov.au/topics/national-notifiable-diseases-surveillance-system-nndss,microsoft_bi
disease,D167,congenital-syphilis,Congenital syphilis,source_series_observation,AU,Australia,D167,Congenital syphilis,先天性梅毒,Bacterial,2004-08-01,2004-08,0,0,,,,,,SER_AU_CONGENITAL_SYPHILIS,SER_AU_CONGENITAL_SYPHILIS,SRC_AU_NINDSS,Syphilis congenital,case_notifications,notification,monthly,count,country:AU:national,all,exact,unknown,non_additive,active,missing_is_unknown,globalid-disease-ontology:2026.08.30.1,Australia NINDSS congenital syphilis notifications.,,provisional; raw,True,series_registry,single_series,parity,,SER_AU_CONGENITAL_SYPHILIS,1,The public curve is read directly from one registered source series.,all,Australia NINDSS,https://www.health.gov.au/topics/national-notifiable-diseases-surveillance-system-nndss,microsoft_bi,all,Australia NINDSS,https://www.health.gov.au/topics/national-notifiable-diseases-surveillance-system-nndss,microsoft_bi
disease,D167,congenital-syphilis,Congenital syphilis,public_projection,AU,Australia,D167,Congenital syphilis,先天性梅毒,Bacterial,2004-09-01,2004-09,1,1,,,0.004988357920866386,wpp_computed,,SER_AU_CONGENITAL_SYPHILIS,,,,,,monthly,,,,,,,,,,,,,,series_registry,single_series,parity,,SER_AU_CONGENITAL_SYPHILIS,1,The public curve is read directly from one registered source series.,all,Australia NINDSS,https://www.health.gov.au/topics/national-notifiable-diseases-surveillance-system-nndss,microsoft_bi,all,Australia NINDSS,https://www.health.gov.au/topics/national-notifiable-diseases-surveillance-system-nndss,microsoft_bi
disease,D167,congenital-syphilis,Congenital syphilis,source_series_observation,AU,Australia,D167,Congenital syphilis,先天性梅毒,Bacterial,2004-09-01,2004-09,1,1,,,,,,SER_AU_CONGENITAL_SYPHILIS,SER_AU_CONGENITAL_SYPHILIS,SRC_AU_NINDSS,Syphilis congenital,case_notifications,notification,monthly,count,country:AU:national,all,exact,unknown,non_additive,active,missing_is_unknown,globalid-disease-ontology:2026.08.30.1,Australia NINDSS congenital syphilis notifications.,,provisional; raw,True,series_registry,single_series,parity,,SER_AU_CONGENITAL_SYPHILIS,1,The public curve is read directly from one registered source series.,all,Australia NINDSS,https://www.health.gov.au/topics/national-notifiable-diseases-surveillance-system-nndss,microsoft_bi,all,Australia NINDSS,https://www.health.gov.au/topics/national-notifiable-diseases-surveillance-system-nndss,microsoft_bi
disease,D167,congenital-syphilis,Congenital syphilis,public_projection,AU,Australia,D167,Congenital syphilis,先天性梅毒,Bacterial,2004-10-01,2004-10,1,1,,,0.004988357920866386,wpp_computed,,SER_AU_CONGENITAL_SYPHILIS,,,,,,monthly,,,,,,,,,,,,,,series_registry,single_series,parity,,SER_AU_CONGENITAL_SYPHILIS,1,The public curve is read directly from one registered source series.,all,Australia NINDSS,https://www.health.gov.au/topics/national-notifiable-diseases-surveillance-system-nndss,microsoft_bi,all,Australia NINDSS,https://www.health.gov.au/topics/national-notifiable-diseases-surveillance-system-nndss,microsoft_bi
disease,D167,congenital-syphilis,Congenital syphilis,source_series_observation,AU,Australia,D167,Congenital syphilis,先天性梅毒,Bacterial,2004-10-01,2004-10,1,1,,,,,,SER_AU_CONGENITAL_SYPHILIS,SER_AU_CONGENITAL_SYPHILIS,SRC_AU_NINDSS,Syphilis congenital,case_notifications,notification,monthly,count,country:AU:national,all,exact,unknown,non_additive,active,missing_is_unknown,globalid-disease-ontology:2026.08.30.1,Australia NINDSS congenital syphilis notifications.,,provisional; raw,True,series_registry,single_series,parity,,SER_AU_CONGENITAL_SYPHILIS,1,The public curve is read directly from one registered source series.,all,Australia NINDSS,https://www.health.gov.au/topics/national-notifiable-diseases-surveillance-system-nndss,microsoft_bi,all,Australia NINDSS,https://www.health.gov.au/topics/national-notifiable-diseases-surveillance-system-nndss,microsoft_bi
disease,D167,congenital-syphilis,Congenital syphilis,public_projection,AU,Australia,D167,Congenital syphilis,先天性梅毒,Bacterial,2004-11-01,2004-11,1,1,,,0.004988357920866386,wpp_computed,,SER_AU_CONGENITAL_SYPHILIS,,,,,,monthly,,,,,,,,,,,,,,series_registry,single_series,parity,,SER_AU_CONGENITAL_SYPHILIS,1,The public curve is read directly from one registered source series.,all,Australia NINDSS,https://www.health.gov.au/topics/national-notifiable-diseases-surveillance-system-nndss,microsoft_bi,all,Australia NINDSS,https://www.health.gov.au/topics/national-notifiable-diseases-surveillance-system-nndss,microsoft_bi
disease,D167,congenital-syphilis,Congenital syphilis,source_series_observation,AU,Australia,D167,Congenital syphilis,先天性梅毒,Bacterial,2004-11-01,2004-11,1,1,,,,,,SER_AU_CONGENITAL_SYPHILIS,SER_AU_CONGENITAL_SYPHILIS,SRC_AU_NINDSS,Syphilis congenital,case_notifications,notification,monthly,count,country:AU:national,all,exact,unknown,non_additive,active,missing_is_unknown,globalid-disease-ontology:2026.08.30.1,Australia NINDSS congenital syphilis notifications.,,provisional; raw,True,series_registry,single_series,parity,,SER_AU_CONGENITAL_SYPHILIS,1,The public curve is read directly from one registered source series.,all,Australia NINDSS,https://www.health.gov.au/topics/national-notifiable-diseases-surveillance-system-nndss,microsoft_bi,all,Australia NINDSS,https://www.health.gov.au/topics/national-notifiable-diseases-surveillance-system-nndss,microsoft_bi
disease,D167,congenital-syphilis,Congenital syphilis,public_projection,AU,Australia,D167,Congenital syphilis,先天性梅毒,Bacterial,2004-12-01,2004-12,1,1,,,0.004988357920866386,wpp_computed,,SER_AU_CONGENITAL_SYPHILIS,,,,,,monthly,,,,,,,,,,,,,,series_registry,single_series,parity,,SER_AU_CONGENITAL_SYPHILIS,1,The public curve is read directly from one registered source series.,all,Australia NINDSS,https://www.health.gov.au/topics/national-notifiable-diseases-surveillance-system-nndss,microsoft_bi,all,Australia NINDSS,https://www.health.gov.au/topics/national-notifiable-diseases-surveillance-system-nndss,microsoft_bi
disease,D167,congenital-syphilis,Congenital syphilis,source_series_observation,AU,Australia,D167,Congenital syphilis,先天性梅毒,Bacterial,2004-12-01,2004-12,1,1,,,,,,SER_AU_CONGENITAL_SYPHILIS,SER_AU_CONGENITAL_SYPHILIS,SRC_AU_NINDSS,Syphilis congenital,case_notifications,notification,monthly,count,country:AU:national,all,exact,unknown,non_additive,active,missing_is_unknown,globalid-disease-ontology:2026.08.30.1,Australia NINDSS congenital syphilis notifications.,,provisional; raw,True,series_registry,single_series,parity,,SER_AU_CONGENITAL_SYPHILIS,1,The public curve is read directly from one registered source series.,all,Australia NINDSS,https://www.health.gov.au/topics/national-notifiable-diseases-surveillance-system-nndss,microsoft_bi,all,Australia NINDSS,https://www.health.gov.au/topics/national-notifiable-diseases-surveillance-system-nndss,microsoft_bi
