dataset_kind,dataset_id,dataset_slug,dataset_name,record_kind,country_code,country_name,disease_id,disease_name_en,disease_name_zh,category,date,year_month,value,cases,weekly_equiv_cases,deaths,incidence_rate_per_100k,incidence_rate_source,mortality_rate,series_code,source_series_code,source_system,source_label,metric_type,reporting_basis,temporal_granularity,unit,geography_key,dimension_key,mapping_relation,comparability,aggregation_policy,availability_status,missing_value_policy,definition_version,case_definition,case_definition_uri,quality_status,is_selected_series,data_layer,projection_policy,coverage_status,loss_risk,selected_series_codes,available_series_count,provenance_note,primary_source_scope,primary_source_label,primary_source_url,primary_source_type,source_scopes,source_labels,source_urls,source_types
disease,D205,tick-borne-encephalitis,Tick-borne encephalitis,public_projection,FI,Finland,D205,Tick-borne encephalitis,蜱传脑炎,Viral,2000-01-01,2000-01,0,0,,,0.0,wpp_computed,,SER_FI_THL_TTR_708,,,,,,monthly,,,,,,,,,,,,,,series_registry,single_series,legacy_gap_fill_blocked_incompatible,,SER_FI_THL_TTR_708,1,The public curve is read directly from one registered source series. Legacy rows with a different reporting grain or comparison basis were not joined to this curve.,thl_ttr,Finland THL Infectious Diseases Register,https://sampo.thl.fi/pivot/prod/en/ttr/cases/fact_ttr_cases,cube_csv,thl_ttr,Finland THL Infectious Diseases Register,https://sampo.thl.fi/pivot/prod/en/ttr/cases/fact_ttr_cases,cube_csv
disease,D205,tick-borne-encephalitis,Tick-borne encephalitis,source_series_observation,FI,Finland,D205,Tick-borne encephalitis,蜱传脑炎,Viral,2000-01-01,2000-01,0,0,,,,,,SER_FI_THL_TTR_708,SER_FI_THL_TTR_708,SRC_FI_THL_TTR,TBE (tick borne encephalitis),case_notifications,national_notifiable_disease_registry,monthly,count,country:FI:national,all,exact,conditional,non_additive,active,missing_is_unknown,FI_THL_TTR_reporting_group,Finland THL national monthly notification series; THL reporting group code 708.,,provisional; raw,True,series_registry,single_series,legacy_gap_fill_blocked_incompatible,,SER_FI_THL_TTR_708,1,The public curve is read directly from one registered source series. Legacy rows with a different reporting grain or comparison basis were not joined to this curve.,thl_ttr,Finland THL Infectious Diseases Register,https://sampo.thl.fi/pivot/prod/en/ttr/cases/fact_ttr_cases,cube_csv,thl_ttr,Finland THL Infectious Diseases Register,https://sampo.thl.fi/pivot/prod/en/ttr/cases/fact_ttr_cases,cube_csv
disease,D205,tick-borne-encephalitis,Tick-borne encephalitis,public_projection,FI,Finland,D205,Tick-borne encephalitis,蜱传脑炎,Viral,2000-02-01,2000-02,0,0,,,0.0,wpp_computed,,SER_FI_THL_TTR_708,,,,,,monthly,,,,,,,,,,,,,,series_registry,single_series,legacy_gap_fill_blocked_incompatible,,SER_FI_THL_TTR_708,1,The public curve is read directly from one registered source series. Legacy rows with a different reporting grain or comparison basis were not joined to this curve.,thl_ttr,Finland THL Infectious Diseases Register,https://sampo.thl.fi/pivot/prod/en/ttr/cases/fact_ttr_cases,cube_csv,thl_ttr,Finland THL Infectious Diseases Register,https://sampo.thl.fi/pivot/prod/en/ttr/cases/fact_ttr_cases,cube_csv
disease,D205,tick-borne-encephalitis,Tick-borne encephalitis,source_series_observation,FI,Finland,D205,Tick-borne encephalitis,蜱传脑炎,Viral,2000-02-01,2000-02,0,0,,,,,,SER_FI_THL_TTR_708,SER_FI_THL_TTR_708,SRC_FI_THL_TTR,TBE (tick borne encephalitis),case_notifications,national_notifiable_disease_registry,monthly,count,country:FI:national,all,exact,conditional,non_additive,active,missing_is_unknown,FI_THL_TTR_reporting_group,Finland THL national monthly notification series; THL reporting group code 708.,,provisional; raw,True,series_registry,single_series,legacy_gap_fill_blocked_incompatible,,SER_FI_THL_TTR_708,1,The public curve is read directly from one registered source series. Legacy rows with a different reporting grain or comparison basis were not joined to this curve.,thl_ttr,Finland THL Infectious Diseases Register,https://sampo.thl.fi/pivot/prod/en/ttr/cases/fact_ttr_cases,cube_csv,thl_ttr,Finland THL Infectious Diseases Register,https://sampo.thl.fi/pivot/prod/en/ttr/cases/fact_ttr_cases,cube_csv
disease,D205,tick-borne-encephalitis,Tick-borne encephalitis,public_projection,FI,Finland,D205,Tick-borne encephalitis,蜱传脑炎,Viral,2000-03-01,2000-03,0,0,,,0.0,wpp_computed,,SER_FI_THL_TTR_708,,,,,,monthly,,,,,,,,,,,,,,series_registry,single_series,legacy_gap_fill_blocked_incompatible,,SER_FI_THL_TTR_708,1,The public curve is read directly from one registered source series. Legacy rows with a different reporting grain or comparison basis were not joined to this curve.,thl_ttr,Finland THL Infectious Diseases Register,https://sampo.thl.fi/pivot/prod/en/ttr/cases/fact_ttr_cases,cube_csv,thl_ttr,Finland THL Infectious Diseases Register,https://sampo.thl.fi/pivot/prod/en/ttr/cases/fact_ttr_cases,cube_csv
disease,D205,tick-borne-encephalitis,Tick-borne encephalitis,source_series_observation,FI,Finland,D205,Tick-borne encephalitis,蜱传脑炎,Viral,2000-03-01,2000-03,0,0,,,,,,SER_FI_THL_TTR_708,SER_FI_THL_TTR_708,SRC_FI_THL_TTR,TBE (tick borne encephalitis),case_notifications,national_notifiable_disease_registry,monthly,count,country:FI:national,all,exact,conditional,non_additive,active,missing_is_unknown,FI_THL_TTR_reporting_group,Finland THL national monthly notification series; THL reporting group code 708.,,provisional; raw,True,series_registry,single_series,legacy_gap_fill_blocked_incompatible,,SER_FI_THL_TTR_708,1,The public curve is read directly from one registered source series. Legacy rows with a different reporting grain or comparison basis were not joined to this curve.,thl_ttr,Finland THL Infectious Diseases Register,https://sampo.thl.fi/pivot/prod/en/ttr/cases/fact_ttr_cases,cube_csv,thl_ttr,Finland THL Infectious Diseases Register,https://sampo.thl.fi/pivot/prod/en/ttr/cases/fact_ttr_cases,cube_csv
disease,D205,tick-borne-encephalitis,Tick-borne encephalitis,public_projection,FI,Finland,D205,Tick-borne encephalitis,蜱传脑炎,Viral,2000-04-01,2000-04,0,0,,,0.0,wpp_computed,,SER_FI_THL_TTR_708,,,,,,monthly,,,,,,,,,,,,,,series_registry,single_series,legacy_gap_fill_blocked_incompatible,,SER_FI_THL_TTR_708,1,The public curve is read directly from one registered source series. Legacy rows with a different reporting grain or comparison basis were not joined to this curve.,thl_ttr,Finland THL Infectious Diseases Register,https://sampo.thl.fi/pivot/prod/en/ttr/cases/fact_ttr_cases,cube_csv,thl_ttr,Finland THL Infectious Diseases Register,https://sampo.thl.fi/pivot/prod/en/ttr/cases/fact_ttr_cases,cube_csv
disease,D205,tick-borne-encephalitis,Tick-borne encephalitis,source_series_observation,FI,Finland,D205,Tick-borne encephalitis,蜱传脑炎,Viral,2000-04-01,2000-04,0,0,,,,,,SER_FI_THL_TTR_708,SER_FI_THL_TTR_708,SRC_FI_THL_TTR,TBE (tick borne encephalitis),case_notifications,national_notifiable_disease_registry,monthly,count,country:FI:national,all,exact,conditional,non_additive,active,missing_is_unknown,FI_THL_TTR_reporting_group,Finland THL national monthly notification series; THL reporting group code 708.,,provisional; raw,True,series_registry,single_series,legacy_gap_fill_blocked_incompatible,,SER_FI_THL_TTR_708,1,The public curve is read directly from one registered source series. Legacy rows with a different reporting grain or comparison basis were not joined to this curve.,thl_ttr,Finland THL Infectious Diseases Register,https://sampo.thl.fi/pivot/prod/en/ttr/cases/fact_ttr_cases,cube_csv,thl_ttr,Finland THL Infectious Diseases Register,https://sampo.thl.fi/pivot/prod/en/ttr/cases/fact_ttr_cases,cube_csv
disease,D205,tick-borne-encephalitis,Tick-borne encephalitis,public_projection,FI,Finland,D205,Tick-borne encephalitis,蜱传脑炎,Viral,2000-05-01,2000-05,0,0,,,0.0,wpp_computed,,SER_FI_THL_TTR_708,,,,,,monthly,,,,,,,,,,,,,,series_registry,single_series,legacy_gap_fill_blocked_incompatible,,SER_FI_THL_TTR_708,1,The public curve is read directly from one registered source series. Legacy rows with a different reporting grain or comparison basis were not joined to this curve.,thl_ttr,Finland THL Infectious Diseases Register,https://sampo.thl.fi/pivot/prod/en/ttr/cases/fact_ttr_cases,cube_csv,thl_ttr,Finland THL Infectious Diseases Register,https://sampo.thl.fi/pivot/prod/en/ttr/cases/fact_ttr_cases,cube_csv
disease,D205,tick-borne-encephalitis,Tick-borne encephalitis,source_series_observation,FI,Finland,D205,Tick-borne encephalitis,蜱传脑炎,Viral,2000-05-01,2000-05,0,0,,,,,,SER_FI_THL_TTR_708,SER_FI_THL_TTR_708,SRC_FI_THL_TTR,TBE (tick borne encephalitis),case_notifications,national_notifiable_disease_registry,monthly,count,country:FI:national,all,exact,conditional,non_additive,active,missing_is_unknown,FI_THL_TTR_reporting_group,Finland THL national monthly notification series; THL reporting group code 708.,,provisional; raw,True,series_registry,single_series,legacy_gap_fill_blocked_incompatible,,SER_FI_THL_TTR_708,1,The public curve is read directly from one registered source series. Legacy rows with a different reporting grain or comparison basis were not joined to this curve.,thl_ttr,Finland THL Infectious Diseases Register,https://sampo.thl.fi/pivot/prod/en/ttr/cases/fact_ttr_cases,cube_csv,thl_ttr,Finland THL Infectious Diseases Register,https://sampo.thl.fi/pivot/prod/en/ttr/cases/fact_ttr_cases,cube_csv
disease,D205,tick-borne-encephalitis,Tick-borne encephalitis,public_projection,FI,Finland,D205,Tick-borne encephalitis,蜱传脑炎,Viral,2000-06-01,2000-06,4,4,,,0.07727674434621605,wpp_computed,,SER_FI_THL_TTR_708,,,,,,monthly,,,,,,,,,,,,,,series_registry,single_series,legacy_gap_fill_blocked_incompatible,,SER_FI_THL_TTR_708,1,The public curve is read directly from one registered source series. Legacy rows with a different reporting grain or comparison basis were not joined to this curve.,thl_ttr,Finland THL Infectious Diseases Register,https://sampo.thl.fi/pivot/prod/en/ttr/cases/fact_ttr_cases,cube_csv,thl_ttr,Finland THL Infectious Diseases Register,https://sampo.thl.fi/pivot/prod/en/ttr/cases/fact_ttr_cases,cube_csv
disease,D205,tick-borne-encephalitis,Tick-borne encephalitis,source_series_observation,FI,Finland,D205,Tick-borne encephalitis,蜱传脑炎,Viral,2000-06-01,2000-06,4,4,,,,,,SER_FI_THL_TTR_708,SER_FI_THL_TTR_708,SRC_FI_THL_TTR,TBE (tick borne encephalitis),case_notifications,national_notifiable_disease_registry,monthly,count,country:FI:national,all,exact,conditional,non_additive,active,missing_is_unknown,FI_THL_TTR_reporting_group,Finland THL national monthly notification series; THL reporting group code 708.,,provisional; raw,True,series_registry,single_series,legacy_gap_fill_blocked_incompatible,,SER_FI_THL_TTR_708,1,The public curve is read directly from one registered source series. Legacy rows with a different reporting grain or comparison basis were not joined to this curve.,thl_ttr,Finland THL Infectious Diseases Register,https://sampo.thl.fi/pivot/prod/en/ttr/cases/fact_ttr_cases,cube_csv,thl_ttr,Finland THL Infectious Diseases Register,https://sampo.thl.fi/pivot/prod/en/ttr/cases/fact_ttr_cases,cube_csv
disease,D205,tick-borne-encephalitis,Tick-borne encephalitis,public_projection,FI,Finland,D205,Tick-borne encephalitis,蜱传脑炎,Viral,2000-07-01,2000-07,8,8,,,0.1545534886924321,wpp_computed,,SER_FI_THL_TTR_708,,,,,,monthly,,,,,,,,,,,,,,series_registry,single_series,legacy_gap_fill_blocked_incompatible,,SER_FI_THL_TTR_708,1,The public curve is read directly from one registered source series. Legacy rows with a different reporting grain or comparison basis were not joined to this curve.,thl_ttr,Finland THL Infectious Diseases Register,https://sampo.thl.fi/pivot/prod/en/ttr/cases/fact_ttr_cases,cube_csv,thl_ttr,Finland THL Infectious Diseases Register,https://sampo.thl.fi/pivot/prod/en/ttr/cases/fact_ttr_cases,cube_csv
disease,D205,tick-borne-encephalitis,Tick-borne encephalitis,source_series_observation,FI,Finland,D205,Tick-borne encephalitis,蜱传脑炎,Viral,2000-07-01,2000-07,8,8,,,,,,SER_FI_THL_TTR_708,SER_FI_THL_TTR_708,SRC_FI_THL_TTR,TBE (tick borne encephalitis),case_notifications,national_notifiable_disease_registry,monthly,count,country:FI:national,all,exact,conditional,non_additive,active,missing_is_unknown,FI_THL_TTR_reporting_group,Finland THL national monthly notification series; THL reporting group code 708.,,provisional; raw,True,series_registry,single_series,legacy_gap_fill_blocked_incompatible,,SER_FI_THL_TTR_708,1,The public curve is read directly from one registered source series. Legacy rows with a different reporting grain or comparison basis were not joined to this curve.,thl_ttr,Finland THL Infectious Diseases Register,https://sampo.thl.fi/pivot/prod/en/ttr/cases/fact_ttr_cases,cube_csv,thl_ttr,Finland THL Infectious Diseases Register,https://sampo.thl.fi/pivot/prod/en/ttr/cases/fact_ttr_cases,cube_csv
disease,D205,tick-borne-encephalitis,Tick-borne encephalitis,public_projection,FI,Finland,D205,Tick-borne encephalitis,蜱传脑炎,Viral,2000-08-01,2000-08,11,11,,,0.21251104695209413,wpp_computed,,SER_FI_THL_TTR_708,,,,,,monthly,,,,,,,,,,,,,,series_registry,single_series,legacy_gap_fill_blocked_incompatible,,SER_FI_THL_TTR_708,1,The public curve is read directly from one registered source series. Legacy rows with a different reporting grain or comparison basis were not joined to this curve.,thl_ttr,Finland THL Infectious Diseases Register,https://sampo.thl.fi/pivot/prod/en/ttr/cases/fact_ttr_cases,cube_csv,thl_ttr,Finland THL Infectious Diseases Register,https://sampo.thl.fi/pivot/prod/en/ttr/cases/fact_ttr_cases,cube_csv
disease,D205,tick-borne-encephalitis,Tick-borne encephalitis,source_series_observation,FI,Finland,D205,Tick-borne encephalitis,蜱传脑炎,Viral,2000-08-01,2000-08,11,11,,,,,,SER_FI_THL_TTR_708,SER_FI_THL_TTR_708,SRC_FI_THL_TTR,TBE (tick borne encephalitis),case_notifications,national_notifiable_disease_registry,monthly,count,country:FI:national,all,exact,conditional,non_additive,active,missing_is_unknown,FI_THL_TTR_reporting_group,Finland THL national monthly notification series; THL reporting group code 708.,,provisional; raw,True,series_registry,single_series,legacy_gap_fill_blocked_incompatible,,SER_FI_THL_TTR_708,1,The public curve is read directly from one registered source series. Legacy rows with a different reporting grain or comparison basis were not joined to this curve.,thl_ttr,Finland THL Infectious Diseases Register,https://sampo.thl.fi/pivot/prod/en/ttr/cases/fact_ttr_cases,cube_csv,thl_ttr,Finland THL Infectious Diseases Register,https://sampo.thl.fi/pivot/prod/en/ttr/cases/fact_ttr_cases,cube_csv
disease,D205,tick-borne-encephalitis,Tick-borne encephalitis,public_projection,FI,Finland,D205,Tick-borne encephalitis,蜱传脑炎,Viral,2000-09-01,2000-09,10,10,,,0.19319186086554008,wpp_computed,,SER_FI_THL_TTR_708,,,,,,monthly,,,,,,,,,,,,,,series_registry,single_series,legacy_gap_fill_blocked_incompatible,,SER_FI_THL_TTR_708,1,The public curve is read directly from one registered source series. Legacy rows with a different reporting grain or comparison basis were not joined to this curve.,thl_ttr,Finland THL Infectious Diseases Register,https://sampo.thl.fi/pivot/prod/en/ttr/cases/fact_ttr_cases,cube_csv,thl_ttr,Finland THL Infectious Diseases Register,https://sampo.thl.fi/pivot/prod/en/ttr/cases/fact_ttr_cases,cube_csv
disease,D205,tick-borne-encephalitis,Tick-borne encephalitis,source_series_observation,FI,Finland,D205,Tick-borne encephalitis,蜱传脑炎,Viral,2000-09-01,2000-09,10,10,,,,,,SER_FI_THL_TTR_708,SER_FI_THL_TTR_708,SRC_FI_THL_TTR,TBE (tick borne encephalitis),case_notifications,national_notifiable_disease_registry,monthly,count,country:FI:national,all,exact,conditional,non_additive,active,missing_is_unknown,FI_THL_TTR_reporting_group,Finland THL national monthly notification series; THL reporting group code 708.,,provisional; raw,True,series_registry,single_series,legacy_gap_fill_blocked_incompatible,,SER_FI_THL_TTR_708,1,The public curve is read directly from one registered source series. Legacy rows with a different reporting grain or comparison basis were not joined to this curve.,thl_ttr,Finland THL Infectious Diseases Register,https://sampo.thl.fi/pivot/prod/en/ttr/cases/fact_ttr_cases,cube_csv,thl_ttr,Finland THL Infectious Diseases Register,https://sampo.thl.fi/pivot/prod/en/ttr/cases/fact_ttr_cases,cube_csv
disease,D205,tick-borne-encephalitis,Tick-borne encephalitis,public_projection,FI,Finland,D205,Tick-borne encephalitis,蜱传脑炎,Viral,2000-10-01,2000-10,4,4,,,0.07727674434621605,wpp_computed,,SER_FI_THL_TTR_708,,,,,,monthly,,,,,,,,,,,,,,series_registry,single_series,legacy_gap_fill_blocked_incompatible,,SER_FI_THL_TTR_708,1,The public curve is read directly from one registered source series. Legacy rows with a different reporting grain or comparison basis were not joined to this curve.,thl_ttr,Finland THL Infectious Diseases Register,https://sampo.thl.fi/pivot/prod/en/ttr/cases/fact_ttr_cases,cube_csv,thl_ttr,Finland THL Infectious Diseases Register,https://sampo.thl.fi/pivot/prod/en/ttr/cases/fact_ttr_cases,cube_csv
disease,D205,tick-borne-encephalitis,Tick-borne encephalitis,source_series_observation,FI,Finland,D205,Tick-borne encephalitis,蜱传脑炎,Viral,2000-10-01,2000-10,4,4,,,,,,SER_FI_THL_TTR_708,SER_FI_THL_TTR_708,SRC_FI_THL_TTR,TBE (tick borne encephalitis),case_notifications,national_notifiable_disease_registry,monthly,count,country:FI:national,all,exact,conditional,non_additive,active,missing_is_unknown,FI_THL_TTR_reporting_group,Finland THL national monthly notification series; THL reporting group code 708.,,provisional; raw,True,series_registry,single_series,legacy_gap_fill_blocked_incompatible,,SER_FI_THL_TTR_708,1,The public curve is read directly from one registered source series. Legacy rows with a different reporting grain or comparison basis were not joined to this curve.,thl_ttr,Finland THL Infectious Diseases Register,https://sampo.thl.fi/pivot/prod/en/ttr/cases/fact_ttr_cases,cube_csv,thl_ttr,Finland THL Infectious Diseases Register,https://sampo.thl.fi/pivot/prod/en/ttr/cases/fact_ttr_cases,cube_csv
disease,D205,tick-borne-encephalitis,Tick-borne encephalitis,public_projection,FI,Finland,D205,Tick-borne encephalitis,蜱传脑炎,Viral,2000-11-01,2000-11,5,5,,,0.09659593043277004,wpp_computed,,SER_FI_THL_TTR_708,,,,,,monthly,,,,,,,,,,,,,,series_registry,single_series,legacy_gap_fill_blocked_incompatible,,SER_FI_THL_TTR_708,1,The public curve is read directly from one registered source series. Legacy rows with a different reporting grain or comparison basis were not joined to this curve.,thl_ttr,Finland THL Infectious Diseases Register,https://sampo.thl.fi/pivot/prod/en/ttr/cases/fact_ttr_cases,cube_csv,thl_ttr,Finland THL Infectious Diseases Register,https://sampo.thl.fi/pivot/prod/en/ttr/cases/fact_ttr_cases,cube_csv
disease,D205,tick-borne-encephalitis,Tick-borne encephalitis,source_series_observation,FI,Finland,D205,Tick-borne encephalitis,蜱传脑炎,Viral,2000-11-01,2000-11,5,5,,,,,,SER_FI_THL_TTR_708,SER_FI_THL_TTR_708,SRC_FI_THL_TTR,TBE (tick borne encephalitis),case_notifications,national_notifiable_disease_registry,monthly,count,country:FI:national,all,exact,conditional,non_additive,active,missing_is_unknown,FI_THL_TTR_reporting_group,Finland THL national monthly notification series; THL reporting group code 708.,,provisional; raw,True,series_registry,single_series,legacy_gap_fill_blocked_incompatible,,SER_FI_THL_TTR_708,1,The public curve is read directly from one registered source series. Legacy rows with a different reporting grain or comparison basis were not joined to this curve.,thl_ttr,Finland THL Infectious Diseases Register,https://sampo.thl.fi/pivot/prod/en/ttr/cases/fact_ttr_cases,cube_csv,thl_ttr,Finland THL Infectious Diseases Register,https://sampo.thl.fi/pivot/prod/en/ttr/cases/fact_ttr_cases,cube_csv
disease,D205,tick-borne-encephalitis,Tick-borne encephalitis,public_projection,FI,Finland,D205,Tick-borne encephalitis,蜱传脑炎,Viral,2000-12-01,2000-12,0,0,,,0.0,wpp_computed,,SER_FI_THL_TTR_708,,,,,,monthly,,,,,,,,,,,,,,series_registry,single_series,legacy_gap_fill_blocked_incompatible,,SER_FI_THL_TTR_708,1,The public curve is read directly from one registered source series. Legacy rows with a different reporting grain or comparison basis were not joined to this curve.,thl_ttr,Finland THL Infectious Diseases Register,https://sampo.thl.fi/pivot/prod/en/ttr/cases/fact_ttr_cases,cube_csv,thl_ttr,Finland THL Infectious Diseases Register,https://sampo.thl.fi/pivot/prod/en/ttr/cases/fact_ttr_cases,cube_csv
disease,D205,tick-borne-encephalitis,Tick-borne encephalitis,source_series_observation,FI,Finland,D205,Tick-borne encephalitis,蜱传脑炎,Viral,2000-12-01,2000-12,0,0,,,,,,SER_FI_THL_TTR_708,SER_FI_THL_TTR_708,SRC_FI_THL_TTR,TBE (tick borne encephalitis),case_notifications,national_notifiable_disease_registry,monthly,count,country:FI:national,all,exact,conditional,non_additive,active,missing_is_unknown,FI_THL_TTR_reporting_group,Finland THL national monthly notification series; THL reporting group code 708.,,provisional; raw,True,series_registry,single_series,legacy_gap_fill_blocked_incompatible,,SER_FI_THL_TTR_708,1,The public curve is read directly from one registered source series. Legacy rows with a different reporting grain or comparison basis were not joined to this curve.,thl_ttr,Finland THL Infectious Diseases Register,https://sampo.thl.fi/pivot/prod/en/ttr/cases/fact_ttr_cases,cube_csv,thl_ttr,Finland THL Infectious Diseases Register,https://sampo.thl.fi/pivot/prod/en/ttr/cases/fact_ttr_cases,cube_csv
disease,D205,tick-borne-encephalitis,Tick-borne encephalitis,public_projection,FI,Finland,D205,Tick-borne encephalitis,蜱传脑炎,Viral,2001-01-01,2001-01,0,0,,,0.0,wpp_computed,,SER_FI_THL_TTR_708,,,,,,monthly,,,,,,,,,,,,,,series_registry,single_series,legacy_gap_fill_blocked_incompatible,,SER_FI_THL_TTR_708,1,The public curve is read directly from one registered source series. Legacy rows with a different reporting grain or comparison basis were not joined to this curve.,thl_ttr,Finland THL Infectious Diseases Register,https://sampo.thl.fi/pivot/prod/en/ttr/cases/fact_ttr_cases,cube_csv,thl_ttr,Finland THL Infectious Diseases Register,https://sampo.thl.fi/pivot/prod/en/ttr/cases/fact_ttr_cases,cube_csv
disease,D205,tick-borne-encephalitis,Tick-borne encephalitis,source_series_observation,FI,Finland,D205,Tick-borne encephalitis,蜱传脑炎,Viral,2001-01-01,2001-01,0,0,,,,,,SER_FI_THL_TTR_708,SER_FI_THL_TTR_708,SRC_FI_THL_TTR,TBE (tick borne encephalitis),case_notifications,national_notifiable_disease_registry,monthly,count,country:FI:national,all,exact,conditional,non_additive,active,missing_is_unknown,FI_THL_TTR_reporting_group,Finland THL national monthly notification series; THL reporting group code 708.,,provisional; raw,True,series_registry,single_series,legacy_gap_fill_blocked_incompatible,,SER_FI_THL_TTR_708,1,The public curve is read directly from one registered source series. Legacy rows with a different reporting grain or comparison basis were not joined to this curve.,thl_ttr,Finland THL Infectious Diseases Register,https://sampo.thl.fi/pivot/prod/en/ttr/cases/fact_ttr_cases,cube_csv,thl_ttr,Finland THL Infectious Diseases Register,https://sampo.thl.fi/pivot/prod/en/ttr/cases/fact_ttr_cases,cube_csv
disease,D205,tick-borne-encephalitis,Tick-borne encephalitis,public_projection,FI,Finland,D205,Tick-borne encephalitis,蜱传脑炎,Viral,2001-02-01,2001-02,0,0,,,0.0,wpp_computed,,SER_FI_THL_TTR_708,,,,,,monthly,,,,,,,,,,,,,,series_registry,single_series,legacy_gap_fill_blocked_incompatible,,SER_FI_THL_TTR_708,1,The public curve is read directly from one registered source series. Legacy rows with a different reporting grain or comparison basis were not joined to this curve.,thl_ttr,Finland THL Infectious Diseases Register,https://sampo.thl.fi/pivot/prod/en/ttr/cases/fact_ttr_cases,cube_csv,thl_ttr,Finland THL Infectious Diseases Register,https://sampo.thl.fi/pivot/prod/en/ttr/cases/fact_ttr_cases,cube_csv
disease,D205,tick-borne-encephalitis,Tick-borne encephalitis,source_series_observation,FI,Finland,D205,Tick-borne encephalitis,蜱传脑炎,Viral,2001-02-01,2001-02,0,0,,,,,,SER_FI_THL_TTR_708,SER_FI_THL_TTR_708,SRC_FI_THL_TTR,TBE (tick borne encephalitis),case_notifications,national_notifiable_disease_registry,monthly,count,country:FI:national,all,exact,conditional,non_additive,active,missing_is_unknown,FI_THL_TTR_reporting_group,Finland THL national monthly notification series; THL reporting group code 708.,,provisional; raw,True,series_registry,single_series,legacy_gap_fill_blocked_incompatible,,SER_FI_THL_TTR_708,1,The public curve is read directly from one registered source series. Legacy rows with a different reporting grain or comparison basis were not joined to this curve.,thl_ttr,Finland THL Infectious Diseases Register,https://sampo.thl.fi/pivot/prod/en/ttr/cases/fact_ttr_cases,cube_csv,thl_ttr,Finland THL Infectious Diseases Register,https://sampo.thl.fi/pivot/prod/en/ttr/cases/fact_ttr_cases,cube_csv
disease,D205,tick-borne-encephalitis,Tick-borne encephalitis,public_projection,FI,Finland,D205,Tick-borne encephalitis,蜱传脑炎,Viral,2001-03-01,2001-03,0,0,,,0.0,wpp_computed,,SER_FI_THL_TTR_708,,,,,,monthly,,,,,,,,,,,,,,series_registry,single_series,legacy_gap_fill_blocked_incompatible,,SER_FI_THL_TTR_708,1,The public curve is read directly from one registered source series. Legacy rows with a different reporting grain or comparison basis were not joined to this curve.,thl_ttr,Finland THL Infectious Diseases Register,https://sampo.thl.fi/pivot/prod/en/ttr/cases/fact_ttr_cases,cube_csv,thl_ttr,Finland THL Infectious Diseases Register,https://sampo.thl.fi/pivot/prod/en/ttr/cases/fact_ttr_cases,cube_csv
disease,D205,tick-borne-encephalitis,Tick-borne encephalitis,source_series_observation,FI,Finland,D205,Tick-borne encephalitis,蜱传脑炎,Viral,2001-03-01,2001-03,0,0,,,,,,SER_FI_THL_TTR_708,SER_FI_THL_TTR_708,SRC_FI_THL_TTR,TBE (tick borne encephalitis),case_notifications,national_notifiable_disease_registry,monthly,count,country:FI:national,all,exact,conditional,non_additive,active,missing_is_unknown,FI_THL_TTR_reporting_group,Finland THL national monthly notification series; THL reporting group code 708.,,provisional; raw,True,series_registry,single_series,legacy_gap_fill_blocked_incompatible,,SER_FI_THL_TTR_708,1,The public curve is read directly from one registered source series. Legacy rows with a different reporting grain or comparison basis were not joined to this curve.,thl_ttr,Finland THL Infectious Diseases Register,https://sampo.thl.fi/pivot/prod/en/ttr/cases/fact_ttr_cases,cube_csv,thl_ttr,Finland THL Infectious Diseases Register,https://sampo.thl.fi/pivot/prod/en/ttr/cases/fact_ttr_cases,cube_csv
disease,D205,tick-borne-encephalitis,Tick-borne encephalitis,public_projection,FI,Finland,D205,Tick-borne encephalitis,蜱传脑炎,Viral,2001-04-01,2001-04,0,0,,,0.0,wpp_computed,,SER_FI_THL_TTR_708,,,,,,monthly,,,,,,,,,,,,,,series_registry,single_series,legacy_gap_fill_blocked_incompatible,,SER_FI_THL_TTR_708,1,The public curve is read directly from one registered source series. Legacy rows with a different reporting grain or comparison basis were not joined to this curve.,thl_ttr,Finland THL Infectious Diseases Register,https://sampo.thl.fi/pivot/prod/en/ttr/cases/fact_ttr_cases,cube_csv,thl_ttr,Finland THL Infectious Diseases Register,https://sampo.thl.fi/pivot/prod/en/ttr/cases/fact_ttr_cases,cube_csv
disease,D205,tick-borne-encephalitis,Tick-borne encephalitis,source_series_observation,FI,Finland,D205,Tick-borne encephalitis,蜱传脑炎,Viral,2001-04-01,2001-04,0,0,,,,,,SER_FI_THL_TTR_708,SER_FI_THL_TTR_708,SRC_FI_THL_TTR,TBE (tick borne encephalitis),case_notifications,national_notifiable_disease_registry,monthly,count,country:FI:national,all,exact,conditional,non_additive,active,missing_is_unknown,FI_THL_TTR_reporting_group,Finland THL national monthly notification series; THL reporting group code 708.,,provisional; raw,True,series_registry,single_series,legacy_gap_fill_blocked_incompatible,,SER_FI_THL_TTR_708,1,The public curve is read directly from one registered source series. Legacy rows with a different reporting grain or comparison basis were not joined to this curve.,thl_ttr,Finland THL Infectious Diseases Register,https://sampo.thl.fi/pivot/prod/en/ttr/cases/fact_ttr_cases,cube_csv,thl_ttr,Finland THL Infectious Diseases Register,https://sampo.thl.fi/pivot/prod/en/ttr/cases/fact_ttr_cases,cube_csv
disease,D205,tick-borne-encephalitis,Tick-borne encephalitis,public_projection,FI,Finland,D205,Tick-borne encephalitis,蜱传脑炎,Viral,2001-05-01,2001-05,0,0,,,0.0,wpp_computed,,SER_FI_THL_TTR_708,,,,,,monthly,,,,,,,,,,,,,,series_registry,single_series,legacy_gap_fill_blocked_incompatible,,SER_FI_THL_TTR_708,1,The public curve is read directly from one registered source series. Legacy rows with a different reporting grain or comparison basis were not joined to this curve.,thl_ttr,Finland THL Infectious Diseases Register,https://sampo.thl.fi/pivot/prod/en/ttr/cases/fact_ttr_cases,cube_csv,thl_ttr,Finland THL Infectious Diseases Register,https://sampo.thl.fi/pivot/prod/en/ttr/cases/fact_ttr_cases,cube_csv
disease,D205,tick-borne-encephalitis,Tick-borne encephalitis,source_series_observation,FI,Finland,D205,Tick-borne encephalitis,蜱传脑炎,Viral,2001-05-01,2001-05,0,0,,,,,,SER_FI_THL_TTR_708,SER_FI_THL_TTR_708,SRC_FI_THL_TTR,TBE (tick borne encephalitis),case_notifications,national_notifiable_disease_registry,monthly,count,country:FI:national,all,exact,conditional,non_additive,active,missing_is_unknown,FI_THL_TTR_reporting_group,Finland THL national monthly notification series; THL reporting group code 708.,,provisional; raw,True,series_registry,single_series,legacy_gap_fill_blocked_incompatible,,SER_FI_THL_TTR_708,1,The public curve is read directly from one registered source series. Legacy rows with a different reporting grain or comparison basis were not joined to this curve.,thl_ttr,Finland THL Infectious Diseases Register,https://sampo.thl.fi/pivot/prod/en/ttr/cases/fact_ttr_cases,cube_csv,thl_ttr,Finland THL Infectious Diseases Register,https://sampo.thl.fi/pivot/prod/en/ttr/cases/fact_ttr_cases,cube_csv
disease,D205,tick-borne-encephalitis,Tick-borne encephalitis,public_projection,FI,Finland,D205,Tick-borne encephalitis,蜱传脑炎,Viral,2001-06-01,2001-06,1,1,,,0.019275358324092405,wpp_computed,,SER_FI_THL_TTR_708,,,,,,monthly,,,,,,,,,,,,,,series_registry,single_series,legacy_gap_fill_blocked_incompatible,,SER_FI_THL_TTR_708,1,The public curve is read directly from one registered source series. Legacy rows with a different reporting grain or comparison basis were not joined to this curve.,thl_ttr,Finland THL Infectious Diseases Register,https://sampo.thl.fi/pivot/prod/en/ttr/cases/fact_ttr_cases,cube_csv,thl_ttr,Finland THL Infectious Diseases Register,https://sampo.thl.fi/pivot/prod/en/ttr/cases/fact_ttr_cases,cube_csv
disease,D205,tick-borne-encephalitis,Tick-borne encephalitis,source_series_observation,FI,Finland,D205,Tick-borne encephalitis,蜱传脑炎,Viral,2001-06-01,2001-06,1,1,,,,,,SER_FI_THL_TTR_708,SER_FI_THL_TTR_708,SRC_FI_THL_TTR,TBE (tick borne encephalitis),case_notifications,national_notifiable_disease_registry,monthly,count,country:FI:national,all,exact,conditional,non_additive,active,missing_is_unknown,FI_THL_TTR_reporting_group,Finland THL national monthly notification series; THL reporting group code 708.,,provisional; raw,True,series_registry,single_series,legacy_gap_fill_blocked_incompatible,,SER_FI_THL_TTR_708,1,The public curve is read directly from one registered source series. Legacy rows with a different reporting grain or comparison basis were not joined to this curve.,thl_ttr,Finland THL Infectious Diseases Register,https://sampo.thl.fi/pivot/prod/en/ttr/cases/fact_ttr_cases,cube_csv,thl_ttr,Finland THL Infectious Diseases Register,https://sampo.thl.fi/pivot/prod/en/ttr/cases/fact_ttr_cases,cube_csv
disease,D205,tick-borne-encephalitis,Tick-borne encephalitis,public_projection,FI,Finland,D205,Tick-borne encephalitis,蜱传脑炎,Viral,2001-07-01,2001-07,4,4,,,0.07710143329636962,wpp_computed,,SER_FI_THL_TTR_708,,,,,,monthly,,,,,,,,,,,,,,series_registry,single_series,legacy_gap_fill_blocked_incompatible,,SER_FI_THL_TTR_708,1,The public curve is read directly from one registered source series. Legacy rows with a different reporting grain or comparison basis were not joined to this curve.,thl_ttr,Finland THL Infectious Diseases Register,https://sampo.thl.fi/pivot/prod/en/ttr/cases/fact_ttr_cases,cube_csv,thl_ttr,Finland THL Infectious Diseases Register,https://sampo.thl.fi/pivot/prod/en/ttr/cases/fact_ttr_cases,cube_csv
disease,D205,tick-borne-encephalitis,Tick-borne encephalitis,source_series_observation,FI,Finland,D205,Tick-borne encephalitis,蜱传脑炎,Viral,2001-07-01,2001-07,4,4,,,,,,SER_FI_THL_TTR_708,SER_FI_THL_TTR_708,SRC_FI_THL_TTR,TBE (tick borne encephalitis),case_notifications,national_notifiable_disease_registry,monthly,count,country:FI:national,all,exact,conditional,non_additive,active,missing_is_unknown,FI_THL_TTR_reporting_group,Finland THL national monthly notification series; THL reporting group code 708.,,provisional; raw,True,series_registry,single_series,legacy_gap_fill_blocked_incompatible,,SER_FI_THL_TTR_708,1,The public curve is read directly from one registered source series. Legacy rows with a different reporting grain or comparison basis were not joined to this curve.,thl_ttr,Finland THL Infectious Diseases Register,https://sampo.thl.fi/pivot/prod/en/ttr/cases/fact_ttr_cases,cube_csv,thl_ttr,Finland THL Infectious Diseases Register,https://sampo.thl.fi/pivot/prod/en/ttr/cases/fact_ttr_cases,cube_csv
disease,D205,tick-borne-encephalitis,Tick-borne encephalitis,public_projection,FI,Finland,D205,Tick-borne encephalitis,蜱传脑炎,Viral,2001-08-01,2001-08,9,9,,,0.17347822491683165,wpp_computed,,SER_FI_THL_TTR_708,,,,,,monthly,,,,,,,,,,,,,,series_registry,single_series,legacy_gap_fill_blocked_incompatible,,SER_FI_THL_TTR_708,1,The public curve is read directly from one registered source series. Legacy rows with a different reporting grain or comparison basis were not joined to this curve.,thl_ttr,Finland THL Infectious Diseases Register,https://sampo.thl.fi/pivot/prod/en/ttr/cases/fact_ttr_cases,cube_csv,thl_ttr,Finland THL Infectious Diseases Register,https://sampo.thl.fi/pivot/prod/en/ttr/cases/fact_ttr_cases,cube_csv
disease,D205,tick-borne-encephalitis,Tick-borne encephalitis,source_series_observation,FI,Finland,D205,Tick-borne encephalitis,蜱传脑炎,Viral,2001-08-01,2001-08,9,9,,,,,,SER_FI_THL_TTR_708,SER_FI_THL_TTR_708,SRC_FI_THL_TTR,TBE (tick borne encephalitis),case_notifications,national_notifiable_disease_registry,monthly,count,country:FI:national,all,exact,conditional,non_additive,active,missing_is_unknown,FI_THL_TTR_reporting_group,Finland THL national monthly notification series; THL reporting group code 708.,,provisional; raw,True,series_registry,single_series,legacy_gap_fill_blocked_incompatible,,SER_FI_THL_TTR_708,1,The public curve is read directly from one registered source series. Legacy rows with a different reporting grain or comparison basis were not joined to this curve.,thl_ttr,Finland THL Infectious Diseases Register,https://sampo.thl.fi/pivot/prod/en/ttr/cases/fact_ttr_cases,cube_csv,thl_ttr,Finland THL Infectious Diseases Register,https://sampo.thl.fi/pivot/prod/en/ttr/cases/fact_ttr_cases,cube_csv
disease,D205,tick-borne-encephalitis,Tick-borne encephalitis,public_projection,FI,Finland,D205,Tick-borne encephalitis,蜱传脑炎,Viral,2001-09-01,2001-09,9,9,,,0.17347822491683165,wpp_computed,,SER_FI_THL_TTR_708,,,,,,monthly,,,,,,,,,,,,,,series_registry,single_series,legacy_gap_fill_blocked_incompatible,,SER_FI_THL_TTR_708,1,The public curve is read directly from one registered source series. Legacy rows with a different reporting grain or comparison basis were not joined to this curve.,thl_ttr,Finland THL Infectious Diseases Register,https://sampo.thl.fi/pivot/prod/en/ttr/cases/fact_ttr_cases,cube_csv,thl_ttr,Finland THL Infectious Diseases Register,https://sampo.thl.fi/pivot/prod/en/ttr/cases/fact_ttr_cases,cube_csv
disease,D205,tick-borne-encephalitis,Tick-borne encephalitis,source_series_observation,FI,Finland,D205,Tick-borne encephalitis,蜱传脑炎,Viral,2001-09-01,2001-09,9,9,,,,,,SER_FI_THL_TTR_708,SER_FI_THL_TTR_708,SRC_FI_THL_TTR,TBE (tick borne encephalitis),case_notifications,national_notifiable_disease_registry,monthly,count,country:FI:national,all,exact,conditional,non_additive,active,missing_is_unknown,FI_THL_TTR_reporting_group,Finland THL national monthly notification series; THL reporting group code 708.,,provisional; raw,True,series_registry,single_series,legacy_gap_fill_blocked_incompatible,,SER_FI_THL_TTR_708,1,The public curve is read directly from one registered source series. Legacy rows with a different reporting grain or comparison basis were not joined to this curve.,thl_ttr,Finland THL Infectious Diseases Register,https://sampo.thl.fi/pivot/prod/en/ttr/cases/fact_ttr_cases,cube_csv,thl_ttr,Finland THL Infectious Diseases Register,https://sampo.thl.fi/pivot/prod/en/ttr/cases/fact_ttr_cases,cube_csv
disease,D205,tick-borne-encephalitis,Tick-borne encephalitis,public_projection,FI,Finland,D205,Tick-borne encephalitis,蜱传脑炎,Viral,2001-10-01,2001-10,6,6,,,0.11565214994455442,wpp_computed,,SER_FI_THL_TTR_708,,,,,,monthly,,,,,,,,,,,,,,series_registry,single_series,legacy_gap_fill_blocked_incompatible,,SER_FI_THL_TTR_708,1,The public curve is read directly from one registered source series. Legacy rows with a different reporting grain or comparison basis were not joined to this curve.,thl_ttr,Finland THL Infectious Diseases Register,https://sampo.thl.fi/pivot/prod/en/ttr/cases/fact_ttr_cases,cube_csv,thl_ttr,Finland THL Infectious Diseases Register,https://sampo.thl.fi/pivot/prod/en/ttr/cases/fact_ttr_cases,cube_csv
disease,D205,tick-borne-encephalitis,Tick-borne encephalitis,source_series_observation,FI,Finland,D205,Tick-borne encephalitis,蜱传脑炎,Viral,2001-10-01,2001-10,6,6,,,,,,SER_FI_THL_TTR_708,SER_FI_THL_TTR_708,SRC_FI_THL_TTR,TBE (tick borne encephalitis),case_notifications,national_notifiable_disease_registry,monthly,count,country:FI:national,all,exact,conditional,non_additive,active,missing_is_unknown,FI_THL_TTR_reporting_group,Finland THL national monthly notification series; THL reporting group code 708.,,provisional; raw,True,series_registry,single_series,legacy_gap_fill_blocked_incompatible,,SER_FI_THL_TTR_708,1,The public curve is read directly from one registered source series. Legacy rows with a different reporting grain or comparison basis were not joined to this curve.,thl_ttr,Finland THL Infectious Diseases Register,https://sampo.thl.fi/pivot/prod/en/ttr/cases/fact_ttr_cases,cube_csv,thl_ttr,Finland THL Infectious Diseases Register,https://sampo.thl.fi/pivot/prod/en/ttr/cases/fact_ttr_cases,cube_csv
disease,D205,tick-borne-encephalitis,Tick-borne encephalitis,public_projection,FI,Finland,D205,Tick-borne encephalitis,蜱传脑炎,Viral,2001-11-01,2001-11,4,4,,,0.07710143329636962,wpp_computed,,SER_FI_THL_TTR_708,,,,,,monthly,,,,,,,,,,,,,,series_registry,single_series,legacy_gap_fill_blocked_incompatible,,SER_FI_THL_TTR_708,1,The public curve is read directly from one registered source series. Legacy rows with a different reporting grain or comparison basis were not joined to this curve.,thl_ttr,Finland THL Infectious Diseases Register,https://sampo.thl.fi/pivot/prod/en/ttr/cases/fact_ttr_cases,cube_csv,thl_ttr,Finland THL Infectious Diseases Register,https://sampo.thl.fi/pivot/prod/en/ttr/cases/fact_ttr_cases,cube_csv
disease,D205,tick-borne-encephalitis,Tick-borne encephalitis,source_series_observation,FI,Finland,D205,Tick-borne encephalitis,蜱传脑炎,Viral,2001-11-01,2001-11,4,4,,,,,,SER_FI_THL_TTR_708,SER_FI_THL_TTR_708,SRC_FI_THL_TTR,TBE (tick borne encephalitis),case_notifications,national_notifiable_disease_registry,monthly,count,country:FI:national,all,exact,conditional,non_additive,active,missing_is_unknown,FI_THL_TTR_reporting_group,Finland THL national monthly notification series; THL reporting group code 708.,,provisional; raw,True,series_registry,single_series,legacy_gap_fill_blocked_incompatible,,SER_FI_THL_TTR_708,1,The public curve is read directly from one registered source series. Legacy rows with a different reporting grain or comparison basis were not joined to this curve.,thl_ttr,Finland THL Infectious Diseases Register,https://sampo.thl.fi/pivot/prod/en/ttr/cases/fact_ttr_cases,cube_csv,thl_ttr,Finland THL Infectious Diseases Register,https://sampo.thl.fi/pivot/prod/en/ttr/cases/fact_ttr_cases,cube_csv
disease,D205,tick-borne-encephalitis,Tick-borne encephalitis,public_projection,FI,Finland,D205,Tick-borne encephalitis,蜱传脑炎,Viral,2001-12-01,2001-12,0,0,,,0.0,wpp_computed,,SER_FI_THL_TTR_708,,,,,,monthly,,,,,,,,,,,,,,series_registry,single_series,legacy_gap_fill_blocked_incompatible,,SER_FI_THL_TTR_708,1,The public curve is read directly from one registered source series. Legacy rows with a different reporting grain or comparison basis were not joined to this curve.,thl_ttr,Finland THL Infectious Diseases Register,https://sampo.thl.fi/pivot/prod/en/ttr/cases/fact_ttr_cases,cube_csv,thl_ttr,Finland THL Infectious Diseases Register,https://sampo.thl.fi/pivot/prod/en/ttr/cases/fact_ttr_cases,cube_csv
disease,D205,tick-borne-encephalitis,Tick-borne encephalitis,source_series_observation,FI,Finland,D205,Tick-borne encephalitis,蜱传脑炎,Viral,2001-12-01,2001-12,0,0,,,,,,SER_FI_THL_TTR_708,SER_FI_THL_TTR_708,SRC_FI_THL_TTR,TBE (tick borne encephalitis),case_notifications,national_notifiable_disease_registry,monthly,count,country:FI:national,all,exact,conditional,non_additive,active,missing_is_unknown,FI_THL_TTR_reporting_group,Finland THL national monthly notification series; THL reporting group code 708.,,provisional; raw,True,series_registry,single_series,legacy_gap_fill_blocked_incompatible,,SER_FI_THL_TTR_708,1,The public curve is read directly from one registered source series. Legacy rows with a different reporting grain or comparison basis were not joined to this curve.,thl_ttr,Finland THL Infectious Diseases Register,https://sampo.thl.fi/pivot/prod/en/ttr/cases/fact_ttr_cases,cube_csv,thl_ttr,Finland THL Infectious Diseases Register,https://sampo.thl.fi/pivot/prod/en/ttr/cases/fact_ttr_cases,cube_csv
disease,D205,tick-borne-encephalitis,Tick-borne encephalitis,public_projection,FI,Finland,D205,Tick-borne encephalitis,蜱传脑炎,Viral,2002-01-01,2002-01,0,0,,,0.0,wpp_computed,,SER_FI_THL_TTR_708,,,,,,monthly,,,,,,,,,,,,,,series_registry,single_series,legacy_gap_fill_blocked_incompatible,,SER_FI_THL_TTR_708,1,The public curve is read directly from one registered source series. Legacy rows with a different reporting grain or comparison basis were not joined to this curve.,thl_ttr,Finland THL Infectious Diseases Register,https://sampo.thl.fi/pivot/prod/en/ttr/cases/fact_ttr_cases,cube_csv,thl_ttr,Finland THL Infectious Diseases Register,https://sampo.thl.fi/pivot/prod/en/ttr/cases/fact_ttr_cases,cube_csv
disease,D205,tick-borne-encephalitis,Tick-borne encephalitis,source_series_observation,FI,Finland,D205,Tick-borne encephalitis,蜱传脑炎,Viral,2002-01-01,2002-01,0,0,,,,,,SER_FI_THL_TTR_708,SER_FI_THL_TTR_708,SRC_FI_THL_TTR,TBE (tick borne encephalitis),case_notifications,national_notifiable_disease_registry,monthly,count,country:FI:national,all,exact,conditional,non_additive,active,missing_is_unknown,FI_THL_TTR_reporting_group,Finland THL national monthly notification series; THL reporting group code 708.,,provisional; raw,True,series_registry,single_series,legacy_gap_fill_blocked_incompatible,,SER_FI_THL_TTR_708,1,The public curve is read directly from one registered source series. Legacy rows with a different reporting grain or comparison basis were not joined to this curve.,thl_ttr,Finland THL Infectious Diseases Register,https://sampo.thl.fi/pivot/prod/en/ttr/cases/fact_ttr_cases,cube_csv,thl_ttr,Finland THL Infectious Diseases Register,https://sampo.thl.fi/pivot/prod/en/ttr/cases/fact_ttr_cases,cube_csv
disease,D205,tick-borne-encephalitis,Tick-borne encephalitis,public_projection,FI,Finland,D205,Tick-borne encephalitis,蜱传脑炎,Viral,2002-02-01,2002-02,0,0,,,0.0,wpp_computed,,SER_FI_THL_TTR_708,,,,,,monthly,,,,,,,,,,,,,,series_registry,single_series,legacy_gap_fill_blocked_incompatible,,SER_FI_THL_TTR_708,1,The public curve is read directly from one registered source series. Legacy rows with a different reporting grain or comparison basis were not joined to this curve.,thl_ttr,Finland THL Infectious Diseases Register,https://sampo.thl.fi/pivot/prod/en/ttr/cases/fact_ttr_cases,cube_csv,thl_ttr,Finland THL Infectious Diseases Register,https://sampo.thl.fi/pivot/prod/en/ttr/cases/fact_ttr_cases,cube_csv
disease,D205,tick-borne-encephalitis,Tick-borne encephalitis,source_series_observation,FI,Finland,D205,Tick-borne encephalitis,蜱传脑炎,Viral,2002-02-01,2002-02,0,0,,,,,,SER_FI_THL_TTR_708,SER_FI_THL_TTR_708,SRC_FI_THL_TTR,TBE (tick borne encephalitis),case_notifications,national_notifiable_disease_registry,monthly,count,country:FI:national,all,exact,conditional,non_additive,active,missing_is_unknown,FI_THL_TTR_reporting_group,Finland THL national monthly notification series; THL reporting group code 708.,,provisional; raw,True,series_registry,single_series,legacy_gap_fill_blocked_incompatible,,SER_FI_THL_TTR_708,1,The public curve is read directly from one registered source series. Legacy rows with a different reporting grain or comparison basis were not joined to this curve.,thl_ttr,Finland THL Infectious Diseases Register,https://sampo.thl.fi/pivot/prod/en/ttr/cases/fact_ttr_cases,cube_csv,thl_ttr,Finland THL Infectious Diseases Register,https://sampo.thl.fi/pivot/prod/en/ttr/cases/fact_ttr_cases,cube_csv
disease,D205,tick-borne-encephalitis,Tick-borne encephalitis,public_projection,FI,Finland,D205,Tick-borne encephalitis,蜱传脑炎,Viral,2002-03-01,2002-03,0,0,,,0.0,wpp_computed,,SER_FI_THL_TTR_708,,,,,,monthly,,,,,,,,,,,,,,series_registry,single_series,legacy_gap_fill_blocked_incompatible,,SER_FI_THL_TTR_708,1,The public curve is read directly from one registered source series. Legacy rows with a different reporting grain or comparison basis were not joined to this curve.,thl_ttr,Finland THL Infectious Diseases Register,https://sampo.thl.fi/pivot/prod/en/ttr/cases/fact_ttr_cases,cube_csv,thl_ttr,Finland THL Infectious Diseases Register,https://sampo.thl.fi/pivot/prod/en/ttr/cases/fact_ttr_cases,cube_csv
disease,D205,tick-borne-encephalitis,Tick-borne encephalitis,source_series_observation,FI,Finland,D205,Tick-borne encephalitis,蜱传脑炎,Viral,2002-03-01,2002-03,0,0,,,,,,SER_FI_THL_TTR_708,SER_FI_THL_TTR_708,SRC_FI_THL_TTR,TBE (tick borne encephalitis),case_notifications,national_notifiable_disease_registry,monthly,count,country:FI:national,all,exact,conditional,non_additive,active,missing_is_unknown,FI_THL_TTR_reporting_group,Finland THL national monthly notification series; THL reporting group code 708.,,provisional; raw,True,series_registry,single_series,legacy_gap_fill_blocked_incompatible,,SER_FI_THL_TTR_708,1,The public curve is read directly from one registered source series. Legacy rows with a different reporting grain or comparison basis were not joined to this curve.,thl_ttr,Finland THL Infectious Diseases Register,https://sampo.thl.fi/pivot/prod/en/ttr/cases/fact_ttr_cases,cube_csv,thl_ttr,Finland THL Infectious Diseases Register,https://sampo.thl.fi/pivot/prod/en/ttr/cases/fact_ttr_cases,cube_csv
disease,D205,tick-borne-encephalitis,Tick-borne encephalitis,public_projection,FI,Finland,D205,Tick-borne encephalitis,蜱传脑炎,Viral,2002-04-01,2002-04,0,0,,,0.0,wpp_computed,,SER_FI_THL_TTR_708,,,,,,monthly,,,,,,,,,,,,,,series_registry,single_series,legacy_gap_fill_blocked_incompatible,,SER_FI_THL_TTR_708,1,The public curve is read directly from one registered source series. Legacy rows with a different reporting grain or comparison basis were not joined to this curve.,thl_ttr,Finland THL Infectious Diseases Register,https://sampo.thl.fi/pivot/prod/en/ttr/cases/fact_ttr_cases,cube_csv,thl_ttr,Finland THL Infectious Diseases Register,https://sampo.thl.fi/pivot/prod/en/ttr/cases/fact_ttr_cases,cube_csv
disease,D205,tick-borne-encephalitis,Tick-borne encephalitis,source_series_observation,FI,Finland,D205,Tick-borne encephalitis,蜱传脑炎,Viral,2002-04-01,2002-04,0,0,,,,,,SER_FI_THL_TTR_708,SER_FI_THL_TTR_708,SRC_FI_THL_TTR,TBE (tick borne encephalitis),case_notifications,national_notifiable_disease_registry,monthly,count,country:FI:national,all,exact,conditional,non_additive,active,missing_is_unknown,FI_THL_TTR_reporting_group,Finland THL national monthly notification series; THL reporting group code 708.,,provisional; raw,True,series_registry,single_series,legacy_gap_fill_blocked_incompatible,,SER_FI_THL_TTR_708,1,The public curve is read directly from one registered source series. Legacy rows with a different reporting grain or comparison basis were not joined to this curve.,thl_ttr,Finland THL Infectious Diseases Register,https://sampo.thl.fi/pivot/prod/en/ttr/cases/fact_ttr_cases,cube_csv,thl_ttr,Finland THL Infectious Diseases Register,https://sampo.thl.fi/pivot/prod/en/ttr/cases/fact_ttr_cases,cube_csv
disease,D205,tick-borne-encephalitis,Tick-borne encephalitis,public_projection,FI,Finland,D205,Tick-borne encephalitis,蜱传脑炎,Viral,2002-05-01,2002-05,1,1,,,0.01922875021199697,wpp_computed,,SER_FI_THL_TTR_708,,,,,,monthly,,,,,,,,,,,,,,series_registry,single_series,legacy_gap_fill_blocked_incompatible,,SER_FI_THL_TTR_708,1,The public curve is read directly from one registered source series. Legacy rows with a different reporting grain or comparison basis were not joined to this curve.,thl_ttr,Finland THL Infectious Diseases Register,https://sampo.thl.fi/pivot/prod/en/ttr/cases/fact_ttr_cases,cube_csv,thl_ttr,Finland THL Infectious Diseases Register,https://sampo.thl.fi/pivot/prod/en/ttr/cases/fact_ttr_cases,cube_csv
disease,D205,tick-borne-encephalitis,Tick-borne encephalitis,source_series_observation,FI,Finland,D205,Tick-borne encephalitis,蜱传脑炎,Viral,2002-05-01,2002-05,1,1,,,,,,SER_FI_THL_TTR_708,SER_FI_THL_TTR_708,SRC_FI_THL_TTR,TBE (tick borne encephalitis),case_notifications,national_notifiable_disease_registry,monthly,count,country:FI:national,all,exact,conditional,non_additive,active,missing_is_unknown,FI_THL_TTR_reporting_group,Finland THL national monthly notification series; THL reporting group code 708.,,provisional; raw,True,series_registry,single_series,legacy_gap_fill_blocked_incompatible,,SER_FI_THL_TTR_708,1,The public curve is read directly from one registered source series. Legacy rows with a different reporting grain or comparison basis were not joined to this curve.,thl_ttr,Finland THL Infectious Diseases Register,https://sampo.thl.fi/pivot/prod/en/ttr/cases/fact_ttr_cases,cube_csv,thl_ttr,Finland THL Infectious Diseases Register,https://sampo.thl.fi/pivot/prod/en/ttr/cases/fact_ttr_cases,cube_csv
disease,D205,tick-borne-encephalitis,Tick-borne encephalitis,public_projection,FI,Finland,D205,Tick-borne encephalitis,蜱传脑炎,Viral,2002-06-01,2002-06,2,2,,,0.03845750042399394,wpp_computed,,SER_FI_THL_TTR_708,,,,,,monthly,,,,,,,,,,,,,,series_registry,single_series,legacy_gap_fill_blocked_incompatible,,SER_FI_THL_TTR_708,1,The public curve is read directly from one registered source series. Legacy rows with a different reporting grain or comparison basis were not joined to this curve.,thl_ttr,Finland THL Infectious Diseases Register,https://sampo.thl.fi/pivot/prod/en/ttr/cases/fact_ttr_cases,cube_csv,thl_ttr,Finland THL Infectious Diseases Register,https://sampo.thl.fi/pivot/prod/en/ttr/cases/fact_ttr_cases,cube_csv
disease,D205,tick-borne-encephalitis,Tick-borne encephalitis,source_series_observation,FI,Finland,D205,Tick-borne encephalitis,蜱传脑炎,Viral,2002-06-01,2002-06,2,2,,,,,,SER_FI_THL_TTR_708,SER_FI_THL_TTR_708,SRC_FI_THL_TTR,TBE (tick borne encephalitis),case_notifications,national_notifiable_disease_registry,monthly,count,country:FI:national,all,exact,conditional,non_additive,active,missing_is_unknown,FI_THL_TTR_reporting_group,Finland THL national monthly notification series; THL reporting group code 708.,,provisional; raw,True,series_registry,single_series,legacy_gap_fill_blocked_incompatible,,SER_FI_THL_TTR_708,1,The public curve is read directly from one registered source series. Legacy rows with a different reporting grain or comparison basis were not joined to this curve.,thl_ttr,Finland THL Infectious Diseases Register,https://sampo.thl.fi/pivot/prod/en/ttr/cases/fact_ttr_cases,cube_csv,thl_ttr,Finland THL Infectious Diseases Register,https://sampo.thl.fi/pivot/prod/en/ttr/cases/fact_ttr_cases,cube_csv
disease,D205,tick-borne-encephalitis,Tick-borne encephalitis,public_projection,FI,Finland,D205,Tick-borne encephalitis,蜱传脑炎,Viral,2002-07-01,2002-07,8,8,,,0.15383000169597577,wpp_computed,,SER_FI_THL_TTR_708,,,,,,monthly,,,,,,,,,,,,,,series_registry,single_series,legacy_gap_fill_blocked_incompatible,,SER_FI_THL_TTR_708,1,The public curve is read directly from one registered source series. Legacy rows with a different reporting grain or comparison basis were not joined to this curve.,thl_ttr,Finland THL Infectious Diseases Register,https://sampo.thl.fi/pivot/prod/en/ttr/cases/fact_ttr_cases,cube_csv,thl_ttr,Finland THL Infectious Diseases Register,https://sampo.thl.fi/pivot/prod/en/ttr/cases/fact_ttr_cases,cube_csv
disease,D205,tick-borne-encephalitis,Tick-borne encephalitis,source_series_observation,FI,Finland,D205,Tick-borne encephalitis,蜱传脑炎,Viral,2002-07-01,2002-07,8,8,,,,,,SER_FI_THL_TTR_708,SER_FI_THL_TTR_708,SRC_FI_THL_TTR,TBE (tick borne encephalitis),case_notifications,national_notifiable_disease_registry,monthly,count,country:FI:national,all,exact,conditional,non_additive,active,missing_is_unknown,FI_THL_TTR_reporting_group,Finland THL national monthly notification series; THL reporting group code 708.,,provisional; raw,True,series_registry,single_series,legacy_gap_fill_blocked_incompatible,,SER_FI_THL_TTR_708,1,The public curve is read directly from one registered source series. Legacy rows with a different reporting grain or comparison basis were not joined to this curve.,thl_ttr,Finland THL Infectious Diseases Register,https://sampo.thl.fi/pivot/prod/en/ttr/cases/fact_ttr_cases,cube_csv,thl_ttr,Finland THL Infectious Diseases Register,https://sampo.thl.fi/pivot/prod/en/ttr/cases/fact_ttr_cases,cube_csv
disease,D205,tick-borne-encephalitis,Tick-borne encephalitis,public_projection,FI,Finland,D205,Tick-borne encephalitis,蜱传脑炎,Viral,2002-08-01,2002-08,16,16,,,0.30766000339195154,wpp_computed,,SER_FI_THL_TTR_708,,,,,,monthly,,,,,,,,,,,,,,series_registry,single_series,legacy_gap_fill_blocked_incompatible,,SER_FI_THL_TTR_708,1,The public curve is read directly from one registered source series. Legacy rows with a different reporting grain or comparison basis were not joined to this curve.,thl_ttr,Finland THL Infectious Diseases Register,https://sampo.thl.fi/pivot/prod/en/ttr/cases/fact_ttr_cases,cube_csv,thl_ttr,Finland THL Infectious Diseases Register,https://sampo.thl.fi/pivot/prod/en/ttr/cases/fact_ttr_cases,cube_csv
disease,D205,tick-borne-encephalitis,Tick-borne encephalitis,source_series_observation,FI,Finland,D205,Tick-borne encephalitis,蜱传脑炎,Viral,2002-08-01,2002-08,16,16,,,,,,SER_FI_THL_TTR_708,SER_FI_THL_TTR_708,SRC_FI_THL_TTR,TBE (tick borne encephalitis),case_notifications,national_notifiable_disease_registry,monthly,count,country:FI:national,all,exact,conditional,non_additive,active,missing_is_unknown,FI_THL_TTR_reporting_group,Finland THL national monthly notification series; THL reporting group code 708.,,provisional; raw,True,series_registry,single_series,legacy_gap_fill_blocked_incompatible,,SER_FI_THL_TTR_708,1,The public curve is read directly from one registered source series. Legacy rows with a different reporting grain or comparison basis were not joined to this curve.,thl_ttr,Finland THL Infectious Diseases Register,https://sampo.thl.fi/pivot/prod/en/ttr/cases/fact_ttr_cases,cube_csv,thl_ttr,Finland THL Infectious Diseases Register,https://sampo.thl.fi/pivot/prod/en/ttr/cases/fact_ttr_cases,cube_csv
disease,D205,tick-borne-encephalitis,Tick-borne encephalitis,public_projection,FI,Finland,D205,Tick-borne encephalitis,蜱传脑炎,Viral,2002-09-01,2002-09,7,7,,,0.1346012514839788,wpp_computed,,SER_FI_THL_TTR_708,,,,,,monthly,,,,,,,,,,,,,,series_registry,single_series,legacy_gap_fill_blocked_incompatible,,SER_FI_THL_TTR_708,1,The public curve is read directly from one registered source series. Legacy rows with a different reporting grain or comparison basis were not joined to this curve.,thl_ttr,Finland THL Infectious Diseases Register,https://sampo.thl.fi/pivot/prod/en/ttr/cases/fact_ttr_cases,cube_csv,thl_ttr,Finland THL Infectious Diseases Register,https://sampo.thl.fi/pivot/prod/en/ttr/cases/fact_ttr_cases,cube_csv
disease,D205,tick-borne-encephalitis,Tick-borne encephalitis,source_series_observation,FI,Finland,D205,Tick-borne encephalitis,蜱传脑炎,Viral,2002-09-01,2002-09,7,7,,,,,,SER_FI_THL_TTR_708,SER_FI_THL_TTR_708,SRC_FI_THL_TTR,TBE (tick borne encephalitis),case_notifications,national_notifiable_disease_registry,monthly,count,country:FI:national,all,exact,conditional,non_additive,active,missing_is_unknown,FI_THL_TTR_reporting_group,Finland THL national monthly notification series; THL reporting group code 708.,,provisional; raw,True,series_registry,single_series,legacy_gap_fill_blocked_incompatible,,SER_FI_THL_TTR_708,1,The public curve is read directly from one registered source series. Legacy rows with a different reporting grain or comparison basis were not joined to this curve.,thl_ttr,Finland THL Infectious Diseases Register,https://sampo.thl.fi/pivot/prod/en/ttr/cases/fact_ttr_cases,cube_csv,thl_ttr,Finland THL Infectious Diseases Register,https://sampo.thl.fi/pivot/prod/en/ttr/cases/fact_ttr_cases,cube_csv
disease,D205,tick-borne-encephalitis,Tick-borne encephalitis,public_projection,FI,Finland,D205,Tick-borne encephalitis,蜱传脑炎,Viral,2002-10-01,2002-10,2,2,,,0.03845750042399394,wpp_computed,,SER_FI_THL_TTR_708,,,,,,monthly,,,,,,,,,,,,,,series_registry,single_series,legacy_gap_fill_blocked_incompatible,,SER_FI_THL_TTR_708,1,The public curve is read directly from one registered source series. Legacy rows with a different reporting grain or comparison basis were not joined to this curve.,thl_ttr,Finland THL Infectious Diseases Register,https://sampo.thl.fi/pivot/prod/en/ttr/cases/fact_ttr_cases,cube_csv,thl_ttr,Finland THL Infectious Diseases Register,https://sampo.thl.fi/pivot/prod/en/ttr/cases/fact_ttr_cases,cube_csv
disease,D205,tick-borne-encephalitis,Tick-borne encephalitis,source_series_observation,FI,Finland,D205,Tick-borne encephalitis,蜱传脑炎,Viral,2002-10-01,2002-10,2,2,,,,,,SER_FI_THL_TTR_708,SER_FI_THL_TTR_708,SRC_FI_THL_TTR,TBE (tick borne encephalitis),case_notifications,national_notifiable_disease_registry,monthly,count,country:FI:national,all,exact,conditional,non_additive,active,missing_is_unknown,FI_THL_TTR_reporting_group,Finland THL national monthly notification series; THL reporting group code 708.,,provisional; raw,True,series_registry,single_series,legacy_gap_fill_blocked_incompatible,,SER_FI_THL_TTR_708,1,The public curve is read directly from one registered source series. Legacy rows with a different reporting grain or comparison basis were not joined to this curve.,thl_ttr,Finland THL Infectious Diseases Register,https://sampo.thl.fi/pivot/prod/en/ttr/cases/fact_ttr_cases,cube_csv,thl_ttr,Finland THL Infectious Diseases Register,https://sampo.thl.fi/pivot/prod/en/ttr/cases/fact_ttr_cases,cube_csv
disease,D205,tick-borne-encephalitis,Tick-borne encephalitis,public_projection,FI,Finland,D205,Tick-borne encephalitis,蜱传脑炎,Viral,2002-11-01,2002-11,2,2,,,0.03845750042399394,wpp_computed,,SER_FI_THL_TTR_708,,,,,,monthly,,,,,,,,,,,,,,series_registry,single_series,legacy_gap_fill_blocked_incompatible,,SER_FI_THL_TTR_708,1,The public curve is read directly from one registered source series. Legacy rows with a different reporting grain or comparison basis were not joined to this curve.,thl_ttr,Finland THL Infectious Diseases Register,https://sampo.thl.fi/pivot/prod/en/ttr/cases/fact_ttr_cases,cube_csv,thl_ttr,Finland THL Infectious Diseases Register,https://sampo.thl.fi/pivot/prod/en/ttr/cases/fact_ttr_cases,cube_csv
disease,D205,tick-borne-encephalitis,Tick-borne encephalitis,source_series_observation,FI,Finland,D205,Tick-borne encephalitis,蜱传脑炎,Viral,2002-11-01,2002-11,2,2,,,,,,SER_FI_THL_TTR_708,SER_FI_THL_TTR_708,SRC_FI_THL_TTR,TBE (tick borne encephalitis),case_notifications,national_notifiable_disease_registry,monthly,count,country:FI:national,all,exact,conditional,non_additive,active,missing_is_unknown,FI_THL_TTR_reporting_group,Finland THL national monthly notification series; THL reporting group code 708.,,provisional; raw,True,series_registry,single_series,legacy_gap_fill_blocked_incompatible,,SER_FI_THL_TTR_708,1,The public curve is read directly from one registered source series. Legacy rows with a different reporting grain or comparison basis were not joined to this curve.,thl_ttr,Finland THL Infectious Diseases Register,https://sampo.thl.fi/pivot/prod/en/ttr/cases/fact_ttr_cases,cube_csv,thl_ttr,Finland THL Infectious Diseases Register,https://sampo.thl.fi/pivot/prod/en/ttr/cases/fact_ttr_cases,cube_csv
disease,D205,tick-borne-encephalitis,Tick-borne encephalitis,public_projection,FI,Finland,D205,Tick-borne encephalitis,蜱传脑炎,Viral,2002-12-01,2002-12,0,0,,,0.0,wpp_computed,,SER_FI_THL_TTR_708,,,,,,monthly,,,,,,,,,,,,,,series_registry,single_series,legacy_gap_fill_blocked_incompatible,,SER_FI_THL_TTR_708,1,The public curve is read directly from one registered source series. Legacy rows with a different reporting grain or comparison basis were not joined to this curve.,thl_ttr,Finland THL Infectious Diseases Register,https://sampo.thl.fi/pivot/prod/en/ttr/cases/fact_ttr_cases,cube_csv,thl_ttr,Finland THL Infectious Diseases Register,https://sampo.thl.fi/pivot/prod/en/ttr/cases/fact_ttr_cases,cube_csv
disease,D205,tick-borne-encephalitis,Tick-borne encephalitis,source_series_observation,FI,Finland,D205,Tick-borne encephalitis,蜱传脑炎,Viral,2002-12-01,2002-12,0,0,,,,,,SER_FI_THL_TTR_708,SER_FI_THL_TTR_708,SRC_FI_THL_TTR,TBE (tick borne encephalitis),case_notifications,national_notifiable_disease_registry,monthly,count,country:FI:national,all,exact,conditional,non_additive,active,missing_is_unknown,FI_THL_TTR_reporting_group,Finland THL national monthly notification series; THL reporting group code 708.,,provisional; raw,True,series_registry,single_series,legacy_gap_fill_blocked_incompatible,,SER_FI_THL_TTR_708,1,The public curve is read directly from one registered source series. Legacy rows with a different reporting grain or comparison basis were not joined to this curve.,thl_ttr,Finland THL Infectious Diseases Register,https://sampo.thl.fi/pivot/prod/en/ttr/cases/fact_ttr_cases,cube_csv,thl_ttr,Finland THL Infectious Diseases Register,https://sampo.thl.fi/pivot/prod/en/ttr/cases/fact_ttr_cases,cube_csv
disease,D205,tick-borne-encephalitis,Tick-borne encephalitis,public_projection,FI,Finland,D205,Tick-borne encephalitis,蜱传脑炎,Viral,2003-01-01,2003-01,0,0,,,0.0,wpp_computed,,SER_FI_THL_TTR_708,,,,,,monthly,,,,,,,,,,,,,,series_registry,single_series,legacy_gap_fill_blocked_incompatible,,SER_FI_THL_TTR_708,1,The public curve is read directly from one registered source series. Legacy rows with a different reporting grain or comparison basis were not joined to this curve.,thl_ttr,Finland THL Infectious Diseases Register,https://sampo.thl.fi/pivot/prod/en/ttr/cases/fact_ttr_cases,cube_csv,thl_ttr,Finland THL Infectious Diseases Register,https://sampo.thl.fi/pivot/prod/en/ttr/cases/fact_ttr_cases,cube_csv
disease,D205,tick-borne-encephalitis,Tick-borne encephalitis,source_series_observation,FI,Finland,D205,Tick-borne encephalitis,蜱传脑炎,Viral,2003-01-01,2003-01,0,0,,,,,,SER_FI_THL_TTR_708,SER_FI_THL_TTR_708,SRC_FI_THL_TTR,TBE (tick borne encephalitis),case_notifications,national_notifiable_disease_registry,monthly,count,country:FI:national,all,exact,conditional,non_additive,active,missing_is_unknown,FI_THL_TTR_reporting_group,Finland THL national monthly notification series; THL reporting group code 708.,,provisional; raw,True,series_registry,single_series,legacy_gap_fill_blocked_incompatible,,SER_FI_THL_TTR_708,1,The public curve is read directly from one registered source series. Legacy rows with a different reporting grain or comparison basis were not joined to this curve.,thl_ttr,Finland THL Infectious Diseases Register,https://sampo.thl.fi/pivot/prod/en/ttr/cases/fact_ttr_cases,cube_csv,thl_ttr,Finland THL Infectious Diseases Register,https://sampo.thl.fi/pivot/prod/en/ttr/cases/fact_ttr_cases,cube_csv
disease,D205,tick-borne-encephalitis,Tick-borne encephalitis,public_projection,FI,Finland,D205,Tick-borne encephalitis,蜱传脑炎,Viral,2003-02-01,2003-02,0,0,,,0.0,wpp_computed,,SER_FI_THL_TTR_708,,,,,,monthly,,,,,,,,,,,,,,series_registry,single_series,legacy_gap_fill_blocked_incompatible,,SER_FI_THL_TTR_708,1,The public curve is read directly from one registered source series. Legacy rows with a different reporting grain or comparison basis were not joined to this curve.,thl_ttr,Finland THL Infectious Diseases Register,https://sampo.thl.fi/pivot/prod/en/ttr/cases/fact_ttr_cases,cube_csv,thl_ttr,Finland THL Infectious Diseases Register,https://sampo.thl.fi/pivot/prod/en/ttr/cases/fact_ttr_cases,cube_csv
disease,D205,tick-borne-encephalitis,Tick-borne encephalitis,source_series_observation,FI,Finland,D205,Tick-borne encephalitis,蜱传脑炎,Viral,2003-02-01,2003-02,0,0,,,,,,SER_FI_THL_TTR_708,SER_FI_THL_TTR_708,SRC_FI_THL_TTR,TBE (tick borne encephalitis),case_notifications,national_notifiable_disease_registry,monthly,count,country:FI:national,all,exact,conditional,non_additive,active,missing_is_unknown,FI_THL_TTR_reporting_group,Finland THL national monthly notification series; THL reporting group code 708.,,provisional; raw,True,series_registry,single_series,legacy_gap_fill_blocked_incompatible,,SER_FI_THL_TTR_708,1,The public curve is read directly from one registered source series. Legacy rows with a different reporting grain or comparison basis were not joined to this curve.,thl_ttr,Finland THL Infectious Diseases Register,https://sampo.thl.fi/pivot/prod/en/ttr/cases/fact_ttr_cases,cube_csv,thl_ttr,Finland THL Infectious Diseases Register,https://sampo.thl.fi/pivot/prod/en/ttr/cases/fact_ttr_cases,cube_csv
disease,D205,tick-borne-encephalitis,Tick-borne encephalitis,public_projection,FI,Finland,D205,Tick-borne encephalitis,蜱传脑炎,Viral,2003-03-01,2003-03,0,0,,,0.0,wpp_computed,,SER_FI_THL_TTR_708,,,,,,monthly,,,,,,,,,,,,,,series_registry,single_series,legacy_gap_fill_blocked_incompatible,,SER_FI_THL_TTR_708,1,The public curve is read directly from one registered source series. Legacy rows with a different reporting grain or comparison basis were not joined to this curve.,thl_ttr,Finland THL Infectious Diseases Register,https://sampo.thl.fi/pivot/prod/en/ttr/cases/fact_ttr_cases,cube_csv,thl_ttr,Finland THL Infectious Diseases Register,https://sampo.thl.fi/pivot/prod/en/ttr/cases/fact_ttr_cases,cube_csv
disease,D205,tick-borne-encephalitis,Tick-borne encephalitis,source_series_observation,FI,Finland,D205,Tick-borne encephalitis,蜱传脑炎,Viral,2003-03-01,2003-03,0,0,,,,,,SER_FI_THL_TTR_708,SER_FI_THL_TTR_708,SRC_FI_THL_TTR,TBE (tick borne encephalitis),case_notifications,national_notifiable_disease_registry,monthly,count,country:FI:national,all,exact,conditional,non_additive,active,missing_is_unknown,FI_THL_TTR_reporting_group,Finland THL national monthly notification series; THL reporting group code 708.,,provisional; raw,True,series_registry,single_series,legacy_gap_fill_blocked_incompatible,,SER_FI_THL_TTR_708,1,The public curve is read directly from one registered source series. Legacy rows with a different reporting grain or comparison basis were not joined to this curve.,thl_ttr,Finland THL Infectious Diseases Register,https://sampo.thl.fi/pivot/prod/en/ttr/cases/fact_ttr_cases,cube_csv,thl_ttr,Finland THL Infectious Diseases Register,https://sampo.thl.fi/pivot/prod/en/ttr/cases/fact_ttr_cases,cube_csv
disease,D205,tick-borne-encephalitis,Tick-borne encephalitis,public_projection,FI,Finland,D205,Tick-borne encephalitis,蜱传脑炎,Viral,2003-04-01,2003-04,0,0,,,0.0,wpp_computed,,SER_FI_THL_TTR_708,,,,,,monthly,,,,,,,,,,,,,,series_registry,single_series,legacy_gap_fill_blocked_incompatible,,SER_FI_THL_TTR_708,1,The public curve is read directly from one registered source series. Legacy rows with a different reporting grain or comparison basis were not joined to this curve.,thl_ttr,Finland THL Infectious Diseases Register,https://sampo.thl.fi/pivot/prod/en/ttr/cases/fact_ttr_cases,cube_csv,thl_ttr,Finland THL Infectious Diseases Register,https://sampo.thl.fi/pivot/prod/en/ttr/cases/fact_ttr_cases,cube_csv
disease,D205,tick-borne-encephalitis,Tick-borne encephalitis,source_series_observation,FI,Finland,D205,Tick-borne encephalitis,蜱传脑炎,Viral,2003-04-01,2003-04,0,0,,,,,,SER_FI_THL_TTR_708,SER_FI_THL_TTR_708,SRC_FI_THL_TTR,TBE (tick borne encephalitis),case_notifications,national_notifiable_disease_registry,monthly,count,country:FI:national,all,exact,conditional,non_additive,active,missing_is_unknown,FI_THL_TTR_reporting_group,Finland THL national monthly notification series; THL reporting group code 708.,,provisional; raw,True,series_registry,single_series,legacy_gap_fill_blocked_incompatible,,SER_FI_THL_TTR_708,1,The public curve is read directly from one registered source series. Legacy rows with a different reporting grain or comparison basis were not joined to this curve.,thl_ttr,Finland THL Infectious Diseases Register,https://sampo.thl.fi/pivot/prod/en/ttr/cases/fact_ttr_cases,cube_csv,thl_ttr,Finland THL Infectious Diseases Register,https://sampo.thl.fi/pivot/prod/en/ttr/cases/fact_ttr_cases,cube_csv
disease,D205,tick-borne-encephalitis,Tick-borne encephalitis,public_projection,FI,Finland,D205,Tick-borne encephalitis,蜱传脑炎,Viral,2003-05-01,2003-05,0,0,,,0.0,wpp_computed,,SER_FI_THL_TTR_708,,,,,,monthly,,,,,,,,,,,,,,series_registry,single_series,legacy_gap_fill_blocked_incompatible,,SER_FI_THL_TTR_708,1,The public curve is read directly from one registered source series. Legacy rows with a different reporting grain or comparison basis were not joined to this curve.,thl_ttr,Finland THL Infectious Diseases Register,https://sampo.thl.fi/pivot/prod/en/ttr/cases/fact_ttr_cases,cube_csv,thl_ttr,Finland THL Infectious Diseases Register,https://sampo.thl.fi/pivot/prod/en/ttr/cases/fact_ttr_cases,cube_csv
disease,D205,tick-borne-encephalitis,Tick-borne encephalitis,source_series_observation,FI,Finland,D205,Tick-borne encephalitis,蜱传脑炎,Viral,2003-05-01,2003-05,0,0,,,,,,SER_FI_THL_TTR_708,SER_FI_THL_TTR_708,SRC_FI_THL_TTR,TBE (tick borne encephalitis),case_notifications,national_notifiable_disease_registry,monthly,count,country:FI:national,all,exact,conditional,non_additive,active,missing_is_unknown,FI_THL_TTR_reporting_group,Finland THL national monthly notification series; THL reporting group code 708.,,provisional; raw,True,series_registry,single_series,legacy_gap_fill_blocked_incompatible,,SER_FI_THL_TTR_708,1,The public curve is read directly from one registered source series. Legacy rows with a different reporting grain or comparison basis were not joined to this curve.,thl_ttr,Finland THL Infectious Diseases Register,https://sampo.thl.fi/pivot/prod/en/ttr/cases/fact_ttr_cases,cube_csv,thl_ttr,Finland THL Infectious Diseases Register,https://sampo.thl.fi/pivot/prod/en/ttr/cases/fact_ttr_cases,cube_csv
disease,D205,tick-borne-encephalitis,Tick-borne encephalitis,public_projection,FI,Finland,D205,Tick-borne encephalitis,蜱传脑炎,Viral,2003-06-01,2003-06,4,4,,,0.07673191117130304,wpp_computed,,SER_FI_THL_TTR_708,,,,,,monthly,,,,,,,,,,,,,,series_registry,single_series,legacy_gap_fill_blocked_incompatible,,SER_FI_THL_TTR_708,1,The public curve is read directly from one registered source series. Legacy rows with a different reporting grain or comparison basis were not joined to this curve.,thl_ttr,Finland THL Infectious Diseases Register,https://sampo.thl.fi/pivot/prod/en/ttr/cases/fact_ttr_cases,cube_csv,thl_ttr,Finland THL Infectious Diseases Register,https://sampo.thl.fi/pivot/prod/en/ttr/cases/fact_ttr_cases,cube_csv
disease,D205,tick-borne-encephalitis,Tick-borne encephalitis,source_series_observation,FI,Finland,D205,Tick-borne encephalitis,蜱传脑炎,Viral,2003-06-01,2003-06,4,4,,,,,,SER_FI_THL_TTR_708,SER_FI_THL_TTR_708,SRC_FI_THL_TTR,TBE (tick borne encephalitis),case_notifications,national_notifiable_disease_registry,monthly,count,country:FI:national,all,exact,conditional,non_additive,active,missing_is_unknown,FI_THL_TTR_reporting_group,Finland THL national monthly notification series; THL reporting group code 708.,,provisional; raw,True,series_registry,single_series,legacy_gap_fill_blocked_incompatible,,SER_FI_THL_TTR_708,1,The public curve is read directly from one registered source series. Legacy rows with a different reporting grain or comparison basis were not joined to this curve.,thl_ttr,Finland THL Infectious Diseases Register,https://sampo.thl.fi/pivot/prod/en/ttr/cases/fact_ttr_cases,cube_csv,thl_ttr,Finland THL Infectious Diseases Register,https://sampo.thl.fi/pivot/prod/en/ttr/cases/fact_ttr_cases,cube_csv
disease,D205,tick-borne-encephalitis,Tick-borne encephalitis,public_projection,FI,Finland,D205,Tick-borne encephalitis,蜱传脑炎,Viral,2003-07-01,2003-07,3,3,,,0.057548933378477274,wpp_computed,,SER_FI_THL_TTR_708,,,,,,monthly,,,,,,,,,,,,,,series_registry,single_series,legacy_gap_fill_blocked_incompatible,,SER_FI_THL_TTR_708,1,The public curve is read directly from one registered source series. Legacy rows with a different reporting grain or comparison basis were not joined to this curve.,thl_ttr,Finland THL Infectious Diseases Register,https://sampo.thl.fi/pivot/prod/en/ttr/cases/fact_ttr_cases,cube_csv,thl_ttr,Finland THL Infectious Diseases Register,https://sampo.thl.fi/pivot/prod/en/ttr/cases/fact_ttr_cases,cube_csv
disease,D205,tick-borne-encephalitis,Tick-borne encephalitis,source_series_observation,FI,Finland,D205,Tick-borne encephalitis,蜱传脑炎,Viral,2003-07-01,2003-07,3,3,,,,,,SER_FI_THL_TTR_708,SER_FI_THL_TTR_708,SRC_FI_THL_TTR,TBE (tick borne encephalitis),case_notifications,national_notifiable_disease_registry,monthly,count,country:FI:national,all,exact,conditional,non_additive,active,missing_is_unknown,FI_THL_TTR_reporting_group,Finland THL national monthly notification series; THL reporting group code 708.,,provisional; raw,True,series_registry,single_series,legacy_gap_fill_blocked_incompatible,,SER_FI_THL_TTR_708,1,The public curve is read directly from one registered source series. Legacy rows with a different reporting grain or comparison basis were not joined to this curve.,thl_ttr,Finland THL Infectious Diseases Register,https://sampo.thl.fi/pivot/prod/en/ttr/cases/fact_ttr_cases,cube_csv,thl_ttr,Finland THL Infectious Diseases Register,https://sampo.thl.fi/pivot/prod/en/ttr/cases/fact_ttr_cases,cube_csv
disease,D205,tick-borne-encephalitis,Tick-borne encephalitis,public_projection,FI,Finland,D205,Tick-borne encephalitis,蜱传脑炎,Viral,2003-08-01,2003-08,3,3,,,0.057548933378477274,wpp_computed,,SER_FI_THL_TTR_708,,,,,,monthly,,,,,,,,,,,,,,series_registry,single_series,legacy_gap_fill_blocked_incompatible,,SER_FI_THL_TTR_708,1,The public curve is read directly from one registered source series. Legacy rows with a different reporting grain or comparison basis were not joined to this curve.,thl_ttr,Finland THL Infectious Diseases Register,https://sampo.thl.fi/pivot/prod/en/ttr/cases/fact_ttr_cases,cube_csv,thl_ttr,Finland THL Infectious Diseases Register,https://sampo.thl.fi/pivot/prod/en/ttr/cases/fact_ttr_cases,cube_csv
disease,D205,tick-borne-encephalitis,Tick-borne encephalitis,source_series_observation,FI,Finland,D205,Tick-borne encephalitis,蜱传脑炎,Viral,2003-08-01,2003-08,3,3,,,,,,SER_FI_THL_TTR_708,SER_FI_THL_TTR_708,SRC_FI_THL_TTR,TBE (tick borne encephalitis),case_notifications,national_notifiable_disease_registry,monthly,count,country:FI:national,all,exact,conditional,non_additive,active,missing_is_unknown,FI_THL_TTR_reporting_group,Finland THL national monthly notification series; THL reporting group code 708.,,provisional; raw,True,series_registry,single_series,legacy_gap_fill_blocked_incompatible,,SER_FI_THL_TTR_708,1,The public curve is read directly from one registered source series. Legacy rows with a different reporting grain or comparison basis were not joined to this curve.,thl_ttr,Finland THL Infectious Diseases Register,https://sampo.thl.fi/pivot/prod/en/ttr/cases/fact_ttr_cases,cube_csv,thl_ttr,Finland THL Infectious Diseases Register,https://sampo.thl.fi/pivot/prod/en/ttr/cases/fact_ttr_cases,cube_csv
disease,D205,tick-borne-encephalitis,Tick-borne encephalitis,public_projection,FI,Finland,D205,Tick-borne encephalitis,蜱传脑炎,Viral,2003-09-01,2003-09,1,1,,,0.01918297779282576,wpp_computed,,SER_FI_THL_TTR_708,,,,,,monthly,,,,,,,,,,,,,,series_registry,single_series,legacy_gap_fill_blocked_incompatible,,SER_FI_THL_TTR_708,1,The public curve is read directly from one registered source series. Legacy rows with a different reporting grain or comparison basis were not joined to this curve.,thl_ttr,Finland THL Infectious Diseases Register,https://sampo.thl.fi/pivot/prod/en/ttr/cases/fact_ttr_cases,cube_csv,thl_ttr,Finland THL Infectious Diseases Register,https://sampo.thl.fi/pivot/prod/en/ttr/cases/fact_ttr_cases,cube_csv
disease,D205,tick-borne-encephalitis,Tick-borne encephalitis,source_series_observation,FI,Finland,D205,Tick-borne encephalitis,蜱传脑炎,Viral,2003-09-01,2003-09,1,1,,,,,,SER_FI_THL_TTR_708,SER_FI_THL_TTR_708,SRC_FI_THL_TTR,TBE (tick borne encephalitis),case_notifications,national_notifiable_disease_registry,monthly,count,country:FI:national,all,exact,conditional,non_additive,active,missing_is_unknown,FI_THL_TTR_reporting_group,Finland THL national monthly notification series; THL reporting group code 708.,,provisional; raw,True,series_registry,single_series,legacy_gap_fill_blocked_incompatible,,SER_FI_THL_TTR_708,1,The public curve is read directly from one registered source series. Legacy rows with a different reporting grain or comparison basis were not joined to this curve.,thl_ttr,Finland THL Infectious Diseases Register,https://sampo.thl.fi/pivot/prod/en/ttr/cases/fact_ttr_cases,cube_csv,thl_ttr,Finland THL Infectious Diseases Register,https://sampo.thl.fi/pivot/prod/en/ttr/cases/fact_ttr_cases,cube_csv
disease,D205,tick-borne-encephalitis,Tick-borne encephalitis,public_projection,FI,Finland,D205,Tick-borne encephalitis,蜱传脑炎,Viral,2003-10-01,2003-10,5,5,,,0.09591488896412878,wpp_computed,,SER_FI_THL_TTR_708,,,,,,monthly,,,,,,,,,,,,,,series_registry,single_series,legacy_gap_fill_blocked_incompatible,,SER_FI_THL_TTR_708,1,The public curve is read directly from one registered source series. Legacy rows with a different reporting grain or comparison basis were not joined to this curve.,thl_ttr,Finland THL Infectious Diseases Register,https://sampo.thl.fi/pivot/prod/en/ttr/cases/fact_ttr_cases,cube_csv,thl_ttr,Finland THL Infectious Diseases Register,https://sampo.thl.fi/pivot/prod/en/ttr/cases/fact_ttr_cases,cube_csv
disease,D205,tick-borne-encephalitis,Tick-borne encephalitis,source_series_observation,FI,Finland,D205,Tick-borne encephalitis,蜱传脑炎,Viral,2003-10-01,2003-10,5,5,,,,,,SER_FI_THL_TTR_708,SER_FI_THL_TTR_708,SRC_FI_THL_TTR,TBE (tick borne encephalitis),case_notifications,national_notifiable_disease_registry,monthly,count,country:FI:national,all,exact,conditional,non_additive,active,missing_is_unknown,FI_THL_TTR_reporting_group,Finland THL national monthly notification series; THL reporting group code 708.,,provisional; raw,True,series_registry,single_series,legacy_gap_fill_blocked_incompatible,,SER_FI_THL_TTR_708,1,The public curve is read directly from one registered source series. Legacy rows with a different reporting grain or comparison basis were not joined to this curve.,thl_ttr,Finland THL Infectious Diseases Register,https://sampo.thl.fi/pivot/prod/en/ttr/cases/fact_ttr_cases,cube_csv,thl_ttr,Finland THL Infectious Diseases Register,https://sampo.thl.fi/pivot/prod/en/ttr/cases/fact_ttr_cases,cube_csv
disease,D205,tick-borne-encephalitis,Tick-borne encephalitis,public_projection,FI,Finland,D205,Tick-borne encephalitis,蜱传脑炎,Viral,2003-11-01,2003-11,0,0,,,0.0,wpp_computed,,SER_FI_THL_TTR_708,,,,,,monthly,,,,,,,,,,,,,,series_registry,single_series,legacy_gap_fill_blocked_incompatible,,SER_FI_THL_TTR_708,1,The public curve is read directly from one registered source series. Legacy rows with a different reporting grain or comparison basis were not joined to this curve.,thl_ttr,Finland THL Infectious Diseases Register,https://sampo.thl.fi/pivot/prod/en/ttr/cases/fact_ttr_cases,cube_csv,thl_ttr,Finland THL Infectious Diseases Register,https://sampo.thl.fi/pivot/prod/en/ttr/cases/fact_ttr_cases,cube_csv
disease,D205,tick-borne-encephalitis,Tick-borne encephalitis,source_series_observation,FI,Finland,D205,Tick-borne encephalitis,蜱传脑炎,Viral,2003-11-01,2003-11,0,0,,,,,,SER_FI_THL_TTR_708,SER_FI_THL_TTR_708,SRC_FI_THL_TTR,TBE (tick borne encephalitis),case_notifications,national_notifiable_disease_registry,monthly,count,country:FI:national,all,exact,conditional,non_additive,active,missing_is_unknown,FI_THL_TTR_reporting_group,Finland THL national monthly notification series; THL reporting group code 708.,,provisional; raw,True,series_registry,single_series,legacy_gap_fill_blocked_incompatible,,SER_FI_THL_TTR_708,1,The public curve is read directly from one registered source series. Legacy rows with a different reporting grain or comparison basis were not joined to this curve.,thl_ttr,Finland THL Infectious Diseases Register,https://sampo.thl.fi/pivot/prod/en/ttr/cases/fact_ttr_cases,cube_csv,thl_ttr,Finland THL Infectious Diseases Register,https://sampo.thl.fi/pivot/prod/en/ttr/cases/fact_ttr_cases,cube_csv
disease,D205,tick-borne-encephalitis,Tick-borne encephalitis,public_projection,FI,Finland,D205,Tick-borne encephalitis,蜱传脑炎,Viral,2003-12-01,2003-12,0,0,,,0.0,wpp_computed,,SER_FI_THL_TTR_708,,,,,,monthly,,,,,,,,,,,,,,series_registry,single_series,legacy_gap_fill_blocked_incompatible,,SER_FI_THL_TTR_708,1,The public curve is read directly from one registered source series. Legacy rows with a different reporting grain or comparison basis were not joined to this curve.,thl_ttr,Finland THL Infectious Diseases Register,https://sampo.thl.fi/pivot/prod/en/ttr/cases/fact_ttr_cases,cube_csv,thl_ttr,Finland THL Infectious Diseases Register,https://sampo.thl.fi/pivot/prod/en/ttr/cases/fact_ttr_cases,cube_csv
disease,D205,tick-borne-encephalitis,Tick-borne encephalitis,source_series_observation,FI,Finland,D205,Tick-borne encephalitis,蜱传脑炎,Viral,2003-12-01,2003-12,0,0,,,,,,SER_FI_THL_TTR_708,SER_FI_THL_TTR_708,SRC_FI_THL_TTR,TBE (tick borne encephalitis),case_notifications,national_notifiable_disease_registry,monthly,count,country:FI:national,all,exact,conditional,non_additive,active,missing_is_unknown,FI_THL_TTR_reporting_group,Finland THL national monthly notification series; THL reporting group code 708.,,provisional; raw,True,series_registry,single_series,legacy_gap_fill_blocked_incompatible,,SER_FI_THL_TTR_708,1,The public curve is read directly from one registered source series. Legacy rows with a different reporting grain or comparison basis were not joined to this curve.,thl_ttr,Finland THL Infectious Diseases Register,https://sampo.thl.fi/pivot/prod/en/ttr/cases/fact_ttr_cases,cube_csv,thl_ttr,Finland THL Infectious Diseases Register,https://sampo.thl.fi/pivot/prod/en/ttr/cases/fact_ttr_cases,cube_csv
disease,D205,tick-borne-encephalitis,Tick-borne encephalitis,public_projection,FI,Finland,D205,Tick-borne encephalitis,蜱传脑炎,Viral,2004-01-01,2004-01,0,0,,,0.0,wpp_computed,,SER_FI_THL_TTR_708,,,,,,monthly,,,,,,,,,,,,,,series_registry,single_series,legacy_gap_fill_blocked_incompatible,,SER_FI_THL_TTR_708,1,The public curve is read directly from one registered source series. Legacy rows with a different reporting grain or comparison basis were not joined to this curve.,thl_ttr,Finland THL Infectious Diseases Register,https://sampo.thl.fi/pivot/prod/en/ttr/cases/fact_ttr_cases,cube_csv,thl_ttr,Finland THL Infectious Diseases Register,https://sampo.thl.fi/pivot/prod/en/ttr/cases/fact_ttr_cases,cube_csv
disease,D205,tick-borne-encephalitis,Tick-borne encephalitis,source_series_observation,FI,Finland,D205,Tick-borne encephalitis,蜱传脑炎,Viral,2004-01-01,2004-01,0,0,,,,,,SER_FI_THL_TTR_708,SER_FI_THL_TTR_708,SRC_FI_THL_TTR,TBE (tick borne encephalitis),case_notifications,national_notifiable_disease_registry,monthly,count,country:FI:national,all,exact,conditional,non_additive,active,missing_is_unknown,FI_THL_TTR_reporting_group,Finland THL national monthly notification series; THL reporting group code 708.,,provisional; raw,True,series_registry,single_series,legacy_gap_fill_blocked_incompatible,,SER_FI_THL_TTR_708,1,The public curve is read directly from one registered source series. Legacy rows with a different reporting grain or comparison basis were not joined to this curve.,thl_ttr,Finland THL Infectious Diseases Register,https://sampo.thl.fi/pivot/prod/en/ttr/cases/fact_ttr_cases,cube_csv,thl_ttr,Finland THL Infectious Diseases Register,https://sampo.thl.fi/pivot/prod/en/ttr/cases/fact_ttr_cases,cube_csv
disease,D205,tick-borne-encephalitis,Tick-borne encephalitis,public_projection,FI,Finland,D205,Tick-borne encephalitis,蜱传脑炎,Viral,2004-02-01,2004-02,0,0,,,0.0,wpp_computed,,SER_FI_THL_TTR_708,,,,,,monthly,,,,,,,,,,,,,,series_registry,single_series,legacy_gap_fill_blocked_incompatible,,SER_FI_THL_TTR_708,1,The public curve is read directly from one registered source series. Legacy rows with a different reporting grain or comparison basis were not joined to this curve.,thl_ttr,Finland THL Infectious Diseases Register,https://sampo.thl.fi/pivot/prod/en/ttr/cases/fact_ttr_cases,cube_csv,thl_ttr,Finland THL Infectious Diseases Register,https://sampo.thl.fi/pivot/prod/en/ttr/cases/fact_ttr_cases,cube_csv
disease,D205,tick-borne-encephalitis,Tick-borne encephalitis,source_series_observation,FI,Finland,D205,Tick-borne encephalitis,蜱传脑炎,Viral,2004-02-01,2004-02,0,0,,,,,,SER_FI_THL_TTR_708,SER_FI_THL_TTR_708,SRC_FI_THL_TTR,TBE (tick borne encephalitis),case_notifications,national_notifiable_disease_registry,monthly,count,country:FI:national,all,exact,conditional,non_additive,active,missing_is_unknown,FI_THL_TTR_reporting_group,Finland THL national monthly notification series; THL reporting group code 708.,,provisional; raw,True,series_registry,single_series,legacy_gap_fill_blocked_incompatible,,SER_FI_THL_TTR_708,1,The public curve is read directly from one registered source series. Legacy rows with a different reporting grain or comparison basis were not joined to this curve.,thl_ttr,Finland THL Infectious Diseases Register,https://sampo.thl.fi/pivot/prod/en/ttr/cases/fact_ttr_cases,cube_csv,thl_ttr,Finland THL Infectious Diseases Register,https://sampo.thl.fi/pivot/prod/en/ttr/cases/fact_ttr_cases,cube_csv
disease,D205,tick-borne-encephalitis,Tick-borne encephalitis,public_projection,FI,Finland,D205,Tick-borne encephalitis,蜱传脑炎,Viral,2004-03-01,2004-03,0,0,,,0.0,wpp_computed,,SER_FI_THL_TTR_708,,,,,,monthly,,,,,,,,,,,,,,series_registry,single_series,legacy_gap_fill_blocked_incompatible,,SER_FI_THL_TTR_708,1,The public curve is read directly from one registered source series. Legacy rows with a different reporting grain or comparison basis were not joined to this curve.,thl_ttr,Finland THL Infectious Diseases Register,https://sampo.thl.fi/pivot/prod/en/ttr/cases/fact_ttr_cases,cube_csv,thl_ttr,Finland THL Infectious Diseases Register,https://sampo.thl.fi/pivot/prod/en/ttr/cases/fact_ttr_cases,cube_csv
disease,D205,tick-borne-encephalitis,Tick-borne encephalitis,source_series_observation,FI,Finland,D205,Tick-borne encephalitis,蜱传脑炎,Viral,2004-03-01,2004-03,0,0,,,,,,SER_FI_THL_TTR_708,SER_FI_THL_TTR_708,SRC_FI_THL_TTR,TBE (tick borne encephalitis),case_notifications,national_notifiable_disease_registry,monthly,count,country:FI:national,all,exact,conditional,non_additive,active,missing_is_unknown,FI_THL_TTR_reporting_group,Finland THL national monthly notification series; THL reporting group code 708.,,provisional; raw,True,series_registry,single_series,legacy_gap_fill_blocked_incompatible,,SER_FI_THL_TTR_708,1,The public curve is read directly from one registered source series. Legacy rows with a different reporting grain or comparison basis were not joined to this curve.,thl_ttr,Finland THL Infectious Diseases Register,https://sampo.thl.fi/pivot/prod/en/ttr/cases/fact_ttr_cases,cube_csv,thl_ttr,Finland THL Infectious Diseases Register,https://sampo.thl.fi/pivot/prod/en/ttr/cases/fact_ttr_cases,cube_csv
disease,D205,tick-borne-encephalitis,Tick-borne encephalitis,public_projection,FI,Finland,D205,Tick-borne encephalitis,蜱传脑炎,Viral,2004-04-01,2004-04,0,0,,,0.0,wpp_computed,,SER_FI_THL_TTR_708,,,,,,monthly,,,,,,,,,,,,,,series_registry,single_series,legacy_gap_fill_blocked_incompatible,,SER_FI_THL_TTR_708,1,The public curve is read directly from one registered source series. Legacy rows with a different reporting grain or comparison basis were not joined to this curve.,thl_ttr,Finland THL Infectious Diseases Register,https://sampo.thl.fi/pivot/prod/en/ttr/cases/fact_ttr_cases,cube_csv,thl_ttr,Finland THL Infectious Diseases Register,https://sampo.thl.fi/pivot/prod/en/ttr/cases/fact_ttr_cases,cube_csv
disease,D205,tick-borne-encephalitis,Tick-borne encephalitis,source_series_observation,FI,Finland,D205,Tick-borne encephalitis,蜱传脑炎,Viral,2004-04-01,2004-04,0,0,,,,,,SER_FI_THL_TTR_708,SER_FI_THL_TTR_708,SRC_FI_THL_TTR,TBE (tick borne encephalitis),case_notifications,national_notifiable_disease_registry,monthly,count,country:FI:national,all,exact,conditional,non_additive,active,missing_is_unknown,FI_THL_TTR_reporting_group,Finland THL national monthly notification series; THL reporting group code 708.,,provisional; raw,True,series_registry,single_series,legacy_gap_fill_blocked_incompatible,,SER_FI_THL_TTR_708,1,The public curve is read directly from one registered source series. Legacy rows with a different reporting grain or comparison basis were not joined to this curve.,thl_ttr,Finland THL Infectious Diseases Register,https://sampo.thl.fi/pivot/prod/en/ttr/cases/fact_ttr_cases,cube_csv,thl_ttr,Finland THL Infectious Diseases Register,https://sampo.thl.fi/pivot/prod/en/ttr/cases/fact_ttr_cases,cube_csv
disease,D205,tick-borne-encephalitis,Tick-borne encephalitis,public_projection,FI,Finland,D205,Tick-borne encephalitis,蜱传脑炎,Viral,2004-05-01,2004-05,1,1,,,0.01912723205234435,wpp_computed,,SER_FI_THL_TTR_708,,,,,,monthly,,,,,,,,,,,,,,series_registry,single_series,legacy_gap_fill_blocked_incompatible,,SER_FI_THL_TTR_708,1,The public curve is read directly from one registered source series. Legacy rows with a different reporting grain or comparison basis were not joined to this curve.,thl_ttr,Finland THL Infectious Diseases Register,https://sampo.thl.fi/pivot/prod/en/ttr/cases/fact_ttr_cases,cube_csv,thl_ttr,Finland THL Infectious Diseases Register,https://sampo.thl.fi/pivot/prod/en/ttr/cases/fact_ttr_cases,cube_csv
disease,D205,tick-borne-encephalitis,Tick-borne encephalitis,source_series_observation,FI,Finland,D205,Tick-borne encephalitis,蜱传脑炎,Viral,2004-05-01,2004-05,1,1,,,,,,SER_FI_THL_TTR_708,SER_FI_THL_TTR_708,SRC_FI_THL_TTR,TBE (tick borne encephalitis),case_notifications,national_notifiable_disease_registry,monthly,count,country:FI:national,all,exact,conditional,non_additive,active,missing_is_unknown,FI_THL_TTR_reporting_group,Finland THL national monthly notification series; THL reporting group code 708.,,provisional; raw,True,series_registry,single_series,legacy_gap_fill_blocked_incompatible,,SER_FI_THL_TTR_708,1,The public curve is read directly from one registered source series. Legacy rows with a different reporting grain or comparison basis were not joined to this curve.,thl_ttr,Finland THL Infectious Diseases Register,https://sampo.thl.fi/pivot/prod/en/ttr/cases/fact_ttr_cases,cube_csv,thl_ttr,Finland THL Infectious Diseases Register,https://sampo.thl.fi/pivot/prod/en/ttr/cases/fact_ttr_cases,cube_csv
disease,D205,tick-borne-encephalitis,Tick-borne encephalitis,public_projection,FI,Finland,D205,Tick-borne encephalitis,蜱传脑炎,Viral,2004-06-01,2004-06,2,2,,,0.0382544641046887,wpp_computed,,SER_FI_THL_TTR_708,,,,,,monthly,,,,,,,,,,,,,,series_registry,single_series,legacy_gap_fill_blocked_incompatible,,SER_FI_THL_TTR_708,1,The public curve is read directly from one registered source series. Legacy rows with a different reporting grain or comparison basis were not joined to this curve.,thl_ttr,Finland THL Infectious Diseases Register,https://sampo.thl.fi/pivot/prod/en/ttr/cases/fact_ttr_cases,cube_csv,thl_ttr,Finland THL Infectious Diseases Register,https://sampo.thl.fi/pivot/prod/en/ttr/cases/fact_ttr_cases,cube_csv
disease,D205,tick-borne-encephalitis,Tick-borne encephalitis,source_series_observation,FI,Finland,D205,Tick-borne encephalitis,蜱传脑炎,Viral,2004-06-01,2004-06,2,2,,,,,,SER_FI_THL_TTR_708,SER_FI_THL_TTR_708,SRC_FI_THL_TTR,TBE (tick borne encephalitis),case_notifications,national_notifiable_disease_registry,monthly,count,country:FI:national,all,exact,conditional,non_additive,active,missing_is_unknown,FI_THL_TTR_reporting_group,Finland THL national monthly notification series; THL reporting group code 708.,,provisional; raw,True,series_registry,single_series,legacy_gap_fill_blocked_incompatible,,SER_FI_THL_TTR_708,1,The public curve is read directly from one registered source series. Legacy rows with a different reporting grain or comparison basis were not joined to this curve.,thl_ttr,Finland THL Infectious Diseases Register,https://sampo.thl.fi/pivot/prod/en/ttr/cases/fact_ttr_cases,cube_csv,thl_ttr,Finland THL Infectious Diseases Register,https://sampo.thl.fi/pivot/prod/en/ttr/cases/fact_ttr_cases,cube_csv
disease,D205,tick-borne-encephalitis,Tick-borne encephalitis,public_projection,FI,Finland,D205,Tick-borne encephalitis,蜱传脑炎,Viral,2004-07-01,2004-07,4,4,,,0.0765089282093774,wpp_computed,,SER_FI_THL_TTR_708,,,,,,monthly,,,,,,,,,,,,,,series_registry,single_series,legacy_gap_fill_blocked_incompatible,,SER_FI_THL_TTR_708,1,The public curve is read directly from one registered source series. Legacy rows with a different reporting grain or comparison basis were not joined to this curve.,thl_ttr,Finland THL Infectious Diseases Register,https://sampo.thl.fi/pivot/prod/en/ttr/cases/fact_ttr_cases,cube_csv,thl_ttr,Finland THL Infectious Diseases Register,https://sampo.thl.fi/pivot/prod/en/ttr/cases/fact_ttr_cases,cube_csv
disease,D205,tick-borne-encephalitis,Tick-borne encephalitis,source_series_observation,FI,Finland,D205,Tick-borne encephalitis,蜱传脑炎,Viral,2004-07-01,2004-07,4,4,,,,,,SER_FI_THL_TTR_708,SER_FI_THL_TTR_708,SRC_FI_THL_TTR,TBE (tick borne encephalitis),case_notifications,national_notifiable_disease_registry,monthly,count,country:FI:national,all,exact,conditional,non_additive,active,missing_is_unknown,FI_THL_TTR_reporting_group,Finland THL national monthly notification series; THL reporting group code 708.,,provisional; raw,True,series_registry,single_series,legacy_gap_fill_blocked_incompatible,,SER_FI_THL_TTR_708,1,The public curve is read directly from one registered source series. Legacy rows with a different reporting grain or comparison basis were not joined to this curve.,thl_ttr,Finland THL Infectious Diseases Register,https://sampo.thl.fi/pivot/prod/en/ttr/cases/fact_ttr_cases,cube_csv,thl_ttr,Finland THL Infectious Diseases Register,https://sampo.thl.fi/pivot/prod/en/ttr/cases/fact_ttr_cases,cube_csv
disease,D205,tick-borne-encephalitis,Tick-borne encephalitis,public_projection,FI,Finland,D205,Tick-borne encephalitis,蜱传脑炎,Viral,2004-08-01,2004-08,10,10,,,0.19127232052344348,wpp_computed,,SER_FI_THL_TTR_708,,,,,,monthly,,,,,,,,,,,,,,series_registry,single_series,legacy_gap_fill_blocked_incompatible,,SER_FI_THL_TTR_708,1,The public curve is read directly from one registered source series. Legacy rows with a different reporting grain or comparison basis were not joined to this curve.,thl_ttr,Finland THL Infectious Diseases Register,https://sampo.thl.fi/pivot/prod/en/ttr/cases/fact_ttr_cases,cube_csv,thl_ttr,Finland THL Infectious Diseases Register,https://sampo.thl.fi/pivot/prod/en/ttr/cases/fact_ttr_cases,cube_csv
disease,D205,tick-borne-encephalitis,Tick-borne encephalitis,source_series_observation,FI,Finland,D205,Tick-borne encephalitis,蜱传脑炎,Viral,2004-08-01,2004-08,10,10,,,,,,SER_FI_THL_TTR_708,SER_FI_THL_TTR_708,SRC_FI_THL_TTR,TBE (tick borne encephalitis),case_notifications,national_notifiable_disease_registry,monthly,count,country:FI:national,all,exact,conditional,non_additive,active,missing_is_unknown,FI_THL_TTR_reporting_group,Finland THL national monthly notification series; THL reporting group code 708.,,provisional; raw,True,series_registry,single_series,legacy_gap_fill_blocked_incompatible,,SER_FI_THL_TTR_708,1,The public curve is read directly from one registered source series. Legacy rows with a different reporting grain or comparison basis were not joined to this curve.,thl_ttr,Finland THL Infectious Diseases Register,https://sampo.thl.fi/pivot/prod/en/ttr/cases/fact_ttr_cases,cube_csv,thl_ttr,Finland THL Infectious Diseases Register,https://sampo.thl.fi/pivot/prod/en/ttr/cases/fact_ttr_cases,cube_csv
disease,D205,tick-borne-encephalitis,Tick-borne encephalitis,public_projection,FI,Finland,D205,Tick-borne encephalitis,蜱传脑炎,Viral,2004-09-01,2004-09,4,4,,,0.0765089282093774,wpp_computed,,SER_FI_THL_TTR_708,,,,,,monthly,,,,,,,,,,,,,,series_registry,single_series,legacy_gap_fill_blocked_incompatible,,SER_FI_THL_TTR_708,1,The public curve is read directly from one registered source series. Legacy rows with a different reporting grain or comparison basis were not joined to this curve.,thl_ttr,Finland THL Infectious Diseases Register,https://sampo.thl.fi/pivot/prod/en/ttr/cases/fact_ttr_cases,cube_csv,thl_ttr,Finland THL Infectious Diseases Register,https://sampo.thl.fi/pivot/prod/en/ttr/cases/fact_ttr_cases,cube_csv
disease,D205,tick-borne-encephalitis,Tick-borne encephalitis,source_series_observation,FI,Finland,D205,Tick-borne encephalitis,蜱传脑炎,Viral,2004-09-01,2004-09,4,4,,,,,,SER_FI_THL_TTR_708,SER_FI_THL_TTR_708,SRC_FI_THL_TTR,TBE (tick borne encephalitis),case_notifications,national_notifiable_disease_registry,monthly,count,country:FI:national,all,exact,conditional,non_additive,active,missing_is_unknown,FI_THL_TTR_reporting_group,Finland THL national monthly notification series; THL reporting group code 708.,,provisional; raw,True,series_registry,single_series,legacy_gap_fill_blocked_incompatible,,SER_FI_THL_TTR_708,1,The public curve is read directly from one registered source series. Legacy rows with a different reporting grain or comparison basis were not joined to this curve.,thl_ttr,Finland THL Infectious Diseases Register,https://sampo.thl.fi/pivot/prod/en/ttr/cases/fact_ttr_cases,cube_csv,thl_ttr,Finland THL Infectious Diseases Register,https://sampo.thl.fi/pivot/prod/en/ttr/cases/fact_ttr_cases,cube_csv
disease,D205,tick-borne-encephalitis,Tick-borne encephalitis,public_projection,FI,Finland,D205,Tick-borne encephalitis,蜱传脑炎,Viral,2004-10-01,2004-10,5,5,,,0.09563616026172174,wpp_computed,,SER_FI_THL_TTR_708,,,,,,monthly,,,,,,,,,,,,,,series_registry,single_series,legacy_gap_fill_blocked_incompatible,,SER_FI_THL_TTR_708,1,The public curve is read directly from one registered source series. Legacy rows with a different reporting grain or comparison basis were not joined to this curve.,thl_ttr,Finland THL Infectious Diseases Register,https://sampo.thl.fi/pivot/prod/en/ttr/cases/fact_ttr_cases,cube_csv,thl_ttr,Finland THL Infectious Diseases Register,https://sampo.thl.fi/pivot/prod/en/ttr/cases/fact_ttr_cases,cube_csv
disease,D205,tick-borne-encephalitis,Tick-borne encephalitis,source_series_observation,FI,Finland,D205,Tick-borne encephalitis,蜱传脑炎,Viral,2004-10-01,2004-10,5,5,,,,,,SER_FI_THL_TTR_708,SER_FI_THL_TTR_708,SRC_FI_THL_TTR,TBE (tick borne encephalitis),case_notifications,national_notifiable_disease_registry,monthly,count,country:FI:national,all,exact,conditional,non_additive,active,missing_is_unknown,FI_THL_TTR_reporting_group,Finland THL national monthly notification series; THL reporting group code 708.,,provisional; raw,True,series_registry,single_series,legacy_gap_fill_blocked_incompatible,,SER_FI_THL_TTR_708,1,The public curve is read directly from one registered source series. Legacy rows with a different reporting grain or comparison basis were not joined to this curve.,thl_ttr,Finland THL Infectious Diseases Register,https://sampo.thl.fi/pivot/prod/en/ttr/cases/fact_ttr_cases,cube_csv,thl_ttr,Finland THL Infectious Diseases Register,https://sampo.thl.fi/pivot/prod/en/ttr/cases/fact_ttr_cases,cube_csv
disease,D205,tick-borne-encephalitis,Tick-borne encephalitis,public_projection,FI,Finland,D205,Tick-borne encephalitis,蜱传脑炎,Viral,2004-11-01,2004-11,3,3,,,0.05738169615703305,wpp_computed,,SER_FI_THL_TTR_708,,,,,,monthly,,,,,,,,,,,,,,series_registry,single_series,legacy_gap_fill_blocked_incompatible,,SER_FI_THL_TTR_708,1,The public curve is read directly from one registered source series. Legacy rows with a different reporting grain or comparison basis were not joined to this curve.,thl_ttr,Finland THL Infectious Diseases Register,https://sampo.thl.fi/pivot/prod/en/ttr/cases/fact_ttr_cases,cube_csv,thl_ttr,Finland THL Infectious Diseases Register,https://sampo.thl.fi/pivot/prod/en/ttr/cases/fact_ttr_cases,cube_csv
disease,D205,tick-borne-encephalitis,Tick-borne encephalitis,source_series_observation,FI,Finland,D205,Tick-borne encephalitis,蜱传脑炎,Viral,2004-11-01,2004-11,3,3,,,,,,SER_FI_THL_TTR_708,SER_FI_THL_TTR_708,SRC_FI_THL_TTR,TBE (tick borne encephalitis),case_notifications,national_notifiable_disease_registry,monthly,count,country:FI:national,all,exact,conditional,non_additive,active,missing_is_unknown,FI_THL_TTR_reporting_group,Finland THL national monthly notification series; THL reporting group code 708.,,provisional; raw,True,series_registry,single_series,legacy_gap_fill_blocked_incompatible,,SER_FI_THL_TTR_708,1,The public curve is read directly from one registered source series. Legacy rows with a different reporting grain or comparison basis were not joined to this curve.,thl_ttr,Finland THL Infectious Diseases Register,https://sampo.thl.fi/pivot/prod/en/ttr/cases/fact_ttr_cases,cube_csv,thl_ttr,Finland THL Infectious Diseases Register,https://sampo.thl.fi/pivot/prod/en/ttr/cases/fact_ttr_cases,cube_csv
disease,D205,tick-borne-encephalitis,Tick-borne encephalitis,public_projection,FI,Finland,D205,Tick-borne encephalitis,蜱传脑炎,Viral,2004-12-01,2004-12,0,0,,,0.0,wpp_computed,,SER_FI_THL_TTR_708,,,,,,monthly,,,,,,,,,,,,,,series_registry,single_series,legacy_gap_fill_blocked_incompatible,,SER_FI_THL_TTR_708,1,The public curve is read directly from one registered source series. Legacy rows with a different reporting grain or comparison basis were not joined to this curve.,thl_ttr,Finland THL Infectious Diseases Register,https://sampo.thl.fi/pivot/prod/en/ttr/cases/fact_ttr_cases,cube_csv,thl_ttr,Finland THL Infectious Diseases Register,https://sampo.thl.fi/pivot/prod/en/ttr/cases/fact_ttr_cases,cube_csv
disease,D205,tick-borne-encephalitis,Tick-borne encephalitis,source_series_observation,FI,Finland,D205,Tick-borne encephalitis,蜱传脑炎,Viral,2004-12-01,2004-12,0,0,,,,,,SER_FI_THL_TTR_708,SER_FI_THL_TTR_708,SRC_FI_THL_TTR,TBE (tick borne encephalitis),case_notifications,national_notifiable_disease_registry,monthly,count,country:FI:national,all,exact,conditional,non_additive,active,missing_is_unknown,FI_THL_TTR_reporting_group,Finland THL national monthly notification series; THL reporting group code 708.,,provisional; raw,True,series_registry,single_series,legacy_gap_fill_blocked_incompatible,,SER_FI_THL_TTR_708,1,The public curve is read directly from one registered source series. Legacy rows with a different reporting grain or comparison basis were not joined to this curve.,thl_ttr,Finland THL Infectious Diseases Register,https://sampo.thl.fi/pivot/prod/en/ttr/cases/fact_ttr_cases,cube_csv,thl_ttr,Finland THL Infectious Diseases Register,https://sampo.thl.fi/pivot/prod/en/ttr/cases/fact_ttr_cases,cube_csv
