dataset_kind,dataset_id,dataset_slug,dataset_name,record_kind,country_code,country_name,disease_id,disease_name_en,disease_name_zh,category,date,year_month,value,cases,weekly_equiv_cases,deaths,incidence_rate_per_100k,incidence_rate_source,mortality_rate,series_code,source_series_code,source_system,source_label,metric_type,reporting_basis,temporal_granularity,unit,geography_key,dimension_key,mapping_relation,comparability,aggregation_policy,availability_status,missing_value_policy,definition_version,case_definition,case_definition_uri,quality_status,is_selected_series,data_layer,projection_policy,coverage_status,loss_risk,selected_series_codes,available_series_count,provenance_note,primary_source_scope,primary_source_label,primary_source_url,primary_source_type,source_scopes,source_labels,source_urls,source_types
country,hr,hr,Croatia,public_projection,HR,Croatia,D001,Plague,鼠疫,Bacterial,2015-01-01,2015-01,0,0,,,0.0,wpp_computed,,SER_HR_ECDC_PLAG_ANNUAL,,,,,,annual,,,,,,,,,,,,,,series_registry,single_series,parity,,SER_HR_ECDC_PLAG_ANNUAL,1,The public curve is read directly from one registered source series.,ecdc_atlas_annual,ECDC Surveillance Atlas — Croatia Annual Baseline,https://atlas.ecdc.europa.eu/public/index.aspx/,official_ecdc_rest_aggregate,ecdc_atlas_annual,ECDC Surveillance Atlas — Croatia Annual Baseline,https://atlas.ecdc.europa.eu/public/index.aspx/,official_ecdc_rest_aggregate
country,hr,hr,Croatia,source_series_observation,HR,Croatia,D001,Plague,鼠疫,Bacterial,2015-01-01,2015-01,0,0,,,,,,SER_HR_ECDC_PLAG_ANNUAL,SER_HR_ECDC_PLAG_ANNUAL,SRC_HR_ECDC_ATLAS,Plague,case_notifications,ecdc_member_state_reported_aggregate_surveillance,annual,count,country:HR:national,all,exact,conditional,non_additive,active,missing_is_unknown,ECDC_CURRENT_GENERAL_ANNUAL_2026_08,"Croatia annual Member-State reported aggregate cases from the public ECDC Surveillance Atlas; published zeroes are explicit, absent topic/year cells remain unknown, and combined populations are emitted only when every reviewed component is present. Data provided by ECDC based on data reported by EU/EEA Member States.",,raw,True,series_registry,single_series,parity,,SER_HR_ECDC_PLAG_ANNUAL,1,The public curve is read directly from one registered source series.,ecdc_atlas_annual,ECDC Surveillance Atlas — Croatia Annual Baseline,https://atlas.ecdc.europa.eu/public/index.aspx/,official_ecdc_rest_aggregate,ecdc_atlas_annual,ECDC Surveillance Atlas — Croatia Annual Baseline,https://atlas.ecdc.europa.eu/public/index.aspx/,official_ecdc_rest_aggregate
country,hr,hr,Croatia,public_projection,HR,Croatia,D002,Cholera,霍乱,Bacterial,2015-01-01,2015-01,0,0,,,0.0,wpp_computed,,SER_HR_ECDC_CHOL_ANNUAL,,,,,,annual,,,,,,,,,,,,,,series_registry,single_series,parity,,SER_HR_ECDC_CHOL_ANNUAL,1,The public curve is read directly from one registered source series.,ecdc_atlas_annual,ECDC Surveillance Atlas — Croatia Annual Baseline,https://atlas.ecdc.europa.eu/public/index.aspx/,official_ecdc_rest_aggregate,ecdc_atlas_annual,ECDC Surveillance Atlas — Croatia Annual Baseline,https://atlas.ecdc.europa.eu/public/index.aspx/,official_ecdc_rest_aggregate
country,hr,hr,Croatia,source_series_observation,HR,Croatia,D002,Cholera,霍乱,Bacterial,2015-01-01,2015-01,0,0,,,,,,SER_HR_ECDC_CHOL_ANNUAL,SER_HR_ECDC_CHOL_ANNUAL,SRC_HR_ECDC_ATLAS,Cholera,case_notifications,ecdc_member_state_reported_aggregate_surveillance,annual,count,country:HR:national,all,exact,conditional,non_additive,active,missing_is_unknown,ECDC_CURRENT_GENERAL_ANNUAL_2026_08,"Croatia annual Member-State reported aggregate cases from the public ECDC Surveillance Atlas; published zeroes are explicit, absent topic/year cells remain unknown, and combined populations are emitted only when every reviewed component is present. Data provided by ECDC based on data reported by EU/EEA Member States.",,raw,True,series_registry,single_series,parity,,SER_HR_ECDC_CHOL_ANNUAL,1,The public curve is read directly from one registered source series.,ecdc_atlas_annual,ECDC Surveillance Atlas — Croatia Annual Baseline,https://atlas.ecdc.europa.eu/public/index.aspx/,official_ecdc_rest_aggregate,ecdc_atlas_annual,ECDC Surveillance Atlas — Croatia Annual Baseline,https://atlas.ecdc.europa.eu/public/index.aspx/,official_ecdc_rest_aggregate
country,hr,hr,Croatia,public_projection,HR,Croatia,D005,AIDS,艾滋病,Viral,2015-01-01,2015-01,21,21,,,0.5019446171040974,wpp_computed,,SER_HR_ECDC_AIDS_ANNUAL,,,,,,annual,,,,,,,,,,,,,,series_registry,single_series,parity,,SER_HR_ECDC_AIDS_ANNUAL,1,The public curve is read directly from one registered source series.,ecdc_atlas_annual,ECDC Surveillance Atlas — Croatia Annual Baseline,https://atlas.ecdc.europa.eu/public/index.aspx/,official_ecdc_rest_aggregate,ecdc_atlas_annual,ECDC Surveillance Atlas — Croatia Annual Baseline,https://atlas.ecdc.europa.eu/public/index.aspx/,official_ecdc_rest_aggregate
country,hr,hr,Croatia,source_series_observation,HR,Croatia,D005,AIDS,艾滋病,Viral,2015-01-01,2015-01,21,21,,,,,,SER_HR_ECDC_AIDS_ANNUAL,SER_HR_ECDC_AIDS_ANNUAL,SRC_HR_ECDC_ATLAS,AIDS,case_notifications,ecdc_member_state_reported_aggregate_surveillance,annual,count,country:HR:national,all,exact,conditional,non_additive,active,missing_is_unknown,ECDC_CURRENT_GENERAL_ANNUAL_2026_08,"Croatia annual Member-State reported aggregate cases from the public ECDC Surveillance Atlas; published zeroes are explicit, absent topic/year cells remain unknown, and combined populations are emitted only when every reviewed component is present. Data provided by ECDC based on data reported by EU/EEA Member States.",,raw,True,series_registry,single_series,parity,,SER_HR_ECDC_AIDS_ANNUAL,1,The public curve is read directly from one registered source series.,ecdc_atlas_annual,ECDC Surveillance Atlas — Croatia Annual Baseline,https://atlas.ecdc.europa.eu/public/index.aspx/,official_ecdc_rest_aggregate,ecdc_atlas_annual,ECDC Surveillance Atlas — Croatia Annual Baseline,https://atlas.ecdc.europa.eu/public/index.aspx/,official_ecdc_rest_aggregate
country,hr,hr,Croatia,public_projection,HR,Croatia,D007,Hepatitis A,甲型肝炎,Viral,2015-01-01,2015-01,4,4,,,0.09560849849601856,wpp_computed,,SER_HR_ECDC_HEPA_ANNUAL,,,,,,annual,,,,,,,,,,,,,,series_registry,single_series,parity,,SER_HR_ECDC_HEPA_ANNUAL,1,The public curve is read directly from one registered source series.,ecdc_atlas_annual,ECDC Surveillance Atlas — Croatia Annual Baseline,https://atlas.ecdc.europa.eu/public/index.aspx/,official_ecdc_rest_aggregate,ecdc_atlas_annual,ECDC Surveillance Atlas — Croatia Annual Baseline,https://atlas.ecdc.europa.eu/public/index.aspx/,official_ecdc_rest_aggregate
country,hr,hr,Croatia,source_series_observation,HR,Croatia,D007,Hepatitis A,甲型肝炎,Viral,2015-01-01,2015-01,4,4,,,,,,SER_HR_ECDC_HEPA_ANNUAL,SER_HR_ECDC_HEPA_ANNUAL,SRC_HR_ECDC_ATLAS,Hepatitis A,case_notifications,ecdc_member_state_reported_aggregate_surveillance,annual,count,country:HR:national,all,exact,conditional,non_additive,active,missing_is_unknown,ECDC_CURRENT_GENERAL_ANNUAL_2026_08,"Croatia annual Member-State reported aggregate cases from the public ECDC Surveillance Atlas; published zeroes are explicit, absent topic/year cells remain unknown, and combined populations are emitted only when every reviewed component is present. Data provided by ECDC based on data reported by EU/EEA Member States.",,raw,True,series_registry,single_series,parity,,SER_HR_ECDC_HEPA_ANNUAL,1,The public curve is read directly from one registered source series.,ecdc_atlas_annual,ECDC Surveillance Atlas — Croatia Annual Baseline,https://atlas.ecdc.europa.eu/public/index.aspx/,official_ecdc_rest_aggregate,ecdc_atlas_annual,ECDC Surveillance Atlas — Croatia Annual Baseline,https://atlas.ecdc.europa.eu/public/index.aspx/,official_ecdc_rest_aggregate
country,hr,hr,Croatia,public_projection,HR,Croatia,D009,Hepatitis C,丙型肝炎,Viral,2015-01-01,2015-01,155,155,,,3.7048293167207196,wpp_computed,,SER_HR_ECDC_HEPC_ANNUAL,,,,,,annual,,,,,,,,,,,,,,series_registry,single_series,parity,,SER_HR_ECDC_HEPC_ANNUAL,1,The public curve is read directly from one registered source series.,ecdc_atlas_annual,ECDC Surveillance Atlas — Croatia Annual Baseline,https://atlas.ecdc.europa.eu/public/index.aspx/,official_ecdc_rest_aggregate,ecdc_atlas_annual,ECDC Surveillance Atlas — Croatia Annual Baseline,https://atlas.ecdc.europa.eu/public/index.aspx/,official_ecdc_rest_aggregate
country,hr,hr,Croatia,source_series_observation,HR,Croatia,D009,Hepatitis C,丙型肝炎,Viral,2015-01-01,2015-01,155,155,,,,,,SER_HR_ECDC_HEPC_ANNUAL,SER_HR_ECDC_HEPC_ANNUAL,SRC_HR_ECDC_ATLAS,Hepatitis C,case_notifications,ecdc_member_state_reported_aggregate_surveillance,annual,count,country:HR:national,all,exact,conditional,non_additive,active,missing_is_unknown,ECDC_CURRENT_GENERAL_ANNUAL_2026_08,"Croatia annual Member-State reported aggregate cases from the public ECDC Surveillance Atlas; published zeroes are explicit, absent topic/year cells remain unknown, and combined populations are emitted only when every reviewed component is present. Data provided by ECDC based on data reported by EU/EEA Member States.",,raw,True,series_registry,single_series,parity,,SER_HR_ECDC_HEPC_ANNUAL,1,The public curve is read directly from one registered source series.,ecdc_atlas_annual,ECDC Surveillance Atlas — Croatia Annual Baseline,https://atlas.ecdc.europa.eu/public/index.aspx/,official_ecdc_rest_aggregate,ecdc_atlas_annual,ECDC Surveillance Atlas — Croatia Annual Baseline,https://atlas.ecdc.europa.eu/public/index.aspx/,official_ecdc_rest_aggregate
country,hr,hr,Croatia,public_projection,HR,Croatia,D017,Measles,麻疹,Viral,2015-01-01,2015-01,219,219,,,5.234565292657017,wpp_computed,,SER_HR_ECDC_MEAS_ANNUAL,,,,,,annual,,,,,,,,,,,,,,series_registry,single_series,parity,,SER_HR_ECDC_MEAS_ANNUAL,1,The public curve is read directly from one registered source series.,ecdc_atlas_annual,ECDC Surveillance Atlas — Croatia Annual Baseline,https://atlas.ecdc.europa.eu/public/index.aspx/,official_ecdc_rest_aggregate,ecdc_atlas_annual,ECDC Surveillance Atlas — Croatia Annual Baseline,https://atlas.ecdc.europa.eu/public/index.aspx/,official_ecdc_rest_aggregate
country,hr,hr,Croatia,source_series_observation,HR,Croatia,D017,Measles,麻疹,Viral,2015-01-01,2015-01,219,219,,,,,,SER_HR_ECDC_MEAS_ANNUAL,SER_HR_ECDC_MEAS_ANNUAL,SRC_HR_ECDC_ATLAS,Measles,case_notifications,ecdc_member_state_reported_aggregate_surveillance,annual,count,country:HR:national,all,exact,conditional,non_additive,active,missing_is_unknown,ECDC_CURRENT_GENERAL_ANNUAL_2026_08,"Croatia annual Member-State reported aggregate cases from the public ECDC Surveillance Atlas; published zeroes are explicit, absent topic/year cells remain unknown, and combined populations are emitted only when every reviewed component is present. Data provided by ECDC based on data reported by EU/EEA Member States.",,raw,True,series_registry,single_series,parity,,SER_HR_ECDC_MEAS_ANNUAL,1,The public curve is read directly from one registered source series.,ecdc_atlas_annual,ECDC Surveillance Atlas — Croatia Annual Baseline,https://atlas.ecdc.europa.eu/public/index.aspx/,official_ecdc_rest_aggregate,ecdc_atlas_annual,ECDC Surveillance Atlas — Croatia Annual Baseline,https://atlas.ecdc.europa.eu/public/index.aspx/,official_ecdc_rest_aggregate
country,hr,hr,Croatia,public_projection,HR,Croatia,D019,Rabies,狂犬病,Viral,2015-01-01,2015-01,0,0,,,0.0,wpp_computed,,SER_HR_ECDC_RABI_ANNUAL,,,,,,annual,,,,,,,,,,,,,,series_registry,single_series,parity,,SER_HR_ECDC_RABI_ANNUAL,1,The public curve is read directly from one registered source series.,ecdc_atlas_annual,ECDC Surveillance Atlas — Croatia Annual Baseline,https://atlas.ecdc.europa.eu/public/index.aspx/,official_ecdc_rest_aggregate,ecdc_atlas_annual,ECDC Surveillance Atlas — Croatia Annual Baseline,https://atlas.ecdc.europa.eu/public/index.aspx/,official_ecdc_rest_aggregate
country,hr,hr,Croatia,source_series_observation,HR,Croatia,D019,Rabies,狂犬病,Viral,2015-01-01,2015-01,0,0,,,,,,SER_HR_ECDC_RABI_ANNUAL,SER_HR_ECDC_RABI_ANNUAL,SRC_HR_ECDC_ATLAS,Rabies,case_notifications,ecdc_member_state_reported_aggregate_surveillance,annual,count,country:HR:national,all,exact,conditional,non_additive,active,missing_is_unknown,ECDC_CURRENT_GENERAL_ANNUAL_2026_08,"Croatia annual Member-State reported aggregate cases from the public ECDC Surveillance Atlas; published zeroes are explicit, absent topic/year cells remain unknown, and combined populations are emitted only when every reviewed component is present. Data provided by ECDC based on data reported by EU/EEA Member States.",,raw,True,series_registry,single_series,parity,,SER_HR_ECDC_RABI_ANNUAL,1,The public curve is read directly from one registered source series.,ecdc_atlas_annual,ECDC Surveillance Atlas — Croatia Annual Baseline,https://atlas.ecdc.europa.eu/public/index.aspx/,official_ecdc_rest_aggregate,ecdc_atlas_annual,ECDC Surveillance Atlas — Croatia Annual Baseline,https://atlas.ecdc.europa.eu/public/index.aspx/,official_ecdc_rest_aggregate
country,hr,hr,Croatia,public_projection,HR,Croatia,D023,Anthrax,炭疽,Bacterial,2015-01-01,2015-01,0,0,,,0.0,wpp_computed,,SER_HR_ECDC_ANTH_ANNUAL,,,,,,annual,,,,,,,,,,,,,,series_registry,single_series,parity,,SER_HR_ECDC_ANTH_ANNUAL,1,The public curve is read directly from one registered source series.,ecdc_atlas_annual,ECDC Surveillance Atlas — Croatia Annual Baseline,https://atlas.ecdc.europa.eu/public/index.aspx/,official_ecdc_rest_aggregate,ecdc_atlas_annual,ECDC Surveillance Atlas — Croatia Annual Baseline,https://atlas.ecdc.europa.eu/public/index.aspx/,official_ecdc_rest_aggregate
country,hr,hr,Croatia,source_series_observation,HR,Croatia,D023,Anthrax,炭疽,Bacterial,2015-01-01,2015-01,0,0,,,,,,SER_HR_ECDC_ANTH_ANNUAL,SER_HR_ECDC_ANTH_ANNUAL,SRC_HR_ECDC_ATLAS,Anthrax,case_notifications,ecdc_member_state_reported_aggregate_surveillance,annual,count,country:HR:national,all,exact,conditional,non_additive,active,missing_is_unknown,ECDC_CURRENT_GENERAL_ANNUAL_2026_08,"Croatia annual Member-State reported aggregate cases from the public ECDC Surveillance Atlas; published zeroes are explicit, absent topic/year cells remain unknown, and combined populations are emitted only when every reviewed component is present. Data provided by ECDC based on data reported by EU/EEA Member States.",,raw,True,series_registry,single_series,parity,,SER_HR_ECDC_ANTH_ANNUAL,1,The public curve is read directly from one registered source series.,ecdc_atlas_annual,ECDC Surveillance Atlas — Croatia Annual Baseline,https://atlas.ecdc.europa.eu/public/index.aspx/,official_ecdc_rest_aggregate,ecdc_atlas_annual,ECDC Surveillance Atlas — Croatia Annual Baseline,https://atlas.ecdc.europa.eu/public/index.aspx/,official_ecdc_rest_aggregate
country,hr,hr,Croatia,public_projection,HR,Croatia,D025,Tuberculosis,肺结核,Bacterial,2015-01-01,2015-01,488,488,,,11.664236816514265,wpp_computed,,SER_HR_ECDC_TUBE_ANNUAL,,,,,,annual,,,,,,,,,,,,,,series_registry,single_series,parity,,SER_HR_ECDC_TUBE_ANNUAL,1,The public curve is read directly from one registered source series.,ecdc_atlas_annual,ECDC Surveillance Atlas — Croatia Annual Baseline,https://atlas.ecdc.europa.eu/public/index.aspx/,official_ecdc_rest_aggregate,ecdc_atlas_annual,ECDC Surveillance Atlas — Croatia Annual Baseline,https://atlas.ecdc.europa.eu/public/index.aspx/,official_ecdc_rest_aggregate
country,hr,hr,Croatia,source_series_observation,HR,Croatia,D025,Tuberculosis,肺结核,Bacterial,2015-01-01,2015-01,488,488,,,,,,SER_HR_ECDC_TUBE_ANNUAL,SER_HR_ECDC_TUBE_ANNUAL,SRC_HR_ECDC_ATLAS,Tuberculosis,case_notifications,ecdc_member_state_reported_aggregate_surveillance,annual,count,country:HR:national,all,exact,conditional,non_additive,active,missing_is_unknown,ECDC_CURRENT_GENERAL_ANNUAL_2026_08,"Croatia annual Member-State reported aggregate cases from the public ECDC Surveillance Atlas; published zeroes are explicit, absent topic/year cells remain unknown, and combined populations are emitted only when every reviewed component is present. Data provided by ECDC based on data reported by EU/EEA Member States.",,raw,True,series_registry,single_series,parity,,SER_HR_ECDC_TUBE_ANNUAL,1,The public curve is read directly from one registered source series.,ecdc_atlas_annual,ECDC Surveillance Atlas — Croatia Annual Baseline,https://atlas.ecdc.europa.eu/public/index.aspx/,official_ecdc_rest_aggregate,ecdc_atlas_annual,ECDC Surveillance Atlas — Croatia Annual Baseline,https://atlas.ecdc.europa.eu/public/index.aspx/,official_ecdc_rest_aggregate
country,hr,hr,Croatia,public_projection,HR,Croatia,D028,Pertussis,百日咳,Bacterial,2015-01-01,2015-01,49,49,,,1.1712041065762273,wpp_computed,,SER_HR_ECDC_PERT_ANNUAL,,,,,,annual,,,,,,,,,,,,,,series_registry,single_series,parity,,SER_HR_ECDC_PERT_ANNUAL,1,The public curve is read directly from one registered source series.,ecdc_atlas_annual,ECDC Surveillance Atlas — Croatia Annual Baseline,https://atlas.ecdc.europa.eu/public/index.aspx/,official_ecdc_rest_aggregate,ecdc_atlas_annual,ECDC Surveillance Atlas — Croatia Annual Baseline,https://atlas.ecdc.europa.eu/public/index.aspx/,official_ecdc_rest_aggregate
country,hr,hr,Croatia,source_series_observation,HR,Croatia,D028,Pertussis,百日咳,Bacterial,2015-01-01,2015-01,49,49,,,,,,SER_HR_ECDC_PERT_ANNUAL,SER_HR_ECDC_PERT_ANNUAL,SRC_HR_ECDC_ATLAS,Pertussis,case_notifications,ecdc_member_state_reported_aggregate_surveillance,annual,count,country:HR:national,all,exact,conditional,non_additive,active,missing_is_unknown,ECDC_CURRENT_GENERAL_ANNUAL_2026_08,"Croatia annual Member-State reported aggregate cases from the public ECDC Surveillance Atlas; published zeroes are explicit, absent topic/year cells remain unknown, and combined populations are emitted only when every reviewed component is present. Data provided by ECDC based on data reported by EU/EEA Member States.",,raw,True,series_registry,single_series,parity,,SER_HR_ECDC_PERT_ANNUAL,1,The public curve is read directly from one registered source series.,ecdc_atlas_annual,ECDC Surveillance Atlas — Croatia Annual Baseline,https://atlas.ecdc.europa.eu/public/index.aspx/,official_ecdc_rest_aggregate,ecdc_atlas_annual,ECDC Surveillance Atlas — Croatia Annual Baseline,https://atlas.ecdc.europa.eu/public/index.aspx/,official_ecdc_rest_aggregate
country,hr,hr,Croatia,public_projection,HR,Croatia,D032,Brucellosis,布鲁氏菌病,Bacterial,2015-01-01,2015-01,0,0,,,0.0,wpp_computed,,SER_HR_ECDC_BRUC_ANNUAL,,,,,,annual,,,,,,,,,,,,,,series_registry,single_series,parity,,SER_HR_ECDC_BRUC_ANNUAL,1,The public curve is read directly from one registered source series.,ecdc_atlas_annual,ECDC Surveillance Atlas — Croatia Annual Baseline,https://atlas.ecdc.europa.eu/public/index.aspx/,official_ecdc_rest_aggregate,ecdc_atlas_annual,ECDC Surveillance Atlas — Croatia Annual Baseline,https://atlas.ecdc.europa.eu/public/index.aspx/,official_ecdc_rest_aggregate
country,hr,hr,Croatia,source_series_observation,HR,Croatia,D032,Brucellosis,布鲁氏菌病,Bacterial,2015-01-01,2015-01,0,0,,,,,,SER_HR_ECDC_BRUC_ANNUAL,SER_HR_ECDC_BRUC_ANNUAL,SRC_HR_ECDC_ATLAS,Brucellosis,case_notifications,ecdc_member_state_reported_aggregate_surveillance,annual,count,country:HR:national,all,exact,conditional,non_additive,active,missing_is_unknown,ECDC_CURRENT_GENERAL_ANNUAL_2026_08,"Croatia annual Member-State reported aggregate cases from the public ECDC Surveillance Atlas; published zeroes are explicit, absent topic/year cells remain unknown, and combined populations are emitted only when every reviewed component is present. Data provided by ECDC based on data reported by EU/EEA Member States.",,raw,True,series_registry,single_series,parity,,SER_HR_ECDC_BRUC_ANNUAL,1,The public curve is read directly from one registered source series.,ecdc_atlas_annual,ECDC Surveillance Atlas — Croatia Annual Baseline,https://atlas.ecdc.europa.eu/public/index.aspx/,official_ecdc_rest_aggregate,ecdc_atlas_annual,ECDC Surveillance Atlas — Croatia Annual Baseline,https://atlas.ecdc.europa.eu/public/index.aspx/,official_ecdc_rest_aggregate
country,hr,hr,Croatia,public_projection,HR,Croatia,D033,Gonorrhea,淋病,Bacterial,2015-01-01,2015-01,18,18,,,0.43023824323208354,wpp_computed,,SER_HR_ECDC_GONO_ANNUAL,,,,,,annual,,,,,,,,,,,,,,series_registry,single_series,parity,,SER_HR_ECDC_GONO_ANNUAL,1,The public curve is read directly from one registered source series.,ecdc_atlas_annual,ECDC Surveillance Atlas — Croatia Annual Baseline,https://atlas.ecdc.europa.eu/public/index.aspx/,official_ecdc_rest_aggregate,ecdc_atlas_annual,ECDC Surveillance Atlas — Croatia Annual Baseline,https://atlas.ecdc.europa.eu/public/index.aspx/,official_ecdc_rest_aggregate
country,hr,hr,Croatia,source_series_observation,HR,Croatia,D033,Gonorrhea,淋病,Bacterial,2015-01-01,2015-01,18,18,,,,,,SER_HR_ECDC_GONO_ANNUAL,SER_HR_ECDC_GONO_ANNUAL,SRC_HR_ECDC_ATLAS,Gonorrhoea,case_notifications,ecdc_member_state_reported_aggregate_surveillance,annual,count,country:HR:national,all,exact,conditional,non_additive,active,missing_is_unknown,ECDC_CURRENT_GENERAL_ANNUAL_2026_08,"Croatia annual Member-State reported aggregate cases from the public ECDC Surveillance Atlas; published zeroes are explicit, absent topic/year cells remain unknown, and combined populations are emitted only when every reviewed component is present. Data provided by ECDC based on data reported by EU/EEA Member States.",,raw,True,series_registry,single_series,parity,,SER_HR_ECDC_GONO_ANNUAL,1,The public curve is read directly from one registered source series.,ecdc_atlas_annual,ECDC Surveillance Atlas — Croatia Annual Baseline,https://atlas.ecdc.europa.eu/public/index.aspx/,official_ecdc_rest_aggregate,ecdc_atlas_annual,ECDC Surveillance Atlas — Croatia Annual Baseline,https://atlas.ecdc.europa.eu/public/index.aspx/,official_ecdc_rest_aggregate
country,hr,hr,Croatia,public_projection,HR,Croatia,D034,Syphilis,梅毒,Bacterial,2015-01-01,2015-01,25,25,,,0.597553115600116,wpp_computed,,SER_HR_ECDC_SYPH_ANNUAL,,,,,,annual,,,,,,,,,,,,,,series_registry,single_series,parity,,SER_HR_ECDC_SYPH_ANNUAL,1,The public curve is read directly from one registered source series.,ecdc_atlas_annual,ECDC Surveillance Atlas — Croatia Annual Baseline,https://atlas.ecdc.europa.eu/public/index.aspx/,official_ecdc_rest_aggregate,ecdc_atlas_annual,ECDC Surveillance Atlas — Croatia Annual Baseline,https://atlas.ecdc.europa.eu/public/index.aspx/,official_ecdc_rest_aggregate
country,hr,hr,Croatia,source_series_observation,HR,Croatia,D034,Syphilis,梅毒,Bacterial,2015-01-01,2015-01,25,25,,,,,,SER_HR_ECDC_SYPH_ANNUAL,SER_HR_ECDC_SYPH_ANNUAL,SRC_HR_ECDC_ATLAS,Syphilis,case_notifications,ecdc_member_state_reported_aggregate_surveillance,annual,count,country:HR:national,all,exact,conditional,non_additive,active,missing_is_unknown,ECDC_CURRENT_GENERAL_ANNUAL_2026_08,"Croatia annual Member-State reported aggregate cases from the public ECDC Surveillance Atlas; published zeroes are explicit, absent topic/year cells remain unknown, and combined populations are emitted only when every reviewed component is present. Data provided by ECDC based on data reported by EU/EEA Member States.",,raw,True,series_registry,single_series,parity,,SER_HR_ECDC_SYPH_ANNUAL,1,The public curve is read directly from one registered source series.,ecdc_atlas_annual,ECDC Surveillance Atlas — Croatia Annual Baseline,https://atlas.ecdc.europa.eu/public/index.aspx/,official_ecdc_rest_aggregate,ecdc_atlas_annual,ECDC Surveillance Atlas — Croatia Annual Baseline,https://atlas.ecdc.europa.eu/public/index.aspx/,official_ecdc_rest_aggregate
country,hr,hr,Croatia,public_projection,HR,Croatia,D035,Leptospirosis,钩端螺旋体病,Bacterial,2015-01-01,2015-01,36,36,,,0.8604764864641671,wpp_computed,,SER_HR_ECDC_LEPT_ANNUAL,,,,,,annual,,,,,,,,,,,,,,series_registry,single_series,parity,,SER_HR_ECDC_LEPT_ANNUAL,1,The public curve is read directly from one registered source series.,ecdc_atlas_annual,ECDC Surveillance Atlas — Croatia Annual Baseline,https://atlas.ecdc.europa.eu/public/index.aspx/,official_ecdc_rest_aggregate,ecdc_atlas_annual,ECDC Surveillance Atlas — Croatia Annual Baseline,https://atlas.ecdc.europa.eu/public/index.aspx/,official_ecdc_rest_aggregate
country,hr,hr,Croatia,source_series_observation,HR,Croatia,D035,Leptospirosis,钩端螺旋体病,Bacterial,2015-01-01,2015-01,36,36,,,,,,SER_HR_ECDC_LEPT_ANNUAL,SER_HR_ECDC_LEPT_ANNUAL,SRC_HR_ECDC_ATLAS,Leptospirosis,case_notifications,ecdc_member_state_reported_aggregate_surveillance,annual,count,country:HR:national,all,exact,conditional,non_additive,active,missing_is_unknown,ECDC_CURRENT_GENERAL_ANNUAL_2026_08,"Croatia annual Member-State reported aggregate cases from the public ECDC Surveillance Atlas; published zeroes are explicit, absent topic/year cells remain unknown, and combined populations are emitted only when every reviewed component is present. Data provided by ECDC based on data reported by EU/EEA Member States.",,raw,True,series_registry,single_series,parity,,SER_HR_ECDC_LEPT_ANNUAL,1,The public curve is read directly from one registered source series.,ecdc_atlas_annual,ECDC Surveillance Atlas — Croatia Annual Baseline,https://atlas.ecdc.europa.eu/public/index.aspx/,official_ecdc_rest_aggregate,ecdc_atlas_annual,ECDC Surveillance Atlas — Croatia Annual Baseline,https://atlas.ecdc.europa.eu/public/index.aspx/,official_ecdc_rest_aggregate
country,hr,hr,Croatia,public_projection,HR,Croatia,D037,Malaria,疟疾,Parasitic,2015-01-01,2015-01,7,7,,,0.1673148723680325,wpp_computed,,SER_HR_ECDC_MALA_ANNUAL,,,,,,annual,,,,,,,,,,,,,,series_registry,single_series,parity,,SER_HR_ECDC_MALA_ANNUAL,1,The public curve is read directly from one registered source series.,ecdc_atlas_annual,ECDC Surveillance Atlas — Croatia Annual Baseline,https://atlas.ecdc.europa.eu/public/index.aspx/,official_ecdc_rest_aggregate,ecdc_atlas_annual,ECDC Surveillance Atlas — Croatia Annual Baseline,https://atlas.ecdc.europa.eu/public/index.aspx/,official_ecdc_rest_aggregate
country,hr,hr,Croatia,source_series_observation,HR,Croatia,D037,Malaria,疟疾,Parasitic,2015-01-01,2015-01,7,7,,,,,,SER_HR_ECDC_MALA_ANNUAL,SER_HR_ECDC_MALA_ANNUAL,SRC_HR_ECDC_ATLAS,Malaria,case_notifications,ecdc_member_state_reported_aggregate_surveillance,annual,count,country:HR:national,all,exact,conditional,non_additive,active,missing_is_unknown,ECDC_CURRENT_GENERAL_ANNUAL_2026_08,"Croatia annual Member-State reported aggregate cases from the public ECDC Surveillance Atlas; published zeroes are explicit, absent topic/year cells remain unknown, and combined populations are emitted only when every reviewed component is present. Data provided by ECDC based on data reported by EU/EEA Member States.",,raw,True,series_registry,single_series,parity,,SER_HR_ECDC_MALA_ANNUAL,1,The public curve is read directly from one registered source series.,ecdc_atlas_annual,ECDC Surveillance Atlas — Croatia Annual Baseline,https://atlas.ecdc.europa.eu/public/index.aspx/,official_ecdc_rest_aggregate,ecdc_atlas_annual,ECDC Surveillance Atlas — Croatia Annual Baseline,https://atlas.ecdc.europa.eu/public/index.aspx/,official_ecdc_rest_aggregate
country,hr,hr,Croatia,public_projection,HR,Croatia,D039,Mumps,流行性腮腺炎,Viral,2015-01-01,2015-01,32,32,,,0.7648679879681485,wpp_computed,,SER_HR_ECDC_MUMP_ANNUAL,,,,,,annual,,,,,,,,,,,,,,series_registry,single_series,parity,,SER_HR_ECDC_MUMP_ANNUAL,1,The public curve is read directly from one registered source series.,ecdc_atlas_annual,ECDC Surveillance Atlas — Croatia Annual Baseline,https://atlas.ecdc.europa.eu/public/index.aspx/,official_ecdc_rest_aggregate,ecdc_atlas_annual,ECDC Surveillance Atlas — Croatia Annual Baseline,https://atlas.ecdc.europa.eu/public/index.aspx/,official_ecdc_rest_aggregate
country,hr,hr,Croatia,source_series_observation,HR,Croatia,D039,Mumps,流行性腮腺炎,Viral,2015-01-01,2015-01,32,32,,,,,,SER_HR_ECDC_MUMP_ANNUAL,SER_HR_ECDC_MUMP_ANNUAL,SRC_HR_ECDC_ATLAS,Mumps,case_notifications,ecdc_member_state_reported_aggregate_surveillance,annual,count,country:HR:national,all,exact,conditional,non_additive,active,missing_is_unknown,ECDC_CURRENT_GENERAL_ANNUAL_2026_08,"Croatia annual Member-State reported aggregate cases from the public ECDC Surveillance Atlas; published zeroes are explicit, absent topic/year cells remain unknown, and combined populations are emitted only when every reviewed component is present. Data provided by ECDC based on data reported by EU/EEA Member States.",,raw,True,series_registry,single_series,parity,,SER_HR_ECDC_MUMP_ANNUAL,1,The public curve is read directly from one registered source series.,ecdc_atlas_annual,ECDC Surveillance Atlas — Croatia Annual Baseline,https://atlas.ecdc.europa.eu/public/index.aspx/,official_ecdc_rest_aggregate,ecdc_atlas_annual,ECDC Surveillance Atlas — Croatia Annual Baseline,https://atlas.ecdc.europa.eu/public/index.aspx/,official_ecdc_rest_aggregate
country,hr,hr,Croatia,public_projection,HR,Croatia,D040,Rubella,风疹,Viral,2015-01-01,2015-01,0,0,,,0.0,wpp_computed,,SER_HR_ECDC_RUBE_ANNUAL,,,,,,annual,,,,,,,,,,,,,,series_registry,single_series,parity,,SER_HR_ECDC_RUBE_ANNUAL,1,The public curve is read directly from one registered source series.,ecdc_atlas_annual,ECDC Surveillance Atlas — Croatia Annual Baseline,https://atlas.ecdc.europa.eu/public/index.aspx/,official_ecdc_rest_aggregate,ecdc_atlas_annual,ECDC Surveillance Atlas — Croatia Annual Baseline,https://atlas.ecdc.europa.eu/public/index.aspx/,official_ecdc_rest_aggregate
country,hr,hr,Croatia,source_series_observation,HR,Croatia,D040,Rubella,风疹,Viral,2015-01-01,2015-01,0,0,,,,,,SER_HR_ECDC_RUBE_ANNUAL,SER_HR_ECDC_RUBE_ANNUAL,SRC_HR_ECDC_ATLAS,Rubella,case_notifications,ecdc_member_state_reported_aggregate_surveillance,annual,count,country:HR:national,all,exact,conditional,non_additive,active,missing_is_unknown,ECDC_CURRENT_GENERAL_ANNUAL_2026_08,"Croatia annual Member-State reported aggregate cases from the public ECDC Surveillance Atlas; published zeroes are explicit, absent topic/year cells remain unknown, and combined populations are emitted only when every reviewed component is present. Data provided by ECDC based on data reported by EU/EEA Member States.",,raw,True,series_registry,single_series,parity,,SER_HR_ECDC_RUBE_ANNUAL,1,The public curve is read directly from one registered source series.,ecdc_atlas_annual,ECDC Surveillance Atlas — Croatia Annual Baseline,https://atlas.ecdc.europa.eu/public/index.aspx/,official_ecdc_rest_aggregate,ecdc_atlas_annual,ECDC Surveillance Atlas — Croatia Annual Baseline,https://atlas.ecdc.europa.eu/public/index.aspx/,official_ecdc_rest_aggregate
country,hr,hr,Croatia,public_projection,HR,Croatia,D045,Echinococcosis,包虫病,Parasitic,2015-01-01,2015-01,7,7,,,0.1673148723680325,wpp_computed,,SER_HR_ECDC_ECHI_ANNUAL,,,,,,annual,,,,,,,,,,,,,,series_registry,single_series,parity,,SER_HR_ECDC_ECHI_ANNUAL,1,The public curve is read directly from one registered source series.,ecdc_atlas_annual,ECDC Surveillance Atlas — Croatia Annual Baseline,https://atlas.ecdc.europa.eu/public/index.aspx/,official_ecdc_rest_aggregate,ecdc_atlas_annual,ECDC Surveillance Atlas — Croatia Annual Baseline,https://atlas.ecdc.europa.eu/public/index.aspx/,official_ecdc_rest_aggregate
country,hr,hr,Croatia,source_series_observation,HR,Croatia,D045,Echinococcosis,包虫病,Parasitic,2015-01-01,2015-01,7,7,,,,,,SER_HR_ECDC_ECHI_ANNUAL,SER_HR_ECDC_ECHI_ANNUAL,SRC_HR_ECDC_ATLAS,Echinococcosis,case_notifications,ecdc_member_state_reported_aggregate_surveillance,annual,count,country:HR:national,all,exact,conditional,non_additive,active,missing_is_unknown,ECDC_CURRENT_GENERAL_ANNUAL_2026_08,"Croatia annual Member-State reported aggregate cases from the public ECDC Surveillance Atlas; published zeroes are explicit, absent topic/year cells remain unknown, and combined populations are emitted only when every reviewed component is present. Data provided by ECDC based on data reported by EU/EEA Member States.",,raw,True,series_registry,single_series,parity,,SER_HR_ECDC_ECHI_ANNUAL,1,The public curve is read directly from one registered source series.,ecdc_atlas_annual,ECDC Surveillance Atlas — Croatia Annual Baseline,https://atlas.ecdc.europa.eu/public/index.aspx/,official_ecdc_rest_aggregate,ecdc_atlas_annual,ECDC Surveillance Atlas — Croatia Annual Baseline,https://atlas.ecdc.europa.eu/public/index.aspx/,official_ecdc_rest_aggregate
country,hr,hr,Croatia,public_projection,HR,Croatia,D052,Chikungunya,基孔肯雅热,Viral,2015-01-01,2015-01,0,0,,,0.0,wpp_computed,,SER_HR_ECDC_CHIK_ANNUAL,,,,,,annual,,,,,,,,,,,,,,series_registry,single_series,parity,,SER_HR_ECDC_CHIK_ANNUAL,1,The public curve is read directly from one registered source series.,ecdc_atlas_annual,ECDC Surveillance Atlas — Croatia Annual Baseline,https://atlas.ecdc.europa.eu/public/index.aspx/,official_ecdc_rest_aggregate,ecdc_atlas_annual,ECDC Surveillance Atlas — Croatia Annual Baseline,https://atlas.ecdc.europa.eu/public/index.aspx/,official_ecdc_rest_aggregate
country,hr,hr,Croatia,source_series_observation,HR,Croatia,D052,Chikungunya,基孔肯雅热,Viral,2015-01-01,2015-01,0,0,,,,,,SER_HR_ECDC_CHIK_ANNUAL,SER_HR_ECDC_CHIK_ANNUAL,SRC_HR_ECDC_ATLAS,Chikungunya virus disease,case_notifications,ecdc_member_state_reported_aggregate_surveillance,annual,count,country:HR:national,all,exact,conditional,non_additive,active,missing_is_unknown,ECDC_CURRENT_GENERAL_ANNUAL_2026_08,"Croatia annual Member-State reported aggregate cases from the public ECDC Surveillance Atlas; published zeroes are explicit, absent topic/year cells remain unknown, and combined populations are emitted only when every reviewed component is present. Data provided by ECDC based on data reported by EU/EEA Member States.",,raw,True,series_registry,single_series,parity,,SER_HR_ECDC_CHIK_ANNUAL,1,The public curve is read directly from one registered source series.,ecdc_atlas_annual,ECDC Surveillance Atlas — Croatia Annual Baseline,https://atlas.ecdc.europa.eu/public/index.aspx/,official_ecdc_rest_aggregate,ecdc_atlas_annual,ECDC Surveillance Atlas — Croatia Annual Baseline,https://atlas.ecdc.europa.eu/public/index.aspx/,official_ecdc_rest_aggregate
country,hr,hr,Croatia,public_projection,HR,Croatia,D059,Yellow fever,黄热病,Viral,2015-01-01,2015-01,0,0,,,0.0,wpp_computed,,SER_HR_ECDC_YELF_ANNUAL,,,,,,annual,,,,,,,,,,,,,,series_registry,single_series,parity,,SER_HR_ECDC_YELF_ANNUAL,1,The public curve is read directly from one registered source series.,ecdc_atlas_annual,ECDC Surveillance Atlas — Croatia Annual Baseline,https://atlas.ecdc.europa.eu/public/index.aspx/,official_ecdc_rest_aggregate,ecdc_atlas_annual,ECDC Surveillance Atlas — Croatia Annual Baseline,https://atlas.ecdc.europa.eu/public/index.aspx/,official_ecdc_rest_aggregate
country,hr,hr,Croatia,source_series_observation,HR,Croatia,D059,Yellow fever,黄热病,Viral,2015-01-01,2015-01,0,0,,,,,,SER_HR_ECDC_YELF_ANNUAL,SER_HR_ECDC_YELF_ANNUAL,SRC_HR_ECDC_ATLAS,Yellow fever,case_notifications,ecdc_member_state_reported_aggregate_surveillance,annual,count,country:HR:national,all,exact,conditional,non_additive,active,missing_is_unknown,ECDC_CURRENT_GENERAL_ANNUAL_2026_08,"Croatia annual Member-State reported aggregate cases from the public ECDC Surveillance Atlas; published zeroes are explicit, absent topic/year cells remain unknown, and combined populations are emitted only when every reviewed component is present. Data provided by ECDC based on data reported by EU/EEA Member States.",,raw,True,series_registry,single_series,parity,,SER_HR_ECDC_YELF_ANNUAL,1,The public curve is read directly from one registered source series.,ecdc_atlas_annual,ECDC Surveillance Atlas — Croatia Annual Baseline,https://atlas.ecdc.europa.eu/public/index.aspx/,official_ecdc_rest_aggregate,ecdc_atlas_annual,ECDC Surveillance Atlas — Croatia Annual Baseline,https://atlas.ecdc.europa.eu/public/index.aspx/,official_ecdc_rest_aggregate
country,hr,hr,Croatia,public_projection,HR,Croatia,D085,Toxoplasmosis,弓形体病,Parasitic,2015-01-01,2015-01,0,0,,,0.0,wpp_computed,,SER_HR_ECDC_TOXO_ANNUAL,,,,,,annual,,,,,,,,,,,,,,series_registry,single_series,parity,,SER_HR_ECDC_TOXO_ANNUAL,1,The public curve is read directly from one registered source series.,ecdc_atlas_annual,ECDC Surveillance Atlas — Croatia Annual Baseline,https://atlas.ecdc.europa.eu/public/index.aspx/,official_ecdc_rest_aggregate,ecdc_atlas_annual,ECDC Surveillance Atlas — Croatia Annual Baseline,https://atlas.ecdc.europa.eu/public/index.aspx/,official_ecdc_rest_aggregate
country,hr,hr,Croatia,source_series_observation,HR,Croatia,D085,Toxoplasmosis,弓形体病,Parasitic,2015-01-01,2015-01,0,0,,,,,,SER_HR_ECDC_TOXO_ANNUAL,SER_HR_ECDC_TOXO_ANNUAL,SRC_HR_ECDC_ATLAS,"Toxoplasmosis, congenital",case_notifications,ecdc_member_state_reported_aggregate_surveillance,annual,count,country:HR:national,all,narrower,conditional,non_additive,active,missing_is_unknown,ECDC_CURRENT_GENERAL_ANNUAL_2026_08,"Croatia annual Member-State reported aggregate cases from the public ECDC Surveillance Atlas; published zeroes are explicit, absent topic/year cells remain unknown, and combined populations are emitted only when every reviewed component is present. Data provided by ECDC based on data reported by EU/EEA Member States.",,raw,True,series_registry,single_series,parity,,SER_HR_ECDC_TOXO_ANNUAL,1,The public curve is read directly from one registered source series.,ecdc_atlas_annual,ECDC Surveillance Atlas — Croatia Annual Baseline,https://atlas.ecdc.europa.eu/public/index.aspx/,official_ecdc_rest_aggregate,ecdc_atlas_annual,ECDC Surveillance Atlas — Croatia Annual Baseline,https://atlas.ecdc.europa.eu/public/index.aspx/,official_ecdc_rest_aggregate
country,hr,hr,Croatia,public_projection,HR,Croatia,D091,Botulism,肉毒杆菌中毒,Bacterial,2015-01-01,2015-01,5,5,,,0.11951062312002321,wpp_computed,,SER_HR_ECDC_BOTU_ANNUAL,,,,,,annual,,,,,,,,,,,,,,series_registry,single_series,parity,,SER_HR_ECDC_BOTU_ANNUAL,1,The public curve is read directly from one registered source series.,ecdc_atlas_annual,ECDC Surveillance Atlas — Croatia Annual Baseline,https://atlas.ecdc.europa.eu/public/index.aspx/,official_ecdc_rest_aggregate,ecdc_atlas_annual,ECDC Surveillance Atlas — Croatia Annual Baseline,https://atlas.ecdc.europa.eu/public/index.aspx/,official_ecdc_rest_aggregate
country,hr,hr,Croatia,source_series_observation,HR,Croatia,D091,Botulism,肉毒杆菌中毒,Bacterial,2015-01-01,2015-01,5,5,,,,,,SER_HR_ECDC_BOTU_ANNUAL,SER_HR_ECDC_BOTU_ANNUAL,SRC_HR_ECDC_ATLAS,Botulism,case_notifications,ecdc_member_state_reported_aggregate_surveillance,annual,count,country:HR:national,all,exact,conditional,non_additive,active,missing_is_unknown,ECDC_CURRENT_GENERAL_ANNUAL_2026_08,"Croatia annual Member-State reported aggregate cases from the public ECDC Surveillance Atlas; published zeroes are explicit, absent topic/year cells remain unknown, and combined populations are emitted only when every reviewed component is present. Data provided by ECDC based on data reported by EU/EEA Member States.",,raw,True,series_registry,single_series,parity,,SER_HR_ECDC_BOTU_ANNUAL,1,The public curve is read directly from one registered source series.,ecdc_atlas_annual,ECDC Surveillance Atlas — Croatia Annual Baseline,https://atlas.ecdc.europa.eu/public/index.aspx/,official_ecdc_rest_aggregate,ecdc_atlas_annual,ECDC Surveillance Atlas — Croatia Annual Baseline,https://atlas.ecdc.europa.eu/public/index.aspx/,official_ecdc_rest_aggregate
country,hr,hr,Croatia,public_projection,HR,Croatia,D092,Campylobacteriosis,弯曲杆菌病,Bacterial,2015-01-01,2015-01,1393,1393,,,33.29565960123846,wpp_computed,,SER_HR_ECDC_CAMP_ANNUAL,,,,,,annual,,,,,,,,,,,,,,series_registry,single_series,parity,,SER_HR_ECDC_CAMP_ANNUAL,1,The public curve is read directly from one registered source series.,ecdc_atlas_annual,ECDC Surveillance Atlas — Croatia Annual Baseline,https://atlas.ecdc.europa.eu/public/index.aspx/,official_ecdc_rest_aggregate,ecdc_atlas_annual,ECDC Surveillance Atlas — Croatia Annual Baseline,https://atlas.ecdc.europa.eu/public/index.aspx/,official_ecdc_rest_aggregate
country,hr,hr,Croatia,source_series_observation,HR,Croatia,D092,Campylobacteriosis,弯曲杆菌病,Bacterial,2015-01-01,2015-01,1393,1393,,,,,,SER_HR_ECDC_CAMP_ANNUAL,SER_HR_ECDC_CAMP_ANNUAL,SRC_HR_ECDC_ATLAS,Campylobacteriosis,case_notifications,ecdc_member_state_reported_aggregate_surveillance,annual,count,country:HR:national,all,exact,conditional,non_additive,active,missing_is_unknown,ECDC_CURRENT_GENERAL_ANNUAL_2026_08,"Croatia annual Member-State reported aggregate cases from the public ECDC Surveillance Atlas; published zeroes are explicit, absent topic/year cells remain unknown, and combined populations are emitted only when every reviewed component is present. Data provided by ECDC based on data reported by EU/EEA Member States.",,raw,True,series_registry,single_series,parity,,SER_HR_ECDC_CAMP_ANNUAL,1,The public curve is read directly from one registered source series.,ecdc_atlas_annual,ECDC Surveillance Atlas — Croatia Annual Baseline,https://atlas.ecdc.europa.eu/public/index.aspx/,official_ecdc_rest_aggregate,ecdc_atlas_annual,ECDC Surveillance Atlas — Croatia Annual Baseline,https://atlas.ecdc.europa.eu/public/index.aspx/,official_ecdc_rest_aggregate
country,hr,hr,Croatia,public_projection,HR,Croatia,D094,Chlamydia trachomatis infection,沙眼衣原体感染,Bacterial,2015-01-01,2015-01,332,332,,,7.935505375169541,wpp_computed,,SER_HR_ECDC_CHLAM_ANNUAL,,,,,,annual,,,,,,,,,,,,,,series_registry,single_series,parity,,SER_HR_ECDC_CHLAM_ANNUAL,1,The public curve is read directly from one registered source series.,ecdc_atlas_annual,ECDC Surveillance Atlas — Croatia Annual Baseline,https://atlas.ecdc.europa.eu/public/index.aspx/,official_ecdc_rest_aggregate,ecdc_atlas_annual,ECDC Surveillance Atlas — Croatia Annual Baseline,https://atlas.ecdc.europa.eu/public/index.aspx/,official_ecdc_rest_aggregate
country,hr,hr,Croatia,source_series_observation,HR,Croatia,D094,Chlamydia trachomatis infection,沙眼衣原体感染,Bacterial,2015-01-01,2015-01,332,332,,,,,,SER_HR_ECDC_CHLAM_ANNUAL,SER_HR_ECDC_CHLAM_ANNUAL,SRC_HR_ECDC_ATLAS,Chlamydia infection,case_notifications,ecdc_member_state_reported_aggregate_surveillance,annual,count,country:HR:national,all,exact,conditional,non_additive,active,missing_is_unknown,ECDC_CURRENT_GENERAL_ANNUAL_2026_08,"Croatia annual Member-State reported aggregate cases from the public ECDC Surveillance Atlas; published zeroes are explicit, absent topic/year cells remain unknown, and combined populations are emitted only when every reviewed component is present. Data provided by ECDC based on data reported by EU/EEA Member States.",,raw,True,series_registry,single_series,parity,,SER_HR_ECDC_CHLAM_ANNUAL,1,The public curve is read directly from one registered source series.,ecdc_atlas_annual,ECDC Surveillance Atlas — Croatia Annual Baseline,https://atlas.ecdc.europa.eu/public/index.aspx/,official_ecdc_rest_aggregate,ecdc_atlas_annual,ECDC Surveillance Atlas — Croatia Annual Baseline,https://atlas.ecdc.europa.eu/public/index.aspx/,official_ecdc_rest_aggregate
country,hr,hr,Croatia,public_projection,HR,Croatia,D096,Cryptosporidiosis,隐孢子虫病,Parasitic,2015-01-01,2015-01,0,0,,,0.0,wpp_computed,,SER_HR_ECDC_CRYP_ANNUAL,,,,,,annual,,,,,,,,,,,,,,series_registry,single_series,parity,,SER_HR_ECDC_CRYP_ANNUAL,1,The public curve is read directly from one registered source series.,ecdc_atlas_annual,ECDC Surveillance Atlas — Croatia Annual Baseline,https://atlas.ecdc.europa.eu/public/index.aspx/,official_ecdc_rest_aggregate,ecdc_atlas_annual,ECDC Surveillance Atlas — Croatia Annual Baseline,https://atlas.ecdc.europa.eu/public/index.aspx/,official_ecdc_rest_aggregate
country,hr,hr,Croatia,source_series_observation,HR,Croatia,D096,Cryptosporidiosis,隐孢子虫病,Parasitic,2015-01-01,2015-01,0,0,,,,,,SER_HR_ECDC_CRYP_ANNUAL,SER_HR_ECDC_CRYP_ANNUAL,SRC_HR_ECDC_ATLAS,Cryptosporidiosis,case_notifications,ecdc_member_state_reported_aggregate_surveillance,annual,count,country:HR:national,all,exact,conditional,non_additive,active,missing_is_unknown,ECDC_CURRENT_GENERAL_ANNUAL_2026_08,"Croatia annual Member-State reported aggregate cases from the public ECDC Surveillance Atlas; published zeroes are explicit, absent topic/year cells remain unknown, and combined populations are emitted only when every reviewed component is present. Data provided by ECDC based on data reported by EU/EEA Member States.",,raw,True,series_registry,single_series,parity,,SER_HR_ECDC_CRYP_ANNUAL,1,The public curve is read directly from one registered source series.,ecdc_atlas_annual,ECDC Surveillance Atlas — Croatia Annual Baseline,https://atlas.ecdc.europa.eu/public/index.aspx/,official_ecdc_rest_aggregate,ecdc_atlas_annual,ECDC Surveillance Atlas — Croatia Annual Baseline,https://atlas.ecdc.europa.eu/public/index.aspx/,official_ecdc_rest_aggregate
country,hr,hr,Croatia,public_projection,HR,Croatia,D099,Giardiasis,贾第虫病,Parasitic,2015-01-01,2015-01,93,93,,,2.2228975900324315,wpp_computed,,SER_HR_ECDC_GIAR_ANNUAL,,,,,,annual,,,,,,,,,,,,,,series_registry,single_series,parity,,SER_HR_ECDC_GIAR_ANNUAL,1,The public curve is read directly from one registered source series.,ecdc_atlas_annual,ECDC Surveillance Atlas — Croatia Annual Baseline,https://atlas.ecdc.europa.eu/public/index.aspx/,official_ecdc_rest_aggregate,ecdc_atlas_annual,ECDC Surveillance Atlas — Croatia Annual Baseline,https://atlas.ecdc.europa.eu/public/index.aspx/,official_ecdc_rest_aggregate
country,hr,hr,Croatia,source_series_observation,HR,Croatia,D099,Giardiasis,贾第虫病,Parasitic,2015-01-01,2015-01,93,93,,,,,,SER_HR_ECDC_GIAR_ANNUAL,SER_HR_ECDC_GIAR_ANNUAL,SRC_HR_ECDC_ATLAS,Giardiasis,case_notifications,ecdc_member_state_reported_aggregate_surveillance,annual,count,country:HR:national,all,exact,conditional,non_additive,active,missing_is_unknown,ECDC_CURRENT_GENERAL_ANNUAL_2026_08,"Croatia annual Member-State reported aggregate cases from the public ECDC Surveillance Atlas; published zeroes are explicit, absent topic/year cells remain unknown, and combined populations are emitted only when every reviewed component is present. Data provided by ECDC based on data reported by EU/EEA Member States.",,raw,True,series_registry,single_series,parity,,SER_HR_ECDC_GIAR_ANNUAL,1,The public curve is read directly from one registered source series.,ecdc_atlas_annual,ECDC Surveillance Atlas — Croatia Annual Baseline,https://atlas.ecdc.europa.eu/public/index.aspx/,official_ecdc_rest_aggregate,ecdc_atlas_annual,ECDC Surveillance Atlas — Croatia Annual Baseline,https://atlas.ecdc.europa.eu/public/index.aspx/,official_ecdc_rest_aggregate
country,hr,hr,Croatia,public_projection,HR,Croatia,D100,Haemophilus influenzae,流感嗜血杆菌,Bacterial,2015-01-01,2015-01,0,0,,,0.0,wpp_computed,,SER_HR_ECDC_HAEINF_ANNUAL,,,,,,annual,,,,,,,,,,,,,,series_registry,single_series,parity,,SER_HR_ECDC_HAEINF_ANNUAL,1,The public curve is read directly from one registered source series.,ecdc_atlas_annual,ECDC Surveillance Atlas — Croatia Annual Baseline,https://atlas.ecdc.europa.eu/public/index.aspx/,official_ecdc_rest_aggregate,ecdc_atlas_annual,ECDC Surveillance Atlas — Croatia Annual Baseline,https://atlas.ecdc.europa.eu/public/index.aspx/,official_ecdc_rest_aggregate
country,hr,hr,Croatia,source_series_observation,HR,Croatia,D100,Haemophilus influenzae,流感嗜血杆菌,Bacterial,2015-01-01,2015-01,0,0,,,,,,SER_HR_ECDC_HAEINF_ANNUAL,SER_HR_ECDC_HAEINF_ANNUAL,SRC_HR_ECDC_ATLAS,Invasive Haemophilus influenzae disease,case_notifications,ecdc_member_state_reported_aggregate_surveillance,annual,count,country:HR:national,all,exact,conditional,non_additive,active,missing_is_unknown,ECDC_CURRENT_GENERAL_ANNUAL_2026_08,"Croatia annual Member-State reported aggregate cases from the public ECDC Surveillance Atlas; published zeroes are explicit, absent topic/year cells remain unknown, and combined populations are emitted only when every reviewed component is present. Data provided by ECDC based on data reported by EU/EEA Member States.",,raw,True,series_registry,single_series,parity,,SER_HR_ECDC_HAEINF_ANNUAL,1,The public curve is read directly from one registered source series.,ecdc_atlas_annual,ECDC Surveillance Atlas — Croatia Annual Baseline,https://atlas.ecdc.europa.eu/public/index.aspx/,official_ecdc_rest_aggregate,ecdc_atlas_annual,ECDC Surveillance Atlas — Croatia Annual Baseline,https://atlas.ecdc.europa.eu/public/index.aspx/,official_ecdc_rest_aggregate
country,hr,hr,Croatia,public_projection,HR,Croatia,D102,Hantavirus infection,汉坦病毒感染,Viral,2015-01-01,2015-01,10,10,,,0.23902124624004642,wpp_computed,,SER_HR_ECDC_HANTA_ANNUAL,,,,,,annual,,,,,,,,,,,,,,series_registry,single_series,parity,,SER_HR_ECDC_HANTA_ANNUAL,1,The public curve is read directly from one registered source series.,ecdc_atlas_annual,ECDC Surveillance Atlas — Croatia Annual Baseline,https://atlas.ecdc.europa.eu/public/index.aspx/,official_ecdc_rest_aggregate,ecdc_atlas_annual,ECDC Surveillance Atlas — Croatia Annual Baseline,https://atlas.ecdc.europa.eu/public/index.aspx/,official_ecdc_rest_aggregate
country,hr,hr,Croatia,source_series_observation,HR,Croatia,D102,Hantavirus infection,汉坦病毒感染,Viral,2015-01-01,2015-01,10,10,,,,,,SER_HR_ECDC_HANTA_ANNUAL,SER_HR_ECDC_HANTA_ANNUAL,SRC_HR_ECDC_ATLAS,Hantavirus infection,case_notifications,ecdc_member_state_reported_aggregate_surveillance,annual,count,country:HR:national,all,exact,conditional,non_additive,active,missing_is_unknown,ECDC_CURRENT_GENERAL_ANNUAL_2026_08,"Croatia annual Member-State reported aggregate cases from the public ECDC Surveillance Atlas; published zeroes are explicit, absent topic/year cells remain unknown, and combined populations are emitted only when every reviewed component is present. Data provided by ECDC based on data reported by EU/EEA Member States.",,raw,True,series_registry,single_series,parity,,SER_HR_ECDC_HANTA_ANNUAL,1,The public curve is read directly from one registered source series.,ecdc_atlas_annual,ECDC Surveillance Atlas — Croatia Annual Baseline,https://atlas.ecdc.europa.eu/public/index.aspx/,official_ecdc_rest_aggregate,ecdc_atlas_annual,ECDC Surveillance Atlas — Croatia Annual Baseline,https://atlas.ecdc.europa.eu/public/index.aspx/,official_ecdc_rest_aggregate
country,hr,hr,Croatia,public_projection,HR,Croatia,D105,Shigellosis,志贺菌病,Bacterial,2015-01-01,2015-01,12,12,,,0.2868254954880557,wpp_computed,,SER_HR_ECDC_SHIG_ANNUAL,,,,,,annual,,,,,,,,,,,,,,series_registry,single_series,parity,,SER_HR_ECDC_SHIG_ANNUAL,1,The public curve is read directly from one registered source series.,ecdc_atlas_annual,ECDC Surveillance Atlas — Croatia Annual Baseline,https://atlas.ecdc.europa.eu/public/index.aspx/,official_ecdc_rest_aggregate,ecdc_atlas_annual,ECDC Surveillance Atlas — Croatia Annual Baseline,https://atlas.ecdc.europa.eu/public/index.aspx/,official_ecdc_rest_aggregate
country,hr,hr,Croatia,source_series_observation,HR,Croatia,D105,Shigellosis,志贺菌病,Bacterial,2015-01-01,2015-01,12,12,,,,,,SER_HR_ECDC_SHIG_ANNUAL,SER_HR_ECDC_SHIG_ANNUAL,SRC_HR_ECDC_ATLAS,Shigellosis,case_notifications,ecdc_member_state_reported_aggregate_surveillance,annual,count,country:HR:national,all,exact,conditional,non_additive,active,missing_is_unknown,ECDC_CURRENT_GENERAL_ANNUAL_2026_08,"Croatia annual Member-State reported aggregate cases from the public ECDC Surveillance Atlas; published zeroes are explicit, absent topic/year cells remain unknown, and combined populations are emitted only when every reviewed component is present. Data provided by ECDC based on data reported by EU/EEA Member States.",,raw,True,series_registry,single_series,parity,,SER_HR_ECDC_SHIG_ANNUAL,1,The public curve is read directly from one registered source series.,ecdc_atlas_annual,ECDC Surveillance Atlas — Croatia Annual Baseline,https://atlas.ecdc.europa.eu/public/index.aspx/,official_ecdc_rest_aggregate,ecdc_atlas_annual,ECDC Surveillance Atlas — Croatia Annual Baseline,https://atlas.ecdc.europa.eu/public/index.aspx/,official_ecdc_rest_aggregate
country,hr,hr,Croatia,public_projection,HR,Croatia,D106,Invasive pneumococcal disease,侵袭性肺炎球菌病,Bacterial,2015-01-01,2015-01,24,24,,,0.5736509909761114,wpp_computed,,SER_HR_ECDC_PNEU_ANNUAL,,,,,,annual,,,,,,,,,,,,,,series_registry,single_series,parity,,SER_HR_ECDC_PNEU_ANNUAL,1,The public curve is read directly from one registered source series.,ecdc_atlas_annual,ECDC Surveillance Atlas — Croatia Annual Baseline,https://atlas.ecdc.europa.eu/public/index.aspx/,official_ecdc_rest_aggregate,ecdc_atlas_annual,ECDC Surveillance Atlas — Croatia Annual Baseline,https://atlas.ecdc.europa.eu/public/index.aspx/,official_ecdc_rest_aggregate
country,hr,hr,Croatia,source_series_observation,HR,Croatia,D106,Invasive pneumococcal disease,侵袭性肺炎球菌病,Bacterial,2015-01-01,2015-01,24,24,,,,,,SER_HR_ECDC_PNEU_ANNUAL,SER_HR_ECDC_PNEU_ANNUAL,SRC_HR_ECDC_ATLAS,Invasive pneumococcal disease,case_notifications,ecdc_member_state_reported_aggregate_surveillance,annual,count,country:HR:national,all,exact,conditional,non_additive,active,missing_is_unknown,ECDC_CURRENT_GENERAL_ANNUAL_2026_08,"Croatia annual Member-State reported aggregate cases from the public ECDC Surveillance Atlas; published zeroes are explicit, absent topic/year cells remain unknown, and combined populations are emitted only when every reviewed component is present. Data provided by ECDC based on data reported by EU/EEA Member States.",,raw,True,series_registry,single_series,parity,,SER_HR_ECDC_PNEU_ANNUAL,1,The public curve is read directly from one registered source series.,ecdc_atlas_annual,ECDC Surveillance Atlas — Croatia Annual Baseline,https://atlas.ecdc.europa.eu/public/index.aspx/,official_ecdc_rest_aggregate,ecdc_atlas_annual,ECDC Surveillance Atlas — Croatia Annual Baseline,https://atlas.ecdc.europa.eu/public/index.aspx/,official_ecdc_rest_aggregate
country,hr,hr,Croatia,public_projection,HR,Croatia,D107,Legionellosis,军团菌病,Bacterial,2015-01-01,2015-01,48,48,,,1.1473019819522228,wpp_computed,,SER_HR_ECDC_LEGI_ANNUAL,,,,,,annual,,,,,,,,,,,,,,series_registry,single_series,parity,,SER_HR_ECDC_LEGI_ANNUAL,1,The public curve is read directly from one registered source series.,ecdc_atlas_annual,ECDC Surveillance Atlas — Croatia Annual Baseline,https://atlas.ecdc.europa.eu/public/index.aspx/,official_ecdc_rest_aggregate,ecdc_atlas_annual,ECDC Surveillance Atlas — Croatia Annual Baseline,https://atlas.ecdc.europa.eu/public/index.aspx/,official_ecdc_rest_aggregate
country,hr,hr,Croatia,source_series_observation,HR,Croatia,D107,Legionellosis,军团菌病,Bacterial,2015-01-01,2015-01,48,48,,,,,,SER_HR_ECDC_LEGI_ANNUAL,SER_HR_ECDC_LEGI_ANNUAL,SRC_HR_ECDC_ATLAS,Legionnaires' disease,case_notifications,ecdc_member_state_reported_aggregate_surveillance,annual,count,country:HR:national,all,exact,conditional,non_additive,active,missing_is_unknown,ECDC_CURRENT_GENERAL_ANNUAL_2026_08,"Croatia annual Member-State reported aggregate cases from the public ECDC Surveillance Atlas; published zeroes are explicit, absent topic/year cells remain unknown, and combined populations are emitted only when every reviewed component is present. Data provided by ECDC based on data reported by EU/EEA Member States.",,raw,True,series_registry,single_series,parity,,SER_HR_ECDC_LEGI_ANNUAL,1,The public curve is read directly from one registered source series.,ecdc_atlas_annual,ECDC Surveillance Atlas — Croatia Annual Baseline,https://atlas.ecdc.europa.eu/public/index.aspx/,official_ecdc_rest_aggregate,ecdc_atlas_annual,ECDC Surveillance Atlas — Croatia Annual Baseline,https://atlas.ecdc.europa.eu/public/index.aspx/,official_ecdc_rest_aggregate
country,hr,hr,Croatia,public_projection,HR,Croatia,D108,Listeriosis,李斯特菌病,Bacterial,2015-01-01,2015-01,2,2,,,0.04780424924800928,wpp_computed,,SER_HR_ECDC_LIST_ANNUAL,,,,,,annual,,,,,,,,,,,,,,series_registry,single_series,parity,,SER_HR_ECDC_LIST_ANNUAL,1,The public curve is read directly from one registered source series.,ecdc_atlas_annual,ECDC Surveillance Atlas — Croatia Annual Baseline,https://atlas.ecdc.europa.eu/public/index.aspx/,official_ecdc_rest_aggregate,ecdc_atlas_annual,ECDC Surveillance Atlas — Croatia Annual Baseline,https://atlas.ecdc.europa.eu/public/index.aspx/,official_ecdc_rest_aggregate
country,hr,hr,Croatia,source_series_observation,HR,Croatia,D108,Listeriosis,李斯特菌病,Bacterial,2015-01-01,2015-01,2,2,,,,,,SER_HR_ECDC_LIST_ANNUAL,SER_HR_ECDC_LIST_ANNUAL,SRC_HR_ECDC_ATLAS,Listeriosis,case_notifications,ecdc_member_state_reported_aggregate_surveillance,annual,count,country:HR:national,all,exact,conditional,non_additive,active,missing_is_unknown,ECDC_CURRENT_GENERAL_ANNUAL_2026_08,"Croatia annual Member-State reported aggregate cases from the public ECDC Surveillance Atlas; published zeroes are explicit, absent topic/year cells remain unknown, and combined populations are emitted only when every reviewed component is present. Data provided by ECDC based on data reported by EU/EEA Member States.",,raw,True,series_registry,single_series,parity,,SER_HR_ECDC_LIST_ANNUAL,1,The public curve is read directly from one registered source series.,ecdc_atlas_annual,ECDC Surveillance Atlas — Croatia Annual Baseline,https://atlas.ecdc.europa.eu/public/index.aspx/,official_ecdc_rest_aggregate,ecdc_atlas_annual,ECDC Surveillance Atlas — Croatia Annual Baseline,https://atlas.ecdc.europa.eu/public/index.aspx/,official_ecdc_rest_aggregate
country,hr,hr,Croatia,public_projection,HR,Croatia,D110,Meningococcal disease,脑膜炎球菌病,Bacterial,2015-01-01,2015-01,42,42,,,1.0038892342081949,wpp_computed,,SER_HR_ECDC_MENI_ANNUAL,,,,,,annual,,,,,,,,,,,,,,series_registry,single_series,parity,,SER_HR_ECDC_MENI_ANNUAL,1,The public curve is read directly from one registered source series.,ecdc_atlas_annual,ECDC Surveillance Atlas — Croatia Annual Baseline,https://atlas.ecdc.europa.eu/public/index.aspx/,official_ecdc_rest_aggregate,ecdc_atlas_annual,ECDC Surveillance Atlas — Croatia Annual Baseline,https://atlas.ecdc.europa.eu/public/index.aspx/,official_ecdc_rest_aggregate
country,hr,hr,Croatia,source_series_observation,HR,Croatia,D110,Meningococcal disease,脑膜炎球菌病,Bacterial,2015-01-01,2015-01,42,42,,,,,,SER_HR_ECDC_MENI_ANNUAL,SER_HR_ECDC_MENI_ANNUAL,SRC_HR_ECDC_ATLAS,Invasive meningococcal disease,case_notifications,ecdc_member_state_reported_aggregate_surveillance,annual,count,country:HR:national,all,exact,conditional,non_additive,active,missing_is_unknown,ECDC_CURRENT_GENERAL_ANNUAL_2026_08,"Croatia annual Member-State reported aggregate cases from the public ECDC Surveillance Atlas; published zeroes are explicit, absent topic/year cells remain unknown, and combined populations are emitted only when every reviewed component is present. Data provided by ECDC based on data reported by EU/EEA Member States.",,raw,True,series_registry,single_series,parity,,SER_HR_ECDC_MENI_ANNUAL,1,The public curve is read directly from one registered source series.,ecdc_atlas_annual,ECDC Surveillance Atlas — Croatia Annual Baseline,https://atlas.ecdc.europa.eu/public/index.aspx/,official_ecdc_rest_aggregate,ecdc_atlas_annual,ECDC Surveillance Atlas — Croatia Annual Baseline,https://atlas.ecdc.europa.eu/public/index.aspx/,official_ecdc_rest_aggregate
country,hr,hr,Croatia,public_projection,HR,Croatia,D113,Q fever,Q热,Bacterial,2015-01-01,2015-01,14,14,,,0.334629744736065,wpp_computed,,SER_HR_ECDC_QFEV_ANNUAL,,,,,,annual,,,,,,,,,,,,,,series_registry,single_series,parity,,SER_HR_ECDC_QFEV_ANNUAL,1,The public curve is read directly from one registered source series.,ecdc_atlas_annual,ECDC Surveillance Atlas — Croatia Annual Baseline,https://atlas.ecdc.europa.eu/public/index.aspx/,official_ecdc_rest_aggregate,ecdc_atlas_annual,ECDC Surveillance Atlas — Croatia Annual Baseline,https://atlas.ecdc.europa.eu/public/index.aspx/,official_ecdc_rest_aggregate
country,hr,hr,Croatia,source_series_observation,HR,Croatia,D113,Q fever,Q热,Bacterial,2015-01-01,2015-01,14,14,,,,,,SER_HR_ECDC_QFEV_ANNUAL,SER_HR_ECDC_QFEV_ANNUAL,SRC_HR_ECDC_ATLAS,Q fever,case_notifications,ecdc_member_state_reported_aggregate_surveillance,annual,count,country:HR:national,all,exact,conditional,non_additive,active,missing_is_unknown,ECDC_CURRENT_GENERAL_ANNUAL_2026_08,"Croatia annual Member-State reported aggregate cases from the public ECDC Surveillance Atlas; published zeroes are explicit, absent topic/year cells remain unknown, and combined populations are emitted only when every reviewed component is present. Data provided by ECDC based on data reported by EU/EEA Member States.",,raw,True,series_registry,single_series,parity,,SER_HR_ECDC_QFEV_ANNUAL,1,The public curve is read directly from one registered source series.,ecdc_atlas_annual,ECDC Surveillance Atlas — Croatia Annual Baseline,https://atlas.ecdc.europa.eu/public/index.aspx/,official_ecdc_rest_aggregate,ecdc_atlas_annual,ECDC Surveillance Atlas — Croatia Annual Baseline,https://atlas.ecdc.europa.eu/public/index.aspx/,official_ecdc_rest_aggregate
country,hr,hr,Croatia,public_projection,HR,Croatia,D114,Salmonellosis,沙门氏菌病,Bacterial,2015-01-01,2015-01,1593,1593,,,38.07608452603939,wpp_computed,,SER_HR_ECDC_SALM_ANNUAL,,,,,,annual,,,,,,,,,,,,,,series_registry,single_series,parity,,SER_HR_ECDC_SALM_ANNUAL,1,The public curve is read directly from one registered source series.,ecdc_atlas_annual,ECDC Surveillance Atlas — Croatia Annual Baseline,https://atlas.ecdc.europa.eu/public/index.aspx/,official_ecdc_rest_aggregate,ecdc_atlas_annual,ECDC Surveillance Atlas — Croatia Annual Baseline,https://atlas.ecdc.europa.eu/public/index.aspx/,official_ecdc_rest_aggregate
country,hr,hr,Croatia,source_series_observation,HR,Croatia,D114,Salmonellosis,沙门氏菌病,Bacterial,2015-01-01,2015-01,1593,1593,,,,,,SER_HR_ECDC_SALM_ANNUAL,SER_HR_ECDC_SALM_ANNUAL,SRC_HR_ECDC_ATLAS,Salmonellosis,case_notifications,ecdc_member_state_reported_aggregate_surveillance,annual,count,country:HR:national,all,exact,conditional,non_additive,active,missing_is_unknown,ECDC_CURRENT_GENERAL_ANNUAL_2026_08,"Croatia annual Member-State reported aggregate cases from the public ECDC Surveillance Atlas; published zeroes are explicit, absent topic/year cells remain unknown, and combined populations are emitted only when every reviewed component is present. Data provided by ECDC based on data reported by EU/EEA Member States.",,raw,True,series_registry,single_series,parity,,SER_HR_ECDC_SALM_ANNUAL,1,The public curve is read directly from one registered source series.,ecdc_atlas_annual,ECDC Surveillance Atlas — Croatia Annual Baseline,https://atlas.ecdc.europa.eu/public/index.aspx/,official_ecdc_rest_aggregate,ecdc_atlas_annual,ECDC Surveillance Atlas — Croatia Annual Baseline,https://atlas.ecdc.europa.eu/public/index.aspx/,official_ecdc_rest_aggregate
country,hr,hr,Croatia,public_projection,HR,Croatia,D115,Shiga toxin-producing Escherichia coli infection,产志贺毒素大肠杆菌感染,Bacterial,2015-01-01,2015-01,0,0,,,0.0,wpp_computed,,SER_HR_ECDC_STEC_ANNUAL,,,,,,annual,,,,,,,,,,,,,,series_registry,single_series,parity,,SER_HR_ECDC_STEC_ANNUAL,1,The public curve is read directly from one registered source series.,ecdc_atlas_annual,ECDC Surveillance Atlas — Croatia Annual Baseline,https://atlas.ecdc.europa.eu/public/index.aspx/,official_ecdc_rest_aggregate,ecdc_atlas_annual,ECDC Surveillance Atlas — Croatia Annual Baseline,https://atlas.ecdc.europa.eu/public/index.aspx/,official_ecdc_rest_aggregate
country,hr,hr,Croatia,source_series_observation,HR,Croatia,D115,Shiga toxin-producing Escherichia coli infection,产志贺毒素大肠杆菌感染,Bacterial,2015-01-01,2015-01,0,0,,,,,,SER_HR_ECDC_STEC_ANNUAL,SER_HR_ECDC_STEC_ANNUAL,SRC_HR_ECDC_ATLAS,STEC/VTEC infection,case_notifications,ecdc_member_state_reported_aggregate_surveillance,annual,count,country:HR:national,all,exact,conditional,non_additive,active,missing_is_unknown,ECDC_CURRENT_GENERAL_ANNUAL_2026_08,"Croatia annual Member-State reported aggregate cases from the public ECDC Surveillance Atlas; published zeroes are explicit, absent topic/year cells remain unknown, and combined populations are emitted only when every reviewed component is present. Data provided by ECDC based on data reported by EU/EEA Member States.",,raw,True,series_registry,single_series,parity,,SER_HR_ECDC_STEC_ANNUAL,1,The public curve is read directly from one registered source series.,ecdc_atlas_annual,ECDC Surveillance Atlas — Croatia Annual Baseline,https://atlas.ecdc.europa.eu/public/index.aspx/,official_ecdc_rest_aggregate,ecdc_atlas_annual,ECDC Surveillance Atlas — Croatia Annual Baseline,https://atlas.ecdc.europa.eu/public/index.aspx/,official_ecdc_rest_aggregate
country,hr,hr,Croatia,public_projection,HR,Croatia,D120,Tetanus,破伤风,Bacterial,2015-01-01,2015-01,3,3,,,0.07170637387201392,wpp_computed,,SER_HR_ECDC_TETA_ANNUAL,,,,,,annual,,,,,,,,,,,,,,series_registry,single_series,parity,,SER_HR_ECDC_TETA_ANNUAL,1,The public curve is read directly from one registered source series.,ecdc_atlas_annual,ECDC Surveillance Atlas — Croatia Annual Baseline,https://atlas.ecdc.europa.eu/public/index.aspx/,official_ecdc_rest_aggregate,ecdc_atlas_annual,ECDC Surveillance Atlas — Croatia Annual Baseline,https://atlas.ecdc.europa.eu/public/index.aspx/,official_ecdc_rest_aggregate
country,hr,hr,Croatia,source_series_observation,HR,Croatia,D120,Tetanus,破伤风,Bacterial,2015-01-01,2015-01,3,3,,,,,,SER_HR_ECDC_TETA_ANNUAL,SER_HR_ECDC_TETA_ANNUAL,SRC_HR_ECDC_ATLAS,Tetanus,case_notifications,ecdc_member_state_reported_aggregate_surveillance,annual,count,country:HR:national,all,exact,conditional,non_additive,active,missing_is_unknown,ECDC_CURRENT_GENERAL_ANNUAL_2026_08,"Croatia annual Member-State reported aggregate cases from the public ECDC Surveillance Atlas; published zeroes are explicit, absent topic/year cells remain unknown, and combined populations are emitted only when every reviewed component is present. Data provided by ECDC based on data reported by EU/EEA Member States.",,raw,True,series_registry,single_series,parity,,SER_HR_ECDC_TETA_ANNUAL,1,The public curve is read directly from one registered source series.,ecdc_atlas_annual,ECDC Surveillance Atlas — Croatia Annual Baseline,https://atlas.ecdc.europa.eu/public/index.aspx/,official_ecdc_rest_aggregate,ecdc_atlas_annual,ECDC Surveillance Atlas — Croatia Annual Baseline,https://atlas.ecdc.europa.eu/public/index.aspx/,official_ecdc_rest_aggregate
country,hr,hr,Croatia,public_projection,HR,Croatia,D122,Trichinellosis,旋毛虫病,Parasitic,2015-01-01,2015-01,3,3,,,0.07170637387201392,wpp_computed,,SER_HR_ECDC_TRIC_ANNUAL,,,,,,annual,,,,,,,,,,,,,,series_registry,single_series,parity,,SER_HR_ECDC_TRIC_ANNUAL,1,The public curve is read directly from one registered source series.,ecdc_atlas_annual,ECDC Surveillance Atlas — Croatia Annual Baseline,https://atlas.ecdc.europa.eu/public/index.aspx/,official_ecdc_rest_aggregate,ecdc_atlas_annual,ECDC Surveillance Atlas — Croatia Annual Baseline,https://atlas.ecdc.europa.eu/public/index.aspx/,official_ecdc_rest_aggregate
country,hr,hr,Croatia,source_series_observation,HR,Croatia,D122,Trichinellosis,旋毛虫病,Parasitic,2015-01-01,2015-01,3,3,,,,,,SER_HR_ECDC_TRIC_ANNUAL,SER_HR_ECDC_TRIC_ANNUAL,SRC_HR_ECDC_ATLAS,Trichinellosis,case_notifications,ecdc_member_state_reported_aggregate_surveillance,annual,count,country:HR:national,all,exact,conditional,non_additive,active,missing_is_unknown,ECDC_CURRENT_GENERAL_ANNUAL_2026_08,"Croatia annual Member-State reported aggregate cases from the public ECDC Surveillance Atlas; published zeroes are explicit, absent topic/year cells remain unknown, and combined populations are emitted only when every reviewed component is present. Data provided by ECDC based on data reported by EU/EEA Member States.",,raw,True,series_registry,single_series,parity,,SER_HR_ECDC_TRIC_ANNUAL,1,The public curve is read directly from one registered source series.,ecdc_atlas_annual,ECDC Surveillance Atlas — Croatia Annual Baseline,https://atlas.ecdc.europa.eu/public/index.aspx/,official_ecdc_rest_aggregate,ecdc_atlas_annual,ECDC Surveillance Atlas — Croatia Annual Baseline,https://atlas.ecdc.europa.eu/public/index.aspx/,official_ecdc_rest_aggregate
country,hr,hr,Croatia,public_projection,HR,Croatia,D123,Tularemia,土拉菌病,Bacterial,2015-01-01,2015-01,13,13,,,0.31072762011206034,wpp_computed,,SER_HR_ECDC_TULA_ANNUAL,,,,,,annual,,,,,,,,,,,,,,series_registry,single_series,parity,,SER_HR_ECDC_TULA_ANNUAL,1,The public curve is read directly from one registered source series.,ecdc_atlas_annual,ECDC Surveillance Atlas — Croatia Annual Baseline,https://atlas.ecdc.europa.eu/public/index.aspx/,official_ecdc_rest_aggregate,ecdc_atlas_annual,ECDC Surveillance Atlas — Croatia Annual Baseline,https://atlas.ecdc.europa.eu/public/index.aspx/,official_ecdc_rest_aggregate
country,hr,hr,Croatia,source_series_observation,HR,Croatia,D123,Tularemia,土拉菌病,Bacterial,2015-01-01,2015-01,13,13,,,,,,SER_HR_ECDC_TULA_ANNUAL,SER_HR_ECDC_TULA_ANNUAL,SRC_HR_ECDC_ATLAS,Tularaemia,case_notifications,ecdc_member_state_reported_aggregate_surveillance,annual,count,country:HR:national,all,exact,conditional,non_additive,active,missing_is_unknown,ECDC_CURRENT_GENERAL_ANNUAL_2026_08,"Croatia annual Member-State reported aggregate cases from the public ECDC Surveillance Atlas; published zeroes are explicit, absent topic/year cells remain unknown, and combined populations are emitted only when every reviewed component is present. Data provided by ECDC based on data reported by EU/EEA Member States.",,raw,True,series_registry,single_series,parity,,SER_HR_ECDC_TULA_ANNUAL,1,The public curve is read directly from one registered source series.,ecdc_atlas_annual,ECDC Surveillance Atlas — Croatia Annual Baseline,https://atlas.ecdc.europa.eu/public/index.aspx/,official_ecdc_rest_aggregate,ecdc_atlas_annual,ECDC Surveillance Atlas — Croatia Annual Baseline,https://atlas.ecdc.europa.eu/public/index.aspx/,official_ecdc_rest_aggregate
country,hr,hr,Croatia,public_projection,HR,Croatia,D127,Viral hemorrhagic fevers,病毒性出血热,Viral,2015-01-01,2015-01,0,0,,,0.0,wpp_computed,,SER_HR_ECDC_VHFOTH_ANNUAL,,,,,,annual,,,,,,,,,,,,,,series_registry,single_series,parity,,SER_HR_ECDC_VHFOTH_ANNUAL,1,The public curve is read directly from one registered source series.,ecdc_atlas_annual,ECDC Surveillance Atlas — Croatia Annual Baseline,https://atlas.ecdc.europa.eu/public/index.aspx/,official_ecdc_rest_aggregate,ecdc_atlas_annual,ECDC Surveillance Atlas — Croatia Annual Baseline,https://atlas.ecdc.europa.eu/public/index.aspx/,official_ecdc_rest_aggregate
country,hr,hr,Croatia,source_series_observation,HR,Croatia,D127,Viral hemorrhagic fevers,病毒性出血热,Viral,2015-01-01,2015-01,0,0,,,,,,SER_HR_ECDC_VHFOTH_ANNUAL,SER_HR_ECDC_VHFOTH_ANNUAL,SRC_HR_ECDC_ATLAS,Other Viral Haemorrhagic fevers,case_notifications,ecdc_member_state_reported_aggregate_surveillance,annual,count,country:HR:national,all,exact,conditional,non_additive,active,missing_is_unknown,ECDC_CURRENT_GENERAL_ANNUAL_2026_08,"Croatia annual Member-State reported aggregate cases from the public ECDC Surveillance Atlas; published zeroes are explicit, absent topic/year cells remain unknown, and combined populations are emitted only when every reviewed component is present. Data provided by ECDC based on data reported by EU/EEA Member States.",,raw,True,series_registry,single_series,parity,,SER_HR_ECDC_VHFOTH_ANNUAL,1,The public curve is read directly from one registered source series.,ecdc_atlas_annual,ECDC Surveillance Atlas — Croatia Annual Baseline,https://atlas.ecdc.europa.eu/public/index.aspx/,official_ecdc_rest_aggregate,ecdc_atlas_annual,ECDC Surveillance Atlas — Croatia Annual Baseline,https://atlas.ecdc.europa.eu/public/index.aspx/,official_ecdc_rest_aggregate
country,hr,hr,Croatia,public_projection,HR,Croatia,D128,West Nile virus,西尼罗病毒,Viral,2015-01-01,2015-01,1,1,,,0.02390212462400464,wpp_computed,,SER_HR_ECDC_WNF_ANNUAL,,,,,,annual,,,,,,,,,,,,,,series_registry,single_series,parity,,SER_HR_ECDC_WNF_ANNUAL,1,The public curve is read directly from one registered source series.,ecdc_atlas_annual,ECDC Surveillance Atlas — Croatia Annual Baseline,https://atlas.ecdc.europa.eu/public/index.aspx/,official_ecdc_rest_aggregate,ecdc_atlas_annual,ECDC Surveillance Atlas — Croatia Annual Baseline,https://atlas.ecdc.europa.eu/public/index.aspx/,official_ecdc_rest_aggregate
country,hr,hr,Croatia,source_series_observation,HR,Croatia,D128,West Nile virus,西尼罗病毒,Viral,2015-01-01,2015-01,1,1,,,,,,SER_HR_ECDC_WNF_ANNUAL,SER_HR_ECDC_WNF_ANNUAL,SRC_HR_ECDC_ATLAS,West Nile virus infection,case_notifications,ecdc_member_state_reported_aggregate_surveillance,annual,count,country:HR:national,all,exact,conditional,non_additive,active,missing_is_unknown,ECDC_CURRENT_GENERAL_ANNUAL_2026_08,"Croatia annual Member-State reported aggregate cases from the public ECDC Surveillance Atlas; published zeroes are explicit, absent topic/year cells remain unknown, and combined populations are emitted only when every reviewed component is present. Data provided by ECDC based on data reported by EU/EEA Member States.",,raw,True,series_registry,single_series,parity,,SER_HR_ECDC_WNF_ANNUAL,1,The public curve is read directly from one registered source series.,ecdc_atlas_annual,ECDC Surveillance Atlas — Croatia Annual Baseline,https://atlas.ecdc.europa.eu/public/index.aspx/,official_ecdc_rest_aggregate,ecdc_atlas_annual,ECDC Surveillance Atlas — Croatia Annual Baseline,https://atlas.ecdc.europa.eu/public/index.aspx/,official_ecdc_rest_aggregate
country,hr,hr,Croatia,public_projection,HR,Croatia,D144,Creutzfeldt-Jakob disease,克雅氏病,Prion,2015-01-01,2015-01,0,0,,,0.0,wpp_computed,,SER_HR_ECDC_VCJD_ANNUAL,,,,,,annual,,,,,,,,,,,,,,series_registry,single_series,parity,,SER_HR_ECDC_VCJD_ANNUAL,1,The public curve is read directly from one registered source series.,ecdc_atlas_annual,ECDC Surveillance Atlas — Croatia Annual Baseline,https://atlas.ecdc.europa.eu/public/index.aspx/,official_ecdc_rest_aggregate,ecdc_atlas_annual,ECDC Surveillance Atlas — Croatia Annual Baseline,https://atlas.ecdc.europa.eu/public/index.aspx/,official_ecdc_rest_aggregate
country,hr,hr,Croatia,source_series_observation,HR,Croatia,D144,Creutzfeldt-Jakob disease,克雅氏病,Prion,2015-01-01,2015-01,0,0,,,,,,SER_HR_ECDC_VCJD_ANNUAL,SER_HR_ECDC_VCJD_ANNUAL,SRC_HR_ECDC_ATLAS,"Creutzfeldt-Jakob disease, variant",case_notifications,ecdc_member_state_reported_aggregate_surveillance,annual,count,country:HR:national,all,narrower,conditional,non_additive,active,missing_is_unknown,ECDC_CURRENT_GENERAL_ANNUAL_2026_08,"Croatia annual Member-State reported aggregate cases from the public ECDC Surveillance Atlas; published zeroes are explicit, absent topic/year cells remain unknown, and combined populations are emitted only when every reviewed component is present. Data provided by ECDC based on data reported by EU/EEA Member States.",,raw,True,series_registry,single_series,parity,,SER_HR_ECDC_VCJD_ANNUAL,1,The public curve is read directly from one registered source series.,ecdc_atlas_annual,ECDC Surveillance Atlas — Croatia Annual Baseline,https://atlas.ecdc.europa.eu/public/index.aspx/,official_ecdc_rest_aggregate,ecdc_atlas_annual,ECDC Surveillance Atlas — Croatia Annual Baseline,https://atlas.ecdc.europa.eu/public/index.aspx/,official_ecdc_rest_aggregate
country,hr,hr,Croatia,public_projection,HR,Croatia,D155,Yersiniosis,耶尔森菌病,Bacterial,2015-01-01,2015-01,16,16,,,0.38243399398407424,wpp_computed,,SER_HR_ECDC_YERS_ANNUAL,,,,,,annual,,,,,,,,,,,,,,series_registry,single_series,parity,,SER_HR_ECDC_YERS_ANNUAL,1,The public curve is read directly from one registered source series.,ecdc_atlas_annual,ECDC Surveillance Atlas — Croatia Annual Baseline,https://atlas.ecdc.europa.eu/public/index.aspx/,official_ecdc_rest_aggregate,ecdc_atlas_annual,ECDC Surveillance Atlas — Croatia Annual Baseline,https://atlas.ecdc.europa.eu/public/index.aspx/,official_ecdc_rest_aggregate
country,hr,hr,Croatia,source_series_observation,HR,Croatia,D155,Yersiniosis,耶尔森菌病,Bacterial,2015-01-01,2015-01,16,16,,,,,,SER_HR_ECDC_YERS_ANNUAL,SER_HR_ECDC_YERS_ANNUAL,SRC_HR_ECDC_ATLAS,Yersiniosis,case_notifications,ecdc_member_state_reported_aggregate_surveillance,annual,count,country:HR:national,all,exact,conditional,non_additive,active,missing_is_unknown,ECDC_CURRENT_GENERAL_ANNUAL_2026_08,"Croatia annual Member-State reported aggregate cases from the public ECDC Surveillance Atlas; published zeroes are explicit, absent topic/year cells remain unknown, and combined populations are emitted only when every reviewed component is present. Data provided by ECDC based on data reported by EU/EEA Member States.",,raw,True,series_registry,single_series,parity,,SER_HR_ECDC_YERS_ANNUAL,1,The public curve is read directly from one registered source series.,ecdc_atlas_annual,ECDC Surveillance Atlas — Croatia Annual Baseline,https://atlas.ecdc.europa.eu/public/index.aspx/,official_ecdc_rest_aggregate,ecdc_atlas_annual,ECDC Surveillance Atlas — Croatia Annual Baseline,https://atlas.ecdc.europa.eu/public/index.aspx/,official_ecdc_rest_aggregate
country,hr,hr,Croatia,public_projection,HR,Croatia,D162,HIV infection,人类免疫缺乏病毒感染,Viral,2015-01-01,2015-01,117,117,,,2.7965485810085426,wpp_computed,,SER_HR_ECDC_HIV_INFECTION_ANNUAL,,,,,,annual,,,,,,,,,,,,,,series_registry,single_series,parity,,SER_HR_ECDC_HIV_INFECTION_ANNUAL,1,The public curve is read directly from one registered source series.,ecdc_atlas_annual,ECDC Surveillance Atlas — Croatia Annual Baseline,https://atlas.ecdc.europa.eu/public/index.aspx/,official_ecdc_rest_aggregate,ecdc_atlas_annual,ECDC Surveillance Atlas — Croatia Annual Baseline,https://atlas.ecdc.europa.eu/public/index.aspx/,official_ecdc_rest_aggregate
country,hr,hr,Croatia,source_series_observation,HR,Croatia,D162,HIV infection,人类免疫缺乏病毒感染,Viral,2015-01-01,2015-01,117,117,,,,,,SER_HR_ECDC_HIV_INFECTION_ANNUAL,SER_HR_ECDC_HIV_INFECTION_ANNUAL,SRC_HR_ECDC_ATLAS,HIV infection,case_notifications,ecdc_member_state_reported_aggregate_surveillance,annual,count,country:HR:national,all,exact,conditional,non_additive,active,missing_is_unknown,ECDC_CURRENT_GENERAL_ANNUAL_2026_08,"Croatia annual Member-State reported aggregate cases from the public ECDC Surveillance Atlas; published zeroes are explicit, absent topic/year cells remain unknown, and combined populations are emitted only when every reviewed component is present. Data provided by ECDC based on data reported by EU/EEA Member States.",,raw,True,series_registry,single_series,parity,,SER_HR_ECDC_HIV_INFECTION_ANNUAL,1,The public curve is read directly from one registered source series.,ecdc_atlas_annual,ECDC Surveillance Atlas — Croatia Annual Baseline,https://atlas.ecdc.europa.eu/public/index.aspx/,official_ecdc_rest_aggregate,ecdc_atlas_annual,ECDC Surveillance Atlas — Croatia Annual Baseline,https://atlas.ecdc.europa.eu/public/index.aspx/,official_ecdc_rest_aggregate
country,hr,hr,Croatia,public_projection,HR,Croatia,D167,Congenital syphilis,先天性梅毒,Bacterial,2015-01-01,2015-01,0,0,,,0.0,wpp_computed,,SER_HR_ECDC_CONSYPH_ANNUAL,,,,,,annual,,,,,,,,,,,,,,series_registry,single_series,parity,,SER_HR_ECDC_CONSYPH_ANNUAL,1,The public curve is read directly from one registered source series.,ecdc_atlas_annual,ECDC Surveillance Atlas — Croatia Annual Baseline,https://atlas.ecdc.europa.eu/public/index.aspx/,official_ecdc_rest_aggregate,ecdc_atlas_annual,ECDC Surveillance Atlas — Croatia Annual Baseline,https://atlas.ecdc.europa.eu/public/index.aspx/,official_ecdc_rest_aggregate
country,hr,hr,Croatia,source_series_observation,HR,Croatia,D167,Congenital syphilis,先天性梅毒,Bacterial,2015-01-01,2015-01,0,0,,,,,,SER_HR_ECDC_CONSYPH_ANNUAL,SER_HR_ECDC_CONSYPH_ANNUAL,SRC_HR_ECDC_ATLAS,"Syphilis, congenital",case_notifications,ecdc_member_state_reported_aggregate_surveillance,annual,count,country:HR:national,all,exact,conditional,non_additive,active,missing_is_unknown,ECDC_CURRENT_GENERAL_ANNUAL_2026_08,"Croatia annual Member-State reported aggregate cases from the public ECDC Surveillance Atlas; published zeroes are explicit, absent topic/year cells remain unknown, and combined populations are emitted only when every reviewed component is present. Data provided by ECDC based on data reported by EU/EEA Member States.",,raw,True,series_registry,single_series,parity,,SER_HR_ECDC_CONSYPH_ANNUAL,1,The public curve is read directly from one registered source series.,ecdc_atlas_annual,ECDC Surveillance Atlas — Croatia Annual Baseline,https://atlas.ecdc.europa.eu/public/index.aspx/,official_ecdc_rest_aggregate,ecdc_atlas_annual,ECDC Surveillance Atlas — Croatia Annual Baseline,https://atlas.ecdc.europa.eu/public/index.aspx/,official_ecdc_rest_aggregate
country,hr,hr,Croatia,public_projection,HR,Croatia,D173,Rift Valley fever,裂谷热,Viral,2015-01-01,2015-01,0,0,,,0.0,wpp_computed,,SER_HR_ECDC_RIFT_ANNUAL,,,,,,annual,,,,,,,,,,,,,,series_registry,single_series,parity,,SER_HR_ECDC_RIFT_ANNUAL,1,The public curve is read directly from one registered source series.,ecdc_atlas_annual,ECDC Surveillance Atlas — Croatia Annual Baseline,https://atlas.ecdc.europa.eu/public/index.aspx/,official_ecdc_rest_aggregate,ecdc_atlas_annual,ECDC Surveillance Atlas — Croatia Annual Baseline,https://atlas.ecdc.europa.eu/public/index.aspx/,official_ecdc_rest_aggregate
country,hr,hr,Croatia,source_series_observation,HR,Croatia,D173,Rift Valley fever,裂谷热,Viral,2015-01-01,2015-01,0,0,,,,,,SER_HR_ECDC_RIFT_ANNUAL,SER_HR_ECDC_RIFT_ANNUAL,SRC_HR_ECDC_ATLAS,Rift valley fever,case_notifications,ecdc_member_state_reported_aggregate_surveillance,annual,count,country:HR:national,all,exact,conditional,non_additive,active,missing_is_unknown,ECDC_CURRENT_GENERAL_ANNUAL_2026_08,"Croatia annual Member-State reported aggregate cases from the public ECDC Surveillance Atlas; published zeroes are explicit, absent topic/year cells remain unknown, and combined populations are emitted only when every reviewed component is present. Data provided by ECDC based on data reported by EU/EEA Member States.",,raw,True,series_registry,single_series,parity,,SER_HR_ECDC_RIFT_ANNUAL,1,The public curve is read directly from one registered source series.,ecdc_atlas_annual,ECDC Surveillance Atlas — Croatia Annual Baseline,https://atlas.ecdc.europa.eu/public/index.aspx/,official_ecdc_rest_aggregate,ecdc_atlas_annual,ECDC Surveillance Atlas — Croatia Annual Baseline,https://atlas.ecdc.europa.eu/public/index.aspx/,official_ecdc_rest_aggregate
country,hr,hr,Croatia,public_projection,HR,Croatia,D203,Crimean-Congo hemorrhagic fever,克里米亚-刚果出血热,Viral,2015-01-01,2015-01,0,0,,,0.0,wpp_computed,,SER_HR_ECDC_CCHF_ANNUAL,,,,,,annual,,,,,,,,,,,,,,series_registry,single_series,parity,,SER_HR_ECDC_CCHF_ANNUAL,1,The public curve is read directly from one registered source series.,ecdc_atlas_annual,ECDC Surveillance Atlas — Croatia Annual Baseline,https://atlas.ecdc.europa.eu/public/index.aspx/,official_ecdc_rest_aggregate,ecdc_atlas_annual,ECDC Surveillance Atlas — Croatia Annual Baseline,https://atlas.ecdc.europa.eu/public/index.aspx/,official_ecdc_rest_aggregate
country,hr,hr,Croatia,source_series_observation,HR,Croatia,D203,Crimean-Congo hemorrhagic fever,克里米亚-刚果出血热,Viral,2015-01-01,2015-01,0,0,,,,,,SER_HR_ECDC_CCHF_ANNUAL,SER_HR_ECDC_CCHF_ANNUAL,SRC_HR_ECDC_ATLAS,Crimean-Congo haemorrhagic fever,case_notifications,ecdc_member_state_reported_aggregate_surveillance,annual,count,country:HR:national,all,exact,conditional,non_additive,active,missing_is_unknown,ECDC_CURRENT_GENERAL_ANNUAL_2026_08,"Croatia annual Member-State reported aggregate cases from the public ECDC Surveillance Atlas; published zeroes are explicit, absent topic/year cells remain unknown, and combined populations are emitted only when every reviewed component is present. Data provided by ECDC based on data reported by EU/EEA Member States.",,raw,True,series_registry,single_series,parity,,SER_HR_ECDC_CCHF_ANNUAL,1,The public curve is read directly from one registered source series.,ecdc_atlas_annual,ECDC Surveillance Atlas — Croatia Annual Baseline,https://atlas.ecdc.europa.eu/public/index.aspx/,official_ecdc_rest_aggregate,ecdc_atlas_annual,ECDC Surveillance Atlas — Croatia Annual Baseline,https://atlas.ecdc.europa.eu/public/index.aspx/,official_ecdc_rest_aggregate
country,hr,hr,Croatia,public_projection,HR,Croatia,D205,Tick-borne encephalitis,蜱传脑炎,Viral,2015-01-01,2015-01,26,26,,,0.6214552402241207,wpp_computed,,SER_HR_ECDC_TBE_ANNUAL,,,,,,annual,,,,,,,,,,,,,,series_registry,single_series,parity,,SER_HR_ECDC_TBE_ANNUAL,1,The public curve is read directly from one registered source series.,ecdc_atlas_annual,ECDC Surveillance Atlas — Croatia Annual Baseline,https://atlas.ecdc.europa.eu/public/index.aspx/,official_ecdc_rest_aggregate,ecdc_atlas_annual,ECDC Surveillance Atlas — Croatia Annual Baseline,https://atlas.ecdc.europa.eu/public/index.aspx/,official_ecdc_rest_aggregate
country,hr,hr,Croatia,source_series_observation,HR,Croatia,D205,Tick-borne encephalitis,蜱传脑炎,Viral,2015-01-01,2015-01,26,26,,,,,,SER_HR_ECDC_TBE_ANNUAL,SER_HR_ECDC_TBE_ANNUAL,SRC_HR_ECDC_ATLAS,Tick-borne encephalitis,case_notifications,ecdc_member_state_reported_aggregate_surveillance,annual,count,country:HR:national,all,exact,conditional,non_additive,active,missing_is_unknown,ECDC_CURRENT_GENERAL_ANNUAL_2026_08,"Croatia annual Member-State reported aggregate cases from the public ECDC Surveillance Atlas; published zeroes are explicit, absent topic/year cells remain unknown, and combined populations are emitted only when every reviewed component is present. Data provided by ECDC based on data reported by EU/EEA Member States.",,raw,True,series_registry,single_series,parity,,SER_HR_ECDC_TBE_ANNUAL,1,The public curve is read directly from one registered source series.,ecdc_atlas_annual,ECDC Surveillance Atlas — Croatia Annual Baseline,https://atlas.ecdc.europa.eu/public/index.aspx/,official_ecdc_rest_aggregate,ecdc_atlas_annual,ECDC Surveillance Atlas — Croatia Annual Baseline,https://atlas.ecdc.europa.eu/public/index.aspx/,official_ecdc_rest_aggregate
country,hr,hr,Croatia,public_projection,HR,Croatia,D242,Lymphogranuloma venereum,性病性淋巴肉芽肿,Bacterial,2015-01-01,2015-01,0,0,,,0.0,wpp_computed,,SER_HR_ECDC_LGV_ANNUAL,,,,,,annual,,,,,,,,,,,,,,series_registry,single_series,parity,,SER_HR_ECDC_LGV_ANNUAL,1,The public curve is read directly from one registered source series.,ecdc_atlas_annual,ECDC Surveillance Atlas — Croatia Annual Baseline,https://atlas.ecdc.europa.eu/public/index.aspx/,official_ecdc_rest_aggregate,ecdc_atlas_annual,ECDC Surveillance Atlas — Croatia Annual Baseline,https://atlas.ecdc.europa.eu/public/index.aspx/,official_ecdc_rest_aggregate
country,hr,hr,Croatia,source_series_observation,HR,Croatia,D242,Lymphogranuloma venereum,性病性淋巴肉芽肿,Bacterial,2015-01-01,2015-01,0,0,,,,,,SER_HR_ECDC_LGV_ANNUAL,SER_HR_ECDC_LGV_ANNUAL,SRC_HR_ECDC_ATLAS,"Chlamydia infection, lymphogranuloma venereum",case_notifications,ecdc_member_state_reported_aggregate_surveillance,annual,count,country:HR:national,all,exact,conditional,non_additive,active,missing_is_unknown,ECDC_CURRENT_GENERAL_ANNUAL_2026_08,"Croatia annual Member-State reported aggregate cases from the public ECDC Surveillance Atlas; published zeroes are explicit, absent topic/year cells remain unknown, and combined populations are emitted only when every reviewed component is present. Data provided by ECDC based on data reported by EU/EEA Member States.",,raw,True,series_registry,single_series,parity,,SER_HR_ECDC_LGV_ANNUAL,1,The public curve is read directly from one registered source series.,ecdc_atlas_annual,ECDC Surveillance Atlas — Croatia Annual Baseline,https://atlas.ecdc.europa.eu/public/index.aspx/,official_ecdc_rest_aggregate,ecdc_atlas_annual,ECDC Surveillance Atlas — Croatia Annual Baseline,https://atlas.ecdc.europa.eu/public/index.aspx/,official_ecdc_rest_aggregate
country,hr,hr,Croatia,public_projection,HR,Croatia,D001,Plague,鼠疫,Bacterial,2016-01-01,2016-01,0,0,,,0.0,wpp_computed,,SER_HR_ECDC_PLAG_ANNUAL,,,,,,annual,,,,,,,,,,,,,,series_registry,single_series,parity,,SER_HR_ECDC_PLAG_ANNUAL,1,The public curve is read directly from one registered source series.,ecdc_atlas_annual,ECDC Surveillance Atlas — Croatia Annual Baseline,https://atlas.ecdc.europa.eu/public/index.aspx/,official_ecdc_rest_aggregate,ecdc_atlas_annual,ECDC Surveillance Atlas — Croatia Annual Baseline,https://atlas.ecdc.europa.eu/public/index.aspx/,official_ecdc_rest_aggregate
country,hr,hr,Croatia,source_series_observation,HR,Croatia,D001,Plague,鼠疫,Bacterial,2016-01-01,2016-01,0,0,,,,,,SER_HR_ECDC_PLAG_ANNUAL,SER_HR_ECDC_PLAG_ANNUAL,SRC_HR_ECDC_ATLAS,Plague,case_notifications,ecdc_member_state_reported_aggregate_surveillance,annual,count,country:HR:national,all,exact,conditional,non_additive,active,missing_is_unknown,ECDC_CURRENT_GENERAL_ANNUAL_2026_08,"Croatia annual Member-State reported aggregate cases from the public ECDC Surveillance Atlas; published zeroes are explicit, absent topic/year cells remain unknown, and combined populations are emitted only when every reviewed component is present. Data provided by ECDC based on data reported by EU/EEA Member States.",,raw,True,series_registry,single_series,parity,,SER_HR_ECDC_PLAG_ANNUAL,1,The public curve is read directly from one registered source series.,ecdc_atlas_annual,ECDC Surveillance Atlas — Croatia Annual Baseline,https://atlas.ecdc.europa.eu/public/index.aspx/,official_ecdc_rest_aggregate,ecdc_atlas_annual,ECDC Surveillance Atlas — Croatia Annual Baseline,https://atlas.ecdc.europa.eu/public/index.aspx/,official_ecdc_rest_aggregate
country,hr,hr,Croatia,public_projection,HR,Croatia,D002,Cholera,霍乱,Bacterial,2016-01-01,2016-01,0,0,,,0.0,wpp_computed,,SER_HR_ECDC_CHOL_ANNUAL,,,,,,annual,,,,,,,,,,,,,,series_registry,single_series,parity,,SER_HR_ECDC_CHOL_ANNUAL,1,The public curve is read directly from one registered source series.,ecdc_atlas_annual,ECDC Surveillance Atlas — Croatia Annual Baseline,https://atlas.ecdc.europa.eu/public/index.aspx/,official_ecdc_rest_aggregate,ecdc_atlas_annual,ECDC Surveillance Atlas — Croatia Annual Baseline,https://atlas.ecdc.europa.eu/public/index.aspx/,official_ecdc_rest_aggregate
country,hr,hr,Croatia,source_series_observation,HR,Croatia,D002,Cholera,霍乱,Bacterial,2016-01-01,2016-01,0,0,,,,,,SER_HR_ECDC_CHOL_ANNUAL,SER_HR_ECDC_CHOL_ANNUAL,SRC_HR_ECDC_ATLAS,Cholera,case_notifications,ecdc_member_state_reported_aggregate_surveillance,annual,count,country:HR:national,all,exact,conditional,non_additive,active,missing_is_unknown,ECDC_CURRENT_GENERAL_ANNUAL_2026_08,"Croatia annual Member-State reported aggregate cases from the public ECDC Surveillance Atlas; published zeroes are explicit, absent topic/year cells remain unknown, and combined populations are emitted only when every reviewed component is present. Data provided by ECDC based on data reported by EU/EEA Member States.",,raw,True,series_registry,single_series,parity,,SER_HR_ECDC_CHOL_ANNUAL,1,The public curve is read directly from one registered source series.,ecdc_atlas_annual,ECDC Surveillance Atlas — Croatia Annual Baseline,https://atlas.ecdc.europa.eu/public/index.aspx/,official_ecdc_rest_aggregate,ecdc_atlas_annual,ECDC Surveillance Atlas — Croatia Annual Baseline,https://atlas.ecdc.europa.eu/public/index.aspx/,official_ecdc_rest_aggregate
country,hr,hr,Croatia,public_projection,HR,Croatia,D005,AIDS,艾滋病,Viral,2016-01-01,2016-01,22,22,,,0.5318578629201631,wpp_computed,,SER_HR_ECDC_AIDS_ANNUAL,,,,,,annual,,,,,,,,,,,,,,series_registry,single_series,parity,,SER_HR_ECDC_AIDS_ANNUAL,1,The public curve is read directly from one registered source series.,ecdc_atlas_annual,ECDC Surveillance Atlas — Croatia Annual Baseline,https://atlas.ecdc.europa.eu/public/index.aspx/,official_ecdc_rest_aggregate,ecdc_atlas_annual,ECDC Surveillance Atlas — Croatia Annual Baseline,https://atlas.ecdc.europa.eu/public/index.aspx/,official_ecdc_rest_aggregate
country,hr,hr,Croatia,source_series_observation,HR,Croatia,D005,AIDS,艾滋病,Viral,2016-01-01,2016-01,22,22,,,,,,SER_HR_ECDC_AIDS_ANNUAL,SER_HR_ECDC_AIDS_ANNUAL,SRC_HR_ECDC_ATLAS,AIDS,case_notifications,ecdc_member_state_reported_aggregate_surveillance,annual,count,country:HR:national,all,exact,conditional,non_additive,active,missing_is_unknown,ECDC_CURRENT_GENERAL_ANNUAL_2026_08,"Croatia annual Member-State reported aggregate cases from the public ECDC Surveillance Atlas; published zeroes are explicit, absent topic/year cells remain unknown, and combined populations are emitted only when every reviewed component is present. Data provided by ECDC based on data reported by EU/EEA Member States.",,raw,True,series_registry,single_series,parity,,SER_HR_ECDC_AIDS_ANNUAL,1,The public curve is read directly from one registered source series.,ecdc_atlas_annual,ECDC Surveillance Atlas — Croatia Annual Baseline,https://atlas.ecdc.europa.eu/public/index.aspx/,official_ecdc_rest_aggregate,ecdc_atlas_annual,ECDC Surveillance Atlas — Croatia Annual Baseline,https://atlas.ecdc.europa.eu/public/index.aspx/,official_ecdc_rest_aggregate
country,hr,hr,Croatia,public_projection,HR,Croatia,D007,Hepatitis A,甲型肝炎,Viral,2016-01-01,2016-01,5,5,,,0.12087678702730979,wpp_computed,,SER_HR_ECDC_HEPA_ANNUAL,,,,,,annual,,,,,,,,,,,,,,series_registry,single_series,parity,,SER_HR_ECDC_HEPA_ANNUAL,1,The public curve is read directly from one registered source series.,ecdc_atlas_annual,ECDC Surveillance Atlas — Croatia Annual Baseline,https://atlas.ecdc.europa.eu/public/index.aspx/,official_ecdc_rest_aggregate,ecdc_atlas_annual,ECDC Surveillance Atlas — Croatia Annual Baseline,https://atlas.ecdc.europa.eu/public/index.aspx/,official_ecdc_rest_aggregate
country,hr,hr,Croatia,source_series_observation,HR,Croatia,D007,Hepatitis A,甲型肝炎,Viral,2016-01-01,2016-01,5,5,,,,,,SER_HR_ECDC_HEPA_ANNUAL,SER_HR_ECDC_HEPA_ANNUAL,SRC_HR_ECDC_ATLAS,Hepatitis A,case_notifications,ecdc_member_state_reported_aggregate_surveillance,annual,count,country:HR:national,all,exact,conditional,non_additive,active,missing_is_unknown,ECDC_CURRENT_GENERAL_ANNUAL_2026_08,"Croatia annual Member-State reported aggregate cases from the public ECDC Surveillance Atlas; published zeroes are explicit, absent topic/year cells remain unknown, and combined populations are emitted only when every reviewed component is present. Data provided by ECDC based on data reported by EU/EEA Member States.",,raw,True,series_registry,single_series,parity,,SER_HR_ECDC_HEPA_ANNUAL,1,The public curve is read directly from one registered source series.,ecdc_atlas_annual,ECDC Surveillance Atlas — Croatia Annual Baseline,https://atlas.ecdc.europa.eu/public/index.aspx/,official_ecdc_rest_aggregate,ecdc_atlas_annual,ECDC Surveillance Atlas — Croatia Annual Baseline,https://atlas.ecdc.europa.eu/public/index.aspx/,official_ecdc_rest_aggregate
country,hr,hr,Croatia,public_projection,HR,Croatia,D009,Hepatitis C,丙型肝炎,Viral,2016-01-01,2016-01,186,186,,,4.496616477415924,wpp_computed,,SER_HR_ECDC_HEPC_ANNUAL,,,,,,annual,,,,,,,,,,,,,,series_registry,single_series,parity,,SER_HR_ECDC_HEPC_ANNUAL,1,The public curve is read directly from one registered source series.,ecdc_atlas_annual,ECDC Surveillance Atlas — Croatia Annual Baseline,https://atlas.ecdc.europa.eu/public/index.aspx/,official_ecdc_rest_aggregate,ecdc_atlas_annual,ECDC Surveillance Atlas — Croatia Annual Baseline,https://atlas.ecdc.europa.eu/public/index.aspx/,official_ecdc_rest_aggregate
country,hr,hr,Croatia,source_series_observation,HR,Croatia,D009,Hepatitis C,丙型肝炎,Viral,2016-01-01,2016-01,186,186,,,,,,SER_HR_ECDC_HEPC_ANNUAL,SER_HR_ECDC_HEPC_ANNUAL,SRC_HR_ECDC_ATLAS,Hepatitis C,case_notifications,ecdc_member_state_reported_aggregate_surveillance,annual,count,country:HR:national,all,exact,conditional,non_additive,active,missing_is_unknown,ECDC_CURRENT_GENERAL_ANNUAL_2026_08,"Croatia annual Member-State reported aggregate cases from the public ECDC Surveillance Atlas; published zeroes are explicit, absent topic/year cells remain unknown, and combined populations are emitted only when every reviewed component is present. Data provided by ECDC based on data reported by EU/EEA Member States.",,raw,True,series_registry,single_series,parity,,SER_HR_ECDC_HEPC_ANNUAL,1,The public curve is read directly from one registered source series.,ecdc_atlas_annual,ECDC Surveillance Atlas — Croatia Annual Baseline,https://atlas.ecdc.europa.eu/public/index.aspx/,official_ecdc_rest_aggregate,ecdc_atlas_annual,ECDC Surveillance Atlas — Croatia Annual Baseline,https://atlas.ecdc.europa.eu/public/index.aspx/,official_ecdc_rest_aggregate
country,hr,hr,Croatia,public_projection,HR,Croatia,D017,Measles,麻疹,Viral,2016-01-01,2016-01,4,4,,,0.09670142962184784,wpp_computed,,SER_HR_ECDC_MEAS_ANNUAL,,,,,,annual,,,,,,,,,,,,,,series_registry,single_series,parity,,SER_HR_ECDC_MEAS_ANNUAL,1,The public curve is read directly from one registered source series.,ecdc_atlas_annual,ECDC Surveillance Atlas — Croatia Annual Baseline,https://atlas.ecdc.europa.eu/public/index.aspx/,official_ecdc_rest_aggregate,ecdc_atlas_annual,ECDC Surveillance Atlas — Croatia Annual Baseline,https://atlas.ecdc.europa.eu/public/index.aspx/,official_ecdc_rest_aggregate
country,hr,hr,Croatia,source_series_observation,HR,Croatia,D017,Measles,麻疹,Viral,2016-01-01,2016-01,4,4,,,,,,SER_HR_ECDC_MEAS_ANNUAL,SER_HR_ECDC_MEAS_ANNUAL,SRC_HR_ECDC_ATLAS,Measles,case_notifications,ecdc_member_state_reported_aggregate_surveillance,annual,count,country:HR:national,all,exact,conditional,non_additive,active,missing_is_unknown,ECDC_CURRENT_GENERAL_ANNUAL_2026_08,"Croatia annual Member-State reported aggregate cases from the public ECDC Surveillance Atlas; published zeroes are explicit, absent topic/year cells remain unknown, and combined populations are emitted only when every reviewed component is present. Data provided by ECDC based on data reported by EU/EEA Member States.",,raw,True,series_registry,single_series,parity,,SER_HR_ECDC_MEAS_ANNUAL,1,The public curve is read directly from one registered source series.,ecdc_atlas_annual,ECDC Surveillance Atlas — Croatia Annual Baseline,https://atlas.ecdc.europa.eu/public/index.aspx/,official_ecdc_rest_aggregate,ecdc_atlas_annual,ECDC Surveillance Atlas — Croatia Annual Baseline,https://atlas.ecdc.europa.eu/public/index.aspx/,official_ecdc_rest_aggregate
country,hr,hr,Croatia,public_projection,HR,Croatia,D019,Rabies,狂犬病,Viral,2016-01-01,2016-01,0,0,,,0.0,wpp_computed,,SER_HR_ECDC_RABI_ANNUAL,,,,,,annual,,,,,,,,,,,,,,series_registry,single_series,parity,,SER_HR_ECDC_RABI_ANNUAL,1,The public curve is read directly from one registered source series.,ecdc_atlas_annual,ECDC Surveillance Atlas — Croatia Annual Baseline,https://atlas.ecdc.europa.eu/public/index.aspx/,official_ecdc_rest_aggregate,ecdc_atlas_annual,ECDC Surveillance Atlas — Croatia Annual Baseline,https://atlas.ecdc.europa.eu/public/index.aspx/,official_ecdc_rest_aggregate
country,hr,hr,Croatia,source_series_observation,HR,Croatia,D019,Rabies,狂犬病,Viral,2016-01-01,2016-01,0,0,,,,,,SER_HR_ECDC_RABI_ANNUAL,SER_HR_ECDC_RABI_ANNUAL,SRC_HR_ECDC_ATLAS,Rabies,case_notifications,ecdc_member_state_reported_aggregate_surveillance,annual,count,country:HR:national,all,exact,conditional,non_additive,active,missing_is_unknown,ECDC_CURRENT_GENERAL_ANNUAL_2026_08,"Croatia annual Member-State reported aggregate cases from the public ECDC Surveillance Atlas; published zeroes are explicit, absent topic/year cells remain unknown, and combined populations are emitted only when every reviewed component is present. Data provided by ECDC based on data reported by EU/EEA Member States.",,raw,True,series_registry,single_series,parity,,SER_HR_ECDC_RABI_ANNUAL,1,The public curve is read directly from one registered source series.,ecdc_atlas_annual,ECDC Surveillance Atlas — Croatia Annual Baseline,https://atlas.ecdc.europa.eu/public/index.aspx/,official_ecdc_rest_aggregate,ecdc_atlas_annual,ECDC Surveillance Atlas — Croatia Annual Baseline,https://atlas.ecdc.europa.eu/public/index.aspx/,official_ecdc_rest_aggregate
country,hr,hr,Croatia,public_projection,HR,Croatia,D021,Dengue,登革热,Viral,2016-01-01,2016-01,2,2,,,0.04835071481092392,wpp_computed,,SER_HR_ECDC_DENGUE_ANNUAL,,,,,,annual,,,,,,,,,,,,,,series_registry,single_series,parity,,SER_HR_ECDC_DENGUE_ANNUAL,1,The public curve is read directly from one registered source series.,ecdc_atlas_annual,ECDC Surveillance Atlas — Croatia Annual Baseline,https://atlas.ecdc.europa.eu/public/index.aspx/,official_ecdc_rest_aggregate,ecdc_atlas_annual,ECDC Surveillance Atlas — Croatia Annual Baseline,https://atlas.ecdc.europa.eu/public/index.aspx/,official_ecdc_rest_aggregate
country,hr,hr,Croatia,source_series_observation,HR,Croatia,D021,Dengue,登革热,Viral,2016-01-01,2016-01,2,2,,,,,,SER_HR_ECDC_DENGUE_ANNUAL,SER_HR_ECDC_DENGUE_ANNUAL,SRC_HR_ECDC_ATLAS,Dengue,case_notifications,ecdc_member_state_reported_aggregate_surveillance,annual,count,country:HR:national,all,exact,conditional,non_additive,active,missing_is_unknown,ECDC_CURRENT_GENERAL_ANNUAL_2026_08,"Croatia annual Member-State reported aggregate cases from the public ECDC Surveillance Atlas; published zeroes are explicit, absent topic/year cells remain unknown, and combined populations are emitted only when every reviewed component is present. Data provided by ECDC based on data reported by EU/EEA Member States.",,raw,True,series_registry,single_series,parity,,SER_HR_ECDC_DENGUE_ANNUAL,1,The public curve is read directly from one registered source series.,ecdc_atlas_annual,ECDC Surveillance Atlas — Croatia Annual Baseline,https://atlas.ecdc.europa.eu/public/index.aspx/,official_ecdc_rest_aggregate,ecdc_atlas_annual,ECDC Surveillance Atlas — Croatia Annual Baseline,https://atlas.ecdc.europa.eu/public/index.aspx/,official_ecdc_rest_aggregate
country,hr,hr,Croatia,public_projection,HR,Croatia,D023,Anthrax,炭疽,Bacterial,2016-01-01,2016-01,0,0,,,0.0,wpp_computed,,SER_HR_ECDC_ANTH_ANNUAL,,,,,,annual,,,,,,,,,,,,,,series_registry,single_series,parity,,SER_HR_ECDC_ANTH_ANNUAL,1,The public curve is read directly from one registered source series.,ecdc_atlas_annual,ECDC Surveillance Atlas — Croatia Annual Baseline,https://atlas.ecdc.europa.eu/public/index.aspx/,official_ecdc_rest_aggregate,ecdc_atlas_annual,ECDC Surveillance Atlas — Croatia Annual Baseline,https://atlas.ecdc.europa.eu/public/index.aspx/,official_ecdc_rest_aggregate
country,hr,hr,Croatia,source_series_observation,HR,Croatia,D023,Anthrax,炭疽,Bacterial,2016-01-01,2016-01,0,0,,,,,,SER_HR_ECDC_ANTH_ANNUAL,SER_HR_ECDC_ANTH_ANNUAL,SRC_HR_ECDC_ATLAS,Anthrax,case_notifications,ecdc_member_state_reported_aggregate_surveillance,annual,count,country:HR:national,all,exact,conditional,non_additive,active,missing_is_unknown,ECDC_CURRENT_GENERAL_ANNUAL_2026_08,"Croatia annual Member-State reported aggregate cases from the public ECDC Surveillance Atlas; published zeroes are explicit, absent topic/year cells remain unknown, and combined populations are emitted only when every reviewed component is present. Data provided by ECDC based on data reported by EU/EEA Member States.",,raw,True,series_registry,single_series,parity,,SER_HR_ECDC_ANTH_ANNUAL,1,The public curve is read directly from one registered source series.,ecdc_atlas_annual,ECDC Surveillance Atlas — Croatia Annual Baseline,https://atlas.ecdc.europa.eu/public/index.aspx/,official_ecdc_rest_aggregate,ecdc_atlas_annual,ECDC Surveillance Atlas — Croatia Annual Baseline,https://atlas.ecdc.europa.eu/public/index.aspx/,official_ecdc_rest_aggregate
country,hr,hr,Croatia,public_projection,HR,Croatia,D025,Tuberculosis,肺结核,Bacterial,2016-01-01,2016-01,464,464,,,11.21736583613435,wpp_computed,,SER_HR_ECDC_TUBE_ANNUAL,,,,,,annual,,,,,,,,,,,,,,series_registry,single_series,parity,,SER_HR_ECDC_TUBE_ANNUAL,1,The public curve is read directly from one registered source series.,ecdc_atlas_annual,ECDC Surveillance Atlas — Croatia Annual Baseline,https://atlas.ecdc.europa.eu/public/index.aspx/,official_ecdc_rest_aggregate,ecdc_atlas_annual,ECDC Surveillance Atlas — Croatia Annual Baseline,https://atlas.ecdc.europa.eu/public/index.aspx/,official_ecdc_rest_aggregate
country,hr,hr,Croatia,source_series_observation,HR,Croatia,D025,Tuberculosis,肺结核,Bacterial,2016-01-01,2016-01,464,464,,,,,,SER_HR_ECDC_TUBE_ANNUAL,SER_HR_ECDC_TUBE_ANNUAL,SRC_HR_ECDC_ATLAS,Tuberculosis,case_notifications,ecdc_member_state_reported_aggregate_surveillance,annual,count,country:HR:national,all,exact,conditional,non_additive,active,missing_is_unknown,ECDC_CURRENT_GENERAL_ANNUAL_2026_08,"Croatia annual Member-State reported aggregate cases from the public ECDC Surveillance Atlas; published zeroes are explicit, absent topic/year cells remain unknown, and combined populations are emitted only when every reviewed component is present. Data provided by ECDC based on data reported by EU/EEA Member States.",,raw,True,series_registry,single_series,parity,,SER_HR_ECDC_TUBE_ANNUAL,1,The public curve is read directly from one registered source series.,ecdc_atlas_annual,ECDC Surveillance Atlas — Croatia Annual Baseline,https://atlas.ecdc.europa.eu/public/index.aspx/,official_ecdc_rest_aggregate,ecdc_atlas_annual,ECDC Surveillance Atlas — Croatia Annual Baseline,https://atlas.ecdc.europa.eu/public/index.aspx/,official_ecdc_rest_aggregate
country,hr,hr,Croatia,public_projection,HR,Croatia,D028,Pertussis,百日咳,Bacterial,2016-01-01,2016-01,122,122,,,2.9493936034663593,wpp_computed,,SER_HR_ECDC_PERT_ANNUAL,,,,,,annual,,,,,,,,,,,,,,series_registry,single_series,parity,,SER_HR_ECDC_PERT_ANNUAL,1,The public curve is read directly from one registered source series.,ecdc_atlas_annual,ECDC Surveillance Atlas — Croatia Annual Baseline,https://atlas.ecdc.europa.eu/public/index.aspx/,official_ecdc_rest_aggregate,ecdc_atlas_annual,ECDC Surveillance Atlas — Croatia Annual Baseline,https://atlas.ecdc.europa.eu/public/index.aspx/,official_ecdc_rest_aggregate
country,hr,hr,Croatia,source_series_observation,HR,Croatia,D028,Pertussis,百日咳,Bacterial,2016-01-01,2016-01,122,122,,,,,,SER_HR_ECDC_PERT_ANNUAL,SER_HR_ECDC_PERT_ANNUAL,SRC_HR_ECDC_ATLAS,Pertussis,case_notifications,ecdc_member_state_reported_aggregate_surveillance,annual,count,country:HR:national,all,exact,conditional,non_additive,active,missing_is_unknown,ECDC_CURRENT_GENERAL_ANNUAL_2026_08,"Croatia annual Member-State reported aggregate cases from the public ECDC Surveillance Atlas; published zeroes are explicit, absent topic/year cells remain unknown, and combined populations are emitted only when every reviewed component is present. Data provided by ECDC based on data reported by EU/EEA Member States.",,raw,True,series_registry,single_series,parity,,SER_HR_ECDC_PERT_ANNUAL,1,The public curve is read directly from one registered source series.,ecdc_atlas_annual,ECDC Surveillance Atlas — Croatia Annual Baseline,https://atlas.ecdc.europa.eu/public/index.aspx/,official_ecdc_rest_aggregate,ecdc_atlas_annual,ECDC Surveillance Atlas — Croatia Annual Baseline,https://atlas.ecdc.europa.eu/public/index.aspx/,official_ecdc_rest_aggregate
country,hr,hr,Croatia,public_projection,HR,Croatia,D032,Brucellosis,布鲁氏菌病,Bacterial,2016-01-01,2016-01,2,2,,,0.04835071481092392,wpp_computed,,SER_HR_ECDC_BRUC_ANNUAL,,,,,,annual,,,,,,,,,,,,,,series_registry,single_series,parity,,SER_HR_ECDC_BRUC_ANNUAL,1,The public curve is read directly from one registered source series.,ecdc_atlas_annual,ECDC Surveillance Atlas — Croatia Annual Baseline,https://atlas.ecdc.europa.eu/public/index.aspx/,official_ecdc_rest_aggregate,ecdc_atlas_annual,ECDC Surveillance Atlas — Croatia Annual Baseline,https://atlas.ecdc.europa.eu/public/index.aspx/,official_ecdc_rest_aggregate
country,hr,hr,Croatia,source_series_observation,HR,Croatia,D032,Brucellosis,布鲁氏菌病,Bacterial,2016-01-01,2016-01,2,2,,,,,,SER_HR_ECDC_BRUC_ANNUAL,SER_HR_ECDC_BRUC_ANNUAL,SRC_HR_ECDC_ATLAS,Brucellosis,case_notifications,ecdc_member_state_reported_aggregate_surveillance,annual,count,country:HR:national,all,exact,conditional,non_additive,active,missing_is_unknown,ECDC_CURRENT_GENERAL_ANNUAL_2026_08,"Croatia annual Member-State reported aggregate cases from the public ECDC Surveillance Atlas; published zeroes are explicit, absent topic/year cells remain unknown, and combined populations are emitted only when every reviewed component is present. Data provided by ECDC based on data reported by EU/EEA Member States.",,raw,True,series_registry,single_series,parity,,SER_HR_ECDC_BRUC_ANNUAL,1,The public curve is read directly from one registered source series.,ecdc_atlas_annual,ECDC Surveillance Atlas — Croatia Annual Baseline,https://atlas.ecdc.europa.eu/public/index.aspx/,official_ecdc_rest_aggregate,ecdc_atlas_annual,ECDC Surveillance Atlas — Croatia Annual Baseline,https://atlas.ecdc.europa.eu/public/index.aspx/,official_ecdc_rest_aggregate
country,hr,hr,Croatia,public_projection,HR,Croatia,D033,Gonorrhea,淋病,Bacterial,2016-01-01,2016-01,12,12,,,0.2901042888655435,wpp_computed,,SER_HR_ECDC_GONO_ANNUAL,,,,,,annual,,,,,,,,,,,,,,series_registry,single_series,parity,,SER_HR_ECDC_GONO_ANNUAL,1,The public curve is read directly from one registered source series.,ecdc_atlas_annual,ECDC Surveillance Atlas — Croatia Annual Baseline,https://atlas.ecdc.europa.eu/public/index.aspx/,official_ecdc_rest_aggregate,ecdc_atlas_annual,ECDC Surveillance Atlas — Croatia Annual Baseline,https://atlas.ecdc.europa.eu/public/index.aspx/,official_ecdc_rest_aggregate
country,hr,hr,Croatia,source_series_observation,HR,Croatia,D033,Gonorrhea,淋病,Bacterial,2016-01-01,2016-01,12,12,,,,,,SER_HR_ECDC_GONO_ANNUAL,SER_HR_ECDC_GONO_ANNUAL,SRC_HR_ECDC_ATLAS,Gonorrhoea,case_notifications,ecdc_member_state_reported_aggregate_surveillance,annual,count,country:HR:national,all,exact,conditional,non_additive,active,missing_is_unknown,ECDC_CURRENT_GENERAL_ANNUAL_2026_08,"Croatia annual Member-State reported aggregate cases from the public ECDC Surveillance Atlas; published zeroes are explicit, absent topic/year cells remain unknown, and combined populations are emitted only when every reviewed component is present. Data provided by ECDC based on data reported by EU/EEA Member States.",,raw,True,series_registry,single_series,parity,,SER_HR_ECDC_GONO_ANNUAL,1,The public curve is read directly from one registered source series.,ecdc_atlas_annual,ECDC Surveillance Atlas — Croatia Annual Baseline,https://atlas.ecdc.europa.eu/public/index.aspx/,official_ecdc_rest_aggregate,ecdc_atlas_annual,ECDC Surveillance Atlas — Croatia Annual Baseline,https://atlas.ecdc.europa.eu/public/index.aspx/,official_ecdc_rest_aggregate
country,hr,hr,Croatia,public_projection,HR,Croatia,D034,Syphilis,梅毒,Bacterial,2016-01-01,2016-01,27,27,,,0.6527346499474729,wpp_computed,,SER_HR_ECDC_SYPH_ANNUAL,,,,,,annual,,,,,,,,,,,,,,series_registry,single_series,parity,,SER_HR_ECDC_SYPH_ANNUAL,1,The public curve is read directly from one registered source series.,ecdc_atlas_annual,ECDC Surveillance Atlas — Croatia Annual Baseline,https://atlas.ecdc.europa.eu/public/index.aspx/,official_ecdc_rest_aggregate,ecdc_atlas_annual,ECDC Surveillance Atlas — Croatia Annual Baseline,https://atlas.ecdc.europa.eu/public/index.aspx/,official_ecdc_rest_aggregate
country,hr,hr,Croatia,source_series_observation,HR,Croatia,D034,Syphilis,梅毒,Bacterial,2016-01-01,2016-01,27,27,,,,,,SER_HR_ECDC_SYPH_ANNUAL,SER_HR_ECDC_SYPH_ANNUAL,SRC_HR_ECDC_ATLAS,Syphilis,case_notifications,ecdc_member_state_reported_aggregate_surveillance,annual,count,country:HR:national,all,exact,conditional,non_additive,active,missing_is_unknown,ECDC_CURRENT_GENERAL_ANNUAL_2026_08,"Croatia annual Member-State reported aggregate cases from the public ECDC Surveillance Atlas; published zeroes are explicit, absent topic/year cells remain unknown, and combined populations are emitted only when every reviewed component is present. Data provided by ECDC based on data reported by EU/EEA Member States.",,raw,True,series_registry,single_series,parity,,SER_HR_ECDC_SYPH_ANNUAL,1,The public curve is read directly from one registered source series.,ecdc_atlas_annual,ECDC Surveillance Atlas — Croatia Annual Baseline,https://atlas.ecdc.europa.eu/public/index.aspx/,official_ecdc_rest_aggregate,ecdc_atlas_annual,ECDC Surveillance Atlas — Croatia Annual Baseline,https://atlas.ecdc.europa.eu/public/index.aspx/,official_ecdc_rest_aggregate
country,hr,hr,Croatia,public_projection,HR,Croatia,D035,Leptospirosis,钩端螺旋体病,Bacterial,2016-01-01,2016-01,11,11,,,0.26592893146008156,wpp_computed,,SER_HR_ECDC_LEPT_ANNUAL,,,,,,annual,,,,,,,,,,,,,,series_registry,single_series,parity,,SER_HR_ECDC_LEPT_ANNUAL,1,The public curve is read directly from one registered source series.,ecdc_atlas_annual,ECDC Surveillance Atlas — Croatia Annual Baseline,https://atlas.ecdc.europa.eu/public/index.aspx/,official_ecdc_rest_aggregate,ecdc_atlas_annual,ECDC Surveillance Atlas — Croatia Annual Baseline,https://atlas.ecdc.europa.eu/public/index.aspx/,official_ecdc_rest_aggregate
country,hr,hr,Croatia,source_series_observation,HR,Croatia,D035,Leptospirosis,钩端螺旋体病,Bacterial,2016-01-01,2016-01,11,11,,,,,,SER_HR_ECDC_LEPT_ANNUAL,SER_HR_ECDC_LEPT_ANNUAL,SRC_HR_ECDC_ATLAS,Leptospirosis,case_notifications,ecdc_member_state_reported_aggregate_surveillance,annual,count,country:HR:national,all,exact,conditional,non_additive,active,missing_is_unknown,ECDC_CURRENT_GENERAL_ANNUAL_2026_08,"Croatia annual Member-State reported aggregate cases from the public ECDC Surveillance Atlas; published zeroes are explicit, absent topic/year cells remain unknown, and combined populations are emitted only when every reviewed component is present. Data provided by ECDC based on data reported by EU/EEA Member States.",,raw,True,series_registry,single_series,parity,,SER_HR_ECDC_LEPT_ANNUAL,1,The public curve is read directly from one registered source series.,ecdc_atlas_annual,ECDC Surveillance Atlas — Croatia Annual Baseline,https://atlas.ecdc.europa.eu/public/index.aspx/,official_ecdc_rest_aggregate,ecdc_atlas_annual,ECDC Surveillance Atlas — Croatia Annual Baseline,https://atlas.ecdc.europa.eu/public/index.aspx/,official_ecdc_rest_aggregate
country,hr,hr,Croatia,public_projection,HR,Croatia,D037,Malaria,疟疾,Parasitic,2016-01-01,2016-01,4,4,,,0.09670142962184784,wpp_computed,,SER_HR_ECDC_MALA_ANNUAL,,,,,,annual,,,,,,,,,,,,,,series_registry,single_series,parity,,SER_HR_ECDC_MALA_ANNUAL,1,The public curve is read directly from one registered source series.,ecdc_atlas_annual,ECDC Surveillance Atlas — Croatia Annual Baseline,https://atlas.ecdc.europa.eu/public/index.aspx/,official_ecdc_rest_aggregate,ecdc_atlas_annual,ECDC Surveillance Atlas — Croatia Annual Baseline,https://atlas.ecdc.europa.eu/public/index.aspx/,official_ecdc_rest_aggregate
country,hr,hr,Croatia,source_series_observation,HR,Croatia,D037,Malaria,疟疾,Parasitic,2016-01-01,2016-01,4,4,,,,,,SER_HR_ECDC_MALA_ANNUAL,SER_HR_ECDC_MALA_ANNUAL,SRC_HR_ECDC_ATLAS,Malaria,case_notifications,ecdc_member_state_reported_aggregate_surveillance,annual,count,country:HR:national,all,exact,conditional,non_additive,active,missing_is_unknown,ECDC_CURRENT_GENERAL_ANNUAL_2026_08,"Croatia annual Member-State reported aggregate cases from the public ECDC Surveillance Atlas; published zeroes are explicit, absent topic/year cells remain unknown, and combined populations are emitted only when every reviewed component is present. Data provided by ECDC based on data reported by EU/EEA Member States.",,raw,True,series_registry,single_series,parity,,SER_HR_ECDC_MALA_ANNUAL,1,The public curve is read directly from one registered source series.,ecdc_atlas_annual,ECDC Surveillance Atlas — Croatia Annual Baseline,https://atlas.ecdc.europa.eu/public/index.aspx/,official_ecdc_rest_aggregate,ecdc_atlas_annual,ECDC Surveillance Atlas — Croatia Annual Baseline,https://atlas.ecdc.europa.eu/public/index.aspx/,official_ecdc_rest_aggregate
country,hr,hr,Croatia,public_projection,HR,Croatia,D039,Mumps,流行性腮腺炎,Viral,2016-01-01,2016-01,27,27,,,0.6527346499474729,wpp_computed,,SER_HR_ECDC_MUMP_ANNUAL,,,,,,annual,,,,,,,,,,,,,,series_registry,single_series,parity,,SER_HR_ECDC_MUMP_ANNUAL,1,The public curve is read directly from one registered source series.,ecdc_atlas_annual,ECDC Surveillance Atlas — Croatia Annual Baseline,https://atlas.ecdc.europa.eu/public/index.aspx/,official_ecdc_rest_aggregate,ecdc_atlas_annual,ECDC Surveillance Atlas — Croatia Annual Baseline,https://atlas.ecdc.europa.eu/public/index.aspx/,official_ecdc_rest_aggregate
country,hr,hr,Croatia,source_series_observation,HR,Croatia,D039,Mumps,流行性腮腺炎,Viral,2016-01-01,2016-01,27,27,,,,,,SER_HR_ECDC_MUMP_ANNUAL,SER_HR_ECDC_MUMP_ANNUAL,SRC_HR_ECDC_ATLAS,Mumps,case_notifications,ecdc_member_state_reported_aggregate_surveillance,annual,count,country:HR:national,all,exact,conditional,non_additive,active,missing_is_unknown,ECDC_CURRENT_GENERAL_ANNUAL_2026_08,"Croatia annual Member-State reported aggregate cases from the public ECDC Surveillance Atlas; published zeroes are explicit, absent topic/year cells remain unknown, and combined populations are emitted only when every reviewed component is present. Data provided by ECDC based on data reported by EU/EEA Member States.",,raw,True,series_registry,single_series,parity,,SER_HR_ECDC_MUMP_ANNUAL,1,The public curve is read directly from one registered source series.,ecdc_atlas_annual,ECDC Surveillance Atlas — Croatia Annual Baseline,https://atlas.ecdc.europa.eu/public/index.aspx/,official_ecdc_rest_aggregate,ecdc_atlas_annual,ECDC Surveillance Atlas — Croatia Annual Baseline,https://atlas.ecdc.europa.eu/public/index.aspx/,official_ecdc_rest_aggregate
country,hr,hr,Croatia,public_projection,HR,Croatia,D040,Rubella,风疹,Viral,2016-01-01,2016-01,2,2,,,0.04835071481092392,wpp_computed,,SER_HR_ECDC_RUBE_ANNUAL,,,,,,annual,,,,,,,,,,,,,,series_registry,single_series,parity,,SER_HR_ECDC_RUBE_ANNUAL,1,The public curve is read directly from one registered source series.,ecdc_atlas_annual,ECDC Surveillance Atlas — Croatia Annual Baseline,https://atlas.ecdc.europa.eu/public/index.aspx/,official_ecdc_rest_aggregate,ecdc_atlas_annual,ECDC Surveillance Atlas — Croatia Annual Baseline,https://atlas.ecdc.europa.eu/public/index.aspx/,official_ecdc_rest_aggregate
country,hr,hr,Croatia,source_series_observation,HR,Croatia,D040,Rubella,风疹,Viral,2016-01-01,2016-01,2,2,,,,,,SER_HR_ECDC_RUBE_ANNUAL,SER_HR_ECDC_RUBE_ANNUAL,SRC_HR_ECDC_ATLAS,Rubella,case_notifications,ecdc_member_state_reported_aggregate_surveillance,annual,count,country:HR:national,all,exact,conditional,non_additive,active,missing_is_unknown,ECDC_CURRENT_GENERAL_ANNUAL_2026_08,"Croatia annual Member-State reported aggregate cases from the public ECDC Surveillance Atlas; published zeroes are explicit, absent topic/year cells remain unknown, and combined populations are emitted only when every reviewed component is present. Data provided by ECDC based on data reported by EU/EEA Member States.",,raw,True,series_registry,single_series,parity,,SER_HR_ECDC_RUBE_ANNUAL,1,The public curve is read directly from one registered source series.,ecdc_atlas_annual,ECDC Surveillance Atlas — Croatia Annual Baseline,https://atlas.ecdc.europa.eu/public/index.aspx/,official_ecdc_rest_aggregate,ecdc_atlas_annual,ECDC Surveillance Atlas — Croatia Annual Baseline,https://atlas.ecdc.europa.eu/public/index.aspx/,official_ecdc_rest_aggregate
country,hr,hr,Croatia,public_projection,HR,Croatia,D045,Echinococcosis,包虫病,Parasitic,2016-01-01,2016-01,9,9,,,0.21757821664915764,wpp_computed,,SER_HR_ECDC_ECHI_ANNUAL,,,,,,annual,,,,,,,,,,,,,,series_registry,single_series,parity,,SER_HR_ECDC_ECHI_ANNUAL,1,The public curve is read directly from one registered source series.,ecdc_atlas_annual,ECDC Surveillance Atlas — Croatia Annual Baseline,https://atlas.ecdc.europa.eu/public/index.aspx/,official_ecdc_rest_aggregate,ecdc_atlas_annual,ECDC Surveillance Atlas — Croatia Annual Baseline,https://atlas.ecdc.europa.eu/public/index.aspx/,official_ecdc_rest_aggregate
country,hr,hr,Croatia,source_series_observation,HR,Croatia,D045,Echinococcosis,包虫病,Parasitic,2016-01-01,2016-01,9,9,,,,,,SER_HR_ECDC_ECHI_ANNUAL,SER_HR_ECDC_ECHI_ANNUAL,SRC_HR_ECDC_ATLAS,Echinococcosis,case_notifications,ecdc_member_state_reported_aggregate_surveillance,annual,count,country:HR:national,all,exact,conditional,non_additive,active,missing_is_unknown,ECDC_CURRENT_GENERAL_ANNUAL_2026_08,"Croatia annual Member-State reported aggregate cases from the public ECDC Surveillance Atlas; published zeroes are explicit, absent topic/year cells remain unknown, and combined populations are emitted only when every reviewed component is present. Data provided by ECDC based on data reported by EU/EEA Member States.",,raw,True,series_registry,single_series,parity,,SER_HR_ECDC_ECHI_ANNUAL,1,The public curve is read directly from one registered source series.,ecdc_atlas_annual,ECDC Surveillance Atlas — Croatia Annual Baseline,https://atlas.ecdc.europa.eu/public/index.aspx/,official_ecdc_rest_aggregate,ecdc_atlas_annual,ECDC Surveillance Atlas — Croatia Annual Baseline,https://atlas.ecdc.europa.eu/public/index.aspx/,official_ecdc_rest_aggregate
country,hr,hr,Croatia,public_projection,HR,Croatia,D052,Chikungunya,基孔肯雅热,Viral,2016-01-01,2016-01,0,0,,,0.0,wpp_computed,,SER_HR_ECDC_CHIK_ANNUAL,,,,,,annual,,,,,,,,,,,,,,series_registry,single_series,parity,,SER_HR_ECDC_CHIK_ANNUAL,1,The public curve is read directly from one registered source series.,ecdc_atlas_annual,ECDC Surveillance Atlas — Croatia Annual Baseline,https://atlas.ecdc.europa.eu/public/index.aspx/,official_ecdc_rest_aggregate,ecdc_atlas_annual,ECDC Surveillance Atlas — Croatia Annual Baseline,https://atlas.ecdc.europa.eu/public/index.aspx/,official_ecdc_rest_aggregate
country,hr,hr,Croatia,source_series_observation,HR,Croatia,D052,Chikungunya,基孔肯雅热,Viral,2016-01-01,2016-01,0,0,,,,,,SER_HR_ECDC_CHIK_ANNUAL,SER_HR_ECDC_CHIK_ANNUAL,SRC_HR_ECDC_ATLAS,Chikungunya virus disease,case_notifications,ecdc_member_state_reported_aggregate_surveillance,annual,count,country:HR:national,all,exact,conditional,non_additive,active,missing_is_unknown,ECDC_CURRENT_GENERAL_ANNUAL_2026_08,"Croatia annual Member-State reported aggregate cases from the public ECDC Surveillance Atlas; published zeroes are explicit, absent topic/year cells remain unknown, and combined populations are emitted only when every reviewed component is present. Data provided by ECDC based on data reported by EU/EEA Member States.",,raw,True,series_registry,single_series,parity,,SER_HR_ECDC_CHIK_ANNUAL,1,The public curve is read directly from one registered source series.,ecdc_atlas_annual,ECDC Surveillance Atlas — Croatia Annual Baseline,https://atlas.ecdc.europa.eu/public/index.aspx/,official_ecdc_rest_aggregate,ecdc_atlas_annual,ECDC Surveillance Atlas — Croatia Annual Baseline,https://atlas.ecdc.europa.eu/public/index.aspx/,official_ecdc_rest_aggregate
country,hr,hr,Croatia,public_projection,HR,Croatia,D059,Yellow fever,黄热病,Viral,2016-01-01,2016-01,0,0,,,0.0,wpp_computed,,SER_HR_ECDC_YELF_ANNUAL,,,,,,annual,,,,,,,,,,,,,,series_registry,single_series,parity,,SER_HR_ECDC_YELF_ANNUAL,1,The public curve is read directly from one registered source series.,ecdc_atlas_annual,ECDC Surveillance Atlas — Croatia Annual Baseline,https://atlas.ecdc.europa.eu/public/index.aspx/,official_ecdc_rest_aggregate,ecdc_atlas_annual,ECDC Surveillance Atlas — Croatia Annual Baseline,https://atlas.ecdc.europa.eu/public/index.aspx/,official_ecdc_rest_aggregate
country,hr,hr,Croatia,source_series_observation,HR,Croatia,D059,Yellow fever,黄热病,Viral,2016-01-01,2016-01,0,0,,,,,,SER_HR_ECDC_YELF_ANNUAL,SER_HR_ECDC_YELF_ANNUAL,SRC_HR_ECDC_ATLAS,Yellow fever,case_notifications,ecdc_member_state_reported_aggregate_surveillance,annual,count,country:HR:national,all,exact,conditional,non_additive,active,missing_is_unknown,ECDC_CURRENT_GENERAL_ANNUAL_2026_08,"Croatia annual Member-State reported aggregate cases from the public ECDC Surveillance Atlas; published zeroes are explicit, absent topic/year cells remain unknown, and combined populations are emitted only when every reviewed component is present. Data provided by ECDC based on data reported by EU/EEA Member States.",,raw,True,series_registry,single_series,parity,,SER_HR_ECDC_YELF_ANNUAL,1,The public curve is read directly from one registered source series.,ecdc_atlas_annual,ECDC Surveillance Atlas — Croatia Annual Baseline,https://atlas.ecdc.europa.eu/public/index.aspx/,official_ecdc_rest_aggregate,ecdc_atlas_annual,ECDC Surveillance Atlas — Croatia Annual Baseline,https://atlas.ecdc.europa.eu/public/index.aspx/,official_ecdc_rest_aggregate
country,hr,hr,Croatia,public_projection,HR,Croatia,D085,Toxoplasmosis,弓形体病,Parasitic,2016-01-01,2016-01,0,0,,,0.0,wpp_computed,,SER_HR_ECDC_TOXO_ANNUAL,,,,,,annual,,,,,,,,,,,,,,series_registry,single_series,parity,,SER_HR_ECDC_TOXO_ANNUAL,1,The public curve is read directly from one registered source series.,ecdc_atlas_annual,ECDC Surveillance Atlas — Croatia Annual Baseline,https://atlas.ecdc.europa.eu/public/index.aspx/,official_ecdc_rest_aggregate,ecdc_atlas_annual,ECDC Surveillance Atlas — Croatia Annual Baseline,https://atlas.ecdc.europa.eu/public/index.aspx/,official_ecdc_rest_aggregate
country,hr,hr,Croatia,source_series_observation,HR,Croatia,D085,Toxoplasmosis,弓形体病,Parasitic,2016-01-01,2016-01,0,0,,,,,,SER_HR_ECDC_TOXO_ANNUAL,SER_HR_ECDC_TOXO_ANNUAL,SRC_HR_ECDC_ATLAS,"Toxoplasmosis, congenital",case_notifications,ecdc_member_state_reported_aggregate_surveillance,annual,count,country:HR:national,all,narrower,conditional,non_additive,active,missing_is_unknown,ECDC_CURRENT_GENERAL_ANNUAL_2026_08,"Croatia annual Member-State reported aggregate cases from the public ECDC Surveillance Atlas; published zeroes are explicit, absent topic/year cells remain unknown, and combined populations are emitted only when every reviewed component is present. Data provided by ECDC based on data reported by EU/EEA Member States.",,raw,True,series_registry,single_series,parity,,SER_HR_ECDC_TOXO_ANNUAL,1,The public curve is read directly from one registered source series.,ecdc_atlas_annual,ECDC Surveillance Atlas — Croatia Annual Baseline,https://atlas.ecdc.europa.eu/public/index.aspx/,official_ecdc_rest_aggregate,ecdc_atlas_annual,ECDC Surveillance Atlas — Croatia Annual Baseline,https://atlas.ecdc.europa.eu/public/index.aspx/,official_ecdc_rest_aggregate
country,hr,hr,Croatia,public_projection,HR,Croatia,D091,Botulism,肉毒杆菌中毒,Bacterial,2016-01-01,2016-01,1,1,,,0.02417535740546196,wpp_computed,,SER_HR_ECDC_BOTU_ANNUAL,,,,,,annual,,,,,,,,,,,,,,series_registry,single_series,parity,,SER_HR_ECDC_BOTU_ANNUAL,1,The public curve is read directly from one registered source series.,ecdc_atlas_annual,ECDC Surveillance Atlas — Croatia Annual Baseline,https://atlas.ecdc.europa.eu/public/index.aspx/,official_ecdc_rest_aggregate,ecdc_atlas_annual,ECDC Surveillance Atlas — Croatia Annual Baseline,https://atlas.ecdc.europa.eu/public/index.aspx/,official_ecdc_rest_aggregate
country,hr,hr,Croatia,source_series_observation,HR,Croatia,D091,Botulism,肉毒杆菌中毒,Bacterial,2016-01-01,2016-01,1,1,,,,,,SER_HR_ECDC_BOTU_ANNUAL,SER_HR_ECDC_BOTU_ANNUAL,SRC_HR_ECDC_ATLAS,Botulism,case_notifications,ecdc_member_state_reported_aggregate_surveillance,annual,count,country:HR:national,all,exact,conditional,non_additive,active,missing_is_unknown,ECDC_CURRENT_GENERAL_ANNUAL_2026_08,"Croatia annual Member-State reported aggregate cases from the public ECDC Surveillance Atlas; published zeroes are explicit, absent topic/year cells remain unknown, and combined populations are emitted only when every reviewed component is present. Data provided by ECDC based on data reported by EU/EEA Member States.",,raw,True,series_registry,single_series,parity,,SER_HR_ECDC_BOTU_ANNUAL,1,The public curve is read directly from one registered source series.,ecdc_atlas_annual,ECDC Surveillance Atlas — Croatia Annual Baseline,https://atlas.ecdc.europa.eu/public/index.aspx/,official_ecdc_rest_aggregate,ecdc_atlas_annual,ECDC Surveillance Atlas — Croatia Annual Baseline,https://atlas.ecdc.europa.eu/public/index.aspx/,official_ecdc_rest_aggregate
country,hr,hr,Croatia,public_projection,HR,Croatia,D092,Campylobacteriosis,弯曲杆菌病,Bacterial,2016-01-01,2016-01,1524,1524,,,36.84324468592403,wpp_computed,,SER_HR_ECDC_CAMP_ANNUAL,,,,,,annual,,,,,,,,,,,,,,series_registry,single_series,parity,,SER_HR_ECDC_CAMP_ANNUAL,1,The public curve is read directly from one registered source series.,ecdc_atlas_annual,ECDC Surveillance Atlas — Croatia Annual Baseline,https://atlas.ecdc.europa.eu/public/index.aspx/,official_ecdc_rest_aggregate,ecdc_atlas_annual,ECDC Surveillance Atlas — Croatia Annual Baseline,https://atlas.ecdc.europa.eu/public/index.aspx/,official_ecdc_rest_aggregate
country,hr,hr,Croatia,source_series_observation,HR,Croatia,D092,Campylobacteriosis,弯曲杆菌病,Bacterial,2016-01-01,2016-01,1524,1524,,,,,,SER_HR_ECDC_CAMP_ANNUAL,SER_HR_ECDC_CAMP_ANNUAL,SRC_HR_ECDC_ATLAS,Campylobacteriosis,case_notifications,ecdc_member_state_reported_aggregate_surveillance,annual,count,country:HR:national,all,exact,conditional,non_additive,active,missing_is_unknown,ECDC_CURRENT_GENERAL_ANNUAL_2026_08,"Croatia annual Member-State reported aggregate cases from the public ECDC Surveillance Atlas; published zeroes are explicit, absent topic/year cells remain unknown, and combined populations are emitted only when every reviewed component is present. Data provided by ECDC based on data reported by EU/EEA Member States.",,raw,True,series_registry,single_series,parity,,SER_HR_ECDC_CAMP_ANNUAL,1,The public curve is read directly from one registered source series.,ecdc_atlas_annual,ECDC Surveillance Atlas — Croatia Annual Baseline,https://atlas.ecdc.europa.eu/public/index.aspx/,official_ecdc_rest_aggregate,ecdc_atlas_annual,ECDC Surveillance Atlas — Croatia Annual Baseline,https://atlas.ecdc.europa.eu/public/index.aspx/,official_ecdc_rest_aggregate
country,hr,hr,Croatia,public_projection,HR,Croatia,D094,Chlamydia trachomatis infection,沙眼衣原体感染,Bacterial,2016-01-01,2016-01,217,217,,,5.246052556985245,wpp_computed,,SER_HR_ECDC_CHLAM_ANNUAL,,,,,,annual,,,,,,,,,,,,,,series_registry,single_series,parity,,SER_HR_ECDC_CHLAM_ANNUAL,1,The public curve is read directly from one registered source series.,ecdc_atlas_annual,ECDC Surveillance Atlas — Croatia Annual Baseline,https://atlas.ecdc.europa.eu/public/index.aspx/,official_ecdc_rest_aggregate,ecdc_atlas_annual,ECDC Surveillance Atlas — Croatia Annual Baseline,https://atlas.ecdc.europa.eu/public/index.aspx/,official_ecdc_rest_aggregate
country,hr,hr,Croatia,source_series_observation,HR,Croatia,D094,Chlamydia trachomatis infection,沙眼衣原体感染,Bacterial,2016-01-01,2016-01,217,217,,,,,,SER_HR_ECDC_CHLAM_ANNUAL,SER_HR_ECDC_CHLAM_ANNUAL,SRC_HR_ECDC_ATLAS,Chlamydia infection,case_notifications,ecdc_member_state_reported_aggregate_surveillance,annual,count,country:HR:national,all,exact,conditional,non_additive,active,missing_is_unknown,ECDC_CURRENT_GENERAL_ANNUAL_2026_08,"Croatia annual Member-State reported aggregate cases from the public ECDC Surveillance Atlas; published zeroes are explicit, absent topic/year cells remain unknown, and combined populations are emitted only when every reviewed component is present. Data provided by ECDC based on data reported by EU/EEA Member States.",,raw,True,series_registry,single_series,parity,,SER_HR_ECDC_CHLAM_ANNUAL,1,The public curve is read directly from one registered source series.,ecdc_atlas_annual,ECDC Surveillance Atlas — Croatia Annual Baseline,https://atlas.ecdc.europa.eu/public/index.aspx/,official_ecdc_rest_aggregate,ecdc_atlas_annual,ECDC Surveillance Atlas — Croatia Annual Baseline,https://atlas.ecdc.europa.eu/public/index.aspx/,official_ecdc_rest_aggregate
country,hr,hr,Croatia,public_projection,HR,Croatia,D096,Cryptosporidiosis,隐孢子虫病,Parasitic,2016-01-01,2016-01,4,4,,,0.09670142962184784,wpp_computed,,SER_HR_ECDC_CRYP_ANNUAL,,,,,,annual,,,,,,,,,,,,,,series_registry,single_series,parity,,SER_HR_ECDC_CRYP_ANNUAL,1,The public curve is read directly from one registered source series.,ecdc_atlas_annual,ECDC Surveillance Atlas — Croatia Annual Baseline,https://atlas.ecdc.europa.eu/public/index.aspx/,official_ecdc_rest_aggregate,ecdc_atlas_annual,ECDC Surveillance Atlas — Croatia Annual Baseline,https://atlas.ecdc.europa.eu/public/index.aspx/,official_ecdc_rest_aggregate
country,hr,hr,Croatia,source_series_observation,HR,Croatia,D096,Cryptosporidiosis,隐孢子虫病,Parasitic,2016-01-01,2016-01,4,4,,,,,,SER_HR_ECDC_CRYP_ANNUAL,SER_HR_ECDC_CRYP_ANNUAL,SRC_HR_ECDC_ATLAS,Cryptosporidiosis,case_notifications,ecdc_member_state_reported_aggregate_surveillance,annual,count,country:HR:national,all,exact,conditional,non_additive,active,missing_is_unknown,ECDC_CURRENT_GENERAL_ANNUAL_2026_08,"Croatia annual Member-State reported aggregate cases from the public ECDC Surveillance Atlas; published zeroes are explicit, absent topic/year cells remain unknown, and combined populations are emitted only when every reviewed component is present. Data provided by ECDC based on data reported by EU/EEA Member States.",,raw,True,series_registry,single_series,parity,,SER_HR_ECDC_CRYP_ANNUAL,1,The public curve is read directly from one registered source series.,ecdc_atlas_annual,ECDC Surveillance Atlas — Croatia Annual Baseline,https://atlas.ecdc.europa.eu/public/index.aspx/,official_ecdc_rest_aggregate,ecdc_atlas_annual,ECDC Surveillance Atlas — Croatia Annual Baseline,https://atlas.ecdc.europa.eu/public/index.aspx/,official_ecdc_rest_aggregate
country,hr,hr,Croatia,public_projection,HR,Croatia,D099,Giardiasis,贾第虫病,Parasitic,2016-01-01,2016-01,50,50,,,1.208767870273098,wpp_computed,,SER_HR_ECDC_GIAR_ANNUAL,,,,,,annual,,,,,,,,,,,,,,series_registry,single_series,parity,,SER_HR_ECDC_GIAR_ANNUAL,1,The public curve is read directly from one registered source series.,ecdc_atlas_annual,ECDC Surveillance Atlas — Croatia Annual Baseline,https://atlas.ecdc.europa.eu/public/index.aspx/,official_ecdc_rest_aggregate,ecdc_atlas_annual,ECDC Surveillance Atlas — Croatia Annual Baseline,https://atlas.ecdc.europa.eu/public/index.aspx/,official_ecdc_rest_aggregate
country,hr,hr,Croatia,source_series_observation,HR,Croatia,D099,Giardiasis,贾第虫病,Parasitic,2016-01-01,2016-01,50,50,,,,,,SER_HR_ECDC_GIAR_ANNUAL,SER_HR_ECDC_GIAR_ANNUAL,SRC_HR_ECDC_ATLAS,Giardiasis,case_notifications,ecdc_member_state_reported_aggregate_surveillance,annual,count,country:HR:national,all,exact,conditional,non_additive,active,missing_is_unknown,ECDC_CURRENT_GENERAL_ANNUAL_2026_08,"Croatia annual Member-State reported aggregate cases from the public ECDC Surveillance Atlas; published zeroes are explicit, absent topic/year cells remain unknown, and combined populations are emitted only when every reviewed component is present. Data provided by ECDC based on data reported by EU/EEA Member States.",,raw,True,series_registry,single_series,parity,,SER_HR_ECDC_GIAR_ANNUAL,1,The public curve is read directly from one registered source series.,ecdc_atlas_annual,ECDC Surveillance Atlas — Croatia Annual Baseline,https://atlas.ecdc.europa.eu/public/index.aspx/,official_ecdc_rest_aggregate,ecdc_atlas_annual,ECDC Surveillance Atlas — Croatia Annual Baseline,https://atlas.ecdc.europa.eu/public/index.aspx/,official_ecdc_rest_aggregate
country,hr,hr,Croatia,public_projection,HR,Croatia,D100,Haemophilus influenzae,流感嗜血杆菌,Bacterial,2016-01-01,2016-01,1,1,,,0.02417535740546196,wpp_computed,,SER_HR_ECDC_HAEINF_ANNUAL,,,,,,annual,,,,,,,,,,,,,,series_registry,single_series,parity,,SER_HR_ECDC_HAEINF_ANNUAL,1,The public curve is read directly from one registered source series.,ecdc_atlas_annual,ECDC Surveillance Atlas — Croatia Annual Baseline,https://atlas.ecdc.europa.eu/public/index.aspx/,official_ecdc_rest_aggregate,ecdc_atlas_annual,ECDC Surveillance Atlas — Croatia Annual Baseline,https://atlas.ecdc.europa.eu/public/index.aspx/,official_ecdc_rest_aggregate
country,hr,hr,Croatia,source_series_observation,HR,Croatia,D100,Haemophilus influenzae,流感嗜血杆菌,Bacterial,2016-01-01,2016-01,1,1,,,,,,SER_HR_ECDC_HAEINF_ANNUAL,SER_HR_ECDC_HAEINF_ANNUAL,SRC_HR_ECDC_ATLAS,Invasive Haemophilus influenzae disease,case_notifications,ecdc_member_state_reported_aggregate_surveillance,annual,count,country:HR:national,all,exact,conditional,non_additive,active,missing_is_unknown,ECDC_CURRENT_GENERAL_ANNUAL_2026_08,"Croatia annual Member-State reported aggregate cases from the public ECDC Surveillance Atlas; published zeroes are explicit, absent topic/year cells remain unknown, and combined populations are emitted only when every reviewed component is present. Data provided by ECDC based on data reported by EU/EEA Member States.",,raw,True,series_registry,single_series,parity,,SER_HR_ECDC_HAEINF_ANNUAL,1,The public curve is read directly from one registered source series.,ecdc_atlas_annual,ECDC Surveillance Atlas — Croatia Annual Baseline,https://atlas.ecdc.europa.eu/public/index.aspx/,official_ecdc_rest_aggregate,ecdc_atlas_annual,ECDC Surveillance Atlas — Croatia Annual Baseline,https://atlas.ecdc.europa.eu/public/index.aspx/,official_ecdc_rest_aggregate
country,hr,hr,Croatia,public_projection,HR,Croatia,D102,Hantavirus infection,汉坦病毒感染,Viral,2016-01-01,2016-01,31,31,,,0.7494360795693208,wpp_computed,,SER_HR_ECDC_HANTA_ANNUAL,,,,,,annual,,,,,,,,,,,,,,series_registry,single_series,parity,,SER_HR_ECDC_HANTA_ANNUAL,1,The public curve is read directly from one registered source series.,ecdc_atlas_annual,ECDC Surveillance Atlas — Croatia Annual Baseline,https://atlas.ecdc.europa.eu/public/index.aspx/,official_ecdc_rest_aggregate,ecdc_atlas_annual,ECDC Surveillance Atlas — Croatia Annual Baseline,https://atlas.ecdc.europa.eu/public/index.aspx/,official_ecdc_rest_aggregate
country,hr,hr,Croatia,source_series_observation,HR,Croatia,D102,Hantavirus infection,汉坦病毒感染,Viral,2016-01-01,2016-01,31,31,,,,,,SER_HR_ECDC_HANTA_ANNUAL,SER_HR_ECDC_HANTA_ANNUAL,SRC_HR_ECDC_ATLAS,Hantavirus infection,case_notifications,ecdc_member_state_reported_aggregate_surveillance,annual,count,country:HR:national,all,exact,conditional,non_additive,active,missing_is_unknown,ECDC_CURRENT_GENERAL_ANNUAL_2026_08,"Croatia annual Member-State reported aggregate cases from the public ECDC Surveillance Atlas; published zeroes are explicit, absent topic/year cells remain unknown, and combined populations are emitted only when every reviewed component is present. Data provided by ECDC based on data reported by EU/EEA Member States.",,raw,True,series_registry,single_series,parity,,SER_HR_ECDC_HANTA_ANNUAL,1,The public curve is read directly from one registered source series.,ecdc_atlas_annual,ECDC Surveillance Atlas — Croatia Annual Baseline,https://atlas.ecdc.europa.eu/public/index.aspx/,official_ecdc_rest_aggregate,ecdc_atlas_annual,ECDC Surveillance Atlas — Croatia Annual Baseline,https://atlas.ecdc.europa.eu/public/index.aspx/,official_ecdc_rest_aggregate
country,hr,hr,Croatia,public_projection,HR,Croatia,D105,Shigellosis,志贺菌病,Bacterial,2016-01-01,2016-01,6,6,,,0.14505214443277176,wpp_computed,,SER_HR_ECDC_SHIG_ANNUAL,,,,,,annual,,,,,,,,,,,,,,series_registry,single_series,parity,,SER_HR_ECDC_SHIG_ANNUAL,1,The public curve is read directly from one registered source series.,ecdc_atlas_annual,ECDC Surveillance Atlas — Croatia Annual Baseline,https://atlas.ecdc.europa.eu/public/index.aspx/,official_ecdc_rest_aggregate,ecdc_atlas_annual,ECDC Surveillance Atlas — Croatia Annual Baseline,https://atlas.ecdc.europa.eu/public/index.aspx/,official_ecdc_rest_aggregate
country,hr,hr,Croatia,source_series_observation,HR,Croatia,D105,Shigellosis,志贺菌病,Bacterial,2016-01-01,2016-01,6,6,,,,,,SER_HR_ECDC_SHIG_ANNUAL,SER_HR_ECDC_SHIG_ANNUAL,SRC_HR_ECDC_ATLAS,Shigellosis,case_notifications,ecdc_member_state_reported_aggregate_surveillance,annual,count,country:HR:national,all,exact,conditional,non_additive,active,missing_is_unknown,ECDC_CURRENT_GENERAL_ANNUAL_2026_08,"Croatia annual Member-State reported aggregate cases from the public ECDC Surveillance Atlas; published zeroes are explicit, absent topic/year cells remain unknown, and combined populations are emitted only when every reviewed component is present. Data provided by ECDC based on data reported by EU/EEA Member States.",,raw,True,series_registry,single_series,parity,,SER_HR_ECDC_SHIG_ANNUAL,1,The public curve is read directly from one registered source series.,ecdc_atlas_annual,ECDC Surveillance Atlas — Croatia Annual Baseline,https://atlas.ecdc.europa.eu/public/index.aspx/,official_ecdc_rest_aggregate,ecdc_atlas_annual,ECDC Surveillance Atlas — Croatia Annual Baseline,https://atlas.ecdc.europa.eu/public/index.aspx/,official_ecdc_rest_aggregate
country,hr,hr,Croatia,public_projection,HR,Croatia,D106,Invasive pneumococcal disease,侵袭性肺炎球菌病,Bacterial,2016-01-01,2016-01,14,14,,,0.33845500367646747,wpp_computed,,SER_HR_ECDC_PNEU_ANNUAL,,,,,,annual,,,,,,,,,,,,,,series_registry,single_series,parity,,SER_HR_ECDC_PNEU_ANNUAL,1,The public curve is read directly from one registered source series.,ecdc_atlas_annual,ECDC Surveillance Atlas — Croatia Annual Baseline,https://atlas.ecdc.europa.eu/public/index.aspx/,official_ecdc_rest_aggregate,ecdc_atlas_annual,ECDC Surveillance Atlas — Croatia Annual Baseline,https://atlas.ecdc.europa.eu/public/index.aspx/,official_ecdc_rest_aggregate
country,hr,hr,Croatia,source_series_observation,HR,Croatia,D106,Invasive pneumococcal disease,侵袭性肺炎球菌病,Bacterial,2016-01-01,2016-01,14,14,,,,,,SER_HR_ECDC_PNEU_ANNUAL,SER_HR_ECDC_PNEU_ANNUAL,SRC_HR_ECDC_ATLAS,Invasive pneumococcal disease,case_notifications,ecdc_member_state_reported_aggregate_surveillance,annual,count,country:HR:national,all,exact,conditional,non_additive,active,missing_is_unknown,ECDC_CURRENT_GENERAL_ANNUAL_2026_08,"Croatia annual Member-State reported aggregate cases from the public ECDC Surveillance Atlas; published zeroes are explicit, absent topic/year cells remain unknown, and combined populations are emitted only when every reviewed component is present. Data provided by ECDC based on data reported by EU/EEA Member States.",,raw,True,series_registry,single_series,parity,,SER_HR_ECDC_PNEU_ANNUAL,1,The public curve is read directly from one registered source series.,ecdc_atlas_annual,ECDC Surveillance Atlas — Croatia Annual Baseline,https://atlas.ecdc.europa.eu/public/index.aspx/,official_ecdc_rest_aggregate,ecdc_atlas_annual,ECDC Surveillance Atlas — Croatia Annual Baseline,https://atlas.ecdc.europa.eu/public/index.aspx/,official_ecdc_rest_aggregate
country,hr,hr,Croatia,public_projection,HR,Croatia,D107,Legionellosis,军团菌病,Bacterial,2016-01-01,2016-01,31,31,,,0.7494360795693208,wpp_computed,,SER_HR_ECDC_LEGI_ANNUAL,,,,,,annual,,,,,,,,,,,,,,series_registry,single_series,parity,,SER_HR_ECDC_LEGI_ANNUAL,1,The public curve is read directly from one registered source series.,ecdc_atlas_annual,ECDC Surveillance Atlas — Croatia Annual Baseline,https://atlas.ecdc.europa.eu/public/index.aspx/,official_ecdc_rest_aggregate,ecdc_atlas_annual,ECDC Surveillance Atlas — Croatia Annual Baseline,https://atlas.ecdc.europa.eu/public/index.aspx/,official_ecdc_rest_aggregate
country,hr,hr,Croatia,source_series_observation,HR,Croatia,D107,Legionellosis,军团菌病,Bacterial,2016-01-01,2016-01,31,31,,,,,,SER_HR_ECDC_LEGI_ANNUAL,SER_HR_ECDC_LEGI_ANNUAL,SRC_HR_ECDC_ATLAS,Legionnaires' disease,case_notifications,ecdc_member_state_reported_aggregate_surveillance,annual,count,country:HR:national,all,exact,conditional,non_additive,active,missing_is_unknown,ECDC_CURRENT_GENERAL_ANNUAL_2026_08,"Croatia annual Member-State reported aggregate cases from the public ECDC Surveillance Atlas; published zeroes are explicit, absent topic/year cells remain unknown, and combined populations are emitted only when every reviewed component is present. Data provided by ECDC based on data reported by EU/EEA Member States.",,raw,True,series_registry,single_series,parity,,SER_HR_ECDC_LEGI_ANNUAL,1,The public curve is read directly from one registered source series.,ecdc_atlas_annual,ECDC Surveillance Atlas — Croatia Annual Baseline,https://atlas.ecdc.europa.eu/public/index.aspx/,official_ecdc_rest_aggregate,ecdc_atlas_annual,ECDC Surveillance Atlas — Croatia Annual Baseline,https://atlas.ecdc.europa.eu/public/index.aspx/,official_ecdc_rest_aggregate
country,hr,hr,Croatia,public_projection,HR,Croatia,D108,Listeriosis,李斯特菌病,Bacterial,2016-01-01,2016-01,4,4,,,0.09670142962184784,wpp_computed,,SER_HR_ECDC_LIST_ANNUAL,,,,,,annual,,,,,,,,,,,,,,series_registry,single_series,parity,,SER_HR_ECDC_LIST_ANNUAL,1,The public curve is read directly from one registered source series.,ecdc_atlas_annual,ECDC Surveillance Atlas — Croatia Annual Baseline,https://atlas.ecdc.europa.eu/public/index.aspx/,official_ecdc_rest_aggregate,ecdc_atlas_annual,ECDC Surveillance Atlas — Croatia Annual Baseline,https://atlas.ecdc.europa.eu/public/index.aspx/,official_ecdc_rest_aggregate
country,hr,hr,Croatia,source_series_observation,HR,Croatia,D108,Listeriosis,李斯特菌病,Bacterial,2016-01-01,2016-01,4,4,,,,,,SER_HR_ECDC_LIST_ANNUAL,SER_HR_ECDC_LIST_ANNUAL,SRC_HR_ECDC_ATLAS,Listeriosis,case_notifications,ecdc_member_state_reported_aggregate_surveillance,annual,count,country:HR:national,all,exact,conditional,non_additive,active,missing_is_unknown,ECDC_CURRENT_GENERAL_ANNUAL_2026_08,"Croatia annual Member-State reported aggregate cases from the public ECDC Surveillance Atlas; published zeroes are explicit, absent topic/year cells remain unknown, and combined populations are emitted only when every reviewed component is present. Data provided by ECDC based on data reported by EU/EEA Member States.",,raw,True,series_registry,single_series,parity,,SER_HR_ECDC_LIST_ANNUAL,1,The public curve is read directly from one registered source series.,ecdc_atlas_annual,ECDC Surveillance Atlas — Croatia Annual Baseline,https://atlas.ecdc.europa.eu/public/index.aspx/,official_ecdc_rest_aggregate,ecdc_atlas_annual,ECDC Surveillance Atlas — Croatia Annual Baseline,https://atlas.ecdc.europa.eu/public/index.aspx/,official_ecdc_rest_aggregate
country,hr,hr,Croatia,public_projection,HR,Croatia,D110,Meningococcal disease,脑膜炎球菌病,Bacterial,2016-01-01,2016-01,30,30,,,0.7252607221638588,wpp_computed,,SER_HR_ECDC_MENI_ANNUAL,,,,,,annual,,,,,,,,,,,,,,series_registry,single_series,parity,,SER_HR_ECDC_MENI_ANNUAL,1,The public curve is read directly from one registered source series.,ecdc_atlas_annual,ECDC Surveillance Atlas — Croatia Annual Baseline,https://atlas.ecdc.europa.eu/public/index.aspx/,official_ecdc_rest_aggregate,ecdc_atlas_annual,ECDC Surveillance Atlas — Croatia Annual Baseline,https://atlas.ecdc.europa.eu/public/index.aspx/,official_ecdc_rest_aggregate
country,hr,hr,Croatia,source_series_observation,HR,Croatia,D110,Meningococcal disease,脑膜炎球菌病,Bacterial,2016-01-01,2016-01,30,30,,,,,,SER_HR_ECDC_MENI_ANNUAL,SER_HR_ECDC_MENI_ANNUAL,SRC_HR_ECDC_ATLAS,Invasive meningococcal disease,case_notifications,ecdc_member_state_reported_aggregate_surveillance,annual,count,country:HR:national,all,exact,conditional,non_additive,active,missing_is_unknown,ECDC_CURRENT_GENERAL_ANNUAL_2026_08,"Croatia annual Member-State reported aggregate cases from the public ECDC Surveillance Atlas; published zeroes are explicit, absent topic/year cells remain unknown, and combined populations are emitted only when every reviewed component is present. Data provided by ECDC based on data reported by EU/EEA Member States.",,raw,True,series_registry,single_series,parity,,SER_HR_ECDC_MENI_ANNUAL,1,The public curve is read directly from one registered source series.,ecdc_atlas_annual,ECDC Surveillance Atlas — Croatia Annual Baseline,https://atlas.ecdc.europa.eu/public/index.aspx/,official_ecdc_rest_aggregate,ecdc_atlas_annual,ECDC Surveillance Atlas — Croatia Annual Baseline,https://atlas.ecdc.europa.eu/public/index.aspx/,official_ecdc_rest_aggregate
country,hr,hr,Croatia,public_projection,HR,Croatia,D113,Q fever,Q热,Bacterial,2016-01-01,2016-01,8,8,,,0.19340285924369569,wpp_computed,,SER_HR_ECDC_QFEV_ANNUAL,,,,,,annual,,,,,,,,,,,,,,series_registry,single_series,parity,,SER_HR_ECDC_QFEV_ANNUAL,1,The public curve is read directly from one registered source series.,ecdc_atlas_annual,ECDC Surveillance Atlas — Croatia Annual Baseline,https://atlas.ecdc.europa.eu/public/index.aspx/,official_ecdc_rest_aggregate,ecdc_atlas_annual,ECDC Surveillance Atlas — Croatia Annual Baseline,https://atlas.ecdc.europa.eu/public/index.aspx/,official_ecdc_rest_aggregate
country,hr,hr,Croatia,source_series_observation,HR,Croatia,D113,Q fever,Q热,Bacterial,2016-01-01,2016-01,8,8,,,,,,SER_HR_ECDC_QFEV_ANNUAL,SER_HR_ECDC_QFEV_ANNUAL,SRC_HR_ECDC_ATLAS,Q fever,case_notifications,ecdc_member_state_reported_aggregate_surveillance,annual,count,country:HR:national,all,exact,conditional,non_additive,active,missing_is_unknown,ECDC_CURRENT_GENERAL_ANNUAL_2026_08,"Croatia annual Member-State reported aggregate cases from the public ECDC Surveillance Atlas; published zeroes are explicit, absent topic/year cells remain unknown, and combined populations are emitted only when every reviewed component is present. Data provided by ECDC based on data reported by EU/EEA Member States.",,raw,True,series_registry,single_series,parity,,SER_HR_ECDC_QFEV_ANNUAL,1,The public curve is read directly from one registered source series.,ecdc_atlas_annual,ECDC Surveillance Atlas — Croatia Annual Baseline,https://atlas.ecdc.europa.eu/public/index.aspx/,official_ecdc_rest_aggregate,ecdc_atlas_annual,ECDC Surveillance Atlas — Croatia Annual Baseline,https://atlas.ecdc.europa.eu/public/index.aspx/,official_ecdc_rest_aggregate
country,hr,hr,Croatia,public_projection,HR,Croatia,D114,Salmonellosis,沙门氏菌病,Bacterial,2016-01-01,2016-01,1240,1240,,,29.97744318277283,wpp_computed,,SER_HR_ECDC_SALM_ANNUAL,,,,,,annual,,,,,,,,,,,,,,series_registry,single_series,parity,,SER_HR_ECDC_SALM_ANNUAL,1,The public curve is read directly from one registered source series.,ecdc_atlas_annual,ECDC Surveillance Atlas — Croatia Annual Baseline,https://atlas.ecdc.europa.eu/public/index.aspx/,official_ecdc_rest_aggregate,ecdc_atlas_annual,ECDC Surveillance Atlas — Croatia Annual Baseline,https://atlas.ecdc.europa.eu/public/index.aspx/,official_ecdc_rest_aggregate
country,hr,hr,Croatia,source_series_observation,HR,Croatia,D114,Salmonellosis,沙门氏菌病,Bacterial,2016-01-01,2016-01,1240,1240,,,,,,SER_HR_ECDC_SALM_ANNUAL,SER_HR_ECDC_SALM_ANNUAL,SRC_HR_ECDC_ATLAS,Salmonellosis,case_notifications,ecdc_member_state_reported_aggregate_surveillance,annual,count,country:HR:national,all,exact,conditional,non_additive,active,missing_is_unknown,ECDC_CURRENT_GENERAL_ANNUAL_2026_08,"Croatia annual Member-State reported aggregate cases from the public ECDC Surveillance Atlas; published zeroes are explicit, absent topic/year cells remain unknown, and combined populations are emitted only when every reviewed component is present. Data provided by ECDC based on data reported by EU/EEA Member States.",,raw,True,series_registry,single_series,parity,,SER_HR_ECDC_SALM_ANNUAL,1,The public curve is read directly from one registered source series.,ecdc_atlas_annual,ECDC Surveillance Atlas — Croatia Annual Baseline,https://atlas.ecdc.europa.eu/public/index.aspx/,official_ecdc_rest_aggregate,ecdc_atlas_annual,ECDC Surveillance Atlas — Croatia Annual Baseline,https://atlas.ecdc.europa.eu/public/index.aspx/,official_ecdc_rest_aggregate
country,hr,hr,Croatia,public_projection,HR,Croatia,D115,Shiga toxin-producing Escherichia coli infection,产志贺毒素大肠杆菌感染,Bacterial,2016-01-01,2016-01,9,9,,,0.21757821664915764,wpp_computed,,SER_HR_ECDC_STEC_ANNUAL,,,,,,annual,,,,,,,,,,,,,,series_registry,single_series,parity,,SER_HR_ECDC_STEC_ANNUAL,1,The public curve is read directly from one registered source series.,ecdc_atlas_annual,ECDC Surveillance Atlas — Croatia Annual Baseline,https://atlas.ecdc.europa.eu/public/index.aspx/,official_ecdc_rest_aggregate,ecdc_atlas_annual,ECDC Surveillance Atlas — Croatia Annual Baseline,https://atlas.ecdc.europa.eu/public/index.aspx/,official_ecdc_rest_aggregate
country,hr,hr,Croatia,source_series_observation,HR,Croatia,D115,Shiga toxin-producing Escherichia coli infection,产志贺毒素大肠杆菌感染,Bacterial,2016-01-01,2016-01,9,9,,,,,,SER_HR_ECDC_STEC_ANNUAL,SER_HR_ECDC_STEC_ANNUAL,SRC_HR_ECDC_ATLAS,STEC/VTEC infection,case_notifications,ecdc_member_state_reported_aggregate_surveillance,annual,count,country:HR:national,all,exact,conditional,non_additive,active,missing_is_unknown,ECDC_CURRENT_GENERAL_ANNUAL_2026_08,"Croatia annual Member-State reported aggregate cases from the public ECDC Surveillance Atlas; published zeroes are explicit, absent topic/year cells remain unknown, and combined populations are emitted only when every reviewed component is present. Data provided by ECDC based on data reported by EU/EEA Member States.",,raw,True,series_registry,single_series,parity,,SER_HR_ECDC_STEC_ANNUAL,1,The public curve is read directly from one registered source series.,ecdc_atlas_annual,ECDC Surveillance Atlas — Croatia Annual Baseline,https://atlas.ecdc.europa.eu/public/index.aspx/,official_ecdc_rest_aggregate,ecdc_atlas_annual,ECDC Surveillance Atlas — Croatia Annual Baseline,https://atlas.ecdc.europa.eu/public/index.aspx/,official_ecdc_rest_aggregate
country,hr,hr,Croatia,public_projection,HR,Croatia,D120,Tetanus,破伤风,Bacterial,2016-01-01,2016-01,0,0,,,0.0,wpp_computed,,SER_HR_ECDC_TETA_ANNUAL,,,,,,annual,,,,,,,,,,,,,,series_registry,single_series,parity,,SER_HR_ECDC_TETA_ANNUAL,1,The public curve is read directly from one registered source series.,ecdc_atlas_annual,ECDC Surveillance Atlas — Croatia Annual Baseline,https://atlas.ecdc.europa.eu/public/index.aspx/,official_ecdc_rest_aggregate,ecdc_atlas_annual,ECDC Surveillance Atlas — Croatia Annual Baseline,https://atlas.ecdc.europa.eu/public/index.aspx/,official_ecdc_rest_aggregate
country,hr,hr,Croatia,source_series_observation,HR,Croatia,D120,Tetanus,破伤风,Bacterial,2016-01-01,2016-01,0,0,,,,,,SER_HR_ECDC_TETA_ANNUAL,SER_HR_ECDC_TETA_ANNUAL,SRC_HR_ECDC_ATLAS,Tetanus,case_notifications,ecdc_member_state_reported_aggregate_surveillance,annual,count,country:HR:national,all,exact,conditional,non_additive,active,missing_is_unknown,ECDC_CURRENT_GENERAL_ANNUAL_2026_08,"Croatia annual Member-State reported aggregate cases from the public ECDC Surveillance Atlas; published zeroes are explicit, absent topic/year cells remain unknown, and combined populations are emitted only when every reviewed component is present. Data provided by ECDC based on data reported by EU/EEA Member States.",,raw,True,series_registry,single_series,parity,,SER_HR_ECDC_TETA_ANNUAL,1,The public curve is read directly from one registered source series.,ecdc_atlas_annual,ECDC Surveillance Atlas — Croatia Annual Baseline,https://atlas.ecdc.europa.eu/public/index.aspx/,official_ecdc_rest_aggregate,ecdc_atlas_annual,ECDC Surveillance Atlas — Croatia Annual Baseline,https://atlas.ecdc.europa.eu/public/index.aspx/,official_ecdc_rest_aggregate
country,hr,hr,Croatia,public_projection,HR,Croatia,D122,Trichinellosis,旋毛虫病,Parasitic,2016-01-01,2016-01,5,5,,,0.12087678702730979,wpp_computed,,SER_HR_ECDC_TRIC_ANNUAL,,,,,,annual,,,,,,,,,,,,,,series_registry,single_series,parity,,SER_HR_ECDC_TRIC_ANNUAL,1,The public curve is read directly from one registered source series.,ecdc_atlas_annual,ECDC Surveillance Atlas — Croatia Annual Baseline,https://atlas.ecdc.europa.eu/public/index.aspx/,official_ecdc_rest_aggregate,ecdc_atlas_annual,ECDC Surveillance Atlas — Croatia Annual Baseline,https://atlas.ecdc.europa.eu/public/index.aspx/,official_ecdc_rest_aggregate
country,hr,hr,Croatia,source_series_observation,HR,Croatia,D122,Trichinellosis,旋毛虫病,Parasitic,2016-01-01,2016-01,5,5,,,,,,SER_HR_ECDC_TRIC_ANNUAL,SER_HR_ECDC_TRIC_ANNUAL,SRC_HR_ECDC_ATLAS,Trichinellosis,case_notifications,ecdc_member_state_reported_aggregate_surveillance,annual,count,country:HR:national,all,exact,conditional,non_additive,active,missing_is_unknown,ECDC_CURRENT_GENERAL_ANNUAL_2026_08,"Croatia annual Member-State reported aggregate cases from the public ECDC Surveillance Atlas; published zeroes are explicit, absent topic/year cells remain unknown, and combined populations are emitted only when every reviewed component is present. Data provided by ECDC based on data reported by EU/EEA Member States.",,raw,True,series_registry,single_series,parity,,SER_HR_ECDC_TRIC_ANNUAL,1,The public curve is read directly from one registered source series.,ecdc_atlas_annual,ECDC Surveillance Atlas — Croatia Annual Baseline,https://atlas.ecdc.europa.eu/public/index.aspx/,official_ecdc_rest_aggregate,ecdc_atlas_annual,ECDC Surveillance Atlas — Croatia Annual Baseline,https://atlas.ecdc.europa.eu/public/index.aspx/,official_ecdc_rest_aggregate
country,hr,hr,Croatia,public_projection,HR,Croatia,D123,Tularemia,土拉菌病,Bacterial,2016-01-01,2016-01,2,2,,,0.04835071481092392,wpp_computed,,SER_HR_ECDC_TULA_ANNUAL,,,,,,annual,,,,,,,,,,,,,,series_registry,single_series,parity,,SER_HR_ECDC_TULA_ANNUAL,1,The public curve is read directly from one registered source series.,ecdc_atlas_annual,ECDC Surveillance Atlas — Croatia Annual Baseline,https://atlas.ecdc.europa.eu/public/index.aspx/,official_ecdc_rest_aggregate,ecdc_atlas_annual,ECDC Surveillance Atlas — Croatia Annual Baseline,https://atlas.ecdc.europa.eu/public/index.aspx/,official_ecdc_rest_aggregate
country,hr,hr,Croatia,source_series_observation,HR,Croatia,D123,Tularemia,土拉菌病,Bacterial,2016-01-01,2016-01,2,2,,,,,,SER_HR_ECDC_TULA_ANNUAL,SER_HR_ECDC_TULA_ANNUAL,SRC_HR_ECDC_ATLAS,Tularaemia,case_notifications,ecdc_member_state_reported_aggregate_surveillance,annual,count,country:HR:national,all,exact,conditional,non_additive,active,missing_is_unknown,ECDC_CURRENT_GENERAL_ANNUAL_2026_08,"Croatia annual Member-State reported aggregate cases from the public ECDC Surveillance Atlas; published zeroes are explicit, absent topic/year cells remain unknown, and combined populations are emitted only when every reviewed component is present. Data provided by ECDC based on data reported by EU/EEA Member States.",,raw,True,series_registry,single_series,parity,,SER_HR_ECDC_TULA_ANNUAL,1,The public curve is read directly from one registered source series.,ecdc_atlas_annual,ECDC Surveillance Atlas — Croatia Annual Baseline,https://atlas.ecdc.europa.eu/public/index.aspx/,official_ecdc_rest_aggregate,ecdc_atlas_annual,ECDC Surveillance Atlas — Croatia Annual Baseline,https://atlas.ecdc.europa.eu/public/index.aspx/,official_ecdc_rest_aggregate
country,hr,hr,Croatia,public_projection,HR,Croatia,D127,Viral hemorrhagic fevers,病毒性出血热,Viral,2016-01-01,2016-01,0,0,,,0.0,wpp_computed,,SER_HR_ECDC_VHFOTH_ANNUAL,,,,,,annual,,,,,,,,,,,,,,series_registry,single_series,parity,,SER_HR_ECDC_VHFOTH_ANNUAL,1,The public curve is read directly from one registered source series.,ecdc_atlas_annual,ECDC Surveillance Atlas — Croatia Annual Baseline,https://atlas.ecdc.europa.eu/public/index.aspx/,official_ecdc_rest_aggregate,ecdc_atlas_annual,ECDC Surveillance Atlas — Croatia Annual Baseline,https://atlas.ecdc.europa.eu/public/index.aspx/,official_ecdc_rest_aggregate
country,hr,hr,Croatia,source_series_observation,HR,Croatia,D127,Viral hemorrhagic fevers,病毒性出血热,Viral,2016-01-01,2016-01,0,0,,,,,,SER_HR_ECDC_VHFOTH_ANNUAL,SER_HR_ECDC_VHFOTH_ANNUAL,SRC_HR_ECDC_ATLAS,Other Viral Haemorrhagic fevers,case_notifications,ecdc_member_state_reported_aggregate_surveillance,annual,count,country:HR:national,all,exact,conditional,non_additive,active,missing_is_unknown,ECDC_CURRENT_GENERAL_ANNUAL_2026_08,"Croatia annual Member-State reported aggregate cases from the public ECDC Surveillance Atlas; published zeroes are explicit, absent topic/year cells remain unknown, and combined populations are emitted only when every reviewed component is present. Data provided by ECDC based on data reported by EU/EEA Member States.",,raw,True,series_registry,single_series,parity,,SER_HR_ECDC_VHFOTH_ANNUAL,1,The public curve is read directly from one registered source series.,ecdc_atlas_annual,ECDC Surveillance Atlas — Croatia Annual Baseline,https://atlas.ecdc.europa.eu/public/index.aspx/,official_ecdc_rest_aggregate,ecdc_atlas_annual,ECDC Surveillance Atlas — Croatia Annual Baseline,https://atlas.ecdc.europa.eu/public/index.aspx/,official_ecdc_rest_aggregate
country,hr,hr,Croatia,public_projection,HR,Croatia,D128,West Nile virus,西尼罗病毒,Viral,2016-01-01,2016-01,2,2,,,0.04835071481092392,wpp_computed,,SER_HR_ECDC_WNF_ANNUAL,,,,,,annual,,,,,,,,,,,,,,series_registry,single_series,parity,,SER_HR_ECDC_WNF_ANNUAL,1,The public curve is read directly from one registered source series.,ecdc_atlas_annual,ECDC Surveillance Atlas — Croatia Annual Baseline,https://atlas.ecdc.europa.eu/public/index.aspx/,official_ecdc_rest_aggregate,ecdc_atlas_annual,ECDC Surveillance Atlas — Croatia Annual Baseline,https://atlas.ecdc.europa.eu/public/index.aspx/,official_ecdc_rest_aggregate
country,hr,hr,Croatia,source_series_observation,HR,Croatia,D128,West Nile virus,西尼罗病毒,Viral,2016-01-01,2016-01,2,2,,,,,,SER_HR_ECDC_WNF_ANNUAL,SER_HR_ECDC_WNF_ANNUAL,SRC_HR_ECDC_ATLAS,West Nile virus infection,case_notifications,ecdc_member_state_reported_aggregate_surveillance,annual,count,country:HR:national,all,exact,conditional,non_additive,active,missing_is_unknown,ECDC_CURRENT_GENERAL_ANNUAL_2026_08,"Croatia annual Member-State reported aggregate cases from the public ECDC Surveillance Atlas; published zeroes are explicit, absent topic/year cells remain unknown, and combined populations are emitted only when every reviewed component is present. Data provided by ECDC based on data reported by EU/EEA Member States.",,raw,True,series_registry,single_series,parity,,SER_HR_ECDC_WNF_ANNUAL,1,The public curve is read directly from one registered source series.,ecdc_atlas_annual,ECDC Surveillance Atlas — Croatia Annual Baseline,https://atlas.ecdc.europa.eu/public/index.aspx/,official_ecdc_rest_aggregate,ecdc_atlas_annual,ECDC Surveillance Atlas — Croatia Annual Baseline,https://atlas.ecdc.europa.eu/public/index.aspx/,official_ecdc_rest_aggregate
country,hr,hr,Croatia,public_projection,HR,Croatia,D144,Creutzfeldt-Jakob disease,克雅氏病,Prion,2016-01-01,2016-01,0,0,,,0.0,wpp_computed,,SER_HR_ECDC_VCJD_ANNUAL,,,,,,annual,,,,,,,,,,,,,,series_registry,single_series,parity,,SER_HR_ECDC_VCJD_ANNUAL,1,The public curve is read directly from one registered source series.,ecdc_atlas_annual,ECDC Surveillance Atlas — Croatia Annual Baseline,https://atlas.ecdc.europa.eu/public/index.aspx/,official_ecdc_rest_aggregate,ecdc_atlas_annual,ECDC Surveillance Atlas — Croatia Annual Baseline,https://atlas.ecdc.europa.eu/public/index.aspx/,official_ecdc_rest_aggregate
country,hr,hr,Croatia,source_series_observation,HR,Croatia,D144,Creutzfeldt-Jakob disease,克雅氏病,Prion,2016-01-01,2016-01,0,0,,,,,,SER_HR_ECDC_VCJD_ANNUAL,SER_HR_ECDC_VCJD_ANNUAL,SRC_HR_ECDC_ATLAS,"Creutzfeldt-Jakob disease, variant",case_notifications,ecdc_member_state_reported_aggregate_surveillance,annual,count,country:HR:national,all,narrower,conditional,non_additive,active,missing_is_unknown,ECDC_CURRENT_GENERAL_ANNUAL_2026_08,"Croatia annual Member-State reported aggregate cases from the public ECDC Surveillance Atlas; published zeroes are explicit, absent topic/year cells remain unknown, and combined populations are emitted only when every reviewed component is present. Data provided by ECDC based on data reported by EU/EEA Member States.",,raw,True,series_registry,single_series,parity,,SER_HR_ECDC_VCJD_ANNUAL,1,The public curve is read directly from one registered source series.,ecdc_atlas_annual,ECDC Surveillance Atlas — Croatia Annual Baseline,https://atlas.ecdc.europa.eu/public/index.aspx/,official_ecdc_rest_aggregate,ecdc_atlas_annual,ECDC Surveillance Atlas — Croatia Annual Baseline,https://atlas.ecdc.europa.eu/public/index.aspx/,official_ecdc_rest_aggregate
country,hr,hr,Croatia,public_projection,HR,Croatia,D155,Yersiniosis,耶尔森菌病,Bacterial,2016-01-01,2016-01,22,22,,,0.5318578629201631,wpp_computed,,SER_HR_ECDC_YERS_ANNUAL,,,,,,annual,,,,,,,,,,,,,,series_registry,single_series,parity,,SER_HR_ECDC_YERS_ANNUAL,1,The public curve is read directly from one registered source series.,ecdc_atlas_annual,ECDC Surveillance Atlas — Croatia Annual Baseline,https://atlas.ecdc.europa.eu/public/index.aspx/,official_ecdc_rest_aggregate,ecdc_atlas_annual,ECDC Surveillance Atlas — Croatia Annual Baseline,https://atlas.ecdc.europa.eu/public/index.aspx/,official_ecdc_rest_aggregate
country,hr,hr,Croatia,source_series_observation,HR,Croatia,D155,Yersiniosis,耶尔森菌病,Bacterial,2016-01-01,2016-01,22,22,,,,,,SER_HR_ECDC_YERS_ANNUAL,SER_HR_ECDC_YERS_ANNUAL,SRC_HR_ECDC_ATLAS,Yersiniosis,case_notifications,ecdc_member_state_reported_aggregate_surveillance,annual,count,country:HR:national,all,exact,conditional,non_additive,active,missing_is_unknown,ECDC_CURRENT_GENERAL_ANNUAL_2026_08,"Croatia annual Member-State reported aggregate cases from the public ECDC Surveillance Atlas; published zeroes are explicit, absent topic/year cells remain unknown, and combined populations are emitted only when every reviewed component is present. Data provided by ECDC based on data reported by EU/EEA Member States.",,raw,True,series_registry,single_series,parity,,SER_HR_ECDC_YERS_ANNUAL,1,The public curve is read directly from one registered source series.,ecdc_atlas_annual,ECDC Surveillance Atlas — Croatia Annual Baseline,https://atlas.ecdc.europa.eu/public/index.aspx/,official_ecdc_rest_aggregate,ecdc_atlas_annual,ECDC Surveillance Atlas — Croatia Annual Baseline,https://atlas.ecdc.europa.eu/public/index.aspx/,official_ecdc_rest_aggregate
country,hr,hr,Croatia,public_projection,HR,Croatia,D162,HIV infection,人类免疫缺乏病毒感染,Viral,2016-01-01,2016-01,110,110,,,2.659289314600816,wpp_computed,,SER_HR_ECDC_HIV_INFECTION_ANNUAL,,,,,,annual,,,,,,,,,,,,,,series_registry,single_series,parity,,SER_HR_ECDC_HIV_INFECTION_ANNUAL,1,The public curve is read directly from one registered source series.,ecdc_atlas_annual,ECDC Surveillance Atlas — Croatia Annual Baseline,https://atlas.ecdc.europa.eu/public/index.aspx/,official_ecdc_rest_aggregate,ecdc_atlas_annual,ECDC Surveillance Atlas — Croatia Annual Baseline,https://atlas.ecdc.europa.eu/public/index.aspx/,official_ecdc_rest_aggregate
country,hr,hr,Croatia,source_series_observation,HR,Croatia,D162,HIV infection,人类免疫缺乏病毒感染,Viral,2016-01-01,2016-01,110,110,,,,,,SER_HR_ECDC_HIV_INFECTION_ANNUAL,SER_HR_ECDC_HIV_INFECTION_ANNUAL,SRC_HR_ECDC_ATLAS,HIV infection,case_notifications,ecdc_member_state_reported_aggregate_surveillance,annual,count,country:HR:national,all,exact,conditional,non_additive,active,missing_is_unknown,ECDC_CURRENT_GENERAL_ANNUAL_2026_08,"Croatia annual Member-State reported aggregate cases from the public ECDC Surveillance Atlas; published zeroes are explicit, absent topic/year cells remain unknown, and combined populations are emitted only when every reviewed component is present. Data provided by ECDC based on data reported by EU/EEA Member States.",,raw,True,series_registry,single_series,parity,,SER_HR_ECDC_HIV_INFECTION_ANNUAL,1,The public curve is read directly from one registered source series.,ecdc_atlas_annual,ECDC Surveillance Atlas — Croatia Annual Baseline,https://atlas.ecdc.europa.eu/public/index.aspx/,official_ecdc_rest_aggregate,ecdc_atlas_annual,ECDC Surveillance Atlas — Croatia Annual Baseline,https://atlas.ecdc.europa.eu/public/index.aspx/,official_ecdc_rest_aggregate
country,hr,hr,Croatia,public_projection,HR,Croatia,D167,Congenital syphilis,先天性梅毒,Bacterial,2016-01-01,2016-01,0,0,,,0.0,wpp_computed,,SER_HR_ECDC_CONSYPH_ANNUAL,,,,,,annual,,,,,,,,,,,,,,series_registry,single_series,parity,,SER_HR_ECDC_CONSYPH_ANNUAL,1,The public curve is read directly from one registered source series.,ecdc_atlas_annual,ECDC Surveillance Atlas — Croatia Annual Baseline,https://atlas.ecdc.europa.eu/public/index.aspx/,official_ecdc_rest_aggregate,ecdc_atlas_annual,ECDC Surveillance Atlas — Croatia Annual Baseline,https://atlas.ecdc.europa.eu/public/index.aspx/,official_ecdc_rest_aggregate
country,hr,hr,Croatia,source_series_observation,HR,Croatia,D167,Congenital syphilis,先天性梅毒,Bacterial,2016-01-01,2016-01,0,0,,,,,,SER_HR_ECDC_CONSYPH_ANNUAL,SER_HR_ECDC_CONSYPH_ANNUAL,SRC_HR_ECDC_ATLAS,"Syphilis, congenital",case_notifications,ecdc_member_state_reported_aggregate_surveillance,annual,count,country:HR:national,all,exact,conditional,non_additive,active,missing_is_unknown,ECDC_CURRENT_GENERAL_ANNUAL_2026_08,"Croatia annual Member-State reported aggregate cases from the public ECDC Surveillance Atlas; published zeroes are explicit, absent topic/year cells remain unknown, and combined populations are emitted only when every reviewed component is present. Data provided by ECDC based on data reported by EU/EEA Member States.",,raw,True,series_registry,single_series,parity,,SER_HR_ECDC_CONSYPH_ANNUAL,1,The public curve is read directly from one registered source series.,ecdc_atlas_annual,ECDC Surveillance Atlas — Croatia Annual Baseline,https://atlas.ecdc.europa.eu/public/index.aspx/,official_ecdc_rest_aggregate,ecdc_atlas_annual,ECDC Surveillance Atlas — Croatia Annual Baseline,https://atlas.ecdc.europa.eu/public/index.aspx/,official_ecdc_rest_aggregate
country,hr,hr,Croatia,public_projection,HR,Croatia,D173,Rift Valley fever,裂谷热,Viral,2016-01-01,2016-01,0,0,,,0.0,wpp_computed,,SER_HR_ECDC_RIFT_ANNUAL,,,,,,annual,,,,,,,,,,,,,,series_registry,single_series,parity,,SER_HR_ECDC_RIFT_ANNUAL,1,The public curve is read directly from one registered source series.,ecdc_atlas_annual,ECDC Surveillance Atlas — Croatia Annual Baseline,https://atlas.ecdc.europa.eu/public/index.aspx/,official_ecdc_rest_aggregate,ecdc_atlas_annual,ECDC Surveillance Atlas — Croatia Annual Baseline,https://atlas.ecdc.europa.eu/public/index.aspx/,official_ecdc_rest_aggregate
country,hr,hr,Croatia,source_series_observation,HR,Croatia,D173,Rift Valley fever,裂谷热,Viral,2016-01-01,2016-01,0,0,,,,,,SER_HR_ECDC_RIFT_ANNUAL,SER_HR_ECDC_RIFT_ANNUAL,SRC_HR_ECDC_ATLAS,Rift valley fever,case_notifications,ecdc_member_state_reported_aggregate_surveillance,annual,count,country:HR:national,all,exact,conditional,non_additive,active,missing_is_unknown,ECDC_CURRENT_GENERAL_ANNUAL_2026_08,"Croatia annual Member-State reported aggregate cases from the public ECDC Surveillance Atlas; published zeroes are explicit, absent topic/year cells remain unknown, and combined populations are emitted only when every reviewed component is present. Data provided by ECDC based on data reported by EU/EEA Member States.",,raw,True,series_registry,single_series,parity,,SER_HR_ECDC_RIFT_ANNUAL,1,The public curve is read directly from one registered source series.,ecdc_atlas_annual,ECDC Surveillance Atlas — Croatia Annual Baseline,https://atlas.ecdc.europa.eu/public/index.aspx/,official_ecdc_rest_aggregate,ecdc_atlas_annual,ECDC Surveillance Atlas — Croatia Annual Baseline,https://atlas.ecdc.europa.eu/public/index.aspx/,official_ecdc_rest_aggregate
country,hr,hr,Croatia,public_projection,HR,Croatia,D203,Crimean-Congo hemorrhagic fever,克里米亚-刚果出血热,Viral,2016-01-01,2016-01,0,0,,,0.0,wpp_computed,,SER_HR_ECDC_CCHF_ANNUAL,,,,,,annual,,,,,,,,,,,,,,series_registry,single_series,parity,,SER_HR_ECDC_CCHF_ANNUAL,1,The public curve is read directly from one registered source series.,ecdc_atlas_annual,ECDC Surveillance Atlas — Croatia Annual Baseline,https://atlas.ecdc.europa.eu/public/index.aspx/,official_ecdc_rest_aggregate,ecdc_atlas_annual,ECDC Surveillance Atlas — Croatia Annual Baseline,https://atlas.ecdc.europa.eu/public/index.aspx/,official_ecdc_rest_aggregate
country,hr,hr,Croatia,source_series_observation,HR,Croatia,D203,Crimean-Congo hemorrhagic fever,克里米亚-刚果出血热,Viral,2016-01-01,2016-01,0,0,,,,,,SER_HR_ECDC_CCHF_ANNUAL,SER_HR_ECDC_CCHF_ANNUAL,SRC_HR_ECDC_ATLAS,Crimean-Congo haemorrhagic fever,case_notifications,ecdc_member_state_reported_aggregate_surveillance,annual,count,country:HR:national,all,exact,conditional,non_additive,active,missing_is_unknown,ECDC_CURRENT_GENERAL_ANNUAL_2026_08,"Croatia annual Member-State reported aggregate cases from the public ECDC Surveillance Atlas; published zeroes are explicit, absent topic/year cells remain unknown, and combined populations are emitted only when every reviewed component is present. Data provided by ECDC based on data reported by EU/EEA Member States.",,raw,True,series_registry,single_series,parity,,SER_HR_ECDC_CCHF_ANNUAL,1,The public curve is read directly from one registered source series.,ecdc_atlas_annual,ECDC Surveillance Atlas — Croatia Annual Baseline,https://atlas.ecdc.europa.eu/public/index.aspx/,official_ecdc_rest_aggregate,ecdc_atlas_annual,ECDC Surveillance Atlas — Croatia Annual Baseline,https://atlas.ecdc.europa.eu/public/index.aspx/,official_ecdc_rest_aggregate
country,hr,hr,Croatia,public_projection,HR,Croatia,D205,Tick-borne encephalitis,蜱传脑炎,Viral,2016-01-01,2016-01,6,6,,,0.14505214443277176,wpp_computed,,SER_HR_ECDC_TBE_ANNUAL,,,,,,annual,,,,,,,,,,,,,,series_registry,single_series,parity,,SER_HR_ECDC_TBE_ANNUAL,1,The public curve is read directly from one registered source series.,ecdc_atlas_annual,ECDC Surveillance Atlas — Croatia Annual Baseline,https://atlas.ecdc.europa.eu/public/index.aspx/,official_ecdc_rest_aggregate,ecdc_atlas_annual,ECDC Surveillance Atlas — Croatia Annual Baseline,https://atlas.ecdc.europa.eu/public/index.aspx/,official_ecdc_rest_aggregate
country,hr,hr,Croatia,source_series_observation,HR,Croatia,D205,Tick-borne encephalitis,蜱传脑炎,Viral,2016-01-01,2016-01,6,6,,,,,,SER_HR_ECDC_TBE_ANNUAL,SER_HR_ECDC_TBE_ANNUAL,SRC_HR_ECDC_ATLAS,Tick-borne encephalitis,case_notifications,ecdc_member_state_reported_aggregate_surveillance,annual,count,country:HR:national,all,exact,conditional,non_additive,active,missing_is_unknown,ECDC_CURRENT_GENERAL_ANNUAL_2026_08,"Croatia annual Member-State reported aggregate cases from the public ECDC Surveillance Atlas; published zeroes are explicit, absent topic/year cells remain unknown, and combined populations are emitted only when every reviewed component is present. Data provided by ECDC based on data reported by EU/EEA Member States.",,raw,True,series_registry,single_series,parity,,SER_HR_ECDC_TBE_ANNUAL,1,The public curve is read directly from one registered source series.,ecdc_atlas_annual,ECDC Surveillance Atlas — Croatia Annual Baseline,https://atlas.ecdc.europa.eu/public/index.aspx/,official_ecdc_rest_aggregate,ecdc_atlas_annual,ECDC Surveillance Atlas — Croatia Annual Baseline,https://atlas.ecdc.europa.eu/public/index.aspx/,official_ecdc_rest_aggregate
country,hr,hr,Croatia,public_projection,HR,Croatia,D242,Lymphogranuloma venereum,性病性淋巴肉芽肿,Bacterial,2016-01-01,2016-01,0,0,,,0.0,wpp_computed,,SER_HR_ECDC_LGV_ANNUAL,,,,,,annual,,,,,,,,,,,,,,series_registry,single_series,parity,,SER_HR_ECDC_LGV_ANNUAL,1,The public curve is read directly from one registered source series.,ecdc_atlas_annual,ECDC Surveillance Atlas — Croatia Annual Baseline,https://atlas.ecdc.europa.eu/public/index.aspx/,official_ecdc_rest_aggregate,ecdc_atlas_annual,ECDC Surveillance Atlas — Croatia Annual Baseline,https://atlas.ecdc.europa.eu/public/index.aspx/,official_ecdc_rest_aggregate
country,hr,hr,Croatia,source_series_observation,HR,Croatia,D242,Lymphogranuloma venereum,性病性淋巴肉芽肿,Bacterial,2016-01-01,2016-01,0,0,,,,,,SER_HR_ECDC_LGV_ANNUAL,SER_HR_ECDC_LGV_ANNUAL,SRC_HR_ECDC_ATLAS,"Chlamydia infection, lymphogranuloma venereum",case_notifications,ecdc_member_state_reported_aggregate_surveillance,annual,count,country:HR:national,all,exact,conditional,non_additive,active,missing_is_unknown,ECDC_CURRENT_GENERAL_ANNUAL_2026_08,"Croatia annual Member-State reported aggregate cases from the public ECDC Surveillance Atlas; published zeroes are explicit, absent topic/year cells remain unknown, and combined populations are emitted only when every reviewed component is present. Data provided by ECDC based on data reported by EU/EEA Member States.",,raw,True,series_registry,single_series,parity,,SER_HR_ECDC_LGV_ANNUAL,1,The public curve is read directly from one registered source series.,ecdc_atlas_annual,ECDC Surveillance Atlas — Croatia Annual Baseline,https://atlas.ecdc.europa.eu/public/index.aspx/,official_ecdc_rest_aggregate,ecdc_atlas_annual,ECDC Surveillance Atlas — Croatia Annual Baseline,https://atlas.ecdc.europa.eu/public/index.aspx/,official_ecdc_rest_aggregate
country,hr,hr,Croatia,public_projection,HR,Croatia,D001,Plague,鼠疫,Bacterial,2017-01-01,2017-01,0,0,,,0.0,wpp_computed,,SER_HR_ECDC_PLAG_ANNUAL,,,,,,annual,,,,,,,,,,,,,,series_registry,single_series,parity,,SER_HR_ECDC_PLAG_ANNUAL,1,The public curve is read directly from one registered source series.,ecdc_atlas_annual,ECDC Surveillance Atlas — Croatia Annual Baseline,https://atlas.ecdc.europa.eu/public/index.aspx/,official_ecdc_rest_aggregate,ecdc_atlas_annual,ECDC Surveillance Atlas — Croatia Annual Baseline,https://atlas.ecdc.europa.eu/public/index.aspx/,official_ecdc_rest_aggregate
country,hr,hr,Croatia,source_series_observation,HR,Croatia,D001,Plague,鼠疫,Bacterial,2017-01-01,2017-01,0,0,,,,,,SER_HR_ECDC_PLAG_ANNUAL,SER_HR_ECDC_PLAG_ANNUAL,SRC_HR_ECDC_ATLAS,Plague,case_notifications,ecdc_member_state_reported_aggregate_surveillance,annual,count,country:HR:national,all,exact,conditional,non_additive,active,missing_is_unknown,ECDC_CURRENT_GENERAL_ANNUAL_2026_08,"Croatia annual Member-State reported aggregate cases from the public ECDC Surveillance Atlas; published zeroes are explicit, absent topic/year cells remain unknown, and combined populations are emitted only when every reviewed component is present. Data provided by ECDC based on data reported by EU/EEA Member States.",,raw,True,series_registry,single_series,parity,,SER_HR_ECDC_PLAG_ANNUAL,1,The public curve is read directly from one registered source series.,ecdc_atlas_annual,ECDC Surveillance Atlas — Croatia Annual Baseline,https://atlas.ecdc.europa.eu/public/index.aspx/,official_ecdc_rest_aggregate,ecdc_atlas_annual,ECDC Surveillance Atlas — Croatia Annual Baseline,https://atlas.ecdc.europa.eu/public/index.aspx/,official_ecdc_rest_aggregate
country,hr,hr,Croatia,public_projection,HR,Croatia,D002,Cholera,霍乱,Bacterial,2017-01-01,2017-01,0,0,,,0.0,wpp_computed,,SER_HR_ECDC_CHOL_ANNUAL,,,,,,annual,,,,,,,,,,,,,,series_registry,single_series,parity,,SER_HR_ECDC_CHOL_ANNUAL,1,The public curve is read directly from one registered source series.,ecdc_atlas_annual,ECDC Surveillance Atlas — Croatia Annual Baseline,https://atlas.ecdc.europa.eu/public/index.aspx/,official_ecdc_rest_aggregate,ecdc_atlas_annual,ECDC Surveillance Atlas — Croatia Annual Baseline,https://atlas.ecdc.europa.eu/public/index.aspx/,official_ecdc_rest_aggregate
country,hr,hr,Croatia,source_series_observation,HR,Croatia,D002,Cholera,霍乱,Bacterial,2017-01-01,2017-01,0,0,,,,,,SER_HR_ECDC_CHOL_ANNUAL,SER_HR_ECDC_CHOL_ANNUAL,SRC_HR_ECDC_ATLAS,Cholera,case_notifications,ecdc_member_state_reported_aggregate_surveillance,annual,count,country:HR:national,all,exact,conditional,non_additive,active,missing_is_unknown,ECDC_CURRENT_GENERAL_ANNUAL_2026_08,"Croatia annual Member-State reported aggregate cases from the public ECDC Surveillance Atlas; published zeroes are explicit, absent topic/year cells remain unknown, and combined populations are emitted only when every reviewed component is present. Data provided by ECDC based on data reported by EU/EEA Member States.",,raw,True,series_registry,single_series,parity,,SER_HR_ECDC_CHOL_ANNUAL,1,The public curve is read directly from one registered source series.,ecdc_atlas_annual,ECDC Surveillance Atlas — Croatia Annual Baseline,https://atlas.ecdc.europa.eu/public/index.aspx/,official_ecdc_rest_aggregate,ecdc_atlas_annual,ECDC Surveillance Atlas — Croatia Annual Baseline,https://atlas.ecdc.europa.eu/public/index.aspx/,official_ecdc_rest_aggregate
country,hr,hr,Croatia,public_projection,HR,Croatia,D005,AIDS,艾滋病,Viral,2017-01-01,2017-01,24,24,,,0.588350656991567,wpp_computed,,SER_HR_ECDC_AIDS_ANNUAL,,,,,,annual,,,,,,,,,,,,,,series_registry,single_series,parity,,SER_HR_ECDC_AIDS_ANNUAL,1,The public curve is read directly from one registered source series.,ecdc_atlas_annual,ECDC Surveillance Atlas — Croatia Annual Baseline,https://atlas.ecdc.europa.eu/public/index.aspx/,official_ecdc_rest_aggregate,ecdc_atlas_annual,ECDC Surveillance Atlas — Croatia Annual Baseline,https://atlas.ecdc.europa.eu/public/index.aspx/,official_ecdc_rest_aggregate
country,hr,hr,Croatia,source_series_observation,HR,Croatia,D005,AIDS,艾滋病,Viral,2017-01-01,2017-01,24,24,,,,,,SER_HR_ECDC_AIDS_ANNUAL,SER_HR_ECDC_AIDS_ANNUAL,SRC_HR_ECDC_ATLAS,AIDS,case_notifications,ecdc_member_state_reported_aggregate_surveillance,annual,count,country:HR:national,all,exact,conditional,non_additive,active,missing_is_unknown,ECDC_CURRENT_GENERAL_ANNUAL_2026_08,"Croatia annual Member-State reported aggregate cases from the public ECDC Surveillance Atlas; published zeroes are explicit, absent topic/year cells remain unknown, and combined populations are emitted only when every reviewed component is present. Data provided by ECDC based on data reported by EU/EEA Member States.",,raw,True,series_registry,single_series,parity,,SER_HR_ECDC_AIDS_ANNUAL,1,The public curve is read directly from one registered source series.,ecdc_atlas_annual,ECDC Surveillance Atlas — Croatia Annual Baseline,https://atlas.ecdc.europa.eu/public/index.aspx/,official_ecdc_rest_aggregate,ecdc_atlas_annual,ECDC Surveillance Atlas — Croatia Annual Baseline,https://atlas.ecdc.europa.eu/public/index.aspx/,official_ecdc_rest_aggregate
country,hr,hr,Croatia,public_projection,HR,Croatia,D007,Hepatitis A,甲型肝炎,Viral,2017-01-01,2017-01,46,46,,,1.1276720925671702,wpp_computed,,SER_HR_ECDC_HEPA_ANNUAL,,,,,,annual,,,,,,,,,,,,,,series_registry,single_series,parity,,SER_HR_ECDC_HEPA_ANNUAL,1,The public curve is read directly from one registered source series.,ecdc_atlas_annual,ECDC Surveillance Atlas — Croatia Annual Baseline,https://atlas.ecdc.europa.eu/public/index.aspx/,official_ecdc_rest_aggregate,ecdc_atlas_annual,ECDC Surveillance Atlas — Croatia Annual Baseline,https://atlas.ecdc.europa.eu/public/index.aspx/,official_ecdc_rest_aggregate
country,hr,hr,Croatia,source_series_observation,HR,Croatia,D007,Hepatitis A,甲型肝炎,Viral,2017-01-01,2017-01,46,46,,,,,,SER_HR_ECDC_HEPA_ANNUAL,SER_HR_ECDC_HEPA_ANNUAL,SRC_HR_ECDC_ATLAS,Hepatitis A,case_notifications,ecdc_member_state_reported_aggregate_surveillance,annual,count,country:HR:national,all,exact,conditional,non_additive,active,missing_is_unknown,ECDC_CURRENT_GENERAL_ANNUAL_2026_08,"Croatia annual Member-State reported aggregate cases from the public ECDC Surveillance Atlas; published zeroes are explicit, absent topic/year cells remain unknown, and combined populations are emitted only when every reviewed component is present. Data provided by ECDC based on data reported by EU/EEA Member States.",,raw,True,series_registry,single_series,parity,,SER_HR_ECDC_HEPA_ANNUAL,1,The public curve is read directly from one registered source series.,ecdc_atlas_annual,ECDC Surveillance Atlas — Croatia Annual Baseline,https://atlas.ecdc.europa.eu/public/index.aspx/,official_ecdc_rest_aggregate,ecdc_atlas_annual,ECDC Surveillance Atlas — Croatia Annual Baseline,https://atlas.ecdc.europa.eu/public/index.aspx/,official_ecdc_rest_aggregate
country,hr,hr,Croatia,public_projection,HR,Croatia,D009,Hepatitis C,丙型肝炎,Viral,2017-01-01,2017-01,213,213,,,5.221612080800157,wpp_computed,,SER_HR_ECDC_HEPC_ANNUAL,,,,,,annual,,,,,,,,,,,,,,series_registry,single_series,parity,,SER_HR_ECDC_HEPC_ANNUAL,1,The public curve is read directly from one registered source series.,ecdc_atlas_annual,ECDC Surveillance Atlas — Croatia Annual Baseline,https://atlas.ecdc.europa.eu/public/index.aspx/,official_ecdc_rest_aggregate,ecdc_atlas_annual,ECDC Surveillance Atlas — Croatia Annual Baseline,https://atlas.ecdc.europa.eu/public/index.aspx/,official_ecdc_rest_aggregate
country,hr,hr,Croatia,source_series_observation,HR,Croatia,D009,Hepatitis C,丙型肝炎,Viral,2017-01-01,2017-01,213,213,,,,,,SER_HR_ECDC_HEPC_ANNUAL,SER_HR_ECDC_HEPC_ANNUAL,SRC_HR_ECDC_ATLAS,Hepatitis C,case_notifications,ecdc_member_state_reported_aggregate_surveillance,annual,count,country:HR:national,all,exact,conditional,non_additive,active,missing_is_unknown,ECDC_CURRENT_GENERAL_ANNUAL_2026_08,"Croatia annual Member-State reported aggregate cases from the public ECDC Surveillance Atlas; published zeroes are explicit, absent topic/year cells remain unknown, and combined populations are emitted only when every reviewed component is present. Data provided by ECDC based on data reported by EU/EEA Member States.",,raw,True,series_registry,single_series,parity,,SER_HR_ECDC_HEPC_ANNUAL,1,The public curve is read directly from one registered source series.,ecdc_atlas_annual,ECDC Surveillance Atlas — Croatia Annual Baseline,https://atlas.ecdc.europa.eu/public/index.aspx/,official_ecdc_rest_aggregate,ecdc_atlas_annual,ECDC Surveillance Atlas — Croatia Annual Baseline,https://atlas.ecdc.europa.eu/public/index.aspx/,official_ecdc_rest_aggregate
country,hr,hr,Croatia,public_projection,HR,Croatia,D017,Measles,麻疹,Viral,2017-01-01,2017-01,7,7,,,0.1716022749558737,wpp_computed,,SER_HR_ECDC_MEAS_ANNUAL,,,,,,annual,,,,,,,,,,,,,,series_registry,single_series,parity,,SER_HR_ECDC_MEAS_ANNUAL,1,The public curve is read directly from one registered source series.,ecdc_atlas_annual,ECDC Surveillance Atlas — Croatia Annual Baseline,https://atlas.ecdc.europa.eu/public/index.aspx/,official_ecdc_rest_aggregate,ecdc_atlas_annual,ECDC Surveillance Atlas — Croatia Annual Baseline,https://atlas.ecdc.europa.eu/public/index.aspx/,official_ecdc_rest_aggregate
country,hr,hr,Croatia,source_series_observation,HR,Croatia,D017,Measles,麻疹,Viral,2017-01-01,2017-01,7,7,,,,,,SER_HR_ECDC_MEAS_ANNUAL,SER_HR_ECDC_MEAS_ANNUAL,SRC_HR_ECDC_ATLAS,Measles,case_notifications,ecdc_member_state_reported_aggregate_surveillance,annual,count,country:HR:national,all,exact,conditional,non_additive,active,missing_is_unknown,ECDC_CURRENT_GENERAL_ANNUAL_2026_08,"Croatia annual Member-State reported aggregate cases from the public ECDC Surveillance Atlas; published zeroes are explicit, absent topic/year cells remain unknown, and combined populations are emitted only when every reviewed component is present. Data provided by ECDC based on data reported by EU/EEA Member States.",,raw,True,series_registry,single_series,parity,,SER_HR_ECDC_MEAS_ANNUAL,1,The public curve is read directly from one registered source series.,ecdc_atlas_annual,ECDC Surveillance Atlas — Croatia Annual Baseline,https://atlas.ecdc.europa.eu/public/index.aspx/,official_ecdc_rest_aggregate,ecdc_atlas_annual,ECDC Surveillance Atlas — Croatia Annual Baseline,https://atlas.ecdc.europa.eu/public/index.aspx/,official_ecdc_rest_aggregate
country,hr,hr,Croatia,public_projection,HR,Croatia,D019,Rabies,狂犬病,Viral,2017-01-01,2017-01,0,0,,,0.0,wpp_computed,,SER_HR_ECDC_RABI_ANNUAL,,,,,,annual,,,,,,,,,,,,,,series_registry,single_series,parity,,SER_HR_ECDC_RABI_ANNUAL,1,The public curve is read directly from one registered source series.,ecdc_atlas_annual,ECDC Surveillance Atlas — Croatia Annual Baseline,https://atlas.ecdc.europa.eu/public/index.aspx/,official_ecdc_rest_aggregate,ecdc_atlas_annual,ECDC Surveillance Atlas — Croatia Annual Baseline,https://atlas.ecdc.europa.eu/public/index.aspx/,official_ecdc_rest_aggregate
country,hr,hr,Croatia,source_series_observation,HR,Croatia,D019,Rabies,狂犬病,Viral,2017-01-01,2017-01,0,0,,,,,,SER_HR_ECDC_RABI_ANNUAL,SER_HR_ECDC_RABI_ANNUAL,SRC_HR_ECDC_ATLAS,Rabies,case_notifications,ecdc_member_state_reported_aggregate_surveillance,annual,count,country:HR:national,all,exact,conditional,non_additive,active,missing_is_unknown,ECDC_CURRENT_GENERAL_ANNUAL_2026_08,"Croatia annual Member-State reported aggregate cases from the public ECDC Surveillance Atlas; published zeroes are explicit, absent topic/year cells remain unknown, and combined populations are emitted only when every reviewed component is present. Data provided by ECDC based on data reported by EU/EEA Member States.",,raw,True,series_registry,single_series,parity,,SER_HR_ECDC_RABI_ANNUAL,1,The public curve is read directly from one registered source series.,ecdc_atlas_annual,ECDC Surveillance Atlas — Croatia Annual Baseline,https://atlas.ecdc.europa.eu/public/index.aspx/,official_ecdc_rest_aggregate,ecdc_atlas_annual,ECDC Surveillance Atlas — Croatia Annual Baseline,https://atlas.ecdc.europa.eu/public/index.aspx/,official_ecdc_rest_aggregate
country,hr,hr,Croatia,public_projection,HR,Croatia,D021,Dengue,登革热,Viral,2017-01-01,2017-01,0,0,,,0.0,wpp_computed,,SER_HR_ECDC_DENGUE_ANNUAL,,,,,,annual,,,,,,,,,,,,,,series_registry,single_series,parity,,SER_HR_ECDC_DENGUE_ANNUAL,1,The public curve is read directly from one registered source series.,ecdc_atlas_annual,ECDC Surveillance Atlas — Croatia Annual Baseline,https://atlas.ecdc.europa.eu/public/index.aspx/,official_ecdc_rest_aggregate,ecdc_atlas_annual,ECDC Surveillance Atlas — Croatia Annual Baseline,https://atlas.ecdc.europa.eu/public/index.aspx/,official_ecdc_rest_aggregate
country,hr,hr,Croatia,source_series_observation,HR,Croatia,D021,Dengue,登革热,Viral,2017-01-01,2017-01,0,0,,,,,,SER_HR_ECDC_DENGUE_ANNUAL,SER_HR_ECDC_DENGUE_ANNUAL,SRC_HR_ECDC_ATLAS,Dengue,case_notifications,ecdc_member_state_reported_aggregate_surveillance,annual,count,country:HR:national,all,exact,conditional,non_additive,active,missing_is_unknown,ECDC_CURRENT_GENERAL_ANNUAL_2026_08,"Croatia annual Member-State reported aggregate cases from the public ECDC Surveillance Atlas; published zeroes are explicit, absent topic/year cells remain unknown, and combined populations are emitted only when every reviewed component is present. Data provided by ECDC based on data reported by EU/EEA Member States.",,raw,True,series_registry,single_series,parity,,SER_HR_ECDC_DENGUE_ANNUAL,1,The public curve is read directly from one registered source series.,ecdc_atlas_annual,ECDC Surveillance Atlas — Croatia Annual Baseline,https://atlas.ecdc.europa.eu/public/index.aspx/,official_ecdc_rest_aggregate,ecdc_atlas_annual,ECDC Surveillance Atlas — Croatia Annual Baseline,https://atlas.ecdc.europa.eu/public/index.aspx/,official_ecdc_rest_aggregate
country,hr,hr,Croatia,public_projection,HR,Croatia,D023,Anthrax,炭疽,Bacterial,2017-01-01,2017-01,0,0,,,0.0,wpp_computed,,SER_HR_ECDC_ANTH_ANNUAL,,,,,,annual,,,,,,,,,,,,,,series_registry,single_series,parity,,SER_HR_ECDC_ANTH_ANNUAL,1,The public curve is read directly from one registered source series.,ecdc_atlas_annual,ECDC Surveillance Atlas — Croatia Annual Baseline,https://atlas.ecdc.europa.eu/public/index.aspx/,official_ecdc_rest_aggregate,ecdc_atlas_annual,ECDC Surveillance Atlas — Croatia Annual Baseline,https://atlas.ecdc.europa.eu/public/index.aspx/,official_ecdc_rest_aggregate
country,hr,hr,Croatia,source_series_observation,HR,Croatia,D023,Anthrax,炭疽,Bacterial,2017-01-01,2017-01,0,0,,,,,,SER_HR_ECDC_ANTH_ANNUAL,SER_HR_ECDC_ANTH_ANNUAL,SRC_HR_ECDC_ATLAS,Anthrax,case_notifications,ecdc_member_state_reported_aggregate_surveillance,annual,count,country:HR:national,all,exact,conditional,non_additive,active,missing_is_unknown,ECDC_CURRENT_GENERAL_ANNUAL_2026_08,"Croatia annual Member-State reported aggregate cases from the public ECDC Surveillance Atlas; published zeroes are explicit, absent topic/year cells remain unknown, and combined populations are emitted only when every reviewed component is present. Data provided by ECDC based on data reported by EU/EEA Member States.",,raw,True,series_registry,single_series,parity,,SER_HR_ECDC_ANTH_ANNUAL,1,The public curve is read directly from one registered source series.,ecdc_atlas_annual,ECDC Surveillance Atlas — Croatia Annual Baseline,https://atlas.ecdc.europa.eu/public/index.aspx/,official_ecdc_rest_aggregate,ecdc_atlas_annual,ECDC Surveillance Atlas — Croatia Annual Baseline,https://atlas.ecdc.europa.eu/public/index.aspx/,official_ecdc_rest_aggregate
country,hr,hr,Croatia,public_projection,HR,Croatia,D025,Tuberculosis,肺结核,Bacterial,2017-01-01,2017-01,378,378,,,9.26652284761718,wpp_computed,,SER_HR_ECDC_TUBE_ANNUAL,,,,,,annual,,,,,,,,,,,,,,series_registry,single_series,parity,,SER_HR_ECDC_TUBE_ANNUAL,1,The public curve is read directly from one registered source series.,ecdc_atlas_annual,ECDC Surveillance Atlas — Croatia Annual Baseline,https://atlas.ecdc.europa.eu/public/index.aspx/,official_ecdc_rest_aggregate,ecdc_atlas_annual,ECDC Surveillance Atlas — Croatia Annual Baseline,https://atlas.ecdc.europa.eu/public/index.aspx/,official_ecdc_rest_aggregate
country,hr,hr,Croatia,source_series_observation,HR,Croatia,D025,Tuberculosis,肺结核,Bacterial,2017-01-01,2017-01,378,378,,,,,,SER_HR_ECDC_TUBE_ANNUAL,SER_HR_ECDC_TUBE_ANNUAL,SRC_HR_ECDC_ATLAS,Tuberculosis,case_notifications,ecdc_member_state_reported_aggregate_surveillance,annual,count,country:HR:national,all,exact,conditional,non_additive,active,missing_is_unknown,ECDC_CURRENT_GENERAL_ANNUAL_2026_08,"Croatia annual Member-State reported aggregate cases from the public ECDC Surveillance Atlas; published zeroes are explicit, absent topic/year cells remain unknown, and combined populations are emitted only when every reviewed component is present. Data provided by ECDC based on data reported by EU/EEA Member States.",,raw,True,series_registry,single_series,parity,,SER_HR_ECDC_TUBE_ANNUAL,1,The public curve is read directly from one registered source series.,ecdc_atlas_annual,ECDC Surveillance Atlas — Croatia Annual Baseline,https://atlas.ecdc.europa.eu/public/index.aspx/,official_ecdc_rest_aggregate,ecdc_atlas_annual,ECDC Surveillance Atlas — Croatia Annual Baseline,https://atlas.ecdc.europa.eu/public/index.aspx/,official_ecdc_rest_aggregate
country,hr,hr,Croatia,public_projection,HR,Croatia,D028,Pertussis,百日咳,Bacterial,2017-01-01,2017-01,78,78,,,1.9121396352225928,wpp_computed,,SER_HR_ECDC_PERT_ANNUAL,,,,,,annual,,,,,,,,,,,,,,series_registry,single_series,parity,,SER_HR_ECDC_PERT_ANNUAL,1,The public curve is read directly from one registered source series.,ecdc_atlas_annual,ECDC Surveillance Atlas — Croatia Annual Baseline,https://atlas.ecdc.europa.eu/public/index.aspx/,official_ecdc_rest_aggregate,ecdc_atlas_annual,ECDC Surveillance Atlas — Croatia Annual Baseline,https://atlas.ecdc.europa.eu/public/index.aspx/,official_ecdc_rest_aggregate
country,hr,hr,Croatia,source_series_observation,HR,Croatia,D028,Pertussis,百日咳,Bacterial,2017-01-01,2017-01,78,78,,,,,,SER_HR_ECDC_PERT_ANNUAL,SER_HR_ECDC_PERT_ANNUAL,SRC_HR_ECDC_ATLAS,Pertussis,case_notifications,ecdc_member_state_reported_aggregate_surveillance,annual,count,country:HR:national,all,exact,conditional,non_additive,active,missing_is_unknown,ECDC_CURRENT_GENERAL_ANNUAL_2026_08,"Croatia annual Member-State reported aggregate cases from the public ECDC Surveillance Atlas; published zeroes are explicit, absent topic/year cells remain unknown, and combined populations are emitted only when every reviewed component is present. Data provided by ECDC based on data reported by EU/EEA Member States.",,raw,True,series_registry,single_series,parity,,SER_HR_ECDC_PERT_ANNUAL,1,The public curve is read directly from one registered source series.,ecdc_atlas_annual,ECDC Surveillance Atlas — Croatia Annual Baseline,https://atlas.ecdc.europa.eu/public/index.aspx/,official_ecdc_rest_aggregate,ecdc_atlas_annual,ECDC Surveillance Atlas — Croatia Annual Baseline,https://atlas.ecdc.europa.eu/public/index.aspx/,official_ecdc_rest_aggregate
country,hr,hr,Croatia,public_projection,HR,Croatia,D032,Brucellosis,布鲁氏菌病,Bacterial,2017-01-01,2017-01,1,1,,,0.024514610707981957,wpp_computed,,SER_HR_ECDC_BRUC_ANNUAL,,,,,,annual,,,,,,,,,,,,,,series_registry,single_series,parity,,SER_HR_ECDC_BRUC_ANNUAL,1,The public curve is read directly from one registered source series.,ecdc_atlas_annual,ECDC Surveillance Atlas — Croatia Annual Baseline,https://atlas.ecdc.europa.eu/public/index.aspx/,official_ecdc_rest_aggregate,ecdc_atlas_annual,ECDC Surveillance Atlas — Croatia Annual Baseline,https://atlas.ecdc.europa.eu/public/index.aspx/,official_ecdc_rest_aggregate
country,hr,hr,Croatia,source_series_observation,HR,Croatia,D032,Brucellosis,布鲁氏菌病,Bacterial,2017-01-01,2017-01,1,1,,,,,,SER_HR_ECDC_BRUC_ANNUAL,SER_HR_ECDC_BRUC_ANNUAL,SRC_HR_ECDC_ATLAS,Brucellosis,case_notifications,ecdc_member_state_reported_aggregate_surveillance,annual,count,country:HR:national,all,exact,conditional,non_additive,active,missing_is_unknown,ECDC_CURRENT_GENERAL_ANNUAL_2026_08,"Croatia annual Member-State reported aggregate cases from the public ECDC Surveillance Atlas; published zeroes are explicit, absent topic/year cells remain unknown, and combined populations are emitted only when every reviewed component is present. Data provided by ECDC based on data reported by EU/EEA Member States.",,raw,True,series_registry,single_series,parity,,SER_HR_ECDC_BRUC_ANNUAL,1,The public curve is read directly from one registered source series.,ecdc_atlas_annual,ECDC Surveillance Atlas — Croatia Annual Baseline,https://atlas.ecdc.europa.eu/public/index.aspx/,official_ecdc_rest_aggregate,ecdc_atlas_annual,ECDC Surveillance Atlas — Croatia Annual Baseline,https://atlas.ecdc.europa.eu/public/index.aspx/,official_ecdc_rest_aggregate
country,hr,hr,Croatia,public_projection,HR,Croatia,D033,Gonorrhea,淋病,Bacterial,2017-01-01,2017-01,30,30,,,0.7354383212394587,wpp_computed,,SER_HR_ECDC_GONO_ANNUAL,,,,,,annual,,,,,,,,,,,,,,series_registry,single_series,parity,,SER_HR_ECDC_GONO_ANNUAL,1,The public curve is read directly from one registered source series.,ecdc_atlas_annual,ECDC Surveillance Atlas — Croatia Annual Baseline,https://atlas.ecdc.europa.eu/public/index.aspx/,official_ecdc_rest_aggregate,ecdc_atlas_annual,ECDC Surveillance Atlas — Croatia Annual Baseline,https://atlas.ecdc.europa.eu/public/index.aspx/,official_ecdc_rest_aggregate
country,hr,hr,Croatia,source_series_observation,HR,Croatia,D033,Gonorrhea,淋病,Bacterial,2017-01-01,2017-01,30,30,,,,,,SER_HR_ECDC_GONO_ANNUAL,SER_HR_ECDC_GONO_ANNUAL,SRC_HR_ECDC_ATLAS,Gonorrhoea,case_notifications,ecdc_member_state_reported_aggregate_surveillance,annual,count,country:HR:national,all,exact,conditional,non_additive,active,missing_is_unknown,ECDC_CURRENT_GENERAL_ANNUAL_2026_08,"Croatia annual Member-State reported aggregate cases from the public ECDC Surveillance Atlas; published zeroes are explicit, absent topic/year cells remain unknown, and combined populations are emitted only when every reviewed component is present. Data provided by ECDC based on data reported by EU/EEA Member States.",,raw,True,series_registry,single_series,parity,,SER_HR_ECDC_GONO_ANNUAL,1,The public curve is read directly from one registered source series.,ecdc_atlas_annual,ECDC Surveillance Atlas — Croatia Annual Baseline,https://atlas.ecdc.europa.eu/public/index.aspx/,official_ecdc_rest_aggregate,ecdc_atlas_annual,ECDC Surveillance Atlas — Croatia Annual Baseline,https://atlas.ecdc.europa.eu/public/index.aspx/,official_ecdc_rest_aggregate
country,hr,hr,Croatia,public_projection,HR,Croatia,D034,Syphilis,梅毒,Bacterial,2017-01-01,2017-01,29,29,,,0.7109237105314767,wpp_computed,,SER_HR_ECDC_SYPH_ANNUAL,,,,,,annual,,,,,,,,,,,,,,series_registry,single_series,parity,,SER_HR_ECDC_SYPH_ANNUAL,1,The public curve is read directly from one registered source series.,ecdc_atlas_annual,ECDC Surveillance Atlas — Croatia Annual Baseline,https://atlas.ecdc.europa.eu/public/index.aspx/,official_ecdc_rest_aggregate,ecdc_atlas_annual,ECDC Surveillance Atlas — Croatia Annual Baseline,https://atlas.ecdc.europa.eu/public/index.aspx/,official_ecdc_rest_aggregate
country,hr,hr,Croatia,source_series_observation,HR,Croatia,D034,Syphilis,梅毒,Bacterial,2017-01-01,2017-01,29,29,,,,,,SER_HR_ECDC_SYPH_ANNUAL,SER_HR_ECDC_SYPH_ANNUAL,SRC_HR_ECDC_ATLAS,Syphilis,case_notifications,ecdc_member_state_reported_aggregate_surveillance,annual,count,country:HR:national,all,exact,conditional,non_additive,active,missing_is_unknown,ECDC_CURRENT_GENERAL_ANNUAL_2026_08,"Croatia annual Member-State reported aggregate cases from the public ECDC Surveillance Atlas; published zeroes are explicit, absent topic/year cells remain unknown, and combined populations are emitted only when every reviewed component is present. Data provided by ECDC based on data reported by EU/EEA Member States.",,raw,True,series_registry,single_series,parity,,SER_HR_ECDC_SYPH_ANNUAL,1,The public curve is read directly from one registered source series.,ecdc_atlas_annual,ECDC Surveillance Atlas — Croatia Annual Baseline,https://atlas.ecdc.europa.eu/public/index.aspx/,official_ecdc_rest_aggregate,ecdc_atlas_annual,ECDC Surveillance Atlas — Croatia Annual Baseline,https://atlas.ecdc.europa.eu/public/index.aspx/,official_ecdc_rest_aggregate
country,hr,hr,Croatia,public_projection,HR,Croatia,D035,Leptospirosis,钩端螺旋体病,Bacterial,2017-01-01,2017-01,24,24,,,0.588350656991567,wpp_computed,,SER_HR_ECDC_LEPT_ANNUAL,,,,,,annual,,,,,,,,,,,,,,series_registry,single_series,parity,,SER_HR_ECDC_LEPT_ANNUAL,1,The public curve is read directly from one registered source series.,ecdc_atlas_annual,ECDC Surveillance Atlas — Croatia Annual Baseline,https://atlas.ecdc.europa.eu/public/index.aspx/,official_ecdc_rest_aggregate,ecdc_atlas_annual,ECDC Surveillance Atlas — Croatia Annual Baseline,https://atlas.ecdc.europa.eu/public/index.aspx/,official_ecdc_rest_aggregate
country,hr,hr,Croatia,source_series_observation,HR,Croatia,D035,Leptospirosis,钩端螺旋体病,Bacterial,2017-01-01,2017-01,24,24,,,,,,SER_HR_ECDC_LEPT_ANNUAL,SER_HR_ECDC_LEPT_ANNUAL,SRC_HR_ECDC_ATLAS,Leptospirosis,case_notifications,ecdc_member_state_reported_aggregate_surveillance,annual,count,country:HR:national,all,exact,conditional,non_additive,active,missing_is_unknown,ECDC_CURRENT_GENERAL_ANNUAL_2026_08,"Croatia annual Member-State reported aggregate cases from the public ECDC Surveillance Atlas; published zeroes are explicit, absent topic/year cells remain unknown, and combined populations are emitted only when every reviewed component is present. Data provided by ECDC based on data reported by EU/EEA Member States.",,raw,True,series_registry,single_series,parity,,SER_HR_ECDC_LEPT_ANNUAL,1,The public curve is read directly from one registered source series.,ecdc_atlas_annual,ECDC Surveillance Atlas — Croatia Annual Baseline,https://atlas.ecdc.europa.eu/public/index.aspx/,official_ecdc_rest_aggregate,ecdc_atlas_annual,ECDC Surveillance Atlas — Croatia Annual Baseline,https://atlas.ecdc.europa.eu/public/index.aspx/,official_ecdc_rest_aggregate
country,hr,hr,Croatia,public_projection,HR,Croatia,D037,Malaria,疟疾,Parasitic,2017-01-01,2017-01,10,10,,,0.24514610707981957,wpp_computed,,SER_HR_ECDC_MALA_ANNUAL,,,,,,annual,,,,,,,,,,,,,,series_registry,single_series,parity,,SER_HR_ECDC_MALA_ANNUAL,1,The public curve is read directly from one registered source series.,ecdc_atlas_annual,ECDC Surveillance Atlas — Croatia Annual Baseline,https://atlas.ecdc.europa.eu/public/index.aspx/,official_ecdc_rest_aggregate,ecdc_atlas_annual,ECDC Surveillance Atlas — Croatia Annual Baseline,https://atlas.ecdc.europa.eu/public/index.aspx/,official_ecdc_rest_aggregate
country,hr,hr,Croatia,source_series_observation,HR,Croatia,D037,Malaria,疟疾,Parasitic,2017-01-01,2017-01,10,10,,,,,,SER_HR_ECDC_MALA_ANNUAL,SER_HR_ECDC_MALA_ANNUAL,SRC_HR_ECDC_ATLAS,Malaria,case_notifications,ecdc_member_state_reported_aggregate_surveillance,annual,count,country:HR:national,all,exact,conditional,non_additive,active,missing_is_unknown,ECDC_CURRENT_GENERAL_ANNUAL_2026_08,"Croatia annual Member-State reported aggregate cases from the public ECDC Surveillance Atlas; published zeroes are explicit, absent topic/year cells remain unknown, and combined populations are emitted only when every reviewed component is present. Data provided by ECDC based on data reported by EU/EEA Member States.",,raw,True,series_registry,single_series,parity,,SER_HR_ECDC_MALA_ANNUAL,1,The public curve is read directly from one registered source series.,ecdc_atlas_annual,ECDC Surveillance Atlas — Croatia Annual Baseline,https://atlas.ecdc.europa.eu/public/index.aspx/,official_ecdc_rest_aggregate,ecdc_atlas_annual,ECDC Surveillance Atlas — Croatia Annual Baseline,https://atlas.ecdc.europa.eu/public/index.aspx/,official_ecdc_rest_aggregate
country,hr,hr,Croatia,public_projection,HR,Croatia,D039,Mumps,流行性腮腺炎,Viral,2017-01-01,2017-01,16,16,,,0.3922337713277113,wpp_computed,,SER_HR_ECDC_MUMP_ANNUAL,,,,,,annual,,,,,,,,,,,,,,series_registry,single_series,parity,,SER_HR_ECDC_MUMP_ANNUAL,1,The public curve is read directly from one registered source series.,ecdc_atlas_annual,ECDC Surveillance Atlas — Croatia Annual Baseline,https://atlas.ecdc.europa.eu/public/index.aspx/,official_ecdc_rest_aggregate,ecdc_atlas_annual,ECDC Surveillance Atlas — Croatia Annual Baseline,https://atlas.ecdc.europa.eu/public/index.aspx/,official_ecdc_rest_aggregate
country,hr,hr,Croatia,source_series_observation,HR,Croatia,D039,Mumps,流行性腮腺炎,Viral,2017-01-01,2017-01,16,16,,,,,,SER_HR_ECDC_MUMP_ANNUAL,SER_HR_ECDC_MUMP_ANNUAL,SRC_HR_ECDC_ATLAS,Mumps,case_notifications,ecdc_member_state_reported_aggregate_surveillance,annual,count,country:HR:national,all,exact,conditional,non_additive,active,missing_is_unknown,ECDC_CURRENT_GENERAL_ANNUAL_2026_08,"Croatia annual Member-State reported aggregate cases from the public ECDC Surveillance Atlas; published zeroes are explicit, absent topic/year cells remain unknown, and combined populations are emitted only when every reviewed component is present. Data provided by ECDC based on data reported by EU/EEA Member States.",,raw,True,series_registry,single_series,parity,,SER_HR_ECDC_MUMP_ANNUAL,1,The public curve is read directly from one registered source series.,ecdc_atlas_annual,ECDC Surveillance Atlas — Croatia Annual Baseline,https://atlas.ecdc.europa.eu/public/index.aspx/,official_ecdc_rest_aggregate,ecdc_atlas_annual,ECDC Surveillance Atlas — Croatia Annual Baseline,https://atlas.ecdc.europa.eu/public/index.aspx/,official_ecdc_rest_aggregate
country,hr,hr,Croatia,public_projection,HR,Croatia,D040,Rubella,风疹,Viral,2017-01-01,2017-01,0,0,,,0.0,wpp_computed,,SER_HR_ECDC_RUBE_ANNUAL,,,,,,annual,,,,,,,,,,,,,,series_registry,single_series,parity,,SER_HR_ECDC_RUBE_ANNUAL,1,The public curve is read directly from one registered source series.,ecdc_atlas_annual,ECDC Surveillance Atlas — Croatia Annual Baseline,https://atlas.ecdc.europa.eu/public/index.aspx/,official_ecdc_rest_aggregate,ecdc_atlas_annual,ECDC Surveillance Atlas — Croatia Annual Baseline,https://atlas.ecdc.europa.eu/public/index.aspx/,official_ecdc_rest_aggregate
country,hr,hr,Croatia,source_series_observation,HR,Croatia,D040,Rubella,风疹,Viral,2017-01-01,2017-01,0,0,,,,,,SER_HR_ECDC_RUBE_ANNUAL,SER_HR_ECDC_RUBE_ANNUAL,SRC_HR_ECDC_ATLAS,Rubella,case_notifications,ecdc_member_state_reported_aggregate_surveillance,annual,count,country:HR:national,all,exact,conditional,non_additive,active,missing_is_unknown,ECDC_CURRENT_GENERAL_ANNUAL_2026_08,"Croatia annual Member-State reported aggregate cases from the public ECDC Surveillance Atlas; published zeroes are explicit, absent topic/year cells remain unknown, and combined populations are emitted only when every reviewed component is present. Data provided by ECDC based on data reported by EU/EEA Member States.",,raw,True,series_registry,single_series,parity,,SER_HR_ECDC_RUBE_ANNUAL,1,The public curve is read directly from one registered source series.,ecdc_atlas_annual,ECDC Surveillance Atlas — Croatia Annual Baseline,https://atlas.ecdc.europa.eu/public/index.aspx/,official_ecdc_rest_aggregate,ecdc_atlas_annual,ECDC Surveillance Atlas — Croatia Annual Baseline,https://atlas.ecdc.europa.eu/public/index.aspx/,official_ecdc_rest_aggregate
country,hr,hr,Croatia,public_projection,HR,Croatia,D045,Echinococcosis,包虫病,Parasitic,2017-01-01,2017-01,15,15,,,0.36771916061972937,wpp_computed,,SER_HR_ECDC_ECHI_ANNUAL,,,,,,annual,,,,,,,,,,,,,,series_registry,single_series,parity,,SER_HR_ECDC_ECHI_ANNUAL,1,The public curve is read directly from one registered source series.,ecdc_atlas_annual,ECDC Surveillance Atlas — Croatia Annual Baseline,https://atlas.ecdc.europa.eu/public/index.aspx/,official_ecdc_rest_aggregate,ecdc_atlas_annual,ECDC Surveillance Atlas — Croatia Annual Baseline,https://atlas.ecdc.europa.eu/public/index.aspx/,official_ecdc_rest_aggregate
country,hr,hr,Croatia,source_series_observation,HR,Croatia,D045,Echinococcosis,包虫病,Parasitic,2017-01-01,2017-01,15,15,,,,,,SER_HR_ECDC_ECHI_ANNUAL,SER_HR_ECDC_ECHI_ANNUAL,SRC_HR_ECDC_ATLAS,Echinococcosis,case_notifications,ecdc_member_state_reported_aggregate_surveillance,annual,count,country:HR:national,all,exact,conditional,non_additive,active,missing_is_unknown,ECDC_CURRENT_GENERAL_ANNUAL_2026_08,"Croatia annual Member-State reported aggregate cases from the public ECDC Surveillance Atlas; published zeroes are explicit, absent topic/year cells remain unknown, and combined populations are emitted only when every reviewed component is present. Data provided by ECDC based on data reported by EU/EEA Member States.",,raw,True,series_registry,single_series,parity,,SER_HR_ECDC_ECHI_ANNUAL,1,The public curve is read directly from one registered source series.,ecdc_atlas_annual,ECDC Surveillance Atlas — Croatia Annual Baseline,https://atlas.ecdc.europa.eu/public/index.aspx/,official_ecdc_rest_aggregate,ecdc_atlas_annual,ECDC Surveillance Atlas — Croatia Annual Baseline,https://atlas.ecdc.europa.eu/public/index.aspx/,official_ecdc_rest_aggregate
country,hr,hr,Croatia,public_projection,HR,Croatia,D051,Zika virus disease,寨卡病毒病,Viral,2017-01-01,2017-01,0,0,,,0.0,wpp_computed,,SER_HR_ECDC_ZIKA_ANNUAL,,,,,,annual,,,,,,,,,,,,,,series_registry,single_series,parity,,SER_HR_ECDC_ZIKA_ANNUAL,1,The public curve is read directly from one registered source series.,ecdc_atlas_annual,ECDC Surveillance Atlas — Croatia Annual Baseline,https://atlas.ecdc.europa.eu/public/index.aspx/,official_ecdc_rest_aggregate,ecdc_atlas_annual,ECDC Surveillance Atlas — Croatia Annual Baseline,https://atlas.ecdc.europa.eu/public/index.aspx/,official_ecdc_rest_aggregate
country,hr,hr,Croatia,source_series_observation,HR,Croatia,D051,Zika virus disease,寨卡病毒病,Viral,2017-01-01,2017-01,0,0,,,,,,SER_HR_ECDC_ZIKA_ANNUAL,SER_HR_ECDC_ZIKA_ANNUAL,SRC_HR_ECDC_ATLAS,Zika virus infection,case_notifications,ecdc_member_state_reported_aggregate_surveillance,annual,count,country:HR:national,all,exact,conditional,non_additive,active,missing_is_unknown,ECDC_CURRENT_GENERAL_ANNUAL_2026_08,"Croatia annual Member-State reported aggregate cases from the public ECDC Surveillance Atlas; published zeroes are explicit, absent topic/year cells remain unknown, and combined populations are emitted only when every reviewed component is present. Data provided by ECDC based on data reported by EU/EEA Member States.",,raw,True,series_registry,single_series,parity,,SER_HR_ECDC_ZIKA_ANNUAL,1,The public curve is read directly from one registered source series.,ecdc_atlas_annual,ECDC Surveillance Atlas — Croatia Annual Baseline,https://atlas.ecdc.europa.eu/public/index.aspx/,official_ecdc_rest_aggregate,ecdc_atlas_annual,ECDC Surveillance Atlas — Croatia Annual Baseline,https://atlas.ecdc.europa.eu/public/index.aspx/,official_ecdc_rest_aggregate
country,hr,hr,Croatia,public_projection,HR,Croatia,D052,Chikungunya,基孔肯雅热,Viral,2017-01-01,2017-01,0,0,,,0.0,wpp_computed,,SER_HR_ECDC_CHIK_ANNUAL,,,,,,annual,,,,,,,,,,,,,,series_registry,single_series,parity,,SER_HR_ECDC_CHIK_ANNUAL,1,The public curve is read directly from one registered source series.,ecdc_atlas_annual,ECDC Surveillance Atlas — Croatia Annual Baseline,https://atlas.ecdc.europa.eu/public/index.aspx/,official_ecdc_rest_aggregate,ecdc_atlas_annual,ECDC Surveillance Atlas — Croatia Annual Baseline,https://atlas.ecdc.europa.eu/public/index.aspx/,official_ecdc_rest_aggregate
country,hr,hr,Croatia,source_series_observation,HR,Croatia,D052,Chikungunya,基孔肯雅热,Viral,2017-01-01,2017-01,0,0,,,,,,SER_HR_ECDC_CHIK_ANNUAL,SER_HR_ECDC_CHIK_ANNUAL,SRC_HR_ECDC_ATLAS,Chikungunya virus disease,case_notifications,ecdc_member_state_reported_aggregate_surveillance,annual,count,country:HR:national,all,exact,conditional,non_additive,active,missing_is_unknown,ECDC_CURRENT_GENERAL_ANNUAL_2026_08,"Croatia annual Member-State reported aggregate cases from the public ECDC Surveillance Atlas; published zeroes are explicit, absent topic/year cells remain unknown, and combined populations are emitted only when every reviewed component is present. Data provided by ECDC based on data reported by EU/EEA Member States.",,raw,True,series_registry,single_series,parity,,SER_HR_ECDC_CHIK_ANNUAL,1,The public curve is read directly from one registered source series.,ecdc_atlas_annual,ECDC Surveillance Atlas — Croatia Annual Baseline,https://atlas.ecdc.europa.eu/public/index.aspx/,official_ecdc_rest_aggregate,ecdc_atlas_annual,ECDC Surveillance Atlas — Croatia Annual Baseline,https://atlas.ecdc.europa.eu/public/index.aspx/,official_ecdc_rest_aggregate
country,hr,hr,Croatia,public_projection,HR,Croatia,D059,Yellow fever,黄热病,Viral,2017-01-01,2017-01,0,0,,,0.0,wpp_computed,,SER_HR_ECDC_YELF_ANNUAL,,,,,,annual,,,,,,,,,,,,,,series_registry,single_series,parity,,SER_HR_ECDC_YELF_ANNUAL,1,The public curve is read directly from one registered source series.,ecdc_atlas_annual,ECDC Surveillance Atlas — Croatia Annual Baseline,https://atlas.ecdc.europa.eu/public/index.aspx/,official_ecdc_rest_aggregate,ecdc_atlas_annual,ECDC Surveillance Atlas — Croatia Annual Baseline,https://atlas.ecdc.europa.eu/public/index.aspx/,official_ecdc_rest_aggregate
country,hr,hr,Croatia,source_series_observation,HR,Croatia,D059,Yellow fever,黄热病,Viral,2017-01-01,2017-01,0,0,,,,,,SER_HR_ECDC_YELF_ANNUAL,SER_HR_ECDC_YELF_ANNUAL,SRC_HR_ECDC_ATLAS,Yellow fever,case_notifications,ecdc_member_state_reported_aggregate_surveillance,annual,count,country:HR:national,all,exact,conditional,non_additive,active,missing_is_unknown,ECDC_CURRENT_GENERAL_ANNUAL_2026_08,"Croatia annual Member-State reported aggregate cases from the public ECDC Surveillance Atlas; published zeroes are explicit, absent topic/year cells remain unknown, and combined populations are emitted only when every reviewed component is present. Data provided by ECDC based on data reported by EU/EEA Member States.",,raw,True,series_registry,single_series,parity,,SER_HR_ECDC_YELF_ANNUAL,1,The public curve is read directly from one registered source series.,ecdc_atlas_annual,ECDC Surveillance Atlas — Croatia Annual Baseline,https://atlas.ecdc.europa.eu/public/index.aspx/,official_ecdc_rest_aggregate,ecdc_atlas_annual,ECDC Surveillance Atlas — Croatia Annual Baseline,https://atlas.ecdc.europa.eu/public/index.aspx/,official_ecdc_rest_aggregate
country,hr,hr,Croatia,public_projection,HR,Croatia,D085,Toxoplasmosis,弓形体病,Parasitic,2017-01-01,2017-01,0,0,,,0.0,wpp_computed,,SER_HR_ECDC_TOXO_ANNUAL,,,,,,annual,,,,,,,,,,,,,,series_registry,single_series,parity,,SER_HR_ECDC_TOXO_ANNUAL,1,The public curve is read directly from one registered source series.,ecdc_atlas_annual,ECDC Surveillance Atlas — Croatia Annual Baseline,https://atlas.ecdc.europa.eu/public/index.aspx/,official_ecdc_rest_aggregate,ecdc_atlas_annual,ECDC Surveillance Atlas — Croatia Annual Baseline,https://atlas.ecdc.europa.eu/public/index.aspx/,official_ecdc_rest_aggregate
country,hr,hr,Croatia,source_series_observation,HR,Croatia,D085,Toxoplasmosis,弓形体病,Parasitic,2017-01-01,2017-01,0,0,,,,,,SER_HR_ECDC_TOXO_ANNUAL,SER_HR_ECDC_TOXO_ANNUAL,SRC_HR_ECDC_ATLAS,"Toxoplasmosis, congenital",case_notifications,ecdc_member_state_reported_aggregate_surveillance,annual,count,country:HR:national,all,narrower,conditional,non_additive,active,missing_is_unknown,ECDC_CURRENT_GENERAL_ANNUAL_2026_08,"Croatia annual Member-State reported aggregate cases from the public ECDC Surveillance Atlas; published zeroes are explicit, absent topic/year cells remain unknown, and combined populations are emitted only when every reviewed component is present. Data provided by ECDC based on data reported by EU/EEA Member States.",,raw,True,series_registry,single_series,parity,,SER_HR_ECDC_TOXO_ANNUAL,1,The public curve is read directly from one registered source series.,ecdc_atlas_annual,ECDC Surveillance Atlas — Croatia Annual Baseline,https://atlas.ecdc.europa.eu/public/index.aspx/,official_ecdc_rest_aggregate,ecdc_atlas_annual,ECDC Surveillance Atlas — Croatia Annual Baseline,https://atlas.ecdc.europa.eu/public/index.aspx/,official_ecdc_rest_aggregate
country,hr,hr,Croatia,public_projection,HR,Croatia,D091,Botulism,肉毒杆菌中毒,Bacterial,2017-01-01,2017-01,0,0,,,0.0,wpp_computed,,SER_HR_ECDC_BOTU_ANNUAL,,,,,,annual,,,,,,,,,,,,,,series_registry,single_series,parity,,SER_HR_ECDC_BOTU_ANNUAL,1,The public curve is read directly from one registered source series.,ecdc_atlas_annual,ECDC Surveillance Atlas — Croatia Annual Baseline,https://atlas.ecdc.europa.eu/public/index.aspx/,official_ecdc_rest_aggregate,ecdc_atlas_annual,ECDC Surveillance Atlas — Croatia Annual Baseline,https://atlas.ecdc.europa.eu/public/index.aspx/,official_ecdc_rest_aggregate
country,hr,hr,Croatia,source_series_observation,HR,Croatia,D091,Botulism,肉毒杆菌中毒,Bacterial,2017-01-01,2017-01,0,0,,,,,,SER_HR_ECDC_BOTU_ANNUAL,SER_HR_ECDC_BOTU_ANNUAL,SRC_HR_ECDC_ATLAS,Botulism,case_notifications,ecdc_member_state_reported_aggregate_surveillance,annual,count,country:HR:national,all,exact,conditional,non_additive,active,missing_is_unknown,ECDC_CURRENT_GENERAL_ANNUAL_2026_08,"Croatia annual Member-State reported aggregate cases from the public ECDC Surveillance Atlas; published zeroes are explicit, absent topic/year cells remain unknown, and combined populations are emitted only when every reviewed component is present. Data provided by ECDC based on data reported by EU/EEA Member States.",,raw,True,series_registry,single_series,parity,,SER_HR_ECDC_BOTU_ANNUAL,1,The public curve is read directly from one registered source series.,ecdc_atlas_annual,ECDC Surveillance Atlas — Croatia Annual Baseline,https://atlas.ecdc.europa.eu/public/index.aspx/,official_ecdc_rest_aggregate,ecdc_atlas_annual,ECDC Surveillance Atlas — Croatia Annual Baseline,https://atlas.ecdc.europa.eu/public/index.aspx/,official_ecdc_rest_aggregate
country,hr,hr,Croatia,public_projection,HR,Croatia,D092,Campylobacteriosis,弯曲杆菌病,Bacterial,2017-01-01,2017-01,1686,1686,,,41.331633653657576,wpp_computed,,SER_HR_ECDC_CAMP_ANNUAL,,,,,,annual,,,,,,,,,,,,,,series_registry,single_series,parity,,SER_HR_ECDC_CAMP_ANNUAL,1,The public curve is read directly from one registered source series.,ecdc_atlas_annual,ECDC Surveillance Atlas — Croatia Annual Baseline,https://atlas.ecdc.europa.eu/public/index.aspx/,official_ecdc_rest_aggregate,ecdc_atlas_annual,ECDC Surveillance Atlas — Croatia Annual Baseline,https://atlas.ecdc.europa.eu/public/index.aspx/,official_ecdc_rest_aggregate
country,hr,hr,Croatia,source_series_observation,HR,Croatia,D092,Campylobacteriosis,弯曲杆菌病,Bacterial,2017-01-01,2017-01,1686,1686,,,,,,SER_HR_ECDC_CAMP_ANNUAL,SER_HR_ECDC_CAMP_ANNUAL,SRC_HR_ECDC_ATLAS,Campylobacteriosis,case_notifications,ecdc_member_state_reported_aggregate_surveillance,annual,count,country:HR:national,all,exact,conditional,non_additive,active,missing_is_unknown,ECDC_CURRENT_GENERAL_ANNUAL_2026_08,"Croatia annual Member-State reported aggregate cases from the public ECDC Surveillance Atlas; published zeroes are explicit, absent topic/year cells remain unknown, and combined populations are emitted only when every reviewed component is present. Data provided by ECDC based on data reported by EU/EEA Member States.",,raw,True,series_registry,single_series,parity,,SER_HR_ECDC_CAMP_ANNUAL,1,The public curve is read directly from one registered source series.,ecdc_atlas_annual,ECDC Surveillance Atlas — Croatia Annual Baseline,https://atlas.ecdc.europa.eu/public/index.aspx/,official_ecdc_rest_aggregate,ecdc_atlas_annual,ECDC Surveillance Atlas — Croatia Annual Baseline,https://atlas.ecdc.europa.eu/public/index.aspx/,official_ecdc_rest_aggregate
country,hr,hr,Croatia,public_projection,HR,Croatia,D094,Chlamydia trachomatis infection,沙眼衣原体感染,Bacterial,2017-01-01,2017-01,194,194,,,4.7558344773484995,wpp_computed,,SER_HR_ECDC_CHLAM_ANNUAL,,,,,,annual,,,,,,,,,,,,,,series_registry,single_series,parity,,SER_HR_ECDC_CHLAM_ANNUAL,1,The public curve is read directly from one registered source series.,ecdc_atlas_annual,ECDC Surveillance Atlas — Croatia Annual Baseline,https://atlas.ecdc.europa.eu/public/index.aspx/,official_ecdc_rest_aggregate,ecdc_atlas_annual,ECDC Surveillance Atlas — Croatia Annual Baseline,https://atlas.ecdc.europa.eu/public/index.aspx/,official_ecdc_rest_aggregate
country,hr,hr,Croatia,source_series_observation,HR,Croatia,D094,Chlamydia trachomatis infection,沙眼衣原体感染,Bacterial,2017-01-01,2017-01,194,194,,,,,,SER_HR_ECDC_CHLAM_ANNUAL,SER_HR_ECDC_CHLAM_ANNUAL,SRC_HR_ECDC_ATLAS,Chlamydia infection,case_notifications,ecdc_member_state_reported_aggregate_surveillance,annual,count,country:HR:national,all,exact,conditional,non_additive,active,missing_is_unknown,ECDC_CURRENT_GENERAL_ANNUAL_2026_08,"Croatia annual Member-State reported aggregate cases from the public ECDC Surveillance Atlas; published zeroes are explicit, absent topic/year cells remain unknown, and combined populations are emitted only when every reviewed component is present. Data provided by ECDC based on data reported by EU/EEA Member States.",,raw,True,series_registry,single_series,parity,,SER_HR_ECDC_CHLAM_ANNUAL,1,The public curve is read directly from one registered source series.,ecdc_atlas_annual,ECDC Surveillance Atlas — Croatia Annual Baseline,https://atlas.ecdc.europa.eu/public/index.aspx/,official_ecdc_rest_aggregate,ecdc_atlas_annual,ECDC Surveillance Atlas — Croatia Annual Baseline,https://atlas.ecdc.europa.eu/public/index.aspx/,official_ecdc_rest_aggregate
country,hr,hr,Croatia,public_projection,HR,Croatia,D096,Cryptosporidiosis,隐孢子虫病,Parasitic,2017-01-01,2017-01,17,17,,,0.41674838203569325,wpp_computed,,SER_HR_ECDC_CRYP_ANNUAL,,,,,,annual,,,,,,,,,,,,,,series_registry,single_series,parity,,SER_HR_ECDC_CRYP_ANNUAL,1,The public curve is read directly from one registered source series.,ecdc_atlas_annual,ECDC Surveillance Atlas — Croatia Annual Baseline,https://atlas.ecdc.europa.eu/public/index.aspx/,official_ecdc_rest_aggregate,ecdc_atlas_annual,ECDC Surveillance Atlas — Croatia Annual Baseline,https://atlas.ecdc.europa.eu/public/index.aspx/,official_ecdc_rest_aggregate
country,hr,hr,Croatia,source_series_observation,HR,Croatia,D096,Cryptosporidiosis,隐孢子虫病,Parasitic,2017-01-01,2017-01,17,17,,,,,,SER_HR_ECDC_CRYP_ANNUAL,SER_HR_ECDC_CRYP_ANNUAL,SRC_HR_ECDC_ATLAS,Cryptosporidiosis,case_notifications,ecdc_member_state_reported_aggregate_surveillance,annual,count,country:HR:national,all,exact,conditional,non_additive,active,missing_is_unknown,ECDC_CURRENT_GENERAL_ANNUAL_2026_08,"Croatia annual Member-State reported aggregate cases from the public ECDC Surveillance Atlas; published zeroes are explicit, absent topic/year cells remain unknown, and combined populations are emitted only when every reviewed component is present. Data provided by ECDC based on data reported by EU/EEA Member States.",,raw,True,series_registry,single_series,parity,,SER_HR_ECDC_CRYP_ANNUAL,1,The public curve is read directly from one registered source series.,ecdc_atlas_annual,ECDC Surveillance Atlas — Croatia Annual Baseline,https://atlas.ecdc.europa.eu/public/index.aspx/,official_ecdc_rest_aggregate,ecdc_atlas_annual,ECDC Surveillance Atlas — Croatia Annual Baseline,https://atlas.ecdc.europa.eu/public/index.aspx/,official_ecdc_rest_aggregate
country,hr,hr,Croatia,public_projection,HR,Croatia,D099,Giardiasis,贾第虫病,Parasitic,2017-01-01,2017-01,51,51,,,1.2502451461070798,wpp_computed,,SER_HR_ECDC_GIAR_ANNUAL,,,,,,annual,,,,,,,,,,,,,,series_registry,single_series,parity,,SER_HR_ECDC_GIAR_ANNUAL,1,The public curve is read directly from one registered source series.,ecdc_atlas_annual,ECDC Surveillance Atlas — Croatia Annual Baseline,https://atlas.ecdc.europa.eu/public/index.aspx/,official_ecdc_rest_aggregate,ecdc_atlas_annual,ECDC Surveillance Atlas — Croatia Annual Baseline,https://atlas.ecdc.europa.eu/public/index.aspx/,official_ecdc_rest_aggregate
country,hr,hr,Croatia,source_series_observation,HR,Croatia,D099,Giardiasis,贾第虫病,Parasitic,2017-01-01,2017-01,51,51,,,,,,SER_HR_ECDC_GIAR_ANNUAL,SER_HR_ECDC_GIAR_ANNUAL,SRC_HR_ECDC_ATLAS,Giardiasis,case_notifications,ecdc_member_state_reported_aggregate_surveillance,annual,count,country:HR:national,all,exact,conditional,non_additive,active,missing_is_unknown,ECDC_CURRENT_GENERAL_ANNUAL_2026_08,"Croatia annual Member-State reported aggregate cases from the public ECDC Surveillance Atlas; published zeroes are explicit, absent topic/year cells remain unknown, and combined populations are emitted only when every reviewed component is present. Data provided by ECDC based on data reported by EU/EEA Member States.",,raw,True,series_registry,single_series,parity,,SER_HR_ECDC_GIAR_ANNUAL,1,The public curve is read directly from one registered source series.,ecdc_atlas_annual,ECDC Surveillance Atlas — Croatia Annual Baseline,https://atlas.ecdc.europa.eu/public/index.aspx/,official_ecdc_rest_aggregate,ecdc_atlas_annual,ECDC Surveillance Atlas — Croatia Annual Baseline,https://atlas.ecdc.europa.eu/public/index.aspx/,official_ecdc_rest_aggregate
country,hr,hr,Croatia,public_projection,HR,Croatia,D100,Haemophilus influenzae,流感嗜血杆菌,Bacterial,2017-01-01,2017-01,1,1,,,0.024514610707981957,wpp_computed,,SER_HR_ECDC_HAEINF_ANNUAL,,,,,,annual,,,,,,,,,,,,,,series_registry,single_series,parity,,SER_HR_ECDC_HAEINF_ANNUAL,1,The public curve is read directly from one registered source series.,ecdc_atlas_annual,ECDC Surveillance Atlas — Croatia Annual Baseline,https://atlas.ecdc.europa.eu/public/index.aspx/,official_ecdc_rest_aggregate,ecdc_atlas_annual,ECDC Surveillance Atlas — Croatia Annual Baseline,https://atlas.ecdc.europa.eu/public/index.aspx/,official_ecdc_rest_aggregate
country,hr,hr,Croatia,source_series_observation,HR,Croatia,D100,Haemophilus influenzae,流感嗜血杆菌,Bacterial,2017-01-01,2017-01,1,1,,,,,,SER_HR_ECDC_HAEINF_ANNUAL,SER_HR_ECDC_HAEINF_ANNUAL,SRC_HR_ECDC_ATLAS,Invasive Haemophilus influenzae disease,case_notifications,ecdc_member_state_reported_aggregate_surveillance,annual,count,country:HR:national,all,exact,conditional,non_additive,active,missing_is_unknown,ECDC_CURRENT_GENERAL_ANNUAL_2026_08,"Croatia annual Member-State reported aggregate cases from the public ECDC Surveillance Atlas; published zeroes are explicit, absent topic/year cells remain unknown, and combined populations are emitted only when every reviewed component is present. Data provided by ECDC based on data reported by EU/EEA Member States.",,raw,True,series_registry,single_series,parity,,SER_HR_ECDC_HAEINF_ANNUAL,1,The public curve is read directly from one registered source series.,ecdc_atlas_annual,ECDC Surveillance Atlas — Croatia Annual Baseline,https://atlas.ecdc.europa.eu/public/index.aspx/,official_ecdc_rest_aggregate,ecdc_atlas_annual,ECDC Surveillance Atlas — Croatia Annual Baseline,https://atlas.ecdc.europa.eu/public/index.aspx/,official_ecdc_rest_aggregate
country,hr,hr,Croatia,public_projection,HR,Croatia,D102,Hantavirus infection,汉坦病毒感染,Viral,2017-01-01,2017-01,389,389,,,9.536183565404981,wpp_computed,,SER_HR_ECDC_HANTA_ANNUAL,,,,,,annual,,,,,,,,,,,,,,series_registry,single_series,parity,,SER_HR_ECDC_HANTA_ANNUAL,1,The public curve is read directly from one registered source series.,ecdc_atlas_annual,ECDC Surveillance Atlas — Croatia Annual Baseline,https://atlas.ecdc.europa.eu/public/index.aspx/,official_ecdc_rest_aggregate,ecdc_atlas_annual,ECDC Surveillance Atlas — Croatia Annual Baseline,https://atlas.ecdc.europa.eu/public/index.aspx/,official_ecdc_rest_aggregate
country,hr,hr,Croatia,source_series_observation,HR,Croatia,D102,Hantavirus infection,汉坦病毒感染,Viral,2017-01-01,2017-01,389,389,,,,,,SER_HR_ECDC_HANTA_ANNUAL,SER_HR_ECDC_HANTA_ANNUAL,SRC_HR_ECDC_ATLAS,Hantavirus infection,case_notifications,ecdc_member_state_reported_aggregate_surveillance,annual,count,country:HR:national,all,exact,conditional,non_additive,active,missing_is_unknown,ECDC_CURRENT_GENERAL_ANNUAL_2026_08,"Croatia annual Member-State reported aggregate cases from the public ECDC Surveillance Atlas; published zeroes are explicit, absent topic/year cells remain unknown, and combined populations are emitted only when every reviewed component is present. Data provided by ECDC based on data reported by EU/EEA Member States.",,raw,True,series_registry,single_series,parity,,SER_HR_ECDC_HANTA_ANNUAL,1,The public curve is read directly from one registered source series.,ecdc_atlas_annual,ECDC Surveillance Atlas — Croatia Annual Baseline,https://atlas.ecdc.europa.eu/public/index.aspx/,official_ecdc_rest_aggregate,ecdc_atlas_annual,ECDC Surveillance Atlas — Croatia Annual Baseline,https://atlas.ecdc.europa.eu/public/index.aspx/,official_ecdc_rest_aggregate
country,hr,hr,Croatia,public_projection,HR,Croatia,D105,Shigellosis,志贺菌病,Bacterial,2017-01-01,2017-01,1,1,,,0.024514610707981957,wpp_computed,,SER_HR_ECDC_SHIG_ANNUAL,,,,,,annual,,,,,,,,,,,,,,series_registry,single_series,parity,,SER_HR_ECDC_SHIG_ANNUAL,1,The public curve is read directly from one registered source series.,ecdc_atlas_annual,ECDC Surveillance Atlas — Croatia Annual Baseline,https://atlas.ecdc.europa.eu/public/index.aspx/,official_ecdc_rest_aggregate,ecdc_atlas_annual,ECDC Surveillance Atlas — Croatia Annual Baseline,https://atlas.ecdc.europa.eu/public/index.aspx/,official_ecdc_rest_aggregate
country,hr,hr,Croatia,source_series_observation,HR,Croatia,D105,Shigellosis,志贺菌病,Bacterial,2017-01-01,2017-01,1,1,,,,,,SER_HR_ECDC_SHIG_ANNUAL,SER_HR_ECDC_SHIG_ANNUAL,SRC_HR_ECDC_ATLAS,Shigellosis,case_notifications,ecdc_member_state_reported_aggregate_surveillance,annual,count,country:HR:national,all,exact,conditional,non_additive,active,missing_is_unknown,ECDC_CURRENT_GENERAL_ANNUAL_2026_08,"Croatia annual Member-State reported aggregate cases from the public ECDC Surveillance Atlas; published zeroes are explicit, absent topic/year cells remain unknown, and combined populations are emitted only when every reviewed component is present. Data provided by ECDC based on data reported by EU/EEA Member States.",,raw,True,series_registry,single_series,parity,,SER_HR_ECDC_SHIG_ANNUAL,1,The public curve is read directly from one registered source series.,ecdc_atlas_annual,ECDC Surveillance Atlas — Croatia Annual Baseline,https://atlas.ecdc.europa.eu/public/index.aspx/,official_ecdc_rest_aggregate,ecdc_atlas_annual,ECDC Surveillance Atlas — Croatia Annual Baseline,https://atlas.ecdc.europa.eu/public/index.aspx/,official_ecdc_rest_aggregate
country,hr,hr,Croatia,public_projection,HR,Croatia,D106,Invasive pneumococcal disease,侵袭性肺炎球菌病,Bacterial,2017-01-01,2017-01,16,16,,,0.3922337713277113,wpp_computed,,SER_HR_ECDC_PNEU_ANNUAL,,,,,,annual,,,,,,,,,,,,,,series_registry,single_series,parity,,SER_HR_ECDC_PNEU_ANNUAL,1,The public curve is read directly from one registered source series.,ecdc_atlas_annual,ECDC Surveillance Atlas — Croatia Annual Baseline,https://atlas.ecdc.europa.eu/public/index.aspx/,official_ecdc_rest_aggregate,ecdc_atlas_annual,ECDC Surveillance Atlas — Croatia Annual Baseline,https://atlas.ecdc.europa.eu/public/index.aspx/,official_ecdc_rest_aggregate
country,hr,hr,Croatia,source_series_observation,HR,Croatia,D106,Invasive pneumococcal disease,侵袭性肺炎球菌病,Bacterial,2017-01-01,2017-01,16,16,,,,,,SER_HR_ECDC_PNEU_ANNUAL,SER_HR_ECDC_PNEU_ANNUAL,SRC_HR_ECDC_ATLAS,Invasive pneumococcal disease,case_notifications,ecdc_member_state_reported_aggregate_surveillance,annual,count,country:HR:national,all,exact,conditional,non_additive,active,missing_is_unknown,ECDC_CURRENT_GENERAL_ANNUAL_2026_08,"Croatia annual Member-State reported aggregate cases from the public ECDC Surveillance Atlas; published zeroes are explicit, absent topic/year cells remain unknown, and combined populations are emitted only when every reviewed component is present. Data provided by ECDC based on data reported by EU/EEA Member States.",,raw,True,series_registry,single_series,parity,,SER_HR_ECDC_PNEU_ANNUAL,1,The public curve is read directly from one registered source series.,ecdc_atlas_annual,ECDC Surveillance Atlas — Croatia Annual Baseline,https://atlas.ecdc.europa.eu/public/index.aspx/,official_ecdc_rest_aggregate,ecdc_atlas_annual,ECDC Surveillance Atlas — Croatia Annual Baseline,https://atlas.ecdc.europa.eu/public/index.aspx/,official_ecdc_rest_aggregate
country,hr,hr,Croatia,public_projection,HR,Croatia,D107,Legionellosis,军团菌病,Bacterial,2017-01-01,2017-01,33,33,,,0.8089821533634046,wpp_computed,,SER_HR_ECDC_LEGI_ANNUAL,,,,,,annual,,,,,,,,,,,,,,series_registry,single_series,parity,,SER_HR_ECDC_LEGI_ANNUAL,1,The public curve is read directly from one registered source series.,ecdc_atlas_annual,ECDC Surveillance Atlas — Croatia Annual Baseline,https://atlas.ecdc.europa.eu/public/index.aspx/,official_ecdc_rest_aggregate,ecdc_atlas_annual,ECDC Surveillance Atlas — Croatia Annual Baseline,https://atlas.ecdc.europa.eu/public/index.aspx/,official_ecdc_rest_aggregate
country,hr,hr,Croatia,source_series_observation,HR,Croatia,D107,Legionellosis,军团菌病,Bacterial,2017-01-01,2017-01,33,33,,,,,,SER_HR_ECDC_LEGI_ANNUAL,SER_HR_ECDC_LEGI_ANNUAL,SRC_HR_ECDC_ATLAS,Legionnaires' disease,case_notifications,ecdc_member_state_reported_aggregate_surveillance,annual,count,country:HR:national,all,exact,conditional,non_additive,active,missing_is_unknown,ECDC_CURRENT_GENERAL_ANNUAL_2026_08,"Croatia annual Member-State reported aggregate cases from the public ECDC Surveillance Atlas; published zeroes are explicit, absent topic/year cells remain unknown, and combined populations are emitted only when every reviewed component is present. Data provided by ECDC based on data reported by EU/EEA Member States.",,raw,True,series_registry,single_series,parity,,SER_HR_ECDC_LEGI_ANNUAL,1,The public curve is read directly from one registered source series.,ecdc_atlas_annual,ECDC Surveillance Atlas — Croatia Annual Baseline,https://atlas.ecdc.europa.eu/public/index.aspx/,official_ecdc_rest_aggregate,ecdc_atlas_annual,ECDC Surveillance Atlas — Croatia Annual Baseline,https://atlas.ecdc.europa.eu/public/index.aspx/,official_ecdc_rest_aggregate
country,hr,hr,Croatia,public_projection,HR,Croatia,D108,Listeriosis,李斯特菌病,Bacterial,2017-01-01,2017-01,8,8,,,0.19611688566385566,wpp_computed,,SER_HR_ECDC_LIST_ANNUAL,,,,,,annual,,,,,,,,,,,,,,series_registry,single_series,parity,,SER_HR_ECDC_LIST_ANNUAL,1,The public curve is read directly from one registered source series.,ecdc_atlas_annual,ECDC Surveillance Atlas — Croatia Annual Baseline,https://atlas.ecdc.europa.eu/public/index.aspx/,official_ecdc_rest_aggregate,ecdc_atlas_annual,ECDC Surveillance Atlas — Croatia Annual Baseline,https://atlas.ecdc.europa.eu/public/index.aspx/,official_ecdc_rest_aggregate
country,hr,hr,Croatia,source_series_observation,HR,Croatia,D108,Listeriosis,李斯特菌病,Bacterial,2017-01-01,2017-01,8,8,,,,,,SER_HR_ECDC_LIST_ANNUAL,SER_HR_ECDC_LIST_ANNUAL,SRC_HR_ECDC_ATLAS,Listeriosis,case_notifications,ecdc_member_state_reported_aggregate_surveillance,annual,count,country:HR:national,all,exact,conditional,non_additive,active,missing_is_unknown,ECDC_CURRENT_GENERAL_ANNUAL_2026_08,"Croatia annual Member-State reported aggregate cases from the public ECDC Surveillance Atlas; published zeroes are explicit, absent topic/year cells remain unknown, and combined populations are emitted only when every reviewed component is present. Data provided by ECDC based on data reported by EU/EEA Member States.",,raw,True,series_registry,single_series,parity,,SER_HR_ECDC_LIST_ANNUAL,1,The public curve is read directly from one registered source series.,ecdc_atlas_annual,ECDC Surveillance Atlas — Croatia Annual Baseline,https://atlas.ecdc.europa.eu/public/index.aspx/,official_ecdc_rest_aggregate,ecdc_atlas_annual,ECDC Surveillance Atlas — Croatia Annual Baseline,https://atlas.ecdc.europa.eu/public/index.aspx/,official_ecdc_rest_aggregate
country,hr,hr,Croatia,public_projection,HR,Croatia,D110,Meningococcal disease,脑膜炎球菌病,Bacterial,2017-01-01,2017-01,37,37,,,0.9070405961953325,wpp_computed,,SER_HR_ECDC_MENI_ANNUAL,,,,,,annual,,,,,,,,,,,,,,series_registry,single_series,parity,,SER_HR_ECDC_MENI_ANNUAL,1,The public curve is read directly from one registered source series.,ecdc_atlas_annual,ECDC Surveillance Atlas — Croatia Annual Baseline,https://atlas.ecdc.europa.eu/public/index.aspx/,official_ecdc_rest_aggregate,ecdc_atlas_annual,ECDC Surveillance Atlas — Croatia Annual Baseline,https://atlas.ecdc.europa.eu/public/index.aspx/,official_ecdc_rest_aggregate
country,hr,hr,Croatia,source_series_observation,HR,Croatia,D110,Meningococcal disease,脑膜炎球菌病,Bacterial,2017-01-01,2017-01,37,37,,,,,,SER_HR_ECDC_MENI_ANNUAL,SER_HR_ECDC_MENI_ANNUAL,SRC_HR_ECDC_ATLAS,Invasive meningococcal disease,case_notifications,ecdc_member_state_reported_aggregate_surveillance,annual,count,country:HR:national,all,exact,conditional,non_additive,active,missing_is_unknown,ECDC_CURRENT_GENERAL_ANNUAL_2026_08,"Croatia annual Member-State reported aggregate cases from the public ECDC Surveillance Atlas; published zeroes are explicit, absent topic/year cells remain unknown, and combined populations are emitted only when every reviewed component is present. Data provided by ECDC based on data reported by EU/EEA Member States.",,raw,True,series_registry,single_series,parity,,SER_HR_ECDC_MENI_ANNUAL,1,The public curve is read directly from one registered source series.,ecdc_atlas_annual,ECDC Surveillance Atlas — Croatia Annual Baseline,https://atlas.ecdc.europa.eu/public/index.aspx/,official_ecdc_rest_aggregate,ecdc_atlas_annual,ECDC Surveillance Atlas — Croatia Annual Baseline,https://atlas.ecdc.europa.eu/public/index.aspx/,official_ecdc_rest_aggregate
country,hr,hr,Croatia,public_projection,HR,Croatia,D113,Q fever,Q热,Bacterial,2017-01-01,2017-01,23,23,,,0.5638360462835851,wpp_computed,,SER_HR_ECDC_QFEV_ANNUAL,,,,,,annual,,,,,,,,,,,,,,series_registry,single_series,parity,,SER_HR_ECDC_QFEV_ANNUAL,1,The public curve is read directly from one registered source series.,ecdc_atlas_annual,ECDC Surveillance Atlas — Croatia Annual Baseline,https://atlas.ecdc.europa.eu/public/index.aspx/,official_ecdc_rest_aggregate,ecdc_atlas_annual,ECDC Surveillance Atlas — Croatia Annual Baseline,https://atlas.ecdc.europa.eu/public/index.aspx/,official_ecdc_rest_aggregate
country,hr,hr,Croatia,source_series_observation,HR,Croatia,D113,Q fever,Q热,Bacterial,2017-01-01,2017-01,23,23,,,,,,SER_HR_ECDC_QFEV_ANNUAL,SER_HR_ECDC_QFEV_ANNUAL,SRC_HR_ECDC_ATLAS,Q fever,case_notifications,ecdc_member_state_reported_aggregate_surveillance,annual,count,country:HR:national,all,exact,conditional,non_additive,active,missing_is_unknown,ECDC_CURRENT_GENERAL_ANNUAL_2026_08,"Croatia annual Member-State reported aggregate cases from the public ECDC Surveillance Atlas; published zeroes are explicit, absent topic/year cells remain unknown, and combined populations are emitted only when every reviewed component is present. Data provided by ECDC based on data reported by EU/EEA Member States.",,raw,True,series_registry,single_series,parity,,SER_HR_ECDC_QFEV_ANNUAL,1,The public curve is read directly from one registered source series.,ecdc_atlas_annual,ECDC Surveillance Atlas — Croatia Annual Baseline,https://atlas.ecdc.europa.eu/public/index.aspx/,official_ecdc_rest_aggregate,ecdc_atlas_annual,ECDC Surveillance Atlas — Croatia Annual Baseline,https://atlas.ecdc.europa.eu/public/index.aspx/,official_ecdc_rest_aggregate
country,hr,hr,Croatia,public_projection,HR,Croatia,D114,Salmonellosis,沙门氏菌病,Bacterial,2017-01-01,2017-01,1242,1242,,,30.44714649931359,wpp_computed,,SER_HR_ECDC_SALM_ANNUAL,,,,,,annual,,,,,,,,,,,,,,series_registry,single_series,parity,,SER_HR_ECDC_SALM_ANNUAL,1,The public curve is read directly from one registered source series.,ecdc_atlas_annual,ECDC Surveillance Atlas — Croatia Annual Baseline,https://atlas.ecdc.europa.eu/public/index.aspx/,official_ecdc_rest_aggregate,ecdc_atlas_annual,ECDC Surveillance Atlas — Croatia Annual Baseline,https://atlas.ecdc.europa.eu/public/index.aspx/,official_ecdc_rest_aggregate
country,hr,hr,Croatia,source_series_observation,HR,Croatia,D114,Salmonellosis,沙门氏菌病,Bacterial,2017-01-01,2017-01,1242,1242,,,,,,SER_HR_ECDC_SALM_ANNUAL,SER_HR_ECDC_SALM_ANNUAL,SRC_HR_ECDC_ATLAS,Salmonellosis,case_notifications,ecdc_member_state_reported_aggregate_surveillance,annual,count,country:HR:national,all,exact,conditional,non_additive,active,missing_is_unknown,ECDC_CURRENT_GENERAL_ANNUAL_2026_08,"Croatia annual Member-State reported aggregate cases from the public ECDC Surveillance Atlas; published zeroes are explicit, absent topic/year cells remain unknown, and combined populations are emitted only when every reviewed component is present. Data provided by ECDC based on data reported by EU/EEA Member States.",,raw,True,series_registry,single_series,parity,,SER_HR_ECDC_SALM_ANNUAL,1,The public curve is read directly from one registered source series.,ecdc_atlas_annual,ECDC Surveillance Atlas — Croatia Annual Baseline,https://atlas.ecdc.europa.eu/public/index.aspx/,official_ecdc_rest_aggregate,ecdc_atlas_annual,ECDC Surveillance Atlas — Croatia Annual Baseline,https://atlas.ecdc.europa.eu/public/index.aspx/,official_ecdc_rest_aggregate
country,hr,hr,Croatia,public_projection,HR,Croatia,D115,Shiga toxin-producing Escherichia coli infection,产志贺毒素大肠杆菌感染,Bacterial,2017-01-01,2017-01,7,7,,,0.1716022749558737,wpp_computed,,SER_HR_ECDC_STEC_ANNUAL,,,,,,annual,,,,,,,,,,,,,,series_registry,single_series,parity,,SER_HR_ECDC_STEC_ANNUAL,1,The public curve is read directly from one registered source series.,ecdc_atlas_annual,ECDC Surveillance Atlas — Croatia Annual Baseline,https://atlas.ecdc.europa.eu/public/index.aspx/,official_ecdc_rest_aggregate,ecdc_atlas_annual,ECDC Surveillance Atlas — Croatia Annual Baseline,https://atlas.ecdc.europa.eu/public/index.aspx/,official_ecdc_rest_aggregate
country,hr,hr,Croatia,source_series_observation,HR,Croatia,D115,Shiga toxin-producing Escherichia coli infection,产志贺毒素大肠杆菌感染,Bacterial,2017-01-01,2017-01,7,7,,,,,,SER_HR_ECDC_STEC_ANNUAL,SER_HR_ECDC_STEC_ANNUAL,SRC_HR_ECDC_ATLAS,STEC/VTEC infection,case_notifications,ecdc_member_state_reported_aggregate_surveillance,annual,count,country:HR:national,all,exact,conditional,non_additive,active,missing_is_unknown,ECDC_CURRENT_GENERAL_ANNUAL_2026_08,"Croatia annual Member-State reported aggregate cases from the public ECDC Surveillance Atlas; published zeroes are explicit, absent topic/year cells remain unknown, and combined populations are emitted only when every reviewed component is present. Data provided by ECDC based on data reported by EU/EEA Member States.",,raw,True,series_registry,single_series,parity,,SER_HR_ECDC_STEC_ANNUAL,1,The public curve is read directly from one registered source series.,ecdc_atlas_annual,ECDC Surveillance Atlas — Croatia Annual Baseline,https://atlas.ecdc.europa.eu/public/index.aspx/,official_ecdc_rest_aggregate,ecdc_atlas_annual,ECDC Surveillance Atlas — Croatia Annual Baseline,https://atlas.ecdc.europa.eu/public/index.aspx/,official_ecdc_rest_aggregate
country,hr,hr,Croatia,public_projection,HR,Croatia,D120,Tetanus,破伤风,Bacterial,2017-01-01,2017-01,2,2,,,0.049029221415963914,wpp_computed,,SER_HR_ECDC_TETA_ANNUAL,,,,,,annual,,,,,,,,,,,,,,series_registry,single_series,parity,,SER_HR_ECDC_TETA_ANNUAL,1,The public curve is read directly from one registered source series.,ecdc_atlas_annual,ECDC Surveillance Atlas — Croatia Annual Baseline,https://atlas.ecdc.europa.eu/public/index.aspx/,official_ecdc_rest_aggregate,ecdc_atlas_annual,ECDC Surveillance Atlas — Croatia Annual Baseline,https://atlas.ecdc.europa.eu/public/index.aspx/,official_ecdc_rest_aggregate
country,hr,hr,Croatia,source_series_observation,HR,Croatia,D120,Tetanus,破伤风,Bacterial,2017-01-01,2017-01,2,2,,,,,,SER_HR_ECDC_TETA_ANNUAL,SER_HR_ECDC_TETA_ANNUAL,SRC_HR_ECDC_ATLAS,Tetanus,case_notifications,ecdc_member_state_reported_aggregate_surveillance,annual,count,country:HR:national,all,exact,conditional,non_additive,active,missing_is_unknown,ECDC_CURRENT_GENERAL_ANNUAL_2026_08,"Croatia annual Member-State reported aggregate cases from the public ECDC Surveillance Atlas; published zeroes are explicit, absent topic/year cells remain unknown, and combined populations are emitted only when every reviewed component is present. Data provided by ECDC based on data reported by EU/EEA Member States.",,raw,True,series_registry,single_series,parity,,SER_HR_ECDC_TETA_ANNUAL,1,The public curve is read directly from one registered source series.,ecdc_atlas_annual,ECDC Surveillance Atlas — Croatia Annual Baseline,https://atlas.ecdc.europa.eu/public/index.aspx/,official_ecdc_rest_aggregate,ecdc_atlas_annual,ECDC Surveillance Atlas — Croatia Annual Baseline,https://atlas.ecdc.europa.eu/public/index.aspx/,official_ecdc_rest_aggregate
country,hr,hr,Croatia,public_projection,HR,Croatia,D122,Trichinellosis,旋毛虫病,Parasitic,2017-01-01,2017-01,21,21,,,0.5148068248676211,wpp_computed,,SER_HR_ECDC_TRIC_ANNUAL,,,,,,annual,,,,,,,,,,,,,,series_registry,single_series,parity,,SER_HR_ECDC_TRIC_ANNUAL,1,The public curve is read directly from one registered source series.,ecdc_atlas_annual,ECDC Surveillance Atlas — Croatia Annual Baseline,https://atlas.ecdc.europa.eu/public/index.aspx/,official_ecdc_rest_aggregate,ecdc_atlas_annual,ECDC Surveillance Atlas — Croatia Annual Baseline,https://atlas.ecdc.europa.eu/public/index.aspx/,official_ecdc_rest_aggregate
country,hr,hr,Croatia,source_series_observation,HR,Croatia,D122,Trichinellosis,旋毛虫病,Parasitic,2017-01-01,2017-01,21,21,,,,,,SER_HR_ECDC_TRIC_ANNUAL,SER_HR_ECDC_TRIC_ANNUAL,SRC_HR_ECDC_ATLAS,Trichinellosis,case_notifications,ecdc_member_state_reported_aggregate_surveillance,annual,count,country:HR:national,all,exact,conditional,non_additive,active,missing_is_unknown,ECDC_CURRENT_GENERAL_ANNUAL_2026_08,"Croatia annual Member-State reported aggregate cases from the public ECDC Surveillance Atlas; published zeroes are explicit, absent topic/year cells remain unknown, and combined populations are emitted only when every reviewed component is present. Data provided by ECDC based on data reported by EU/EEA Member States.",,raw,True,series_registry,single_series,parity,,SER_HR_ECDC_TRIC_ANNUAL,1,The public curve is read directly from one registered source series.,ecdc_atlas_annual,ECDC Surveillance Atlas — Croatia Annual Baseline,https://atlas.ecdc.europa.eu/public/index.aspx/,official_ecdc_rest_aggregate,ecdc_atlas_annual,ECDC Surveillance Atlas — Croatia Annual Baseline,https://atlas.ecdc.europa.eu/public/index.aspx/,official_ecdc_rest_aggregate
country,hr,hr,Croatia,public_projection,HR,Croatia,D123,Tularemia,土拉菌病,Bacterial,2017-01-01,2017-01,3,3,,,0.07354383212394587,wpp_computed,,SER_HR_ECDC_TULA_ANNUAL,,,,,,annual,,,,,,,,,,,,,,series_registry,single_series,parity,,SER_HR_ECDC_TULA_ANNUAL,1,The public curve is read directly from one registered source series.,ecdc_atlas_annual,ECDC Surveillance Atlas — Croatia Annual Baseline,https://atlas.ecdc.europa.eu/public/index.aspx/,official_ecdc_rest_aggregate,ecdc_atlas_annual,ECDC Surveillance Atlas — Croatia Annual Baseline,https://atlas.ecdc.europa.eu/public/index.aspx/,official_ecdc_rest_aggregate
country,hr,hr,Croatia,source_series_observation,HR,Croatia,D123,Tularemia,土拉菌病,Bacterial,2017-01-01,2017-01,3,3,,,,,,SER_HR_ECDC_TULA_ANNUAL,SER_HR_ECDC_TULA_ANNUAL,SRC_HR_ECDC_ATLAS,Tularaemia,case_notifications,ecdc_member_state_reported_aggregate_surveillance,annual,count,country:HR:national,all,exact,conditional,non_additive,active,missing_is_unknown,ECDC_CURRENT_GENERAL_ANNUAL_2026_08,"Croatia annual Member-State reported aggregate cases from the public ECDC Surveillance Atlas; published zeroes are explicit, absent topic/year cells remain unknown, and combined populations are emitted only when every reviewed component is present. Data provided by ECDC based on data reported by EU/EEA Member States.",,raw,True,series_registry,single_series,parity,,SER_HR_ECDC_TULA_ANNUAL,1,The public curve is read directly from one registered source series.,ecdc_atlas_annual,ECDC Surveillance Atlas — Croatia Annual Baseline,https://atlas.ecdc.europa.eu/public/index.aspx/,official_ecdc_rest_aggregate,ecdc_atlas_annual,ECDC Surveillance Atlas — Croatia Annual Baseline,https://atlas.ecdc.europa.eu/public/index.aspx/,official_ecdc_rest_aggregate
country,hr,hr,Croatia,public_projection,HR,Croatia,D127,Viral hemorrhagic fevers,病毒性出血热,Viral,2017-01-01,2017-01,0,0,,,0.0,wpp_computed,,SER_HR_ECDC_VHFOTH_ANNUAL,,,,,,annual,,,,,,,,,,,,,,series_registry,single_series,parity,,SER_HR_ECDC_VHFOTH_ANNUAL,1,The public curve is read directly from one registered source series.,ecdc_atlas_annual,ECDC Surveillance Atlas — Croatia Annual Baseline,https://atlas.ecdc.europa.eu/public/index.aspx/,official_ecdc_rest_aggregate,ecdc_atlas_annual,ECDC Surveillance Atlas — Croatia Annual Baseline,https://atlas.ecdc.europa.eu/public/index.aspx/,official_ecdc_rest_aggregate
country,hr,hr,Croatia,source_series_observation,HR,Croatia,D127,Viral hemorrhagic fevers,病毒性出血热,Viral,2017-01-01,2017-01,0,0,,,,,,SER_HR_ECDC_VHFOTH_ANNUAL,SER_HR_ECDC_VHFOTH_ANNUAL,SRC_HR_ECDC_ATLAS,Other Viral Haemorrhagic fevers,case_notifications,ecdc_member_state_reported_aggregate_surveillance,annual,count,country:HR:national,all,exact,conditional,non_additive,active,missing_is_unknown,ECDC_CURRENT_GENERAL_ANNUAL_2026_08,"Croatia annual Member-State reported aggregate cases from the public ECDC Surveillance Atlas; published zeroes are explicit, absent topic/year cells remain unknown, and combined populations are emitted only when every reviewed component is present. Data provided by ECDC based on data reported by EU/EEA Member States.",,raw,True,series_registry,single_series,parity,,SER_HR_ECDC_VHFOTH_ANNUAL,1,The public curve is read directly from one registered source series.,ecdc_atlas_annual,ECDC Surveillance Atlas — Croatia Annual Baseline,https://atlas.ecdc.europa.eu/public/index.aspx/,official_ecdc_rest_aggregate,ecdc_atlas_annual,ECDC Surveillance Atlas — Croatia Annual Baseline,https://atlas.ecdc.europa.eu/public/index.aspx/,official_ecdc_rest_aggregate
country,hr,hr,Croatia,public_projection,HR,Croatia,D128,West Nile virus,西尼罗病毒,Viral,2017-01-01,2017-01,5,5,,,0.12257305353990978,wpp_computed,,SER_HR_ECDC_WNF_ANNUAL,,,,,,annual,,,,,,,,,,,,,,series_registry,single_series,parity,,SER_HR_ECDC_WNF_ANNUAL,1,The public curve is read directly from one registered source series.,ecdc_atlas_annual,ECDC Surveillance Atlas — Croatia Annual Baseline,https://atlas.ecdc.europa.eu/public/index.aspx/,official_ecdc_rest_aggregate,ecdc_atlas_annual,ECDC Surveillance Atlas — Croatia Annual Baseline,https://atlas.ecdc.europa.eu/public/index.aspx/,official_ecdc_rest_aggregate
country,hr,hr,Croatia,source_series_observation,HR,Croatia,D128,West Nile virus,西尼罗病毒,Viral,2017-01-01,2017-01,5,5,,,,,,SER_HR_ECDC_WNF_ANNUAL,SER_HR_ECDC_WNF_ANNUAL,SRC_HR_ECDC_ATLAS,West Nile virus infection,case_notifications,ecdc_member_state_reported_aggregate_surveillance,annual,count,country:HR:national,all,exact,conditional,non_additive,active,missing_is_unknown,ECDC_CURRENT_GENERAL_ANNUAL_2026_08,"Croatia annual Member-State reported aggregate cases from the public ECDC Surveillance Atlas; published zeroes are explicit, absent topic/year cells remain unknown, and combined populations are emitted only when every reviewed component is present. Data provided by ECDC based on data reported by EU/EEA Member States.",,raw,True,series_registry,single_series,parity,,SER_HR_ECDC_WNF_ANNUAL,1,The public curve is read directly from one registered source series.,ecdc_atlas_annual,ECDC Surveillance Atlas — Croatia Annual Baseline,https://atlas.ecdc.europa.eu/public/index.aspx/,official_ecdc_rest_aggregate,ecdc_atlas_annual,ECDC Surveillance Atlas — Croatia Annual Baseline,https://atlas.ecdc.europa.eu/public/index.aspx/,official_ecdc_rest_aggregate
country,hr,hr,Croatia,public_projection,HR,Croatia,D144,Creutzfeldt-Jakob disease,克雅氏病,Prion,2017-01-01,2017-01,0,0,,,0.0,wpp_computed,,SER_HR_ECDC_VCJD_ANNUAL,,,,,,annual,,,,,,,,,,,,,,series_registry,single_series,parity,,SER_HR_ECDC_VCJD_ANNUAL,1,The public curve is read directly from one registered source series.,ecdc_atlas_annual,ECDC Surveillance Atlas — Croatia Annual Baseline,https://atlas.ecdc.europa.eu/public/index.aspx/,official_ecdc_rest_aggregate,ecdc_atlas_annual,ECDC Surveillance Atlas — Croatia Annual Baseline,https://atlas.ecdc.europa.eu/public/index.aspx/,official_ecdc_rest_aggregate
country,hr,hr,Croatia,source_series_observation,HR,Croatia,D144,Creutzfeldt-Jakob disease,克雅氏病,Prion,2017-01-01,2017-01,0,0,,,,,,SER_HR_ECDC_VCJD_ANNUAL,SER_HR_ECDC_VCJD_ANNUAL,SRC_HR_ECDC_ATLAS,"Creutzfeldt-Jakob disease, variant",case_notifications,ecdc_member_state_reported_aggregate_surveillance,annual,count,country:HR:national,all,narrower,conditional,non_additive,active,missing_is_unknown,ECDC_CURRENT_GENERAL_ANNUAL_2026_08,"Croatia annual Member-State reported aggregate cases from the public ECDC Surveillance Atlas; published zeroes are explicit, absent topic/year cells remain unknown, and combined populations are emitted only when every reviewed component is present. Data provided by ECDC based on data reported by EU/EEA Member States.",,raw,True,series_registry,single_series,parity,,SER_HR_ECDC_VCJD_ANNUAL,1,The public curve is read directly from one registered source series.,ecdc_atlas_annual,ECDC Surveillance Atlas — Croatia Annual Baseline,https://atlas.ecdc.europa.eu/public/index.aspx/,official_ecdc_rest_aggregate,ecdc_atlas_annual,ECDC Surveillance Atlas — Croatia Annual Baseline,https://atlas.ecdc.europa.eu/public/index.aspx/,official_ecdc_rest_aggregate
country,hr,hr,Croatia,public_projection,HR,Croatia,D155,Yersiniosis,耶尔森菌病,Bacterial,2017-01-01,2017-01,29,29,,,0.7109237105314767,wpp_computed,,SER_HR_ECDC_YERS_ANNUAL,,,,,,annual,,,,,,,,,,,,,,series_registry,single_series,parity,,SER_HR_ECDC_YERS_ANNUAL,1,The public curve is read directly from one registered source series.,ecdc_atlas_annual,ECDC Surveillance Atlas — Croatia Annual Baseline,https://atlas.ecdc.europa.eu/public/index.aspx/,official_ecdc_rest_aggregate,ecdc_atlas_annual,ECDC Surveillance Atlas — Croatia Annual Baseline,https://atlas.ecdc.europa.eu/public/index.aspx/,official_ecdc_rest_aggregate
country,hr,hr,Croatia,source_series_observation,HR,Croatia,D155,Yersiniosis,耶尔森菌病,Bacterial,2017-01-01,2017-01,29,29,,,,,,SER_HR_ECDC_YERS_ANNUAL,SER_HR_ECDC_YERS_ANNUAL,SRC_HR_ECDC_ATLAS,Yersiniosis,case_notifications,ecdc_member_state_reported_aggregate_surveillance,annual,count,country:HR:national,all,exact,conditional,non_additive,active,missing_is_unknown,ECDC_CURRENT_GENERAL_ANNUAL_2026_08,"Croatia annual Member-State reported aggregate cases from the public ECDC Surveillance Atlas; published zeroes are explicit, absent topic/year cells remain unknown, and combined populations are emitted only when every reviewed component is present. Data provided by ECDC based on data reported by EU/EEA Member States.",,raw,True,series_registry,single_series,parity,,SER_HR_ECDC_YERS_ANNUAL,1,The public curve is read directly from one registered source series.,ecdc_atlas_annual,ECDC Surveillance Atlas — Croatia Annual Baseline,https://atlas.ecdc.europa.eu/public/index.aspx/,official_ecdc_rest_aggregate,ecdc_atlas_annual,ECDC Surveillance Atlas — Croatia Annual Baseline,https://atlas.ecdc.europa.eu/public/index.aspx/,official_ecdc_rest_aggregate
country,hr,hr,Croatia,public_projection,HR,Croatia,D162,HIV infection,人类免疫缺乏病毒感染,Viral,2017-01-01,2017-01,106,106,,,2.5985487350460876,wpp_computed,,SER_HR_ECDC_HIV_INFECTION_ANNUAL,,,,,,annual,,,,,,,,,,,,,,series_registry,single_series,parity,,SER_HR_ECDC_HIV_INFECTION_ANNUAL,1,The public curve is read directly from one registered source series.,ecdc_atlas_annual,ECDC Surveillance Atlas — Croatia Annual Baseline,https://atlas.ecdc.europa.eu/public/index.aspx/,official_ecdc_rest_aggregate,ecdc_atlas_annual,ECDC Surveillance Atlas — Croatia Annual Baseline,https://atlas.ecdc.europa.eu/public/index.aspx/,official_ecdc_rest_aggregate
country,hr,hr,Croatia,source_series_observation,HR,Croatia,D162,HIV infection,人类免疫缺乏病毒感染,Viral,2017-01-01,2017-01,106,106,,,,,,SER_HR_ECDC_HIV_INFECTION_ANNUAL,SER_HR_ECDC_HIV_INFECTION_ANNUAL,SRC_HR_ECDC_ATLAS,HIV infection,case_notifications,ecdc_member_state_reported_aggregate_surveillance,annual,count,country:HR:national,all,exact,conditional,non_additive,active,missing_is_unknown,ECDC_CURRENT_GENERAL_ANNUAL_2026_08,"Croatia annual Member-State reported aggregate cases from the public ECDC Surveillance Atlas; published zeroes are explicit, absent topic/year cells remain unknown, and combined populations are emitted only when every reviewed component is present. Data provided by ECDC based on data reported by EU/EEA Member States.",,raw,True,series_registry,single_series,parity,,SER_HR_ECDC_HIV_INFECTION_ANNUAL,1,The public curve is read directly from one registered source series.,ecdc_atlas_annual,ECDC Surveillance Atlas — Croatia Annual Baseline,https://atlas.ecdc.europa.eu/public/index.aspx/,official_ecdc_rest_aggregate,ecdc_atlas_annual,ECDC Surveillance Atlas — Croatia Annual Baseline,https://atlas.ecdc.europa.eu/public/index.aspx/,official_ecdc_rest_aggregate
country,hr,hr,Croatia,public_projection,HR,Croatia,D167,Congenital syphilis,先天性梅毒,Bacterial,2017-01-01,2017-01,0,0,,,0.0,wpp_computed,,SER_HR_ECDC_CONSYPH_ANNUAL,,,,,,annual,,,,,,,,,,,,,,series_registry,single_series,parity,,SER_HR_ECDC_CONSYPH_ANNUAL,1,The public curve is read directly from one registered source series.,ecdc_atlas_annual,ECDC Surveillance Atlas — Croatia Annual Baseline,https://atlas.ecdc.europa.eu/public/index.aspx/,official_ecdc_rest_aggregate,ecdc_atlas_annual,ECDC Surveillance Atlas — Croatia Annual Baseline,https://atlas.ecdc.europa.eu/public/index.aspx/,official_ecdc_rest_aggregate
country,hr,hr,Croatia,source_series_observation,HR,Croatia,D167,Congenital syphilis,先天性梅毒,Bacterial,2017-01-01,2017-01,0,0,,,,,,SER_HR_ECDC_CONSYPH_ANNUAL,SER_HR_ECDC_CONSYPH_ANNUAL,SRC_HR_ECDC_ATLAS,"Syphilis, congenital",case_notifications,ecdc_member_state_reported_aggregate_surveillance,annual,count,country:HR:national,all,exact,conditional,non_additive,active,missing_is_unknown,ECDC_CURRENT_GENERAL_ANNUAL_2026_08,"Croatia annual Member-State reported aggregate cases from the public ECDC Surveillance Atlas; published zeroes are explicit, absent topic/year cells remain unknown, and combined populations are emitted only when every reviewed component is present. Data provided by ECDC based on data reported by EU/EEA Member States.",,raw,True,series_registry,single_series,parity,,SER_HR_ECDC_CONSYPH_ANNUAL,1,The public curve is read directly from one registered source series.,ecdc_atlas_annual,ECDC Surveillance Atlas — Croatia Annual Baseline,https://atlas.ecdc.europa.eu/public/index.aspx/,official_ecdc_rest_aggregate,ecdc_atlas_annual,ECDC Surveillance Atlas — Croatia Annual Baseline,https://atlas.ecdc.europa.eu/public/index.aspx/,official_ecdc_rest_aggregate
country,hr,hr,Croatia,public_projection,HR,Croatia,D173,Rift Valley fever,裂谷热,Viral,2017-01-01,2017-01,0,0,,,0.0,wpp_computed,,SER_HR_ECDC_RIFT_ANNUAL,,,,,,annual,,,,,,,,,,,,,,series_registry,single_series,parity,,SER_HR_ECDC_RIFT_ANNUAL,1,The public curve is read directly from one registered source series.,ecdc_atlas_annual,ECDC Surveillance Atlas — Croatia Annual Baseline,https://atlas.ecdc.europa.eu/public/index.aspx/,official_ecdc_rest_aggregate,ecdc_atlas_annual,ECDC Surveillance Atlas — Croatia Annual Baseline,https://atlas.ecdc.europa.eu/public/index.aspx/,official_ecdc_rest_aggregate
country,hr,hr,Croatia,source_series_observation,HR,Croatia,D173,Rift Valley fever,裂谷热,Viral,2017-01-01,2017-01,0,0,,,,,,SER_HR_ECDC_RIFT_ANNUAL,SER_HR_ECDC_RIFT_ANNUAL,SRC_HR_ECDC_ATLAS,Rift valley fever,case_notifications,ecdc_member_state_reported_aggregate_surveillance,annual,count,country:HR:national,all,exact,conditional,non_additive,active,missing_is_unknown,ECDC_CURRENT_GENERAL_ANNUAL_2026_08,"Croatia annual Member-State reported aggregate cases from the public ECDC Surveillance Atlas; published zeroes are explicit, absent topic/year cells remain unknown, and combined populations are emitted only when every reviewed component is present. Data provided by ECDC based on data reported by EU/EEA Member States.",,raw,True,series_registry,single_series,parity,,SER_HR_ECDC_RIFT_ANNUAL,1,The public curve is read directly from one registered source series.,ecdc_atlas_annual,ECDC Surveillance Atlas — Croatia Annual Baseline,https://atlas.ecdc.europa.eu/public/index.aspx/,official_ecdc_rest_aggregate,ecdc_atlas_annual,ECDC Surveillance Atlas — Croatia Annual Baseline,https://atlas.ecdc.europa.eu/public/index.aspx/,official_ecdc_rest_aggregate
country,hr,hr,Croatia,public_projection,HR,Croatia,D203,Crimean-Congo hemorrhagic fever,克里米亚-刚果出血热,Viral,2017-01-01,2017-01,0,0,,,0.0,wpp_computed,,SER_HR_ECDC_CCHF_ANNUAL,,,,,,annual,,,,,,,,,,,,,,series_registry,single_series,parity,,SER_HR_ECDC_CCHF_ANNUAL,1,The public curve is read directly from one registered source series.,ecdc_atlas_annual,ECDC Surveillance Atlas — Croatia Annual Baseline,https://atlas.ecdc.europa.eu/public/index.aspx/,official_ecdc_rest_aggregate,ecdc_atlas_annual,ECDC Surveillance Atlas — Croatia Annual Baseline,https://atlas.ecdc.europa.eu/public/index.aspx/,official_ecdc_rest_aggregate
country,hr,hr,Croatia,source_series_observation,HR,Croatia,D203,Crimean-Congo hemorrhagic fever,克里米亚-刚果出血热,Viral,2017-01-01,2017-01,0,0,,,,,,SER_HR_ECDC_CCHF_ANNUAL,SER_HR_ECDC_CCHF_ANNUAL,SRC_HR_ECDC_ATLAS,Crimean-Congo haemorrhagic fever,case_notifications,ecdc_member_state_reported_aggregate_surveillance,annual,count,country:HR:national,all,exact,conditional,non_additive,active,missing_is_unknown,ECDC_CURRENT_GENERAL_ANNUAL_2026_08,"Croatia annual Member-State reported aggregate cases from the public ECDC Surveillance Atlas; published zeroes are explicit, absent topic/year cells remain unknown, and combined populations are emitted only when every reviewed component is present. Data provided by ECDC based on data reported by EU/EEA Member States.",,raw,True,series_registry,single_series,parity,,SER_HR_ECDC_CCHF_ANNUAL,1,The public curve is read directly from one registered source series.,ecdc_atlas_annual,ECDC Surveillance Atlas — Croatia Annual Baseline,https://atlas.ecdc.europa.eu/public/index.aspx/,official_ecdc_rest_aggregate,ecdc_atlas_annual,ECDC Surveillance Atlas — Croatia Annual Baseline,https://atlas.ecdc.europa.eu/public/index.aspx/,official_ecdc_rest_aggregate
country,hr,hr,Croatia,public_projection,HR,Croatia,D205,Tick-borne encephalitis,蜱传脑炎,Viral,2017-01-01,2017-01,10,10,,,0.24514610707981957,wpp_computed,,SER_HR_ECDC_TBE_ANNUAL,,,,,,annual,,,,,,,,,,,,,,series_registry,single_series,parity,,SER_HR_ECDC_TBE_ANNUAL,1,The public curve is read directly from one registered source series.,ecdc_atlas_annual,ECDC Surveillance Atlas — Croatia Annual Baseline,https://atlas.ecdc.europa.eu/public/index.aspx/,official_ecdc_rest_aggregate,ecdc_atlas_annual,ECDC Surveillance Atlas — Croatia Annual Baseline,https://atlas.ecdc.europa.eu/public/index.aspx/,official_ecdc_rest_aggregate
country,hr,hr,Croatia,source_series_observation,HR,Croatia,D205,Tick-borne encephalitis,蜱传脑炎,Viral,2017-01-01,2017-01,10,10,,,,,,SER_HR_ECDC_TBE_ANNUAL,SER_HR_ECDC_TBE_ANNUAL,SRC_HR_ECDC_ATLAS,Tick-borne encephalitis,case_notifications,ecdc_member_state_reported_aggregate_surveillance,annual,count,country:HR:national,all,exact,conditional,non_additive,active,missing_is_unknown,ECDC_CURRENT_GENERAL_ANNUAL_2026_08,"Croatia annual Member-State reported aggregate cases from the public ECDC Surveillance Atlas; published zeroes are explicit, absent topic/year cells remain unknown, and combined populations are emitted only when every reviewed component is present. Data provided by ECDC based on data reported by EU/EEA Member States.",,raw,True,series_registry,single_series,parity,,SER_HR_ECDC_TBE_ANNUAL,1,The public curve is read directly from one registered source series.,ecdc_atlas_annual,ECDC Surveillance Atlas — Croatia Annual Baseline,https://atlas.ecdc.europa.eu/public/index.aspx/,official_ecdc_rest_aggregate,ecdc_atlas_annual,ECDC Surveillance Atlas — Croatia Annual Baseline,https://atlas.ecdc.europa.eu/public/index.aspx/,official_ecdc_rest_aggregate
country,hr,hr,Croatia,public_projection,HR,Croatia,D242,Lymphogranuloma venereum,性病性淋巴肉芽肿,Bacterial,2017-01-01,2017-01,2,2,,,0.049029221415963914,wpp_computed,,SER_HR_ECDC_LGV_ANNUAL,,,,,,annual,,,,,,,,,,,,,,series_registry,single_series,parity,,SER_HR_ECDC_LGV_ANNUAL,1,The public curve is read directly from one registered source series.,ecdc_atlas_annual,ECDC Surveillance Atlas — Croatia Annual Baseline,https://atlas.ecdc.europa.eu/public/index.aspx/,official_ecdc_rest_aggregate,ecdc_atlas_annual,ECDC Surveillance Atlas — Croatia Annual Baseline,https://atlas.ecdc.europa.eu/public/index.aspx/,official_ecdc_rest_aggregate
country,hr,hr,Croatia,source_series_observation,HR,Croatia,D242,Lymphogranuloma venereum,性病性淋巴肉芽肿,Bacterial,2017-01-01,2017-01,2,2,,,,,,SER_HR_ECDC_LGV_ANNUAL,SER_HR_ECDC_LGV_ANNUAL,SRC_HR_ECDC_ATLAS,"Chlamydia infection, lymphogranuloma venereum",case_notifications,ecdc_member_state_reported_aggregate_surveillance,annual,count,country:HR:national,all,exact,conditional,non_additive,active,missing_is_unknown,ECDC_CURRENT_GENERAL_ANNUAL_2026_08,"Croatia annual Member-State reported aggregate cases from the public ECDC Surveillance Atlas; published zeroes are explicit, absent topic/year cells remain unknown, and combined populations are emitted only when every reviewed component is present. Data provided by ECDC based on data reported by EU/EEA Member States.",,raw,True,series_registry,single_series,parity,,SER_HR_ECDC_LGV_ANNUAL,1,The public curve is read directly from one registered source series.,ecdc_atlas_annual,ECDC Surveillance Atlas — Croatia Annual Baseline,https://atlas.ecdc.europa.eu/public/index.aspx/,official_ecdc_rest_aggregate,ecdc_atlas_annual,ECDC Surveillance Atlas — Croatia Annual Baseline,https://atlas.ecdc.europa.eu/public/index.aspx/,official_ecdc_rest_aggregate
country,hr,hr,Croatia,public_projection,HR,Croatia,D001,Plague,鼠疫,Bacterial,2018-01-01,2018-01,0,0,,,0.0,wpp_computed,,SER_HR_ECDC_PLAG_ANNUAL,,,,,,annual,,,,,,,,,,,,,,series_registry,single_series,parity,,SER_HR_ECDC_PLAG_ANNUAL,1,The public curve is read directly from one registered source series.,ecdc_atlas_annual,ECDC Surveillance Atlas — Croatia Annual Baseline,https://atlas.ecdc.europa.eu/public/index.aspx/,official_ecdc_rest_aggregate,ecdc_atlas_annual,ECDC Surveillance Atlas — Croatia Annual Baseline,https://atlas.ecdc.europa.eu/public/index.aspx/,official_ecdc_rest_aggregate
country,hr,hr,Croatia,source_series_observation,HR,Croatia,D001,Plague,鼠疫,Bacterial,2018-01-01,2018-01,0,0,,,,,,SER_HR_ECDC_PLAG_ANNUAL,SER_HR_ECDC_PLAG_ANNUAL,SRC_HR_ECDC_ATLAS,Plague,case_notifications,ecdc_member_state_reported_aggregate_surveillance,annual,count,country:HR:national,all,exact,conditional,non_additive,active,missing_is_unknown,ECDC_CURRENT_GENERAL_ANNUAL_2026_08,"Croatia annual Member-State reported aggregate cases from the public ECDC Surveillance Atlas; published zeroes are explicit, absent topic/year cells remain unknown, and combined populations are emitted only when every reviewed component is present. Data provided by ECDC based on data reported by EU/EEA Member States.",,raw,True,series_registry,single_series,parity,,SER_HR_ECDC_PLAG_ANNUAL,1,The public curve is read directly from one registered source series.,ecdc_atlas_annual,ECDC Surveillance Atlas — Croatia Annual Baseline,https://atlas.ecdc.europa.eu/public/index.aspx/,official_ecdc_rest_aggregate,ecdc_atlas_annual,ECDC Surveillance Atlas — Croatia Annual Baseline,https://atlas.ecdc.europa.eu/public/index.aspx/,official_ecdc_rest_aggregate
country,hr,hr,Croatia,public_projection,HR,Croatia,D002,Cholera,霍乱,Bacterial,2018-01-01,2018-01,0,0,,,0.0,wpp_computed,,SER_HR_ECDC_CHOL_ANNUAL,,,,,,annual,,,,,,,,,,,,,,series_registry,single_series,parity,,SER_HR_ECDC_CHOL_ANNUAL,1,The public curve is read directly from one registered source series.,ecdc_atlas_annual,ECDC Surveillance Atlas — Croatia Annual Baseline,https://atlas.ecdc.europa.eu/public/index.aspx/,official_ecdc_rest_aggregate,ecdc_atlas_annual,ECDC Surveillance Atlas — Croatia Annual Baseline,https://atlas.ecdc.europa.eu/public/index.aspx/,official_ecdc_rest_aggregate
country,hr,hr,Croatia,source_series_observation,HR,Croatia,D002,Cholera,霍乱,Bacterial,2018-01-01,2018-01,0,0,,,,,,SER_HR_ECDC_CHOL_ANNUAL,SER_HR_ECDC_CHOL_ANNUAL,SRC_HR_ECDC_ATLAS,Cholera,case_notifications,ecdc_member_state_reported_aggregate_surveillance,annual,count,country:HR:national,all,exact,conditional,non_additive,active,missing_is_unknown,ECDC_CURRENT_GENERAL_ANNUAL_2026_08,"Croatia annual Member-State reported aggregate cases from the public ECDC Surveillance Atlas; published zeroes are explicit, absent topic/year cells remain unknown, and combined populations are emitted only when every reviewed component is present. Data provided by ECDC based on data reported by EU/EEA Member States.",,raw,True,series_registry,single_series,parity,,SER_HR_ECDC_CHOL_ANNUAL,1,The public curve is read directly from one registered source series.,ecdc_atlas_annual,ECDC Surveillance Atlas — Croatia Annual Baseline,https://atlas.ecdc.europa.eu/public/index.aspx/,official_ecdc_rest_aggregate,ecdc_atlas_annual,ECDC Surveillance Atlas — Croatia Annual Baseline,https://atlas.ecdc.europa.eu/public/index.aspx/,official_ecdc_rest_aggregate
country,hr,hr,Croatia,public_projection,HR,Croatia,D005,AIDS,艾滋病,Viral,2018-01-01,2018-01,30,30,,,0.7453660592098921,wpp_computed,,SER_HR_ECDC_AIDS_ANNUAL,,,,,,annual,,,,,,,,,,,,,,series_registry,single_series,parity,,SER_HR_ECDC_AIDS_ANNUAL,1,The public curve is read directly from one registered source series.,ecdc_atlas_annual,ECDC Surveillance Atlas — Croatia Annual Baseline,https://atlas.ecdc.europa.eu/public/index.aspx/,official_ecdc_rest_aggregate,ecdc_atlas_annual,ECDC Surveillance Atlas — Croatia Annual Baseline,https://atlas.ecdc.europa.eu/public/index.aspx/,official_ecdc_rest_aggregate
country,hr,hr,Croatia,source_series_observation,HR,Croatia,D005,AIDS,艾滋病,Viral,2018-01-01,2018-01,30,30,,,,,,SER_HR_ECDC_AIDS_ANNUAL,SER_HR_ECDC_AIDS_ANNUAL,SRC_HR_ECDC_ATLAS,AIDS,case_notifications,ecdc_member_state_reported_aggregate_surveillance,annual,count,country:HR:national,all,exact,conditional,non_additive,active,missing_is_unknown,ECDC_CURRENT_GENERAL_ANNUAL_2026_08,"Croatia annual Member-State reported aggregate cases from the public ECDC Surveillance Atlas; published zeroes are explicit, absent topic/year cells remain unknown, and combined populations are emitted only when every reviewed component is present. Data provided by ECDC based on data reported by EU/EEA Member States.",,raw,True,series_registry,single_series,parity,,SER_HR_ECDC_AIDS_ANNUAL,1,The public curve is read directly from one registered source series.,ecdc_atlas_annual,ECDC Surveillance Atlas — Croatia Annual Baseline,https://atlas.ecdc.europa.eu/public/index.aspx/,official_ecdc_rest_aggregate,ecdc_atlas_annual,ECDC Surveillance Atlas — Croatia Annual Baseline,https://atlas.ecdc.europa.eu/public/index.aspx/,official_ecdc_rest_aggregate
country,hr,hr,Croatia,public_projection,HR,Croatia,D007,Hepatitis A,甲型肝炎,Viral,2018-01-01,2018-01,96,96,,,2.3851713894716546,wpp_computed,,SER_HR_ECDC_HEPA_ANNUAL,,,,,,annual,,,,,,,,,,,,,,series_registry,single_series,parity,,SER_HR_ECDC_HEPA_ANNUAL,1,The public curve is read directly from one registered source series.,ecdc_atlas_annual,ECDC Surveillance Atlas — Croatia Annual Baseline,https://atlas.ecdc.europa.eu/public/index.aspx/,official_ecdc_rest_aggregate,ecdc_atlas_annual,ECDC Surveillance Atlas — Croatia Annual Baseline,https://atlas.ecdc.europa.eu/public/index.aspx/,official_ecdc_rest_aggregate
country,hr,hr,Croatia,source_series_observation,HR,Croatia,D007,Hepatitis A,甲型肝炎,Viral,2018-01-01,2018-01,96,96,,,,,,SER_HR_ECDC_HEPA_ANNUAL,SER_HR_ECDC_HEPA_ANNUAL,SRC_HR_ECDC_ATLAS,Hepatitis A,case_notifications,ecdc_member_state_reported_aggregate_surveillance,annual,count,country:HR:national,all,exact,conditional,non_additive,active,missing_is_unknown,ECDC_CURRENT_GENERAL_ANNUAL_2026_08,"Croatia annual Member-State reported aggregate cases from the public ECDC Surveillance Atlas; published zeroes are explicit, absent topic/year cells remain unknown, and combined populations are emitted only when every reviewed component is present. Data provided by ECDC based on data reported by EU/EEA Member States.",,raw,True,series_registry,single_series,parity,,SER_HR_ECDC_HEPA_ANNUAL,1,The public curve is read directly from one registered source series.,ecdc_atlas_annual,ECDC Surveillance Atlas — Croatia Annual Baseline,https://atlas.ecdc.europa.eu/public/index.aspx/,official_ecdc_rest_aggregate,ecdc_atlas_annual,ECDC Surveillance Atlas — Croatia Annual Baseline,https://atlas.ecdc.europa.eu/public/index.aspx/,official_ecdc_rest_aggregate
country,hr,hr,Croatia,public_projection,HR,Croatia,D009,Hepatitis C,丙型肝炎,Viral,2018-01-01,2018-01,212,212,,,5.267253485083237,wpp_computed,,SER_HR_ECDC_HEPC_ANNUAL,,,,,,annual,,,,,,,,,,,,,,series_registry,single_series,parity,,SER_HR_ECDC_HEPC_ANNUAL,1,The public curve is read directly from one registered source series.,ecdc_atlas_annual,ECDC Surveillance Atlas — Croatia Annual Baseline,https://atlas.ecdc.europa.eu/public/index.aspx/,official_ecdc_rest_aggregate,ecdc_atlas_annual,ECDC Surveillance Atlas — Croatia Annual Baseline,https://atlas.ecdc.europa.eu/public/index.aspx/,official_ecdc_rest_aggregate
country,hr,hr,Croatia,source_series_observation,HR,Croatia,D009,Hepatitis C,丙型肝炎,Viral,2018-01-01,2018-01,212,212,,,,,,SER_HR_ECDC_HEPC_ANNUAL,SER_HR_ECDC_HEPC_ANNUAL,SRC_HR_ECDC_ATLAS,Hepatitis C,case_notifications,ecdc_member_state_reported_aggregate_surveillance,annual,count,country:HR:national,all,exact,conditional,non_additive,active,missing_is_unknown,ECDC_CURRENT_GENERAL_ANNUAL_2026_08,"Croatia annual Member-State reported aggregate cases from the public ECDC Surveillance Atlas; published zeroes are explicit, absent topic/year cells remain unknown, and combined populations are emitted only when every reviewed component is present. Data provided by ECDC based on data reported by EU/EEA Member States.",,raw,True,series_registry,single_series,parity,,SER_HR_ECDC_HEPC_ANNUAL,1,The public curve is read directly from one registered source series.,ecdc_atlas_annual,ECDC Surveillance Atlas — Croatia Annual Baseline,https://atlas.ecdc.europa.eu/public/index.aspx/,official_ecdc_rest_aggregate,ecdc_atlas_annual,ECDC Surveillance Atlas — Croatia Annual Baseline,https://atlas.ecdc.europa.eu/public/index.aspx/,official_ecdc_rest_aggregate
country,hr,hr,Croatia,public_projection,HR,Croatia,D017,Measles,麻疹,Viral,2018-01-01,2018-01,23,23,,,0.5714473120609173,wpp_computed,,SER_HR_ECDC_MEAS_ANNUAL,,,,,,annual,,,,,,,,,,,,,,series_registry,single_series,parity,,SER_HR_ECDC_MEAS_ANNUAL,1,The public curve is read directly from one registered source series.,ecdc_atlas_annual,ECDC Surveillance Atlas — Croatia Annual Baseline,https://atlas.ecdc.europa.eu/public/index.aspx/,official_ecdc_rest_aggregate,ecdc_atlas_annual,ECDC Surveillance Atlas — Croatia Annual Baseline,https://atlas.ecdc.europa.eu/public/index.aspx/,official_ecdc_rest_aggregate
country,hr,hr,Croatia,source_series_observation,HR,Croatia,D017,Measles,麻疹,Viral,2018-01-01,2018-01,23,23,,,,,,SER_HR_ECDC_MEAS_ANNUAL,SER_HR_ECDC_MEAS_ANNUAL,SRC_HR_ECDC_ATLAS,Measles,case_notifications,ecdc_member_state_reported_aggregate_surveillance,annual,count,country:HR:national,all,exact,conditional,non_additive,active,missing_is_unknown,ECDC_CURRENT_GENERAL_ANNUAL_2026_08,"Croatia annual Member-State reported aggregate cases from the public ECDC Surveillance Atlas; published zeroes are explicit, absent topic/year cells remain unknown, and combined populations are emitted only when every reviewed component is present. Data provided by ECDC based on data reported by EU/EEA Member States.",,raw,True,series_registry,single_series,parity,,SER_HR_ECDC_MEAS_ANNUAL,1,The public curve is read directly from one registered source series.,ecdc_atlas_annual,ECDC Surveillance Atlas — Croatia Annual Baseline,https://atlas.ecdc.europa.eu/public/index.aspx/,official_ecdc_rest_aggregate,ecdc_atlas_annual,ECDC Surveillance Atlas — Croatia Annual Baseline,https://atlas.ecdc.europa.eu/public/index.aspx/,official_ecdc_rest_aggregate
country,hr,hr,Croatia,public_projection,HR,Croatia,D019,Rabies,狂犬病,Viral,2018-01-01,2018-01,0,0,,,0.0,wpp_computed,,SER_HR_ECDC_RABI_ANNUAL,,,,,,annual,,,,,,,,,,,,,,series_registry,single_series,parity,,SER_HR_ECDC_RABI_ANNUAL,1,The public curve is read directly from one registered source series.,ecdc_atlas_annual,ECDC Surveillance Atlas — Croatia Annual Baseline,https://atlas.ecdc.europa.eu/public/index.aspx/,official_ecdc_rest_aggregate,ecdc_atlas_annual,ECDC Surveillance Atlas — Croatia Annual Baseline,https://atlas.ecdc.europa.eu/public/index.aspx/,official_ecdc_rest_aggregate
country,hr,hr,Croatia,source_series_observation,HR,Croatia,D019,Rabies,狂犬病,Viral,2018-01-01,2018-01,0,0,,,,,,SER_HR_ECDC_RABI_ANNUAL,SER_HR_ECDC_RABI_ANNUAL,SRC_HR_ECDC_ATLAS,Rabies,case_notifications,ecdc_member_state_reported_aggregate_surveillance,annual,count,country:HR:national,all,exact,conditional,non_additive,active,missing_is_unknown,ECDC_CURRENT_GENERAL_ANNUAL_2026_08,"Croatia annual Member-State reported aggregate cases from the public ECDC Surveillance Atlas; published zeroes are explicit, absent topic/year cells remain unknown, and combined populations are emitted only when every reviewed component is present. Data provided by ECDC based on data reported by EU/EEA Member States.",,raw,True,series_registry,single_series,parity,,SER_HR_ECDC_RABI_ANNUAL,1,The public curve is read directly from one registered source series.,ecdc_atlas_annual,ECDC Surveillance Atlas — Croatia Annual Baseline,https://atlas.ecdc.europa.eu/public/index.aspx/,official_ecdc_rest_aggregate,ecdc_atlas_annual,ECDC Surveillance Atlas — Croatia Annual Baseline,https://atlas.ecdc.europa.eu/public/index.aspx/,official_ecdc_rest_aggregate
country,hr,hr,Croatia,public_projection,HR,Croatia,D021,Dengue,登革热,Viral,2018-01-01,2018-01,2,2,,,0.049691070613992805,wpp_computed,,SER_HR_ECDC_DENGUE_ANNUAL,,,,,,annual,,,,,,,,,,,,,,series_registry,single_series,parity,,SER_HR_ECDC_DENGUE_ANNUAL,1,The public curve is read directly from one registered source series.,ecdc_atlas_annual,ECDC Surveillance Atlas — Croatia Annual Baseline,https://atlas.ecdc.europa.eu/public/index.aspx/,official_ecdc_rest_aggregate,ecdc_atlas_annual,ECDC Surveillance Atlas — Croatia Annual Baseline,https://atlas.ecdc.europa.eu/public/index.aspx/,official_ecdc_rest_aggregate
country,hr,hr,Croatia,source_series_observation,HR,Croatia,D021,Dengue,登革热,Viral,2018-01-01,2018-01,2,2,,,,,,SER_HR_ECDC_DENGUE_ANNUAL,SER_HR_ECDC_DENGUE_ANNUAL,SRC_HR_ECDC_ATLAS,Dengue,case_notifications,ecdc_member_state_reported_aggregate_surveillance,annual,count,country:HR:national,all,exact,conditional,non_additive,active,missing_is_unknown,ECDC_CURRENT_GENERAL_ANNUAL_2026_08,"Croatia annual Member-State reported aggregate cases from the public ECDC Surveillance Atlas; published zeroes are explicit, absent topic/year cells remain unknown, and combined populations are emitted only when every reviewed component is present. Data provided by ECDC based on data reported by EU/EEA Member States.",,raw,True,series_registry,single_series,parity,,SER_HR_ECDC_DENGUE_ANNUAL,1,The public curve is read directly from one registered source series.,ecdc_atlas_annual,ECDC Surveillance Atlas — Croatia Annual Baseline,https://atlas.ecdc.europa.eu/public/index.aspx/,official_ecdc_rest_aggregate,ecdc_atlas_annual,ECDC Surveillance Atlas — Croatia Annual Baseline,https://atlas.ecdc.europa.eu/public/index.aspx/,official_ecdc_rest_aggregate
country,hr,hr,Croatia,public_projection,HR,Croatia,D023,Anthrax,炭疽,Bacterial,2018-01-01,2018-01,0,0,,,0.0,wpp_computed,,SER_HR_ECDC_ANTH_ANNUAL,,,,,,annual,,,,,,,,,,,,,,series_registry,single_series,parity,,SER_HR_ECDC_ANTH_ANNUAL,1,The public curve is read directly from one registered source series.,ecdc_atlas_annual,ECDC Surveillance Atlas — Croatia Annual Baseline,https://atlas.ecdc.europa.eu/public/index.aspx/,official_ecdc_rest_aggregate,ecdc_atlas_annual,ECDC Surveillance Atlas — Croatia Annual Baseline,https://atlas.ecdc.europa.eu/public/index.aspx/,official_ecdc_rest_aggregate
country,hr,hr,Croatia,source_series_observation,HR,Croatia,D023,Anthrax,炭疽,Bacterial,2018-01-01,2018-01,0,0,,,,,,SER_HR_ECDC_ANTH_ANNUAL,SER_HR_ECDC_ANTH_ANNUAL,SRC_HR_ECDC_ATLAS,Anthrax,case_notifications,ecdc_member_state_reported_aggregate_surveillance,annual,count,country:HR:national,all,exact,conditional,non_additive,active,missing_is_unknown,ECDC_CURRENT_GENERAL_ANNUAL_2026_08,"Croatia annual Member-State reported aggregate cases from the public ECDC Surveillance Atlas; published zeroes are explicit, absent topic/year cells remain unknown, and combined populations are emitted only when every reviewed component is present. Data provided by ECDC based on data reported by EU/EEA Member States.",,raw,True,series_registry,single_series,parity,,SER_HR_ECDC_ANTH_ANNUAL,1,The public curve is read directly from one registered source series.,ecdc_atlas_annual,ECDC Surveillance Atlas — Croatia Annual Baseline,https://atlas.ecdc.europa.eu/public/index.aspx/,official_ecdc_rest_aggregate,ecdc_atlas_annual,ECDC Surveillance Atlas — Croatia Annual Baseline,https://atlas.ecdc.europa.eu/public/index.aspx/,official_ecdc_rest_aggregate
country,hr,hr,Croatia,public_projection,HR,Croatia,D025,Tuberculosis,肺结核,Bacterial,2018-01-01,2018-01,372,372,,,9.242539134202662,wpp_computed,,SER_HR_ECDC_TUBE_ANNUAL,,,,,,annual,,,,,,,,,,,,,,series_registry,single_series,parity,,SER_HR_ECDC_TUBE_ANNUAL,1,The public curve is read directly from one registered source series.,ecdc_atlas_annual,ECDC Surveillance Atlas — Croatia Annual Baseline,https://atlas.ecdc.europa.eu/public/index.aspx/,official_ecdc_rest_aggregate,ecdc_atlas_annual,ECDC Surveillance Atlas — Croatia Annual Baseline,https://atlas.ecdc.europa.eu/public/index.aspx/,official_ecdc_rest_aggregate
country,hr,hr,Croatia,source_series_observation,HR,Croatia,D025,Tuberculosis,肺结核,Bacterial,2018-01-01,2018-01,372,372,,,,,,SER_HR_ECDC_TUBE_ANNUAL,SER_HR_ECDC_TUBE_ANNUAL,SRC_HR_ECDC_ATLAS,Tuberculosis,case_notifications,ecdc_member_state_reported_aggregate_surveillance,annual,count,country:HR:national,all,exact,conditional,non_additive,active,missing_is_unknown,ECDC_CURRENT_GENERAL_ANNUAL_2026_08,"Croatia annual Member-State reported aggregate cases from the public ECDC Surveillance Atlas; published zeroes are explicit, absent topic/year cells remain unknown, and combined populations are emitted only when every reviewed component is present. Data provided by ECDC based on data reported by EU/EEA Member States.",,raw,True,series_registry,single_series,parity,,SER_HR_ECDC_TUBE_ANNUAL,1,The public curve is read directly from one registered source series.,ecdc_atlas_annual,ECDC Surveillance Atlas — Croatia Annual Baseline,https://atlas.ecdc.europa.eu/public/index.aspx/,official_ecdc_rest_aggregate,ecdc_atlas_annual,ECDC Surveillance Atlas — Croatia Annual Baseline,https://atlas.ecdc.europa.eu/public/index.aspx/,official_ecdc_rest_aggregate
country,hr,hr,Croatia,public_projection,HR,Croatia,D028,Pertussis,百日咳,Bacterial,2018-01-01,2018-01,129,129,,,3.205074054602536,wpp_computed,,SER_HR_ECDC_PERT_ANNUAL,,,,,,annual,,,,,,,,,,,,,,series_registry,single_series,parity,,SER_HR_ECDC_PERT_ANNUAL,1,The public curve is read directly from one registered source series.,ecdc_atlas_annual,ECDC Surveillance Atlas — Croatia Annual Baseline,https://atlas.ecdc.europa.eu/public/index.aspx/,official_ecdc_rest_aggregate,ecdc_atlas_annual,ECDC Surveillance Atlas — Croatia Annual Baseline,https://atlas.ecdc.europa.eu/public/index.aspx/,official_ecdc_rest_aggregate
country,hr,hr,Croatia,source_series_observation,HR,Croatia,D028,Pertussis,百日咳,Bacterial,2018-01-01,2018-01,129,129,,,,,,SER_HR_ECDC_PERT_ANNUAL,SER_HR_ECDC_PERT_ANNUAL,SRC_HR_ECDC_ATLAS,Pertussis,case_notifications,ecdc_member_state_reported_aggregate_surveillance,annual,count,country:HR:national,all,exact,conditional,non_additive,active,missing_is_unknown,ECDC_CURRENT_GENERAL_ANNUAL_2026_08,"Croatia annual Member-State reported aggregate cases from the public ECDC Surveillance Atlas; published zeroes are explicit, absent topic/year cells remain unknown, and combined populations are emitted only when every reviewed component is present. Data provided by ECDC based on data reported by EU/EEA Member States.",,raw,True,series_registry,single_series,parity,,SER_HR_ECDC_PERT_ANNUAL,1,The public curve is read directly from one registered source series.,ecdc_atlas_annual,ECDC Surveillance Atlas — Croatia Annual Baseline,https://atlas.ecdc.europa.eu/public/index.aspx/,official_ecdc_rest_aggregate,ecdc_atlas_annual,ECDC Surveillance Atlas — Croatia Annual Baseline,https://atlas.ecdc.europa.eu/public/index.aspx/,official_ecdc_rest_aggregate
country,hr,hr,Croatia,public_projection,HR,Croatia,D032,Brucellosis,布鲁氏菌病,Bacterial,2018-01-01,2018-01,3,3,,,0.07453660592098921,wpp_computed,,SER_HR_ECDC_BRUC_ANNUAL,,,,,,annual,,,,,,,,,,,,,,series_registry,single_series,parity,,SER_HR_ECDC_BRUC_ANNUAL,1,The public curve is read directly from one registered source series.,ecdc_atlas_annual,ECDC Surveillance Atlas — Croatia Annual Baseline,https://atlas.ecdc.europa.eu/public/index.aspx/,official_ecdc_rest_aggregate,ecdc_atlas_annual,ECDC Surveillance Atlas — Croatia Annual Baseline,https://atlas.ecdc.europa.eu/public/index.aspx/,official_ecdc_rest_aggregate
country,hr,hr,Croatia,source_series_observation,HR,Croatia,D032,Brucellosis,布鲁氏菌病,Bacterial,2018-01-01,2018-01,3,3,,,,,,SER_HR_ECDC_BRUC_ANNUAL,SER_HR_ECDC_BRUC_ANNUAL,SRC_HR_ECDC_ATLAS,Brucellosis,case_notifications,ecdc_member_state_reported_aggregate_surveillance,annual,count,country:HR:national,all,exact,conditional,non_additive,active,missing_is_unknown,ECDC_CURRENT_GENERAL_ANNUAL_2026_08,"Croatia annual Member-State reported aggregate cases from the public ECDC Surveillance Atlas; published zeroes are explicit, absent topic/year cells remain unknown, and combined populations are emitted only when every reviewed component is present. Data provided by ECDC based on data reported by EU/EEA Member States.",,raw,True,series_registry,single_series,parity,,SER_HR_ECDC_BRUC_ANNUAL,1,The public curve is read directly from one registered source series.,ecdc_atlas_annual,ECDC Surveillance Atlas — Croatia Annual Baseline,https://atlas.ecdc.europa.eu/public/index.aspx/,official_ecdc_rest_aggregate,ecdc_atlas_annual,ECDC Surveillance Atlas — Croatia Annual Baseline,https://atlas.ecdc.europa.eu/public/index.aspx/,official_ecdc_rest_aggregate
country,hr,hr,Croatia,public_projection,HR,Croatia,D033,Gonorrhea,淋病,Bacterial,2018-01-01,2018-01,38,38,,,0.9441303416658633,wpp_computed,,SER_HR_ECDC_GONO_ANNUAL,,,,,,annual,,,,,,,,,,,,,,series_registry,single_series,parity,,SER_HR_ECDC_GONO_ANNUAL,1,The public curve is read directly from one registered source series.,ecdc_atlas_annual,ECDC Surveillance Atlas — Croatia Annual Baseline,https://atlas.ecdc.europa.eu/public/index.aspx/,official_ecdc_rest_aggregate,ecdc_atlas_annual,ECDC Surveillance Atlas — Croatia Annual Baseline,https://atlas.ecdc.europa.eu/public/index.aspx/,official_ecdc_rest_aggregate
country,hr,hr,Croatia,source_series_observation,HR,Croatia,D033,Gonorrhea,淋病,Bacterial,2018-01-01,2018-01,38,38,,,,,,SER_HR_ECDC_GONO_ANNUAL,SER_HR_ECDC_GONO_ANNUAL,SRC_HR_ECDC_ATLAS,Gonorrhoea,case_notifications,ecdc_member_state_reported_aggregate_surveillance,annual,count,country:HR:national,all,exact,conditional,non_additive,active,missing_is_unknown,ECDC_CURRENT_GENERAL_ANNUAL_2026_08,"Croatia annual Member-State reported aggregate cases from the public ECDC Surveillance Atlas; published zeroes are explicit, absent topic/year cells remain unknown, and combined populations are emitted only when every reviewed component is present. Data provided by ECDC based on data reported by EU/EEA Member States.",,raw,True,series_registry,single_series,parity,,SER_HR_ECDC_GONO_ANNUAL,1,The public curve is read directly from one registered source series.,ecdc_atlas_annual,ECDC Surveillance Atlas — Croatia Annual Baseline,https://atlas.ecdc.europa.eu/public/index.aspx/,official_ecdc_rest_aggregate,ecdc_atlas_annual,ECDC Surveillance Atlas — Croatia Annual Baseline,https://atlas.ecdc.europa.eu/public/index.aspx/,official_ecdc_rest_aggregate
country,hr,hr,Croatia,public_projection,HR,Croatia,D034,Syphilis,梅毒,Bacterial,2018-01-01,2018-01,35,35,,,0.8695937357448741,wpp_computed,,SER_HR_ECDC_SYPH_ANNUAL,,,,,,annual,,,,,,,,,,,,,,series_registry,single_series,parity,,SER_HR_ECDC_SYPH_ANNUAL,1,The public curve is read directly from one registered source series.,ecdc_atlas_annual,ECDC Surveillance Atlas — Croatia Annual Baseline,https://atlas.ecdc.europa.eu/public/index.aspx/,official_ecdc_rest_aggregate,ecdc_atlas_annual,ECDC Surveillance Atlas — Croatia Annual Baseline,https://atlas.ecdc.europa.eu/public/index.aspx/,official_ecdc_rest_aggregate
country,hr,hr,Croatia,source_series_observation,HR,Croatia,D034,Syphilis,梅毒,Bacterial,2018-01-01,2018-01,35,35,,,,,,SER_HR_ECDC_SYPH_ANNUAL,SER_HR_ECDC_SYPH_ANNUAL,SRC_HR_ECDC_ATLAS,Syphilis,case_notifications,ecdc_member_state_reported_aggregate_surveillance,annual,count,country:HR:national,all,exact,conditional,non_additive,active,missing_is_unknown,ECDC_CURRENT_GENERAL_ANNUAL_2026_08,"Croatia annual Member-State reported aggregate cases from the public ECDC Surveillance Atlas; published zeroes are explicit, absent topic/year cells remain unknown, and combined populations are emitted only when every reviewed component is present. Data provided by ECDC based on data reported by EU/EEA Member States.",,raw,True,series_registry,single_series,parity,,SER_HR_ECDC_SYPH_ANNUAL,1,The public curve is read directly from one registered source series.,ecdc_atlas_annual,ECDC Surveillance Atlas — Croatia Annual Baseline,https://atlas.ecdc.europa.eu/public/index.aspx/,official_ecdc_rest_aggregate,ecdc_atlas_annual,ECDC Surveillance Atlas — Croatia Annual Baseline,https://atlas.ecdc.europa.eu/public/index.aspx/,official_ecdc_rest_aggregate
country,hr,hr,Croatia,public_projection,HR,Croatia,D035,Leptospirosis,钩端螺旋体病,Bacterial,2018-01-01,2018-01,7,7,,,0.17391874714897482,wpp_computed,,SER_HR_ECDC_LEPT_ANNUAL,,,,,,annual,,,,,,,,,,,,,,series_registry,single_series,parity,,SER_HR_ECDC_LEPT_ANNUAL,1,The public curve is read directly from one registered source series.,ecdc_atlas_annual,ECDC Surveillance Atlas — Croatia Annual Baseline,https://atlas.ecdc.europa.eu/public/index.aspx/,official_ecdc_rest_aggregate,ecdc_atlas_annual,ECDC Surveillance Atlas — Croatia Annual Baseline,https://atlas.ecdc.europa.eu/public/index.aspx/,official_ecdc_rest_aggregate
country,hr,hr,Croatia,source_series_observation,HR,Croatia,D035,Leptospirosis,钩端螺旋体病,Bacterial,2018-01-01,2018-01,7,7,,,,,,SER_HR_ECDC_LEPT_ANNUAL,SER_HR_ECDC_LEPT_ANNUAL,SRC_HR_ECDC_ATLAS,Leptospirosis,case_notifications,ecdc_member_state_reported_aggregate_surveillance,annual,count,country:HR:national,all,exact,conditional,non_additive,active,missing_is_unknown,ECDC_CURRENT_GENERAL_ANNUAL_2026_08,"Croatia annual Member-State reported aggregate cases from the public ECDC Surveillance Atlas; published zeroes are explicit, absent topic/year cells remain unknown, and combined populations are emitted only when every reviewed component is present. Data provided by ECDC based on data reported by EU/EEA Member States.",,raw,True,series_registry,single_series,parity,,SER_HR_ECDC_LEPT_ANNUAL,1,The public curve is read directly from one registered source series.,ecdc_atlas_annual,ECDC Surveillance Atlas — Croatia Annual Baseline,https://atlas.ecdc.europa.eu/public/index.aspx/,official_ecdc_rest_aggregate,ecdc_atlas_annual,ECDC Surveillance Atlas — Croatia Annual Baseline,https://atlas.ecdc.europa.eu/public/index.aspx/,official_ecdc_rest_aggregate
country,hr,hr,Croatia,public_projection,HR,Croatia,D037,Malaria,疟疾,Parasitic,2018-01-01,2018-01,2,2,,,0.049691070613992805,wpp_computed,,SER_HR_ECDC_MALA_ANNUAL,,,,,,annual,,,,,,,,,,,,,,series_registry,single_series,parity,,SER_HR_ECDC_MALA_ANNUAL,1,The public curve is read directly from one registered source series.,ecdc_atlas_annual,ECDC Surveillance Atlas — Croatia Annual Baseline,https://atlas.ecdc.europa.eu/public/index.aspx/,official_ecdc_rest_aggregate,ecdc_atlas_annual,ECDC Surveillance Atlas — Croatia Annual Baseline,https://atlas.ecdc.europa.eu/public/index.aspx/,official_ecdc_rest_aggregate
country,hr,hr,Croatia,source_series_observation,HR,Croatia,D037,Malaria,疟疾,Parasitic,2018-01-01,2018-01,2,2,,,,,,SER_HR_ECDC_MALA_ANNUAL,SER_HR_ECDC_MALA_ANNUAL,SRC_HR_ECDC_ATLAS,Malaria,case_notifications,ecdc_member_state_reported_aggregate_surveillance,annual,count,country:HR:national,all,exact,conditional,non_additive,active,missing_is_unknown,ECDC_CURRENT_GENERAL_ANNUAL_2026_08,"Croatia annual Member-State reported aggregate cases from the public ECDC Surveillance Atlas; published zeroes are explicit, absent topic/year cells remain unknown, and combined populations are emitted only when every reviewed component is present. Data provided by ECDC based on data reported by EU/EEA Member States.",,raw,True,series_registry,single_series,parity,,SER_HR_ECDC_MALA_ANNUAL,1,The public curve is read directly from one registered source series.,ecdc_atlas_annual,ECDC Surveillance Atlas — Croatia Annual Baseline,https://atlas.ecdc.europa.eu/public/index.aspx/,official_ecdc_rest_aggregate,ecdc_atlas_annual,ECDC Surveillance Atlas — Croatia Annual Baseline,https://atlas.ecdc.europa.eu/public/index.aspx/,official_ecdc_rest_aggregate
country,hr,hr,Croatia,public_projection,HR,Croatia,D039,Mumps,流行性腮腺炎,Viral,2018-01-01,2018-01,26,26,,,0.6459839179819065,wpp_computed,,SER_HR_ECDC_MUMP_ANNUAL,,,,,,annual,,,,,,,,,,,,,,series_registry,single_series,parity,,SER_HR_ECDC_MUMP_ANNUAL,1,The public curve is read directly from one registered source series.,ecdc_atlas_annual,ECDC Surveillance Atlas — Croatia Annual Baseline,https://atlas.ecdc.europa.eu/public/index.aspx/,official_ecdc_rest_aggregate,ecdc_atlas_annual,ECDC Surveillance Atlas — Croatia Annual Baseline,https://atlas.ecdc.europa.eu/public/index.aspx/,official_ecdc_rest_aggregate
country,hr,hr,Croatia,source_series_observation,HR,Croatia,D039,Mumps,流行性腮腺炎,Viral,2018-01-01,2018-01,26,26,,,,,,SER_HR_ECDC_MUMP_ANNUAL,SER_HR_ECDC_MUMP_ANNUAL,SRC_HR_ECDC_ATLAS,Mumps,case_notifications,ecdc_member_state_reported_aggregate_surveillance,annual,count,country:HR:national,all,exact,conditional,non_additive,active,missing_is_unknown,ECDC_CURRENT_GENERAL_ANNUAL_2026_08,"Croatia annual Member-State reported aggregate cases from the public ECDC Surveillance Atlas; published zeroes are explicit, absent topic/year cells remain unknown, and combined populations are emitted only when every reviewed component is present. Data provided by ECDC based on data reported by EU/EEA Member States.",,raw,True,series_registry,single_series,parity,,SER_HR_ECDC_MUMP_ANNUAL,1,The public curve is read directly from one registered source series.,ecdc_atlas_annual,ECDC Surveillance Atlas — Croatia Annual Baseline,https://atlas.ecdc.europa.eu/public/index.aspx/,official_ecdc_rest_aggregate,ecdc_atlas_annual,ECDC Surveillance Atlas — Croatia Annual Baseline,https://atlas.ecdc.europa.eu/public/index.aspx/,official_ecdc_rest_aggregate
country,hr,hr,Croatia,public_projection,HR,Croatia,D040,Rubella,风疹,Viral,2018-01-01,2018-01,0,0,,,0.0,wpp_computed,,SER_HR_ECDC_RUBE_ANNUAL,,,,,,annual,,,,,,,,,,,,,,series_registry,single_series,parity,,SER_HR_ECDC_RUBE_ANNUAL,1,The public curve is read directly from one registered source series.,ecdc_atlas_annual,ECDC Surveillance Atlas — Croatia Annual Baseline,https://atlas.ecdc.europa.eu/public/index.aspx/,official_ecdc_rest_aggregate,ecdc_atlas_annual,ECDC Surveillance Atlas — Croatia Annual Baseline,https://atlas.ecdc.europa.eu/public/index.aspx/,official_ecdc_rest_aggregate
country,hr,hr,Croatia,source_series_observation,HR,Croatia,D040,Rubella,风疹,Viral,2018-01-01,2018-01,0,0,,,,,,SER_HR_ECDC_RUBE_ANNUAL,SER_HR_ECDC_RUBE_ANNUAL,SRC_HR_ECDC_ATLAS,Rubella,case_notifications,ecdc_member_state_reported_aggregate_surveillance,annual,count,country:HR:national,all,exact,conditional,non_additive,active,missing_is_unknown,ECDC_CURRENT_GENERAL_ANNUAL_2026_08,"Croatia annual Member-State reported aggregate cases from the public ECDC Surveillance Atlas; published zeroes are explicit, absent topic/year cells remain unknown, and combined populations are emitted only when every reviewed component is present. Data provided by ECDC based on data reported by EU/EEA Member States.",,raw,True,series_registry,single_series,parity,,SER_HR_ECDC_RUBE_ANNUAL,1,The public curve is read directly from one registered source series.,ecdc_atlas_annual,ECDC Surveillance Atlas — Croatia Annual Baseline,https://atlas.ecdc.europa.eu/public/index.aspx/,official_ecdc_rest_aggregate,ecdc_atlas_annual,ECDC Surveillance Atlas — Croatia Annual Baseline,https://atlas.ecdc.europa.eu/public/index.aspx/,official_ecdc_rest_aggregate
country,hr,hr,Croatia,public_projection,HR,Croatia,D045,Echinococcosis,包虫病,Parasitic,2018-01-01,2018-01,4,4,,,0.09938214122798561,wpp_computed,,SER_HR_ECDC_ECHI_ANNUAL,,,,,,annual,,,,,,,,,,,,,,series_registry,single_series,parity,,SER_HR_ECDC_ECHI_ANNUAL,1,The public curve is read directly from one registered source series.,ecdc_atlas_annual,ECDC Surveillance Atlas — Croatia Annual Baseline,https://atlas.ecdc.europa.eu/public/index.aspx/,official_ecdc_rest_aggregate,ecdc_atlas_annual,ECDC Surveillance Atlas — Croatia Annual Baseline,https://atlas.ecdc.europa.eu/public/index.aspx/,official_ecdc_rest_aggregate
country,hr,hr,Croatia,source_series_observation,HR,Croatia,D045,Echinococcosis,包虫病,Parasitic,2018-01-01,2018-01,4,4,,,,,,SER_HR_ECDC_ECHI_ANNUAL,SER_HR_ECDC_ECHI_ANNUAL,SRC_HR_ECDC_ATLAS,Echinococcosis,case_notifications,ecdc_member_state_reported_aggregate_surveillance,annual,count,country:HR:national,all,exact,conditional,non_additive,active,missing_is_unknown,ECDC_CURRENT_GENERAL_ANNUAL_2026_08,"Croatia annual Member-State reported aggregate cases from the public ECDC Surveillance Atlas; published zeroes are explicit, absent topic/year cells remain unknown, and combined populations are emitted only when every reviewed component is present. Data provided by ECDC based on data reported by EU/EEA Member States.",,raw,True,series_registry,single_series,parity,,SER_HR_ECDC_ECHI_ANNUAL,1,The public curve is read directly from one registered source series.,ecdc_atlas_annual,ECDC Surveillance Atlas — Croatia Annual Baseline,https://atlas.ecdc.europa.eu/public/index.aspx/,official_ecdc_rest_aggregate,ecdc_atlas_annual,ECDC Surveillance Atlas — Croatia Annual Baseline,https://atlas.ecdc.europa.eu/public/index.aspx/,official_ecdc_rest_aggregate
country,hr,hr,Croatia,public_projection,HR,Croatia,D051,Zika virus disease,寨卡病毒病,Viral,2018-01-01,2018-01,0,0,,,0.0,wpp_computed,,SER_HR_ECDC_ZIKA_ANNUAL,,,,,,annual,,,,,,,,,,,,,,series_registry,single_series,parity,,SER_HR_ECDC_ZIKA_ANNUAL,1,The public curve is read directly from one registered source series.,ecdc_atlas_annual,ECDC Surveillance Atlas — Croatia Annual Baseline,https://atlas.ecdc.europa.eu/public/index.aspx/,official_ecdc_rest_aggregate,ecdc_atlas_annual,ECDC Surveillance Atlas — Croatia Annual Baseline,https://atlas.ecdc.europa.eu/public/index.aspx/,official_ecdc_rest_aggregate
country,hr,hr,Croatia,source_series_observation,HR,Croatia,D051,Zika virus disease,寨卡病毒病,Viral,2018-01-01,2018-01,0,0,,,,,,SER_HR_ECDC_ZIKA_ANNUAL,SER_HR_ECDC_ZIKA_ANNUAL,SRC_HR_ECDC_ATLAS,Zika virus infection,case_notifications,ecdc_member_state_reported_aggregate_surveillance,annual,count,country:HR:national,all,exact,conditional,non_additive,active,missing_is_unknown,ECDC_CURRENT_GENERAL_ANNUAL_2026_08,"Croatia annual Member-State reported aggregate cases from the public ECDC Surveillance Atlas; published zeroes are explicit, absent topic/year cells remain unknown, and combined populations are emitted only when every reviewed component is present. Data provided by ECDC based on data reported by EU/EEA Member States.",,raw,True,series_registry,single_series,parity,,SER_HR_ECDC_ZIKA_ANNUAL,1,The public curve is read directly from one registered source series.,ecdc_atlas_annual,ECDC Surveillance Atlas — Croatia Annual Baseline,https://atlas.ecdc.europa.eu/public/index.aspx/,official_ecdc_rest_aggregate,ecdc_atlas_annual,ECDC Surveillance Atlas — Croatia Annual Baseline,https://atlas.ecdc.europa.eu/public/index.aspx/,official_ecdc_rest_aggregate
country,hr,hr,Croatia,public_projection,HR,Croatia,D052,Chikungunya,基孔肯雅热,Viral,2018-01-01,2018-01,0,0,,,0.0,wpp_computed,,SER_HR_ECDC_CHIK_ANNUAL,,,,,,annual,,,,,,,,,,,,,,series_registry,single_series,parity,,SER_HR_ECDC_CHIK_ANNUAL,1,The public curve is read directly from one registered source series.,ecdc_atlas_annual,ECDC Surveillance Atlas — Croatia Annual Baseline,https://atlas.ecdc.europa.eu/public/index.aspx/,official_ecdc_rest_aggregate,ecdc_atlas_annual,ECDC Surveillance Atlas — Croatia Annual Baseline,https://atlas.ecdc.europa.eu/public/index.aspx/,official_ecdc_rest_aggregate
country,hr,hr,Croatia,source_series_observation,HR,Croatia,D052,Chikungunya,基孔肯雅热,Viral,2018-01-01,2018-01,0,0,,,,,,SER_HR_ECDC_CHIK_ANNUAL,SER_HR_ECDC_CHIK_ANNUAL,SRC_HR_ECDC_ATLAS,Chikungunya virus disease,case_notifications,ecdc_member_state_reported_aggregate_surveillance,annual,count,country:HR:national,all,exact,conditional,non_additive,active,missing_is_unknown,ECDC_CURRENT_GENERAL_ANNUAL_2026_08,"Croatia annual Member-State reported aggregate cases from the public ECDC Surveillance Atlas; published zeroes are explicit, absent topic/year cells remain unknown, and combined populations are emitted only when every reviewed component is present. Data provided by ECDC based on data reported by EU/EEA Member States.",,raw,True,series_registry,single_series,parity,,SER_HR_ECDC_CHIK_ANNUAL,1,The public curve is read directly from one registered source series.,ecdc_atlas_annual,ECDC Surveillance Atlas — Croatia Annual Baseline,https://atlas.ecdc.europa.eu/public/index.aspx/,official_ecdc_rest_aggregate,ecdc_atlas_annual,ECDC Surveillance Atlas — Croatia Annual Baseline,https://atlas.ecdc.europa.eu/public/index.aspx/,official_ecdc_rest_aggregate
country,hr,hr,Croatia,public_projection,HR,Croatia,D059,Yellow fever,黄热病,Viral,2018-01-01,2018-01,0,0,,,0.0,wpp_computed,,SER_HR_ECDC_YELF_ANNUAL,,,,,,annual,,,,,,,,,,,,,,series_registry,single_series,parity,,SER_HR_ECDC_YELF_ANNUAL,1,The public curve is read directly from one registered source series.,ecdc_atlas_annual,ECDC Surveillance Atlas — Croatia Annual Baseline,https://atlas.ecdc.europa.eu/public/index.aspx/,official_ecdc_rest_aggregate,ecdc_atlas_annual,ECDC Surveillance Atlas — Croatia Annual Baseline,https://atlas.ecdc.europa.eu/public/index.aspx/,official_ecdc_rest_aggregate
country,hr,hr,Croatia,source_series_observation,HR,Croatia,D059,Yellow fever,黄热病,Viral,2018-01-01,2018-01,0,0,,,,,,SER_HR_ECDC_YELF_ANNUAL,SER_HR_ECDC_YELF_ANNUAL,SRC_HR_ECDC_ATLAS,Yellow fever,case_notifications,ecdc_member_state_reported_aggregate_surveillance,annual,count,country:HR:national,all,exact,conditional,non_additive,active,missing_is_unknown,ECDC_CURRENT_GENERAL_ANNUAL_2026_08,"Croatia annual Member-State reported aggregate cases from the public ECDC Surveillance Atlas; published zeroes are explicit, absent topic/year cells remain unknown, and combined populations are emitted only when every reviewed component is present. Data provided by ECDC based on data reported by EU/EEA Member States.",,raw,True,series_registry,single_series,parity,,SER_HR_ECDC_YELF_ANNUAL,1,The public curve is read directly from one registered source series.,ecdc_atlas_annual,ECDC Surveillance Atlas — Croatia Annual Baseline,https://atlas.ecdc.europa.eu/public/index.aspx/,official_ecdc_rest_aggregate,ecdc_atlas_annual,ECDC Surveillance Atlas — Croatia Annual Baseline,https://atlas.ecdc.europa.eu/public/index.aspx/,official_ecdc_rest_aggregate
country,hr,hr,Croatia,public_projection,HR,Croatia,D085,Toxoplasmosis,弓形体病,Parasitic,2018-01-01,2018-01,1,1,,,0.024845535306996402,wpp_computed,,SER_HR_ECDC_TOXO_ANNUAL,,,,,,annual,,,,,,,,,,,,,,series_registry,single_series,parity,,SER_HR_ECDC_TOXO_ANNUAL,1,The public curve is read directly from one registered source series.,ecdc_atlas_annual,ECDC Surveillance Atlas — Croatia Annual Baseline,https://atlas.ecdc.europa.eu/public/index.aspx/,official_ecdc_rest_aggregate,ecdc_atlas_annual,ECDC Surveillance Atlas — Croatia Annual Baseline,https://atlas.ecdc.europa.eu/public/index.aspx/,official_ecdc_rest_aggregate
country,hr,hr,Croatia,source_series_observation,HR,Croatia,D085,Toxoplasmosis,弓形体病,Parasitic,2018-01-01,2018-01,1,1,,,,,,SER_HR_ECDC_TOXO_ANNUAL,SER_HR_ECDC_TOXO_ANNUAL,SRC_HR_ECDC_ATLAS,"Toxoplasmosis, congenital",case_notifications,ecdc_member_state_reported_aggregate_surveillance,annual,count,country:HR:national,all,narrower,conditional,non_additive,active,missing_is_unknown,ECDC_CURRENT_GENERAL_ANNUAL_2026_08,"Croatia annual Member-State reported aggregate cases from the public ECDC Surveillance Atlas; published zeroes are explicit, absent topic/year cells remain unknown, and combined populations are emitted only when every reviewed component is present. Data provided by ECDC based on data reported by EU/EEA Member States.",,raw,True,series_registry,single_series,parity,,SER_HR_ECDC_TOXO_ANNUAL,1,The public curve is read directly from one registered source series.,ecdc_atlas_annual,ECDC Surveillance Atlas — Croatia Annual Baseline,https://atlas.ecdc.europa.eu/public/index.aspx/,official_ecdc_rest_aggregate,ecdc_atlas_annual,ECDC Surveillance Atlas — Croatia Annual Baseline,https://atlas.ecdc.europa.eu/public/index.aspx/,official_ecdc_rest_aggregate
country,hr,hr,Croatia,public_projection,HR,Croatia,D091,Botulism,肉毒杆菌中毒,Bacterial,2018-01-01,2018-01,1,1,,,0.024845535306996402,wpp_computed,,SER_HR_ECDC_BOTU_ANNUAL,,,,,,annual,,,,,,,,,,,,,,series_registry,single_series,parity,,SER_HR_ECDC_BOTU_ANNUAL,1,The public curve is read directly from one registered source series.,ecdc_atlas_annual,ECDC Surveillance Atlas — Croatia Annual Baseline,https://atlas.ecdc.europa.eu/public/index.aspx/,official_ecdc_rest_aggregate,ecdc_atlas_annual,ECDC Surveillance Atlas — Croatia Annual Baseline,https://atlas.ecdc.europa.eu/public/index.aspx/,official_ecdc_rest_aggregate
country,hr,hr,Croatia,source_series_observation,HR,Croatia,D091,Botulism,肉毒杆菌中毒,Bacterial,2018-01-01,2018-01,1,1,,,,,,SER_HR_ECDC_BOTU_ANNUAL,SER_HR_ECDC_BOTU_ANNUAL,SRC_HR_ECDC_ATLAS,Botulism,case_notifications,ecdc_member_state_reported_aggregate_surveillance,annual,count,country:HR:national,all,exact,conditional,non_additive,active,missing_is_unknown,ECDC_CURRENT_GENERAL_ANNUAL_2026_08,"Croatia annual Member-State reported aggregate cases from the public ECDC Surveillance Atlas; published zeroes are explicit, absent topic/year cells remain unknown, and combined populations are emitted only when every reviewed component is present. Data provided by ECDC based on data reported by EU/EEA Member States.",,raw,True,series_registry,single_series,parity,,SER_HR_ECDC_BOTU_ANNUAL,1,The public curve is read directly from one registered source series.,ecdc_atlas_annual,ECDC Surveillance Atlas — Croatia Annual Baseline,https://atlas.ecdc.europa.eu/public/index.aspx/,official_ecdc_rest_aggregate,ecdc_atlas_annual,ECDC Surveillance Atlas — Croatia Annual Baseline,https://atlas.ecdc.europa.eu/public/index.aspx/,official_ecdc_rest_aggregate
country,hr,hr,Croatia,public_projection,HR,Croatia,D092,Campylobacteriosis,弯曲杆菌病,Bacterial,2018-01-01,2018-01,1965,1965,,,48.821476878247935,wpp_computed,,SER_HR_ECDC_CAMP_ANNUAL,,,,,,annual,,,,,,,,,,,,,,series_registry,single_series,parity,,SER_HR_ECDC_CAMP_ANNUAL,1,The public curve is read directly from one registered source series.,ecdc_atlas_annual,ECDC Surveillance Atlas — Croatia Annual Baseline,https://atlas.ecdc.europa.eu/public/index.aspx/,official_ecdc_rest_aggregate,ecdc_atlas_annual,ECDC Surveillance Atlas — Croatia Annual Baseline,https://atlas.ecdc.europa.eu/public/index.aspx/,official_ecdc_rest_aggregate
country,hr,hr,Croatia,source_series_observation,HR,Croatia,D092,Campylobacteriosis,弯曲杆菌病,Bacterial,2018-01-01,2018-01,1965,1965,,,,,,SER_HR_ECDC_CAMP_ANNUAL,SER_HR_ECDC_CAMP_ANNUAL,SRC_HR_ECDC_ATLAS,Campylobacteriosis,case_notifications,ecdc_member_state_reported_aggregate_surveillance,annual,count,country:HR:national,all,exact,conditional,non_additive,active,missing_is_unknown,ECDC_CURRENT_GENERAL_ANNUAL_2026_08,"Croatia annual Member-State reported aggregate cases from the public ECDC Surveillance Atlas; published zeroes are explicit, absent topic/year cells remain unknown, and combined populations are emitted only when every reviewed component is present. Data provided by ECDC based on data reported by EU/EEA Member States.",,raw,True,series_registry,single_series,parity,,SER_HR_ECDC_CAMP_ANNUAL,1,The public curve is read directly from one registered source series.,ecdc_atlas_annual,ECDC Surveillance Atlas — Croatia Annual Baseline,https://atlas.ecdc.europa.eu/public/index.aspx/,official_ecdc_rest_aggregate,ecdc_atlas_annual,ECDC Surveillance Atlas — Croatia Annual Baseline,https://atlas.ecdc.europa.eu/public/index.aspx/,official_ecdc_rest_aggregate
country,hr,hr,Croatia,public_projection,HR,Croatia,D094,Chlamydia trachomatis infection,沙眼衣原体感染,Bacterial,2018-01-01,2018-01,213,213,,,5.292099020390234,wpp_computed,,SER_HR_ECDC_CHLAM_ANNUAL,,,,,,annual,,,,,,,,,,,,,,series_registry,single_series,parity,,SER_HR_ECDC_CHLAM_ANNUAL,1,The public curve is read directly from one registered source series.,ecdc_atlas_annual,ECDC Surveillance Atlas — Croatia Annual Baseline,https://atlas.ecdc.europa.eu/public/index.aspx/,official_ecdc_rest_aggregate,ecdc_atlas_annual,ECDC Surveillance Atlas — Croatia Annual Baseline,https://atlas.ecdc.europa.eu/public/index.aspx/,official_ecdc_rest_aggregate
country,hr,hr,Croatia,source_series_observation,HR,Croatia,D094,Chlamydia trachomatis infection,沙眼衣原体感染,Bacterial,2018-01-01,2018-01,213,213,,,,,,SER_HR_ECDC_CHLAM_ANNUAL,SER_HR_ECDC_CHLAM_ANNUAL,SRC_HR_ECDC_ATLAS,Chlamydia infection,case_notifications,ecdc_member_state_reported_aggregate_surveillance,annual,count,country:HR:national,all,exact,conditional,non_additive,active,missing_is_unknown,ECDC_CURRENT_GENERAL_ANNUAL_2026_08,"Croatia annual Member-State reported aggregate cases from the public ECDC Surveillance Atlas; published zeroes are explicit, absent topic/year cells remain unknown, and combined populations are emitted only when every reviewed component is present. Data provided by ECDC based on data reported by EU/EEA Member States.",,raw,True,series_registry,single_series,parity,,SER_HR_ECDC_CHLAM_ANNUAL,1,The public curve is read directly from one registered source series.,ecdc_atlas_annual,ECDC Surveillance Atlas — Croatia Annual Baseline,https://atlas.ecdc.europa.eu/public/index.aspx/,official_ecdc_rest_aggregate,ecdc_atlas_annual,ECDC Surveillance Atlas — Croatia Annual Baseline,https://atlas.ecdc.europa.eu/public/index.aspx/,official_ecdc_rest_aggregate
country,hr,hr,Croatia,public_projection,HR,Croatia,D096,Cryptosporidiosis,隐孢子虫病,Parasitic,2018-01-01,2018-01,7,7,,,0.17391874714897482,wpp_computed,,SER_HR_ECDC_CRYP_ANNUAL,,,,,,annual,,,,,,,,,,,,,,series_registry,single_series,parity,,SER_HR_ECDC_CRYP_ANNUAL,1,The public curve is read directly from one registered source series.,ecdc_atlas_annual,ECDC Surveillance Atlas — Croatia Annual Baseline,https://atlas.ecdc.europa.eu/public/index.aspx/,official_ecdc_rest_aggregate,ecdc_atlas_annual,ECDC Surveillance Atlas — Croatia Annual Baseline,https://atlas.ecdc.europa.eu/public/index.aspx/,official_ecdc_rest_aggregate
country,hr,hr,Croatia,source_series_observation,HR,Croatia,D096,Cryptosporidiosis,隐孢子虫病,Parasitic,2018-01-01,2018-01,7,7,,,,,,SER_HR_ECDC_CRYP_ANNUAL,SER_HR_ECDC_CRYP_ANNUAL,SRC_HR_ECDC_ATLAS,Cryptosporidiosis,case_notifications,ecdc_member_state_reported_aggregate_surveillance,annual,count,country:HR:national,all,exact,conditional,non_additive,active,missing_is_unknown,ECDC_CURRENT_GENERAL_ANNUAL_2026_08,"Croatia annual Member-State reported aggregate cases from the public ECDC Surveillance Atlas; published zeroes are explicit, absent topic/year cells remain unknown, and combined populations are emitted only when every reviewed component is present. Data provided by ECDC based on data reported by EU/EEA Member States.",,raw,True,series_registry,single_series,parity,,SER_HR_ECDC_CRYP_ANNUAL,1,The public curve is read directly from one registered source series.,ecdc_atlas_annual,ECDC Surveillance Atlas — Croatia Annual Baseline,https://atlas.ecdc.europa.eu/public/index.aspx/,official_ecdc_rest_aggregate,ecdc_atlas_annual,ECDC Surveillance Atlas — Croatia Annual Baseline,https://atlas.ecdc.europa.eu/public/index.aspx/,official_ecdc_rest_aggregate
country,hr,hr,Croatia,public_projection,HR,Croatia,D099,Giardiasis,贾第虫病,Parasitic,2018-01-01,2018-01,50,50,,,1.2422767653498201,wpp_computed,,SER_HR_ECDC_GIAR_ANNUAL,,,,,,annual,,,,,,,,,,,,,,series_registry,single_series,parity,,SER_HR_ECDC_GIAR_ANNUAL,1,The public curve is read directly from one registered source series.,ecdc_atlas_annual,ECDC Surveillance Atlas — Croatia Annual Baseline,https://atlas.ecdc.europa.eu/public/index.aspx/,official_ecdc_rest_aggregate,ecdc_atlas_annual,ECDC Surveillance Atlas — Croatia Annual Baseline,https://atlas.ecdc.europa.eu/public/index.aspx/,official_ecdc_rest_aggregate
country,hr,hr,Croatia,source_series_observation,HR,Croatia,D099,Giardiasis,贾第虫病,Parasitic,2018-01-01,2018-01,50,50,,,,,,SER_HR_ECDC_GIAR_ANNUAL,SER_HR_ECDC_GIAR_ANNUAL,SRC_HR_ECDC_ATLAS,Giardiasis,case_notifications,ecdc_member_state_reported_aggregate_surveillance,annual,count,country:HR:national,all,exact,conditional,non_additive,active,missing_is_unknown,ECDC_CURRENT_GENERAL_ANNUAL_2026_08,"Croatia annual Member-State reported aggregate cases from the public ECDC Surveillance Atlas; published zeroes are explicit, absent topic/year cells remain unknown, and combined populations are emitted only when every reviewed component is present. Data provided by ECDC based on data reported by EU/EEA Member States.",,raw,True,series_registry,single_series,parity,,SER_HR_ECDC_GIAR_ANNUAL,1,The public curve is read directly from one registered source series.,ecdc_atlas_annual,ECDC Surveillance Atlas — Croatia Annual Baseline,https://atlas.ecdc.europa.eu/public/index.aspx/,official_ecdc_rest_aggregate,ecdc_atlas_annual,ECDC Surveillance Atlas — Croatia Annual Baseline,https://atlas.ecdc.europa.eu/public/index.aspx/,official_ecdc_rest_aggregate
country,hr,hr,Croatia,public_projection,HR,Croatia,D100,Haemophilus influenzae,流感嗜血杆菌,Bacterial,2018-01-01,2018-01,0,0,,,0.0,wpp_computed,,SER_HR_ECDC_HAEINF_ANNUAL,,,,,,annual,,,,,,,,,,,,,,series_registry,single_series,parity,,SER_HR_ECDC_HAEINF_ANNUAL,1,The public curve is read directly from one registered source series.,ecdc_atlas_annual,ECDC Surveillance Atlas — Croatia Annual Baseline,https://atlas.ecdc.europa.eu/public/index.aspx/,official_ecdc_rest_aggregate,ecdc_atlas_annual,ECDC Surveillance Atlas — Croatia Annual Baseline,https://atlas.ecdc.europa.eu/public/index.aspx/,official_ecdc_rest_aggregate
country,hr,hr,Croatia,source_series_observation,HR,Croatia,D100,Haemophilus influenzae,流感嗜血杆菌,Bacterial,2018-01-01,2018-01,0,0,,,,,,SER_HR_ECDC_HAEINF_ANNUAL,SER_HR_ECDC_HAEINF_ANNUAL,SRC_HR_ECDC_ATLAS,Invasive Haemophilus influenzae disease,case_notifications,ecdc_member_state_reported_aggregate_surveillance,annual,count,country:HR:national,all,exact,conditional,non_additive,active,missing_is_unknown,ECDC_CURRENT_GENERAL_ANNUAL_2026_08,"Croatia annual Member-State reported aggregate cases from the public ECDC Surveillance Atlas; published zeroes are explicit, absent topic/year cells remain unknown, and combined populations are emitted only when every reviewed component is present. Data provided by ECDC based on data reported by EU/EEA Member States.",,raw,True,series_registry,single_series,parity,,SER_HR_ECDC_HAEINF_ANNUAL,1,The public curve is read directly from one registered source series.,ecdc_atlas_annual,ECDC Surveillance Atlas — Croatia Annual Baseline,https://atlas.ecdc.europa.eu/public/index.aspx/,official_ecdc_rest_aggregate,ecdc_atlas_annual,ECDC Surveillance Atlas — Croatia Annual Baseline,https://atlas.ecdc.europa.eu/public/index.aspx/,official_ecdc_rest_aggregate
country,hr,hr,Croatia,public_projection,HR,Croatia,D102,Hantavirus infection,汉坦病毒感染,Viral,2018-01-01,2018-01,18,18,,,0.4472196355259353,wpp_computed,,SER_HR_ECDC_HANTA_ANNUAL,,,,,,annual,,,,,,,,,,,,,,series_registry,single_series,parity,,SER_HR_ECDC_HANTA_ANNUAL,1,The public curve is read directly from one registered source series.,ecdc_atlas_annual,ECDC Surveillance Atlas — Croatia Annual Baseline,https://atlas.ecdc.europa.eu/public/index.aspx/,official_ecdc_rest_aggregate,ecdc_atlas_annual,ECDC Surveillance Atlas — Croatia Annual Baseline,https://atlas.ecdc.europa.eu/public/index.aspx/,official_ecdc_rest_aggregate
country,hr,hr,Croatia,source_series_observation,HR,Croatia,D102,Hantavirus infection,汉坦病毒感染,Viral,2018-01-01,2018-01,18,18,,,,,,SER_HR_ECDC_HANTA_ANNUAL,SER_HR_ECDC_HANTA_ANNUAL,SRC_HR_ECDC_ATLAS,Hantavirus infection,case_notifications,ecdc_member_state_reported_aggregate_surveillance,annual,count,country:HR:national,all,exact,conditional,non_additive,active,missing_is_unknown,ECDC_CURRENT_GENERAL_ANNUAL_2026_08,"Croatia annual Member-State reported aggregate cases from the public ECDC Surveillance Atlas; published zeroes are explicit, absent topic/year cells remain unknown, and combined populations are emitted only when every reviewed component is present. Data provided by ECDC based on data reported by EU/EEA Member States.",,raw,True,series_registry,single_series,parity,,SER_HR_ECDC_HANTA_ANNUAL,1,The public curve is read directly from one registered source series.,ecdc_atlas_annual,ECDC Surveillance Atlas — Croatia Annual Baseline,https://atlas.ecdc.europa.eu/public/index.aspx/,official_ecdc_rest_aggregate,ecdc_atlas_annual,ECDC Surveillance Atlas — Croatia Annual Baseline,https://atlas.ecdc.europa.eu/public/index.aspx/,official_ecdc_rest_aggregate
country,hr,hr,Croatia,public_projection,HR,Croatia,D105,Shigellosis,志贺菌病,Bacterial,2018-01-01,2018-01,29,29,,,0.7205205239028957,wpp_computed,,SER_HR_ECDC_SHIG_ANNUAL,,,,,,annual,,,,,,,,,,,,,,series_registry,single_series,parity,,SER_HR_ECDC_SHIG_ANNUAL,1,The public curve is read directly from one registered source series.,ecdc_atlas_annual,ECDC Surveillance Atlas — Croatia Annual Baseline,https://atlas.ecdc.europa.eu/public/index.aspx/,official_ecdc_rest_aggregate,ecdc_atlas_annual,ECDC Surveillance Atlas — Croatia Annual Baseline,https://atlas.ecdc.europa.eu/public/index.aspx/,official_ecdc_rest_aggregate
country,hr,hr,Croatia,source_series_observation,HR,Croatia,D105,Shigellosis,志贺菌病,Bacterial,2018-01-01,2018-01,29,29,,,,,,SER_HR_ECDC_SHIG_ANNUAL,SER_HR_ECDC_SHIG_ANNUAL,SRC_HR_ECDC_ATLAS,Shigellosis,case_notifications,ecdc_member_state_reported_aggregate_surveillance,annual,count,country:HR:national,all,exact,conditional,non_additive,active,missing_is_unknown,ECDC_CURRENT_GENERAL_ANNUAL_2026_08,"Croatia annual Member-State reported aggregate cases from the public ECDC Surveillance Atlas; published zeroes are explicit, absent topic/year cells remain unknown, and combined populations are emitted only when every reviewed component is present. Data provided by ECDC based on data reported by EU/EEA Member States.",,raw,True,series_registry,single_series,parity,,SER_HR_ECDC_SHIG_ANNUAL,1,The public curve is read directly from one registered source series.,ecdc_atlas_annual,ECDC Surveillance Atlas — Croatia Annual Baseline,https://atlas.ecdc.europa.eu/public/index.aspx/,official_ecdc_rest_aggregate,ecdc_atlas_annual,ECDC Surveillance Atlas — Croatia Annual Baseline,https://atlas.ecdc.europa.eu/public/index.aspx/,official_ecdc_rest_aggregate
country,hr,hr,Croatia,public_projection,HR,Croatia,D106,Invasive pneumococcal disease,侵袭性肺炎球菌病,Bacterial,2018-01-01,2018-01,21,21,,,0.5217562414469245,wpp_computed,,SER_HR_ECDC_PNEU_ANNUAL,,,,,,annual,,,,,,,,,,,,,,series_registry,single_series,parity,,SER_HR_ECDC_PNEU_ANNUAL,1,The public curve is read directly from one registered source series.,ecdc_atlas_annual,ECDC Surveillance Atlas — Croatia Annual Baseline,https://atlas.ecdc.europa.eu/public/index.aspx/,official_ecdc_rest_aggregate,ecdc_atlas_annual,ECDC Surveillance Atlas — Croatia Annual Baseline,https://atlas.ecdc.europa.eu/public/index.aspx/,official_ecdc_rest_aggregate
country,hr,hr,Croatia,source_series_observation,HR,Croatia,D106,Invasive pneumococcal disease,侵袭性肺炎球菌病,Bacterial,2018-01-01,2018-01,21,21,,,,,,SER_HR_ECDC_PNEU_ANNUAL,SER_HR_ECDC_PNEU_ANNUAL,SRC_HR_ECDC_ATLAS,Invasive pneumococcal disease,case_notifications,ecdc_member_state_reported_aggregate_surveillance,annual,count,country:HR:national,all,exact,conditional,non_additive,active,missing_is_unknown,ECDC_CURRENT_GENERAL_ANNUAL_2026_08,"Croatia annual Member-State reported aggregate cases from the public ECDC Surveillance Atlas; published zeroes are explicit, absent topic/year cells remain unknown, and combined populations are emitted only when every reviewed component is present. Data provided by ECDC based on data reported by EU/EEA Member States.",,raw,True,series_registry,single_series,parity,,SER_HR_ECDC_PNEU_ANNUAL,1,The public curve is read directly from one registered source series.,ecdc_atlas_annual,ECDC Surveillance Atlas — Croatia Annual Baseline,https://atlas.ecdc.europa.eu/public/index.aspx/,official_ecdc_rest_aggregate,ecdc_atlas_annual,ECDC Surveillance Atlas — Croatia Annual Baseline,https://atlas.ecdc.europa.eu/public/index.aspx/,official_ecdc_rest_aggregate
country,hr,hr,Croatia,public_projection,HR,Croatia,D107,Legionellosis,军团菌病,Bacterial,2018-01-01,2018-01,43,43,,,1.0683580182008454,wpp_computed,,SER_HR_ECDC_LEGI_ANNUAL,,,,,,annual,,,,,,,,,,,,,,series_registry,single_series,parity,,SER_HR_ECDC_LEGI_ANNUAL,1,The public curve is read directly from one registered source series.,ecdc_atlas_annual,ECDC Surveillance Atlas — Croatia Annual Baseline,https://atlas.ecdc.europa.eu/public/index.aspx/,official_ecdc_rest_aggregate,ecdc_atlas_annual,ECDC Surveillance Atlas — Croatia Annual Baseline,https://atlas.ecdc.europa.eu/public/index.aspx/,official_ecdc_rest_aggregate
country,hr,hr,Croatia,source_series_observation,HR,Croatia,D107,Legionellosis,军团菌病,Bacterial,2018-01-01,2018-01,43,43,,,,,,SER_HR_ECDC_LEGI_ANNUAL,SER_HR_ECDC_LEGI_ANNUAL,SRC_HR_ECDC_ATLAS,Legionnaires' disease,case_notifications,ecdc_member_state_reported_aggregate_surveillance,annual,count,country:HR:national,all,exact,conditional,non_additive,active,missing_is_unknown,ECDC_CURRENT_GENERAL_ANNUAL_2026_08,"Croatia annual Member-State reported aggregate cases from the public ECDC Surveillance Atlas; published zeroes are explicit, absent topic/year cells remain unknown, and combined populations are emitted only when every reviewed component is present. Data provided by ECDC based on data reported by EU/EEA Member States.",,raw,True,series_registry,single_series,parity,,SER_HR_ECDC_LEGI_ANNUAL,1,The public curve is read directly from one registered source series.,ecdc_atlas_annual,ECDC Surveillance Atlas — Croatia Annual Baseline,https://atlas.ecdc.europa.eu/public/index.aspx/,official_ecdc_rest_aggregate,ecdc_atlas_annual,ECDC Surveillance Atlas — Croatia Annual Baseline,https://atlas.ecdc.europa.eu/public/index.aspx/,official_ecdc_rest_aggregate
country,hr,hr,Croatia,public_projection,HR,Croatia,D108,Listeriosis,李斯特菌病,Bacterial,2018-01-01,2018-01,4,4,,,0.09938214122798561,wpp_computed,,SER_HR_ECDC_LIST_ANNUAL,,,,,,annual,,,,,,,,,,,,,,series_registry,single_series,parity,,SER_HR_ECDC_LIST_ANNUAL,1,The public curve is read directly from one registered source series.,ecdc_atlas_annual,ECDC Surveillance Atlas — Croatia Annual Baseline,https://atlas.ecdc.europa.eu/public/index.aspx/,official_ecdc_rest_aggregate,ecdc_atlas_annual,ECDC Surveillance Atlas — Croatia Annual Baseline,https://atlas.ecdc.europa.eu/public/index.aspx/,official_ecdc_rest_aggregate
country,hr,hr,Croatia,source_series_observation,HR,Croatia,D108,Listeriosis,李斯特菌病,Bacterial,2018-01-01,2018-01,4,4,,,,,,SER_HR_ECDC_LIST_ANNUAL,SER_HR_ECDC_LIST_ANNUAL,SRC_HR_ECDC_ATLAS,Listeriosis,case_notifications,ecdc_member_state_reported_aggregate_surveillance,annual,count,country:HR:national,all,exact,conditional,non_additive,active,missing_is_unknown,ECDC_CURRENT_GENERAL_ANNUAL_2026_08,"Croatia annual Member-State reported aggregate cases from the public ECDC Surveillance Atlas; published zeroes are explicit, absent topic/year cells remain unknown, and combined populations are emitted only when every reviewed component is present. Data provided by ECDC based on data reported by EU/EEA Member States.",,raw,True,series_registry,single_series,parity,,SER_HR_ECDC_LIST_ANNUAL,1,The public curve is read directly from one registered source series.,ecdc_atlas_annual,ECDC Surveillance Atlas — Croatia Annual Baseline,https://atlas.ecdc.europa.eu/public/index.aspx/,official_ecdc_rest_aggregate,ecdc_atlas_annual,ECDC Surveillance Atlas — Croatia Annual Baseline,https://atlas.ecdc.europa.eu/public/index.aspx/,official_ecdc_rest_aggregate
country,hr,hr,Croatia,public_projection,HR,Croatia,D110,Meningococcal disease,脑膜炎球菌病,Bacterial,2018-01-01,2018-01,31,31,,,0.7702115945168885,wpp_computed,,SER_HR_ECDC_MENI_ANNUAL,,,,,,annual,,,,,,,,,,,,,,series_registry,single_series,parity,,SER_HR_ECDC_MENI_ANNUAL,1,The public curve is read directly from one registered source series.,ecdc_atlas_annual,ECDC Surveillance Atlas — Croatia Annual Baseline,https://atlas.ecdc.europa.eu/public/index.aspx/,official_ecdc_rest_aggregate,ecdc_atlas_annual,ECDC Surveillance Atlas — Croatia Annual Baseline,https://atlas.ecdc.europa.eu/public/index.aspx/,official_ecdc_rest_aggregate
country,hr,hr,Croatia,source_series_observation,HR,Croatia,D110,Meningococcal disease,脑膜炎球菌病,Bacterial,2018-01-01,2018-01,31,31,,,,,,SER_HR_ECDC_MENI_ANNUAL,SER_HR_ECDC_MENI_ANNUAL,SRC_HR_ECDC_ATLAS,Invasive meningococcal disease,case_notifications,ecdc_member_state_reported_aggregate_surveillance,annual,count,country:HR:national,all,exact,conditional,non_additive,active,missing_is_unknown,ECDC_CURRENT_GENERAL_ANNUAL_2026_08,"Croatia annual Member-State reported aggregate cases from the public ECDC Surveillance Atlas; published zeroes are explicit, absent topic/year cells remain unknown, and combined populations are emitted only when every reviewed component is present. Data provided by ECDC based on data reported by EU/EEA Member States.",,raw,True,series_registry,single_series,parity,,SER_HR_ECDC_MENI_ANNUAL,1,The public curve is read directly from one registered source series.,ecdc_atlas_annual,ECDC Surveillance Atlas — Croatia Annual Baseline,https://atlas.ecdc.europa.eu/public/index.aspx/,official_ecdc_rest_aggregate,ecdc_atlas_annual,ECDC Surveillance Atlas — Croatia Annual Baseline,https://atlas.ecdc.europa.eu/public/index.aspx/,official_ecdc_rest_aggregate
country,hr,hr,Croatia,public_projection,HR,Croatia,D113,Q fever,Q热,Bacterial,2018-01-01,2018-01,11,11,,,0.2733008883769604,wpp_computed,,SER_HR_ECDC_QFEV_ANNUAL,,,,,,annual,,,,,,,,,,,,,,series_registry,single_series,parity,,SER_HR_ECDC_QFEV_ANNUAL,1,The public curve is read directly from one registered source series.,ecdc_atlas_annual,ECDC Surveillance Atlas — Croatia Annual Baseline,https://atlas.ecdc.europa.eu/public/index.aspx/,official_ecdc_rest_aggregate,ecdc_atlas_annual,ECDC Surveillance Atlas — Croatia Annual Baseline,https://atlas.ecdc.europa.eu/public/index.aspx/,official_ecdc_rest_aggregate
country,hr,hr,Croatia,source_series_observation,HR,Croatia,D113,Q fever,Q热,Bacterial,2018-01-01,2018-01,11,11,,,,,,SER_HR_ECDC_QFEV_ANNUAL,SER_HR_ECDC_QFEV_ANNUAL,SRC_HR_ECDC_ATLAS,Q fever,case_notifications,ecdc_member_state_reported_aggregate_surveillance,annual,count,country:HR:national,all,exact,conditional,non_additive,active,missing_is_unknown,ECDC_CURRENT_GENERAL_ANNUAL_2026_08,"Croatia annual Member-State reported aggregate cases from the public ECDC Surveillance Atlas; published zeroes are explicit, absent topic/year cells remain unknown, and combined populations are emitted only when every reviewed component is present. Data provided by ECDC based on data reported by EU/EEA Member States.",,raw,True,series_registry,single_series,parity,,SER_HR_ECDC_QFEV_ANNUAL,1,The public curve is read directly from one registered source series.,ecdc_atlas_annual,ECDC Surveillance Atlas — Croatia Annual Baseline,https://atlas.ecdc.europa.eu/public/index.aspx/,official_ecdc_rest_aggregate,ecdc_atlas_annual,ECDC Surveillance Atlas — Croatia Annual Baseline,https://atlas.ecdc.europa.eu/public/index.aspx/,official_ecdc_rest_aggregate
country,hr,hr,Croatia,public_projection,HR,Croatia,D114,Salmonellosis,沙门氏菌病,Bacterial,2018-01-01,2018-01,1323,1323,,,32.87064321115624,wpp_computed,,SER_HR_ECDC_SALM_ANNUAL,,,,,,annual,,,,,,,,,,,,,,series_registry,single_series,parity,,SER_HR_ECDC_SALM_ANNUAL,1,The public curve is read directly from one registered source series.,ecdc_atlas_annual,ECDC Surveillance Atlas — Croatia Annual Baseline,https://atlas.ecdc.europa.eu/public/index.aspx/,official_ecdc_rest_aggregate,ecdc_atlas_annual,ECDC Surveillance Atlas — Croatia Annual Baseline,https://atlas.ecdc.europa.eu/public/index.aspx/,official_ecdc_rest_aggregate
country,hr,hr,Croatia,source_series_observation,HR,Croatia,D114,Salmonellosis,沙门氏菌病,Bacterial,2018-01-01,2018-01,1323,1323,,,,,,SER_HR_ECDC_SALM_ANNUAL,SER_HR_ECDC_SALM_ANNUAL,SRC_HR_ECDC_ATLAS,Salmonellosis,case_notifications,ecdc_member_state_reported_aggregate_surveillance,annual,count,country:HR:national,all,exact,conditional,non_additive,active,missing_is_unknown,ECDC_CURRENT_GENERAL_ANNUAL_2026_08,"Croatia annual Member-State reported aggregate cases from the public ECDC Surveillance Atlas; published zeroes are explicit, absent topic/year cells remain unknown, and combined populations are emitted only when every reviewed component is present. Data provided by ECDC based on data reported by EU/EEA Member States.",,raw,True,series_registry,single_series,parity,,SER_HR_ECDC_SALM_ANNUAL,1,The public curve is read directly from one registered source series.,ecdc_atlas_annual,ECDC Surveillance Atlas — Croatia Annual Baseline,https://atlas.ecdc.europa.eu/public/index.aspx/,official_ecdc_rest_aggregate,ecdc_atlas_annual,ECDC Surveillance Atlas — Croatia Annual Baseline,https://atlas.ecdc.europa.eu/public/index.aspx/,official_ecdc_rest_aggregate
country,hr,hr,Croatia,public_projection,HR,Croatia,D115,Shiga toxin-producing Escherichia coli infection,产志贺毒素大肠杆菌感染,Bacterial,2018-01-01,2018-01,10,10,,,0.24845535306996405,wpp_computed,,SER_HR_ECDC_STEC_ANNUAL,,,,,,annual,,,,,,,,,,,,,,series_registry,single_series,parity,,SER_HR_ECDC_STEC_ANNUAL,1,The public curve is read directly from one registered source series.,ecdc_atlas_annual,ECDC Surveillance Atlas — Croatia Annual Baseline,https://atlas.ecdc.europa.eu/public/index.aspx/,official_ecdc_rest_aggregate,ecdc_atlas_annual,ECDC Surveillance Atlas — Croatia Annual Baseline,https://atlas.ecdc.europa.eu/public/index.aspx/,official_ecdc_rest_aggregate
country,hr,hr,Croatia,source_series_observation,HR,Croatia,D115,Shiga toxin-producing Escherichia coli infection,产志贺毒素大肠杆菌感染,Bacterial,2018-01-01,2018-01,10,10,,,,,,SER_HR_ECDC_STEC_ANNUAL,SER_HR_ECDC_STEC_ANNUAL,SRC_HR_ECDC_ATLAS,STEC/VTEC infection,case_notifications,ecdc_member_state_reported_aggregate_surveillance,annual,count,country:HR:national,all,exact,conditional,non_additive,active,missing_is_unknown,ECDC_CURRENT_GENERAL_ANNUAL_2026_08,"Croatia annual Member-State reported aggregate cases from the public ECDC Surveillance Atlas; published zeroes are explicit, absent topic/year cells remain unknown, and combined populations are emitted only when every reviewed component is present. Data provided by ECDC based on data reported by EU/EEA Member States.",,raw,True,series_registry,single_series,parity,,SER_HR_ECDC_STEC_ANNUAL,1,The public curve is read directly from one registered source series.,ecdc_atlas_annual,ECDC Surveillance Atlas — Croatia Annual Baseline,https://atlas.ecdc.europa.eu/public/index.aspx/,official_ecdc_rest_aggregate,ecdc_atlas_annual,ECDC Surveillance Atlas — Croatia Annual Baseline,https://atlas.ecdc.europa.eu/public/index.aspx/,official_ecdc_rest_aggregate
country,hr,hr,Croatia,public_projection,HR,Croatia,D120,Tetanus,破伤风,Bacterial,2018-01-01,2018-01,3,3,,,0.07453660592098921,wpp_computed,,SER_HR_ECDC_TETA_ANNUAL,,,,,,annual,,,,,,,,,,,,,,series_registry,single_series,parity,,SER_HR_ECDC_TETA_ANNUAL,1,The public curve is read directly from one registered source series.,ecdc_atlas_annual,ECDC Surveillance Atlas — Croatia Annual Baseline,https://atlas.ecdc.europa.eu/public/index.aspx/,official_ecdc_rest_aggregate,ecdc_atlas_annual,ECDC Surveillance Atlas — Croatia Annual Baseline,https://atlas.ecdc.europa.eu/public/index.aspx/,official_ecdc_rest_aggregate
country,hr,hr,Croatia,source_series_observation,HR,Croatia,D120,Tetanus,破伤风,Bacterial,2018-01-01,2018-01,3,3,,,,,,SER_HR_ECDC_TETA_ANNUAL,SER_HR_ECDC_TETA_ANNUAL,SRC_HR_ECDC_ATLAS,Tetanus,case_notifications,ecdc_member_state_reported_aggregate_surveillance,annual,count,country:HR:national,all,exact,conditional,non_additive,active,missing_is_unknown,ECDC_CURRENT_GENERAL_ANNUAL_2026_08,"Croatia annual Member-State reported aggregate cases from the public ECDC Surveillance Atlas; published zeroes are explicit, absent topic/year cells remain unknown, and combined populations are emitted only when every reviewed component is present. Data provided by ECDC based on data reported by EU/EEA Member States.",,raw,True,series_registry,single_series,parity,,SER_HR_ECDC_TETA_ANNUAL,1,The public curve is read directly from one registered source series.,ecdc_atlas_annual,ECDC Surveillance Atlas — Croatia Annual Baseline,https://atlas.ecdc.europa.eu/public/index.aspx/,official_ecdc_rest_aggregate,ecdc_atlas_annual,ECDC Surveillance Atlas — Croatia Annual Baseline,https://atlas.ecdc.europa.eu/public/index.aspx/,official_ecdc_rest_aggregate
country,hr,hr,Croatia,public_projection,HR,Croatia,D122,Trichinellosis,旋毛虫病,Parasitic,2018-01-01,2018-01,0,0,,,0.0,wpp_computed,,SER_HR_ECDC_TRIC_ANNUAL,,,,,,annual,,,,,,,,,,,,,,series_registry,single_series,parity,,SER_HR_ECDC_TRIC_ANNUAL,1,The public curve is read directly from one registered source series.,ecdc_atlas_annual,ECDC Surveillance Atlas — Croatia Annual Baseline,https://atlas.ecdc.europa.eu/public/index.aspx/,official_ecdc_rest_aggregate,ecdc_atlas_annual,ECDC Surveillance Atlas — Croatia Annual Baseline,https://atlas.ecdc.europa.eu/public/index.aspx/,official_ecdc_rest_aggregate
country,hr,hr,Croatia,source_series_observation,HR,Croatia,D122,Trichinellosis,旋毛虫病,Parasitic,2018-01-01,2018-01,0,0,,,,,,SER_HR_ECDC_TRIC_ANNUAL,SER_HR_ECDC_TRIC_ANNUAL,SRC_HR_ECDC_ATLAS,Trichinellosis,case_notifications,ecdc_member_state_reported_aggregate_surveillance,annual,count,country:HR:national,all,exact,conditional,non_additive,active,missing_is_unknown,ECDC_CURRENT_GENERAL_ANNUAL_2026_08,"Croatia annual Member-State reported aggregate cases from the public ECDC Surveillance Atlas; published zeroes are explicit, absent topic/year cells remain unknown, and combined populations are emitted only when every reviewed component is present. Data provided by ECDC based on data reported by EU/EEA Member States.",,raw,True,series_registry,single_series,parity,,SER_HR_ECDC_TRIC_ANNUAL,1,The public curve is read directly from one registered source series.,ecdc_atlas_annual,ECDC Surveillance Atlas — Croatia Annual Baseline,https://atlas.ecdc.europa.eu/public/index.aspx/,official_ecdc_rest_aggregate,ecdc_atlas_annual,ECDC Surveillance Atlas — Croatia Annual Baseline,https://atlas.ecdc.europa.eu/public/index.aspx/,official_ecdc_rest_aggregate
country,hr,hr,Croatia,public_projection,HR,Croatia,D123,Tularemia,土拉菌病,Bacterial,2018-01-01,2018-01,0,0,,,0.0,wpp_computed,,SER_HR_ECDC_TULA_ANNUAL,,,,,,annual,,,,,,,,,,,,,,series_registry,single_series,parity,,SER_HR_ECDC_TULA_ANNUAL,1,The public curve is read directly from one registered source series.,ecdc_atlas_annual,ECDC Surveillance Atlas — Croatia Annual Baseline,https://atlas.ecdc.europa.eu/public/index.aspx/,official_ecdc_rest_aggregate,ecdc_atlas_annual,ECDC Surveillance Atlas — Croatia Annual Baseline,https://atlas.ecdc.europa.eu/public/index.aspx/,official_ecdc_rest_aggregate
country,hr,hr,Croatia,source_series_observation,HR,Croatia,D123,Tularemia,土拉菌病,Bacterial,2018-01-01,2018-01,0,0,,,,,,SER_HR_ECDC_TULA_ANNUAL,SER_HR_ECDC_TULA_ANNUAL,SRC_HR_ECDC_ATLAS,Tularaemia,case_notifications,ecdc_member_state_reported_aggregate_surveillance,annual,count,country:HR:national,all,exact,conditional,non_additive,active,missing_is_unknown,ECDC_CURRENT_GENERAL_ANNUAL_2026_08,"Croatia annual Member-State reported aggregate cases from the public ECDC Surveillance Atlas; published zeroes are explicit, absent topic/year cells remain unknown, and combined populations are emitted only when every reviewed component is present. Data provided by ECDC based on data reported by EU/EEA Member States.",,raw,True,series_registry,single_series,parity,,SER_HR_ECDC_TULA_ANNUAL,1,The public curve is read directly from one registered source series.,ecdc_atlas_annual,ECDC Surveillance Atlas — Croatia Annual Baseline,https://atlas.ecdc.europa.eu/public/index.aspx/,official_ecdc_rest_aggregate,ecdc_atlas_annual,ECDC Surveillance Atlas — Croatia Annual Baseline,https://atlas.ecdc.europa.eu/public/index.aspx/,official_ecdc_rest_aggregate
country,hr,hr,Croatia,public_projection,HR,Croatia,D127,Viral hemorrhagic fevers,病毒性出血热,Viral,2018-01-01,2018-01,0,0,,,0.0,wpp_computed,,SER_HR_ECDC_VHFOTH_ANNUAL,,,,,,annual,,,,,,,,,,,,,,series_registry,single_series,parity,,SER_HR_ECDC_VHFOTH_ANNUAL,1,The public curve is read directly from one registered source series.,ecdc_atlas_annual,ECDC Surveillance Atlas — Croatia Annual Baseline,https://atlas.ecdc.europa.eu/public/index.aspx/,official_ecdc_rest_aggregate,ecdc_atlas_annual,ECDC Surveillance Atlas — Croatia Annual Baseline,https://atlas.ecdc.europa.eu/public/index.aspx/,official_ecdc_rest_aggregate
country,hr,hr,Croatia,source_series_observation,HR,Croatia,D127,Viral hemorrhagic fevers,病毒性出血热,Viral,2018-01-01,2018-01,0,0,,,,,,SER_HR_ECDC_VHFOTH_ANNUAL,SER_HR_ECDC_VHFOTH_ANNUAL,SRC_HR_ECDC_ATLAS,Other Viral Haemorrhagic fevers,case_notifications,ecdc_member_state_reported_aggregate_surveillance,annual,count,country:HR:national,all,exact,conditional,non_additive,active,missing_is_unknown,ECDC_CURRENT_GENERAL_ANNUAL_2026_08,"Croatia annual Member-State reported aggregate cases from the public ECDC Surveillance Atlas; published zeroes are explicit, absent topic/year cells remain unknown, and combined populations are emitted only when every reviewed component is present. Data provided by ECDC based on data reported by EU/EEA Member States.",,raw,True,series_registry,single_series,parity,,SER_HR_ECDC_VHFOTH_ANNUAL,1,The public curve is read directly from one registered source series.,ecdc_atlas_annual,ECDC Surveillance Atlas — Croatia Annual Baseline,https://atlas.ecdc.europa.eu/public/index.aspx/,official_ecdc_rest_aggregate,ecdc_atlas_annual,ECDC Surveillance Atlas — Croatia Annual Baseline,https://atlas.ecdc.europa.eu/public/index.aspx/,official_ecdc_rest_aggregate
country,hr,hr,Croatia,public_projection,HR,Croatia,D128,West Nile virus,西尼罗病毒,Viral,2018-01-01,2018-01,63,63,,,1.5652687243407732,wpp_computed,,SER_HR_ECDC_WNF_ANNUAL,,,,,,annual,,,,,,,,,,,,,,series_registry,single_series,parity,,SER_HR_ECDC_WNF_ANNUAL,1,The public curve is read directly from one registered source series.,ecdc_atlas_annual,ECDC Surveillance Atlas — Croatia Annual Baseline,https://atlas.ecdc.europa.eu/public/index.aspx/,official_ecdc_rest_aggregate,ecdc_atlas_annual,ECDC Surveillance Atlas — Croatia Annual Baseline,https://atlas.ecdc.europa.eu/public/index.aspx/,official_ecdc_rest_aggregate
country,hr,hr,Croatia,source_series_observation,HR,Croatia,D128,West Nile virus,西尼罗病毒,Viral,2018-01-01,2018-01,63,63,,,,,,SER_HR_ECDC_WNF_ANNUAL,SER_HR_ECDC_WNF_ANNUAL,SRC_HR_ECDC_ATLAS,West Nile virus infection,case_notifications,ecdc_member_state_reported_aggregate_surveillance,annual,count,country:HR:national,all,exact,conditional,non_additive,active,missing_is_unknown,ECDC_CURRENT_GENERAL_ANNUAL_2026_08,"Croatia annual Member-State reported aggregate cases from the public ECDC Surveillance Atlas; published zeroes are explicit, absent topic/year cells remain unknown, and combined populations are emitted only when every reviewed component is present. Data provided by ECDC based on data reported by EU/EEA Member States.",,raw,True,series_registry,single_series,parity,,SER_HR_ECDC_WNF_ANNUAL,1,The public curve is read directly from one registered source series.,ecdc_atlas_annual,ECDC Surveillance Atlas — Croatia Annual Baseline,https://atlas.ecdc.europa.eu/public/index.aspx/,official_ecdc_rest_aggregate,ecdc_atlas_annual,ECDC Surveillance Atlas — Croatia Annual Baseline,https://atlas.ecdc.europa.eu/public/index.aspx/,official_ecdc_rest_aggregate
country,hr,hr,Croatia,public_projection,HR,Croatia,D144,Creutzfeldt-Jakob disease,克雅氏病,Prion,2018-01-01,2018-01,0,0,,,0.0,wpp_computed,,SER_HR_ECDC_VCJD_ANNUAL,,,,,,annual,,,,,,,,,,,,,,series_registry,single_series,parity,,SER_HR_ECDC_VCJD_ANNUAL,1,The public curve is read directly from one registered source series.,ecdc_atlas_annual,ECDC Surveillance Atlas — Croatia Annual Baseline,https://atlas.ecdc.europa.eu/public/index.aspx/,official_ecdc_rest_aggregate,ecdc_atlas_annual,ECDC Surveillance Atlas — Croatia Annual Baseline,https://atlas.ecdc.europa.eu/public/index.aspx/,official_ecdc_rest_aggregate
country,hr,hr,Croatia,source_series_observation,HR,Croatia,D144,Creutzfeldt-Jakob disease,克雅氏病,Prion,2018-01-01,2018-01,0,0,,,,,,SER_HR_ECDC_VCJD_ANNUAL,SER_HR_ECDC_VCJD_ANNUAL,SRC_HR_ECDC_ATLAS,"Creutzfeldt-Jakob disease, variant",case_notifications,ecdc_member_state_reported_aggregate_surveillance,annual,count,country:HR:national,all,narrower,conditional,non_additive,active,missing_is_unknown,ECDC_CURRENT_GENERAL_ANNUAL_2026_08,"Croatia annual Member-State reported aggregate cases from the public ECDC Surveillance Atlas; published zeroes are explicit, absent topic/year cells remain unknown, and combined populations are emitted only when every reviewed component is present. Data provided by ECDC based on data reported by EU/EEA Member States.",,raw,True,series_registry,single_series,parity,,SER_HR_ECDC_VCJD_ANNUAL,1,The public curve is read directly from one registered source series.,ecdc_atlas_annual,ECDC Surveillance Atlas — Croatia Annual Baseline,https://atlas.ecdc.europa.eu/public/index.aspx/,official_ecdc_rest_aggregate,ecdc_atlas_annual,ECDC Surveillance Atlas — Croatia Annual Baseline,https://atlas.ecdc.europa.eu/public/index.aspx/,official_ecdc_rest_aggregate
country,hr,hr,Croatia,public_projection,HR,Croatia,D155,Yersiniosis,耶尔森菌病,Bacterial,2018-01-01,2018-01,20,20,,,0.4969107061399281,wpp_computed,,SER_HR_ECDC_YERS_ANNUAL,,,,,,annual,,,,,,,,,,,,,,series_registry,single_series,parity,,SER_HR_ECDC_YERS_ANNUAL,1,The public curve is read directly from one registered source series.,ecdc_atlas_annual,ECDC Surveillance Atlas — Croatia Annual Baseline,https://atlas.ecdc.europa.eu/public/index.aspx/,official_ecdc_rest_aggregate,ecdc_atlas_annual,ECDC Surveillance Atlas — Croatia Annual Baseline,https://atlas.ecdc.europa.eu/public/index.aspx/,official_ecdc_rest_aggregate
country,hr,hr,Croatia,source_series_observation,HR,Croatia,D155,Yersiniosis,耶尔森菌病,Bacterial,2018-01-01,2018-01,20,20,,,,,,SER_HR_ECDC_YERS_ANNUAL,SER_HR_ECDC_YERS_ANNUAL,SRC_HR_ECDC_ATLAS,Yersiniosis,case_notifications,ecdc_member_state_reported_aggregate_surveillance,annual,count,country:HR:national,all,exact,conditional,non_additive,active,missing_is_unknown,ECDC_CURRENT_GENERAL_ANNUAL_2026_08,"Croatia annual Member-State reported aggregate cases from the public ECDC Surveillance Atlas; published zeroes are explicit, absent topic/year cells remain unknown, and combined populations are emitted only when every reviewed component is present. Data provided by ECDC based on data reported by EU/EEA Member States.",,raw,True,series_registry,single_series,parity,,SER_HR_ECDC_YERS_ANNUAL,1,The public curve is read directly from one registered source series.,ecdc_atlas_annual,ECDC Surveillance Atlas — Croatia Annual Baseline,https://atlas.ecdc.europa.eu/public/index.aspx/,official_ecdc_rest_aggregate,ecdc_atlas_annual,ECDC Surveillance Atlas — Croatia Annual Baseline,https://atlas.ecdc.europa.eu/public/index.aspx/,official_ecdc_rest_aggregate
country,hr,hr,Croatia,public_projection,HR,Croatia,D162,HIV infection,人类免疫缺乏病毒感染,Viral,2018-01-01,2018-01,105,105,,,2.6087812072346224,wpp_computed,,SER_HR_ECDC_HIV_INFECTION_ANNUAL,,,,,,annual,,,,,,,,,,,,,,series_registry,single_series,parity,,SER_HR_ECDC_HIV_INFECTION_ANNUAL,1,The public curve is read directly from one registered source series.,ecdc_atlas_annual,ECDC Surveillance Atlas — Croatia Annual Baseline,https://atlas.ecdc.europa.eu/public/index.aspx/,official_ecdc_rest_aggregate,ecdc_atlas_annual,ECDC Surveillance Atlas — Croatia Annual Baseline,https://atlas.ecdc.europa.eu/public/index.aspx/,official_ecdc_rest_aggregate
country,hr,hr,Croatia,source_series_observation,HR,Croatia,D162,HIV infection,人类免疫缺乏病毒感染,Viral,2018-01-01,2018-01,105,105,,,,,,SER_HR_ECDC_HIV_INFECTION_ANNUAL,SER_HR_ECDC_HIV_INFECTION_ANNUAL,SRC_HR_ECDC_ATLAS,HIV infection,case_notifications,ecdc_member_state_reported_aggregate_surveillance,annual,count,country:HR:national,all,exact,conditional,non_additive,active,missing_is_unknown,ECDC_CURRENT_GENERAL_ANNUAL_2026_08,"Croatia annual Member-State reported aggregate cases from the public ECDC Surveillance Atlas; published zeroes are explicit, absent topic/year cells remain unknown, and combined populations are emitted only when every reviewed component is present. Data provided by ECDC based on data reported by EU/EEA Member States.",,raw,True,series_registry,single_series,parity,,SER_HR_ECDC_HIV_INFECTION_ANNUAL,1,The public curve is read directly from one registered source series.,ecdc_atlas_annual,ECDC Surveillance Atlas — Croatia Annual Baseline,https://atlas.ecdc.europa.eu/public/index.aspx/,official_ecdc_rest_aggregate,ecdc_atlas_annual,ECDC Surveillance Atlas — Croatia Annual Baseline,https://atlas.ecdc.europa.eu/public/index.aspx/,official_ecdc_rest_aggregate
country,hr,hr,Croatia,public_projection,HR,Croatia,D167,Congenital syphilis,先天性梅毒,Bacterial,2018-01-01,2018-01,0,0,,,0.0,wpp_computed,,SER_HR_ECDC_CONSYPH_ANNUAL,,,,,,annual,,,,,,,,,,,,,,series_registry,single_series,parity,,SER_HR_ECDC_CONSYPH_ANNUAL,1,The public curve is read directly from one registered source series.,ecdc_atlas_annual,ECDC Surveillance Atlas — Croatia Annual Baseline,https://atlas.ecdc.europa.eu/public/index.aspx/,official_ecdc_rest_aggregate,ecdc_atlas_annual,ECDC Surveillance Atlas — Croatia Annual Baseline,https://atlas.ecdc.europa.eu/public/index.aspx/,official_ecdc_rest_aggregate
country,hr,hr,Croatia,source_series_observation,HR,Croatia,D167,Congenital syphilis,先天性梅毒,Bacterial,2018-01-01,2018-01,0,0,,,,,,SER_HR_ECDC_CONSYPH_ANNUAL,SER_HR_ECDC_CONSYPH_ANNUAL,SRC_HR_ECDC_ATLAS,"Syphilis, congenital",case_notifications,ecdc_member_state_reported_aggregate_surveillance,annual,count,country:HR:national,all,exact,conditional,non_additive,active,missing_is_unknown,ECDC_CURRENT_GENERAL_ANNUAL_2026_08,"Croatia annual Member-State reported aggregate cases from the public ECDC Surveillance Atlas; published zeroes are explicit, absent topic/year cells remain unknown, and combined populations are emitted only when every reviewed component is present. Data provided by ECDC based on data reported by EU/EEA Member States.",,raw,True,series_registry,single_series,parity,,SER_HR_ECDC_CONSYPH_ANNUAL,1,The public curve is read directly from one registered source series.,ecdc_atlas_annual,ECDC Surveillance Atlas — Croatia Annual Baseline,https://atlas.ecdc.europa.eu/public/index.aspx/,official_ecdc_rest_aggregate,ecdc_atlas_annual,ECDC Surveillance Atlas — Croatia Annual Baseline,https://atlas.ecdc.europa.eu/public/index.aspx/,official_ecdc_rest_aggregate
country,hr,hr,Croatia,public_projection,HR,Croatia,D173,Rift Valley fever,裂谷热,Viral,2018-01-01,2018-01,0,0,,,0.0,wpp_computed,,SER_HR_ECDC_RIFT_ANNUAL,,,,,,annual,,,,,,,,,,,,,,series_registry,single_series,parity,,SER_HR_ECDC_RIFT_ANNUAL,1,The public curve is read directly from one registered source series.,ecdc_atlas_annual,ECDC Surveillance Atlas — Croatia Annual Baseline,https://atlas.ecdc.europa.eu/public/index.aspx/,official_ecdc_rest_aggregate,ecdc_atlas_annual,ECDC Surveillance Atlas — Croatia Annual Baseline,https://atlas.ecdc.europa.eu/public/index.aspx/,official_ecdc_rest_aggregate
country,hr,hr,Croatia,source_series_observation,HR,Croatia,D173,Rift Valley fever,裂谷热,Viral,2018-01-01,2018-01,0,0,,,,,,SER_HR_ECDC_RIFT_ANNUAL,SER_HR_ECDC_RIFT_ANNUAL,SRC_HR_ECDC_ATLAS,Rift valley fever,case_notifications,ecdc_member_state_reported_aggregate_surveillance,annual,count,country:HR:national,all,exact,conditional,non_additive,active,missing_is_unknown,ECDC_CURRENT_GENERAL_ANNUAL_2026_08,"Croatia annual Member-State reported aggregate cases from the public ECDC Surveillance Atlas; published zeroes are explicit, absent topic/year cells remain unknown, and combined populations are emitted only when every reviewed component is present. Data provided by ECDC based on data reported by EU/EEA Member States.",,raw,True,series_registry,single_series,parity,,SER_HR_ECDC_RIFT_ANNUAL,1,The public curve is read directly from one registered source series.,ecdc_atlas_annual,ECDC Surveillance Atlas — Croatia Annual Baseline,https://atlas.ecdc.europa.eu/public/index.aspx/,official_ecdc_rest_aggregate,ecdc_atlas_annual,ECDC Surveillance Atlas — Croatia Annual Baseline,https://atlas.ecdc.europa.eu/public/index.aspx/,official_ecdc_rest_aggregate
country,hr,hr,Croatia,public_projection,HR,Croatia,D203,Crimean-Congo hemorrhagic fever,克里米亚-刚果出血热,Viral,2018-01-01,2018-01,0,0,,,0.0,wpp_computed,,SER_HR_ECDC_CCHF_ANNUAL,,,,,,annual,,,,,,,,,,,,,,series_registry,single_series,parity,,SER_HR_ECDC_CCHF_ANNUAL,1,The public curve is read directly from one registered source series.,ecdc_atlas_annual,ECDC Surveillance Atlas — Croatia Annual Baseline,https://atlas.ecdc.europa.eu/public/index.aspx/,official_ecdc_rest_aggregate,ecdc_atlas_annual,ECDC Surveillance Atlas — Croatia Annual Baseline,https://atlas.ecdc.europa.eu/public/index.aspx/,official_ecdc_rest_aggregate
country,hr,hr,Croatia,source_series_observation,HR,Croatia,D203,Crimean-Congo hemorrhagic fever,克里米亚-刚果出血热,Viral,2018-01-01,2018-01,0,0,,,,,,SER_HR_ECDC_CCHF_ANNUAL,SER_HR_ECDC_CCHF_ANNUAL,SRC_HR_ECDC_ATLAS,Crimean-Congo haemorrhagic fever,case_notifications,ecdc_member_state_reported_aggregate_surveillance,annual,count,country:HR:national,all,exact,conditional,non_additive,active,missing_is_unknown,ECDC_CURRENT_GENERAL_ANNUAL_2026_08,"Croatia annual Member-State reported aggregate cases from the public ECDC Surveillance Atlas; published zeroes are explicit, absent topic/year cells remain unknown, and combined populations are emitted only when every reviewed component is present. Data provided by ECDC based on data reported by EU/EEA Member States.",,raw,True,series_registry,single_series,parity,,SER_HR_ECDC_CCHF_ANNUAL,1,The public curve is read directly from one registered source series.,ecdc_atlas_annual,ECDC Surveillance Atlas — Croatia Annual Baseline,https://atlas.ecdc.europa.eu/public/index.aspx/,official_ecdc_rest_aggregate,ecdc_atlas_annual,ECDC Surveillance Atlas — Croatia Annual Baseline,https://atlas.ecdc.europa.eu/public/index.aspx/,official_ecdc_rest_aggregate
country,hr,hr,Croatia,public_projection,HR,Croatia,D205,Tick-borne encephalitis,蜱传脑炎,Viral,2018-01-01,2018-01,24,24,,,0.5962928473679137,wpp_computed,,SER_HR_ECDC_TBE_ANNUAL,,,,,,annual,,,,,,,,,,,,,,series_registry,single_series,parity,,SER_HR_ECDC_TBE_ANNUAL,1,The public curve is read directly from one registered source series.,ecdc_atlas_annual,ECDC Surveillance Atlas — Croatia Annual Baseline,https://atlas.ecdc.europa.eu/public/index.aspx/,official_ecdc_rest_aggregate,ecdc_atlas_annual,ECDC Surveillance Atlas — Croatia Annual Baseline,https://atlas.ecdc.europa.eu/public/index.aspx/,official_ecdc_rest_aggregate
country,hr,hr,Croatia,source_series_observation,HR,Croatia,D205,Tick-borne encephalitis,蜱传脑炎,Viral,2018-01-01,2018-01,24,24,,,,,,SER_HR_ECDC_TBE_ANNUAL,SER_HR_ECDC_TBE_ANNUAL,SRC_HR_ECDC_ATLAS,Tick-borne encephalitis,case_notifications,ecdc_member_state_reported_aggregate_surveillance,annual,count,country:HR:national,all,exact,conditional,non_additive,active,missing_is_unknown,ECDC_CURRENT_GENERAL_ANNUAL_2026_08,"Croatia annual Member-State reported aggregate cases from the public ECDC Surveillance Atlas; published zeroes are explicit, absent topic/year cells remain unknown, and combined populations are emitted only when every reviewed component is present. Data provided by ECDC based on data reported by EU/EEA Member States.",,raw,True,series_registry,single_series,parity,,SER_HR_ECDC_TBE_ANNUAL,1,The public curve is read directly from one registered source series.,ecdc_atlas_annual,ECDC Surveillance Atlas — Croatia Annual Baseline,https://atlas.ecdc.europa.eu/public/index.aspx/,official_ecdc_rest_aggregate,ecdc_atlas_annual,ECDC Surveillance Atlas — Croatia Annual Baseline,https://atlas.ecdc.europa.eu/public/index.aspx/,official_ecdc_rest_aggregate
country,hr,hr,Croatia,public_projection,HR,Croatia,D242,Lymphogranuloma venereum,性病性淋巴肉芽肿,Bacterial,2018-01-01,2018-01,0,0,,,0.0,wpp_computed,,SER_HR_ECDC_LGV_ANNUAL,,,,,,annual,,,,,,,,,,,,,,series_registry,single_series,parity,,SER_HR_ECDC_LGV_ANNUAL,1,The public curve is read directly from one registered source series.,ecdc_atlas_annual,ECDC Surveillance Atlas — Croatia Annual Baseline,https://atlas.ecdc.europa.eu/public/index.aspx/,official_ecdc_rest_aggregate,ecdc_atlas_annual,ECDC Surveillance Atlas — Croatia Annual Baseline,https://atlas.ecdc.europa.eu/public/index.aspx/,official_ecdc_rest_aggregate
country,hr,hr,Croatia,source_series_observation,HR,Croatia,D242,Lymphogranuloma venereum,性病性淋巴肉芽肿,Bacterial,2018-01-01,2018-01,0,0,,,,,,SER_HR_ECDC_LGV_ANNUAL,SER_HR_ECDC_LGV_ANNUAL,SRC_HR_ECDC_ATLAS,"Chlamydia infection, lymphogranuloma venereum",case_notifications,ecdc_member_state_reported_aggregate_surveillance,annual,count,country:HR:national,all,exact,conditional,non_additive,active,missing_is_unknown,ECDC_CURRENT_GENERAL_ANNUAL_2026_08,"Croatia annual Member-State reported aggregate cases from the public ECDC Surveillance Atlas; published zeroes are explicit, absent topic/year cells remain unknown, and combined populations are emitted only when every reviewed component is present. Data provided by ECDC based on data reported by EU/EEA Member States.",,raw,True,series_registry,single_series,parity,,SER_HR_ECDC_LGV_ANNUAL,1,The public curve is read directly from one registered source series.,ecdc_atlas_annual,ECDC Surveillance Atlas — Croatia Annual Baseline,https://atlas.ecdc.europa.eu/public/index.aspx/,official_ecdc_rest_aggregate,ecdc_atlas_annual,ECDC Surveillance Atlas — Croatia Annual Baseline,https://atlas.ecdc.europa.eu/public/index.aspx/,official_ecdc_rest_aggregate
country,hr,hr,Croatia,public_projection,HR,Croatia,D001,Plague,鼠疫,Bacterial,2019-01-01,2019-01,0,0,,,0.0,wpp_computed,,SER_HR_ECDC_PLAG_ANNUAL,,,,,,annual,,,,,,,,,,,,,,series_registry,single_series,parity,,SER_HR_ECDC_PLAG_ANNUAL,1,The public curve is read directly from one registered source series.,ecdc_atlas_annual,ECDC Surveillance Atlas — Croatia Annual Baseline,https://atlas.ecdc.europa.eu/public/index.aspx/,official_ecdc_rest_aggregate,ecdc_atlas_annual,ECDC Surveillance Atlas — Croatia Annual Baseline,https://atlas.ecdc.europa.eu/public/index.aspx/,official_ecdc_rest_aggregate
country,hr,hr,Croatia,source_series_observation,HR,Croatia,D001,Plague,鼠疫,Bacterial,2019-01-01,2019-01,0,0,,,,,,SER_HR_ECDC_PLAG_ANNUAL,SER_HR_ECDC_PLAG_ANNUAL,SRC_HR_ECDC_ATLAS,Plague,case_notifications,ecdc_member_state_reported_aggregate_surveillance,annual,count,country:HR:national,all,exact,conditional,non_additive,active,missing_is_unknown,ECDC_CURRENT_GENERAL_ANNUAL_2026_08,"Croatia annual Member-State reported aggregate cases from the public ECDC Surveillance Atlas; published zeroes are explicit, absent topic/year cells remain unknown, and combined populations are emitted only when every reviewed component is present. Data provided by ECDC based on data reported by EU/EEA Member States.",,raw,True,series_registry,single_series,parity,,SER_HR_ECDC_PLAG_ANNUAL,1,The public curve is read directly from one registered source series.,ecdc_atlas_annual,ECDC Surveillance Atlas — Croatia Annual Baseline,https://atlas.ecdc.europa.eu/public/index.aspx/,official_ecdc_rest_aggregate,ecdc_atlas_annual,ECDC Surveillance Atlas — Croatia Annual Baseline,https://atlas.ecdc.europa.eu/public/index.aspx/,official_ecdc_rest_aggregate
country,hr,hr,Croatia,public_projection,HR,Croatia,D002,Cholera,霍乱,Bacterial,2019-01-01,2019-01,0,0,,,0.0,wpp_computed,,SER_HR_ECDC_CHOL_ANNUAL,,,,,,annual,,,,,,,,,,,,,,series_registry,single_series,parity,,SER_HR_ECDC_CHOL_ANNUAL,1,The public curve is read directly from one registered source series.,ecdc_atlas_annual,ECDC Surveillance Atlas — Croatia Annual Baseline,https://atlas.ecdc.europa.eu/public/index.aspx/,official_ecdc_rest_aggregate,ecdc_atlas_annual,ECDC Surveillance Atlas — Croatia Annual Baseline,https://atlas.ecdc.europa.eu/public/index.aspx/,official_ecdc_rest_aggregate
country,hr,hr,Croatia,source_series_observation,HR,Croatia,D002,Cholera,霍乱,Bacterial,2019-01-01,2019-01,0,0,,,,,,SER_HR_ECDC_CHOL_ANNUAL,SER_HR_ECDC_CHOL_ANNUAL,SRC_HR_ECDC_ATLAS,Cholera,case_notifications,ecdc_member_state_reported_aggregate_surveillance,annual,count,country:HR:national,all,exact,conditional,non_additive,active,missing_is_unknown,ECDC_CURRENT_GENERAL_ANNUAL_2026_08,"Croatia annual Member-State reported aggregate cases from the public ECDC Surveillance Atlas; published zeroes are explicit, absent topic/year cells remain unknown, and combined populations are emitted only when every reviewed component is present. Data provided by ECDC based on data reported by EU/EEA Member States.",,raw,True,series_registry,single_series,parity,,SER_HR_ECDC_CHOL_ANNUAL,1,The public curve is read directly from one registered source series.,ecdc_atlas_annual,ECDC Surveillance Atlas — Croatia Annual Baseline,https://atlas.ecdc.europa.eu/public/index.aspx/,official_ecdc_rest_aggregate,ecdc_atlas_annual,ECDC Surveillance Atlas — Croatia Annual Baseline,https://atlas.ecdc.europa.eu/public/index.aspx/,official_ecdc_rest_aggregate
country,hr,hr,Croatia,public_projection,HR,Croatia,D005,AIDS,艾滋病,Viral,2019-01-01,2019-01,20,20,,,0.5017140433147294,wpp_computed,,SER_HR_ECDC_AIDS_ANNUAL,,,,,,annual,,,,,,,,,,,,,,series_registry,single_series,parity,,SER_HR_ECDC_AIDS_ANNUAL,1,The public curve is read directly from one registered source series.,ecdc_atlas_annual,ECDC Surveillance Atlas — Croatia Annual Baseline,https://atlas.ecdc.europa.eu/public/index.aspx/,official_ecdc_rest_aggregate,ecdc_atlas_annual,ECDC Surveillance Atlas — Croatia Annual Baseline,https://atlas.ecdc.europa.eu/public/index.aspx/,official_ecdc_rest_aggregate
country,hr,hr,Croatia,source_series_observation,HR,Croatia,D005,AIDS,艾滋病,Viral,2019-01-01,2019-01,20,20,,,,,,SER_HR_ECDC_AIDS_ANNUAL,SER_HR_ECDC_AIDS_ANNUAL,SRC_HR_ECDC_ATLAS,AIDS,case_notifications,ecdc_member_state_reported_aggregate_surveillance,annual,count,country:HR:national,all,exact,conditional,non_additive,active,missing_is_unknown,ECDC_CURRENT_GENERAL_ANNUAL_2026_08,"Croatia annual Member-State reported aggregate cases from the public ECDC Surveillance Atlas; published zeroes are explicit, absent topic/year cells remain unknown, and combined populations are emitted only when every reviewed component is present. Data provided by ECDC based on data reported by EU/EEA Member States.",,raw,True,series_registry,single_series,parity,,SER_HR_ECDC_AIDS_ANNUAL,1,The public curve is read directly from one registered source series.,ecdc_atlas_annual,ECDC Surveillance Atlas — Croatia Annual Baseline,https://atlas.ecdc.europa.eu/public/index.aspx/,official_ecdc_rest_aggregate,ecdc_atlas_annual,ECDC Surveillance Atlas — Croatia Annual Baseline,https://atlas.ecdc.europa.eu/public/index.aspx/,official_ecdc_rest_aggregate
country,hr,hr,Croatia,public_projection,HR,Croatia,D007,Hepatitis A,甲型肝炎,Viral,2019-01-01,2019-01,9,9,,,0.22577131949162818,wpp_computed,,SER_HR_ECDC_HEPA_ANNUAL,,,,,,annual,,,,,,,,,,,,,,series_registry,single_series,parity,,SER_HR_ECDC_HEPA_ANNUAL,1,The public curve is read directly from one registered source series.,ecdc_atlas_annual,ECDC Surveillance Atlas — Croatia Annual Baseline,https://atlas.ecdc.europa.eu/public/index.aspx/,official_ecdc_rest_aggregate,ecdc_atlas_annual,ECDC Surveillance Atlas — Croatia Annual Baseline,https://atlas.ecdc.europa.eu/public/index.aspx/,official_ecdc_rest_aggregate
country,hr,hr,Croatia,source_series_observation,HR,Croatia,D007,Hepatitis A,甲型肝炎,Viral,2019-01-01,2019-01,9,9,,,,,,SER_HR_ECDC_HEPA_ANNUAL,SER_HR_ECDC_HEPA_ANNUAL,SRC_HR_ECDC_ATLAS,Hepatitis A,case_notifications,ecdc_member_state_reported_aggregate_surveillance,annual,count,country:HR:national,all,exact,conditional,non_additive,active,missing_is_unknown,ECDC_CURRENT_GENERAL_ANNUAL_2026_08,"Croatia annual Member-State reported aggregate cases from the public ECDC Surveillance Atlas; published zeroes are explicit, absent topic/year cells remain unknown, and combined populations are emitted only when every reviewed component is present. Data provided by ECDC based on data reported by EU/EEA Member States.",,raw,True,series_registry,single_series,parity,,SER_HR_ECDC_HEPA_ANNUAL,1,The public curve is read directly from one registered source series.,ecdc_atlas_annual,ECDC Surveillance Atlas — Croatia Annual Baseline,https://atlas.ecdc.europa.eu/public/index.aspx/,official_ecdc_rest_aggregate,ecdc_atlas_annual,ECDC Surveillance Atlas — Croatia Annual Baseline,https://atlas.ecdc.europa.eu/public/index.aspx/,official_ecdc_rest_aggregate
country,hr,hr,Croatia,public_projection,HR,Croatia,D009,Hepatitis C,丙型肝炎,Viral,2019-01-01,2019-01,209,209,,,5.242911752638921,wpp_computed,,SER_HR_ECDC_HEPC_ANNUAL,,,,,,annual,,,,,,,,,,,,,,series_registry,single_series,parity,,SER_HR_ECDC_HEPC_ANNUAL,1,The public curve is read directly from one registered source series.,ecdc_atlas_annual,ECDC Surveillance Atlas — Croatia Annual Baseline,https://atlas.ecdc.europa.eu/public/index.aspx/,official_ecdc_rest_aggregate,ecdc_atlas_annual,ECDC Surveillance Atlas — Croatia Annual Baseline,https://atlas.ecdc.europa.eu/public/index.aspx/,official_ecdc_rest_aggregate
country,hr,hr,Croatia,source_series_observation,HR,Croatia,D009,Hepatitis C,丙型肝炎,Viral,2019-01-01,2019-01,209,209,,,,,,SER_HR_ECDC_HEPC_ANNUAL,SER_HR_ECDC_HEPC_ANNUAL,SRC_HR_ECDC_ATLAS,Hepatitis C,case_notifications,ecdc_member_state_reported_aggregate_surveillance,annual,count,country:HR:national,all,exact,conditional,non_additive,active,missing_is_unknown,ECDC_CURRENT_GENERAL_ANNUAL_2026_08,"Croatia annual Member-State reported aggregate cases from the public ECDC Surveillance Atlas; published zeroes are explicit, absent topic/year cells remain unknown, and combined populations are emitted only when every reviewed component is present. Data provided by ECDC based on data reported by EU/EEA Member States.",,raw,True,series_registry,single_series,parity,,SER_HR_ECDC_HEPC_ANNUAL,1,The public curve is read directly from one registered source series.,ecdc_atlas_annual,ECDC Surveillance Atlas — Croatia Annual Baseline,https://atlas.ecdc.europa.eu/public/index.aspx/,official_ecdc_rest_aggregate,ecdc_atlas_annual,ECDC Surveillance Atlas — Croatia Annual Baseline,https://atlas.ecdc.europa.eu/public/index.aspx/,official_ecdc_rest_aggregate
country,hr,hr,Croatia,public_projection,HR,Croatia,D017,Measles,麻疹,Viral,2019-01-01,2019-01,52,52,,,1.3044565126182963,wpp_computed,,SER_HR_ECDC_MEAS_ANNUAL,,,,,,annual,,,,,,,,,,,,,,series_registry,single_series,parity,,SER_HR_ECDC_MEAS_ANNUAL,1,The public curve is read directly from one registered source series.,ecdc_atlas_annual,ECDC Surveillance Atlas — Croatia Annual Baseline,https://atlas.ecdc.europa.eu/public/index.aspx/,official_ecdc_rest_aggregate,ecdc_atlas_annual,ECDC Surveillance Atlas — Croatia Annual Baseline,https://atlas.ecdc.europa.eu/public/index.aspx/,official_ecdc_rest_aggregate
country,hr,hr,Croatia,source_series_observation,HR,Croatia,D017,Measles,麻疹,Viral,2019-01-01,2019-01,52,52,,,,,,SER_HR_ECDC_MEAS_ANNUAL,SER_HR_ECDC_MEAS_ANNUAL,SRC_HR_ECDC_ATLAS,Measles,case_notifications,ecdc_member_state_reported_aggregate_surveillance,annual,count,country:HR:national,all,exact,conditional,non_additive,active,missing_is_unknown,ECDC_CURRENT_GENERAL_ANNUAL_2026_08,"Croatia annual Member-State reported aggregate cases from the public ECDC Surveillance Atlas; published zeroes are explicit, absent topic/year cells remain unknown, and combined populations are emitted only when every reviewed component is present. Data provided by ECDC based on data reported by EU/EEA Member States.",,raw,True,series_registry,single_series,parity,,SER_HR_ECDC_MEAS_ANNUAL,1,The public curve is read directly from one registered source series.,ecdc_atlas_annual,ECDC Surveillance Atlas — Croatia Annual Baseline,https://atlas.ecdc.europa.eu/public/index.aspx/,official_ecdc_rest_aggregate,ecdc_atlas_annual,ECDC Surveillance Atlas — Croatia Annual Baseline,https://atlas.ecdc.europa.eu/public/index.aspx/,official_ecdc_rest_aggregate
country,hr,hr,Croatia,public_projection,HR,Croatia,D019,Rabies,狂犬病,Viral,2019-01-01,2019-01,0,0,,,0.0,wpp_computed,,SER_HR_ECDC_RABI_ANNUAL,,,,,,annual,,,,,,,,,,,,,,series_registry,single_series,parity,,SER_HR_ECDC_RABI_ANNUAL,1,The public curve is read directly from one registered source series.,ecdc_atlas_annual,ECDC Surveillance Atlas — Croatia Annual Baseline,https://atlas.ecdc.europa.eu/public/index.aspx/,official_ecdc_rest_aggregate,ecdc_atlas_annual,ECDC Surveillance Atlas — Croatia Annual Baseline,https://atlas.ecdc.europa.eu/public/index.aspx/,official_ecdc_rest_aggregate
country,hr,hr,Croatia,source_series_observation,HR,Croatia,D019,Rabies,狂犬病,Viral,2019-01-01,2019-01,0,0,,,,,,SER_HR_ECDC_RABI_ANNUAL,SER_HR_ECDC_RABI_ANNUAL,SRC_HR_ECDC_ATLAS,Rabies,case_notifications,ecdc_member_state_reported_aggregate_surveillance,annual,count,country:HR:national,all,exact,conditional,non_additive,active,missing_is_unknown,ECDC_CURRENT_GENERAL_ANNUAL_2026_08,"Croatia annual Member-State reported aggregate cases from the public ECDC Surveillance Atlas; published zeroes are explicit, absent topic/year cells remain unknown, and combined populations are emitted only when every reviewed component is present. Data provided by ECDC based on data reported by EU/EEA Member States.",,raw,True,series_registry,single_series,parity,,SER_HR_ECDC_RABI_ANNUAL,1,The public curve is read directly from one registered source series.,ecdc_atlas_annual,ECDC Surveillance Atlas — Croatia Annual Baseline,https://atlas.ecdc.europa.eu/public/index.aspx/,official_ecdc_rest_aggregate,ecdc_atlas_annual,ECDC Surveillance Atlas — Croatia Annual Baseline,https://atlas.ecdc.europa.eu/public/index.aspx/,official_ecdc_rest_aggregate
country,hr,hr,Croatia,public_projection,HR,Croatia,D021,Dengue,登革热,Viral,2019-01-01,2019-01,4,4,,,0.10034280866294588,wpp_computed,,SER_HR_ECDC_DENGUE_ANNUAL,,,,,,annual,,,,,,,,,,,,,,series_registry,single_series,parity,,SER_HR_ECDC_DENGUE_ANNUAL,1,The public curve is read directly from one registered source series.,ecdc_atlas_annual,ECDC Surveillance Atlas — Croatia Annual Baseline,https://atlas.ecdc.europa.eu/public/index.aspx/,official_ecdc_rest_aggregate,ecdc_atlas_annual,ECDC Surveillance Atlas — Croatia Annual Baseline,https://atlas.ecdc.europa.eu/public/index.aspx/,official_ecdc_rest_aggregate
country,hr,hr,Croatia,source_series_observation,HR,Croatia,D021,Dengue,登革热,Viral,2019-01-01,2019-01,4,4,,,,,,SER_HR_ECDC_DENGUE_ANNUAL,SER_HR_ECDC_DENGUE_ANNUAL,SRC_HR_ECDC_ATLAS,Dengue,case_notifications,ecdc_member_state_reported_aggregate_surveillance,annual,count,country:HR:national,all,exact,conditional,non_additive,active,missing_is_unknown,ECDC_CURRENT_GENERAL_ANNUAL_2026_08,"Croatia annual Member-State reported aggregate cases from the public ECDC Surveillance Atlas; published zeroes are explicit, absent topic/year cells remain unknown, and combined populations are emitted only when every reviewed component is present. Data provided by ECDC based on data reported by EU/EEA Member States.",,raw,True,series_registry,single_series,parity,,SER_HR_ECDC_DENGUE_ANNUAL,1,The public curve is read directly from one registered source series.,ecdc_atlas_annual,ECDC Surveillance Atlas — Croatia Annual Baseline,https://atlas.ecdc.europa.eu/public/index.aspx/,official_ecdc_rest_aggregate,ecdc_atlas_annual,ECDC Surveillance Atlas — Croatia Annual Baseline,https://atlas.ecdc.europa.eu/public/index.aspx/,official_ecdc_rest_aggregate
country,hr,hr,Croatia,public_projection,HR,Croatia,D023,Anthrax,炭疽,Bacterial,2019-01-01,2019-01,0,0,,,0.0,wpp_computed,,SER_HR_ECDC_ANTH_ANNUAL,,,,,,annual,,,,,,,,,,,,,,series_registry,single_series,parity,,SER_HR_ECDC_ANTH_ANNUAL,1,The public curve is read directly from one registered source series.,ecdc_atlas_annual,ECDC Surveillance Atlas — Croatia Annual Baseline,https://atlas.ecdc.europa.eu/public/index.aspx/,official_ecdc_rest_aggregate,ecdc_atlas_annual,ECDC Surveillance Atlas — Croatia Annual Baseline,https://atlas.ecdc.europa.eu/public/index.aspx/,official_ecdc_rest_aggregate
country,hr,hr,Croatia,source_series_observation,HR,Croatia,D023,Anthrax,炭疽,Bacterial,2019-01-01,2019-01,0,0,,,,,,SER_HR_ECDC_ANTH_ANNUAL,SER_HR_ECDC_ANTH_ANNUAL,SRC_HR_ECDC_ATLAS,Anthrax,case_notifications,ecdc_member_state_reported_aggregate_surveillance,annual,count,country:HR:national,all,exact,conditional,non_additive,active,missing_is_unknown,ECDC_CURRENT_GENERAL_ANNUAL_2026_08,"Croatia annual Member-State reported aggregate cases from the public ECDC Surveillance Atlas; published zeroes are explicit, absent topic/year cells remain unknown, and combined populations are emitted only when every reviewed component is present. Data provided by ECDC based on data reported by EU/EEA Member States.",,raw,True,series_registry,single_series,parity,,SER_HR_ECDC_ANTH_ANNUAL,1,The public curve is read directly from one registered source series.,ecdc_atlas_annual,ECDC Surveillance Atlas — Croatia Annual Baseline,https://atlas.ecdc.europa.eu/public/index.aspx/,official_ecdc_rest_aggregate,ecdc_atlas_annual,ECDC Surveillance Atlas — Croatia Annual Baseline,https://atlas.ecdc.europa.eu/public/index.aspx/,official_ecdc_rest_aggregate
country,hr,hr,Croatia,public_projection,HR,Croatia,D025,Tuberculosis,肺结核,Bacterial,2019-01-01,2019-01,305,305,,,7.651139160549623,wpp_computed,,SER_HR_ECDC_TUBE_ANNUAL,,,,,,annual,,,,,,,,,,,,,,series_registry,single_series,parity,,SER_HR_ECDC_TUBE_ANNUAL,1,The public curve is read directly from one registered source series.,ecdc_atlas_annual,ECDC Surveillance Atlas — Croatia Annual Baseline,https://atlas.ecdc.europa.eu/public/index.aspx/,official_ecdc_rest_aggregate,ecdc_atlas_annual,ECDC Surveillance Atlas — Croatia Annual Baseline,https://atlas.ecdc.europa.eu/public/index.aspx/,official_ecdc_rest_aggregate
country,hr,hr,Croatia,source_series_observation,HR,Croatia,D025,Tuberculosis,肺结核,Bacterial,2019-01-01,2019-01,305,305,,,,,,SER_HR_ECDC_TUBE_ANNUAL,SER_HR_ECDC_TUBE_ANNUAL,SRC_HR_ECDC_ATLAS,Tuberculosis,case_notifications,ecdc_member_state_reported_aggregate_surveillance,annual,count,country:HR:national,all,exact,conditional,non_additive,active,missing_is_unknown,ECDC_CURRENT_GENERAL_ANNUAL_2026_08,"Croatia annual Member-State reported aggregate cases from the public ECDC Surveillance Atlas; published zeroes are explicit, absent topic/year cells remain unknown, and combined populations are emitted only when every reviewed component is present. Data provided by ECDC based on data reported by EU/EEA Member States.",,raw,True,series_registry,single_series,parity,,SER_HR_ECDC_TUBE_ANNUAL,1,The public curve is read directly from one registered source series.,ecdc_atlas_annual,ECDC Surveillance Atlas — Croatia Annual Baseline,https://atlas.ecdc.europa.eu/public/index.aspx/,official_ecdc_rest_aggregate,ecdc_atlas_annual,ECDC Surveillance Atlas — Croatia Annual Baseline,https://atlas.ecdc.europa.eu/public/index.aspx/,official_ecdc_rest_aggregate
country,hr,hr,Croatia,public_projection,HR,Croatia,D028,Pertussis,百日咳,Bacterial,2019-01-01,2019-01,57,57,,,1.4298850234469787,wpp_computed,,SER_HR_ECDC_PERT_ANNUAL,,,,,,annual,,,,,,,,,,,,,,series_registry,single_series,parity,,SER_HR_ECDC_PERT_ANNUAL,1,The public curve is read directly from one registered source series.,ecdc_atlas_annual,ECDC Surveillance Atlas — Croatia Annual Baseline,https://atlas.ecdc.europa.eu/public/index.aspx/,official_ecdc_rest_aggregate,ecdc_atlas_annual,ECDC Surveillance Atlas — Croatia Annual Baseline,https://atlas.ecdc.europa.eu/public/index.aspx/,official_ecdc_rest_aggregate
country,hr,hr,Croatia,source_series_observation,HR,Croatia,D028,Pertussis,百日咳,Bacterial,2019-01-01,2019-01,57,57,,,,,,SER_HR_ECDC_PERT_ANNUAL,SER_HR_ECDC_PERT_ANNUAL,SRC_HR_ECDC_ATLAS,Pertussis,case_notifications,ecdc_member_state_reported_aggregate_surveillance,annual,count,country:HR:national,all,exact,conditional,non_additive,active,missing_is_unknown,ECDC_CURRENT_GENERAL_ANNUAL_2026_08,"Croatia annual Member-State reported aggregate cases from the public ECDC Surveillance Atlas; published zeroes are explicit, absent topic/year cells remain unknown, and combined populations are emitted only when every reviewed component is present. Data provided by ECDC based on data reported by EU/EEA Member States.",,raw,True,series_registry,single_series,parity,,SER_HR_ECDC_PERT_ANNUAL,1,The public curve is read directly from one registered source series.,ecdc_atlas_annual,ECDC Surveillance Atlas — Croatia Annual Baseline,https://atlas.ecdc.europa.eu/public/index.aspx/,official_ecdc_rest_aggregate,ecdc_atlas_annual,ECDC Surveillance Atlas — Croatia Annual Baseline,https://atlas.ecdc.europa.eu/public/index.aspx/,official_ecdc_rest_aggregate
country,hr,hr,Croatia,public_projection,HR,Croatia,D032,Brucellosis,布鲁氏菌病,Bacterial,2019-01-01,2019-01,3,3,,,0.0752571064972094,wpp_computed,,SER_HR_ECDC_BRUC_ANNUAL,,,,,,annual,,,,,,,,,,,,,,series_registry,single_series,parity,,SER_HR_ECDC_BRUC_ANNUAL,1,The public curve is read directly from one registered source series.,ecdc_atlas_annual,ECDC Surveillance Atlas — Croatia Annual Baseline,https://atlas.ecdc.europa.eu/public/index.aspx/,official_ecdc_rest_aggregate,ecdc_atlas_annual,ECDC Surveillance Atlas — Croatia Annual Baseline,https://atlas.ecdc.europa.eu/public/index.aspx/,official_ecdc_rest_aggregate
country,hr,hr,Croatia,source_series_observation,HR,Croatia,D032,Brucellosis,布鲁氏菌病,Bacterial,2019-01-01,2019-01,3,3,,,,,,SER_HR_ECDC_BRUC_ANNUAL,SER_HR_ECDC_BRUC_ANNUAL,SRC_HR_ECDC_ATLAS,Brucellosis,case_notifications,ecdc_member_state_reported_aggregate_surveillance,annual,count,country:HR:national,all,exact,conditional,non_additive,active,missing_is_unknown,ECDC_CURRENT_GENERAL_ANNUAL_2026_08,"Croatia annual Member-State reported aggregate cases from the public ECDC Surveillance Atlas; published zeroes are explicit, absent topic/year cells remain unknown, and combined populations are emitted only when every reviewed component is present. Data provided by ECDC based on data reported by EU/EEA Member States.",,raw,True,series_registry,single_series,parity,,SER_HR_ECDC_BRUC_ANNUAL,1,The public curve is read directly from one registered source series.,ecdc_atlas_annual,ECDC Surveillance Atlas — Croatia Annual Baseline,https://atlas.ecdc.europa.eu/public/index.aspx/,official_ecdc_rest_aggregate,ecdc_atlas_annual,ECDC Surveillance Atlas — Croatia Annual Baseline,https://atlas.ecdc.europa.eu/public/index.aspx/,official_ecdc_rest_aggregate
country,hr,hr,Croatia,public_projection,HR,Croatia,D033,Gonorrhea,淋病,Bacterial,2019-01-01,2019-01,40,40,,,1.0034280866294587,wpp_computed,,SER_HR_ECDC_GONO_ANNUAL,,,,,,annual,,,,,,,,,,,,,,series_registry,single_series,parity,,SER_HR_ECDC_GONO_ANNUAL,1,The public curve is read directly from one registered source series.,ecdc_atlas_annual,ECDC Surveillance Atlas — Croatia Annual Baseline,https://atlas.ecdc.europa.eu/public/index.aspx/,official_ecdc_rest_aggregate,ecdc_atlas_annual,ECDC Surveillance Atlas — Croatia Annual Baseline,https://atlas.ecdc.europa.eu/public/index.aspx/,official_ecdc_rest_aggregate
country,hr,hr,Croatia,source_series_observation,HR,Croatia,D033,Gonorrhea,淋病,Bacterial,2019-01-01,2019-01,40,40,,,,,,SER_HR_ECDC_GONO_ANNUAL,SER_HR_ECDC_GONO_ANNUAL,SRC_HR_ECDC_ATLAS,Gonorrhoea,case_notifications,ecdc_member_state_reported_aggregate_surveillance,annual,count,country:HR:national,all,exact,conditional,non_additive,active,missing_is_unknown,ECDC_CURRENT_GENERAL_ANNUAL_2026_08,"Croatia annual Member-State reported aggregate cases from the public ECDC Surveillance Atlas; published zeroes are explicit, absent topic/year cells remain unknown, and combined populations are emitted only when every reviewed component is present. Data provided by ECDC based on data reported by EU/EEA Member States.",,raw,True,series_registry,single_series,parity,,SER_HR_ECDC_GONO_ANNUAL,1,The public curve is read directly from one registered source series.,ecdc_atlas_annual,ECDC Surveillance Atlas — Croatia Annual Baseline,https://atlas.ecdc.europa.eu/public/index.aspx/,official_ecdc_rest_aggregate,ecdc_atlas_annual,ECDC Surveillance Atlas — Croatia Annual Baseline,https://atlas.ecdc.europa.eu/public/index.aspx/,official_ecdc_rest_aggregate
country,hr,hr,Croatia,public_projection,HR,Croatia,D034,Syphilis,梅毒,Bacterial,2019-01-01,2019-01,28,28,,,0.7023996606406211,wpp_computed,,SER_HR_ECDC_SYPH_ANNUAL,,,,,,annual,,,,,,,,,,,,,,series_registry,single_series,parity,,SER_HR_ECDC_SYPH_ANNUAL,1,The public curve is read directly from one registered source series.,ecdc_atlas_annual,ECDC Surveillance Atlas — Croatia Annual Baseline,https://atlas.ecdc.europa.eu/public/index.aspx/,official_ecdc_rest_aggregate,ecdc_atlas_annual,ECDC Surveillance Atlas — Croatia Annual Baseline,https://atlas.ecdc.europa.eu/public/index.aspx/,official_ecdc_rest_aggregate
country,hr,hr,Croatia,source_series_observation,HR,Croatia,D034,Syphilis,梅毒,Bacterial,2019-01-01,2019-01,28,28,,,,,,SER_HR_ECDC_SYPH_ANNUAL,SER_HR_ECDC_SYPH_ANNUAL,SRC_HR_ECDC_ATLAS,Syphilis,case_notifications,ecdc_member_state_reported_aggregate_surveillance,annual,count,country:HR:national,all,exact,conditional,non_additive,active,missing_is_unknown,ECDC_CURRENT_GENERAL_ANNUAL_2026_08,"Croatia annual Member-State reported aggregate cases from the public ECDC Surveillance Atlas; published zeroes are explicit, absent topic/year cells remain unknown, and combined populations are emitted only when every reviewed component is present. Data provided by ECDC based on data reported by EU/EEA Member States.",,raw,True,series_registry,single_series,parity,,SER_HR_ECDC_SYPH_ANNUAL,1,The public curve is read directly from one registered source series.,ecdc_atlas_annual,ECDC Surveillance Atlas — Croatia Annual Baseline,https://atlas.ecdc.europa.eu/public/index.aspx/,official_ecdc_rest_aggregate,ecdc_atlas_annual,ECDC Surveillance Atlas — Croatia Annual Baseline,https://atlas.ecdc.europa.eu/public/index.aspx/,official_ecdc_rest_aggregate
country,hr,hr,Croatia,public_projection,HR,Croatia,D035,Leptospirosis,钩端螺旋体病,Bacterial,2019-01-01,2019-01,22,22,,,0.5518854476462023,wpp_computed,,SER_HR_ECDC_LEPT_ANNUAL,,,,,,annual,,,,,,,,,,,,,,series_registry,single_series,parity,,SER_HR_ECDC_LEPT_ANNUAL,1,The public curve is read directly from one registered source series.,ecdc_atlas_annual,ECDC Surveillance Atlas — Croatia Annual Baseline,https://atlas.ecdc.europa.eu/public/index.aspx/,official_ecdc_rest_aggregate,ecdc_atlas_annual,ECDC Surveillance Atlas — Croatia Annual Baseline,https://atlas.ecdc.europa.eu/public/index.aspx/,official_ecdc_rest_aggregate
country,hr,hr,Croatia,source_series_observation,HR,Croatia,D035,Leptospirosis,钩端螺旋体病,Bacterial,2019-01-01,2019-01,22,22,,,,,,SER_HR_ECDC_LEPT_ANNUAL,SER_HR_ECDC_LEPT_ANNUAL,SRC_HR_ECDC_ATLAS,Leptospirosis,case_notifications,ecdc_member_state_reported_aggregate_surveillance,annual,count,country:HR:national,all,exact,conditional,non_additive,active,missing_is_unknown,ECDC_CURRENT_GENERAL_ANNUAL_2026_08,"Croatia annual Member-State reported aggregate cases from the public ECDC Surveillance Atlas; published zeroes are explicit, absent topic/year cells remain unknown, and combined populations are emitted only when every reviewed component is present. Data provided by ECDC based on data reported by EU/EEA Member States.",,raw,True,series_registry,single_series,parity,,SER_HR_ECDC_LEPT_ANNUAL,1,The public curve is read directly from one registered source series.,ecdc_atlas_annual,ECDC Surveillance Atlas — Croatia Annual Baseline,https://atlas.ecdc.europa.eu/public/index.aspx/,official_ecdc_rest_aggregate,ecdc_atlas_annual,ECDC Surveillance Atlas — Croatia Annual Baseline,https://atlas.ecdc.europa.eu/public/index.aspx/,official_ecdc_rest_aggregate
country,hr,hr,Croatia,public_projection,HR,Croatia,D037,Malaria,疟疾,Parasitic,2019-01-01,2019-01,4,4,,,0.10034280866294588,wpp_computed,,SER_HR_ECDC_MALA_ANNUAL,,,,,,annual,,,,,,,,,,,,,,series_registry,single_series,parity,,SER_HR_ECDC_MALA_ANNUAL,1,The public curve is read directly from one registered source series.,ecdc_atlas_annual,ECDC Surveillance Atlas — Croatia Annual Baseline,https://atlas.ecdc.europa.eu/public/index.aspx/,official_ecdc_rest_aggregate,ecdc_atlas_annual,ECDC Surveillance Atlas — Croatia Annual Baseline,https://atlas.ecdc.europa.eu/public/index.aspx/,official_ecdc_rest_aggregate
country,hr,hr,Croatia,source_series_observation,HR,Croatia,D037,Malaria,疟疾,Parasitic,2019-01-01,2019-01,4,4,,,,,,SER_HR_ECDC_MALA_ANNUAL,SER_HR_ECDC_MALA_ANNUAL,SRC_HR_ECDC_ATLAS,Malaria,case_notifications,ecdc_member_state_reported_aggregate_surveillance,annual,count,country:HR:national,all,exact,conditional,non_additive,active,missing_is_unknown,ECDC_CURRENT_GENERAL_ANNUAL_2026_08,"Croatia annual Member-State reported aggregate cases from the public ECDC Surveillance Atlas; published zeroes are explicit, absent topic/year cells remain unknown, and combined populations are emitted only when every reviewed component is present. Data provided by ECDC based on data reported by EU/EEA Member States.",,raw,True,series_registry,single_series,parity,,SER_HR_ECDC_MALA_ANNUAL,1,The public curve is read directly from one registered source series.,ecdc_atlas_annual,ECDC Surveillance Atlas — Croatia Annual Baseline,https://atlas.ecdc.europa.eu/public/index.aspx/,official_ecdc_rest_aggregate,ecdc_atlas_annual,ECDC Surveillance Atlas — Croatia Annual Baseline,https://atlas.ecdc.europa.eu/public/index.aspx/,official_ecdc_rest_aggregate
country,hr,hr,Croatia,public_projection,HR,Croatia,D039,Mumps,流行性腮腺炎,Viral,2019-01-01,2019-01,15,15,,,0.376285532486047,wpp_computed,,SER_HR_ECDC_MUMP_ANNUAL,,,,,,annual,,,,,,,,,,,,,,series_registry,single_series,parity,,SER_HR_ECDC_MUMP_ANNUAL,1,The public curve is read directly from one registered source series.,ecdc_atlas_annual,ECDC Surveillance Atlas — Croatia Annual Baseline,https://atlas.ecdc.europa.eu/public/index.aspx/,official_ecdc_rest_aggregate,ecdc_atlas_annual,ECDC Surveillance Atlas — Croatia Annual Baseline,https://atlas.ecdc.europa.eu/public/index.aspx/,official_ecdc_rest_aggregate
country,hr,hr,Croatia,source_series_observation,HR,Croatia,D039,Mumps,流行性腮腺炎,Viral,2019-01-01,2019-01,15,15,,,,,,SER_HR_ECDC_MUMP_ANNUAL,SER_HR_ECDC_MUMP_ANNUAL,SRC_HR_ECDC_ATLAS,Mumps,case_notifications,ecdc_member_state_reported_aggregate_surveillance,annual,count,country:HR:national,all,exact,conditional,non_additive,active,missing_is_unknown,ECDC_CURRENT_GENERAL_ANNUAL_2026_08,"Croatia annual Member-State reported aggregate cases from the public ECDC Surveillance Atlas; published zeroes are explicit, absent topic/year cells remain unknown, and combined populations are emitted only when every reviewed component is present. Data provided by ECDC based on data reported by EU/EEA Member States.",,raw,True,series_registry,single_series,parity,,SER_HR_ECDC_MUMP_ANNUAL,1,The public curve is read directly from one registered source series.,ecdc_atlas_annual,ECDC Surveillance Atlas — Croatia Annual Baseline,https://atlas.ecdc.europa.eu/public/index.aspx/,official_ecdc_rest_aggregate,ecdc_atlas_annual,ECDC Surveillance Atlas — Croatia Annual Baseline,https://atlas.ecdc.europa.eu/public/index.aspx/,official_ecdc_rest_aggregate
country,hr,hr,Croatia,public_projection,HR,Croatia,D040,Rubella,风疹,Viral,2019-01-01,2019-01,0,0,,,0.0,wpp_computed,,SER_HR_ECDC_RUBE_ANNUAL,,,,,,annual,,,,,,,,,,,,,,series_registry,single_series,parity,,SER_HR_ECDC_RUBE_ANNUAL,1,The public curve is read directly from one registered source series.,ecdc_atlas_annual,ECDC Surveillance Atlas — Croatia Annual Baseline,https://atlas.ecdc.europa.eu/public/index.aspx/,official_ecdc_rest_aggregate,ecdc_atlas_annual,ECDC Surveillance Atlas — Croatia Annual Baseline,https://atlas.ecdc.europa.eu/public/index.aspx/,official_ecdc_rest_aggregate
country,hr,hr,Croatia,source_series_observation,HR,Croatia,D040,Rubella,风疹,Viral,2019-01-01,2019-01,0,0,,,,,,SER_HR_ECDC_RUBE_ANNUAL,SER_HR_ECDC_RUBE_ANNUAL,SRC_HR_ECDC_ATLAS,Rubella,case_notifications,ecdc_member_state_reported_aggregate_surveillance,annual,count,country:HR:national,all,exact,conditional,non_additive,active,missing_is_unknown,ECDC_CURRENT_GENERAL_ANNUAL_2026_08,"Croatia annual Member-State reported aggregate cases from the public ECDC Surveillance Atlas; published zeroes are explicit, absent topic/year cells remain unknown, and combined populations are emitted only when every reviewed component is present. Data provided by ECDC based on data reported by EU/EEA Member States.",,raw,True,series_registry,single_series,parity,,SER_HR_ECDC_RUBE_ANNUAL,1,The public curve is read directly from one registered source series.,ecdc_atlas_annual,ECDC Surveillance Atlas — Croatia Annual Baseline,https://atlas.ecdc.europa.eu/public/index.aspx/,official_ecdc_rest_aggregate,ecdc_atlas_annual,ECDC Surveillance Atlas — Croatia Annual Baseline,https://atlas.ecdc.europa.eu/public/index.aspx/,official_ecdc_rest_aggregate
country,hr,hr,Croatia,public_projection,HR,Croatia,D045,Echinococcosis,包虫病,Parasitic,2019-01-01,2019-01,3,3,,,0.0752571064972094,wpp_computed,,SER_HR_ECDC_ECHI_ANNUAL,,,,,,annual,,,,,,,,,,,,,,series_registry,single_series,parity,,SER_HR_ECDC_ECHI_ANNUAL,1,The public curve is read directly from one registered source series.,ecdc_atlas_annual,ECDC Surveillance Atlas — Croatia Annual Baseline,https://atlas.ecdc.europa.eu/public/index.aspx/,official_ecdc_rest_aggregate,ecdc_atlas_annual,ECDC Surveillance Atlas — Croatia Annual Baseline,https://atlas.ecdc.europa.eu/public/index.aspx/,official_ecdc_rest_aggregate
country,hr,hr,Croatia,source_series_observation,HR,Croatia,D045,Echinococcosis,包虫病,Parasitic,2019-01-01,2019-01,3,3,,,,,,SER_HR_ECDC_ECHI_ANNUAL,SER_HR_ECDC_ECHI_ANNUAL,SRC_HR_ECDC_ATLAS,Echinococcosis,case_notifications,ecdc_member_state_reported_aggregate_surveillance,annual,count,country:HR:national,all,exact,conditional,non_additive,active,missing_is_unknown,ECDC_CURRENT_GENERAL_ANNUAL_2026_08,"Croatia annual Member-State reported aggregate cases from the public ECDC Surveillance Atlas; published zeroes are explicit, absent topic/year cells remain unknown, and combined populations are emitted only when every reviewed component is present. Data provided by ECDC based on data reported by EU/EEA Member States.",,raw,True,series_registry,single_series,parity,,SER_HR_ECDC_ECHI_ANNUAL,1,The public curve is read directly from one registered source series.,ecdc_atlas_annual,ECDC Surveillance Atlas — Croatia Annual Baseline,https://atlas.ecdc.europa.eu/public/index.aspx/,official_ecdc_rest_aggregate,ecdc_atlas_annual,ECDC Surveillance Atlas — Croatia Annual Baseline,https://atlas.ecdc.europa.eu/public/index.aspx/,official_ecdc_rest_aggregate
country,hr,hr,Croatia,public_projection,HR,Croatia,D051,Zika virus disease,寨卡病毒病,Viral,2019-01-01,2019-01,0,0,,,0.0,wpp_computed,,SER_HR_ECDC_ZIKA_ANNUAL,,,,,,annual,,,,,,,,,,,,,,series_registry,single_series,parity,,SER_HR_ECDC_ZIKA_ANNUAL,1,The public curve is read directly from one registered source series.,ecdc_atlas_annual,ECDC Surveillance Atlas — Croatia Annual Baseline,https://atlas.ecdc.europa.eu/public/index.aspx/,official_ecdc_rest_aggregate,ecdc_atlas_annual,ECDC Surveillance Atlas — Croatia Annual Baseline,https://atlas.ecdc.europa.eu/public/index.aspx/,official_ecdc_rest_aggregate
country,hr,hr,Croatia,source_series_observation,HR,Croatia,D051,Zika virus disease,寨卡病毒病,Viral,2019-01-01,2019-01,0,0,,,,,,SER_HR_ECDC_ZIKA_ANNUAL,SER_HR_ECDC_ZIKA_ANNUAL,SRC_HR_ECDC_ATLAS,Zika virus infection,case_notifications,ecdc_member_state_reported_aggregate_surveillance,annual,count,country:HR:national,all,exact,conditional,non_additive,active,missing_is_unknown,ECDC_CURRENT_GENERAL_ANNUAL_2026_08,"Croatia annual Member-State reported aggregate cases from the public ECDC Surveillance Atlas; published zeroes are explicit, absent topic/year cells remain unknown, and combined populations are emitted only when every reviewed component is present. Data provided by ECDC based on data reported by EU/EEA Member States.",,raw,True,series_registry,single_series,parity,,SER_HR_ECDC_ZIKA_ANNUAL,1,The public curve is read directly from one registered source series.,ecdc_atlas_annual,ECDC Surveillance Atlas — Croatia Annual Baseline,https://atlas.ecdc.europa.eu/public/index.aspx/,official_ecdc_rest_aggregate,ecdc_atlas_annual,ECDC Surveillance Atlas — Croatia Annual Baseline,https://atlas.ecdc.europa.eu/public/index.aspx/,official_ecdc_rest_aggregate
country,hr,hr,Croatia,public_projection,HR,Croatia,D052,Chikungunya,基孔肯雅热,Viral,2019-01-01,2019-01,0,0,,,0.0,wpp_computed,,SER_HR_ECDC_CHIK_ANNUAL,,,,,,annual,,,,,,,,,,,,,,series_registry,single_series,parity,,SER_HR_ECDC_CHIK_ANNUAL,1,The public curve is read directly from one registered source series.,ecdc_atlas_annual,ECDC Surveillance Atlas — Croatia Annual Baseline,https://atlas.ecdc.europa.eu/public/index.aspx/,official_ecdc_rest_aggregate,ecdc_atlas_annual,ECDC Surveillance Atlas — Croatia Annual Baseline,https://atlas.ecdc.europa.eu/public/index.aspx/,official_ecdc_rest_aggregate
country,hr,hr,Croatia,source_series_observation,HR,Croatia,D052,Chikungunya,基孔肯雅热,Viral,2019-01-01,2019-01,0,0,,,,,,SER_HR_ECDC_CHIK_ANNUAL,SER_HR_ECDC_CHIK_ANNUAL,SRC_HR_ECDC_ATLAS,Chikungunya virus disease,case_notifications,ecdc_member_state_reported_aggregate_surveillance,annual,count,country:HR:national,all,exact,conditional,non_additive,active,missing_is_unknown,ECDC_CURRENT_GENERAL_ANNUAL_2026_08,"Croatia annual Member-State reported aggregate cases from the public ECDC Surveillance Atlas; published zeroes are explicit, absent topic/year cells remain unknown, and combined populations are emitted only when every reviewed component is present. Data provided by ECDC based on data reported by EU/EEA Member States.",,raw,True,series_registry,single_series,parity,,SER_HR_ECDC_CHIK_ANNUAL,1,The public curve is read directly from one registered source series.,ecdc_atlas_annual,ECDC Surveillance Atlas — Croatia Annual Baseline,https://atlas.ecdc.europa.eu/public/index.aspx/,official_ecdc_rest_aggregate,ecdc_atlas_annual,ECDC Surveillance Atlas — Croatia Annual Baseline,https://atlas.ecdc.europa.eu/public/index.aspx/,official_ecdc_rest_aggregate
country,hr,hr,Croatia,public_projection,HR,Croatia,D059,Yellow fever,黄热病,Viral,2019-01-01,2019-01,0,0,,,0.0,wpp_computed,,SER_HR_ECDC_YELF_ANNUAL,,,,,,annual,,,,,,,,,,,,,,series_registry,single_series,parity,,SER_HR_ECDC_YELF_ANNUAL,1,The public curve is read directly from one registered source series.,ecdc_atlas_annual,ECDC Surveillance Atlas — Croatia Annual Baseline,https://atlas.ecdc.europa.eu/public/index.aspx/,official_ecdc_rest_aggregate,ecdc_atlas_annual,ECDC Surveillance Atlas — Croatia Annual Baseline,https://atlas.ecdc.europa.eu/public/index.aspx/,official_ecdc_rest_aggregate
country,hr,hr,Croatia,source_series_observation,HR,Croatia,D059,Yellow fever,黄热病,Viral,2019-01-01,2019-01,0,0,,,,,,SER_HR_ECDC_YELF_ANNUAL,SER_HR_ECDC_YELF_ANNUAL,SRC_HR_ECDC_ATLAS,Yellow fever,case_notifications,ecdc_member_state_reported_aggregate_surveillance,annual,count,country:HR:national,all,exact,conditional,non_additive,active,missing_is_unknown,ECDC_CURRENT_GENERAL_ANNUAL_2026_08,"Croatia annual Member-State reported aggregate cases from the public ECDC Surveillance Atlas; published zeroes are explicit, absent topic/year cells remain unknown, and combined populations are emitted only when every reviewed component is present. Data provided by ECDC based on data reported by EU/EEA Member States.",,raw,True,series_registry,single_series,parity,,SER_HR_ECDC_YELF_ANNUAL,1,The public curve is read directly from one registered source series.,ecdc_atlas_annual,ECDC Surveillance Atlas — Croatia Annual Baseline,https://atlas.ecdc.europa.eu/public/index.aspx/,official_ecdc_rest_aggregate,ecdc_atlas_annual,ECDC Surveillance Atlas — Croatia Annual Baseline,https://atlas.ecdc.europa.eu/public/index.aspx/,official_ecdc_rest_aggregate
country,hr,hr,Croatia,public_projection,HR,Croatia,D085,Toxoplasmosis,弓形体病,Parasitic,2019-01-01,2019-01,0,0,,,0.0,wpp_computed,,SER_HR_ECDC_TOXO_ANNUAL,,,,,,annual,,,,,,,,,,,,,,series_registry,single_series,parity,,SER_HR_ECDC_TOXO_ANNUAL,1,The public curve is read directly from one registered source series.,ecdc_atlas_annual,ECDC Surveillance Atlas — Croatia Annual Baseline,https://atlas.ecdc.europa.eu/public/index.aspx/,official_ecdc_rest_aggregate,ecdc_atlas_annual,ECDC Surveillance Atlas — Croatia Annual Baseline,https://atlas.ecdc.europa.eu/public/index.aspx/,official_ecdc_rest_aggregate
country,hr,hr,Croatia,source_series_observation,HR,Croatia,D085,Toxoplasmosis,弓形体病,Parasitic,2019-01-01,2019-01,0,0,,,,,,SER_HR_ECDC_TOXO_ANNUAL,SER_HR_ECDC_TOXO_ANNUAL,SRC_HR_ECDC_ATLAS,"Toxoplasmosis, congenital",case_notifications,ecdc_member_state_reported_aggregate_surveillance,annual,count,country:HR:national,all,narrower,conditional,non_additive,active,missing_is_unknown,ECDC_CURRENT_GENERAL_ANNUAL_2026_08,"Croatia annual Member-State reported aggregate cases from the public ECDC Surveillance Atlas; published zeroes are explicit, absent topic/year cells remain unknown, and combined populations are emitted only when every reviewed component is present. Data provided by ECDC based on data reported by EU/EEA Member States.",,raw,True,series_registry,single_series,parity,,SER_HR_ECDC_TOXO_ANNUAL,1,The public curve is read directly from one registered source series.,ecdc_atlas_annual,ECDC Surveillance Atlas — Croatia Annual Baseline,https://atlas.ecdc.europa.eu/public/index.aspx/,official_ecdc_rest_aggregate,ecdc_atlas_annual,ECDC Surveillance Atlas — Croatia Annual Baseline,https://atlas.ecdc.europa.eu/public/index.aspx/,official_ecdc_rest_aggregate
country,hr,hr,Croatia,public_projection,HR,Croatia,D091,Botulism,肉毒杆菌中毒,Bacterial,2019-01-01,2019-01,1,1,,,0.02508570216573647,wpp_computed,,SER_HR_ECDC_BOTU_ANNUAL,,,,,,annual,,,,,,,,,,,,,,series_registry,single_series,parity,,SER_HR_ECDC_BOTU_ANNUAL,1,The public curve is read directly from one registered source series.,ecdc_atlas_annual,ECDC Surveillance Atlas — Croatia Annual Baseline,https://atlas.ecdc.europa.eu/public/index.aspx/,official_ecdc_rest_aggregate,ecdc_atlas_annual,ECDC Surveillance Atlas — Croatia Annual Baseline,https://atlas.ecdc.europa.eu/public/index.aspx/,official_ecdc_rest_aggregate
country,hr,hr,Croatia,source_series_observation,HR,Croatia,D091,Botulism,肉毒杆菌中毒,Bacterial,2019-01-01,2019-01,1,1,,,,,,SER_HR_ECDC_BOTU_ANNUAL,SER_HR_ECDC_BOTU_ANNUAL,SRC_HR_ECDC_ATLAS,Botulism,case_notifications,ecdc_member_state_reported_aggregate_surveillance,annual,count,country:HR:national,all,exact,conditional,non_additive,active,missing_is_unknown,ECDC_CURRENT_GENERAL_ANNUAL_2026_08,"Croatia annual Member-State reported aggregate cases from the public ECDC Surveillance Atlas; published zeroes are explicit, absent topic/year cells remain unknown, and combined populations are emitted only when every reviewed component is present. Data provided by ECDC based on data reported by EU/EEA Member States.",,raw,True,series_registry,single_series,parity,,SER_HR_ECDC_BOTU_ANNUAL,1,The public curve is read directly from one registered source series.,ecdc_atlas_annual,ECDC Surveillance Atlas — Croatia Annual Baseline,https://atlas.ecdc.europa.eu/public/index.aspx/,official_ecdc_rest_aggregate,ecdc_atlas_annual,ECDC Surveillance Atlas — Croatia Annual Baseline,https://atlas.ecdc.europa.eu/public/index.aspx/,official_ecdc_rest_aggregate
country,hr,hr,Croatia,public_projection,HR,Croatia,D092,Campylobacteriosis,弯曲杆菌病,Bacterial,2019-01-01,2019-01,1722,1722,,,43.1975791293982,wpp_computed,,SER_HR_ECDC_CAMP_ANNUAL,,,,,,annual,,,,,,,,,,,,,,series_registry,single_series,parity,,SER_HR_ECDC_CAMP_ANNUAL,1,The public curve is read directly from one registered source series.,ecdc_atlas_annual,ECDC Surveillance Atlas — Croatia Annual Baseline,https://atlas.ecdc.europa.eu/public/index.aspx/,official_ecdc_rest_aggregate,ecdc_atlas_annual,ECDC Surveillance Atlas — Croatia Annual Baseline,https://atlas.ecdc.europa.eu/public/index.aspx/,official_ecdc_rest_aggregate
country,hr,hr,Croatia,source_series_observation,HR,Croatia,D092,Campylobacteriosis,弯曲杆菌病,Bacterial,2019-01-01,2019-01,1722,1722,,,,,,SER_HR_ECDC_CAMP_ANNUAL,SER_HR_ECDC_CAMP_ANNUAL,SRC_HR_ECDC_ATLAS,Campylobacteriosis,case_notifications,ecdc_member_state_reported_aggregate_surveillance,annual,count,country:HR:national,all,exact,conditional,non_additive,active,missing_is_unknown,ECDC_CURRENT_GENERAL_ANNUAL_2026_08,"Croatia annual Member-State reported aggregate cases from the public ECDC Surveillance Atlas; published zeroes are explicit, absent topic/year cells remain unknown, and combined populations are emitted only when every reviewed component is present. Data provided by ECDC based on data reported by EU/EEA Member States.",,raw,True,series_registry,single_series,parity,,SER_HR_ECDC_CAMP_ANNUAL,1,The public curve is read directly from one registered source series.,ecdc_atlas_annual,ECDC Surveillance Atlas — Croatia Annual Baseline,https://atlas.ecdc.europa.eu/public/index.aspx/,official_ecdc_rest_aggregate,ecdc_atlas_annual,ECDC Surveillance Atlas — Croatia Annual Baseline,https://atlas.ecdc.europa.eu/public/index.aspx/,official_ecdc_rest_aggregate
country,hr,hr,Croatia,public_projection,HR,Croatia,D094,Chlamydia trachomatis infection,沙眼衣原体感染,Bacterial,2019-01-01,2019-01,150,150,,,3.7628553248604706,wpp_computed,,SER_HR_ECDC_CHLAM_ANNUAL,,,,,,annual,,,,,,,,,,,,,,series_registry,single_series,parity,,SER_HR_ECDC_CHLAM_ANNUAL,1,The public curve is read directly from one registered source series.,ecdc_atlas_annual,ECDC Surveillance Atlas — Croatia Annual Baseline,https://atlas.ecdc.europa.eu/public/index.aspx/,official_ecdc_rest_aggregate,ecdc_atlas_annual,ECDC Surveillance Atlas — Croatia Annual Baseline,https://atlas.ecdc.europa.eu/public/index.aspx/,official_ecdc_rest_aggregate
country,hr,hr,Croatia,source_series_observation,HR,Croatia,D094,Chlamydia trachomatis infection,沙眼衣原体感染,Bacterial,2019-01-01,2019-01,150,150,,,,,,SER_HR_ECDC_CHLAM_ANNUAL,SER_HR_ECDC_CHLAM_ANNUAL,SRC_HR_ECDC_ATLAS,Chlamydia infection,case_notifications,ecdc_member_state_reported_aggregate_surveillance,annual,count,country:HR:national,all,exact,conditional,non_additive,active,missing_is_unknown,ECDC_CURRENT_GENERAL_ANNUAL_2026_08,"Croatia annual Member-State reported aggregate cases from the public ECDC Surveillance Atlas; published zeroes are explicit, absent topic/year cells remain unknown, and combined populations are emitted only when every reviewed component is present. Data provided by ECDC based on data reported by EU/EEA Member States.",,raw,True,series_registry,single_series,parity,,SER_HR_ECDC_CHLAM_ANNUAL,1,The public curve is read directly from one registered source series.,ecdc_atlas_annual,ECDC Surveillance Atlas — Croatia Annual Baseline,https://atlas.ecdc.europa.eu/public/index.aspx/,official_ecdc_rest_aggregate,ecdc_atlas_annual,ECDC Surveillance Atlas — Croatia Annual Baseline,https://atlas.ecdc.europa.eu/public/index.aspx/,official_ecdc_rest_aggregate
country,hr,hr,Croatia,public_projection,HR,Croatia,D096,Cryptosporidiosis,隐孢子虫病,Parasitic,2019-01-01,2019-01,2,2,,,0.05017140433147294,wpp_computed,,SER_HR_ECDC_CRYP_ANNUAL,,,,,,annual,,,,,,,,,,,,,,series_registry,single_series,parity,,SER_HR_ECDC_CRYP_ANNUAL,1,The public curve is read directly from one registered source series.,ecdc_atlas_annual,ECDC Surveillance Atlas — Croatia Annual Baseline,https://atlas.ecdc.europa.eu/public/index.aspx/,official_ecdc_rest_aggregate,ecdc_atlas_annual,ECDC Surveillance Atlas — Croatia Annual Baseline,https://atlas.ecdc.europa.eu/public/index.aspx/,official_ecdc_rest_aggregate
country,hr,hr,Croatia,source_series_observation,HR,Croatia,D096,Cryptosporidiosis,隐孢子虫病,Parasitic,2019-01-01,2019-01,2,2,,,,,,SER_HR_ECDC_CRYP_ANNUAL,SER_HR_ECDC_CRYP_ANNUAL,SRC_HR_ECDC_ATLAS,Cryptosporidiosis,case_notifications,ecdc_member_state_reported_aggregate_surveillance,annual,count,country:HR:national,all,exact,conditional,non_additive,active,missing_is_unknown,ECDC_CURRENT_GENERAL_ANNUAL_2026_08,"Croatia annual Member-State reported aggregate cases from the public ECDC Surveillance Atlas; published zeroes are explicit, absent topic/year cells remain unknown, and combined populations are emitted only when every reviewed component is present. Data provided by ECDC based on data reported by EU/EEA Member States.",,raw,True,series_registry,single_series,parity,,SER_HR_ECDC_CRYP_ANNUAL,1,The public curve is read directly from one registered source series.,ecdc_atlas_annual,ECDC Surveillance Atlas — Croatia Annual Baseline,https://atlas.ecdc.europa.eu/public/index.aspx/,official_ecdc_rest_aggregate,ecdc_atlas_annual,ECDC Surveillance Atlas — Croatia Annual Baseline,https://atlas.ecdc.europa.eu/public/index.aspx/,official_ecdc_rest_aggregate
country,hr,hr,Croatia,public_projection,HR,Croatia,D099,Giardiasis,贾第虫病,Parasitic,2019-01-01,2019-01,62,62,,,1.555313534275661,wpp_computed,,SER_HR_ECDC_GIAR_ANNUAL,,,,,,annual,,,,,,,,,,,,,,series_registry,single_series,parity,,SER_HR_ECDC_GIAR_ANNUAL,1,The public curve is read directly from one registered source series.,ecdc_atlas_annual,ECDC Surveillance Atlas — Croatia Annual Baseline,https://atlas.ecdc.europa.eu/public/index.aspx/,official_ecdc_rest_aggregate,ecdc_atlas_annual,ECDC Surveillance Atlas — Croatia Annual Baseline,https://atlas.ecdc.europa.eu/public/index.aspx/,official_ecdc_rest_aggregate
country,hr,hr,Croatia,source_series_observation,HR,Croatia,D099,Giardiasis,贾第虫病,Parasitic,2019-01-01,2019-01,62,62,,,,,,SER_HR_ECDC_GIAR_ANNUAL,SER_HR_ECDC_GIAR_ANNUAL,SRC_HR_ECDC_ATLAS,Giardiasis,case_notifications,ecdc_member_state_reported_aggregate_surveillance,annual,count,country:HR:national,all,exact,conditional,non_additive,active,missing_is_unknown,ECDC_CURRENT_GENERAL_ANNUAL_2026_08,"Croatia annual Member-State reported aggregate cases from the public ECDC Surveillance Atlas; published zeroes are explicit, absent topic/year cells remain unknown, and combined populations are emitted only when every reviewed component is present. Data provided by ECDC based on data reported by EU/EEA Member States.",,raw,True,series_registry,single_series,parity,,SER_HR_ECDC_GIAR_ANNUAL,1,The public curve is read directly from one registered source series.,ecdc_atlas_annual,ECDC Surveillance Atlas — Croatia Annual Baseline,https://atlas.ecdc.europa.eu/public/index.aspx/,official_ecdc_rest_aggregate,ecdc_atlas_annual,ECDC Surveillance Atlas — Croatia Annual Baseline,https://atlas.ecdc.europa.eu/public/index.aspx/,official_ecdc_rest_aggregate
country,hr,hr,Croatia,public_projection,HR,Croatia,D100,Haemophilus influenzae,流感嗜血杆菌,Bacterial,2019-01-01,2019-01,1,1,,,0.02508570216573647,wpp_computed,,SER_HR_ECDC_HAEINF_ANNUAL,,,,,,annual,,,,,,,,,,,,,,series_registry,single_series,parity,,SER_HR_ECDC_HAEINF_ANNUAL,1,The public curve is read directly from one registered source series.,ecdc_atlas_annual,ECDC Surveillance Atlas — Croatia Annual Baseline,https://atlas.ecdc.europa.eu/public/index.aspx/,official_ecdc_rest_aggregate,ecdc_atlas_annual,ECDC Surveillance Atlas — Croatia Annual Baseline,https://atlas.ecdc.europa.eu/public/index.aspx/,official_ecdc_rest_aggregate
country,hr,hr,Croatia,source_series_observation,HR,Croatia,D100,Haemophilus influenzae,流感嗜血杆菌,Bacterial,2019-01-01,2019-01,1,1,,,,,,SER_HR_ECDC_HAEINF_ANNUAL,SER_HR_ECDC_HAEINF_ANNUAL,SRC_HR_ECDC_ATLAS,Invasive Haemophilus influenzae disease,case_notifications,ecdc_member_state_reported_aggregate_surveillance,annual,count,country:HR:national,all,exact,conditional,non_additive,active,missing_is_unknown,ECDC_CURRENT_GENERAL_ANNUAL_2026_08,"Croatia annual Member-State reported aggregate cases from the public ECDC Surveillance Atlas; published zeroes are explicit, absent topic/year cells remain unknown, and combined populations are emitted only when every reviewed component is present. Data provided by ECDC based on data reported by EU/EEA Member States.",,raw,True,series_registry,single_series,parity,,SER_HR_ECDC_HAEINF_ANNUAL,1,The public curve is read directly from one registered source series.,ecdc_atlas_annual,ECDC Surveillance Atlas — Croatia Annual Baseline,https://atlas.ecdc.europa.eu/public/index.aspx/,official_ecdc_rest_aggregate,ecdc_atlas_annual,ECDC Surveillance Atlas — Croatia Annual Baseline,https://atlas.ecdc.europa.eu/public/index.aspx/,official_ecdc_rest_aggregate
country,hr,hr,Croatia,public_projection,HR,Croatia,D102,Hantavirus infection,汉坦病毒感染,Viral,2019-01-01,2019-01,191,191,,,4.791369113655666,wpp_computed,,SER_HR_ECDC_HANTA_ANNUAL,,,,,,annual,,,,,,,,,,,,,,series_registry,single_series,parity,,SER_HR_ECDC_HANTA_ANNUAL,1,The public curve is read directly from one registered source series.,ecdc_atlas_annual,ECDC Surveillance Atlas — Croatia Annual Baseline,https://atlas.ecdc.europa.eu/public/index.aspx/,official_ecdc_rest_aggregate,ecdc_atlas_annual,ECDC Surveillance Atlas — Croatia Annual Baseline,https://atlas.ecdc.europa.eu/public/index.aspx/,official_ecdc_rest_aggregate
country,hr,hr,Croatia,source_series_observation,HR,Croatia,D102,Hantavirus infection,汉坦病毒感染,Viral,2019-01-01,2019-01,191,191,,,,,,SER_HR_ECDC_HANTA_ANNUAL,SER_HR_ECDC_HANTA_ANNUAL,SRC_HR_ECDC_ATLAS,Hantavirus infection,case_notifications,ecdc_member_state_reported_aggregate_surveillance,annual,count,country:HR:national,all,exact,conditional,non_additive,active,missing_is_unknown,ECDC_CURRENT_GENERAL_ANNUAL_2026_08,"Croatia annual Member-State reported aggregate cases from the public ECDC Surveillance Atlas; published zeroes are explicit, absent topic/year cells remain unknown, and combined populations are emitted only when every reviewed component is present. Data provided by ECDC based on data reported by EU/EEA Member States.",,raw,True,series_registry,single_series,parity,,SER_HR_ECDC_HANTA_ANNUAL,1,The public curve is read directly from one registered source series.,ecdc_atlas_annual,ECDC Surveillance Atlas — Croatia Annual Baseline,https://atlas.ecdc.europa.eu/public/index.aspx/,official_ecdc_rest_aggregate,ecdc_atlas_annual,ECDC Surveillance Atlas — Croatia Annual Baseline,https://atlas.ecdc.europa.eu/public/index.aspx/,official_ecdc_rest_aggregate
country,hr,hr,Croatia,public_projection,HR,Croatia,D105,Shigellosis,志贺菌病,Bacterial,2019-01-01,2019-01,17,17,,,0.42645693681752,wpp_computed,,SER_HR_ECDC_SHIG_ANNUAL,,,,,,annual,,,,,,,,,,,,,,series_registry,single_series,parity,,SER_HR_ECDC_SHIG_ANNUAL,1,The public curve is read directly from one registered source series.,ecdc_atlas_annual,ECDC Surveillance Atlas — Croatia Annual Baseline,https://atlas.ecdc.europa.eu/public/index.aspx/,official_ecdc_rest_aggregate,ecdc_atlas_annual,ECDC Surveillance Atlas — Croatia Annual Baseline,https://atlas.ecdc.europa.eu/public/index.aspx/,official_ecdc_rest_aggregate
country,hr,hr,Croatia,source_series_observation,HR,Croatia,D105,Shigellosis,志贺菌病,Bacterial,2019-01-01,2019-01,17,17,,,,,,SER_HR_ECDC_SHIG_ANNUAL,SER_HR_ECDC_SHIG_ANNUAL,SRC_HR_ECDC_ATLAS,Shigellosis,case_notifications,ecdc_member_state_reported_aggregate_surveillance,annual,count,country:HR:national,all,exact,conditional,non_additive,active,missing_is_unknown,ECDC_CURRENT_GENERAL_ANNUAL_2026_08,"Croatia annual Member-State reported aggregate cases from the public ECDC Surveillance Atlas; published zeroes are explicit, absent topic/year cells remain unknown, and combined populations are emitted only when every reviewed component is present. Data provided by ECDC based on data reported by EU/EEA Member States.",,raw,True,series_registry,single_series,parity,,SER_HR_ECDC_SHIG_ANNUAL,1,The public curve is read directly from one registered source series.,ecdc_atlas_annual,ECDC Surveillance Atlas — Croatia Annual Baseline,https://atlas.ecdc.europa.eu/public/index.aspx/,official_ecdc_rest_aggregate,ecdc_atlas_annual,ECDC Surveillance Atlas — Croatia Annual Baseline,https://atlas.ecdc.europa.eu/public/index.aspx/,official_ecdc_rest_aggregate
country,hr,hr,Croatia,public_projection,HR,Croatia,D106,Invasive pneumococcal disease,侵袭性肺炎球菌病,Bacterial,2019-01-01,2019-01,30,30,,,0.752571064972094,wpp_computed,,SER_HR_ECDC_PNEU_ANNUAL,,,,,,annual,,,,,,,,,,,,,,series_registry,single_series,parity,,SER_HR_ECDC_PNEU_ANNUAL,1,The public curve is read directly from one registered source series.,ecdc_atlas_annual,ECDC Surveillance Atlas — Croatia Annual Baseline,https://atlas.ecdc.europa.eu/public/index.aspx/,official_ecdc_rest_aggregate,ecdc_atlas_annual,ECDC Surveillance Atlas — Croatia Annual Baseline,https://atlas.ecdc.europa.eu/public/index.aspx/,official_ecdc_rest_aggregate
country,hr,hr,Croatia,source_series_observation,HR,Croatia,D106,Invasive pneumococcal disease,侵袭性肺炎球菌病,Bacterial,2019-01-01,2019-01,30,30,,,,,,SER_HR_ECDC_PNEU_ANNUAL,SER_HR_ECDC_PNEU_ANNUAL,SRC_HR_ECDC_ATLAS,Invasive pneumococcal disease,case_notifications,ecdc_member_state_reported_aggregate_surveillance,annual,count,country:HR:national,all,exact,conditional,non_additive,active,missing_is_unknown,ECDC_CURRENT_GENERAL_ANNUAL_2026_08,"Croatia annual Member-State reported aggregate cases from the public ECDC Surveillance Atlas; published zeroes are explicit, absent topic/year cells remain unknown, and combined populations are emitted only when every reviewed component is present. Data provided by ECDC based on data reported by EU/EEA Member States.",,raw,True,series_registry,single_series,parity,,SER_HR_ECDC_PNEU_ANNUAL,1,The public curve is read directly from one registered source series.,ecdc_atlas_annual,ECDC Surveillance Atlas — Croatia Annual Baseline,https://atlas.ecdc.europa.eu/public/index.aspx/,official_ecdc_rest_aggregate,ecdc_atlas_annual,ECDC Surveillance Atlas — Croatia Annual Baseline,https://atlas.ecdc.europa.eu/public/index.aspx/,official_ecdc_rest_aggregate
country,hr,hr,Croatia,public_projection,HR,Croatia,D108,Listeriosis,李斯特菌病,Bacterial,2019-01-01,2019-01,6,6,,,0.1505142129944188,wpp_computed,,SER_HR_ECDC_LIST_ANNUAL,,,,,,annual,,,,,,,,,,,,,,series_registry,single_series,parity,,SER_HR_ECDC_LIST_ANNUAL,1,The public curve is read directly from one registered source series.,ecdc_atlas_annual,ECDC Surveillance Atlas — Croatia Annual Baseline,https://atlas.ecdc.europa.eu/public/index.aspx/,official_ecdc_rest_aggregate,ecdc_atlas_annual,ECDC Surveillance Atlas — Croatia Annual Baseline,https://atlas.ecdc.europa.eu/public/index.aspx/,official_ecdc_rest_aggregate
country,hr,hr,Croatia,source_series_observation,HR,Croatia,D108,Listeriosis,李斯特菌病,Bacterial,2019-01-01,2019-01,6,6,,,,,,SER_HR_ECDC_LIST_ANNUAL,SER_HR_ECDC_LIST_ANNUAL,SRC_HR_ECDC_ATLAS,Listeriosis,case_notifications,ecdc_member_state_reported_aggregate_surveillance,annual,count,country:HR:national,all,exact,conditional,non_additive,active,missing_is_unknown,ECDC_CURRENT_GENERAL_ANNUAL_2026_08,"Croatia annual Member-State reported aggregate cases from the public ECDC Surveillance Atlas; published zeroes are explicit, absent topic/year cells remain unknown, and combined populations are emitted only when every reviewed component is present. Data provided by ECDC based on data reported by EU/EEA Member States.",,raw,True,series_registry,single_series,parity,,SER_HR_ECDC_LIST_ANNUAL,1,The public curve is read directly from one registered source series.,ecdc_atlas_annual,ECDC Surveillance Atlas — Croatia Annual Baseline,https://atlas.ecdc.europa.eu/public/index.aspx/,official_ecdc_rest_aggregate,ecdc_atlas_annual,ECDC Surveillance Atlas — Croatia Annual Baseline,https://atlas.ecdc.europa.eu/public/index.aspx/,official_ecdc_rest_aggregate
country,hr,hr,Croatia,public_projection,HR,Croatia,D110,Meningococcal disease,脑膜炎球菌病,Bacterial,2019-01-01,2019-01,34,34,,,0.85291387363504,wpp_computed,,SER_HR_ECDC_MENI_ANNUAL,,,,,,annual,,,,,,,,,,,,,,series_registry,single_series,parity,,SER_HR_ECDC_MENI_ANNUAL,1,The public curve is read directly from one registered source series.,ecdc_atlas_annual,ECDC Surveillance Atlas — Croatia Annual Baseline,https://atlas.ecdc.europa.eu/public/index.aspx/,official_ecdc_rest_aggregate,ecdc_atlas_annual,ECDC Surveillance Atlas — Croatia Annual Baseline,https://atlas.ecdc.europa.eu/public/index.aspx/,official_ecdc_rest_aggregate
country,hr,hr,Croatia,source_series_observation,HR,Croatia,D110,Meningococcal disease,脑膜炎球菌病,Bacterial,2019-01-01,2019-01,34,34,,,,,,SER_HR_ECDC_MENI_ANNUAL,SER_HR_ECDC_MENI_ANNUAL,SRC_HR_ECDC_ATLAS,Invasive meningococcal disease,case_notifications,ecdc_member_state_reported_aggregate_surveillance,annual,count,country:HR:national,all,exact,conditional,non_additive,active,missing_is_unknown,ECDC_CURRENT_GENERAL_ANNUAL_2026_08,"Croatia annual Member-State reported aggregate cases from the public ECDC Surveillance Atlas; published zeroes are explicit, absent topic/year cells remain unknown, and combined populations are emitted only when every reviewed component is present. Data provided by ECDC based on data reported by EU/EEA Member States.",,raw,True,series_registry,single_series,parity,,SER_HR_ECDC_MENI_ANNUAL,1,The public curve is read directly from one registered source series.,ecdc_atlas_annual,ECDC Surveillance Atlas — Croatia Annual Baseline,https://atlas.ecdc.europa.eu/public/index.aspx/,official_ecdc_rest_aggregate,ecdc_atlas_annual,ECDC Surveillance Atlas — Croatia Annual Baseline,https://atlas.ecdc.europa.eu/public/index.aspx/,official_ecdc_rest_aggregate
country,hr,hr,Croatia,public_projection,HR,Croatia,D113,Q fever,Q热,Bacterial,2019-01-01,2019-01,8,8,,,0.20068561732589177,wpp_computed,,SER_HR_ECDC_QFEV_ANNUAL,,,,,,annual,,,,,,,,,,,,,,series_registry,single_series,parity,,SER_HR_ECDC_QFEV_ANNUAL,1,The public curve is read directly from one registered source series.,ecdc_atlas_annual,ECDC Surveillance Atlas — Croatia Annual Baseline,https://atlas.ecdc.europa.eu/public/index.aspx/,official_ecdc_rest_aggregate,ecdc_atlas_annual,ECDC Surveillance Atlas — Croatia Annual Baseline,https://atlas.ecdc.europa.eu/public/index.aspx/,official_ecdc_rest_aggregate
country,hr,hr,Croatia,source_series_observation,HR,Croatia,D113,Q fever,Q热,Bacterial,2019-01-01,2019-01,8,8,,,,,,SER_HR_ECDC_QFEV_ANNUAL,SER_HR_ECDC_QFEV_ANNUAL,SRC_HR_ECDC_ATLAS,Q fever,case_notifications,ecdc_member_state_reported_aggregate_surveillance,annual,count,country:HR:national,all,exact,conditional,non_additive,active,missing_is_unknown,ECDC_CURRENT_GENERAL_ANNUAL_2026_08,"Croatia annual Member-State reported aggregate cases from the public ECDC Surveillance Atlas; published zeroes are explicit, absent topic/year cells remain unknown, and combined populations are emitted only when every reviewed component is present. Data provided by ECDC based on data reported by EU/EEA Member States.",,raw,True,series_registry,single_series,parity,,SER_HR_ECDC_QFEV_ANNUAL,1,The public curve is read directly from one registered source series.,ecdc_atlas_annual,ECDC Surveillance Atlas — Croatia Annual Baseline,https://atlas.ecdc.europa.eu/public/index.aspx/,official_ecdc_rest_aggregate,ecdc_atlas_annual,ECDC Surveillance Atlas — Croatia Annual Baseline,https://atlas.ecdc.europa.eu/public/index.aspx/,official_ecdc_rest_aggregate
country,hr,hr,Croatia,public_projection,HR,Croatia,D114,Salmonellosis,沙门氏菌病,Bacterial,2019-01-01,2019-01,1308,1308,,,32.8120984327833,wpp_computed,,SER_HR_ECDC_SALM_ANNUAL,,,,,,annual,,,,,,,,,,,,,,series_registry,single_series,parity,,SER_HR_ECDC_SALM_ANNUAL,1,The public curve is read directly from one registered source series.,ecdc_atlas_annual,ECDC Surveillance Atlas — Croatia Annual Baseline,https://atlas.ecdc.europa.eu/public/index.aspx/,official_ecdc_rest_aggregate,ecdc_atlas_annual,ECDC Surveillance Atlas — Croatia Annual Baseline,https://atlas.ecdc.europa.eu/public/index.aspx/,official_ecdc_rest_aggregate
country,hr,hr,Croatia,source_series_observation,HR,Croatia,D114,Salmonellosis,沙门氏菌病,Bacterial,2019-01-01,2019-01,1308,1308,,,,,,SER_HR_ECDC_SALM_ANNUAL,SER_HR_ECDC_SALM_ANNUAL,SRC_HR_ECDC_ATLAS,Salmonellosis,case_notifications,ecdc_member_state_reported_aggregate_surveillance,annual,count,country:HR:national,all,exact,conditional,non_additive,active,missing_is_unknown,ECDC_CURRENT_GENERAL_ANNUAL_2026_08,"Croatia annual Member-State reported aggregate cases from the public ECDC Surveillance Atlas; published zeroes are explicit, absent topic/year cells remain unknown, and combined populations are emitted only when every reviewed component is present. Data provided by ECDC based on data reported by EU/EEA Member States.",,raw,True,series_registry,single_series,parity,,SER_HR_ECDC_SALM_ANNUAL,1,The public curve is read directly from one registered source series.,ecdc_atlas_annual,ECDC Surveillance Atlas — Croatia Annual Baseline,https://atlas.ecdc.europa.eu/public/index.aspx/,official_ecdc_rest_aggregate,ecdc_atlas_annual,ECDC Surveillance Atlas — Croatia Annual Baseline,https://atlas.ecdc.europa.eu/public/index.aspx/,official_ecdc_rest_aggregate
country,hr,hr,Croatia,public_projection,HR,Croatia,D115,Shiga toxin-producing Escherichia coli infection,产志贺毒素大肠杆菌感染,Bacterial,2019-01-01,2019-01,22,22,,,0.5518854476462023,wpp_computed,,SER_HR_ECDC_STEC_ANNUAL,,,,,,annual,,,,,,,,,,,,,,series_registry,single_series,parity,,SER_HR_ECDC_STEC_ANNUAL,1,The public curve is read directly from one registered source series.,ecdc_atlas_annual,ECDC Surveillance Atlas — Croatia Annual Baseline,https://atlas.ecdc.europa.eu/public/index.aspx/,official_ecdc_rest_aggregate,ecdc_atlas_annual,ECDC Surveillance Atlas — Croatia Annual Baseline,https://atlas.ecdc.europa.eu/public/index.aspx/,official_ecdc_rest_aggregate
country,hr,hr,Croatia,source_series_observation,HR,Croatia,D115,Shiga toxin-producing Escherichia coli infection,产志贺毒素大肠杆菌感染,Bacterial,2019-01-01,2019-01,22,22,,,,,,SER_HR_ECDC_STEC_ANNUAL,SER_HR_ECDC_STEC_ANNUAL,SRC_HR_ECDC_ATLAS,STEC/VTEC infection,case_notifications,ecdc_member_state_reported_aggregate_surveillance,annual,count,country:HR:national,all,exact,conditional,non_additive,active,missing_is_unknown,ECDC_CURRENT_GENERAL_ANNUAL_2026_08,"Croatia annual Member-State reported aggregate cases from the public ECDC Surveillance Atlas; published zeroes are explicit, absent topic/year cells remain unknown, and combined populations are emitted only when every reviewed component is present. Data provided by ECDC based on data reported by EU/EEA Member States.",,raw,True,series_registry,single_series,parity,,SER_HR_ECDC_STEC_ANNUAL,1,The public curve is read directly from one registered source series.,ecdc_atlas_annual,ECDC Surveillance Atlas — Croatia Annual Baseline,https://atlas.ecdc.europa.eu/public/index.aspx/,official_ecdc_rest_aggregate,ecdc_atlas_annual,ECDC Surveillance Atlas — Croatia Annual Baseline,https://atlas.ecdc.europa.eu/public/index.aspx/,official_ecdc_rest_aggregate
country,hr,hr,Croatia,public_projection,HR,Croatia,D120,Tetanus,破伤风,Bacterial,2019-01-01,2019-01,2,2,,,0.05017140433147294,wpp_computed,,SER_HR_ECDC_TETA_ANNUAL,,,,,,annual,,,,,,,,,,,,,,series_registry,single_series,parity,,SER_HR_ECDC_TETA_ANNUAL,1,The public curve is read directly from one registered source series.,ecdc_atlas_annual,ECDC Surveillance Atlas — Croatia Annual Baseline,https://atlas.ecdc.europa.eu/public/index.aspx/,official_ecdc_rest_aggregate,ecdc_atlas_annual,ECDC Surveillance Atlas — Croatia Annual Baseline,https://atlas.ecdc.europa.eu/public/index.aspx/,official_ecdc_rest_aggregate
country,hr,hr,Croatia,source_series_observation,HR,Croatia,D120,Tetanus,破伤风,Bacterial,2019-01-01,2019-01,2,2,,,,,,SER_HR_ECDC_TETA_ANNUAL,SER_HR_ECDC_TETA_ANNUAL,SRC_HR_ECDC_ATLAS,Tetanus,case_notifications,ecdc_member_state_reported_aggregate_surveillance,annual,count,country:HR:national,all,exact,conditional,non_additive,active,missing_is_unknown,ECDC_CURRENT_GENERAL_ANNUAL_2026_08,"Croatia annual Member-State reported aggregate cases from the public ECDC Surveillance Atlas; published zeroes are explicit, absent topic/year cells remain unknown, and combined populations are emitted only when every reviewed component is present. Data provided by ECDC based on data reported by EU/EEA Member States.",,raw,True,series_registry,single_series,parity,,SER_HR_ECDC_TETA_ANNUAL,1,The public curve is read directly from one registered source series.,ecdc_atlas_annual,ECDC Surveillance Atlas — Croatia Annual Baseline,https://atlas.ecdc.europa.eu/public/index.aspx/,official_ecdc_rest_aggregate,ecdc_atlas_annual,ECDC Surveillance Atlas — Croatia Annual Baseline,https://atlas.ecdc.europa.eu/public/index.aspx/,official_ecdc_rest_aggregate
country,hr,hr,Croatia,public_projection,HR,Croatia,D122,Trichinellosis,旋毛虫病,Parasitic,2019-01-01,2019-01,3,3,,,0.0752571064972094,wpp_computed,,SER_HR_ECDC_TRIC_ANNUAL,,,,,,annual,,,,,,,,,,,,,,series_registry,single_series,parity,,SER_HR_ECDC_TRIC_ANNUAL,1,The public curve is read directly from one registered source series.,ecdc_atlas_annual,ECDC Surveillance Atlas — Croatia Annual Baseline,https://atlas.ecdc.europa.eu/public/index.aspx/,official_ecdc_rest_aggregate,ecdc_atlas_annual,ECDC Surveillance Atlas — Croatia Annual Baseline,https://atlas.ecdc.europa.eu/public/index.aspx/,official_ecdc_rest_aggregate
country,hr,hr,Croatia,source_series_observation,HR,Croatia,D122,Trichinellosis,旋毛虫病,Parasitic,2019-01-01,2019-01,3,3,,,,,,SER_HR_ECDC_TRIC_ANNUAL,SER_HR_ECDC_TRIC_ANNUAL,SRC_HR_ECDC_ATLAS,Trichinellosis,case_notifications,ecdc_member_state_reported_aggregate_surveillance,annual,count,country:HR:national,all,exact,conditional,non_additive,active,missing_is_unknown,ECDC_CURRENT_GENERAL_ANNUAL_2026_08,"Croatia annual Member-State reported aggregate cases from the public ECDC Surveillance Atlas; published zeroes are explicit, absent topic/year cells remain unknown, and combined populations are emitted only when every reviewed component is present. Data provided by ECDC based on data reported by EU/EEA Member States.",,raw,True,series_registry,single_series,parity,,SER_HR_ECDC_TRIC_ANNUAL,1,The public curve is read directly from one registered source series.,ecdc_atlas_annual,ECDC Surveillance Atlas — Croatia Annual Baseline,https://atlas.ecdc.europa.eu/public/index.aspx/,official_ecdc_rest_aggregate,ecdc_atlas_annual,ECDC Surveillance Atlas — Croatia Annual Baseline,https://atlas.ecdc.europa.eu/public/index.aspx/,official_ecdc_rest_aggregate
country,hr,hr,Croatia,public_projection,HR,Croatia,D123,Tularemia,土拉菌病,Bacterial,2019-01-01,2019-01,1,1,,,0.02508570216573647,wpp_computed,,SER_HR_ECDC_TULA_ANNUAL,,,,,,annual,,,,,,,,,,,,,,series_registry,single_series,parity,,SER_HR_ECDC_TULA_ANNUAL,1,The public curve is read directly from one registered source series.,ecdc_atlas_annual,ECDC Surveillance Atlas — Croatia Annual Baseline,https://atlas.ecdc.europa.eu/public/index.aspx/,official_ecdc_rest_aggregate,ecdc_atlas_annual,ECDC Surveillance Atlas — Croatia Annual Baseline,https://atlas.ecdc.europa.eu/public/index.aspx/,official_ecdc_rest_aggregate
country,hr,hr,Croatia,source_series_observation,HR,Croatia,D123,Tularemia,土拉菌病,Bacterial,2019-01-01,2019-01,1,1,,,,,,SER_HR_ECDC_TULA_ANNUAL,SER_HR_ECDC_TULA_ANNUAL,SRC_HR_ECDC_ATLAS,Tularaemia,case_notifications,ecdc_member_state_reported_aggregate_surveillance,annual,count,country:HR:national,all,exact,conditional,non_additive,active,missing_is_unknown,ECDC_CURRENT_GENERAL_ANNUAL_2026_08,"Croatia annual Member-State reported aggregate cases from the public ECDC Surveillance Atlas; published zeroes are explicit, absent topic/year cells remain unknown, and combined populations are emitted only when every reviewed component is present. Data provided by ECDC based on data reported by EU/EEA Member States.",,raw,True,series_registry,single_series,parity,,SER_HR_ECDC_TULA_ANNUAL,1,The public curve is read directly from one registered source series.,ecdc_atlas_annual,ECDC Surveillance Atlas — Croatia Annual Baseline,https://atlas.ecdc.europa.eu/public/index.aspx/,official_ecdc_rest_aggregate,ecdc_atlas_annual,ECDC Surveillance Atlas — Croatia Annual Baseline,https://atlas.ecdc.europa.eu/public/index.aspx/,official_ecdc_rest_aggregate
country,hr,hr,Croatia,public_projection,HR,Croatia,D127,Viral hemorrhagic fevers,病毒性出血热,Viral,2019-01-01,2019-01,0,0,,,0.0,wpp_computed,,SER_HR_ECDC_VHFOTH_ANNUAL,,,,,,annual,,,,,,,,,,,,,,series_registry,single_series,parity,,SER_HR_ECDC_VHFOTH_ANNUAL,1,The public curve is read directly from one registered source series.,ecdc_atlas_annual,ECDC Surveillance Atlas — Croatia Annual Baseline,https://atlas.ecdc.europa.eu/public/index.aspx/,official_ecdc_rest_aggregate,ecdc_atlas_annual,ECDC Surveillance Atlas — Croatia Annual Baseline,https://atlas.ecdc.europa.eu/public/index.aspx/,official_ecdc_rest_aggregate
country,hr,hr,Croatia,source_series_observation,HR,Croatia,D127,Viral hemorrhagic fevers,病毒性出血热,Viral,2019-01-01,2019-01,0,0,,,,,,SER_HR_ECDC_VHFOTH_ANNUAL,SER_HR_ECDC_VHFOTH_ANNUAL,SRC_HR_ECDC_ATLAS,Other Viral Haemorrhagic fevers,case_notifications,ecdc_member_state_reported_aggregate_surveillance,annual,count,country:HR:national,all,exact,conditional,non_additive,active,missing_is_unknown,ECDC_CURRENT_GENERAL_ANNUAL_2026_08,"Croatia annual Member-State reported aggregate cases from the public ECDC Surveillance Atlas; published zeroes are explicit, absent topic/year cells remain unknown, and combined populations are emitted only when every reviewed component is present. Data provided by ECDC based on data reported by EU/EEA Member States.",,raw,True,series_registry,single_series,parity,,SER_HR_ECDC_VHFOTH_ANNUAL,1,The public curve is read directly from one registered source series.,ecdc_atlas_annual,ECDC Surveillance Atlas — Croatia Annual Baseline,https://atlas.ecdc.europa.eu/public/index.aspx/,official_ecdc_rest_aggregate,ecdc_atlas_annual,ECDC Surveillance Atlas — Croatia Annual Baseline,https://atlas.ecdc.europa.eu/public/index.aspx/,official_ecdc_rest_aggregate
country,hr,hr,Croatia,public_projection,HR,Croatia,D128,West Nile virus,西尼罗病毒,Viral,2019-01-01,2019-01,0,0,,,0.0,wpp_computed,,SER_HR_ECDC_WNF_ANNUAL,,,,,,annual,,,,,,,,,,,,,,series_registry,single_series,parity,,SER_HR_ECDC_WNF_ANNUAL,1,The public curve is read directly from one registered source series.,ecdc_atlas_annual,ECDC Surveillance Atlas — Croatia Annual Baseline,https://atlas.ecdc.europa.eu/public/index.aspx/,official_ecdc_rest_aggregate,ecdc_atlas_annual,ECDC Surveillance Atlas — Croatia Annual Baseline,https://atlas.ecdc.europa.eu/public/index.aspx/,official_ecdc_rest_aggregate
country,hr,hr,Croatia,source_series_observation,HR,Croatia,D128,West Nile virus,西尼罗病毒,Viral,2019-01-01,2019-01,0,0,,,,,,SER_HR_ECDC_WNF_ANNUAL,SER_HR_ECDC_WNF_ANNUAL,SRC_HR_ECDC_ATLAS,West Nile virus infection,case_notifications,ecdc_member_state_reported_aggregate_surveillance,annual,count,country:HR:national,all,exact,conditional,non_additive,active,missing_is_unknown,ECDC_CURRENT_GENERAL_ANNUAL_2026_08,"Croatia annual Member-State reported aggregate cases from the public ECDC Surveillance Atlas; published zeroes are explicit, absent topic/year cells remain unknown, and combined populations are emitted only when every reviewed component is present. Data provided by ECDC based on data reported by EU/EEA Member States.",,raw,True,series_registry,single_series,parity,,SER_HR_ECDC_WNF_ANNUAL,1,The public curve is read directly from one registered source series.,ecdc_atlas_annual,ECDC Surveillance Atlas — Croatia Annual Baseline,https://atlas.ecdc.europa.eu/public/index.aspx/,official_ecdc_rest_aggregate,ecdc_atlas_annual,ECDC Surveillance Atlas — Croatia Annual Baseline,https://atlas.ecdc.europa.eu/public/index.aspx/,official_ecdc_rest_aggregate
country,hr,hr,Croatia,public_projection,HR,Croatia,D144,Creutzfeldt-Jakob disease,克雅氏病,Prion,2019-01-01,2019-01,0,0,,,0.0,wpp_computed,,SER_HR_ECDC_VCJD_ANNUAL,,,,,,annual,,,,,,,,,,,,,,series_registry,single_series,parity,,SER_HR_ECDC_VCJD_ANNUAL,1,The public curve is read directly from one registered source series.,ecdc_atlas_annual,ECDC Surveillance Atlas — Croatia Annual Baseline,https://atlas.ecdc.europa.eu/public/index.aspx/,official_ecdc_rest_aggregate,ecdc_atlas_annual,ECDC Surveillance Atlas — Croatia Annual Baseline,https://atlas.ecdc.europa.eu/public/index.aspx/,official_ecdc_rest_aggregate
country,hr,hr,Croatia,source_series_observation,HR,Croatia,D144,Creutzfeldt-Jakob disease,克雅氏病,Prion,2019-01-01,2019-01,0,0,,,,,,SER_HR_ECDC_VCJD_ANNUAL,SER_HR_ECDC_VCJD_ANNUAL,SRC_HR_ECDC_ATLAS,"Creutzfeldt-Jakob disease, variant",case_notifications,ecdc_member_state_reported_aggregate_surveillance,annual,count,country:HR:national,all,narrower,conditional,non_additive,active,missing_is_unknown,ECDC_CURRENT_GENERAL_ANNUAL_2026_08,"Croatia annual Member-State reported aggregate cases from the public ECDC Surveillance Atlas; published zeroes are explicit, absent topic/year cells remain unknown, and combined populations are emitted only when every reviewed component is present. Data provided by ECDC based on data reported by EU/EEA Member States.",,raw,True,series_registry,single_series,parity,,SER_HR_ECDC_VCJD_ANNUAL,1,The public curve is read directly from one registered source series.,ecdc_atlas_annual,ECDC Surveillance Atlas — Croatia Annual Baseline,https://atlas.ecdc.europa.eu/public/index.aspx/,official_ecdc_rest_aggregate,ecdc_atlas_annual,ECDC Surveillance Atlas — Croatia Annual Baseline,https://atlas.ecdc.europa.eu/public/index.aspx/,official_ecdc_rest_aggregate
country,hr,hr,Croatia,public_projection,HR,Croatia,D155,Yersiniosis,耶尔森菌病,Bacterial,2019-01-01,2019-01,12,12,,,0.3010284259888376,wpp_computed,,SER_HR_ECDC_YERS_ANNUAL,,,,,,annual,,,,,,,,,,,,,,series_registry,single_series,parity,,SER_HR_ECDC_YERS_ANNUAL,1,The public curve is read directly from one registered source series.,ecdc_atlas_annual,ECDC Surveillance Atlas — Croatia Annual Baseline,https://atlas.ecdc.europa.eu/public/index.aspx/,official_ecdc_rest_aggregate,ecdc_atlas_annual,ECDC Surveillance Atlas — Croatia Annual Baseline,https://atlas.ecdc.europa.eu/public/index.aspx/,official_ecdc_rest_aggregate
country,hr,hr,Croatia,source_series_observation,HR,Croatia,D155,Yersiniosis,耶尔森菌病,Bacterial,2019-01-01,2019-01,12,12,,,,,,SER_HR_ECDC_YERS_ANNUAL,SER_HR_ECDC_YERS_ANNUAL,SRC_HR_ECDC_ATLAS,Yersiniosis,case_notifications,ecdc_member_state_reported_aggregate_surveillance,annual,count,country:HR:national,all,exact,conditional,non_additive,active,missing_is_unknown,ECDC_CURRENT_GENERAL_ANNUAL_2026_08,"Croatia annual Member-State reported aggregate cases from the public ECDC Surveillance Atlas; published zeroes are explicit, absent topic/year cells remain unknown, and combined populations are emitted only when every reviewed component is present. Data provided by ECDC based on data reported by EU/EEA Member States.",,raw,True,series_registry,single_series,parity,,SER_HR_ECDC_YERS_ANNUAL,1,The public curve is read directly from one registered source series.,ecdc_atlas_annual,ECDC Surveillance Atlas — Croatia Annual Baseline,https://atlas.ecdc.europa.eu/public/index.aspx/,official_ecdc_rest_aggregate,ecdc_atlas_annual,ECDC Surveillance Atlas — Croatia Annual Baseline,https://atlas.ecdc.europa.eu/public/index.aspx/,official_ecdc_rest_aggregate
country,hr,hr,Croatia,public_projection,HR,Croatia,D162,HIV infection,人类免疫缺乏病毒感染,Viral,2019-01-01,2019-01,103,103,,,2.583827323070856,wpp_computed,,SER_HR_ECDC_HIV_INFECTION_ANNUAL,,,,,,annual,,,,,,,,,,,,,,series_registry,single_series,parity,,SER_HR_ECDC_HIV_INFECTION_ANNUAL,1,The public curve is read directly from one registered source series.,ecdc_atlas_annual,ECDC Surveillance Atlas — Croatia Annual Baseline,https://atlas.ecdc.europa.eu/public/index.aspx/,official_ecdc_rest_aggregate,ecdc_atlas_annual,ECDC Surveillance Atlas — Croatia Annual Baseline,https://atlas.ecdc.europa.eu/public/index.aspx/,official_ecdc_rest_aggregate
country,hr,hr,Croatia,source_series_observation,HR,Croatia,D162,HIV infection,人类免疫缺乏病毒感染,Viral,2019-01-01,2019-01,103,103,,,,,,SER_HR_ECDC_HIV_INFECTION_ANNUAL,SER_HR_ECDC_HIV_INFECTION_ANNUAL,SRC_HR_ECDC_ATLAS,HIV infection,case_notifications,ecdc_member_state_reported_aggregate_surveillance,annual,count,country:HR:national,all,exact,conditional,non_additive,active,missing_is_unknown,ECDC_CURRENT_GENERAL_ANNUAL_2026_08,"Croatia annual Member-State reported aggregate cases from the public ECDC Surveillance Atlas; published zeroes are explicit, absent topic/year cells remain unknown, and combined populations are emitted only when every reviewed component is present. Data provided by ECDC based on data reported by EU/EEA Member States.",,raw,True,series_registry,single_series,parity,,SER_HR_ECDC_HIV_INFECTION_ANNUAL,1,The public curve is read directly from one registered source series.,ecdc_atlas_annual,ECDC Surveillance Atlas — Croatia Annual Baseline,https://atlas.ecdc.europa.eu/public/index.aspx/,official_ecdc_rest_aggregate,ecdc_atlas_annual,ECDC Surveillance Atlas — Croatia Annual Baseline,https://atlas.ecdc.europa.eu/public/index.aspx/,official_ecdc_rest_aggregate
country,hr,hr,Croatia,public_projection,HR,Croatia,D167,Congenital syphilis,先天性梅毒,Bacterial,2019-01-01,2019-01,0,0,,,0.0,wpp_computed,,SER_HR_ECDC_CONSYPH_ANNUAL,,,,,,annual,,,,,,,,,,,,,,series_registry,single_series,parity,,SER_HR_ECDC_CONSYPH_ANNUAL,1,The public curve is read directly from one registered source series.,ecdc_atlas_annual,ECDC Surveillance Atlas — Croatia Annual Baseline,https://atlas.ecdc.europa.eu/public/index.aspx/,official_ecdc_rest_aggregate,ecdc_atlas_annual,ECDC Surveillance Atlas — Croatia Annual Baseline,https://atlas.ecdc.europa.eu/public/index.aspx/,official_ecdc_rest_aggregate
country,hr,hr,Croatia,source_series_observation,HR,Croatia,D167,Congenital syphilis,先天性梅毒,Bacterial,2019-01-01,2019-01,0,0,,,,,,SER_HR_ECDC_CONSYPH_ANNUAL,SER_HR_ECDC_CONSYPH_ANNUAL,SRC_HR_ECDC_ATLAS,"Syphilis, congenital",case_notifications,ecdc_member_state_reported_aggregate_surveillance,annual,count,country:HR:national,all,exact,conditional,non_additive,active,missing_is_unknown,ECDC_CURRENT_GENERAL_ANNUAL_2026_08,"Croatia annual Member-State reported aggregate cases from the public ECDC Surveillance Atlas; published zeroes are explicit, absent topic/year cells remain unknown, and combined populations are emitted only when every reviewed component is present. Data provided by ECDC based on data reported by EU/EEA Member States.",,raw,True,series_registry,single_series,parity,,SER_HR_ECDC_CONSYPH_ANNUAL,1,The public curve is read directly from one registered source series.,ecdc_atlas_annual,ECDC Surveillance Atlas — Croatia Annual Baseline,https://atlas.ecdc.europa.eu/public/index.aspx/,official_ecdc_rest_aggregate,ecdc_atlas_annual,ECDC Surveillance Atlas — Croatia Annual Baseline,https://atlas.ecdc.europa.eu/public/index.aspx/,official_ecdc_rest_aggregate
country,hr,hr,Croatia,public_projection,HR,Croatia,D173,Rift Valley fever,裂谷热,Viral,2019-01-01,2019-01,0,0,,,0.0,wpp_computed,,SER_HR_ECDC_RIFT_ANNUAL,,,,,,annual,,,,,,,,,,,,,,series_registry,single_series,parity,,SER_HR_ECDC_RIFT_ANNUAL,1,The public curve is read directly from one registered source series.,ecdc_atlas_annual,ECDC Surveillance Atlas — Croatia Annual Baseline,https://atlas.ecdc.europa.eu/public/index.aspx/,official_ecdc_rest_aggregate,ecdc_atlas_annual,ECDC Surveillance Atlas — Croatia Annual Baseline,https://atlas.ecdc.europa.eu/public/index.aspx/,official_ecdc_rest_aggregate
country,hr,hr,Croatia,source_series_observation,HR,Croatia,D173,Rift Valley fever,裂谷热,Viral,2019-01-01,2019-01,0,0,,,,,,SER_HR_ECDC_RIFT_ANNUAL,SER_HR_ECDC_RIFT_ANNUAL,SRC_HR_ECDC_ATLAS,Rift valley fever,case_notifications,ecdc_member_state_reported_aggregate_surveillance,annual,count,country:HR:national,all,exact,conditional,non_additive,active,missing_is_unknown,ECDC_CURRENT_GENERAL_ANNUAL_2026_08,"Croatia annual Member-State reported aggregate cases from the public ECDC Surveillance Atlas; published zeroes are explicit, absent topic/year cells remain unknown, and combined populations are emitted only when every reviewed component is present. Data provided by ECDC based on data reported by EU/EEA Member States.",,raw,True,series_registry,single_series,parity,,SER_HR_ECDC_RIFT_ANNUAL,1,The public curve is read directly from one registered source series.,ecdc_atlas_annual,ECDC Surveillance Atlas — Croatia Annual Baseline,https://atlas.ecdc.europa.eu/public/index.aspx/,official_ecdc_rest_aggregate,ecdc_atlas_annual,ECDC Surveillance Atlas — Croatia Annual Baseline,https://atlas.ecdc.europa.eu/public/index.aspx/,official_ecdc_rest_aggregate
country,hr,hr,Croatia,public_projection,HR,Croatia,D203,Crimean-Congo hemorrhagic fever,克里米亚-刚果出血热,Viral,2019-01-01,2019-01,0,0,,,0.0,wpp_computed,,SER_HR_ECDC_CCHF_ANNUAL,,,,,,annual,,,,,,,,,,,,,,series_registry,single_series,parity,,SER_HR_ECDC_CCHF_ANNUAL,1,The public curve is read directly from one registered source series.,ecdc_atlas_annual,ECDC Surveillance Atlas — Croatia Annual Baseline,https://atlas.ecdc.europa.eu/public/index.aspx/,official_ecdc_rest_aggregate,ecdc_atlas_annual,ECDC Surveillance Atlas — Croatia Annual Baseline,https://atlas.ecdc.europa.eu/public/index.aspx/,official_ecdc_rest_aggregate
country,hr,hr,Croatia,source_series_observation,HR,Croatia,D203,Crimean-Congo hemorrhagic fever,克里米亚-刚果出血热,Viral,2019-01-01,2019-01,0,0,,,,,,SER_HR_ECDC_CCHF_ANNUAL,SER_HR_ECDC_CCHF_ANNUAL,SRC_HR_ECDC_ATLAS,Crimean-Congo haemorrhagic fever,case_notifications,ecdc_member_state_reported_aggregate_surveillance,annual,count,country:HR:national,all,exact,conditional,non_additive,active,missing_is_unknown,ECDC_CURRENT_GENERAL_ANNUAL_2026_08,"Croatia annual Member-State reported aggregate cases from the public ECDC Surveillance Atlas; published zeroes are explicit, absent topic/year cells remain unknown, and combined populations are emitted only when every reviewed component is present. Data provided by ECDC based on data reported by EU/EEA Member States.",,raw,True,series_registry,single_series,parity,,SER_HR_ECDC_CCHF_ANNUAL,1,The public curve is read directly from one registered source series.,ecdc_atlas_annual,ECDC Surveillance Atlas — Croatia Annual Baseline,https://atlas.ecdc.europa.eu/public/index.aspx/,official_ecdc_rest_aggregate,ecdc_atlas_annual,ECDC Surveillance Atlas — Croatia Annual Baseline,https://atlas.ecdc.europa.eu/public/index.aspx/,official_ecdc_rest_aggregate
country,hr,hr,Croatia,public_projection,HR,Croatia,D205,Tick-borne encephalitis,蜱传脑炎,Viral,2019-01-01,2019-01,13,13,,,0.3261141281545741,wpp_computed,,SER_HR_ECDC_TBE_ANNUAL,,,,,,annual,,,,,,,,,,,,,,series_registry,single_series,parity,,SER_HR_ECDC_TBE_ANNUAL,1,The public curve is read directly from one registered source series.,ecdc_atlas_annual,ECDC Surveillance Atlas — Croatia Annual Baseline,https://atlas.ecdc.europa.eu/public/index.aspx/,official_ecdc_rest_aggregate,ecdc_atlas_annual,ECDC Surveillance Atlas — Croatia Annual Baseline,https://atlas.ecdc.europa.eu/public/index.aspx/,official_ecdc_rest_aggregate
country,hr,hr,Croatia,source_series_observation,HR,Croatia,D205,Tick-borne encephalitis,蜱传脑炎,Viral,2019-01-01,2019-01,13,13,,,,,,SER_HR_ECDC_TBE_ANNUAL,SER_HR_ECDC_TBE_ANNUAL,SRC_HR_ECDC_ATLAS,Tick-borne encephalitis,case_notifications,ecdc_member_state_reported_aggregate_surveillance,annual,count,country:HR:national,all,exact,conditional,non_additive,active,missing_is_unknown,ECDC_CURRENT_GENERAL_ANNUAL_2026_08,"Croatia annual Member-State reported aggregate cases from the public ECDC Surveillance Atlas; published zeroes are explicit, absent topic/year cells remain unknown, and combined populations are emitted only when every reviewed component is present. Data provided by ECDC based on data reported by EU/EEA Member States.",,raw,True,series_registry,single_series,parity,,SER_HR_ECDC_TBE_ANNUAL,1,The public curve is read directly from one registered source series.,ecdc_atlas_annual,ECDC Surveillance Atlas — Croatia Annual Baseline,https://atlas.ecdc.europa.eu/public/index.aspx/,official_ecdc_rest_aggregate,ecdc_atlas_annual,ECDC Surveillance Atlas — Croatia Annual Baseline,https://atlas.ecdc.europa.eu/public/index.aspx/,official_ecdc_rest_aggregate
country,hr,hr,Croatia,public_projection,HR,Croatia,D242,Lymphogranuloma venereum,性病性淋巴肉芽肿,Bacterial,2019-01-01,2019-01,0,0,,,0.0,wpp_computed,,SER_HR_ECDC_LGV_ANNUAL,,,,,,annual,,,,,,,,,,,,,,series_registry,single_series,parity,,SER_HR_ECDC_LGV_ANNUAL,1,The public curve is read directly from one registered source series.,ecdc_atlas_annual,ECDC Surveillance Atlas — Croatia Annual Baseline,https://atlas.ecdc.europa.eu/public/index.aspx/,official_ecdc_rest_aggregate,ecdc_atlas_annual,ECDC Surveillance Atlas — Croatia Annual Baseline,https://atlas.ecdc.europa.eu/public/index.aspx/,official_ecdc_rest_aggregate
country,hr,hr,Croatia,source_series_observation,HR,Croatia,D242,Lymphogranuloma venereum,性病性淋巴肉芽肿,Bacterial,2019-01-01,2019-01,0,0,,,,,,SER_HR_ECDC_LGV_ANNUAL,SER_HR_ECDC_LGV_ANNUAL,SRC_HR_ECDC_ATLAS,"Chlamydia infection, lymphogranuloma venereum",case_notifications,ecdc_member_state_reported_aggregate_surveillance,annual,count,country:HR:national,all,exact,conditional,non_additive,active,missing_is_unknown,ECDC_CURRENT_GENERAL_ANNUAL_2026_08,"Croatia annual Member-State reported aggregate cases from the public ECDC Surveillance Atlas; published zeroes are explicit, absent topic/year cells remain unknown, and combined populations are emitted only when every reviewed component is present. Data provided by ECDC based on data reported by EU/EEA Member States.",,raw,True,series_registry,single_series,parity,,SER_HR_ECDC_LGV_ANNUAL,1,The public curve is read directly from one registered source series.,ecdc_atlas_annual,ECDC Surveillance Atlas — Croatia Annual Baseline,https://atlas.ecdc.europa.eu/public/index.aspx/,official_ecdc_rest_aggregate,ecdc_atlas_annual,ECDC Surveillance Atlas — Croatia Annual Baseline,https://atlas.ecdc.europa.eu/public/index.aspx/,official_ecdc_rest_aggregate
