dataset_kind,dataset_id,dataset_slug,dataset_name,record_kind,country_code,country_name,disease_id,disease_name_en,disease_name_zh,category,date,year_month,value,cases,weekly_equiv_cases,deaths,incidence_rate_per_100k,incidence_rate_source,mortality_rate,series_code,source_series_code,source_system,source_label,metric_type,reporting_basis,temporal_granularity,unit,geography_key,dimension_key,mapping_relation,comparability,aggregation_policy,availability_status,missing_value_policy,definition_version,case_definition,case_definition_uri,quality_status,is_selected_series,data_layer,projection_policy,coverage_status,loss_risk,selected_series_codes,available_series_count,provenance_note,primary_source_scope,primary_source_label,primary_source_url,primary_source_type,source_scopes,source_labels,source_urls,source_types
disease,D241,"escherichia-coli-enteritis,-all-reported-pathotypes","Escherichia coli enteritis, all reported pathotypes",public_projection,NO,Norway,D241,"Escherichia coli enteritis, all reported pathotypes",大肠埃希菌肠炎（所有报告型别）,Bacterial,2000-01-01,2000-01,0,0,,,0.0,wpp_computed,,SER_NO_FHI_304_MONTHLY,,,,,,monthly,,,,,,,,,,,,,,series_registry,single_series,parity,,SER_NO_FHI_304_MONTHLY,1,The public curve is read directly from one registered source series.,fhi_msis,Norway FHI MSIS Statistics Bank,https://allvis.fhi.no/msis,official_json_api,fhi_msis,Norway FHI MSIS Statistics Bank,https://allvis.fhi.no/msis,official_json_api
disease,D241,"escherichia-coli-enteritis,-all-reported-pathotypes","Escherichia coli enteritis, all reported pathotypes",source_series_observation,NO,Norway,D241,"Escherichia coli enteritis, all reported pathotypes",大肠埃希菌肠炎（所有报告型别）,Bacterial,2000-01-01,2000-01,0,0,,,,,,SER_NO_FHI_304_MONTHLY,SER_NO_FHI_304_MONTHLY,SRC_NO_FHI_MSIS,E. coli-enteritt,case_notifications,national_notifiable_disease_registry,monthly,count,country:NO:national,all,exact,conditional,non_additive,active,missing_is_unknown,NO_FHI_MSIS_diagnosis_monthly,Norway FHI MSIS national monthly diagnosis series; FHI MSIS aggregate includes EHEC/STEC and other reportable pathotypes; do not add to D115.,,provisional; raw; revised,True,series_registry,single_series,parity,,SER_NO_FHI_304_MONTHLY,1,The public curve is read directly from one registered source series.,fhi_msis,Norway FHI MSIS Statistics Bank,https://allvis.fhi.no/msis,official_json_api,fhi_msis,Norway FHI MSIS Statistics Bank,https://allvis.fhi.no/msis,official_json_api
disease,D241,"escherichia-coli-enteritis,-all-reported-pathotypes","Escherichia coli enteritis, all reported pathotypes",public_projection,NO,Norway,D241,"Escherichia coli enteritis, all reported pathotypes",大肠埃希菌肠炎（所有报告型别）,Bacterial,2000-02-01,2000-02,0,0,,,0.0,wpp_computed,,SER_NO_FHI_304_MONTHLY,,,,,,monthly,,,,,,,,,,,,,,series_registry,single_series,parity,,SER_NO_FHI_304_MONTHLY,1,The public curve is read directly from one registered source series.,fhi_msis,Norway FHI MSIS Statistics Bank,https://allvis.fhi.no/msis,official_json_api,fhi_msis,Norway FHI MSIS Statistics Bank,https://allvis.fhi.no/msis,official_json_api
disease,D241,"escherichia-coli-enteritis,-all-reported-pathotypes","Escherichia coli enteritis, all reported pathotypes",source_series_observation,NO,Norway,D241,"Escherichia coli enteritis, all reported pathotypes",大肠埃希菌肠炎（所有报告型别）,Bacterial,2000-02-01,2000-02,0,0,,,,,,SER_NO_FHI_304_MONTHLY,SER_NO_FHI_304_MONTHLY,SRC_NO_FHI_MSIS,E. coli-enteritt,case_notifications,national_notifiable_disease_registry,monthly,count,country:NO:national,all,exact,conditional,non_additive,active,missing_is_unknown,NO_FHI_MSIS_diagnosis_monthly,Norway FHI MSIS national monthly diagnosis series; FHI MSIS aggregate includes EHEC/STEC and other reportable pathotypes; do not add to D115.,,provisional; raw; revised,True,series_registry,single_series,parity,,SER_NO_FHI_304_MONTHLY,1,The public curve is read directly from one registered source series.,fhi_msis,Norway FHI MSIS Statistics Bank,https://allvis.fhi.no/msis,official_json_api,fhi_msis,Norway FHI MSIS Statistics Bank,https://allvis.fhi.no/msis,official_json_api
disease,D241,"escherichia-coli-enteritis,-all-reported-pathotypes","Escherichia coli enteritis, all reported pathotypes",public_projection,NO,Norway,D241,"Escherichia coli enteritis, all reported pathotypes",大肠埃希菌肠炎（所有报告型别）,Bacterial,2000-03-01,2000-03,3,3,,,0.06680224553521626,wpp_computed,,SER_NO_FHI_304_MONTHLY,,,,,,monthly,,,,,,,,,,,,,,series_registry,single_series,parity,,SER_NO_FHI_304_MONTHLY,1,The public curve is read directly from one registered source series.,fhi_msis,Norway FHI MSIS Statistics Bank,https://allvis.fhi.no/msis,official_json_api,fhi_msis,Norway FHI MSIS Statistics Bank,https://allvis.fhi.no/msis,official_json_api
disease,D241,"escherichia-coli-enteritis,-all-reported-pathotypes","Escherichia coli enteritis, all reported pathotypes",source_series_observation,NO,Norway,D241,"Escherichia coli enteritis, all reported pathotypes",大肠埃希菌肠炎（所有报告型别）,Bacterial,2000-03-01,2000-03,3,3,,,,,,SER_NO_FHI_304_MONTHLY,SER_NO_FHI_304_MONTHLY,SRC_NO_FHI_MSIS,E. coli-enteritt,case_notifications,national_notifiable_disease_registry,monthly,count,country:NO:national,all,exact,conditional,non_additive,active,missing_is_unknown,NO_FHI_MSIS_diagnosis_monthly,Norway FHI MSIS national monthly diagnosis series; FHI MSIS aggregate includes EHEC/STEC and other reportable pathotypes; do not add to D115.,,provisional; raw; revised,True,series_registry,single_series,parity,,SER_NO_FHI_304_MONTHLY,1,The public curve is read directly from one registered source series.,fhi_msis,Norway FHI MSIS Statistics Bank,https://allvis.fhi.no/msis,official_json_api,fhi_msis,Norway FHI MSIS Statistics Bank,https://allvis.fhi.no/msis,official_json_api
disease,D241,"escherichia-coli-enteritis,-all-reported-pathotypes","Escherichia coli enteritis, all reported pathotypes",public_projection,NO,Norway,D241,"Escherichia coli enteritis, all reported pathotypes",大肠埃希菌肠炎（所有报告型别）,Bacterial,2000-04-01,2000-04,4,4,,,0.08906966071362167,wpp_computed,,SER_NO_FHI_304_MONTHLY,,,,,,monthly,,,,,,,,,,,,,,series_registry,single_series,parity,,SER_NO_FHI_304_MONTHLY,1,The public curve is read directly from one registered source series.,fhi_msis,Norway FHI MSIS Statistics Bank,https://allvis.fhi.no/msis,official_json_api,fhi_msis,Norway FHI MSIS Statistics Bank,https://allvis.fhi.no/msis,official_json_api
disease,D241,"escherichia-coli-enteritis,-all-reported-pathotypes","Escherichia coli enteritis, all reported pathotypes",source_series_observation,NO,Norway,D241,"Escherichia coli enteritis, all reported pathotypes",大肠埃希菌肠炎（所有报告型别）,Bacterial,2000-04-01,2000-04,4,4,,,,,,SER_NO_FHI_304_MONTHLY,SER_NO_FHI_304_MONTHLY,SRC_NO_FHI_MSIS,E. coli-enteritt,case_notifications,national_notifiable_disease_registry,monthly,count,country:NO:national,all,exact,conditional,non_additive,active,missing_is_unknown,NO_FHI_MSIS_diagnosis_monthly,Norway FHI MSIS national monthly diagnosis series; FHI MSIS aggregate includes EHEC/STEC and other reportable pathotypes; do not add to D115.,,provisional; raw; revised,True,series_registry,single_series,parity,,SER_NO_FHI_304_MONTHLY,1,The public curve is read directly from one registered source series.,fhi_msis,Norway FHI MSIS Statistics Bank,https://allvis.fhi.no/msis,official_json_api,fhi_msis,Norway FHI MSIS Statistics Bank,https://allvis.fhi.no/msis,official_json_api
disease,D241,"escherichia-coli-enteritis,-all-reported-pathotypes","Escherichia coli enteritis, all reported pathotypes",public_projection,NO,Norway,D241,"Escherichia coli enteritis, all reported pathotypes",大肠埃希菌肠炎（所有报告型别）,Bacterial,2000-05-01,2000-05,6,6,,,0.1336044910704325,wpp_computed,,SER_NO_FHI_304_MONTHLY,,,,,,monthly,,,,,,,,,,,,,,series_registry,single_series,parity,,SER_NO_FHI_304_MONTHLY,1,The public curve is read directly from one registered source series.,fhi_msis,Norway FHI MSIS Statistics Bank,https://allvis.fhi.no/msis,official_json_api,fhi_msis,Norway FHI MSIS Statistics Bank,https://allvis.fhi.no/msis,official_json_api
disease,D241,"escherichia-coli-enteritis,-all-reported-pathotypes","Escherichia coli enteritis, all reported pathotypes",source_series_observation,NO,Norway,D241,"Escherichia coli enteritis, all reported pathotypes",大肠埃希菌肠炎（所有报告型别）,Bacterial,2000-05-01,2000-05,6,6,,,,,,SER_NO_FHI_304_MONTHLY,SER_NO_FHI_304_MONTHLY,SRC_NO_FHI_MSIS,E. coli-enteritt,case_notifications,national_notifiable_disease_registry,monthly,count,country:NO:national,all,exact,conditional,non_additive,active,missing_is_unknown,NO_FHI_MSIS_diagnosis_monthly,Norway FHI MSIS national monthly diagnosis series; FHI MSIS aggregate includes EHEC/STEC and other reportable pathotypes; do not add to D115.,,provisional; raw; revised,True,series_registry,single_series,parity,,SER_NO_FHI_304_MONTHLY,1,The public curve is read directly from one registered source series.,fhi_msis,Norway FHI MSIS Statistics Bank,https://allvis.fhi.no/msis,official_json_api,fhi_msis,Norway FHI MSIS Statistics Bank,https://allvis.fhi.no/msis,official_json_api
disease,D241,"escherichia-coli-enteritis,-all-reported-pathotypes","Escherichia coli enteritis, all reported pathotypes",public_projection,NO,Norway,D241,"Escherichia coli enteritis, all reported pathotypes",大肠埃希菌肠炎（所有报告型别）,Bacterial,2000-06-01,2000-06,2,2,,,0.044534830356810835,wpp_computed,,SER_NO_FHI_304_MONTHLY,,,,,,monthly,,,,,,,,,,,,,,series_registry,single_series,parity,,SER_NO_FHI_304_MONTHLY,1,The public curve is read directly from one registered source series.,fhi_msis,Norway FHI MSIS Statistics Bank,https://allvis.fhi.no/msis,official_json_api,fhi_msis,Norway FHI MSIS Statistics Bank,https://allvis.fhi.no/msis,official_json_api
disease,D241,"escherichia-coli-enteritis,-all-reported-pathotypes","Escherichia coli enteritis, all reported pathotypes",source_series_observation,NO,Norway,D241,"Escherichia coli enteritis, all reported pathotypes",大肠埃希菌肠炎（所有报告型别）,Bacterial,2000-06-01,2000-06,2,2,,,,,,SER_NO_FHI_304_MONTHLY,SER_NO_FHI_304_MONTHLY,SRC_NO_FHI_MSIS,E. coli-enteritt,case_notifications,national_notifiable_disease_registry,monthly,count,country:NO:national,all,exact,conditional,non_additive,active,missing_is_unknown,NO_FHI_MSIS_diagnosis_monthly,Norway FHI MSIS national monthly diagnosis series; FHI MSIS aggregate includes EHEC/STEC and other reportable pathotypes; do not add to D115.,,provisional; raw; revised,True,series_registry,single_series,parity,,SER_NO_FHI_304_MONTHLY,1,The public curve is read directly from one registered source series.,fhi_msis,Norway FHI MSIS Statistics Bank,https://allvis.fhi.no/msis,official_json_api,fhi_msis,Norway FHI MSIS Statistics Bank,https://allvis.fhi.no/msis,official_json_api
disease,D241,"escherichia-coli-enteritis,-all-reported-pathotypes","Escherichia coli enteritis, all reported pathotypes",public_projection,NO,Norway,D241,"Escherichia coli enteritis, all reported pathotypes",大肠埃希菌肠炎（所有报告型别）,Bacterial,2000-07-01,2000-07,3,3,,,0.06680224553521626,wpp_computed,,SER_NO_FHI_304_MONTHLY,,,,,,monthly,,,,,,,,,,,,,,series_registry,single_series,parity,,SER_NO_FHI_304_MONTHLY,1,The public curve is read directly from one registered source series.,fhi_msis,Norway FHI MSIS Statistics Bank,https://allvis.fhi.no/msis,official_json_api,fhi_msis,Norway FHI MSIS Statistics Bank,https://allvis.fhi.no/msis,official_json_api
disease,D241,"escherichia-coli-enteritis,-all-reported-pathotypes","Escherichia coli enteritis, all reported pathotypes",source_series_observation,NO,Norway,D241,"Escherichia coli enteritis, all reported pathotypes",大肠埃希菌肠炎（所有报告型别）,Bacterial,2000-07-01,2000-07,3,3,,,,,,SER_NO_FHI_304_MONTHLY,SER_NO_FHI_304_MONTHLY,SRC_NO_FHI_MSIS,E. coli-enteritt,case_notifications,national_notifiable_disease_registry,monthly,count,country:NO:national,all,exact,conditional,non_additive,active,missing_is_unknown,NO_FHI_MSIS_diagnosis_monthly,Norway FHI MSIS national monthly diagnosis series; FHI MSIS aggregate includes EHEC/STEC and other reportable pathotypes; do not add to D115.,,provisional; raw; revised,True,series_registry,single_series,parity,,SER_NO_FHI_304_MONTHLY,1,The public curve is read directly from one registered source series.,fhi_msis,Norway FHI MSIS Statistics Bank,https://allvis.fhi.no/msis,official_json_api,fhi_msis,Norway FHI MSIS Statistics Bank,https://allvis.fhi.no/msis,official_json_api
disease,D241,"escherichia-coli-enteritis,-all-reported-pathotypes","Escherichia coli enteritis, all reported pathotypes",public_projection,NO,Norway,D241,"Escherichia coli enteritis, all reported pathotypes",大肠埃希菌肠炎（所有报告型别）,Bacterial,2000-08-01,2000-08,4,4,,,0.08906966071362167,wpp_computed,,SER_NO_FHI_304_MONTHLY,,,,,,monthly,,,,,,,,,,,,,,series_registry,single_series,parity,,SER_NO_FHI_304_MONTHLY,1,The public curve is read directly from one registered source series.,fhi_msis,Norway FHI MSIS Statistics Bank,https://allvis.fhi.no/msis,official_json_api,fhi_msis,Norway FHI MSIS Statistics Bank,https://allvis.fhi.no/msis,official_json_api
disease,D241,"escherichia-coli-enteritis,-all-reported-pathotypes","Escherichia coli enteritis, all reported pathotypes",source_series_observation,NO,Norway,D241,"Escherichia coli enteritis, all reported pathotypes",大肠埃希菌肠炎（所有报告型别）,Bacterial,2000-08-01,2000-08,4,4,,,,,,SER_NO_FHI_304_MONTHLY,SER_NO_FHI_304_MONTHLY,SRC_NO_FHI_MSIS,E. coli-enteritt,case_notifications,national_notifiable_disease_registry,monthly,count,country:NO:national,all,exact,conditional,non_additive,active,missing_is_unknown,NO_FHI_MSIS_diagnosis_monthly,Norway FHI MSIS national monthly diagnosis series; FHI MSIS aggregate includes EHEC/STEC and other reportable pathotypes; do not add to D115.,,provisional; raw; revised,True,series_registry,single_series,parity,,SER_NO_FHI_304_MONTHLY,1,The public curve is read directly from one registered source series.,fhi_msis,Norway FHI MSIS Statistics Bank,https://allvis.fhi.no/msis,official_json_api,fhi_msis,Norway FHI MSIS Statistics Bank,https://allvis.fhi.no/msis,official_json_api
disease,D241,"escherichia-coli-enteritis,-all-reported-pathotypes","Escherichia coli enteritis, all reported pathotypes",public_projection,NO,Norway,D241,"Escherichia coli enteritis, all reported pathotypes",大肠埃希菌肠炎（所有报告型别）,Bacterial,2000-09-01,2000-09,8,8,,,0.17813932142724334,wpp_computed,,SER_NO_FHI_304_MONTHLY,,,,,,monthly,,,,,,,,,,,,,,series_registry,single_series,parity,,SER_NO_FHI_304_MONTHLY,1,The public curve is read directly from one registered source series.,fhi_msis,Norway FHI MSIS Statistics Bank,https://allvis.fhi.no/msis,official_json_api,fhi_msis,Norway FHI MSIS Statistics Bank,https://allvis.fhi.no/msis,official_json_api
disease,D241,"escherichia-coli-enteritis,-all-reported-pathotypes","Escherichia coli enteritis, all reported pathotypes",source_series_observation,NO,Norway,D241,"Escherichia coli enteritis, all reported pathotypes",大肠埃希菌肠炎（所有报告型别）,Bacterial,2000-09-01,2000-09,8,8,,,,,,SER_NO_FHI_304_MONTHLY,SER_NO_FHI_304_MONTHLY,SRC_NO_FHI_MSIS,E. coli-enteritt,case_notifications,national_notifiable_disease_registry,monthly,count,country:NO:national,all,exact,conditional,non_additive,active,missing_is_unknown,NO_FHI_MSIS_diagnosis_monthly,Norway FHI MSIS national monthly diagnosis series; FHI MSIS aggregate includes EHEC/STEC and other reportable pathotypes; do not add to D115.,,provisional; raw; revised,True,series_registry,single_series,parity,,SER_NO_FHI_304_MONTHLY,1,The public curve is read directly from one registered source series.,fhi_msis,Norway FHI MSIS Statistics Bank,https://allvis.fhi.no/msis,official_json_api,fhi_msis,Norway FHI MSIS Statistics Bank,https://allvis.fhi.no/msis,official_json_api
disease,D241,"escherichia-coli-enteritis,-all-reported-pathotypes","Escherichia coli enteritis, all reported pathotypes",public_projection,NO,Norway,D241,"Escherichia coli enteritis, all reported pathotypes",大肠埃希菌肠炎（所有报告型别）,Bacterial,2000-10-01,2000-10,4,4,,,0.08906966071362167,wpp_computed,,SER_NO_FHI_304_MONTHLY,,,,,,monthly,,,,,,,,,,,,,,series_registry,single_series,parity,,SER_NO_FHI_304_MONTHLY,1,The public curve is read directly from one registered source series.,fhi_msis,Norway FHI MSIS Statistics Bank,https://allvis.fhi.no/msis,official_json_api,fhi_msis,Norway FHI MSIS Statistics Bank,https://allvis.fhi.no/msis,official_json_api
disease,D241,"escherichia-coli-enteritis,-all-reported-pathotypes","Escherichia coli enteritis, all reported pathotypes",source_series_observation,NO,Norway,D241,"Escherichia coli enteritis, all reported pathotypes",大肠埃希菌肠炎（所有报告型别）,Bacterial,2000-10-01,2000-10,4,4,,,,,,SER_NO_FHI_304_MONTHLY,SER_NO_FHI_304_MONTHLY,SRC_NO_FHI_MSIS,E. coli-enteritt,case_notifications,national_notifiable_disease_registry,monthly,count,country:NO:national,all,exact,conditional,non_additive,active,missing_is_unknown,NO_FHI_MSIS_diagnosis_monthly,Norway FHI MSIS national monthly diagnosis series; FHI MSIS aggregate includes EHEC/STEC and other reportable pathotypes; do not add to D115.,,provisional; raw; revised,True,series_registry,single_series,parity,,SER_NO_FHI_304_MONTHLY,1,The public curve is read directly from one registered source series.,fhi_msis,Norway FHI MSIS Statistics Bank,https://allvis.fhi.no/msis,official_json_api,fhi_msis,Norway FHI MSIS Statistics Bank,https://allvis.fhi.no/msis,official_json_api
disease,D241,"escherichia-coli-enteritis,-all-reported-pathotypes","Escherichia coli enteritis, all reported pathotypes",public_projection,NO,Norway,D241,"Escherichia coli enteritis, all reported pathotypes",大肠埃希菌肠炎（所有报告型别）,Bacterial,2000-11-01,2000-11,3,3,,,0.06680224553521626,wpp_computed,,SER_NO_FHI_304_MONTHLY,,,,,,monthly,,,,,,,,,,,,,,series_registry,single_series,parity,,SER_NO_FHI_304_MONTHLY,1,The public curve is read directly from one registered source series.,fhi_msis,Norway FHI MSIS Statistics Bank,https://allvis.fhi.no/msis,official_json_api,fhi_msis,Norway FHI MSIS Statistics Bank,https://allvis.fhi.no/msis,official_json_api
disease,D241,"escherichia-coli-enteritis,-all-reported-pathotypes","Escherichia coli enteritis, all reported pathotypes",source_series_observation,NO,Norway,D241,"Escherichia coli enteritis, all reported pathotypes",大肠埃希菌肠炎（所有报告型别）,Bacterial,2000-11-01,2000-11,3,3,,,,,,SER_NO_FHI_304_MONTHLY,SER_NO_FHI_304_MONTHLY,SRC_NO_FHI_MSIS,E. coli-enteritt,case_notifications,national_notifiable_disease_registry,monthly,count,country:NO:national,all,exact,conditional,non_additive,active,missing_is_unknown,NO_FHI_MSIS_diagnosis_monthly,Norway FHI MSIS national monthly diagnosis series; FHI MSIS aggregate includes EHEC/STEC and other reportable pathotypes; do not add to D115.,,provisional; raw; revised,True,series_registry,single_series,parity,,SER_NO_FHI_304_MONTHLY,1,The public curve is read directly from one registered source series.,fhi_msis,Norway FHI MSIS Statistics Bank,https://allvis.fhi.no/msis,official_json_api,fhi_msis,Norway FHI MSIS Statistics Bank,https://allvis.fhi.no/msis,official_json_api
disease,D241,"escherichia-coli-enteritis,-all-reported-pathotypes","Escherichia coli enteritis, all reported pathotypes",public_projection,NO,Norway,D241,"Escherichia coli enteritis, all reported pathotypes",大肠埃希菌肠炎（所有报告型别）,Bacterial,2000-12-01,2000-12,1,1,,,0.022267415178405418,wpp_computed,,SER_NO_FHI_304_MONTHLY,,,,,,monthly,,,,,,,,,,,,,,series_registry,single_series,parity,,SER_NO_FHI_304_MONTHLY,1,The public curve is read directly from one registered source series.,fhi_msis,Norway FHI MSIS Statistics Bank,https://allvis.fhi.no/msis,official_json_api,fhi_msis,Norway FHI MSIS Statistics Bank,https://allvis.fhi.no/msis,official_json_api
disease,D241,"escherichia-coli-enteritis,-all-reported-pathotypes","Escherichia coli enteritis, all reported pathotypes",source_series_observation,NO,Norway,D241,"Escherichia coli enteritis, all reported pathotypes",大肠埃希菌肠炎（所有报告型别）,Bacterial,2000-12-01,2000-12,1,1,,,,,,SER_NO_FHI_304_MONTHLY,SER_NO_FHI_304_MONTHLY,SRC_NO_FHI_MSIS,E. coli-enteritt,case_notifications,national_notifiable_disease_registry,monthly,count,country:NO:national,all,exact,conditional,non_additive,active,missing_is_unknown,NO_FHI_MSIS_diagnosis_monthly,Norway FHI MSIS national monthly diagnosis series; FHI MSIS aggregate includes EHEC/STEC and other reportable pathotypes; do not add to D115.,,provisional; raw; revised,True,series_registry,single_series,parity,,SER_NO_FHI_304_MONTHLY,1,The public curve is read directly from one registered source series.,fhi_msis,Norway FHI MSIS Statistics Bank,https://allvis.fhi.no/msis,official_json_api,fhi_msis,Norway FHI MSIS Statistics Bank,https://allvis.fhi.no/msis,official_json_api
disease,D241,"escherichia-coli-enteritis,-all-reported-pathotypes","Escherichia coli enteritis, all reported pathotypes",public_projection,NO,Norway,D241,"Escherichia coli enteritis, all reported pathotypes",大肠埃希菌肠炎（所有报告型别）,Bacterial,2001-01-01,2001-01,1,1,,,0.022154984306516867,wpp_computed,,SER_NO_FHI_304_MONTHLY,,,,,,monthly,,,,,,,,,,,,,,series_registry,single_series,parity,,SER_NO_FHI_304_MONTHLY,1,The public curve is read directly from one registered source series.,fhi_msis,Norway FHI MSIS Statistics Bank,https://allvis.fhi.no/msis,official_json_api,fhi_msis,Norway FHI MSIS Statistics Bank,https://allvis.fhi.no/msis,official_json_api
disease,D241,"escherichia-coli-enteritis,-all-reported-pathotypes","Escherichia coli enteritis, all reported pathotypes",source_series_observation,NO,Norway,D241,"Escherichia coli enteritis, all reported pathotypes",大肠埃希菌肠炎（所有报告型别）,Bacterial,2001-01-01,2001-01,1,1,,,,,,SER_NO_FHI_304_MONTHLY,SER_NO_FHI_304_MONTHLY,SRC_NO_FHI_MSIS,E. coli-enteritt,case_notifications,national_notifiable_disease_registry,monthly,count,country:NO:national,all,exact,conditional,non_additive,active,missing_is_unknown,NO_FHI_MSIS_diagnosis_monthly,Norway FHI MSIS national monthly diagnosis series; FHI MSIS aggregate includes EHEC/STEC and other reportable pathotypes; do not add to D115.,,provisional; raw; revised,True,series_registry,single_series,parity,,SER_NO_FHI_304_MONTHLY,1,The public curve is read directly from one registered source series.,fhi_msis,Norway FHI MSIS Statistics Bank,https://allvis.fhi.no/msis,official_json_api,fhi_msis,Norway FHI MSIS Statistics Bank,https://allvis.fhi.no/msis,official_json_api
disease,D241,"escherichia-coli-enteritis,-all-reported-pathotypes","Escherichia coli enteritis, all reported pathotypes",public_projection,NO,Norway,D241,"Escherichia coli enteritis, all reported pathotypes",大肠埃希菌肠炎（所有报告型别）,Bacterial,2001-02-01,2001-02,4,4,,,0.08861993722606747,wpp_computed,,SER_NO_FHI_304_MONTHLY,,,,,,monthly,,,,,,,,,,,,,,series_registry,single_series,parity,,SER_NO_FHI_304_MONTHLY,1,The public curve is read directly from one registered source series.,fhi_msis,Norway FHI MSIS Statistics Bank,https://allvis.fhi.no/msis,official_json_api,fhi_msis,Norway FHI MSIS Statistics Bank,https://allvis.fhi.no/msis,official_json_api
disease,D241,"escherichia-coli-enteritis,-all-reported-pathotypes","Escherichia coli enteritis, all reported pathotypes",source_series_observation,NO,Norway,D241,"Escherichia coli enteritis, all reported pathotypes",大肠埃希菌肠炎（所有报告型别）,Bacterial,2001-02-01,2001-02,4,4,,,,,,SER_NO_FHI_304_MONTHLY,SER_NO_FHI_304_MONTHLY,SRC_NO_FHI_MSIS,E. coli-enteritt,case_notifications,national_notifiable_disease_registry,monthly,count,country:NO:national,all,exact,conditional,non_additive,active,missing_is_unknown,NO_FHI_MSIS_diagnosis_monthly,Norway FHI MSIS national monthly diagnosis series; FHI MSIS aggregate includes EHEC/STEC and other reportable pathotypes; do not add to D115.,,provisional; raw; revised,True,series_registry,single_series,parity,,SER_NO_FHI_304_MONTHLY,1,The public curve is read directly from one registered source series.,fhi_msis,Norway FHI MSIS Statistics Bank,https://allvis.fhi.no/msis,official_json_api,fhi_msis,Norway FHI MSIS Statistics Bank,https://allvis.fhi.no/msis,official_json_api
disease,D241,"escherichia-coli-enteritis,-all-reported-pathotypes","Escherichia coli enteritis, all reported pathotypes",public_projection,NO,Norway,D241,"Escherichia coli enteritis, all reported pathotypes",大肠埃希菌肠炎（所有报告型别）,Bacterial,2001-03-01,2001-03,3,3,,,0.0664649529195506,wpp_computed,,SER_NO_FHI_304_MONTHLY,,,,,,monthly,,,,,,,,,,,,,,series_registry,single_series,parity,,SER_NO_FHI_304_MONTHLY,1,The public curve is read directly from one registered source series.,fhi_msis,Norway FHI MSIS Statistics Bank,https://allvis.fhi.no/msis,official_json_api,fhi_msis,Norway FHI MSIS Statistics Bank,https://allvis.fhi.no/msis,official_json_api
disease,D241,"escherichia-coli-enteritis,-all-reported-pathotypes","Escherichia coli enteritis, all reported pathotypes",source_series_observation,NO,Norway,D241,"Escherichia coli enteritis, all reported pathotypes",大肠埃希菌肠炎（所有报告型别）,Bacterial,2001-03-01,2001-03,3,3,,,,,,SER_NO_FHI_304_MONTHLY,SER_NO_FHI_304_MONTHLY,SRC_NO_FHI_MSIS,E. coli-enteritt,case_notifications,national_notifiable_disease_registry,monthly,count,country:NO:national,all,exact,conditional,non_additive,active,missing_is_unknown,NO_FHI_MSIS_diagnosis_monthly,Norway FHI MSIS national monthly diagnosis series; FHI MSIS aggregate includes EHEC/STEC and other reportable pathotypes; do not add to D115.,,provisional; raw; revised,True,series_registry,single_series,parity,,SER_NO_FHI_304_MONTHLY,1,The public curve is read directly from one registered source series.,fhi_msis,Norway FHI MSIS Statistics Bank,https://allvis.fhi.no/msis,official_json_api,fhi_msis,Norway FHI MSIS Statistics Bank,https://allvis.fhi.no/msis,official_json_api
disease,D241,"escherichia-coli-enteritis,-all-reported-pathotypes","Escherichia coli enteritis, all reported pathotypes",public_projection,NO,Norway,D241,"Escherichia coli enteritis, all reported pathotypes",大肠埃希菌肠炎（所有报告型别）,Bacterial,2001-04-01,2001-04,3,3,,,0.0664649529195506,wpp_computed,,SER_NO_FHI_304_MONTHLY,,,,,,monthly,,,,,,,,,,,,,,series_registry,single_series,parity,,SER_NO_FHI_304_MONTHLY,1,The public curve is read directly from one registered source series.,fhi_msis,Norway FHI MSIS Statistics Bank,https://allvis.fhi.no/msis,official_json_api,fhi_msis,Norway FHI MSIS Statistics Bank,https://allvis.fhi.no/msis,official_json_api
disease,D241,"escherichia-coli-enteritis,-all-reported-pathotypes","Escherichia coli enteritis, all reported pathotypes",source_series_observation,NO,Norway,D241,"Escherichia coli enteritis, all reported pathotypes",大肠埃希菌肠炎（所有报告型别）,Bacterial,2001-04-01,2001-04,3,3,,,,,,SER_NO_FHI_304_MONTHLY,SER_NO_FHI_304_MONTHLY,SRC_NO_FHI_MSIS,E. coli-enteritt,case_notifications,national_notifiable_disease_registry,monthly,count,country:NO:national,all,exact,conditional,non_additive,active,missing_is_unknown,NO_FHI_MSIS_diagnosis_monthly,Norway FHI MSIS national monthly diagnosis series; FHI MSIS aggregate includes EHEC/STEC and other reportable pathotypes; do not add to D115.,,provisional; raw; revised,True,series_registry,single_series,parity,,SER_NO_FHI_304_MONTHLY,1,The public curve is read directly from one registered source series.,fhi_msis,Norway FHI MSIS Statistics Bank,https://allvis.fhi.no/msis,official_json_api,fhi_msis,Norway FHI MSIS Statistics Bank,https://allvis.fhi.no/msis,official_json_api
disease,D241,"escherichia-coli-enteritis,-all-reported-pathotypes","Escherichia coli enteritis, all reported pathotypes",public_projection,NO,Norway,D241,"Escherichia coli enteritis, all reported pathotypes",大肠埃希菌肠炎（所有报告型别）,Bacterial,2001-05-01,2001-05,6,6,,,0.1329299058391012,wpp_computed,,SER_NO_FHI_304_MONTHLY,,,,,,monthly,,,,,,,,,,,,,,series_registry,single_series,parity,,SER_NO_FHI_304_MONTHLY,1,The public curve is read directly from one registered source series.,fhi_msis,Norway FHI MSIS Statistics Bank,https://allvis.fhi.no/msis,official_json_api,fhi_msis,Norway FHI MSIS Statistics Bank,https://allvis.fhi.no/msis,official_json_api
disease,D241,"escherichia-coli-enteritis,-all-reported-pathotypes","Escherichia coli enteritis, all reported pathotypes",source_series_observation,NO,Norway,D241,"Escherichia coli enteritis, all reported pathotypes",大肠埃希菌肠炎（所有报告型别）,Bacterial,2001-05-01,2001-05,6,6,,,,,,SER_NO_FHI_304_MONTHLY,SER_NO_FHI_304_MONTHLY,SRC_NO_FHI_MSIS,E. coli-enteritt,case_notifications,national_notifiable_disease_registry,monthly,count,country:NO:national,all,exact,conditional,non_additive,active,missing_is_unknown,NO_FHI_MSIS_diagnosis_monthly,Norway FHI MSIS national monthly diagnosis series; FHI MSIS aggregate includes EHEC/STEC and other reportable pathotypes; do not add to D115.,,provisional; raw; revised,True,series_registry,single_series,parity,,SER_NO_FHI_304_MONTHLY,1,The public curve is read directly from one registered source series.,fhi_msis,Norway FHI MSIS Statistics Bank,https://allvis.fhi.no/msis,official_json_api,fhi_msis,Norway FHI MSIS Statistics Bank,https://allvis.fhi.no/msis,official_json_api
disease,D241,"escherichia-coli-enteritis,-all-reported-pathotypes","Escherichia coli enteritis, all reported pathotypes",public_projection,NO,Norway,D241,"Escherichia coli enteritis, all reported pathotypes",大肠埃希菌肠炎（所有报告型别）,Bacterial,2001-06-01,2001-06,5,5,,,0.11077492153258434,wpp_computed,,SER_NO_FHI_304_MONTHLY,,,,,,monthly,,,,,,,,,,,,,,series_registry,single_series,parity,,SER_NO_FHI_304_MONTHLY,1,The public curve is read directly from one registered source series.,fhi_msis,Norway FHI MSIS Statistics Bank,https://allvis.fhi.no/msis,official_json_api,fhi_msis,Norway FHI MSIS Statistics Bank,https://allvis.fhi.no/msis,official_json_api
disease,D241,"escherichia-coli-enteritis,-all-reported-pathotypes","Escherichia coli enteritis, all reported pathotypes",source_series_observation,NO,Norway,D241,"Escherichia coli enteritis, all reported pathotypes",大肠埃希菌肠炎（所有报告型别）,Bacterial,2001-06-01,2001-06,5,5,,,,,,SER_NO_FHI_304_MONTHLY,SER_NO_FHI_304_MONTHLY,SRC_NO_FHI_MSIS,E. coli-enteritt,case_notifications,national_notifiable_disease_registry,monthly,count,country:NO:national,all,exact,conditional,non_additive,active,missing_is_unknown,NO_FHI_MSIS_diagnosis_monthly,Norway FHI MSIS national monthly diagnosis series; FHI MSIS aggregate includes EHEC/STEC and other reportable pathotypes; do not add to D115.,,provisional; raw; revised,True,series_registry,single_series,parity,,SER_NO_FHI_304_MONTHLY,1,The public curve is read directly from one registered source series.,fhi_msis,Norway FHI MSIS Statistics Bank,https://allvis.fhi.no/msis,official_json_api,fhi_msis,Norway FHI MSIS Statistics Bank,https://allvis.fhi.no/msis,official_json_api
disease,D241,"escherichia-coli-enteritis,-all-reported-pathotypes","Escherichia coli enteritis, all reported pathotypes",public_projection,NO,Norway,D241,"Escherichia coli enteritis, all reported pathotypes",大肠埃希菌肠炎（所有报告型别）,Bacterial,2001-07-01,2001-07,9,9,,,0.19939485875865182,wpp_computed,,SER_NO_FHI_304_MONTHLY,,,,,,monthly,,,,,,,,,,,,,,series_registry,single_series,parity,,SER_NO_FHI_304_MONTHLY,1,The public curve is read directly from one registered source series.,fhi_msis,Norway FHI MSIS Statistics Bank,https://allvis.fhi.no/msis,official_json_api,fhi_msis,Norway FHI MSIS Statistics Bank,https://allvis.fhi.no/msis,official_json_api
disease,D241,"escherichia-coli-enteritis,-all-reported-pathotypes","Escherichia coli enteritis, all reported pathotypes",source_series_observation,NO,Norway,D241,"Escherichia coli enteritis, all reported pathotypes",大肠埃希菌肠炎（所有报告型别）,Bacterial,2001-07-01,2001-07,9,9,,,,,,SER_NO_FHI_304_MONTHLY,SER_NO_FHI_304_MONTHLY,SRC_NO_FHI_MSIS,E. coli-enteritt,case_notifications,national_notifiable_disease_registry,monthly,count,country:NO:national,all,exact,conditional,non_additive,active,missing_is_unknown,NO_FHI_MSIS_diagnosis_monthly,Norway FHI MSIS national monthly diagnosis series; FHI MSIS aggregate includes EHEC/STEC and other reportable pathotypes; do not add to D115.,,provisional; raw; revised,True,series_registry,single_series,parity,,SER_NO_FHI_304_MONTHLY,1,The public curve is read directly from one registered source series.,fhi_msis,Norway FHI MSIS Statistics Bank,https://allvis.fhi.no/msis,official_json_api,fhi_msis,Norway FHI MSIS Statistics Bank,https://allvis.fhi.no/msis,official_json_api
disease,D241,"escherichia-coli-enteritis,-all-reported-pathotypes","Escherichia coli enteritis, all reported pathotypes",public_projection,NO,Norway,D241,"Escherichia coli enteritis, all reported pathotypes",大肠埃希菌肠炎（所有报告型别）,Bacterial,2001-08-01,2001-08,7,7,,,0.15508489014561808,wpp_computed,,SER_NO_FHI_304_MONTHLY,,,,,,monthly,,,,,,,,,,,,,,series_registry,single_series,parity,,SER_NO_FHI_304_MONTHLY,1,The public curve is read directly from one registered source series.,fhi_msis,Norway FHI MSIS Statistics Bank,https://allvis.fhi.no/msis,official_json_api,fhi_msis,Norway FHI MSIS Statistics Bank,https://allvis.fhi.no/msis,official_json_api
disease,D241,"escherichia-coli-enteritis,-all-reported-pathotypes","Escherichia coli enteritis, all reported pathotypes",source_series_observation,NO,Norway,D241,"Escherichia coli enteritis, all reported pathotypes",大肠埃希菌肠炎（所有报告型别）,Bacterial,2001-08-01,2001-08,7,7,,,,,,SER_NO_FHI_304_MONTHLY,SER_NO_FHI_304_MONTHLY,SRC_NO_FHI_MSIS,E. coli-enteritt,case_notifications,national_notifiable_disease_registry,monthly,count,country:NO:national,all,exact,conditional,non_additive,active,missing_is_unknown,NO_FHI_MSIS_diagnosis_monthly,Norway FHI MSIS national monthly diagnosis series; FHI MSIS aggregate includes EHEC/STEC and other reportable pathotypes; do not add to D115.,,provisional; raw; revised,True,series_registry,single_series,parity,,SER_NO_FHI_304_MONTHLY,1,The public curve is read directly from one registered source series.,fhi_msis,Norway FHI MSIS Statistics Bank,https://allvis.fhi.no/msis,official_json_api,fhi_msis,Norway FHI MSIS Statistics Bank,https://allvis.fhi.no/msis,official_json_api
disease,D241,"escherichia-coli-enteritis,-all-reported-pathotypes","Escherichia coli enteritis, all reported pathotypes",public_projection,NO,Norway,D241,"Escherichia coli enteritis, all reported pathotypes",大肠埃希菌肠炎（所有报告型别）,Bacterial,2001-09-01,2001-09,11,11,,,0.24370482737168553,wpp_computed,,SER_NO_FHI_304_MONTHLY,,,,,,monthly,,,,,,,,,,,,,,series_registry,single_series,parity,,SER_NO_FHI_304_MONTHLY,1,The public curve is read directly from one registered source series.,fhi_msis,Norway FHI MSIS Statistics Bank,https://allvis.fhi.no/msis,official_json_api,fhi_msis,Norway FHI MSIS Statistics Bank,https://allvis.fhi.no/msis,official_json_api
disease,D241,"escherichia-coli-enteritis,-all-reported-pathotypes","Escherichia coli enteritis, all reported pathotypes",source_series_observation,NO,Norway,D241,"Escherichia coli enteritis, all reported pathotypes",大肠埃希菌肠炎（所有报告型别）,Bacterial,2001-09-01,2001-09,11,11,,,,,,SER_NO_FHI_304_MONTHLY,SER_NO_FHI_304_MONTHLY,SRC_NO_FHI_MSIS,E. coli-enteritt,case_notifications,national_notifiable_disease_registry,monthly,count,country:NO:national,all,exact,conditional,non_additive,active,missing_is_unknown,NO_FHI_MSIS_diagnosis_monthly,Norway FHI MSIS national monthly diagnosis series; FHI MSIS aggregate includes EHEC/STEC and other reportable pathotypes; do not add to D115.,,provisional; raw; revised,True,series_registry,single_series,parity,,SER_NO_FHI_304_MONTHLY,1,The public curve is read directly from one registered source series.,fhi_msis,Norway FHI MSIS Statistics Bank,https://allvis.fhi.no/msis,official_json_api,fhi_msis,Norway FHI MSIS Statistics Bank,https://allvis.fhi.no/msis,official_json_api
disease,D241,"escherichia-coli-enteritis,-all-reported-pathotypes","Escherichia coli enteritis, all reported pathotypes",public_projection,NO,Norway,D241,"Escherichia coli enteritis, all reported pathotypes",大肠埃希菌肠炎（所有报告型别）,Bacterial,2001-10-01,2001-10,4,4,,,0.08861993722606747,wpp_computed,,SER_NO_FHI_304_MONTHLY,,,,,,monthly,,,,,,,,,,,,,,series_registry,single_series,parity,,SER_NO_FHI_304_MONTHLY,1,The public curve is read directly from one registered source series.,fhi_msis,Norway FHI MSIS Statistics Bank,https://allvis.fhi.no/msis,official_json_api,fhi_msis,Norway FHI MSIS Statistics Bank,https://allvis.fhi.no/msis,official_json_api
disease,D241,"escherichia-coli-enteritis,-all-reported-pathotypes","Escherichia coli enteritis, all reported pathotypes",source_series_observation,NO,Norway,D241,"Escherichia coli enteritis, all reported pathotypes",大肠埃希菌肠炎（所有报告型别）,Bacterial,2001-10-01,2001-10,4,4,,,,,,SER_NO_FHI_304_MONTHLY,SER_NO_FHI_304_MONTHLY,SRC_NO_FHI_MSIS,E. coli-enteritt,case_notifications,national_notifiable_disease_registry,monthly,count,country:NO:national,all,exact,conditional,non_additive,active,missing_is_unknown,NO_FHI_MSIS_diagnosis_monthly,Norway FHI MSIS national monthly diagnosis series; FHI MSIS aggregate includes EHEC/STEC and other reportable pathotypes; do not add to D115.,,provisional; raw; revised,True,series_registry,single_series,parity,,SER_NO_FHI_304_MONTHLY,1,The public curve is read directly from one registered source series.,fhi_msis,Norway FHI MSIS Statistics Bank,https://allvis.fhi.no/msis,official_json_api,fhi_msis,Norway FHI MSIS Statistics Bank,https://allvis.fhi.no/msis,official_json_api
disease,D241,"escherichia-coli-enteritis,-all-reported-pathotypes","Escherichia coli enteritis, all reported pathotypes",public_projection,NO,Norway,D241,"Escherichia coli enteritis, all reported pathotypes",大肠埃希菌肠炎（所有报告型别）,Bacterial,2001-11-01,2001-11,0,0,,,0.0,wpp_computed,,SER_NO_FHI_304_MONTHLY,,,,,,monthly,,,,,,,,,,,,,,series_registry,single_series,parity,,SER_NO_FHI_304_MONTHLY,1,The public curve is read directly from one registered source series.,fhi_msis,Norway FHI MSIS Statistics Bank,https://allvis.fhi.no/msis,official_json_api,fhi_msis,Norway FHI MSIS Statistics Bank,https://allvis.fhi.no/msis,official_json_api
disease,D241,"escherichia-coli-enteritis,-all-reported-pathotypes","Escherichia coli enteritis, all reported pathotypes",source_series_observation,NO,Norway,D241,"Escherichia coli enteritis, all reported pathotypes",大肠埃希菌肠炎（所有报告型别）,Bacterial,2001-11-01,2001-11,0,0,,,,,,SER_NO_FHI_304_MONTHLY,SER_NO_FHI_304_MONTHLY,SRC_NO_FHI_MSIS,E. coli-enteritt,case_notifications,national_notifiable_disease_registry,monthly,count,country:NO:national,all,exact,conditional,non_additive,active,missing_is_unknown,NO_FHI_MSIS_diagnosis_monthly,Norway FHI MSIS national monthly diagnosis series; FHI MSIS aggregate includes EHEC/STEC and other reportable pathotypes; do not add to D115.,,provisional; raw; revised,True,series_registry,single_series,parity,,SER_NO_FHI_304_MONTHLY,1,The public curve is read directly from one registered source series.,fhi_msis,Norway FHI MSIS Statistics Bank,https://allvis.fhi.no/msis,official_json_api,fhi_msis,Norway FHI MSIS Statistics Bank,https://allvis.fhi.no/msis,official_json_api
disease,D241,"escherichia-coli-enteritis,-all-reported-pathotypes","Escherichia coli enteritis, all reported pathotypes",public_projection,NO,Norway,D241,"Escherichia coli enteritis, all reported pathotypes",大肠埃希菌肠炎（所有报告型别）,Bacterial,2001-12-01,2001-12,3,3,,,0.0664649529195506,wpp_computed,,SER_NO_FHI_304_MONTHLY,,,,,,monthly,,,,,,,,,,,,,,series_registry,single_series,parity,,SER_NO_FHI_304_MONTHLY,1,The public curve is read directly from one registered source series.,fhi_msis,Norway FHI MSIS Statistics Bank,https://allvis.fhi.no/msis,official_json_api,fhi_msis,Norway FHI MSIS Statistics Bank,https://allvis.fhi.no/msis,official_json_api
disease,D241,"escherichia-coli-enteritis,-all-reported-pathotypes","Escherichia coli enteritis, all reported pathotypes",source_series_observation,NO,Norway,D241,"Escherichia coli enteritis, all reported pathotypes",大肠埃希菌肠炎（所有报告型别）,Bacterial,2001-12-01,2001-12,3,3,,,,,,SER_NO_FHI_304_MONTHLY,SER_NO_FHI_304_MONTHLY,SRC_NO_FHI_MSIS,E. coli-enteritt,case_notifications,national_notifiable_disease_registry,monthly,count,country:NO:national,all,exact,conditional,non_additive,active,missing_is_unknown,NO_FHI_MSIS_diagnosis_monthly,Norway FHI MSIS national monthly diagnosis series; FHI MSIS aggregate includes EHEC/STEC and other reportable pathotypes; do not add to D115.,,provisional; raw; revised,True,series_registry,single_series,parity,,SER_NO_FHI_304_MONTHLY,1,The public curve is read directly from one registered source series.,fhi_msis,Norway FHI MSIS Statistics Bank,https://allvis.fhi.no/msis,official_json_api,fhi_msis,Norway FHI MSIS Statistics Bank,https://allvis.fhi.no/msis,official_json_api
disease,D241,"escherichia-coli-enteritis,-all-reported-pathotypes","Escherichia coli enteritis, all reported pathotypes",public_projection,NO,Norway,D241,"Escherichia coli enteritis, all reported pathotypes",大肠埃希菌肠炎（所有报告型别）,Bacterial,2002-01-01,2002-01,1,1,,,0.022036071285809165,wpp_computed,,SER_NO_FHI_304_MONTHLY,,,,,,monthly,,,,,,,,,,,,,,series_registry,single_series,parity,,SER_NO_FHI_304_MONTHLY,1,The public curve is read directly from one registered source series.,fhi_msis,Norway FHI MSIS Statistics Bank,https://allvis.fhi.no/msis,official_json_api,fhi_msis,Norway FHI MSIS Statistics Bank,https://allvis.fhi.no/msis,official_json_api
disease,D241,"escherichia-coli-enteritis,-all-reported-pathotypes","Escherichia coli enteritis, all reported pathotypes",source_series_observation,NO,Norway,D241,"Escherichia coli enteritis, all reported pathotypes",大肠埃希菌肠炎（所有报告型别）,Bacterial,2002-01-01,2002-01,1,1,,,,,,SER_NO_FHI_304_MONTHLY,SER_NO_FHI_304_MONTHLY,SRC_NO_FHI_MSIS,E. coli-enteritt,case_notifications,national_notifiable_disease_registry,monthly,count,country:NO:national,all,exact,conditional,non_additive,active,missing_is_unknown,NO_FHI_MSIS_diagnosis_monthly,Norway FHI MSIS national monthly diagnosis series; FHI MSIS aggregate includes EHEC/STEC and other reportable pathotypes; do not add to D115.,,provisional; raw; revised,True,series_registry,single_series,parity,,SER_NO_FHI_304_MONTHLY,1,The public curve is read directly from one registered source series.,fhi_msis,Norway FHI MSIS Statistics Bank,https://allvis.fhi.no/msis,official_json_api,fhi_msis,Norway FHI MSIS Statistics Bank,https://allvis.fhi.no/msis,official_json_api
disease,D241,"escherichia-coli-enteritis,-all-reported-pathotypes","Escherichia coli enteritis, all reported pathotypes",public_projection,NO,Norway,D241,"Escherichia coli enteritis, all reported pathotypes",大肠埃希菌肠炎（所有报告型别）,Bacterial,2002-02-01,2002-02,1,1,,,0.022036071285809165,wpp_computed,,SER_NO_FHI_304_MONTHLY,,,,,,monthly,,,,,,,,,,,,,,series_registry,single_series,parity,,SER_NO_FHI_304_MONTHLY,1,The public curve is read directly from one registered source series.,fhi_msis,Norway FHI MSIS Statistics Bank,https://allvis.fhi.no/msis,official_json_api,fhi_msis,Norway FHI MSIS Statistics Bank,https://allvis.fhi.no/msis,official_json_api
disease,D241,"escherichia-coli-enteritis,-all-reported-pathotypes","Escherichia coli enteritis, all reported pathotypes",source_series_observation,NO,Norway,D241,"Escherichia coli enteritis, all reported pathotypes",大肠埃希菌肠炎（所有报告型别）,Bacterial,2002-02-01,2002-02,1,1,,,,,,SER_NO_FHI_304_MONTHLY,SER_NO_FHI_304_MONTHLY,SRC_NO_FHI_MSIS,E. coli-enteritt,case_notifications,national_notifiable_disease_registry,monthly,count,country:NO:national,all,exact,conditional,non_additive,active,missing_is_unknown,NO_FHI_MSIS_diagnosis_monthly,Norway FHI MSIS national monthly diagnosis series; FHI MSIS aggregate includes EHEC/STEC and other reportable pathotypes; do not add to D115.,,provisional; raw; revised,True,series_registry,single_series,parity,,SER_NO_FHI_304_MONTHLY,1,The public curve is read directly from one registered source series.,fhi_msis,Norway FHI MSIS Statistics Bank,https://allvis.fhi.no/msis,official_json_api,fhi_msis,Norway FHI MSIS Statistics Bank,https://allvis.fhi.no/msis,official_json_api
disease,D241,"escherichia-coli-enteritis,-all-reported-pathotypes","Escherichia coli enteritis, all reported pathotypes",public_projection,NO,Norway,D241,"Escherichia coli enteritis, all reported pathotypes",大肠埃希菌肠炎（所有报告型别）,Bacterial,2002-03-01,2002-03,0,0,,,0.0,wpp_computed,,SER_NO_FHI_304_MONTHLY,,,,,,monthly,,,,,,,,,,,,,,series_registry,single_series,parity,,SER_NO_FHI_304_MONTHLY,1,The public curve is read directly from one registered source series.,fhi_msis,Norway FHI MSIS Statistics Bank,https://allvis.fhi.no/msis,official_json_api,fhi_msis,Norway FHI MSIS Statistics Bank,https://allvis.fhi.no/msis,official_json_api
disease,D241,"escherichia-coli-enteritis,-all-reported-pathotypes","Escherichia coli enteritis, all reported pathotypes",source_series_observation,NO,Norway,D241,"Escherichia coli enteritis, all reported pathotypes",大肠埃希菌肠炎（所有报告型别）,Bacterial,2002-03-01,2002-03,0,0,,,,,,SER_NO_FHI_304_MONTHLY,SER_NO_FHI_304_MONTHLY,SRC_NO_FHI_MSIS,E. coli-enteritt,case_notifications,national_notifiable_disease_registry,monthly,count,country:NO:national,all,exact,conditional,non_additive,active,missing_is_unknown,NO_FHI_MSIS_diagnosis_monthly,Norway FHI MSIS national monthly diagnosis series; FHI MSIS aggregate includes EHEC/STEC and other reportable pathotypes; do not add to D115.,,provisional; raw; revised,True,series_registry,single_series,parity,,SER_NO_FHI_304_MONTHLY,1,The public curve is read directly from one registered source series.,fhi_msis,Norway FHI MSIS Statistics Bank,https://allvis.fhi.no/msis,official_json_api,fhi_msis,Norway FHI MSIS Statistics Bank,https://allvis.fhi.no/msis,official_json_api
disease,D241,"escherichia-coli-enteritis,-all-reported-pathotypes","Escherichia coli enteritis, all reported pathotypes",public_projection,NO,Norway,D241,"Escherichia coli enteritis, all reported pathotypes",大肠埃希菌肠炎（所有报告型别）,Bacterial,2002-04-01,2002-04,1,1,,,0.022036071285809165,wpp_computed,,SER_NO_FHI_304_MONTHLY,,,,,,monthly,,,,,,,,,,,,,,series_registry,single_series,parity,,SER_NO_FHI_304_MONTHLY,1,The public curve is read directly from one registered source series.,fhi_msis,Norway FHI MSIS Statistics Bank,https://allvis.fhi.no/msis,official_json_api,fhi_msis,Norway FHI MSIS Statistics Bank,https://allvis.fhi.no/msis,official_json_api
disease,D241,"escherichia-coli-enteritis,-all-reported-pathotypes","Escherichia coli enteritis, all reported pathotypes",source_series_observation,NO,Norway,D241,"Escherichia coli enteritis, all reported pathotypes",大肠埃希菌肠炎（所有报告型别）,Bacterial,2002-04-01,2002-04,1,1,,,,,,SER_NO_FHI_304_MONTHLY,SER_NO_FHI_304_MONTHLY,SRC_NO_FHI_MSIS,E. coli-enteritt,case_notifications,national_notifiable_disease_registry,monthly,count,country:NO:national,all,exact,conditional,non_additive,active,missing_is_unknown,NO_FHI_MSIS_diagnosis_monthly,Norway FHI MSIS national monthly diagnosis series; FHI MSIS aggregate includes EHEC/STEC and other reportable pathotypes; do not add to D115.,,provisional; raw; revised,True,series_registry,single_series,parity,,SER_NO_FHI_304_MONTHLY,1,The public curve is read directly from one registered source series.,fhi_msis,Norway FHI MSIS Statistics Bank,https://allvis.fhi.no/msis,official_json_api,fhi_msis,Norway FHI MSIS Statistics Bank,https://allvis.fhi.no/msis,official_json_api
disease,D241,"escherichia-coli-enteritis,-all-reported-pathotypes","Escherichia coli enteritis, all reported pathotypes",public_projection,NO,Norway,D241,"Escherichia coli enteritis, all reported pathotypes",大肠埃希菌肠炎（所有报告型别）,Bacterial,2002-05-01,2002-05,1,1,,,0.022036071285809165,wpp_computed,,SER_NO_FHI_304_MONTHLY,,,,,,monthly,,,,,,,,,,,,,,series_registry,single_series,parity,,SER_NO_FHI_304_MONTHLY,1,The public curve is read directly from one registered source series.,fhi_msis,Norway FHI MSIS Statistics Bank,https://allvis.fhi.no/msis,official_json_api,fhi_msis,Norway FHI MSIS Statistics Bank,https://allvis.fhi.no/msis,official_json_api
disease,D241,"escherichia-coli-enteritis,-all-reported-pathotypes","Escherichia coli enteritis, all reported pathotypes",source_series_observation,NO,Norway,D241,"Escherichia coli enteritis, all reported pathotypes",大肠埃希菌肠炎（所有报告型别）,Bacterial,2002-05-01,2002-05,1,1,,,,,,SER_NO_FHI_304_MONTHLY,SER_NO_FHI_304_MONTHLY,SRC_NO_FHI_MSIS,E. coli-enteritt,case_notifications,national_notifiable_disease_registry,monthly,count,country:NO:national,all,exact,conditional,non_additive,active,missing_is_unknown,NO_FHI_MSIS_diagnosis_monthly,Norway FHI MSIS national monthly diagnosis series; FHI MSIS aggregate includes EHEC/STEC and other reportable pathotypes; do not add to D115.,,provisional; raw; revised,True,series_registry,single_series,parity,,SER_NO_FHI_304_MONTHLY,1,The public curve is read directly from one registered source series.,fhi_msis,Norway FHI MSIS Statistics Bank,https://allvis.fhi.no/msis,official_json_api,fhi_msis,Norway FHI MSIS Statistics Bank,https://allvis.fhi.no/msis,official_json_api
disease,D241,"escherichia-coli-enteritis,-all-reported-pathotypes","Escherichia coli enteritis, all reported pathotypes",public_projection,NO,Norway,D241,"Escherichia coli enteritis, all reported pathotypes",大肠埃希菌肠炎（所有报告型别）,Bacterial,2002-06-01,2002-06,5,5,,,0.11018035642904583,wpp_computed,,SER_NO_FHI_304_MONTHLY,,,,,,monthly,,,,,,,,,,,,,,series_registry,single_series,parity,,SER_NO_FHI_304_MONTHLY,1,The public curve is read directly from one registered source series.,fhi_msis,Norway FHI MSIS Statistics Bank,https://allvis.fhi.no/msis,official_json_api,fhi_msis,Norway FHI MSIS Statistics Bank,https://allvis.fhi.no/msis,official_json_api
disease,D241,"escherichia-coli-enteritis,-all-reported-pathotypes","Escherichia coli enteritis, all reported pathotypes",source_series_observation,NO,Norway,D241,"Escherichia coli enteritis, all reported pathotypes",大肠埃希菌肠炎（所有报告型别）,Bacterial,2002-06-01,2002-06,5,5,,,,,,SER_NO_FHI_304_MONTHLY,SER_NO_FHI_304_MONTHLY,SRC_NO_FHI_MSIS,E. coli-enteritt,case_notifications,national_notifiable_disease_registry,monthly,count,country:NO:national,all,exact,conditional,non_additive,active,missing_is_unknown,NO_FHI_MSIS_diagnosis_monthly,Norway FHI MSIS national monthly diagnosis series; FHI MSIS aggregate includes EHEC/STEC and other reportable pathotypes; do not add to D115.,,provisional; raw; revised,True,series_registry,single_series,parity,,SER_NO_FHI_304_MONTHLY,1,The public curve is read directly from one registered source series.,fhi_msis,Norway FHI MSIS Statistics Bank,https://allvis.fhi.no/msis,official_json_api,fhi_msis,Norway FHI MSIS Statistics Bank,https://allvis.fhi.no/msis,official_json_api
disease,D241,"escherichia-coli-enteritis,-all-reported-pathotypes","Escherichia coli enteritis, all reported pathotypes",public_projection,NO,Norway,D241,"Escherichia coli enteritis, all reported pathotypes",大肠埃希菌肠炎（所有报告型别）,Bacterial,2002-07-01,2002-07,5,5,,,0.11018035642904583,wpp_computed,,SER_NO_FHI_304_MONTHLY,,,,,,monthly,,,,,,,,,,,,,,series_registry,single_series,parity,,SER_NO_FHI_304_MONTHLY,1,The public curve is read directly from one registered source series.,fhi_msis,Norway FHI MSIS Statistics Bank,https://allvis.fhi.no/msis,official_json_api,fhi_msis,Norway FHI MSIS Statistics Bank,https://allvis.fhi.no/msis,official_json_api
disease,D241,"escherichia-coli-enteritis,-all-reported-pathotypes","Escherichia coli enteritis, all reported pathotypes",source_series_observation,NO,Norway,D241,"Escherichia coli enteritis, all reported pathotypes",大肠埃希菌肠炎（所有报告型别）,Bacterial,2002-07-01,2002-07,5,5,,,,,,SER_NO_FHI_304_MONTHLY,SER_NO_FHI_304_MONTHLY,SRC_NO_FHI_MSIS,E. coli-enteritt,case_notifications,national_notifiable_disease_registry,monthly,count,country:NO:national,all,exact,conditional,non_additive,active,missing_is_unknown,NO_FHI_MSIS_diagnosis_monthly,Norway FHI MSIS national monthly diagnosis series; FHI MSIS aggregate includes EHEC/STEC and other reportable pathotypes; do not add to D115.,,provisional; raw; revised,True,series_registry,single_series,parity,,SER_NO_FHI_304_MONTHLY,1,The public curve is read directly from one registered source series.,fhi_msis,Norway FHI MSIS Statistics Bank,https://allvis.fhi.no/msis,official_json_api,fhi_msis,Norway FHI MSIS Statistics Bank,https://allvis.fhi.no/msis,official_json_api
disease,D241,"escherichia-coli-enteritis,-all-reported-pathotypes","Escherichia coli enteritis, all reported pathotypes",public_projection,NO,Norway,D241,"Escherichia coli enteritis, all reported pathotypes",大肠埃希菌肠炎（所有报告型别）,Bacterial,2002-08-01,2002-08,7,7,,,0.15425249900066418,wpp_computed,,SER_NO_FHI_304_MONTHLY,,,,,,monthly,,,,,,,,,,,,,,series_registry,single_series,parity,,SER_NO_FHI_304_MONTHLY,1,The public curve is read directly from one registered source series.,fhi_msis,Norway FHI MSIS Statistics Bank,https://allvis.fhi.no/msis,official_json_api,fhi_msis,Norway FHI MSIS Statistics Bank,https://allvis.fhi.no/msis,official_json_api
disease,D241,"escherichia-coli-enteritis,-all-reported-pathotypes","Escherichia coli enteritis, all reported pathotypes",source_series_observation,NO,Norway,D241,"Escherichia coli enteritis, all reported pathotypes",大肠埃希菌肠炎（所有报告型别）,Bacterial,2002-08-01,2002-08,7,7,,,,,,SER_NO_FHI_304_MONTHLY,SER_NO_FHI_304_MONTHLY,SRC_NO_FHI_MSIS,E. coli-enteritt,case_notifications,national_notifiable_disease_registry,monthly,count,country:NO:national,all,exact,conditional,non_additive,active,missing_is_unknown,NO_FHI_MSIS_diagnosis_monthly,Norway FHI MSIS national monthly diagnosis series; FHI MSIS aggregate includes EHEC/STEC and other reportable pathotypes; do not add to D115.,,provisional; raw; revised,True,series_registry,single_series,parity,,SER_NO_FHI_304_MONTHLY,1,The public curve is read directly from one registered source series.,fhi_msis,Norway FHI MSIS Statistics Bank,https://allvis.fhi.no/msis,official_json_api,fhi_msis,Norway FHI MSIS Statistics Bank,https://allvis.fhi.no/msis,official_json_api
disease,D241,"escherichia-coli-enteritis,-all-reported-pathotypes","Escherichia coli enteritis, all reported pathotypes",public_projection,NO,Norway,D241,"Escherichia coli enteritis, all reported pathotypes",大肠埃希菌肠炎（所有报告型别）,Bacterial,2002-09-01,2002-09,2,2,,,0.04407214257161833,wpp_computed,,SER_NO_FHI_304_MONTHLY,,,,,,monthly,,,,,,,,,,,,,,series_registry,single_series,parity,,SER_NO_FHI_304_MONTHLY,1,The public curve is read directly from one registered source series.,fhi_msis,Norway FHI MSIS Statistics Bank,https://allvis.fhi.no/msis,official_json_api,fhi_msis,Norway FHI MSIS Statistics Bank,https://allvis.fhi.no/msis,official_json_api
disease,D241,"escherichia-coli-enteritis,-all-reported-pathotypes","Escherichia coli enteritis, all reported pathotypes",source_series_observation,NO,Norway,D241,"Escherichia coli enteritis, all reported pathotypes",大肠埃希菌肠炎（所有报告型别）,Bacterial,2002-09-01,2002-09,2,2,,,,,,SER_NO_FHI_304_MONTHLY,SER_NO_FHI_304_MONTHLY,SRC_NO_FHI_MSIS,E. coli-enteritt,case_notifications,national_notifiable_disease_registry,monthly,count,country:NO:national,all,exact,conditional,non_additive,active,missing_is_unknown,NO_FHI_MSIS_diagnosis_monthly,Norway FHI MSIS national monthly diagnosis series; FHI MSIS aggregate includes EHEC/STEC and other reportable pathotypes; do not add to D115.,,provisional; raw; revised,True,series_registry,single_series,parity,,SER_NO_FHI_304_MONTHLY,1,The public curve is read directly from one registered source series.,fhi_msis,Norway FHI MSIS Statistics Bank,https://allvis.fhi.no/msis,official_json_api,fhi_msis,Norway FHI MSIS Statistics Bank,https://allvis.fhi.no/msis,official_json_api
disease,D241,"escherichia-coli-enteritis,-all-reported-pathotypes","Escherichia coli enteritis, all reported pathotypes",public_projection,NO,Norway,D241,"Escherichia coli enteritis, all reported pathotypes",大肠埃希菌肠炎（所有报告型别）,Bacterial,2002-10-01,2002-10,12,12,,,0.26443285542971,wpp_computed,,SER_NO_FHI_304_MONTHLY,,,,,,monthly,,,,,,,,,,,,,,series_registry,single_series,parity,,SER_NO_FHI_304_MONTHLY,1,The public curve is read directly from one registered source series.,fhi_msis,Norway FHI MSIS Statistics Bank,https://allvis.fhi.no/msis,official_json_api,fhi_msis,Norway FHI MSIS Statistics Bank,https://allvis.fhi.no/msis,official_json_api
disease,D241,"escherichia-coli-enteritis,-all-reported-pathotypes","Escherichia coli enteritis, all reported pathotypes",source_series_observation,NO,Norway,D241,"Escherichia coli enteritis, all reported pathotypes",大肠埃希菌肠炎（所有报告型别）,Bacterial,2002-10-01,2002-10,12,12,,,,,,SER_NO_FHI_304_MONTHLY,SER_NO_FHI_304_MONTHLY,SRC_NO_FHI_MSIS,E. coli-enteritt,case_notifications,national_notifiable_disease_registry,monthly,count,country:NO:national,all,exact,conditional,non_additive,active,missing_is_unknown,NO_FHI_MSIS_diagnosis_monthly,Norway FHI MSIS national monthly diagnosis series; FHI MSIS aggregate includes EHEC/STEC and other reportable pathotypes; do not add to D115.,,provisional; raw; revised,True,series_registry,single_series,parity,,SER_NO_FHI_304_MONTHLY,1,The public curve is read directly from one registered source series.,fhi_msis,Norway FHI MSIS Statistics Bank,https://allvis.fhi.no/msis,official_json_api,fhi_msis,Norway FHI MSIS Statistics Bank,https://allvis.fhi.no/msis,official_json_api
disease,D241,"escherichia-coli-enteritis,-all-reported-pathotypes","Escherichia coli enteritis, all reported pathotypes",public_projection,NO,Norway,D241,"Escherichia coli enteritis, all reported pathotypes",大肠埃希菌肠炎（所有报告型别）,Bacterial,2002-11-01,2002-11,5,5,,,0.11018035642904583,wpp_computed,,SER_NO_FHI_304_MONTHLY,,,,,,monthly,,,,,,,,,,,,,,series_registry,single_series,parity,,SER_NO_FHI_304_MONTHLY,1,The public curve is read directly from one registered source series.,fhi_msis,Norway FHI MSIS Statistics Bank,https://allvis.fhi.no/msis,official_json_api,fhi_msis,Norway FHI MSIS Statistics Bank,https://allvis.fhi.no/msis,official_json_api
disease,D241,"escherichia-coli-enteritis,-all-reported-pathotypes","Escherichia coli enteritis, all reported pathotypes",source_series_observation,NO,Norway,D241,"Escherichia coli enteritis, all reported pathotypes",大肠埃希菌肠炎（所有报告型别）,Bacterial,2002-11-01,2002-11,5,5,,,,,,SER_NO_FHI_304_MONTHLY,SER_NO_FHI_304_MONTHLY,SRC_NO_FHI_MSIS,E. coli-enteritt,case_notifications,national_notifiable_disease_registry,monthly,count,country:NO:national,all,exact,conditional,non_additive,active,missing_is_unknown,NO_FHI_MSIS_diagnosis_monthly,Norway FHI MSIS national monthly diagnosis series; FHI MSIS aggregate includes EHEC/STEC and other reportable pathotypes; do not add to D115.,,provisional; raw; revised,True,series_registry,single_series,parity,,SER_NO_FHI_304_MONTHLY,1,The public curve is read directly from one registered source series.,fhi_msis,Norway FHI MSIS Statistics Bank,https://allvis.fhi.no/msis,official_json_api,fhi_msis,Norway FHI MSIS Statistics Bank,https://allvis.fhi.no/msis,official_json_api
disease,D241,"escherichia-coli-enteritis,-all-reported-pathotypes","Escherichia coli enteritis, all reported pathotypes",public_projection,NO,Norway,D241,"Escherichia coli enteritis, all reported pathotypes",大肠埃希菌肠炎（所有报告型别）,Bacterial,2002-12-01,2002-12,6,6,,,0.132216427714855,wpp_computed,,SER_NO_FHI_304_MONTHLY,,,,,,monthly,,,,,,,,,,,,,,series_registry,single_series,parity,,SER_NO_FHI_304_MONTHLY,1,The public curve is read directly from one registered source series.,fhi_msis,Norway FHI MSIS Statistics Bank,https://allvis.fhi.no/msis,official_json_api,fhi_msis,Norway FHI MSIS Statistics Bank,https://allvis.fhi.no/msis,official_json_api
disease,D241,"escherichia-coli-enteritis,-all-reported-pathotypes","Escherichia coli enteritis, all reported pathotypes",source_series_observation,NO,Norway,D241,"Escherichia coli enteritis, all reported pathotypes",大肠埃希菌肠炎（所有报告型别）,Bacterial,2002-12-01,2002-12,6,6,,,,,,SER_NO_FHI_304_MONTHLY,SER_NO_FHI_304_MONTHLY,SRC_NO_FHI_MSIS,E. coli-enteritt,case_notifications,national_notifiable_disease_registry,monthly,count,country:NO:national,all,exact,conditional,non_additive,active,missing_is_unknown,NO_FHI_MSIS_diagnosis_monthly,Norway FHI MSIS national monthly diagnosis series; FHI MSIS aggregate includes EHEC/STEC and other reportable pathotypes; do not add to D115.,,provisional; raw; revised,True,series_registry,single_series,parity,,SER_NO_FHI_304_MONTHLY,1,The public curve is read directly from one registered source series.,fhi_msis,Norway FHI MSIS Statistics Bank,https://allvis.fhi.no/msis,official_json_api,fhi_msis,Norway FHI MSIS Statistics Bank,https://allvis.fhi.no/msis,official_json_api
disease,D241,"escherichia-coli-enteritis,-all-reported-pathotypes","Escherichia coli enteritis, all reported pathotypes",public_projection,NO,Norway,D241,"Escherichia coli enteritis, all reported pathotypes",大肠埃希菌肠炎（所有报告型别）,Bacterial,2003-01-01,2003-01,3,3,,,0.06572218051297914,wpp_computed,,SER_NO_FHI_304_MONTHLY,,,,,,monthly,,,,,,,,,,,,,,series_registry,single_series,parity,,SER_NO_FHI_304_MONTHLY,1,The public curve is read directly from one registered source series.,fhi_msis,Norway FHI MSIS Statistics Bank,https://allvis.fhi.no/msis,official_json_api,fhi_msis,Norway FHI MSIS Statistics Bank,https://allvis.fhi.no/msis,official_json_api
disease,D241,"escherichia-coli-enteritis,-all-reported-pathotypes","Escherichia coli enteritis, all reported pathotypes",source_series_observation,NO,Norway,D241,"Escherichia coli enteritis, all reported pathotypes",大肠埃希菌肠炎（所有报告型别）,Bacterial,2003-01-01,2003-01,3,3,,,,,,SER_NO_FHI_304_MONTHLY,SER_NO_FHI_304_MONTHLY,SRC_NO_FHI_MSIS,E. coli-enteritt,case_notifications,national_notifiable_disease_registry,monthly,count,country:NO:national,all,exact,conditional,non_additive,active,missing_is_unknown,NO_FHI_MSIS_diagnosis_monthly,Norway FHI MSIS national monthly diagnosis series; FHI MSIS aggregate includes EHEC/STEC and other reportable pathotypes; do not add to D115.,,provisional; raw; revised,True,series_registry,single_series,parity,,SER_NO_FHI_304_MONTHLY,1,The public curve is read directly from one registered source series.,fhi_msis,Norway FHI MSIS Statistics Bank,https://allvis.fhi.no/msis,official_json_api,fhi_msis,Norway FHI MSIS Statistics Bank,https://allvis.fhi.no/msis,official_json_api
disease,D241,"escherichia-coli-enteritis,-all-reported-pathotypes","Escherichia coli enteritis, all reported pathotypes",public_projection,NO,Norway,D241,"Escherichia coli enteritis, all reported pathotypes",大肠埃希菌肠炎（所有报告型别）,Bacterial,2003-02-01,2003-02,2,2,,,0.04381478700865277,wpp_computed,,SER_NO_FHI_304_MONTHLY,,,,,,monthly,,,,,,,,,,,,,,series_registry,single_series,parity,,SER_NO_FHI_304_MONTHLY,1,The public curve is read directly from one registered source series.,fhi_msis,Norway FHI MSIS Statistics Bank,https://allvis.fhi.no/msis,official_json_api,fhi_msis,Norway FHI MSIS Statistics Bank,https://allvis.fhi.no/msis,official_json_api
disease,D241,"escherichia-coli-enteritis,-all-reported-pathotypes","Escherichia coli enteritis, all reported pathotypes",source_series_observation,NO,Norway,D241,"Escherichia coli enteritis, all reported pathotypes",大肠埃希菌肠炎（所有报告型别）,Bacterial,2003-02-01,2003-02,2,2,,,,,,SER_NO_FHI_304_MONTHLY,SER_NO_FHI_304_MONTHLY,SRC_NO_FHI_MSIS,E. coli-enteritt,case_notifications,national_notifiable_disease_registry,monthly,count,country:NO:national,all,exact,conditional,non_additive,active,missing_is_unknown,NO_FHI_MSIS_diagnosis_monthly,Norway FHI MSIS national monthly diagnosis series; FHI MSIS aggregate includes EHEC/STEC and other reportable pathotypes; do not add to D115.,,provisional; raw; revised,True,series_registry,single_series,parity,,SER_NO_FHI_304_MONTHLY,1,The public curve is read directly from one registered source series.,fhi_msis,Norway FHI MSIS Statistics Bank,https://allvis.fhi.no/msis,official_json_api,fhi_msis,Norway FHI MSIS Statistics Bank,https://allvis.fhi.no/msis,official_json_api
disease,D241,"escherichia-coli-enteritis,-all-reported-pathotypes","Escherichia coli enteritis, all reported pathotypes",public_projection,NO,Norway,D241,"Escherichia coli enteritis, all reported pathotypes",大肠埃希菌肠炎（所有报告型别）,Bacterial,2003-03-01,2003-03,5,5,,,0.1095369675216319,wpp_computed,,SER_NO_FHI_304_MONTHLY,,,,,,monthly,,,,,,,,,,,,,,series_registry,single_series,parity,,SER_NO_FHI_304_MONTHLY,1,The public curve is read directly from one registered source series.,fhi_msis,Norway FHI MSIS Statistics Bank,https://allvis.fhi.no/msis,official_json_api,fhi_msis,Norway FHI MSIS Statistics Bank,https://allvis.fhi.no/msis,official_json_api
disease,D241,"escherichia-coli-enteritis,-all-reported-pathotypes","Escherichia coli enteritis, all reported pathotypes",source_series_observation,NO,Norway,D241,"Escherichia coli enteritis, all reported pathotypes",大肠埃希菌肠炎（所有报告型别）,Bacterial,2003-03-01,2003-03,5,5,,,,,,SER_NO_FHI_304_MONTHLY,SER_NO_FHI_304_MONTHLY,SRC_NO_FHI_MSIS,E. coli-enteritt,case_notifications,national_notifiable_disease_registry,monthly,count,country:NO:national,all,exact,conditional,non_additive,active,missing_is_unknown,NO_FHI_MSIS_diagnosis_monthly,Norway FHI MSIS national monthly diagnosis series; FHI MSIS aggregate includes EHEC/STEC and other reportable pathotypes; do not add to D115.,,provisional; raw; revised,True,series_registry,single_series,parity,,SER_NO_FHI_304_MONTHLY,1,The public curve is read directly from one registered source series.,fhi_msis,Norway FHI MSIS Statistics Bank,https://allvis.fhi.no/msis,official_json_api,fhi_msis,Norway FHI MSIS Statistics Bank,https://allvis.fhi.no/msis,official_json_api
disease,D241,"escherichia-coli-enteritis,-all-reported-pathotypes","Escherichia coli enteritis, all reported pathotypes",public_projection,NO,Norway,D241,"Escherichia coli enteritis, all reported pathotypes",大肠埃希菌肠炎（所有报告型别）,Bacterial,2003-04-01,2003-04,5,5,,,0.1095369675216319,wpp_computed,,SER_NO_FHI_304_MONTHLY,,,,,,monthly,,,,,,,,,,,,,,series_registry,single_series,parity,,SER_NO_FHI_304_MONTHLY,1,The public curve is read directly from one registered source series.,fhi_msis,Norway FHI MSIS Statistics Bank,https://allvis.fhi.no/msis,official_json_api,fhi_msis,Norway FHI MSIS Statistics Bank,https://allvis.fhi.no/msis,official_json_api
disease,D241,"escherichia-coli-enteritis,-all-reported-pathotypes","Escherichia coli enteritis, all reported pathotypes",source_series_observation,NO,Norway,D241,"Escherichia coli enteritis, all reported pathotypes",大肠埃希菌肠炎（所有报告型别）,Bacterial,2003-04-01,2003-04,5,5,,,,,,SER_NO_FHI_304_MONTHLY,SER_NO_FHI_304_MONTHLY,SRC_NO_FHI_MSIS,E. coli-enteritt,case_notifications,national_notifiable_disease_registry,monthly,count,country:NO:national,all,exact,conditional,non_additive,active,missing_is_unknown,NO_FHI_MSIS_diagnosis_monthly,Norway FHI MSIS national monthly diagnosis series; FHI MSIS aggregate includes EHEC/STEC and other reportable pathotypes; do not add to D115.,,provisional; raw; revised,True,series_registry,single_series,parity,,SER_NO_FHI_304_MONTHLY,1,The public curve is read directly from one registered source series.,fhi_msis,Norway FHI MSIS Statistics Bank,https://allvis.fhi.no/msis,official_json_api,fhi_msis,Norway FHI MSIS Statistics Bank,https://allvis.fhi.no/msis,official_json_api
disease,D241,"escherichia-coli-enteritis,-all-reported-pathotypes","Escherichia coli enteritis, all reported pathotypes",public_projection,NO,Norway,D241,"Escherichia coli enteritis, all reported pathotypes",大肠埃希菌肠炎（所有报告型别）,Bacterial,2003-05-01,2003-05,2,2,,,0.04381478700865277,wpp_computed,,SER_NO_FHI_304_MONTHLY,,,,,,monthly,,,,,,,,,,,,,,series_registry,single_series,parity,,SER_NO_FHI_304_MONTHLY,1,The public curve is read directly from one registered source series.,fhi_msis,Norway FHI MSIS Statistics Bank,https://allvis.fhi.no/msis,official_json_api,fhi_msis,Norway FHI MSIS Statistics Bank,https://allvis.fhi.no/msis,official_json_api
disease,D241,"escherichia-coli-enteritis,-all-reported-pathotypes","Escherichia coli enteritis, all reported pathotypes",source_series_observation,NO,Norway,D241,"Escherichia coli enteritis, all reported pathotypes",大肠埃希菌肠炎（所有报告型别）,Bacterial,2003-05-01,2003-05,2,2,,,,,,SER_NO_FHI_304_MONTHLY,SER_NO_FHI_304_MONTHLY,SRC_NO_FHI_MSIS,E. coli-enteritt,case_notifications,national_notifiable_disease_registry,monthly,count,country:NO:national,all,exact,conditional,non_additive,active,missing_is_unknown,NO_FHI_MSIS_diagnosis_monthly,Norway FHI MSIS national monthly diagnosis series; FHI MSIS aggregate includes EHEC/STEC and other reportable pathotypes; do not add to D115.,,provisional; raw; revised,True,series_registry,single_series,parity,,SER_NO_FHI_304_MONTHLY,1,The public curve is read directly from one registered source series.,fhi_msis,Norway FHI MSIS Statistics Bank,https://allvis.fhi.no/msis,official_json_api,fhi_msis,Norway FHI MSIS Statistics Bank,https://allvis.fhi.no/msis,official_json_api
disease,D241,"escherichia-coli-enteritis,-all-reported-pathotypes","Escherichia coli enteritis, all reported pathotypes",public_projection,NO,Norway,D241,"Escherichia coli enteritis, all reported pathotypes",大肠埃希菌肠炎（所有报告型别）,Bacterial,2003-06-01,2003-06,5,5,,,0.1095369675216319,wpp_computed,,SER_NO_FHI_304_MONTHLY,,,,,,monthly,,,,,,,,,,,,,,series_registry,single_series,parity,,SER_NO_FHI_304_MONTHLY,1,The public curve is read directly from one registered source series.,fhi_msis,Norway FHI MSIS Statistics Bank,https://allvis.fhi.no/msis,official_json_api,fhi_msis,Norway FHI MSIS Statistics Bank,https://allvis.fhi.no/msis,official_json_api
disease,D241,"escherichia-coli-enteritis,-all-reported-pathotypes","Escherichia coli enteritis, all reported pathotypes",source_series_observation,NO,Norway,D241,"Escherichia coli enteritis, all reported pathotypes",大肠埃希菌肠炎（所有报告型别）,Bacterial,2003-06-01,2003-06,5,5,,,,,,SER_NO_FHI_304_MONTHLY,SER_NO_FHI_304_MONTHLY,SRC_NO_FHI_MSIS,E. coli-enteritt,case_notifications,national_notifiable_disease_registry,monthly,count,country:NO:national,all,exact,conditional,non_additive,active,missing_is_unknown,NO_FHI_MSIS_diagnosis_monthly,Norway FHI MSIS national monthly diagnosis series; FHI MSIS aggregate includes EHEC/STEC and other reportable pathotypes; do not add to D115.,,provisional; raw; revised,True,series_registry,single_series,parity,,SER_NO_FHI_304_MONTHLY,1,The public curve is read directly from one registered source series.,fhi_msis,Norway FHI MSIS Statistics Bank,https://allvis.fhi.no/msis,official_json_api,fhi_msis,Norway FHI MSIS Statistics Bank,https://allvis.fhi.no/msis,official_json_api
disease,D241,"escherichia-coli-enteritis,-all-reported-pathotypes","Escherichia coli enteritis, all reported pathotypes",public_projection,NO,Norway,D241,"Escherichia coli enteritis, all reported pathotypes",大肠埃希菌肠炎（所有报告型别）,Bacterial,2003-07-01,2003-07,4,4,,,0.08762957401730553,wpp_computed,,SER_NO_FHI_304_MONTHLY,,,,,,monthly,,,,,,,,,,,,,,series_registry,single_series,parity,,SER_NO_FHI_304_MONTHLY,1,The public curve is read directly from one registered source series.,fhi_msis,Norway FHI MSIS Statistics Bank,https://allvis.fhi.no/msis,official_json_api,fhi_msis,Norway FHI MSIS Statistics Bank,https://allvis.fhi.no/msis,official_json_api
disease,D241,"escherichia-coli-enteritis,-all-reported-pathotypes","Escherichia coli enteritis, all reported pathotypes",source_series_observation,NO,Norway,D241,"Escherichia coli enteritis, all reported pathotypes",大肠埃希菌肠炎（所有报告型别）,Bacterial,2003-07-01,2003-07,4,4,,,,,,SER_NO_FHI_304_MONTHLY,SER_NO_FHI_304_MONTHLY,SRC_NO_FHI_MSIS,E. coli-enteritt,case_notifications,national_notifiable_disease_registry,monthly,count,country:NO:national,all,exact,conditional,non_additive,active,missing_is_unknown,NO_FHI_MSIS_diagnosis_monthly,Norway FHI MSIS national monthly diagnosis series; FHI MSIS aggregate includes EHEC/STEC and other reportable pathotypes; do not add to D115.,,provisional; raw; revised,True,series_registry,single_series,parity,,SER_NO_FHI_304_MONTHLY,1,The public curve is read directly from one registered source series.,fhi_msis,Norway FHI MSIS Statistics Bank,https://allvis.fhi.no/msis,official_json_api,fhi_msis,Norway FHI MSIS Statistics Bank,https://allvis.fhi.no/msis,official_json_api
disease,D241,"escherichia-coli-enteritis,-all-reported-pathotypes","Escherichia coli enteritis, all reported pathotypes",public_projection,NO,Norway,D241,"Escherichia coli enteritis, all reported pathotypes",大肠埃希菌肠炎（所有报告型别）,Bacterial,2003-08-01,2003-08,7,7,,,0.15335175453028468,wpp_computed,,SER_NO_FHI_304_MONTHLY,,,,,,monthly,,,,,,,,,,,,,,series_registry,single_series,parity,,SER_NO_FHI_304_MONTHLY,1,The public curve is read directly from one registered source series.,fhi_msis,Norway FHI MSIS Statistics Bank,https://allvis.fhi.no/msis,official_json_api,fhi_msis,Norway FHI MSIS Statistics Bank,https://allvis.fhi.no/msis,official_json_api
disease,D241,"escherichia-coli-enteritis,-all-reported-pathotypes","Escherichia coli enteritis, all reported pathotypes",source_series_observation,NO,Norway,D241,"Escherichia coli enteritis, all reported pathotypes",大肠埃希菌肠炎（所有报告型别）,Bacterial,2003-08-01,2003-08,7,7,,,,,,SER_NO_FHI_304_MONTHLY,SER_NO_FHI_304_MONTHLY,SRC_NO_FHI_MSIS,E. coli-enteritt,case_notifications,national_notifiable_disease_registry,monthly,count,country:NO:national,all,exact,conditional,non_additive,active,missing_is_unknown,NO_FHI_MSIS_diagnosis_monthly,Norway FHI MSIS national monthly diagnosis series; FHI MSIS aggregate includes EHEC/STEC and other reportable pathotypes; do not add to D115.,,provisional; raw; revised,True,series_registry,single_series,parity,,SER_NO_FHI_304_MONTHLY,1,The public curve is read directly from one registered source series.,fhi_msis,Norway FHI MSIS Statistics Bank,https://allvis.fhi.no/msis,official_json_api,fhi_msis,Norway FHI MSIS Statistics Bank,https://allvis.fhi.no/msis,official_json_api
disease,D241,"escherichia-coli-enteritis,-all-reported-pathotypes","Escherichia coli enteritis, all reported pathotypes",public_projection,NO,Norway,D241,"Escherichia coli enteritis, all reported pathotypes",大肠埃希菌肠炎（所有报告型别）,Bacterial,2003-09-01,2003-09,8,8,,,0.17525914803461107,wpp_computed,,SER_NO_FHI_304_MONTHLY,,,,,,monthly,,,,,,,,,,,,,,series_registry,single_series,parity,,SER_NO_FHI_304_MONTHLY,1,The public curve is read directly from one registered source series.,fhi_msis,Norway FHI MSIS Statistics Bank,https://allvis.fhi.no/msis,official_json_api,fhi_msis,Norway FHI MSIS Statistics Bank,https://allvis.fhi.no/msis,official_json_api
disease,D241,"escherichia-coli-enteritis,-all-reported-pathotypes","Escherichia coli enteritis, all reported pathotypes",source_series_observation,NO,Norway,D241,"Escherichia coli enteritis, all reported pathotypes",大肠埃希菌肠炎（所有报告型别）,Bacterial,2003-09-01,2003-09,8,8,,,,,,SER_NO_FHI_304_MONTHLY,SER_NO_FHI_304_MONTHLY,SRC_NO_FHI_MSIS,E. coli-enteritt,case_notifications,national_notifiable_disease_registry,monthly,count,country:NO:national,all,exact,conditional,non_additive,active,missing_is_unknown,NO_FHI_MSIS_diagnosis_monthly,Norway FHI MSIS national monthly diagnosis series; FHI MSIS aggregate includes EHEC/STEC and other reportable pathotypes; do not add to D115.,,provisional; raw; revised,True,series_registry,single_series,parity,,SER_NO_FHI_304_MONTHLY,1,The public curve is read directly from one registered source series.,fhi_msis,Norway FHI MSIS Statistics Bank,https://allvis.fhi.no/msis,official_json_api,fhi_msis,Norway FHI MSIS Statistics Bank,https://allvis.fhi.no/msis,official_json_api
disease,D241,"escherichia-coli-enteritis,-all-reported-pathotypes","Escherichia coli enteritis, all reported pathotypes",public_projection,NO,Norway,D241,"Escherichia coli enteritis, all reported pathotypes",大肠埃希菌肠炎（所有报告型别）,Bacterial,2003-10-01,2003-10,1,1,,,0.021907393504326383,wpp_computed,,SER_NO_FHI_304_MONTHLY,,,,,,monthly,,,,,,,,,,,,,,series_registry,single_series,parity,,SER_NO_FHI_304_MONTHLY,1,The public curve is read directly from one registered source series.,fhi_msis,Norway FHI MSIS Statistics Bank,https://allvis.fhi.no/msis,official_json_api,fhi_msis,Norway FHI MSIS Statistics Bank,https://allvis.fhi.no/msis,official_json_api
disease,D241,"escherichia-coli-enteritis,-all-reported-pathotypes","Escherichia coli enteritis, all reported pathotypes",source_series_observation,NO,Norway,D241,"Escherichia coli enteritis, all reported pathotypes",大肠埃希菌肠炎（所有报告型别）,Bacterial,2003-10-01,2003-10,1,1,,,,,,SER_NO_FHI_304_MONTHLY,SER_NO_FHI_304_MONTHLY,SRC_NO_FHI_MSIS,E. coli-enteritt,case_notifications,national_notifiable_disease_registry,monthly,count,country:NO:national,all,exact,conditional,non_additive,active,missing_is_unknown,NO_FHI_MSIS_diagnosis_monthly,Norway FHI MSIS national monthly diagnosis series; FHI MSIS aggregate includes EHEC/STEC and other reportable pathotypes; do not add to D115.,,provisional; raw; revised,True,series_registry,single_series,parity,,SER_NO_FHI_304_MONTHLY,1,The public curve is read directly from one registered source series.,fhi_msis,Norway FHI MSIS Statistics Bank,https://allvis.fhi.no/msis,official_json_api,fhi_msis,Norway FHI MSIS Statistics Bank,https://allvis.fhi.no/msis,official_json_api
disease,D241,"escherichia-coli-enteritis,-all-reported-pathotypes","Escherichia coli enteritis, all reported pathotypes",public_projection,NO,Norway,D241,"Escherichia coli enteritis, all reported pathotypes",大肠埃希菌肠炎（所有报告型别）,Bacterial,2003-11-01,2003-11,4,4,,,0.08762957401730553,wpp_computed,,SER_NO_FHI_304_MONTHLY,,,,,,monthly,,,,,,,,,,,,,,series_registry,single_series,parity,,SER_NO_FHI_304_MONTHLY,1,The public curve is read directly from one registered source series.,fhi_msis,Norway FHI MSIS Statistics Bank,https://allvis.fhi.no/msis,official_json_api,fhi_msis,Norway FHI MSIS Statistics Bank,https://allvis.fhi.no/msis,official_json_api
disease,D241,"escherichia-coli-enteritis,-all-reported-pathotypes","Escherichia coli enteritis, all reported pathotypes",source_series_observation,NO,Norway,D241,"Escherichia coli enteritis, all reported pathotypes",大肠埃希菌肠炎（所有报告型别）,Bacterial,2003-11-01,2003-11,4,4,,,,,,SER_NO_FHI_304_MONTHLY,SER_NO_FHI_304_MONTHLY,SRC_NO_FHI_MSIS,E. coli-enteritt,case_notifications,national_notifiable_disease_registry,monthly,count,country:NO:national,all,exact,conditional,non_additive,active,missing_is_unknown,NO_FHI_MSIS_diagnosis_monthly,Norway FHI MSIS national monthly diagnosis series; FHI MSIS aggregate includes EHEC/STEC and other reportable pathotypes; do not add to D115.,,provisional; raw; revised,True,series_registry,single_series,parity,,SER_NO_FHI_304_MONTHLY,1,The public curve is read directly from one registered source series.,fhi_msis,Norway FHI MSIS Statistics Bank,https://allvis.fhi.no/msis,official_json_api,fhi_msis,Norway FHI MSIS Statistics Bank,https://allvis.fhi.no/msis,official_json_api
disease,D241,"escherichia-coli-enteritis,-all-reported-pathotypes","Escherichia coli enteritis, all reported pathotypes",public_projection,NO,Norway,D241,"Escherichia coli enteritis, all reported pathotypes",大肠埃希菌肠炎（所有报告型别）,Bacterial,2003-12-01,2003-12,4,4,,,0.08762957401730553,wpp_computed,,SER_NO_FHI_304_MONTHLY,,,,,,monthly,,,,,,,,,,,,,,series_registry,single_series,parity,,SER_NO_FHI_304_MONTHLY,1,The public curve is read directly from one registered source series.,fhi_msis,Norway FHI MSIS Statistics Bank,https://allvis.fhi.no/msis,official_json_api,fhi_msis,Norway FHI MSIS Statistics Bank,https://allvis.fhi.no/msis,official_json_api
disease,D241,"escherichia-coli-enteritis,-all-reported-pathotypes","Escherichia coli enteritis, all reported pathotypes",source_series_observation,NO,Norway,D241,"Escherichia coli enteritis, all reported pathotypes",大肠埃希菌肠炎（所有报告型别）,Bacterial,2003-12-01,2003-12,4,4,,,,,,SER_NO_FHI_304_MONTHLY,SER_NO_FHI_304_MONTHLY,SRC_NO_FHI_MSIS,E. coli-enteritt,case_notifications,national_notifiable_disease_registry,monthly,count,country:NO:national,all,exact,conditional,non_additive,active,missing_is_unknown,NO_FHI_MSIS_diagnosis_monthly,Norway FHI MSIS national monthly diagnosis series; FHI MSIS aggregate includes EHEC/STEC and other reportable pathotypes; do not add to D115.,,provisional; raw; revised,True,series_registry,single_series,parity,,SER_NO_FHI_304_MONTHLY,1,The public curve is read directly from one registered source series.,fhi_msis,Norway FHI MSIS Statistics Bank,https://allvis.fhi.no/msis,official_json_api,fhi_msis,Norway FHI MSIS Statistics Bank,https://allvis.fhi.no/msis,official_json_api
disease,D241,"escherichia-coli-enteritis,-all-reported-pathotypes","Escherichia coli enteritis, all reported pathotypes",public_projection,NO,Norway,D241,"Escherichia coli enteritis, all reported pathotypes",大肠埃希菌肠炎（所有报告型别）,Bacterial,2004-01-01,2004-01,4,4,,,0.08711289886137998,wpp_computed,,SER_NO_FHI_304_MONTHLY,,,,,,monthly,,,,,,,,,,,,,,series_registry,single_series,parity,,SER_NO_FHI_304_MONTHLY,1,The public curve is read directly from one registered source series.,fhi_msis,Norway FHI MSIS Statistics Bank,https://allvis.fhi.no/msis,official_json_api,fhi_msis,Norway FHI MSIS Statistics Bank,https://allvis.fhi.no/msis,official_json_api
disease,D241,"escherichia-coli-enteritis,-all-reported-pathotypes","Escherichia coli enteritis, all reported pathotypes",source_series_observation,NO,Norway,D241,"Escherichia coli enteritis, all reported pathotypes",大肠埃希菌肠炎（所有报告型别）,Bacterial,2004-01-01,2004-01,4,4,,,,,,SER_NO_FHI_304_MONTHLY,SER_NO_FHI_304_MONTHLY,SRC_NO_FHI_MSIS,E. coli-enteritt,case_notifications,national_notifiable_disease_registry,monthly,count,country:NO:national,all,exact,conditional,non_additive,active,missing_is_unknown,NO_FHI_MSIS_diagnosis_monthly,Norway FHI MSIS national monthly diagnosis series; FHI MSIS aggregate includes EHEC/STEC and other reportable pathotypes; do not add to D115.,,provisional; raw; revised,True,series_registry,single_series,parity,,SER_NO_FHI_304_MONTHLY,1,The public curve is read directly from one registered source series.,fhi_msis,Norway FHI MSIS Statistics Bank,https://allvis.fhi.no/msis,official_json_api,fhi_msis,Norway FHI MSIS Statistics Bank,https://allvis.fhi.no/msis,official_json_api
disease,D241,"escherichia-coli-enteritis,-all-reported-pathotypes","Escherichia coli enteritis, all reported pathotypes",public_projection,NO,Norway,D241,"Escherichia coli enteritis, all reported pathotypes",大肠埃希菌肠炎（所有报告型别）,Bacterial,2004-02-01,2004-02,2,2,,,0.04355644943068999,wpp_computed,,SER_NO_FHI_304_MONTHLY,,,,,,monthly,,,,,,,,,,,,,,series_registry,single_series,parity,,SER_NO_FHI_304_MONTHLY,1,The public curve is read directly from one registered source series.,fhi_msis,Norway FHI MSIS Statistics Bank,https://allvis.fhi.no/msis,official_json_api,fhi_msis,Norway FHI MSIS Statistics Bank,https://allvis.fhi.no/msis,official_json_api
disease,D241,"escherichia-coli-enteritis,-all-reported-pathotypes","Escherichia coli enteritis, all reported pathotypes",source_series_observation,NO,Norway,D241,"Escherichia coli enteritis, all reported pathotypes",大肠埃希菌肠炎（所有报告型别）,Bacterial,2004-02-01,2004-02,2,2,,,,,,SER_NO_FHI_304_MONTHLY,SER_NO_FHI_304_MONTHLY,SRC_NO_FHI_MSIS,E. coli-enteritt,case_notifications,national_notifiable_disease_registry,monthly,count,country:NO:national,all,exact,conditional,non_additive,active,missing_is_unknown,NO_FHI_MSIS_diagnosis_monthly,Norway FHI MSIS national monthly diagnosis series; FHI MSIS aggregate includes EHEC/STEC and other reportable pathotypes; do not add to D115.,,provisional; raw; revised,True,series_registry,single_series,parity,,SER_NO_FHI_304_MONTHLY,1,The public curve is read directly from one registered source series.,fhi_msis,Norway FHI MSIS Statistics Bank,https://allvis.fhi.no/msis,official_json_api,fhi_msis,Norway FHI MSIS Statistics Bank,https://allvis.fhi.no/msis,official_json_api
disease,D241,"escherichia-coli-enteritis,-all-reported-pathotypes","Escherichia coli enteritis, all reported pathotypes",public_projection,NO,Norway,D241,"Escherichia coli enteritis, all reported pathotypes",大肠埃希菌肠炎（所有报告型别）,Bacterial,2004-03-01,2004-03,3,3,,,0.06533467414603497,wpp_computed,,SER_NO_FHI_304_MONTHLY,,,,,,monthly,,,,,,,,,,,,,,series_registry,single_series,parity,,SER_NO_FHI_304_MONTHLY,1,The public curve is read directly from one registered source series.,fhi_msis,Norway FHI MSIS Statistics Bank,https://allvis.fhi.no/msis,official_json_api,fhi_msis,Norway FHI MSIS Statistics Bank,https://allvis.fhi.no/msis,official_json_api
disease,D241,"escherichia-coli-enteritis,-all-reported-pathotypes","Escherichia coli enteritis, all reported pathotypes",source_series_observation,NO,Norway,D241,"Escherichia coli enteritis, all reported pathotypes",大肠埃希菌肠炎（所有报告型别）,Bacterial,2004-03-01,2004-03,3,3,,,,,,SER_NO_FHI_304_MONTHLY,SER_NO_FHI_304_MONTHLY,SRC_NO_FHI_MSIS,E. coli-enteritt,case_notifications,national_notifiable_disease_registry,monthly,count,country:NO:national,all,exact,conditional,non_additive,active,missing_is_unknown,NO_FHI_MSIS_diagnosis_monthly,Norway FHI MSIS national monthly diagnosis series; FHI MSIS aggregate includes EHEC/STEC and other reportable pathotypes; do not add to D115.,,provisional; raw; revised,True,series_registry,single_series,parity,,SER_NO_FHI_304_MONTHLY,1,The public curve is read directly from one registered source series.,fhi_msis,Norway FHI MSIS Statistics Bank,https://allvis.fhi.no/msis,official_json_api,fhi_msis,Norway FHI MSIS Statistics Bank,https://allvis.fhi.no/msis,official_json_api
disease,D241,"escherichia-coli-enteritis,-all-reported-pathotypes","Escherichia coli enteritis, all reported pathotypes",public_projection,NO,Norway,D241,"Escherichia coli enteritis, all reported pathotypes",大肠埃希菌肠炎（所有报告型别）,Bacterial,2004-04-01,2004-04,4,4,,,0.08711289886137998,wpp_computed,,SER_NO_FHI_304_MONTHLY,,,,,,monthly,,,,,,,,,,,,,,series_registry,single_series,parity,,SER_NO_FHI_304_MONTHLY,1,The public curve is read directly from one registered source series.,fhi_msis,Norway FHI MSIS Statistics Bank,https://allvis.fhi.no/msis,official_json_api,fhi_msis,Norway FHI MSIS Statistics Bank,https://allvis.fhi.no/msis,official_json_api
disease,D241,"escherichia-coli-enteritis,-all-reported-pathotypes","Escherichia coli enteritis, all reported pathotypes",source_series_observation,NO,Norway,D241,"Escherichia coli enteritis, all reported pathotypes",大肠埃希菌肠炎（所有报告型别）,Bacterial,2004-04-01,2004-04,4,4,,,,,,SER_NO_FHI_304_MONTHLY,SER_NO_FHI_304_MONTHLY,SRC_NO_FHI_MSIS,E. coli-enteritt,case_notifications,national_notifiable_disease_registry,monthly,count,country:NO:national,all,exact,conditional,non_additive,active,missing_is_unknown,NO_FHI_MSIS_diagnosis_monthly,Norway FHI MSIS national monthly diagnosis series; FHI MSIS aggregate includes EHEC/STEC and other reportable pathotypes; do not add to D115.,,provisional; raw; revised,True,series_registry,single_series,parity,,SER_NO_FHI_304_MONTHLY,1,The public curve is read directly from one registered source series.,fhi_msis,Norway FHI MSIS Statistics Bank,https://allvis.fhi.no/msis,official_json_api,fhi_msis,Norway FHI MSIS Statistics Bank,https://allvis.fhi.no/msis,official_json_api
disease,D241,"escherichia-coli-enteritis,-all-reported-pathotypes","Escherichia coli enteritis, all reported pathotypes",public_projection,NO,Norway,D241,"Escherichia coli enteritis, all reported pathotypes",大肠埃希菌肠炎（所有报告型别）,Bacterial,2004-05-01,2004-05,2,2,,,0.04355644943068999,wpp_computed,,SER_NO_FHI_304_MONTHLY,,,,,,monthly,,,,,,,,,,,,,,series_registry,single_series,parity,,SER_NO_FHI_304_MONTHLY,1,The public curve is read directly from one registered source series.,fhi_msis,Norway FHI MSIS Statistics Bank,https://allvis.fhi.no/msis,official_json_api,fhi_msis,Norway FHI MSIS Statistics Bank,https://allvis.fhi.no/msis,official_json_api
disease,D241,"escherichia-coli-enteritis,-all-reported-pathotypes","Escherichia coli enteritis, all reported pathotypes",source_series_observation,NO,Norway,D241,"Escherichia coli enteritis, all reported pathotypes",大肠埃希菌肠炎（所有报告型别）,Bacterial,2004-05-01,2004-05,2,2,,,,,,SER_NO_FHI_304_MONTHLY,SER_NO_FHI_304_MONTHLY,SRC_NO_FHI_MSIS,E. coli-enteritt,case_notifications,national_notifiable_disease_registry,monthly,count,country:NO:national,all,exact,conditional,non_additive,active,missing_is_unknown,NO_FHI_MSIS_diagnosis_monthly,Norway FHI MSIS national monthly diagnosis series; FHI MSIS aggregate includes EHEC/STEC and other reportable pathotypes; do not add to D115.,,provisional; raw; revised,True,series_registry,single_series,parity,,SER_NO_FHI_304_MONTHLY,1,The public curve is read directly from one registered source series.,fhi_msis,Norway FHI MSIS Statistics Bank,https://allvis.fhi.no/msis,official_json_api,fhi_msis,Norway FHI MSIS Statistics Bank,https://allvis.fhi.no/msis,official_json_api
disease,D241,"escherichia-coli-enteritis,-all-reported-pathotypes","Escherichia coli enteritis, all reported pathotypes",public_projection,NO,Norway,D241,"Escherichia coli enteritis, all reported pathotypes",大肠埃希菌肠炎（所有报告型别）,Bacterial,2004-06-01,2004-06,4,4,,,0.08711289886137998,wpp_computed,,SER_NO_FHI_304_MONTHLY,,,,,,monthly,,,,,,,,,,,,,,series_registry,single_series,parity,,SER_NO_FHI_304_MONTHLY,1,The public curve is read directly from one registered source series.,fhi_msis,Norway FHI MSIS Statistics Bank,https://allvis.fhi.no/msis,official_json_api,fhi_msis,Norway FHI MSIS Statistics Bank,https://allvis.fhi.no/msis,official_json_api
disease,D241,"escherichia-coli-enteritis,-all-reported-pathotypes","Escherichia coli enteritis, all reported pathotypes",source_series_observation,NO,Norway,D241,"Escherichia coli enteritis, all reported pathotypes",大肠埃希菌肠炎（所有报告型别）,Bacterial,2004-06-01,2004-06,4,4,,,,,,SER_NO_FHI_304_MONTHLY,SER_NO_FHI_304_MONTHLY,SRC_NO_FHI_MSIS,E. coli-enteritt,case_notifications,national_notifiable_disease_registry,monthly,count,country:NO:national,all,exact,conditional,non_additive,active,missing_is_unknown,NO_FHI_MSIS_diagnosis_monthly,Norway FHI MSIS national monthly diagnosis series; FHI MSIS aggregate includes EHEC/STEC and other reportable pathotypes; do not add to D115.,,provisional; raw; revised,True,series_registry,single_series,parity,,SER_NO_FHI_304_MONTHLY,1,The public curve is read directly from one registered source series.,fhi_msis,Norway FHI MSIS Statistics Bank,https://allvis.fhi.no/msis,official_json_api,fhi_msis,Norway FHI MSIS Statistics Bank,https://allvis.fhi.no/msis,official_json_api
disease,D241,"escherichia-coli-enteritis,-all-reported-pathotypes","Escherichia coli enteritis, all reported pathotypes",public_projection,NO,Norway,D241,"Escherichia coli enteritis, all reported pathotypes",大肠埃希菌肠炎（所有报告型别）,Bacterial,2004-07-01,2004-07,7,7,,,0.15244757300741496,wpp_computed,,SER_NO_FHI_304_MONTHLY,,,,,,monthly,,,,,,,,,,,,,,series_registry,single_series,parity,,SER_NO_FHI_304_MONTHLY,1,The public curve is read directly from one registered source series.,fhi_msis,Norway FHI MSIS Statistics Bank,https://allvis.fhi.no/msis,official_json_api,fhi_msis,Norway FHI MSIS Statistics Bank,https://allvis.fhi.no/msis,official_json_api
disease,D241,"escherichia-coli-enteritis,-all-reported-pathotypes","Escherichia coli enteritis, all reported pathotypes",source_series_observation,NO,Norway,D241,"Escherichia coli enteritis, all reported pathotypes",大肠埃希菌肠炎（所有报告型别）,Bacterial,2004-07-01,2004-07,7,7,,,,,,SER_NO_FHI_304_MONTHLY,SER_NO_FHI_304_MONTHLY,SRC_NO_FHI_MSIS,E. coli-enteritt,case_notifications,national_notifiable_disease_registry,monthly,count,country:NO:national,all,exact,conditional,non_additive,active,missing_is_unknown,NO_FHI_MSIS_diagnosis_monthly,Norway FHI MSIS national monthly diagnosis series; FHI MSIS aggregate includes EHEC/STEC and other reportable pathotypes; do not add to D115.,,provisional; raw; revised,True,series_registry,single_series,parity,,SER_NO_FHI_304_MONTHLY,1,The public curve is read directly from one registered source series.,fhi_msis,Norway FHI MSIS Statistics Bank,https://allvis.fhi.no/msis,official_json_api,fhi_msis,Norway FHI MSIS Statistics Bank,https://allvis.fhi.no/msis,official_json_api
disease,D241,"escherichia-coli-enteritis,-all-reported-pathotypes","Escherichia coli enteritis, all reported pathotypes",public_projection,NO,Norway,D241,"Escherichia coli enteritis, all reported pathotypes",大肠埃希菌肠炎（所有报告型别）,Bacterial,2004-08-01,2004-08,7,7,,,0.15244757300741496,wpp_computed,,SER_NO_FHI_304_MONTHLY,,,,,,monthly,,,,,,,,,,,,,,series_registry,single_series,parity,,SER_NO_FHI_304_MONTHLY,1,The public curve is read directly from one registered source series.,fhi_msis,Norway FHI MSIS Statistics Bank,https://allvis.fhi.no/msis,official_json_api,fhi_msis,Norway FHI MSIS Statistics Bank,https://allvis.fhi.no/msis,official_json_api
disease,D241,"escherichia-coli-enteritis,-all-reported-pathotypes","Escherichia coli enteritis, all reported pathotypes",source_series_observation,NO,Norway,D241,"Escherichia coli enteritis, all reported pathotypes",大肠埃希菌肠炎（所有报告型别）,Bacterial,2004-08-01,2004-08,7,7,,,,,,SER_NO_FHI_304_MONTHLY,SER_NO_FHI_304_MONTHLY,SRC_NO_FHI_MSIS,E. coli-enteritt,case_notifications,national_notifiable_disease_registry,monthly,count,country:NO:national,all,exact,conditional,non_additive,active,missing_is_unknown,NO_FHI_MSIS_diagnosis_monthly,Norway FHI MSIS national monthly diagnosis series; FHI MSIS aggregate includes EHEC/STEC and other reportable pathotypes; do not add to D115.,,provisional; raw; revised,True,series_registry,single_series,parity,,SER_NO_FHI_304_MONTHLY,1,The public curve is read directly from one registered source series.,fhi_msis,Norway FHI MSIS Statistics Bank,https://allvis.fhi.no/msis,official_json_api,fhi_msis,Norway FHI MSIS Statistics Bank,https://allvis.fhi.no/msis,official_json_api
disease,D241,"escherichia-coli-enteritis,-all-reported-pathotypes","Escherichia coli enteritis, all reported pathotypes",public_projection,NO,Norway,D241,"Escherichia coli enteritis, all reported pathotypes",大肠埃希菌肠炎（所有报告型别）,Bacterial,2004-09-01,2004-09,5,5,,,0.10889112357672495,wpp_computed,,SER_NO_FHI_304_MONTHLY,,,,,,monthly,,,,,,,,,,,,,,series_registry,single_series,parity,,SER_NO_FHI_304_MONTHLY,1,The public curve is read directly from one registered source series.,fhi_msis,Norway FHI MSIS Statistics Bank,https://allvis.fhi.no/msis,official_json_api,fhi_msis,Norway FHI MSIS Statistics Bank,https://allvis.fhi.no/msis,official_json_api
disease,D241,"escherichia-coli-enteritis,-all-reported-pathotypes","Escherichia coli enteritis, all reported pathotypes",source_series_observation,NO,Norway,D241,"Escherichia coli enteritis, all reported pathotypes",大肠埃希菌肠炎（所有报告型别）,Bacterial,2004-09-01,2004-09,5,5,,,,,,SER_NO_FHI_304_MONTHLY,SER_NO_FHI_304_MONTHLY,SRC_NO_FHI_MSIS,E. coli-enteritt,case_notifications,national_notifiable_disease_registry,monthly,count,country:NO:national,all,exact,conditional,non_additive,active,missing_is_unknown,NO_FHI_MSIS_diagnosis_monthly,Norway FHI MSIS national monthly diagnosis series; FHI MSIS aggregate includes EHEC/STEC and other reportable pathotypes; do not add to D115.,,provisional; raw; revised,True,series_registry,single_series,parity,,SER_NO_FHI_304_MONTHLY,1,The public curve is read directly from one registered source series.,fhi_msis,Norway FHI MSIS Statistics Bank,https://allvis.fhi.no/msis,official_json_api,fhi_msis,Norway FHI MSIS Statistics Bank,https://allvis.fhi.no/msis,official_json_api
disease,D241,"escherichia-coli-enteritis,-all-reported-pathotypes","Escherichia coli enteritis, all reported pathotypes",public_projection,NO,Norway,D241,"Escherichia coli enteritis, all reported pathotypes",大肠埃希菌肠炎（所有报告型别）,Bacterial,2004-10-01,2004-10,4,4,,,0.08711289886137998,wpp_computed,,SER_NO_FHI_304_MONTHLY,,,,,,monthly,,,,,,,,,,,,,,series_registry,single_series,parity,,SER_NO_FHI_304_MONTHLY,1,The public curve is read directly from one registered source series.,fhi_msis,Norway FHI MSIS Statistics Bank,https://allvis.fhi.no/msis,official_json_api,fhi_msis,Norway FHI MSIS Statistics Bank,https://allvis.fhi.no/msis,official_json_api
disease,D241,"escherichia-coli-enteritis,-all-reported-pathotypes","Escherichia coli enteritis, all reported pathotypes",source_series_observation,NO,Norway,D241,"Escherichia coli enteritis, all reported pathotypes",大肠埃希菌肠炎（所有报告型别）,Bacterial,2004-10-01,2004-10,4,4,,,,,,SER_NO_FHI_304_MONTHLY,SER_NO_FHI_304_MONTHLY,SRC_NO_FHI_MSIS,E. coli-enteritt,case_notifications,national_notifiable_disease_registry,monthly,count,country:NO:national,all,exact,conditional,non_additive,active,missing_is_unknown,NO_FHI_MSIS_diagnosis_monthly,Norway FHI MSIS national monthly diagnosis series; FHI MSIS aggregate includes EHEC/STEC and other reportable pathotypes; do not add to D115.,,provisional; raw; revised,True,series_registry,single_series,parity,,SER_NO_FHI_304_MONTHLY,1,The public curve is read directly from one registered source series.,fhi_msis,Norway FHI MSIS Statistics Bank,https://allvis.fhi.no/msis,official_json_api,fhi_msis,Norway FHI MSIS Statistics Bank,https://allvis.fhi.no/msis,official_json_api
disease,D241,"escherichia-coli-enteritis,-all-reported-pathotypes","Escherichia coli enteritis, all reported pathotypes",public_projection,NO,Norway,D241,"Escherichia coli enteritis, all reported pathotypes",大肠埃希菌肠炎（所有报告型别）,Bacterial,2004-11-01,2004-11,3,3,,,0.06533467414603497,wpp_computed,,SER_NO_FHI_304_MONTHLY,,,,,,monthly,,,,,,,,,,,,,,series_registry,single_series,parity,,SER_NO_FHI_304_MONTHLY,1,The public curve is read directly from one registered source series.,fhi_msis,Norway FHI MSIS Statistics Bank,https://allvis.fhi.no/msis,official_json_api,fhi_msis,Norway FHI MSIS Statistics Bank,https://allvis.fhi.no/msis,official_json_api
disease,D241,"escherichia-coli-enteritis,-all-reported-pathotypes","Escherichia coli enteritis, all reported pathotypes",source_series_observation,NO,Norway,D241,"Escherichia coli enteritis, all reported pathotypes",大肠埃希菌肠炎（所有报告型别）,Bacterial,2004-11-01,2004-11,3,3,,,,,,SER_NO_FHI_304_MONTHLY,SER_NO_FHI_304_MONTHLY,SRC_NO_FHI_MSIS,E. coli-enteritt,case_notifications,national_notifiable_disease_registry,monthly,count,country:NO:national,all,exact,conditional,non_additive,active,missing_is_unknown,NO_FHI_MSIS_diagnosis_monthly,Norway FHI MSIS national monthly diagnosis series; FHI MSIS aggregate includes EHEC/STEC and other reportable pathotypes; do not add to D115.,,provisional; raw; revised,True,series_registry,single_series,parity,,SER_NO_FHI_304_MONTHLY,1,The public curve is read directly from one registered source series.,fhi_msis,Norway FHI MSIS Statistics Bank,https://allvis.fhi.no/msis,official_json_api,fhi_msis,Norway FHI MSIS Statistics Bank,https://allvis.fhi.no/msis,official_json_api
disease,D241,"escherichia-coli-enteritis,-all-reported-pathotypes","Escherichia coli enteritis, all reported pathotypes",public_projection,NO,Norway,D241,"Escherichia coli enteritis, all reported pathotypes",大肠埃希菌肠炎（所有报告型别）,Bacterial,2004-12-01,2004-12,1,1,,,0.021778224715344994,wpp_computed,,SER_NO_FHI_304_MONTHLY,,,,,,monthly,,,,,,,,,,,,,,series_registry,single_series,parity,,SER_NO_FHI_304_MONTHLY,1,The public curve is read directly from one registered source series.,fhi_msis,Norway FHI MSIS Statistics Bank,https://allvis.fhi.no/msis,official_json_api,fhi_msis,Norway FHI MSIS Statistics Bank,https://allvis.fhi.no/msis,official_json_api
disease,D241,"escherichia-coli-enteritis,-all-reported-pathotypes","Escherichia coli enteritis, all reported pathotypes",source_series_observation,NO,Norway,D241,"Escherichia coli enteritis, all reported pathotypes",大肠埃希菌肠炎（所有报告型别）,Bacterial,2004-12-01,2004-12,1,1,,,,,,SER_NO_FHI_304_MONTHLY,SER_NO_FHI_304_MONTHLY,SRC_NO_FHI_MSIS,E. coli-enteritt,case_notifications,national_notifiable_disease_registry,monthly,count,country:NO:national,all,exact,conditional,non_additive,active,missing_is_unknown,NO_FHI_MSIS_diagnosis_monthly,Norway FHI MSIS national monthly diagnosis series; FHI MSIS aggregate includes EHEC/STEC and other reportable pathotypes; do not add to D115.,,provisional; raw; revised,True,series_registry,single_series,parity,,SER_NO_FHI_304_MONTHLY,1,The public curve is read directly from one registered source series.,fhi_msis,Norway FHI MSIS Statistics Bank,https://allvis.fhi.no/msis,official_json_api,fhi_msis,Norway FHI MSIS Statistics Bank,https://allvis.fhi.no/msis,official_json_api
